,AGO,ALB,ARE,ARG,ARM,AUS,AUT,AZE,BEL,BEN,BFA,BGD,BGR,BHR,BHS,BIH,BLR,BLZ,BOL,BRA,BRN,BTN,BWA,CAF,CAN,CHE,CHL,CHN,CIV,CMR,COD,COG,COL,COM,CPV,CRI,CYP,CZE,DEU,DJI,DNK,DOM,DZA,ECU,EGY,ESP,EST,ETH,FIN,FJI,FRA,GAB,GBR,GEO,GHA,GIN,GMB,GNB,GNQ,GRC,GTM,HND,HRV,HTI,HUN,IDN,IND,IRL,IRN,IRQ,ISL,ISR,ITA,JPN,KAZ,KEN,KGZ,KHM,KOR,KWT,LBN,LBY,LKA,LSO,LTU,LUX,LVA,MAR,MDA,MDG,MDV,MEX,MKD,MLI,MLT,MNE,MNG,MOZ,MRT,MUS,MWI,MYS,NAM,NER,NIC,NLD,NOR,NPL,NZL,OMN,PAK,PAN,PER,PHL,POL,PRT,PRY,PSE,QAT,ROU,RUS,RWA,SAU,SEN,SGP,SLB,SLE,SLV,SRB,STP,SVK,SVN,SWE,SWZ,SYR,TCD,TGO,THA,TJK,TLS,TON,TUN,TUR,TZA,UGA,UKR,URY,USA,UZB,VNM,ZAF,ZMB,ZWE
AGO,1.0,-0.4448703197028743,-0.3251388809917666,0.020212469380289644,-0.2775193345492073,-0.5364332474055882,-0.7809461657207484,-0.4411703277521348,-0.7404973771293488,0.6703553928113192,0.7813958818544295,0.3304029172091332,-0.7562996329565785,-0.6531016369188047,-0.6566286845963376,-0.645536622111851,-0.5894891675569642,-0.32785859890102165,0.30168639064171465,-0.13564519577645529,-0.44478268224294126,-0.13981531201052588,0.30165370088433263,0.8120628571143846,-0.39901844470585157,-0.7228310683506773,-0.47889488314382045,-0.38538577334038604,0.7107710945649126,0.8106510297264484,0.838217058546475,0.7533627876182483,0.0528000221051228,0.49707060526124525,-0.23442859119869253,-0.6581934596586954,-0.7610189649052868,-0.8118851960336098,-0.6960380509159321,0.18044071602801903,-0.7455398424788067,-0.19471360272874638,0.4024947585371478,-0.27350527053771057,0.37432452606935307,-0.5774273002332682,-0.7807364305089579,0.7223191579293249,-0.7216360853574506,0.041859386661818876,-0.6340874053954377,0.5676428837338924,-0.6222646871163628,-0.1631369253067967,0.5953940543440954,0.7959657767396009,0.7136760967162256,0.6586361350689324,0.6105030340800432,-0.7206725124593323,0.3594223590462313,0.5924506704431883,-0.8035993778045278,0.641898160137825,-0.7642308391833446,0.125558237158943,0.19881261674155704,-0.6252798695552007,0.0010939254941013665,0.35898508450204103,-0.6807370742403105,-0.47210890787146575,-0.7314810714328395,-0.6660353637337935,-0.2597679090308973,0.6477263945009659,-0.09587674313708838,0.08603071059759582,-0.7533304214117633,-0.5444123350383188,-0.09837275206870277,0.24355956929208888,-0.2474671894745224,0.5472681886864801,-0.7806825879975317,-0.6303303639477844,-0.7763432593489759,0.06465815611008052,-0.5653797723597229,0.7537112403261531,-0.651612706929444,-0.34604364669114007,-0.6086159952067378,0.781769660171229,-0.5605859863607681,-0.6067413685786796,-0.046085647852656786,0.8159384102861474,0.8741932174844002,-0.6340361255119285,0.7450737206484696,-0.5064928790985224,0.6998588223320503,0.6788358600633688,0.3881789106606648,-0.6791010048638741,-0.6800606999079042,0.2489226168392802,-0.5581120994708559,-0.13365619990101085,0.6641311876573255,-0.4027279027392827,0.09920875039433041,0.06838567114521255,-0.7989126966592426,-0.7388706131169069,0.17059157039264639,0.17606890857840107,-0.159177076680882,-0.7086809052983702,-0.4734686267531689,0.7829732688845487,-0.06323134963887012,0.41781565657490183,-0.6227833367457736,0.46165846924858545,0.7293068367991765,-0.39517483756699856,-0.7110633562626854,0.18076648454032895,-0.7825091815457743,-0.8041554330643377,-0.6640448094964853,0.43249171169239575,0.6036204474769026,0.7548319688423603,0.6759323394689539,-0.6110048241705566,0.4203075895001236,0.005770513866742322,-0.22574280935354718,-0.14696903082532264,-0.13716940522498833,0.7107367782280359,0.7417538351187165,-0.3540395444895741,-0.5278638915689999,-0.47623685936352356,0.2842709787052151,-0.16511204462103568,0.24951677500328207,0.774631434336223,0.7147190162451074
ALB,-0.4448703197028743,1.0,-0.3788561089534681,0.13093042567940916,0.25632844474280825,-0.12359642196937526,0.22713150097974477,0.4779786718338561,0.1630731292547829,-0.37619474383995777,-0.4173737467386549,-0.03780899690493711,0.4466557443571021,0.09969673750865571,0.30680554461978915,0.7591383435977328,0.5631397598173689,0.390694875744245,-0.36341369206737606,0.23177325952625516,0.1987126990332293,0.373940570152026,-0.29103851792213975,-0.44132367680484563,-0.25727253724381827,0.11836488888801011,0.47464538692275693,0.2721922016757561,-0.4410215827060948,-0.463290403584405,-0.5497927958529765,-0.27766361644022153,0.23156597469511597,-0.11829403782485648,0.3931167364438498,0.5181456716323306,0.22457124020783092,0.2561065595585955,0.12466239403466128,0.02927549159395393,0.316175203239199,0.3452344758150191,0.07430733639851583,0.10081872632219424,-0.031743945796342654,0.28574266370471935,0.40456680196568495,-0.2810249403874572,0.3283140337644579,0.32484623439918825,0.2371141840615396,-0.04158124529805374,-0.009266194146658968,0.13277915385051042,-0.15718088356766025,-0.30096888874187866,-0.24324960452831523,-0.2432873999086811,-0.510075453936544,0.5183558308172986,-0.25666171202677535,-0.29441225207779165,0.5076458460551593,-0.1452637773855192,0.4625606868104364,0.10605146491799966,0.08404881645402851,0.11099337723222558,0.19526682672650675,-0.3009377968735012,0.28620622965986764,-0.1255802452920607,0.39985312834752507,0.18665715987629894,0.01704236532884118,-0.26703777701946807,0.24376237528290878,0.0430552102174625,0.3069273441531526,-0.004431206367463636,0.10755738031777706,0.024950964046498103,0.5371908003852001,-0.17340682047128908,0.41942526240686706,0.0526078999044568,0.6143772407664079,0.36921584609169766,0.5839257792610104,-0.4336510009376451,0.33278705269687303,-0.046128725612347266,0.7581428428182999,-0.4287374183964301,-0.04800842097748026,0.5927523480445775,0.09846157605005523,-0.4822651147344359,-0.3735868268851199,0.6265276914721062,-0.38470453861309495,0.2209162674663182,-0.2713143653935033,-0.3869385962263583,0.19752068335510198,0.111029175100548,0.22058448204744108,0.38170295483543515,-0.014095347346686049,-0.4367457658580607,-0.20174299419998332,0.16017295408987964,0.17766826675217473,-0.06034705432403897,0.42478820920144644,0.2741262841550798,0.39372028850553664,-0.3096111222804607,-0.532365592552924,0.4719959523874391,0.22452370611942918,-0.3124299150540799,-0.508164871054984,-0.2811740538448624,0.016435840154884418,-0.33893745137819353,-0.2628763106478602,0.25120595963256953,0.678654398891726,-0.09681785817150157,0.45483383423620016,0.3602418843329157,0.3178571837483676,0.07993371239927882,-0.2870800066598973,-0.5755795961966497,-0.36492722994296156,0.20326414649492697,0.18707507708321802,-0.23463210053313577,0.4250454592974604,0.44937874598802996,0.3061913344647045,-0.40825845893217183,-0.41273337889235506,0.36035405968584056,0.6138917392151765,-0.031490865931374845,-0.00829191468297763,0.23154186828175294,-0.12021191458918845,-0.5963984455659141,-0.2974955377632893
ARE,-0.3251388809917666,-0.3788561089534681,1.0,-0.07192099898907012,0.4199220495283762,0.6357775394326974,0.4917552246200223,0.15746525455396987,0.4873216706709025,-0.4260843919289319,-0.47069076208126104,-0.2918753742648925,0.15521723936122078,0.6482107082112529,0.1380887693069387,-0.0807966301748495,0.19860552067343062,-0.21390957717256454,-0.10045483934415489,-0.22298504340727798,0.3961389866716929,-0.1194455978347293,-0.08686305120673499,-0.4213861666997747,0.7706118563039195,0.64961301633302,0.29121328486964126,0.058636427938564495,-0.37338749651887615,-0.45950600925776874,-0.30087267945503493,-0.22188460895002904,-0.2054353901030017,-0.5463942732686344,-0.29621593552030134,0.05950697291167151,0.36021239628594026,0.5194254413665743,0.43330723538053206,-0.28880205342544363,0.47136491296982475,-0.08828704050127989,-0.12208704252015523,-0.03638687802721807,-0.14272438889579364,0.322630439904503,0.33555874467300795,-0.4066789192253115,0.39036007840640097,-0.45537069329901403,0.17816846735031355,0.06386944058680677,0.3967785718194965,0.35238166624931866,-0.2409792431162383,-0.4426409163875731,-0.5473531602068271,-0.5273775271261458,-0.018022157487776358,0.12918279432321778,-0.4000715048198822,-0.33927205116320325,0.18595213042367642,-0.5200402862919078,0.24813247904842717,-0.0776153963993571,-0.3233671018745192,0.7548086623530614,0.18912442771641158,0.17135438333949238,0.3544591901303349,0.38657346073940735,0.21849206519810938,0.2641780268698315,0.41161002646327005,-0.5874183568124756,-0.04469662433020982,-0.010827835175188927,0.48909499848606774,0.5664989319769741,-0.06647414163363674,0.13177861826199266,-0.4062027682243454,-0.39271606009004434,0.41066093859297415,0.5229777684660704,0.037732577259535494,-0.3023520381052174,-0.4259647494227341,-0.4761577856238093,0.04273927570047653,0.3201337852836976,0.046986333506485733,-0.3852666737321786,0.5571484802479191,-0.021500366827017947,0.4072789824439199,-0.36442448551780626,-0.2415735578360736,-0.1600994244656997,-0.49485568480895936,0.6446033447851449,-0.2726929389046411,-0.4103037257282347,-0.2943681803224085,0.47460152711895476,0.603739319058216,-0.7580161871354612,0.47632038641258967,0.8551151146153867,-0.5672526331958831,0.24734741663257653,0.0843488206480063,-0.3123280393561767,0.261463658591495,0.3687052653819478,-0.06858510200418366,0.012603898967735172,0.8886072911588839,0.057211986137756354,0.16288745864966292,-0.43021182216539566,0.8181574202442745,-0.2508253317522324,0.7241267982691535,-0.24185243420835256,-0.4576291129637595,-0.24173218542011132,0.028325568244129018,-0.40520247146759103,0.2970930544079351,0.4720346367551356,0.3402289589898927,-0.37916469330110747,-0.11391971929322509,-0.18402693034489603,-0.45974005841393106,0.2732724188496155,-0.3511479831437878,-0.3030366400379956,-0.43891944213341505,-0.21183504750988535,0.01433091932919206,-0.2550232102607235,-0.3550928271305498,-0.1167678406194701,-0.10893399602586284,0.27829981943178916,-0.023161889699318206,0.1349616463350527,-0.15143700685623518,-0.2551600741165583,-0.34410348455079665
ARG,0.020212469380289644,0.13093042567940916,-0.07192099898907012,1.0,-0.29692348976927163,0.3626640518139219,0.28368479005620184,-0.3553663975623431,0.1510608238628417,-0.35681502813137134,-0.30328433341704075,0.06708794149722352,0.26256423518769156,-0.10434264852254094,0.007420323428203535,0.1389224063589769,0.33815450803248814,-0.39944173681406014,0.35511452352181494,0.5333960587371608,-0.4834519683489624,-0.2553919057938414,-0.037381902664769706,-0.2672244521064524,0.26162714561661193,0.10965996586355731,0.6047089835084294,0.11037372189241212,-0.358951873693911,-0.13919467365858962,-0.24538060523344174,-0.3574569439528552,0.6673628950452254,-0.2518957802693569,-0.20412264690734827,0.049932287557984956,-0.03763775015103432,0.2093369330033229,0.3938797830959493,-0.49806501730581365,0.13930058687439262,0.2909198985778947,0.2523064154742707,0.4313803409633079,0.4015657722377779,0.3485681398280944,0.1705681220827474,-0.04670667995137667,0.18907039369965029,-0.21097501337343738,0.33693440724988144,-0.02330947646756787,0.3883348779584932,-0.15438292246726948,0.02771140869773392,-0.35568325469423434,-0.20075740540765818,-0.34635717058753857,-0.12805236657065877,0.3112092180568793,-0.12090889230750856,-0.39047826874670677,0.11918039469491026,0.23770919198333273,0.2950552581006294,0.021475828887666415,-0.031418443062510626,-0.009880639424477256,0.7116049099379078,0.11389472282347679,0.32569815630646004,0.34368529741267806,0.37455714581748956,0.4708598999771657,0.30325442246013123,-0.23224811794431854,-0.33468518951374837,-0.3407983792735627,0.3875639356070386,-0.09171403789902755,0.3887946073378242,0.12051326324443501,0.03175335594987372,-0.362650540829474,0.09404995942012195,0.03755639419084078,0.17535079946976861,0.031285807015890454,0.09192084216082075,-0.301507135149522,-0.21888293619646326,0.34571504838087597,0.0783197142011105,-0.3616354654080174,-0.05422634178378338,0.12210887391433656,-0.02271071572438066,-0.33716336573431516,-0.38681421980458364,-0.1887204381086418,-0.12996333739982746,-0.05714185979995401,-0.3389978663251467,-0.26775949274197686,-0.0793685265054691,0.27438415092797186,0.13521930718478048,0.08492567919369332,0.41674883720013645,-0.24542494023366634,0.14028042815765285,-0.1736977037852776,0.5425075128997612,-0.088084207304858,0.24833273425280378,0.23272722791207534,-0.11217561629253447,0.23471088538517904,-0.23633229983533122,0.447226660884561,0.5230987601115701,-0.3599384136795072,0.012169101555884354,-0.7054057318119269,0.05841558432317251,-0.4995594930720595,-0.1739975957656581,-0.18714302886813394,0.22713161960884776,0.013678850394024944,0.04247952754977313,0.040521441396749736,0.29895660827674386,-0.3937006012389468,0.25019880219314783,-0.35690690591298946,-0.4157005939360898,-0.1044957200441996,-0.16768610836432085,-0.40430525240956894,-0.1301346854617682,0.15442804884134098,0.8384215542108827,-0.2619601153401909,-0.294124235399984,0.41071005115751924,0.44246630623764527,0.422226309634561,0.17496541606492755,-0.20862730158477727,0.18818783608005696,-0.19415110181645745,0.42161523974798965
ARM,-0.2775193345492073,0.25632844474280825,0.4199220495283762,-0.29692348976927163,1.0,0.1074242156340246,0.24034505821248486,0.19171104326758037,0.3454851739157594,-0.3787050286368374,-0.4768538153228983,-0.25750454950220547,0.15507825054713187,0.17648969684674087,0.43466039700914594,0.2922902720637506,0.10571442490419158,0.4937870714979079,-0.6009997818895292,-0.26726631988747207,0.21366639216557182,0.06981175474428869,-0.04279591597398258,-0.3014224097707059,0.2886735756124583,0.5004426623494398,0.2312862501877424,-0.15236041826978663,-0.3762060643648828,-0.4618020319122662,-0.3588441590160105,-0.007093453892202728,-0.09125538238012543,-0.1887969444050117,0.3617412468779996,0.43396955277317617,0.5094672020940288,0.16847707987712468,0.013400783926932336,0.3187641837819456,0.3616636046972248,0.015796703663216505,-0.14314456605659887,-0.3249345515283846,-0.12506112100168632,0.3724616379608269,0.4132675600831279,-0.387803873951277,0.3285749427911777,0.06347238696195645,0.11374542195735116,0.1884142194176397,0.10629599342941409,0.8163670067053781,-0.18592048790643356,-0.32007013951563135,-0.187578528765169,-0.4067464981816902,-0.3143955587565719,0.3747501181923135,-0.400433426323348,-0.0639774657622838,0.26370269374528155,-0.3331909453188562,0.1827038448917172,-0.22869770595625072,-0.27546089616326963,0.533472464690973,-0.02344951078463353,-0.12380652504283174,0.1920279778501468,0.06878774704751212,0.10862948748092704,-0.11245780128431515,0.0981422566190967,-0.32105420006430285,0.2871006910995405,-0.1355601275118523,0.07521190437726644,0.016188555743847033,0.06176468937480728,-0.12654609429457864,-0.015066773413852985,-0.11287419937002996,0.522295665127981,0.5165946525222008,0.2843794014827432,0.07040359036604671,-0.21594628202421595,-0.4283148319211967,0.38379533499865803,-0.17835406600918136,0.5219305478785345,-0.40775550396699334,0.5677273105622203,0.4881229176561167,0.15443737747092456,-0.30605279158322696,-0.09798073399648466,0.33149662812533465,-0.42733202157590755,0.4052805039409988,0.034063360938672904,-0.49006946488511716,0.010049116417687243,0.2411021591860446,0.2216689504974665,-0.14157127091663213,0.19049221825171936,0.26185838221607405,-0.4655100427489052,0.5217022116607015,-0.15562948094963036,-0.37672000445239506,0.024293601361112027,0.3900523335202718,0.26768233652281337,-0.03917430118529719,0.205240378478859,0.017915001477437298,-0.2724944360867001,-0.11797726274478215,0.10085164507311517,-0.21693594112056624,0.5167833198698617,-0.23320046186852483,-0.3487806836364755,-0.16341319747224237,0.24098491475859707,0.058611251425598865,0.28795091071128764,0.3183929253193125,0.306091019760367,0.14598151843709162,0.027110298779462028,-0.34722632767951245,-0.382588320018896,-0.062085580378193894,0.0068337354572149955,-0.2888027282967829,-0.1430157266653309,0.3904768618975252,-0.06989604286309659,-0.4138489184805507,-0.3428455843493716,0.002799914246629398,0.22460319757131963,-0.05022072686775503,-0.10234438928613598,0.03632726295781241,0.006238315089243107,-0.31450501448529344,-0.36705870118415085
AUS,-0.5364332474055882,-0.12359642196937526,0.6357775394326974,0.3626640518139219,0.1074242156340246,1.0,0.775678890172956,0.09996650162265097,0.7434683694011602,-0.6806207728901739,-0.7436931942342511,-0.3610975512304835,0.49684028252727197,0.5662756031390783,0.40902822363280467,0.24636185453667558,0.3582819447404363,-0.24840765689984012,0.04319135481669667,0.38497198054023174,0.2960637800652681,-0.2651206869250309,0.03075229032519522,-0.7279011758405707,0.9314439818073695,0.718100760788833,0.6377819662738058,0.4292476603048402,-0.6718624790820034,-0.6176866698728674,-0.6492530763692383,-0.5731786954932994,0.3347459407386246,-0.6972101250719325,-0.10984257940354114,0.4004271847244998,0.49039215738616804,0.7012059975345688,0.8321559603969535,-0.4558671785565256,0.7036527357273719,0.14153028411049307,0.08896260690425994,0.24180030065411895,-0.21119046202340863,0.7562387334256193,0.5637917679333684,-0.6005604188872673,0.771837395318151,-0.538224136241439,0.7401565032071471,-0.30513385342020416,0.850546550467257,0.1752079138319823,-0.6426660553559915,-0.8435634977687778,-0.7016623542006215,-0.7198106124826458,-0.23483485484530053,0.6071817100979625,-0.41964452157643084,-0.6909997676427353,0.5059366145644294,-0.5139355008639197,0.49275565192697235,-0.1332677323601268,-0.28472885704199924,0.5277751544180928,0.3969835996083233,0.09675969925808281,0.7010293324986261,0.839153220810265,0.7265302556950983,0.8012230946587676,0.5243314912568158,-0.6585967982598917,-0.33523517227571076,-0.521452183429898,0.7651148316062968,0.6500254715356196,-0.01466586387523705,0.011782591386778507,-0.23694090386323174,-0.6306527631795475,0.5558174742832274,0.5666052810212984,0.3911026328772693,-0.22024972837563261,-0.11176276237518046,-0.7372159703064214,0.13290177524079616,0.44348840402311374,0.17806304932903727,-0.7137744456152912,0.5038738337769463,0.2826948051063145,0.06203878917036487,-0.7094489264442112,-0.6631991775778154,-0.09843302831158085,-0.6514616579367791,0.47030268945884757,-0.5582691129034232,-0.6465352584579693,-0.650494532126066,0.7531349812149729,0.80486037434605,-0.5520327079402678,0.8990260895015958,0.5309956808249514,-0.5562735272356052,0.3463468868271182,0.2757207286840001,-0.22955521089014908,0.5853977834201453,0.6637738669571758,-0.3526152941049834,0.05501080003694414,0.542781858504315,0.49114271271254306,0.6197844338056361,-0.7144149941849633,0.6970961922439229,-0.5013522312472884,0.5864574919803783,-0.5873921530832502,-0.7732844775655345,-0.06725163143773072,0.3371684948853775,-0.2577477029944384,0.4190980815982652,0.546222586421254,0.7293272082088973,-0.5862058114840729,-0.3300401619380038,-0.6015777026522975,-0.7514755670246949,0.2687452650982327,-0.6045963538726835,-0.20275905454227994,-0.32949993335097383,0.040974281783624944,0.41007790062991334,-0.6023104805236503,-0.6519578709442628,0.3828092609627676,0.4504822552607125,0.7974914842280044,-0.06792225873935998,-0.25435261431431666,0.0791581014725844,-0.5657358161465402,-0.4537449661740034
AUT,-0.7809461657207484,0.22713150097974477,0.4917552246200223,0.28368479005620184,0.24034505821248486,0.775678890172956,1.0,0.19487722742456826,0.9276605341544311,-0.9267797195800682,-0.8574714257380744,-0.5490635500645169,0.7954461842286965,0.6093769249884752,0.5452234144438669,0.6118625373790488,0.600738288828706,0.08103926005525308,-0.1868030972487913,0.19817257261033805,0.3391845836079339,-0.13416260278875702,0.06884864697798776,-0.896435814717027,0.7003511886674002,0.842689398615963,0.6790382834919892,0.28358860011535447,-0.9099298089426611,-0.9010222645151229,-0.7847832352294382,-0.6320795298134212,0.12261006717660605,-0.7868310776649212,0.08640590219817212,0.5331582506605089,0.7642712465650398,0.9205235806674367,0.8982303746738244,-0.2410536056324324,0.8986807691216263,0.04922799060301486,-0.2392728772573678,0.24021142849373567,-0.366991827998979,0.778025631516994,0.9043145744885558,-0.8580724461803422,0.9219219630812026,-0.22728454580244373,0.8285435774343566,-0.3580869987121109,0.8269206566125806,0.16206949698310513,-0.7688210098239225,-0.8986665206329922,-0.8907622726080622,-0.8748136252264178,-0.33107440720995385,0.8039214704919216,-0.6211147223047049,-0.7078268304132815,0.8221745754501051,-0.6383300484186294,0.8768830058485424,-0.3624814269981591,-0.4454167764620216,0.7784529302073764,0.1982451238805789,0.007891017953837842,0.8297787170680421,0.7308445388136322,0.8492070317843246,0.7839482208295813,0.332981262509225,-0.8272340945286403,-0.2033668863163247,-0.46089566997347564,0.842831878292518,0.6075062776554054,0.09815113723776803,0.10139170369419181,-0.07463689614335656,-0.4929643234602852,0.8690755854304386,0.7795817581997189,0.7952449777556466,-0.09730219857390088,0.2746706847071858,-0.8779667516699914,0.4566717415493817,0.34817930231600924,0.6031007510366565,-0.9070910294474679,0.5993473010612798,0.6178844337946501,0.09841274113292509,-0.8154515821367123,-0.8112133186908408,0.36780885455113244,-0.7705370964482445,0.4550415862417021,-0.4981832732562077,-0.8851571263242761,-0.4890914077342803,0.8900865941481754,0.8505442790319554,-0.5489477031694909,0.7875679071896957,0.29935950126480537,-0.7712803291951709,0.46210499773393954,0.03236361171152968,-0.32839657193992,0.8036278867073788,0.8705026075174435,-0.3465238393471113,0.08064216405396851,0.24175796264168747,0.8047727765358781,0.5145897651664336,-0.8100064495006689,0.32099903200480484,-0.6935454741570402,0.7156587452956904,-0.5945379224920178,-0.926539499720807,0.1510743904722991,0.6963594340267313,-0.28376600141130703,0.8427240576616366,0.8854991803163449,0.9204466641577433,-0.36157762415480765,-0.5674182755998403,-0.8524499967752666,-0.909458512483198,0.391036935293817,-0.6334901075177111,-0.1088488909972698,-0.03006679307852478,0.2880230007106265,0.37814974811516944,-0.8451206906656763,-0.8742071730397454,0.5246038170646294,0.5337976446326581,0.5611256372176041,-0.29585168536882045,-0.1211446307859032,0.03516827914360299,-0.6971771408573326,-0.49895645455615667
AZE,-0.4411703277521348,0.4779786718338561,0.15746525455396987,-0.3553663975623431,0.19171104326758037,0.09996650162265097,0.19487722742456826,1.0,0.13943767557447384,-0.2656248972876034,-0.3361025783155218,-0.007423122536383664,0.1416213212536782,0.509356725262217,0.11307692537124558,0.36697092415998944,0.33548624706775243,0.04739997044993216,-0.11462513949576159,0.10236621244722932,0.8122609315593944,0.25600611241923066,-0.144481031930475,-0.3755768349855493,0.08721276204875095,0.21606705355601652,0.29195053852783304,0.5489220250438336,-0.22920035413083895,-0.3472262860429485,-0.36773335235307636,-0.003784542965165061,-0.04547103421700949,-0.3799062051671036,-0.08732634591424815,0.27679395325806966,-0.019686745070183198,0.29528172542534237,0.22882209093451988,-0.07555173828268091,0.3139353714176282,0.3126643746496689,0.21654845921782329,0.04243834103528976,-0.13938334792178475,0.1216132247943933,0.1794884847910736,-0.31835277035857,0.31207000868612766,-0.07263309833669118,0.10270703456776176,0.16051617779628835,-0.004434885434355662,0.019712517375321204,-0.22502333897889626,-0.23584351199753528,-0.43961279532144193,-0.22009731453534043,-0.12598895497926232,0.12540759835031878,-0.3243037915955751,-0.376919746818257,0.23873113281491531,-0.3306122774414255,0.23291816512485475,0.43537322124465416,0.1858462369589563,0.22788214671657991,0.057638530431679214,0.1126582041648887,0.08206063952594622,-0.17774263387443767,0.27656203315254935,0.16940874164062847,0.1506754375848598,-0.29433037305242515,0.19268565543499316,0.24800908075530748,0.3808080219679636,0.5316196285939019,-0.2968360537181709,0.23177056024601517,0.20522979096130767,-0.14813095886217176,0.27605695123745333,-0.10199239349476219,0.2620590872088161,0.20341636621740256,0.1715614370544365,-0.375807808408517,-0.09565078074982547,0.22119642717496868,0.3496375063560999,-0.24403755760051515,-0.1451963785228223,0.059404080485275346,0.26003049265242173,-0.3721770228247161,-0.2565930745814555,0.24202094904721516,-0.4836108733232467,0.5837877941875104,-0.21899788837694412,-0.2902420870446232,-0.07654286753438488,0.014638802676642637,0.4920408975255324,-0.10317748369358859,-0.050752122377172304,0.3228587073923208,-0.3512069442394625,0.1935708218635579,0.21864344585457196,0.07831394330707098,0.3979067009403028,0.019489687056629235,0.42963783650562504,-0.28970985315162445,0.20208671996525973,0.2067615605712324,0.249915707358083,-0.38493473761176955,0.18008640480777105,0.17914891674112865,0.04462539912887231,-0.27546162102905014,-0.28256996625000386,0.1762361556756079,0.32413144505327995,-0.6553624764701933,0.3981991942621874,0.3205122798756277,0.15977132690135853,0.10362335577029302,-0.5481203484523922,-0.27476324909027383,-0.26811864314124945,0.42204979508083706,0.14531070898865284,-0.1004018599874561,0.033815294019738484,-0.0007821491587409746,-0.15107320888582176,-0.17019668377904984,-0.29795603837336304,0.037113012677286616,0.13181651473459066,0.06042806868113948,0.04297356813038333,0.40295751770236987,-0.032543023359376866,-0.4531423327868711,-0.6431824104505379
BEL,-0.7404973771293488,0.1630731292547829,0.4873216706709025,0.1510608238628417,0.3454851739157594,0.7434683694011602,0.9276605341544311,0.13943767557447384,1.0,-0.8444688232505926,-0.8503922087808096,-0.6843570919197872,0.8275732186268612,0.6379160834332258,0.6597556180046483,0.5465198579157876,0.5465796762997139,0.11354645115449824,-0.32322853250484473,0.2376107392236172,0.34654767887912774,-0.2193182872960282,0.08982446195814597,-0.865736250075388,0.68230356270757,0.8634805053884261,0.6262972334134291,0.24755878308939394,-0.833740542380714,-0.8731853682684634,-0.7260803064548078,-0.5749734935762485,0.0592031675179604,-0.777557619073272,0.2672595651075903,0.6188570588646162,0.8557174764452926,0.8635323642634875,0.8570052107868439,0.0020143291949203945,0.9466477315150053,0.06807243997213075,-0.2801319570656893,0.042601765281738535,-0.5323083779384032,0.804204396908666,0.8790465635866715,-0.9170529084920069,0.8771715540123793,-0.14163066404398195,0.8604604989480442,-0.3383030468465773,0.852265750050731,0.267760367136046,-0.7819618707945852,-0.8628804639493275,-0.7878890041775213,-0.8459991783698539,-0.32387038445884464,0.8505840934387852,-0.6123112006955129,-0.6327220202678929,0.7933436228832171,-0.7330848425155367,0.8341373218209415,-0.4429859297327061,-0.4811112085535145,0.7402929098311607,0.09261459765885383,-0.06441930226732251,0.8004327823831762,0.771982674644078,0.7823668657143195,0.7455969986732143,0.26876508281558353,-0.8036060598008874,-0.165481098567412,-0.5205102542290949,0.7623430679575003,0.5936316257048103,0.10794222893130712,0.05879751474023576,-0.22610421290128846,-0.4113032138503512,0.8647494435631929,0.8843811774510948,0.7724196197660707,-0.0626762243929675,0.21187951461283439,-0.8535612613837509,0.5065610216514521,0.33717821601622444,0.5646128046345122,-0.8959110415641975,0.7409189408920409,0.6496507946309819,0.09092620612735103,-0.7755504673532376,-0.7299117961350836,0.3763215983470849,-0.8141867879154874,0.48067770000467713,-0.43428629414178177,-0.8906550084401974,-0.5362534789457021,0.9660959068252689,0.7747957967395109,-0.48455666680625864,0.7429806191156247,0.27485995280002107,-0.816567525282839,0.5338208806466044,-0.012275137062557784,-0.2728800643647622,0.7307407525514928,0.8282929065393639,-0.3712968074880736,0.026938511963593537,0.23327420669509347,0.661643479736204,0.4402965228232343,-0.7641517195008793,0.27630378707614844,-0.5776779979934019,0.8055127658402326,-0.6000743217732629,-0.9328346475655604,0.2450907038768818,0.6782736608499569,-0.15534298347580444,0.7856960923050338,0.7928936712705776,0.9390420574137212,-0.3802880972434415,-0.5854407574725946,-0.8561606167168943,-0.8429703661881334,0.3705808971678143,-0.7295735368986214,-0.09268964941496338,-0.1461711164465036,0.35914353670439847,0.3394263255427741,-0.8805933137392263,-0.8760704378406552,0.5287515824117325,0.5887363063033163,0.564115584296376,-0.3781835078146012,-0.17530860363893463,0.08600793057205058,-0.6772315807961009,-0.5963955733673276
BEN,0.6703553928113192,-0.37619474383995777,-0.4260843919289319,-0.35681502813137134,-0.3787050286368374,-0.6806207728901739,-0.9267797195800682,-0.2656248972876034,-0.8444688232505926,1.0,0.8641957759312666,0.5227792987361017,-0.7390992058738237,-0.5017266623323258,-0.47815358351136195,-0.724643498560569,-0.6511095544797689,-0.11219749071485507,0.22455492496816443,-0.22001546438049102,-0.31193577850110965,0.09981878998188587,-0.12074285206015034,0.8739242193184037,-0.663157725609814,-0.7442689377036993,-0.7767551482068853,-0.274221107748851,0.9764671329273968,0.9182359485969223,0.7438552696895849,0.4896865055742894,-0.2250634376030769,0.8089879719292106,-0.09157347217196699,-0.48937586583892,-0.6555112063971509,-0.8339402199819714,-0.8052637586824365,0.20853739390527926,-0.8464803127796454,-0.09593372360668773,0.03455141186252342,-0.17719914552709093,0.23606993692118527,-0.7823013219610973,-0.8892069481920895,0.8444648756671785,-0.8984511656551502,0.18418237701027695,-0.7556774582273729,0.14423186539603405,-0.7042762363936537,-0.2798254685034678,0.7183889249626509,0.8576671479571367,0.881216687997656,0.9037200390864915,0.2985705891994592,-0.8057051124809602,0.7847171947312577,0.6766515446828758,-0.7801528080708797,0.5566326143367238,-0.8537341829043421,0.3144066811784765,0.3943225777323267,-0.7231241793162944,-0.391282185596882,-0.16418405687067295,-0.7612520633991762,-0.5958548273956965,-0.7965660462283581,-0.6738855745281362,-0.35877016653880034,0.8328683723271193,0.10699902393987792,0.4934317420811236,-0.7941060939511553,-0.5096939844071069,-0.09890692873257767,-0.2686284285628948,0.05331617495447649,0.38014363325830536,-0.8650448318960997,-0.676085508312698,-0.7903517352573293,-0.09614661626363707,-0.20194637558657225,0.8914820063938363,-0.3385679038769449,-0.2636037920311072,-0.7262223430621484,0.9223202882409677,-0.46985888360434425,-0.6606970345183065,-0.22692719729344923,0.7808395530561687,0.7304108320360526,-0.3665240004435102,0.756275016748193,-0.48567620432620107,0.3775964522189925,0.942187674799559,0.3710967359049615,-0.7879296447215705,-0.7872274006766669,0.4755545838511024,-0.6969405717235526,-0.26692683256726113,0.7292787347579703,-0.4101251246113531,-0.12850222251232402,0.4013081924810704,-0.7491415092247511,-0.7917739037602143,0.1786959595390336,-0.11563846412221945,-0.1157469348826976,-0.7936547866167696,-0.4767541392315118,0.7458016209257151,-0.27218098559801285,0.7700748353628939,-0.6083253877900794,0.6490754150868286,0.9197961130000072,-0.008695993731999252,-0.7558036746708412,0.36735346359593046,-0.8432954726147064,-0.8329697523442119,-0.8945947839119854,0.18526088597061185,0.4920914328763115,0.8954116839360118,0.9611642136551203,-0.26503722778907624,0.42659944112364256,0.24395382561123335,0.03293233166141163,-0.48374736218982695,-0.482859454590185,0.8698823621073293,0.8881464043629158,-0.6225191146731706,-0.5603013125331606,-0.44875412943122184,0.13821047771548833,0.08495434116090217,-0.18624615071154227,0.6970954545091773,0.3937847035888812
BFA,0.7813958818544295,-0.4173737467386549,-0.47069076208126104,-0.30328433341704075,-0.4768538153228983,-0.7436931942342511,-0.8574714257380744,-0.3361025783155218,-0.8503922087808096,0.8641957759312666,1.0,0.43679375026308487,-0.7525944671417795,-0.6466360370788824,-0.6920415946445826,-0.610578772410552,-0.6241656761634236,-0.11947868885238866,0.24363267088903273,-0.301436432926355,-0.372061401520124,0.1675173113842099,0.11397044507907872,0.8839027524710094,-0.6644241074086743,-0.8765795933992822,-0.7996180852064123,-0.33692178814588103,0.860464818032826,0.8665298963310556,0.8860727996686141,0.5946404492327271,-0.267884067762969,0.7057885071455017,-0.14675951176219604,-0.6886842398887192,-0.7206173145286567,-0.8093594017505858,-0.8066267345215241,0.21799286286991137,-0.8750373445100459,-0.3427409679826072,0.09516473818853166,-0.19232088794941338,0.20525334511341087,-0.802025579807184,-0.8372142100441624,0.8129318704451107,-0.8502605544602546,0.21514112077667913,-0.7638194268198855,0.16490902387211714,-0.7713416593679683,-0.3752250615609056,0.5905635448656784,0.9519487757413436,0.7597209411094471,0.8874144276052942,0.4871814712848097,-0.8515757451584371,0.6071123925440881,0.7724013478327298,-0.7243407906563317,0.5620537033147134,-0.7752958814406634,0.1526682265719943,0.3608693190523433,-0.7144961110406389,-0.3453156389490777,0.09967464124514824,-0.7964229924491535,-0.6768792742508953,-0.8068507665912608,-0.7425134575932719,-0.4919105945049782,0.7978507840872676,0.09642846009916717,0.39506685329835145,-0.8095787793906477,-0.5371774151160698,-0.22228486229166755,0.0285150753607748,-0.04497606357098283,0.6567242125746687,-0.8462301835072576,-0.7265093218201559,-0.7615915042792207,0.053558057374508916,-0.22155152157389013,0.9698563029006418,-0.375051677677241,-0.4103417024016376,-0.6666025705863923,0.9550201132495179,-0.6064338858217404,-0.6893882501584949,-0.14981667549020639,0.9348657873622608,0.8224237247496197,-0.3653235420995038,0.9166356358469827,-0.6052883874725514,0.6216884925996143,0.9141330105384768,0.4346392606363507,-0.7997523680873964,-0.8139578146897248,0.31426802091209705,-0.7643250236287189,-0.2712954134724379,0.7169023713372041,-0.5494782928363371,-0.2313077920294475,0.3254935105309429,-0.7137421238709762,-0.7830011393826204,0.03842933548049299,0.0012439238722633528,-0.22703227342599286,-0.6840950989505221,-0.5337031170779296,0.8804720888185156,-0.2842628123600517,0.6813935284490275,-0.7371117624130048,0.7874412600469266,0.8515109946534171,-0.09061305793538499,-0.7174583515362121,0.20323355568894186,-0.7160849946064889,-0.7496523611630312,-0.8552771700787298,0.44153699742799124,0.3975978204259931,0.9005947497551277,0.9210837644823794,-0.3053275397274293,0.48627417816076646,0.3694768309777616,0.11016111635500847,-0.3155618046119466,-0.46290967267159155,0.8513529002171778,0.8918146014648846,-0.40391699053287433,-0.7219660480027947,-0.6333015179776149,0.16161000438347184,0.06955179589895899,-0.0316966871488209,0.8079838988654314,0.5895801748653912
BGD,0.3304029172091332,-0.03780899690493711,-0.2918753742648925,0.06708794149722352,-0.25750454950220547,-0.3610975512304835,-0.5490635500645169,-0.007423122536383664,-0.6843570919197872,0.5227792987361017,0.43679375026308487,1.0,-0.5557715594430328,-0.4670430148844287,-0.5148004982805783,-0.3959016377805069,-0.38742988994388394,-0.33451632758410965,0.15131591408009792,0.16764362411252232,-0.3922500584276285,0.06381509985292233,-0.416432144268033,0.41545736634027974,-0.3461657654955952,-0.39775522742543545,-0.23610151353903408,0.23576629831293472,0.5627613837768155,0.5599665205326997,0.37099300753882614,0.08374207625794372,0.2909703686447487,0.41436668061565296,-0.4208822917945456,-0.2192876035046134,-0.635939035466013,-0.5099572005648039,-0.3755743571957937,-0.3156663567636524,-0.6546582615074785,0.24588710408049674,0.30052375791165253,0.28036399178614846,0.7761725185034025,-0.32435441627125305,-0.6996129411875389,0.7987649461798937,-0.6047926179614465,-0.37363602326140644,-0.38202474415873344,-0.02317902862126142,-0.3493575403568614,-0.2053390508057742,0.6642551754921013,0.39150687132543405,0.38228028465340225,0.35190321865732155,-0.20423872634279627,-0.4980929643576859,0.6628591282691598,0.3344488703630315,-0.5509334538126676,0.5702051051055468,-0.5610388697127591,0.7614018704813887,0.779325687213454,-0.4117658308680938,0.21469277421931388,-0.028779686045428576,-0.7050760337516517,-0.4899341408769191,-0.21627207091497214,-0.2023037012361013,0.04602667928350923,0.6039685584439327,0.12531035183099304,0.5176364592074968,-0.27340833884778615,-0.4243011778389736,-0.06076838342430002,-0.4015753952452137,0.6293617603932153,-0.1643001758904017,-0.6269617678873578,-0.7382445834977771,-0.6124930507473194,0.11938813562550021,-0.09933010372496298,0.5038786145552565,-0.41473360725282626,0.23310197231178809,-0.47868165926574213,0.4964638699575554,-0.5808848099749584,-0.6005468591878764,-0.336361549897535,0.32757432646842566,0.18331364295364594,-0.2787989508782289,0.4526745826361429,-0.16402201299631125,-0.12294712308862188,0.5797431972768723,0.23976655778158795,-0.6615570539349913,-0.4884820354329349,0.5012857251193218,-0.4564589802567003,-0.28555999284110634,0.7985274410623784,-0.2581389306211812,0.2637862345015828,0.4919758893420124,-0.29996933075342214,-0.350999538633052,0.3364713049132656,-0.1529050491148678,-0.17522302334460083,-0.21028068042189196,-0.015303723879323883,0.40735414157840777,-0.17991174846118008,0.2842059679114599,-0.46967125533141596,0.11409750315595035,0.6286537361070895,-0.21041617684557723,-0.4378421632546039,-0.07380312321585203,-0.5336382267562034,-0.5504294460224104,-0.6229798575622807,-0.04579659767087585,0.48260440518883674,0.4888708379660628,0.4288261825100568,0.011104127675296782,0.5697449579173662,-0.18446423891526798,-0.12079545445308315,-0.29909073808235354,0.018614231915521362,0.6310934340521358,0.6405625244183996,-0.4060869543200716,-0.3739133475613734,-0.0045982234882304684,0.35375190096532805,0.3972634630257642,-0.1587563298735042,0.4257960659110942,0.37665349891968114
BGR,-0.7562996329565785,0.4466557443571021,0.15521723936122078,0.26256423518769156,0.15507825054713187,0.49684028252727197,0.7954461842286965,0.1416213212536782,0.8275732186268612,-0.7390992058738237,-0.7525944671417795,-0.5557715594430328,1.0,0.5580969058338863,0.6345531210373185,0.7274683700035643,0.7906242669198564,0.17709089884191276,-0.3134863611563048,0.2655203515560166,0.22219598641289928,0.058469611640663,-0.14209966819009412,-0.8477765520918195,0.3309077529290443,0.6428863221308448,0.5830488665695239,0.23712716004459167,-0.7624135028330592,-0.8261178635665938,-0.6922525109198159,-0.7038600987839165,-0.023239767561951785,-0.6260018305171609,0.3314212925618285,0.573075156210641,0.7738737564737415,0.8512364154537773,0.747240087396418,-0.057590382136923024,0.8548318410699564,0.25473127218252745,-0.3323049306456647,-0.014167725406776022,-0.4111612938944713,0.6182247549894238,0.8422683955989139,-0.7971081296775759,0.7075810757781777,0.1298673324859696,0.7318624508700802,-0.39593825122592907,0.6745318711092462,0.2148248938976065,-0.5952525642501931,-0.7686240217512974,-0.7041502810453162,-0.7448686851010096,-0.41491138999996235,0.8068081957597919,-0.5257747443757603,-0.6016309036515406,0.9013483288280227,-0.693565862287201,0.9191774264704394,-0.3189094368218597,-0.33693503581102036,0.5828500867269091,0.15622006068236893,-0.2839716147613416,0.7684698624840309,0.6045743714259434,0.7080908821752075,0.7106919870864896,0.3331588257064515,-0.7097057566206872,0.10483819094887914,-0.30947474228587724,0.7395406727077553,0.37955636093914213,0.06080843934764901,0.02318006169069975,0.09523023783450502,-0.32837279004472153,0.8469467804000412,0.6915192731117803,0.8715039544844734,-0.020653576729031897,0.6053921269962546,-0.7744917717569257,0.5470695976589741,0.29473757249928834,0.6818638713276646,-0.8512302853179503,0.5660909612553972,0.7327474454989725,0.205385434481828,-0.8120331597217736,-0.7828549056437799,0.6514440235386564,-0.7673096403881263,0.393865997992104,-0.5353046783420659,-0.7641517270346703,-0.38391526735118986,0.8295510530499105,0.6183504287447605,-0.2681688291248583,0.5146045258496468,-0.09904015397441635,-0.6814765730756385,0.3066778452744532,-0.018681703422354756,-0.0730839813782318,0.8462346650691025,0.7001853128630802,-0.22116568797584302,-0.2521394036001503,-0.12115883006955963,0.7937061494205065,0.6212931880731253,-0.7371741487386558,-0.08636244798239323,-0.6563770489248446,0.6570392214807347,-0.5549493481328907,-0.7908841170909686,0.4142010016751614,0.9012070846379029,-0.14867780482880488,0.8462442306645722,0.7962069332384901,0.8071231399027512,-0.3621952649325473,-0.6594073925977477,-0.8659714806304672,-0.711110080285446,0.4427978291071375,-0.4756080331618633,-0.19025895768816325,0.21115567744606656,0.30564270385313286,0.4723507956937303,-0.8340303458264091,-0.8259951109607391,0.6053423444664812,0.6856779931112079,0.46267133804881233,-0.19353980241440372,0.020953961231662377,-0.07424575081747942,-0.6770128255766348,-0.4102510988358561
BHR,-0.6531016369188047,0.09969673750865571,0.6482107082112529,-0.10434264852254094,0.17648969684674087,0.5662756031390783,0.6093769249884752,0.509356725262217,0.6379160834332258,-0.5017266623323258,-0.6466360370788824,-0.4670430148844287,0.5580969058338863,1.0,0.4342680198291591,0.30174267110723174,0.5161532428305967,-0.07473057847114029,-0.11811695590228788,-0.039382505388815714,0.7450244361523619,0.036518078450327285,-0.14802620436063507,-0.6361984706037291,0.46580506262051213,0.6648387614145465,0.4330888674143474,0.25883824476042494,-0.4881973585970132,-0.6426946024572304,-0.56779889231679,-0.3615999541518291,-0.279609821441938,-0.6233663287871538,-0.04496732628394473,0.36905529963186456,0.4765801524907476,0.7307526654165422,0.58071557424495,-0.15093516867556733,0.7133983598357422,0.27233458079347583,-0.15816287479502655,0.049430702309462005,-0.43897061906354606,0.3067952955880414,0.5379022936157805,-0.6671846069601175,0.5208053919333469,-0.1818977380104112,0.35340196769293175,0.003032128826036873,0.4174093223342812,0.03744977509774439,-0.4196387294621673,-0.5947880433277701,-0.6387522440898528,-0.559300959458304,-0.058711926211290955,0.3605840322559233,-0.4445628735831231,-0.57958882617184,0.47603429957134313,-0.6540816980124278,0.5415164561155122,-0.048394378739973654,-0.39318272092578166,0.6910881554503753,0.07019860866665162,0.008224895476867666,0.6222721875690809,0.43370695596833186,0.42460851557200874,0.5147789784935329,0.43173103509839783,-0.7914368442437283,-0.051111129852403625,0.05846043829298464,0.6833092750356441,0.8626515786700275,-0.07294246011716066,0.224582450266546,-0.21743682268871267,-0.4436414239524671,0.5484359059132202,0.5380898995314091,0.4188573274403704,-0.21862658993197126,0.13846353538786926,-0.6831407253813377,0.21995931987899908,0.426906056981182,0.33100542953246803,-0.5787441691317343,0.4687300126634891,0.23946699816867323,0.5188786124877709,-0.6679311887268464,-0.48368136056438127,0.23688523388202642,-0.7980584518934457,0.6907533319820428,-0.47979833643181435,-0.5601664536106696,-0.37636927951535304,0.5894569456700772,0.7722181232483406,-0.5468040935367191,0.42316236843575195,0.5930146483175831,-0.7459675182529653,0.37159866881204595,0.1446026916631309,-0.21917245882375402,0.5616434890183537,0.36613759856437356,0.02174071603571237,-0.20275415832510957,0.5933250100190557,0.2975754923815319,0.4125216780654263,-0.7579226823279934,0.46711869745534706,-0.2055456925975463,0.6940247060205612,-0.4027440249223653,-0.5748764912807998,0.26269126709745305,0.4560067982210505,-0.45572482493729716,0.590433885442517,0.6742304810235746,0.5060673485987404,-0.4270353715726205,-0.577768538614426,-0.5000778813691615,-0.542697912575641,0.48447952378234826,-0.4806640436016614,-0.21511213517295702,-0.08402894319656151,-0.1292442445092301,0.07391448082307162,-0.4982392172967105,-0.6314587389546082,-0.024459881769283376,0.27565413977168496,0.3269439402930904,-0.20350290137723048,0.17839592356469114,-0.24339349116607245,-0.5434747832735392,-0.6397494073121526
BHS,-0.6566286845963376,0.30680554461978915,0.1380887693069387,0.007420323428203535,0.43466039700914594,0.40902822363280467,0.5452234144438669,0.11307692537124558,0.6597556180046483,-0.47815358351136195,-0.6920415946445826,-0.5148004982805783,0.6345531210373185,0.4342680198291591,1.0,0.5376391517096192,0.23367896031872637,0.5291935612389244,-0.36665673722979,0.08904754177734309,0.285186711468032,-0.07038650097056554,0.14567582179703864,-0.5317184034265152,0.32413202746928893,0.6110621477347702,0.3602058278075766,-0.018122724996988193,-0.5415339041875007,-0.5830828751554358,-0.7024184110415601,-0.4064155067283388,-0.015837755991414904,-0.24347956782750435,0.5863546501236457,0.7167711954143288,0.8072968518407732,0.4259453621892648,0.4170017041016367,0.30078950913091884,0.6309584394344625,0.32904306325100396,-0.3984948054597335,-0.13351483215799886,-0.44991868465068796,0.522913038534144,0.6962683367713354,-0.6717589774179702,0.5819059946727857,0.21927287319665556,0.5490309267845049,-0.23686441250528856,0.5509899955291625,0.4404092637854531,-0.5634677060172357,-0.671159989575334,-0.28391237245452206,-0.4987738718894916,-0.2764475758971332,0.7194496231409819,-0.33009114822247065,-0.5819008828593497,0.6243936375434996,-0.3639170948207715,0.4765954850375349,-0.46476673608218944,-0.5048662494121348,0.37860673631975805,-0.17832811961697548,-0.3735103283113126,0.6371620637751018,0.5198049185170958,0.45471936263568535,0.4010680363136976,0.21166162631969332,-0.4535514444469837,-0.062189458645795836,-0.5221543603569128,0.3462374969040294,0.273776132891418,0.32028328348025425,-0.2622206438563739,-0.02466995517010684,-0.24672755698593285,0.6788464269267872,0.7399411341638157,0.6566524008094591,-0.25672105878055085,0.3354603316089425,-0.656135721936197,0.6412031545989426,-0.03418882566598236,0.5125520797268576,-0.6919769287901651,0.7007733182688428,0.7722972259954489,-0.06906636302340519,-0.6798005298213554,-0.5903315629828243,0.5920958484041442,-0.6431951482063014,0.12413557203440717,-0.2766357215355235,-0.6397106241668209,-0.5227881113706141,0.561885365479713,0.3990970217005202,-0.05383231763265006,0.5443839397339519,-0.03107315174884362,-0.5956757263194716,0.6474099550777198,-0.25694632861711386,-0.29086116568945064,0.36578539930185316,0.5810289327479786,-0.2759105000400077,0.004994104342120553,0.02153627842206518,0.41966569854586877,0.18819058590321325,-0.5515532397486713,-0.07376731399367853,-0.417141075026664,0.5578384185241495,-0.5225941648523844,-0.5602142447325305,0.2525542015883784,0.5658571695745231,0.34888348684614834,0.49326063052936375,0.46522801124274826,0.5773029691198199,-0.11883409118470967,-0.3358293498971676,-0.6750938228868719,-0.5330751503367837,-0.03551090731150652,-0.5168700011080887,-0.04562958363077496,0.07204480603986763,0.2510681601175895,0.1150440190311749,-0.7598371191714426,-0.6847002119317231,0.25091448929335647,0.6772911279031648,0.4606244656260563,-0.4759223861264903,-0.3866275995877868,0.1737604303350181,-0.5213375242604419,-0.48183437763294235
BIH,-0.645536622111851,0.7591383435977328,-0.0807966301748495,0.1389224063589769,0.2922902720637506,0.24636185453667558,0.6118625373790488,0.36697092415998944,0.5465198579157876,-0.724643498560569,-0.610578772410552,-0.3959016377805069,0.7274683700035643,0.30174267110723174,0.5376391517096192,1.0,0.6619795111668455,0.43629118385082344,-0.47424762443745694,0.1454580390978606,0.3270575458872247,0.30046100229517214,-0.00981259376708854,-0.7064458916947793,0.15052444266846632,0.3381926401522293,0.5358082265933846,0.27159922897835065,-0.7883893312478709,-0.7970606089403001,-0.6852343561133942,-0.4341009703085148,0.04651440356328651,-0.4300418048951107,0.4246994440847398,0.4979935934934139,0.5633567409968253,0.569771480786117,0.43497204557039604,0.025964316175302704,0.6104077281746633,0.17158345994004365,-0.0503329665388057,-0.07258804022878507,-0.27673885364855577,0.5366775503370865,0.7503559006634479,-0.6245883379515518,0.6602448038976736,0.22315198727042895,0.5220551241611008,-0.22507243709947278,0.32007813231753546,0.2950442784751539,-0.5948909958444171,-0.5906283758523443,-0.5938075437294807,-0.5802850204367336,-0.3908838028031818,0.7456356936422391,-0.6238061543698281,-0.5398387891683818,0.8343609628559076,-0.4632728421888228,0.7199130985724654,-0.24171670436040826,-0.17536967947603999,0.3904473480107251,0.22268864056439708,-0.12872715670766977,0.5629896615754416,0.22272859015468816,0.6076621082621123,0.3988613996551229,0.24867998212297948,-0.5590273555439289,0.1975041380594088,-0.32410469483217463,0.5348625209218613,0.2372288337518187,0.03675796195174397,0.1871911120215488,0.2881536928909767,-0.08400575886056827,0.7333666670122307,0.41997874001603497,0.8138102087089435,0.23132358233007666,0.5424987152210323,-0.6700879623248464,0.5590082599605775,-0.09856966778263376,0.87476373344465,-0.7024747808442666,0.21765524536845726,0.7999045119720865,0.27285169838768253,-0.6437782773664364,-0.5741397960495589,0.7414504712341542,-0.5579100405365778,0.27832916309441735,-0.24321528482278487,-0.6808776446294882,-0.2253798240167062,0.45175646149922555,0.4639539196127269,-0.0647803696302891,0.2856763478926134,-0.18979045885613455,-0.5345950513176483,0.27226938636805287,-0.11585889057529308,-0.2596890716108733,0.6760670537843435,0.5787259314166139,-0.07963775661278927,-0.23706839922031997,-0.3321078965234534,0.718550839208046,0.40133839169661023,-0.45883153748426886,-0.223017607777096,-0.552946161070726,0.27477639782322316,-0.44775848311546884,-0.6714281182888429,0.14704115546795804,0.9150906962592393,-0.1765804328682794,0.784454826935219,0.6972482280188524,0.6182532238806442,0.11152213147302115,-0.5653792527553514,-0.8043283904108798,-0.6649760190703755,0.20602994064268032,-0.09962542612092884,-0.18133214561343314,0.37556246292847506,0.5334503331333093,0.3576964539293622,-0.7371246141581769,-0.7054855600692362,0.6250366711996436,0.586990266894921,0.20382924869912333,-0.09083840895439255,0.05476417097718489,0.13300236271863086,-0.6692872950900055,-0.34893569282994896
BLR,-0.5894891675569642,0.5631397598173689,0.19860552067343062,0.33815450803248814,0.10571442490419158,0.3582819447404363,0.600738288828706,0.33548624706775243,0.5465796762997139,-0.6511095544797689,-0.6241656761634236,-0.38742988994388394,0.7906242669198564,0.5161532428305967,0.23367896031872637,0.6619795111668455,1.0,-0.05443144948208101,-0.14019890092563148,0.22324960656549253,0.2585787933255457,0.23086622681435864,-0.3936794635938001,-0.7504018034382289,0.23085608349076037,0.4194783853228208,0.6527875287090188,0.35747619629584715,-0.6718332042829056,-0.7314964388235294,-0.5873008201869139,-0.5733829852176,0.021589245540690416,-0.6095480946945266,0.047878180605791965,0.2871989093669127,0.4001102114221753,0.7829157795605732,0.5964897973013304,-0.3258297699760617,0.661430638598912,0.1792839141369521,-0.10070093251849532,0.05513116332066037,-0.17539481131462376,0.433468942619342,0.6544997810718756,-0.5843689239000693,0.5423923403227241,0.10023364580543692,0.4174260933125008,-0.1591502497643673,0.3632322260230878,0.14398213755270806,-0.28711939600579806,-0.5733781544519141,-0.6911236274599433,-0.6164772457942467,-0.4201874723035812,0.5728906879537674,-0.5606245418724194,-0.5001202434101821,0.7023131022921215,-0.5912110615283037,0.8404313290636046,0.027440369614302296,-0.11949435314469281,0.5085772834121659,0.4531069454864227,-0.18619059918795,0.6014682453096455,0.26450882043668433,0.5512593609746839,0.550270712964285,0.3696292708235819,-0.6639301622744758,0.23233175205348777,0.032405205317892705,0.762278516858625,0.3246224793332235,-0.048785576463228564,0.2855495313762335,0.14270679659703112,-0.30337908219914445,0.70167378229084,0.36582961304078676,0.7210978180377914,0.12499834925321707,0.49331124095883205,-0.6743244274687563,0.2228820275103467,0.3369391018176848,0.7070180727978072,-0.6755933956006719,0.23987375954503887,0.5081117160374016,0.5067441074005196,-0.6855671673693231,-0.6097189172365991,0.44358202949018044,-0.6650072811414356,0.6239753703168152,-0.5456413918979179,-0.6115289233148709,-0.01419568055572773,0.5946256022027825,0.5941171777046421,-0.242342757202187,0.29337433508300603,-0.017255405554507997,-0.5560787386948007,-0.07600186661330643,0.27871031002236113,-0.019846404492791958,0.8146690975582199,0.4291816765660489,0.1163685539676158,-0.371641218083282,-0.0765905039803012,0.6542470509951306,0.6833393249089664,-0.6625183886945407,0.0029408766203510295,-0.581914300574907,0.4849388508074186,-0.45677451491531595,-0.6100066233611914,0.2653032801438875,0.8250072644415705,-0.4504741947817732,0.7188248623261158,0.7046079554244793,0.5883989328649009,-0.36473294301441284,-0.508881988210304,-0.6880479713211178,-0.6088068432870983,0.5648921822198847,-0.16322041673952725,-0.41227474044915535,0.20630715901111718,0.19530960370213846,0.5361674460230789,-0.5702400440155015,-0.673814679043236,0.5539682765234908,0.5231136945677387,0.23403277458244953,0.1405478782262204,0.3585040683015839,-0.20979551795461004,-0.7084747084964425,-0.3046883098987494
BLZ,-0.32785859890102165,0.390694875744245,-0.21390957717256454,-0.39944173681406014,0.4937870714979079,-0.24840765689984012,0.08103926005525308,0.04739997044993216,0.11354645115449824,-0.11219749071485507,-0.11947868885238866,-0.33451632758410965,0.17709089884191276,-0.07473057847114029,0.5291935612389244,0.43629118385082344,-0.05443144948208101,1.0,-0.40180614644710344,-0.4122466823231914,0.13428997154835998,0.38732476755468714,0.12886461632063262,-0.032632722493503685,-0.24660628529902628,0.03562077311606204,-0.2237322617610049,-0.39956284100203376,-0.21055831018495352,-0.23410136794280612,-0.29735455541916567,-0.047673838641923094,-0.32110033605424504,0.3110512525516679,0.666655423061115,0.33002945557573193,0.5017326059907532,-0.0337136005689167,-0.2555361677775889,0.4892218355838873,0.09740051924566506,-0.1085609634712077,-0.3995436438734614,-0.1933641960747594,-0.3490701818119606,0.001176318246426833,0.38379943080245316,-0.2886541718405278,0.18345520316786335,0.6025177786195395,-0.028770818635121653,-0.16292536385902778,-0.14385731033862004,0.37908904313962466,-0.2872957809211043,-0.053707479625279886,0.11921583190733731,0.062458343299291785,-0.15072602429467108,0.259335277383852,-0.13102509522355898,0.056163284228083366,0.3624052535723338,-0.13011636952623684,0.12988933023541716,-0.5438004283187945,-0.36535440209366055,0.08285387241492548,-0.5347744373699914,-0.3103938506196555,0.22594211588112345,-0.05790249295599814,-0.0709191581344335,-0.30821661868952543,-0.27565592353339463,-0.05041551411856382,0.28677656980696375,-0.13652563415092178,-0.2603935651225522,-0.14922992758423637,0.14602582517285922,-0.26025161099529726,0.11772829609849866,0.20619533697886716,0.3325370613043641,0.35674196245136935,0.420441524270471,0.07087624512791013,0.342760260246219,-0.12251312782963808,0.7410480801353053,-0.615481579779841,0.5032536922231869,-0.13612277078434487,0.3478246615580345,0.6319209021663428,-0.08280773845187817,-0.09738040093782074,-0.06270258542800966,0.6771389656281223,-0.05111180223976963,-0.2405911953317943,0.2024024952896496,-0.1576492729986867,0.0074151745824996285,0.0006536298038167798,-0.08188250560021815,0.11920002938324825,0.037675664326850766,-0.18949137214990208,-0.2733646927598101,0.289565497497427,-0.6806714424000986,-0.3645565408213507,-0.07694051100899113,0.2551487056928966,-0.00946816746731316,0.07048601576622682,-0.2342951326201217,0.09612936508075198,-0.4413654107618883,0.03334439195789485,-0.3964017747819053,-0.010329590194993798,0.028829295907533137,0.18712373369919333,-0.13247786135429052,0.18385451778352624,0.25826665949145344,0.4923149972087124,0.2608172716603956,0.2466321806787728,0.08744028411178895,0.4015483602471468,-0.13414833109506596,-0.19613503096224982,-0.035785831827958026,-0.20242918723965841,0.05893942726231416,0.36486245899534464,0.5959163481224384,0.3525213145773203,-0.3806131158896857,-0.3347130928969919,-0.2300180986224576,0.06950404649342612,0.22949504077263794,-0.3186831329222177,-0.27111593591603245,-0.2053365561392264,-0.07679030694666644,-0.2369838479143329,-0.24704395567538917
BOL,0.30168639064171465,-0.36341369206737606,-0.10045483934415489,0.35511452352181494,-0.6009997818895292,0.04319135481669667,-0.1868030972487913,-0.11462513949576159,-0.32322853250484473,0.22455492496816443,0.24363267088903273,0.15131591408009792,-0.3134863611563048,-0.11811695590228788,-0.36665673722979,-0.47424762443745694,-0.14019890092563148,-0.40180614644710344,1.0,0.08118133579526376,-0.1598309196033001,-0.19888558228582975,0.19109809887184603,0.34158136922028204,-0.03215449656281688,-0.2693135657889012,-0.12153793643333888,-0.07867119923123478,0.27231006336400065,0.45839857841539344,0.25883162280527783,0.18434124900482174,0.20364002561300576,0.13194577878716995,-0.5447536721695498,-0.4417780107486964,-0.5249823412109973,-0.1588662190221113,-0.008541446028260014,-0.4163246785227015,-0.3373356924612736,0.018667009413240176,0.18909990384028097,0.5358800528779453,0.2771401787302592,-0.37976116345841415,-0.2932177415117423,0.20910634713873455,-0.2115589739986259,-0.06268233250257649,-0.2441345204926091,0.169608931731262,-0.09032228064505388,-0.5934471788129887,0.2539618603337169,0.1608566015622126,0.17956898850588843,0.2735499303620713,0.44234324828081517,-0.4285073871279592,0.19574975710519082,0.0647431405345662,-0.45165017360196646,0.4796710381564877,-0.2030110215774552,0.18186087504547044,-0.05463474389740752,-0.39806164129862687,0.10630401777849963,0.3221771786436788,-0.011997828693105728,0.030171419753216133,-0.23957397153574922,0.02037356720880279,-0.0014587298967505546,0.18957910230451325,-0.36725046972552033,0.05628962375406388,-0.1307406595230718,0.04224340546568872,-0.00530810701908857,0.10862933362497063,-0.21142136860455585,-0.008858109858277396,-0.3981024413808365,-0.40326758370820914,-0.24263226810371608,-0.1802442756032241,-0.015011351990338095,0.2508121981863143,-0.5899331049590408,0.21366721651128984,-0.4589746348838073,0.2819248317419454,-0.4227910497977443,-0.4591369760647479,-0.09109013269616928,0.21982187615835758,0.07563814728760243,-0.5739582480127414,0.2671184205407686,-0.2250196173522585,-0.008204440305424443,0.27151682971928215,0.06439200776572984,-0.22047515869612844,-0.06977456624196754,-0.08575815086040528,0.11151704709040644,0.13501550986868405,0.29848634032808263,-0.39489051845239254,0.3007246408292461,0.11608523196019127,-0.21700776533319988,-0.44193606808987784,0.0416942702460561,0.5167180184554923,0.11332092787473602,-0.12290532857262493,0.08365982967870644,-0.05498064047042428,0.20645756805890847,0.0820090245810512,-0.42991649522600195,0.16414494283238856,0.28797323065270386,-0.025190696514275412,-0.4261398285879543,-0.05316938101788993,-0.35430821760274656,-0.3165831786080353,-0.2643787440568861,-0.11542548989815904,0.1885667056115906,0.34369392201303084,0.23459448911980862,-0.07525348180110081,-0.011378666016623962,0.27587348375498655,0.050878444050435956,-0.34573255007647785,-0.041428870578300137,0.30551731809588833,0.1942726056485975,-0.15943801797228918,-0.16140686327219034,0.0021344581618045755,0.22625132951181104,-0.2177455119393965,0.06452184193996979,0.21700980893479072,0.3374495842914509
BRA,-0.13564519577645529,0.23177325952625516,-0.22298504340727798,0.5333960587371608,-0.26726631988747207,0.38497198054023174,0.19817257261033805,0.10236621244722932,0.2376107392236172,-0.22001546438049102,-0.301436432926355,0.16764362411252232,0.2655203515560166,-0.039382505388815714,0.08904754177734309,0.1454580390978606,0.22324960656549253,-0.4122466823231914,0.08118133579526376,1.0,-0.12110135830254976,-0.19439650155373434,-0.15023018942056865,-0.38912645131516443,0.24897881489738394,0.12368788207193981,0.5821587618224205,0.7100790514491991,-0.211740120355433,-0.13649384154101818,-0.3077415978344116,-0.39613791002749554,0.8144245106244715,-0.3887969127829507,0.07627128756040757,0.44468513040366286,-0.05896928858249906,0.1410618703762575,0.46644142143235634,-0.19802077326089207,0.2488248343819519,0.47953622580318744,0.49574194117325043,0.27675599015949226,0.11856426245892837,0.5805067735126693,0.012149090362371995,-0.10133439643882625,0.2636759417355672,-0.37954044271238474,0.6051673816237341,-0.2463928362557921,0.516293197479453,-0.15500531198111345,-0.1831026504159261,-0.3696117567610011,-0.21762153603252044,-0.30318604342546185,-0.3706844869745931,0.43864331263477063,0.039075238534657886,-0.3545559751531717,0.13210158462451327,-0.019622690382210317,0.19722511594108805,0.35469663046141076,0.40919526685257757,-0.19837490572133354,0.5105469760299622,0.08712120123932299,0.0863884243570261,0.30754851267680494,0.5799245879608932,0.6223949415875548,0.1214289148224944,-0.12108583353260727,-0.2643767067428118,-0.31646622252072376,0.42425590173679106,0.13810212830284418,0.05922781341910288,-0.0557908789141397,0.11016133098988434,-0.373184526268308,0.03502505454341209,-0.0879455525636692,0.14121844096553793,0.430505050562369,0.07854274542008177,-0.29788730472058145,-0.2018033958733607,0.5639868362455094,0.020873140485703545,-0.31892954191814527,-0.09543481572126655,0.01522112977302903,-0.32027463416638313,-0.3814141773859292,-0.43455533770511723,-0.1603634906672684,-0.29325831337386377,0.14274863639207025,-0.4349115477264949,-0.2528796130007356,-0.39389378742890413,0.3016791146511393,0.19215106720940722,0.3513493106236183,0.2820254381148053,-0.2795226097442982,0.1662367897159691,-0.040574847654104795,0.589216363770709,0.31673659979774005,0.34705090045713094,0.25623851844307444,0.0006744351449016195,-0.07698747416382568,-0.25834768144590536,0.37694582880204686,0.6201711982419635,-0.32869426949086966,-0.0005087053616532611,-0.1651649849500798,-0.01903349431399759,-0.6068756232646315,-0.2914289605415079,0.22682389467869146,0.22740275011841649,-0.1366203341925436,-0.005514240474459031,-0.12278270416181813,0.37044041252981663,-0.410921729318674,-0.1337544270969191,-0.41441339399153376,-0.3497067182936282,0.2280350651562536,-0.24363342161639645,-0.23004696163781047,-0.375181471278752,0.32514611012560724,0.6836731042542712,-0.280642367677961,-0.29105479701490644,0.5513697956272001,0.5791877193138691,0.6256659118788547,0.037237546941050415,-0.09560557197043318,0.23438709717561756,-0.3560102094473503,-0.17660867038425043
BRN,-0.44478268224294126,0.1987126990332293,0.3961389866716929,-0.4834519683489624,0.21366639216557182,0.2960637800652681,0.3391845836079339,0.8122609315593944,0.34654767887912774,-0.31193577850110965,-0.372061401520124,-0.3922500584276285,0.22219598641289928,0.7450244361523619,0.285186711468032,0.3270575458872247,0.2585787933255457,0.13428997154835998,-0.1598309196033001,-0.12110135830254976,1.0,0.2072768543415816,0.11117982067274657,-0.38621912703022554,0.26754984963529904,0.32827678491018186,0.1902375256697656,0.33408471165956577,-0.3019025438031946,-0.45181764458833906,-0.4183082989587237,0.043064031578851525,-0.2933327644887136,-0.42766456368929995,0.055888927341828265,0.26406602180843175,0.19545152183822034,0.3955807680424046,0.26026504329801137,0.07942049566481013,0.4647584298083349,0.10867423403390086,0.09477875621639109,-0.13375499150202463,-0.5018551632420039,0.14795911812021245,0.3353833874029035,-0.5091934693051683,0.4504524403010044,-0.07262551620320035,0.14924807285653063,0.19266996964127636,0.0731472242848612,0.03990574035405681,-0.48045532285352155,-0.29652832051136335,-0.4563776166171025,-0.24449307029205447,0.13132047762388632,0.17224074697128533,-0.43315679511429783,-0.42212622355509444,0.31061279709751066,-0.5027837296093485,0.24905136847241938,0.046662918611638626,-0.23247865161271308,0.3901073905162229,-0.15473766476264728,0.19920149911582952,0.3265137980384454,0.07989692955054206,0.23958348183841416,0.17258191794341027,0.16579289347274917,-0.5054952616529047,-0.035717821059465305,0.039587250694243514,0.35968853719686456,0.7940569395832295,-0.3165303791942764,0.3722103539407019,-0.18441568872512693,-0.08660572851635973,0.36622160323406894,0.22017749923296204,0.28758848800544246,-0.02766460785498115,-0.005508368548577058,-0.4557026951981098,0.09846687104182761,0.0527669564883797,0.3392775504052348,-0.2810154332667041,0.12513076060782757,0.15851442744510558,0.42014095490230163,-0.3799820910501608,-0.1584229738238243,0.20196121377165732,-0.5597857256569498,0.5305596408787518,-0.08589444222412768,-0.36779589510575805,-0.31106410028009823,0.2047904964286812,0.6406335511609155,-0.39177627737291254,0.1479466387936692,0.5944520251962846,-0.627457462601744,0.3341060495984358,-0.029724339094657992,-0.2587922642232541,0.31737266794070784,0.12467221239505,0.16072542430232029,-0.19737787184351707,0.49960033411621496,0.07697353884841707,0.13173860667264736,-0.42258809802829767,0.42337813738648467,0.19959302959871927,0.2563441534628048,-0.17318570334167505,-0.4150386226829823,0.22093987364785184,0.28634772388476526,-0.5077908804824494,0.426268609902128,0.45653289807078257,0.28927062543255266,0.09187141513331254,-0.6275951884364703,-0.2722687596960762,-0.3219696176228015,0.2838670253042248,-0.2057813327937814,0.03409514452855489,-0.0044432036228851945,-0.022976162879637663,-0.28075675083307927,-0.2985864122511097,-0.4164775922290245,-0.04968108471163868,0.10719322634873207,0.05105805309800038,-0.2037539872622096,0.10093492394578463,-0.038248897818154104,-0.4337100300066181,-0.742319336087935
BTN,-0.13981531201052588,0.373940570152026,-0.1194455978347293,-0.2553919057938414,0.06981175474428869,-0.2651206869250309,-0.13416260278875702,0.25600611241923066,-0.2193182872960282,0.09981878998188587,0.1675173113842099,0.06381509985292233,0.058469611640663,0.036518078450327285,-0.07038650097056554,0.30046100229517214,0.23086622681435864,0.38732476755468714,-0.19888558228582975,-0.19439650155373434,0.2072768543415816,1.0,-0.32898780921189363,-0.08459407392878204,-0.3088866908459367,-0.24653698087933185,-0.11496939101580916,-0.003900994679435499,0.00765569662049681,-0.10292611996474199,-0.11862136559465619,-0.2161191233386961,-0.2794931594486938,0.14954315157697606,0.34119522170454286,0.11000053168601964,-0.01678428276729438,-0.04827668809976937,-0.33104213374301494,0.040895555404918627,-0.051362402571698995,0.1298758052026252,0.026811846193068867,-0.19701089932745397,-0.14258100436984478,-0.19129510417283901,-0.03426582579983073,0.06806463852682176,-0.09066572580673005,0.39633340454921373,-0.31954544635275983,-0.11910184417479752,-0.39440245710149835,0.16312329797289538,0.061097653754419,0.1635976412192638,0.039855180059712225,0.2001358981721606,-0.09697548159862635,-0.13629069012087425,0.06833669585294855,0.15793356309115103,0.2127693950399474,-0.20833078405717087,0.0038514446703482585,0.030466575379181182,0.09259093753126535,-0.007116963763126982,-0.10558406575720691,-0.2156295942143145,-0.00903798789790855,-0.35788994787436956,-0.19502334114889064,-0.28690660753421127,-0.11025780215964853,-0.09958120159792716,0.5101167768327936,0.37321236813864545,-0.07437391414906536,-0.0069605939640458026,-0.420227781215492,0.006314427200495576,0.1725969011148697,0.22301851510049264,0.05678305737132827,-0.163578286298379,0.055090293780521216,0.2722554923412728,0.3079135350873041,0.03709767803237185,0.33739852403341386,-0.3206404638945628,0.27021218695192406,0.12610481363051562,-0.01305113364273236,0.053771422347078435,0.3164881402505505,-0.04658023281595636,0.08211843420030995,0.412113175227095,0.0223686448347985,0.08762457805129964,0.050385990910088774,0.16198602005592444,0.09419373434162248,-0.20111222879191826,-0.029346509494565076,-0.012474799860535901,-0.243653891359902,-0.09367421294313538,-0.04533264536246828,-0.26031851893469327,-0.17825266001056272,0.046701398601408206,0.042415691379174225,-0.05455879659366181,0.4114395439140184,-0.4762492590448115,-0.07512778343316917,0.02076427881965881,-0.03413792097517199,0.17381269897829765,-0.1778552745368598,0.17923563745537852,-0.1262819095670098,0.3289847247083575,0.06267764092666395,0.24253928118495816,0.15085558602386717,-0.13626218339282392,0.09670971381180116,0.1353640773052418,-0.1743990508211184,0.21567863512042207,-0.2981595499295402,0.056979282890818994,0.15975098680490651,0.28538798387324094,0.31758450177910946,0.025671118720406505,0.5008569333428803,0.027487143809497128,-0.12418993617046858,0.020871713011633708,-0.0019806510868753957,0.07111217282228222,0.044544059723988116,-0.4088485969778255,0.1610586533315317,0.3421786718097112,-0.4799180614426195,-0.207640785159797,-0.06922853823897279
BWA,0.30165370088433263,-0.29103851792213975,-0.08686305120673499,-0.037381902664769706,-0.04279591597398258,0.03075229032519522,0.06884864697798776,-0.144481031930475,0.08982446195814597,-0.12074285206015034,0.11397044507907872,-0.416432144268033,-0.14209966819009412,-0.14802620436063507,0.14567582179703864,-0.00981259376708854,-0.3936794635938001,0.12886461632063262,0.19109809887184603,-0.15023018942056865,0.11117982067274657,-0.32898780921189363,1.0,0.20301081515320507,0.1347167919166271,-0.06264565229894425,-0.09446311646903882,-0.33870938879319,-0.07505330347942785,0.08318009222173028,0.1906123592792095,0.5513181340046462,0.0022568269565319543,-0.06477124577641491,0.12979399591608565,-0.11022230528201749,-0.002667081457198517,-0.17035815779836905,-0.03252810666475581,0.4338192882922103,0.005827942900589522,-0.24503077711408272,0.059994227105896636,-0.15137691678394405,-0.32169646358419035,-0.011271041848393004,0.11840114042552385,-0.2149536911273855,0.1767829354646122,0.12812809872770847,0.07308508340620601,0.3478867090641189,0.021482818803099768,-0.0933187295580169,-0.4239260441389039,0.0629181276721984,0.07534577732024383,0.055931856274483494,0.7166703523635822,-0.009728531313485611,-0.26672269622662825,-0.010592102534008552,-0.08790058781775945,0.2475848340368303,-0.11361697662091719,-0.5629772052101196,-0.518509839752531,-0.14609649279792958,-0.2796918776591706,0.47829338736465155,0.09098901223952238,0.1234897665520227,-0.11189285666648874,-0.13105108445388525,-0.27198631792281613,0.02634707185454599,-0.495500906376096,-0.6768180088174298,-0.26857131428358105,0.09895153637466891,-0.036645813542155015,0.42016011327714176,-0.5124545267973428,0.5323484400498,0.010145259848576393,0.11995515326887674,0.02833995252116084,-0.17930442027150995,-0.26425036562983917,0.07147674611906629,-0.14672548129957286,-0.4223411549900882,-0.07348086093568096,0.014266244506676573,-0.027446715277223754,0.07056451189103885,-0.15082315804422386,0.23133555480460677,0.25882790690855384,-0.15474932819373555,0.1620644392315509,-0.4579581404705828,0.6714191402384672,-0.15569510891064042,-0.20696543674106205,-0.009263762858958247,-0.005961578637188714,-0.22060887589844191,0.1386745566528047,0.13498139457803138,-0.1760980555213436,0.31702683202197113,-0.2468523085933927,-0.3640828501904685,-0.28264026859776425,-0.09143080282298888,-0.40670342186052766,0.563827363420139,-0.017365898419909875,-0.08713027754171598,-0.3476313492652283,0.16908386016245502,0.0856603441888425,-0.013359845871187437,-0.2023569600870465,0.07690291044418562,-0.08099157411370794,-0.11669909623662944,-0.16057722860239365,0.14522439897135753,-0.005128172112669915,-0.08900624324407724,0.12843067802193464,0.6146935131977201,-0.07862458397679561,0.013092268939083995,-0.04218507654092485,-0.5903734218423882,-0.2762805290397685,0.4061054257168797,-0.12228908933084393,0.2439856592272227,-0.22036601710531767,-0.16594520551265424,-0.06036059866455035,0.11410145970963881,-0.05738819643709481,-0.11159713264457638,-0.40420325871622076,-0.7407094750688863,0.6988948390255015,0.3221736214020483,0.17921821437301966
CAF,0.8120628571143846,-0.44132367680484563,-0.4213861666997747,-0.2672244521064524,-0.3014224097707059,-0.7279011758405707,-0.896435814717027,-0.3755768349855493,-0.865736250075388,0.8739242193184037,0.8839027524710094,0.41545736634027974,-0.8477765520918195,-0.6361984706037291,-0.5317184034265152,-0.7064458916947793,-0.7504018034382289,-0.032632722493503685,0.34158136922028204,-0.38912645131516443,-0.38621912703022554,-0.08459407392878204,0.20301081515320507,1.0,-0.6296483221505524,-0.7908879127794108,-0.7928892682142956,-0.5142051282762372,0.8702090051285275,0.9230981612654037,0.8348481312139756,0.7374875515094296,-0.20189668750208734,0.8282140061998692,-0.16627592166128058,-0.6642397829607818,-0.7021606692106845,-0.8915848993993798,-0.85779872957304,0.2446185572085392,-0.9177096033147554,-0.3166890816147039,0.07413448312584126,-0.11998707546714682,0.29579389904716014,-0.8320758790995768,-0.8058770229603067,0.7970083532673067,-0.8541538246117293,0.20521724059996815,-0.8157870514131988,0.3675037471570315,-0.7738493340138695,-0.29738937854140013,0.653051574708809,0.895679686152468,0.8848498732849756,0.8874295058277598,0.5136226243055516,-0.8343015937328186,0.57287194840796,0.7281385071561606,-0.8610433401457809,0.7400004182416464,-0.8635122100485884,0.1120189797975657,0.18760263082099082,-0.7278115778914052,-0.36755490243964717,0.11815231288108907,-0.7374654766507023,-0.6122199088571327,-0.8737942868899182,-0.7993544125258227,-0.4429596147251904,0.8183763803250549,-0.04615340652142663,0.315379238483388,-0.9117376957193191,-0.5730051873636177,0.05427738541087235,-0.058005307607409407,-0.07839375658153491,0.5385565544272222,-0.8588089490475572,-0.6475533686027042,-0.769421931697273,-0.10019823383060378,-0.33829947763256074,0.9185035742599803,-0.4275263125355975,-0.43868163092753454,-0.6666423020496268,0.9192624394567068,-0.5460628404252246,-0.5960213020669325,-0.20167014129680494,0.9191294798705179,0.8350769019951351,-0.46176594803226645,0.8737965093461275,-0.656490024898106,0.6093068042736348,0.8589947293746711,0.4725164698543092,-0.8457385339057126,-0.8314687299938195,0.39953808717668515,-0.6575673278035252,-0.19248417125610628,0.7018757959666335,-0.40324726495607854,-0.21231956457338574,0.11117971807598082,-0.8945098534435161,-0.8185215316028072,0.1033644404450138,0.2590799121254861,-0.14813197060365102,-0.8157503225366045,-0.6885000343023706,0.8082552064728622,-0.2463294947397907,0.6241527092606258,-0.7068956339840491,0.7044475505744695,0.9135176761474657,-0.19349319736924397,-0.8111956753524561,0.40734027744492085,-0.8319830930725955,-0.8279783380412327,-0.8782144825246101,0.4237322869253326,0.6482830893136122,0.910888607888167,0.8871798527881347,-0.5567383385528588,0.47004752105939906,0.33248421392646343,0.05728278310063095,-0.31806621762577914,-0.5228806973401365,0.8372672770789261,0.8793404450217777,-0.5986573803911528,-0.6590423035616748,-0.6100003437852255,0.10980866128861566,-0.12088296451476044,0.04863993727535276,0.8270253943901243,0.5821761083766926
CAN,-0.39901844470585157,-0.25727253724381827,0.7706118563039195,0.26162714561661193,0.2886735756124583,0.9314439818073695,0.7003511886674002,0.08721276204875095,0.68230356270757,-0.663157725609814,-0.6644241074086743,-0.3461657654955952,0.3309077529290443,0.46580506262051213,0.32413202746928893,0.15052444266846632,0.23085608349076037,-0.24660628529902628,-0.03215449656281688,0.24897881489738394,0.26754984963529904,-0.3088866908459367,0.1347167919166271,-0.6296483221505524,1.0,0.6986080972463282,0.5641228812204373,0.32235123390761555,-0.6260663932027613,-0.569827797981675,-0.5094187588710362,-0.3983839492699821,0.2718570989294773,-0.6941192035048689,-0.17099685091595296,0.27548485668248524,0.4458794065311089,0.5923792146196151,0.726440216256028,-0.3757863153633405,0.6224135094514205,0.015796492528422634,0.10256985556986031,0.09813685306396824,-0.1473482320270676,0.714572971224754,0.4948489794541333,-0.5517055751439448,0.703999445161878,-0.5526947332169145,0.6210726215489968,-0.15840588931706834,0.7648575068624475,0.34412182327566143,-0.5849498716800823,-0.7315630733814047,-0.6797781654198423,-0.7051338938401721,-0.13968189992540614,0.49608663254178187,-0.5006470992309131,-0.5988319045126003,0.3938521808355475,-0.48576377545214666,0.38153999080988,-0.15293119903775731,-0.2706142477999538,0.5744096340339838,0.3954877509712169,0.21604911977355534,0.5447401588128915,0.7089045743576532,0.5864337246007139,0.6126973063392523,0.4716769844677272,-0.5884724810553934,-0.2745338762841758,-0.5322302754005446,0.6511732401210307,0.5509732854133642,-0.024133604586746404,0.0741984235480917,-0.3522110866482646,-0.4797889357483265,0.5310526296485831,0.5606787757531022,0.2565776492223486,-0.209729322184653,-0.33263696248274055,-0.6569557250012616,0.04465240955570604,0.3501502176397303,0.1194870818001631,-0.6345899994633695,0.5228622070787964,0.19374699214425128,0.09690928800947995,-0.5589670926210424,-0.5121080143636514,-0.17639434289855171,-0.5604968296615673,0.4927302322011573,-0.3661353262507543,-0.6237741754169293,-0.5931733516991626,0.6729093227161108,0.7207758427158629,-0.6372940383337187,0.811981550295985,0.6540975837507979,-0.5423348685816287,0.34446370344080535,0.20406020556883409,-0.2790632353531626,0.45231070333434986,0.5966528086071523,-0.33302478729510776,0.134067499246608,0.6379452929300217,0.3667075682459794,0.4477395454821995,-0.5595391227177768,0.7932327716286928,-0.4791653001686984,0.596269476891123,-0.5291232137282731,-0.7268161687281869,-0.26482342851693574,0.20617239715889846,-0.3073595272965046,0.3636958100726545,0.47044767095608553,0.6442454024368296,-0.41345837865541113,-0.2124408033266869,-0.4857713395926977,-0.712817389509524,0.16568082881629675,-0.5039041610243808,-0.2350694397734785,-0.4823876865054144,0.061836851253660896,0.31952743302625297,-0.5263640940349932,-0.5586178876047438,0.34243509038266295,0.26206155290598265,0.6820997227587002,-0.03843302418154515,-0.2239240661395716,0.20624751559797094,-0.43403492089758866,-0.3700370661216479
CHE,-0.7228310683506773,0.11836488888801011,0.64961301633302,0.10965996586355731,0.5004426623494398,0.718100760788833,0.842689398615963,0.21606705355601652,0.8634805053884261,-0.7442689377036993,-0.8765795933992822,-0.39775522742543545,0.6428863221308448,0.6648387614145465,0.6110621477347702,0.3381926401522293,0.4194783853228208,0.03562077311606204,-0.2693135657889012,0.12368788207193981,0.32827678491018186,-0.24653698087933185,-0.06264565229894425,-0.7908879127794108,0.6986080972463282,1.0,0.6312365150595165,0.20868128940472597,-0.6958809088877738,-0.7641378545002893,-0.7065029013519579,-0.5284166446767049,0.08755131637947311,-0.7107061210562469,0.08228038796083625,0.6570675642440384,0.7640808022250671,0.7922296093933017,0.7848645932023067,-0.11086391799899653,0.8566653002460893,0.20517219550687193,-0.3364269143471801,0.14831462947455876,-0.29396968304617843,0.7273900627606504,0.7532265927675996,-0.7490837223840723,0.7624631072181974,-0.3157622891366909,0.7118646841391179,-0.21545149190446722,0.7996545528156378,0.36079973790236297,-0.5356445527909774,-0.8634153198837615,-0.7092988705192484,-0.841397995421195,-0.39301022942263697,0.6915520771600289,-0.42596351465836735,-0.583549463552518,0.6105754723262142,-0.5827426620511544,0.6797514779660557,-0.22761573950211345,-0.43027067163888555,0.8423537438888379,0.08934820641995789,-0.15590765584856503,0.6797741177099631,0.6893168943111148,0.7113705488318899,0.688865954345036,0.35479090964990845,-0.7259589805871194,-0.12919007005251748,-0.31206060640423616,0.73357440966716,0.5468400889856416,0.11269734360915873,-0.13715111244677236,-0.0451139243886336,-0.615515523334957,0.7981213279191934,0.7978153232799287,0.6073141487103221,-0.2428387928261191,0.08379056185505185,-0.8263907308532383,0.37652622186820306,0.4540727825274258,0.45150085644074267,-0.8441616526509865,0.7636781138179429,0.4984408621890122,-0.0047439653905130275,-0.7989589169075981,-0.7131153891658468,0.26262410411873505,-0.8289541105348941,0.568722276023384,-0.5217710006329839,-0.8217489179184241,-0.4019803781078397,0.8154907564242516,0.7823860218356603,-0.4883565091671316,0.7198078271381653,0.39156763938367867,-0.741909623959184,0.6864405906418564,0.146737811022558,-0.22227877655752892,0.6136470656042073,0.7909115475145588,-0.13372321228793993,0.011293392317095252,0.4188811214958823,0.5552532005246696,0.35368663553302404,-0.7533090005834091,0.35937699435261694,-0.5396284684760289,0.8782791983149915,-0.6273480477430728,-0.7675574685585507,0.13464640014929696,0.4906339640235493,-0.19492107277942838,0.6599893548592998,0.7349407336936428,0.8044207807268395,-0.45088677330677873,-0.3908015956315254,-0.7298460583414736,-0.7871900214977727,0.3674147989864277,-0.618248264514113,-0.26914066676399306,-0.2743406553136516,0.12146154391217778,0.23800946793065947,-0.719936475207664,-0.7372411332025588,0.18139701770548866,0.4895163707276876,0.5802922113976934,-0.34382827215089207,-0.06160615296280714,-0.07396404237516152,-0.5731668072205525,-0.5732618579890185
CHL,-0.47889488314382045,0.47464538692275693,0.29121328486964126,0.6047089835084294,0.2312862501877424,0.6377819662738058,0.6790382834919892,0.29195053852783304,0.6262972334134291,-0.7767551482068853,-0.7996180852064123,-0.23610151353903408,0.5830488665695239,0.4330888674143474,0.3602058278075766,0.5358082265933846,0.6527875287090188,-0.2237322617610049,-0.12153793643333888,0.5821587618224205,0.1902375256697656,-0.11496939101580916,-0.09446311646903882,-0.7928892682142956,0.5641228812204373,0.6312365150595165,1.0,0.49733834856630477,-0.7633382337986934,-0.7013239564638376,-0.7016533305041466,-0.4614276777716464,0.5959487201287259,-0.7654106527768278,0.079496788115626,0.6012534892729824,0.3501061176413178,0.6305709158825743,0.713508831983519,-0.26924718470469333,0.7126482860496806,0.41729306625527873,0.22521474544521658,0.24747679711438864,-0.05265183036275212,0.7960628515271788,0.5925182372470588,-0.5620144846592519,0.6956975851871232,-0.3375448460502235,0.6785784346665976,-0.0005630031866534768,0.6335286798884358,0.18625878457357237,-0.41264829775117695,-0.7748796694555113,-0.6484751171865406,-0.7686242914198291,-0.3778095261198997,0.7270808716343451,-0.4872028778784536,-0.6533542938851669,0.5181928567827159,-0.30045025512546064,0.6399046305563705,0.0326359104227083,-0.1531512233574137,0.4748700725563104,0.6429255177013746,0.058104929210752054,0.5861136328388818,0.460417028412513,0.7785026014891628,0.7352823166516614,0.3592803150596289,-0.7066618931273629,-0.20848998230318605,-0.3860376616847785,0.8149659759081582,0.43485617601574456,0.11807728989802024,0.2697886788568018,0.027507887068826897,-0.5199255121527036,0.6180931167158568,0.39232385329118036,0.56133521720003,0.1673885903699397,0.06766444894320922,-0.8103190903988384,0.023757752520485065,0.46410678731978994,0.564770943815253,-0.8153558440304143,0.3009132438112845,0.43828512571359857,0.1431480120730072,-0.7939729527701331,-0.6440088548603176,0.10275392983126119,-0.7315386152457175,0.5257337339220235,-0.4814556715222782,-0.7862326730543399,-0.22742184969072898,0.6252922458467496,0.6890404046006222,-0.13854322967568233,0.5806753943039836,0.08780174306707889,-0.4710168232639169,0.3244906861717284,0.6452791791522984,-0.17593338125587743,0.6330060014243517,0.6059390970046487,0.06868051477169601,-0.08198049202791191,0.03775031054635769,0.6268143349885191,0.63229944224529,-0.7094669719430242,0.20806973922451588,-0.6546804632922867,0.5075209830307632,-0.8089037064289111,-0.6754792853194473,0.06001350263610117,0.6134392873918715,-0.36280258085242023,0.5131773085473521,0.5071451898799128,0.7566817958665679,-0.3833515441452131,-0.270316200035452,-0.8190470725465908,-0.8421082787439298,0.24940314358477345,-0.3828353068001693,-0.5663235412359864,-0.3098611723709128,0.3776966445655233,0.7443009751091738,-0.6843254614009175,-0.742299997120818,0.5412518077988873,0.7303702966107752,0.5518768573819169,-0.08446275505665501,-0.05012073382496096,0.1453472881350686,-0.6588425075502635,-0.3070711473330585
CHN,-0.38538577334038604,0.2721922016757561,0.058636427938564495,0.11037372189241212,-0.15236041826978663,0.4292476603048402,0.28358860011535447,0.5489220250438336,0.24755878308939394,-0.274221107748851,-0.33692178814588103,0.23576629831293472,0.23712716004459167,0.25883824476042494,-0.018122724996988193,0.27159922897835065,0.35747619629584715,-0.39956284100203376,-0.07867119923123478,0.7100790514491991,0.33408471165956577,-0.003900994679435499,-0.33870938879319,-0.5142051282762372,0.32235123390761555,0.20868128940472597,0.49733834856630477,1.0,-0.23909547872051107,-0.3104193749799258,-0.3882947506935257,-0.3854543723306749,0.473089692749058,-0.5274021573811623,-0.159650010262677,0.35146933044758144,-0.061400157179211545,0.34400358142920384,0.5087876681518672,-0.31434253984190463,0.28472987768483193,0.34520272766977067,0.4111100041884189,0.26692216113413303,0.06909709227106875,0.5251159870646687,0.06816255437797192,-0.13712420883907495,0.33230808462304195,-0.5548129906364849,0.4975090346726667,-0.32870184609473174,0.391940252211308,-0.13705264223927593,-0.23917396638090715,-0.39481949225107593,-0.47569710355530037,-0.3877338049616874,-0.46087731255902686,0.35309014789984194,-0.0193770221676699,-0.3779365747563803,0.21781140577752856,-0.2611281639377645,0.2512394150390417,0.6073615247947751,0.5716825753455104,0.07221205996342006,0.46478923170123176,0.07636268840938143,0.017734676157752927,0.10941971014651308,0.6502583994953155,0.6220302478341453,0.30799159182259106,-0.19183928797441308,-0.07082561005484145,0.023685555124905444,0.6156855874715074,0.4301640402784448,-0.3125656448221892,0.0191908113727548,0.3027460527589927,-0.434637952766471,0.14600891380109837,-0.1357489404455272,0.15911166724859105,0.3636245717352349,0.07708612264584502,-0.34888880777010467,-0.141601740892231,0.6209397361713923,0.1433737592544232,-0.3116405486353586,-0.19482896990177823,-0.0835088848938641,-0.0509645305225217,-0.44067796469784226,-0.47525388475226493,-0.015312628475664392,-0.41486396024225436,0.5459688266406505,-0.5260734721087976,-0.2687501633081708,-0.363022897438146,0.22492563202368343,0.3978758214553959,0.10861592095958106,0.15279360600826386,0.03407527067306393,-0.015950925579118147,0.032559130726492636,0.45760319294776686,0.4141136011484732,0.5728022438728013,0.2750891292887794,0.02036915602071221,-0.37829480662431303,0.03214222290636759,0.4105481640253199,0.7015183909933654,-0.389112085937382,0.20871327090578407,0.02214939986769604,0.07526988584475713,-0.530417292771191,-0.35999211640430273,0.1759939015456169,0.3282235148085,-0.546547884545546,0.21904235120390292,0.14081638722384637,0.29063330743226123,-0.3666749881329918,-0.3882619342337241,-0.3776893233146128,-0.3771128590650972,0.5885008582973056,-0.13580224063562119,-0.2417366634713214,-0.3378997638212069,0.13338497154104478,0.39873669309650817,-0.2092942311800885,-0.2787501842572553,0.37299809561312325,0.2733040678543893,0.5958846267473936,0.10520896104197108,0.3324946849396786,0.09135222132626941,-0.45311401028964293,-0.4900380151453527
CIV,0.7107710945649126,-0.4410215827060948,-0.37338749651887615,-0.358951873693911,-0.3762060643648828,-0.6718624790820034,-0.9099298089426611,-0.22920035413083895,-0.833740542380714,0.9764671329273968,0.860464818032826,0.5627613837768155,-0.7624135028330592,-0.4881973585970132,-0.5415339041875007,-0.7883893312478709,-0.6718332042829056,-0.21055831018495352,0.27231006336400065,-0.211740120355433,-0.3019025438031946,0.00765569662049681,-0.07505330347942785,0.8702090051285275,-0.6260663932027613,-0.6958809088877738,-0.7633382337986934,-0.23909547872051107,1.0,0.937266586008476,0.8033519539440086,0.5547104297939373,-0.21659916997912276,0.7173128964734207,-0.2216594451294942,-0.5289474896018733,-0.7012639752698204,-0.8152377168664076,-0.7568347515682639,0.20513037442486737,-0.8399593618697123,-0.05769904511222368,0.057486542312867206,-0.15410313187204117,0.3086489055692574,-0.781944414331962,-0.9139425361389408,0.8361917225431202,-0.911462514991279,0.10104836543569362,-0.7410401311276928,0.21478315177314844,-0.6771437179505013,-0.3046864491401222,0.7515545627406148,0.859873658224693,0.8288498575620439,0.8402869083070071,0.36139927688384965,-0.8505099267175626,0.7733406586241752,0.6756428430290156,-0.8326917181211653,0.573368295269243,-0.8455633067563566,0.3803781343490986,0.4275692212918596,-0.6674173808318467,-0.3603253066270349,-0.0630053226058136,-0.816245572973926,-0.6050695333872098,-0.7836335484408785,-0.6518603346611056,-0.3135301169420359,0.8382379521399799,0.08826884165685212,0.5121326852333357,-0.7722543792527099,-0.48507011496906327,-0.160450900549316,-0.2286311329962809,0.04599968720391889,0.3751607808436299,-0.8726527998692353,-0.7006307191811008,-0.824638981433683,-0.09102510890636362,-0.25548453634521917,0.889934649743121,-0.45516269668160003,-0.15904249357249745,-0.7708185909904679,0.9190724126018703,-0.5100728092589981,-0.7453955197877538,-0.23235545030079874,0.7876555548025229,0.733026108095753,-0.4199434767580006,0.7279816400694632,-0.42741781712466453,0.40594823911131406,0.9100990655323427,0.3604111503272095,-0.7846051768735345,-0.7689872106026376,0.4141543819281699,-0.7195223547402287,-0.21120644790052912,0.7436784572964199,-0.35958857116468224,-0.07839927967221527,0.4618561091859371,-0.7342686521915236,-0.8107988160375892,0.20052023894131255,-0.07649446131644755,-0.0829223291503367,-0.7662449628527856,-0.4581667102776743,0.7277452432043517,-0.22209084535755141,0.7639463036881162,-0.5857074347087532,0.5911720706600304,0.9160630169259886,-0.053768156842274095,-0.7831036992104332,0.2564916551860945,-0.81871067488522,-0.8391869834647889,-0.891504268146194,0.21161650185111913,0.4748970404715682,0.9052168524718778,0.9396365238141619,-0.23861988393591993,0.42039841559884383,0.2128893165805975,-0.07225989858815374,-0.49810163315701383,-0.4742471929580667,0.879694760359577,0.8916179092867603,-0.6590409835203297,-0.6298379808053665,-0.4184750862596345,0.1612219302766067,0.13060498239961382,-0.1116329922071233,0.756068423464495,0.4209737176480207
CMR,0.8106510297264484,-0.463290403584405,-0.45950600925776874,-0.13919467365858962,-0.4618020319122662,-0.6176866698728674,-0.9010222645151229,-0.3472262860429485,-0.8731853682684634,0.9182359485969223,0.8665298963310556,0.5599665205326997,-0.8261178635665938,-0.6426946024572304,-0.5830828751554358,-0.7970606089403001,-0.7314964388235294,-0.23410136794280612,0.45839857841539344,-0.13649384154101818,-0.45181764458833906,-0.10292611996474199,0.08318009222173028,0.9230981612654037,-0.569827797981675,-0.7641378545002893,-0.7013239564638376,-0.3104193749799258,0.937266586008476,1.0,0.8305442088328583,0.5998216839876432,-0.025862089200338056,0.7496717120469943,-0.2773430597226598,-0.601760783513847,-0.7779882307380075,-0.8745340984778911,-0.7363051188459977,0.10194492754388618,-0.8958744834024703,-0.09028941856918982,0.17005365732973354,-0.02356518971554933,0.4037510109279384,-0.7589399616846568,-0.9134263788332468,0.8569200034651402,-0.8700272292139122,0.09255547521858842,-0.7056521612753213,0.2541915262513057,-0.6340598619692455,-0.3648050692029221,0.7135789656523197,0.835701027194752,0.8600258413061368,0.8595064903180161,0.4455759730272364,-0.8394992828682293,0.7201708858921707,0.647469213100998,-0.8745784962238372,0.7319243198730809,-0.8754953265544101,0.29855409098066865,0.366587703809345,-0.7965806248755447,-0.25280961273734914,0.05384627106264106,-0.7630960581225095,-0.5215287038187504,-0.7749677967742135,-0.632396266773076,-0.33268834338339803,0.8748478863623943,-0.026347138534596803,0.325229407044374,-0.8107757471559784,-0.5650857840928507,-0.05946431063435709,-0.1757635940247948,-0.0003092627478138432,0.3911476084012666,-0.9241033002691106,-0.7607704637720265,-0.8268951471516943,-0.08566371253865213,-0.2916498983926903,0.9066377131637159,-0.5626203660150244,-0.2277560702502719,-0.81562405539638,0.9086941890855483,-0.596761940499503,-0.7271042881188376,-0.3259674217112716,0.8281385305029388,0.7310339145703278,-0.5521499439063491,0.8337543804824024,-0.5981979253229395,0.46322825721157845,0.9028682080456581,0.3854850008089805,-0.8083239541125085,-0.7907431686416602,0.4210524938150697,-0.5984288171469325,-0.24125948186049406,0.8179050639541444,-0.41417683142816175,0.004898100945788242,0.3716849157619768,-0.7952064060815149,-0.826473999725005,0.13692365577553767,0.13763944146685914,-0.1620160392620824,-0.7284079581910263,-0.4633079240217106,0.734643250512213,-0.20390459673553307,0.6448792346831517,-0.7368148811793769,0.5820742267819069,0.9104666811344921,-0.1844275787547518,-0.8386643549190069,0.32739658330227295,-0.8816432323922072,-0.9011945332900315,-0.863106067852943,0.2495529184139743,0.5849376373269308,0.8937747316856517,0.902270452191988,-0.42342524291715167,0.4553281727246463,0.26407418062798715,-0.033364969972754066,-0.440067102115115,-0.3924840107560119,0.8719727353878963,0.8931735792920097,-0.5534378817860945,-0.5781237016539715,-0.38947750542432913,0.23499808113839493,-0.06635583238755727,0.030342892125608367,0.7917979925285119,0.5802719865898667
COD,0.838217058546475,-0.5497927958529765,-0.30087267945503493,-0.24538060523344174,-0.3588441590160105,-0.6492530763692383,-0.7847832352294382,-0.36773335235307636,-0.7260803064548078,0.7438552696895849,0.8860727996686141,0.37099300753882614,-0.6922525109198159,-0.56779889231679,-0.7024184110415601,-0.6852343561133942,-0.5873008201869139,-0.29735455541916567,0.25883162280527783,-0.3077415978344116,-0.4183082989587237,-0.11862136559465619,0.1906123592792095,0.8348481312139756,-0.5094187588710362,-0.7065029013519579,-0.7016533305041466,-0.3882947506935257,0.8033519539440086,0.8305442088328583,1.0,0.687562199745136,-0.2826852186216955,0.5119752414771072,-0.31290069762999284,-0.7462351738803277,-0.6841008973122991,-0.7062251195895772,-0.6600737743736029,0.20679901995507233,-0.7543350444202463,-0.3038615072492079,0.0874489529900827,-0.2733490201938267,0.2701212941645367,-0.7451605145015481,-0.7860398441673668,0.7099115046837238,-0.8164598729063788,0.09760456282564234,-0.6801189316494949,0.32825369106002267,-0.6289088337196165,-0.25656637086909995,0.6044789603540848,0.8537507667766089,0.6527361601300022,0.6985608256694754,0.5675426013482533,-0.8381541899580067,0.4320487304147642,0.7499815147489048,-0.7445217875085315,0.48896516556188707,-0.7051994825606771,0.1464289578119765,0.2883350243978615,-0.5792140105220112,-0.2277311457847513,0.21345227813104073,-0.7804327213251769,-0.5299062550665741,-0.7885284041621317,-0.6585758645719713,-0.33352442860087184,0.7280077008930461,0.15578553164600872,0.32319766066099476,-0.7341188816789099,-0.5279848090412447,-0.22634187135294903,0.1169158721552146,-0.12050046446178753,0.6350708202997283,-0.7680371344236145,-0.6488975252416269,-0.7680369251106209,-0.019255172052112135,-0.3478574607477789,0.9008593567949575,-0.5598997586853125,-0.26724102160705376,-0.7135374056399866,0.8376879043815249,-0.5284623094444483,-0.7041005941897422,-0.08377693204442105,0.9043340483188503,0.8067090406442328,-0.4742191649096914,0.8099852389266384,-0.4900220480833921,0.6300836978969818,0.7772501420491409,0.46905647517330396,-0.678833841978977,-0.743313852844599,0.13978848290575785,-0.7164158393091764,-0.13661263828931625,0.6206153218857227,-0.4321610367731954,-0.08900757157691541,0.35808128747289436,-0.6639319450690779,-0.7859391736675128,0.0436946513465879,0.055278502988097666,-0.15110162554891993,-0.6723118934612597,-0.4832933497242966,0.8039884930349278,-0.16826832256388102,0.5460741574591835,-0.5860702328378382,0.6559698682280627,0.7544981596794041,-0.22222297615387276,-0.6912468545628765,0.07349462124297179,-0.629982408619155,-0.6948118733358197,-0.7486067812876984,0.39867139410676233,0.3951457618627988,0.8316898810326419,0.8262710625477987,-0.3525101890302009,0.49205444230752926,0.20694608264649483,-0.06829948267764174,-0.33944789188881286,-0.40116621052683854,0.8035676077605498,0.8514157011530599,-0.41632948208294884,-0.7661424233788929,-0.5399468434475876,0.27192147020602997,0.08197409105085118,0.10202535699807491,0.9093837431480314,0.6532507809764667
COG,0.7533627876182483,-0.27766361644022153,-0.22188460895002904,-0.3574569439528552,-0.007093453892202728,-0.5731786954932994,-0.6320795298134212,-0.003784542965165061,-0.5749734935762485,0.4896865055742894,0.5946404492327271,0.08374207625794372,-0.7038600987839165,-0.3615999541518291,-0.4064155067283388,-0.4341009703085148,-0.5733829852176,-0.047673838641923094,0.18434124900482174,-0.39613791002749554,0.043064031578851525,-0.2161191233386961,0.5513181340046462,0.7374875515094296,-0.3983839492699821,-0.5284166446767049,-0.4614276777716464,-0.3854543723306749,0.5547104297939373,0.5998216839876432,0.687562199745136,1.0,-0.1865913594169175,0.37028750067015426,-0.14770870875211406,-0.5178693179803493,-0.5995055305367918,-0.6742060031185388,-0.646670572184507,0.45715354352545523,-0.566955401202609,-0.25969614065219027,0.24124967552727483,-0.3020953130126327,0.08826840642359302,-0.5795868591448106,-0.5193882650199604,0.4128649944490763,-0.509100580590669,0.1330202476732384,-0.6146645930082237,0.7512966716154605,-0.6692817686456385,-0.1385796738383751,0.3457665790114386,0.6857080122043455,0.566754205199899,0.5544213876747747,0.723028053486351,-0.6176127805121574,0.1010743754345712,0.4931334444319362,-0.6994481384273263,0.5528414599313994,-0.6364660396250104,0.016615191908405547,-0.0436077156630843,-0.4331533748559675,-0.26899625969989627,0.44191331505484577,-0.570971142204773,-0.5521993598675747,-0.6704279491152287,-0.6972325191073088,-0.3391558441509528,0.4888890345416952,-0.13340442342605607,0.06583035961641304,-0.6986895158371567,-0.24584680476879273,-0.12196692438273282,0.4235434715126244,-0.2740479953846686,0.646658760266803,-0.5475903063404473,-0.46864423501133734,-0.534038006529661,-0.0021342607442107475,-0.5189051141018974,0.5833352956309668,-0.5498853754910835,-0.44961626456136305,-0.33422181857871536,0.6265699449039647,-0.5052866716489599,-0.40721789121765073,0.04588451808755889,0.7185611300198111,0.8299913965171976,-0.419703955331999,0.5238287937897301,-0.3589255781974874,0.8260217253959758,0.4244875487848119,0.4140656247871384,-0.6593309553850242,-0.4740205144232019,0.1404082696492155,-0.5774999284617,0.07828255603906986,0.3029631313491712,-0.04192098752074913,-0.06195351114461922,-0.11524214671455635,-0.7301097234582388,-0.7046368007173243,0.18321799397849303,0.28349418288271144,-0.047741541182637626,-0.6904289519144717,-0.6570587896198927,0.6195792660551354,-0.06091384223863172,0.5195309616436562,-0.5296721210724529,0.41411959923490493,0.5784671908589982,-0.2805822583864104,-0.558019716923978,0.05623534396471874,-0.5033463013120167,-0.5686972605827456,-0.547242728705758,0.7092709873559785,0.3517026995688487,0.5988685988304472,0.536392490816057,-0.6137631212659675,0.340816539901976,0.15869636992719116,-0.16941774176761792,-0.05518802156186142,-0.48094139457281027,0.5293904302239302,0.5510217176676934,-0.4663289026205768,-0.5380899377375301,-0.5938857578319832,-0.0006659680892742159,-0.19227808847446215,0.4068924579767199,0.6721842732277442,0.3550057008713037
COL,0.0528000221051228,0.23156597469511597,-0.2054353901030017,0.6673628950452254,-0.09125538238012543,0.3347459407386246,0.12261006717660605,-0.04547103421700949,0.0592031675179604,-0.2250634376030769,-0.267884067762969,0.2909703686447487,-0.023239767561951785,-0.279609821441938,-0.015837755991414904,0.04651440356328651,0.021589245540690416,-0.32110033605424504,0.20364002561300576,0.8144245106244715,-0.2933327644887136,-0.2794931594486938,0.0022568269565319543,-0.20189668750208734,0.2718570989294773,0.08755131637947311,0.5959487201287259,0.473089692749058,-0.21659916997912276,-0.025862089200338056,-0.2826852186216955,-0.1865913594169175,1.0,-0.20538332170163653,-0.011033688306993694,0.35816470457975946,-0.18334126677660834,-0.043875716841587975,0.2834352188661158,-0.27562659775293374,0.05209235544784985,0.3212732607481599,0.568559570516635,0.46491533544093233,0.343637742619491,0.5367155752821329,-0.02644526188166152,0.05611919160717915,0.23907728201779666,-0.44283923596978636,0.4374714773054702,-0.03947331145389721,0.36659176020093365,-0.0984866376826179,-0.07979542557772556,-0.31089981171613545,-0.06105143048319639,-0.2198224848145054,-0.3113050727062774,0.3585983265374566,0.08076471446628641,-0.22996960645770614,-0.06788777606009377,0.3260080281124307,0.012744924122868095,0.2738050637490548,0.27123190798242935,-0.23087058609845457,0.5713890408067145,0.17703329023422587,0.06186709459648776,0.22476433244922045,0.4748724661632312,0.44036853095211725,0.03502297716687619,-0.021564737485427976,-0.45056317941180524,-0.40400115630398625,0.2502017815734585,-0.035594573443841204,0.19701687207935892,-0.06628158416161711,0.1431204245860902,-0.411362398430267,-0.0501160416809352,-0.14957731801168817,0.0413583809468232,0.3352651513900231,-0.1532655827374465,-0.22735344864693996,-0.292665315175592,0.3510646597812517,0.027211763816905377,-0.250454558285254,-0.1697413770401941,0.015356666343369407,-0.43481957769459734,-0.2573714355681507,-0.28207108687677684,-0.34349638957940143,-0.10353446818067003,-0.03003515441005411,-0.2718170047012982,-0.2225263685564025,-0.15413900185126672,0.10694690195448198,0.11386674169377031,0.3973227176691332,0.3652247323496215,-0.22951404886758953,0.26744606658130643,0.04141803992029147,0.6437679645029833,0.036172759374867414,0.07068017583621744,0.2387922104650323,0.08131021971356622,0.22477477929087486,-0.23357299706879942,0.2518175465287482,0.33404249319020773,-0.19085825809025891,0.03325066526648934,-0.26504505935526,-0.14614984985254154,-0.5174769355114441,-0.13976946494752918,-0.06268694338122671,0.006273093021949561,0.020504892412076647,-0.1938837315960471,-0.2230802151299649,0.2774296930839284,-0.26363462242001456,0.25729667065241957,-0.3038588110547069,-0.35389230396098625,-0.09650810712600855,-0.12419690976427011,-0.24240078087828731,-0.38236990447416885,0.38802632747915844,0.6356534781604629,-0.1845375806457612,-0.16791103136492413,0.39189597886957017,0.5200354259046363,0.4744858632770974,0.034169008663252454,-0.2972401883511271,0.28368172448509776,-0.23757066654132042,0.03254908333839324
COM,0.49707060526124525,-0.11829403782485648,-0.5463942732686344,-0.2518957802693569,-0.1887969444050117,-0.6972101250719325,-0.7868310776649212,-0.3799062051671036,-0.777557619073272,0.8089879719292106,0.7057885071455017,0.41436668061565296,-0.6260018305171609,-0.6233663287871538,-0.24347956782750435,-0.4300418048951107,-0.6095480946945266,0.3110512525516679,0.13194577878716995,-0.3887969127829507,-0.42766456368929995,0.14954315157697606,-0.06477124577641491,0.8282140061998692,-0.6941192035048689,-0.7107061210562469,-0.7654106527768278,-0.5274021573811623,0.7173128964734207,0.7496717120469943,0.5119752414771072,0.37028750067015426,-0.20538332170163653,1.0,0.09965128092727393,-0.4079375826256515,-0.41384925550419616,-0.7843101392840359,-0.8302549055337862,0.16133520889898023,-0.8159535161809619,-0.23615030532062864,-0.1079050228212064,-0.06252386495209428,0.2522945269065626,-0.7232696848205755,-0.6137528163834016,0.725486253679637,-0.7239856151415434,0.4151746840008461,-0.7066054529249186,0.03988444697212401,-0.6956947710354515,-0.1424080174767084,0.5623016572615451,0.7188875061111395,0.8614187974622727,0.8609084833512243,0.12652626846053638,-0.5803728646741111,0.6208697352268541,0.5905881238630519,-0.5515967824775272,0.6036013088659455,-0.7154037208787112,0.03077817501823321,0.18302477716583132,-0.6832836281537711,-0.4332350394393447,-0.2996292478244429,-0.5187334122956975,-0.5124022725134232,-0.7306316682449345,-0.7228074043112542,-0.4000136035802433,0.7791088484373061,0.11632648633582443,0.3213530486711136,-0.8383481680065785,-0.6691253140851308,0.21656356540162947,-0.4185783508960852,0.20950102130264492,0.3241466059333997,-0.6721179484972708,-0.4893194060818711,-0.5141563841488335,-0.1538810259800809,0.013884883049041785,0.7643806149663634,-0.0011763433822862268,-0.5573770613007802,-0.44239353721322505,0.7550228479080856,-0.3565814594583816,-0.2600777134008889,-0.28833888155052056,0.687205265225683,0.5813271505182331,-0.09402035482303717,0.779452841728989,-0.6811027614321548,0.33426953521899794,0.8090941397726333,0.43609919221381843,-0.7479710659790928,-0.7886075689718881,0.5572693898501183,-0.5099241658065221,-0.4028709226174574,0.639578140253777,-0.34163979382364684,-0.3804372678887409,0.06742444321011043,-0.7338368052396413,-0.5899942487922154,0.10165674069528485,0.09262360401199787,-0.2937732126305599,-0.6307168408908639,-0.6202907240355846,0.6863552997792541,-0.4544949055314942,0.4854707282093962,-0.6320229869117169,0.6813440463175815,0.817823713647855,-0.09938533095958557,-0.579916939781655,0.653268044261902,-0.7002437728993978,-0.6519670259691168,-0.7856316960691512,0.2720125404919427,0.6094181727205444,0.7253408697137347,0.8082637923511146,-0.46594196669515875,0.5066303816204002,0.3630509625148386,0.40645576904669545,-0.28193196560549416,-0.49019840140397,0.6813055737802133,0.7545084312279472,-0.5082798802911908,-0.3857864575402583,-0.5215240191736319,0.09127774334943783,-0.08998651805836255,-0.2121540417776191,0.5312620422152767,0.4259511457826032
CPV,-0.23442859119869253,0.3931167364438498,-0.29621593552030134,-0.20412264690734827,0.3617412468779996,-0.10984257940354114,0.08640590219817212,-0.08732634591424815,0.2672595651075903,-0.09157347217196699,-0.14675951176219604,-0.4208822917945456,0.3314212925618285,-0.04496732628394473,0.5863546501236457,0.4246994440847398,0.047878180605791965,0.666655423061115,-0.5447536721695498,0.07627128756040757,0.055888927341828265,0.34119522170454286,0.12979399591608565,-0.16627592166128058,-0.17099685091595296,0.08228038796083625,0.079496788115626,-0.159650010262677,-0.2216594451294942,-0.2773430597226598,-0.31290069762999284,-0.14770870875211406,-0.011033688306993694,0.09965128092727393,1.0,0.6319715979261875,0.5025888957970958,-0.026549205436324552,-0.12538950188696507,0.6694601228313253,0.28290198996979665,0.017022806068121343,-0.22080641323588446,-0.37938169876077055,-0.6248428910099242,0.292683164552771,0.33704692906884615,-0.3057382543101248,0.24776996534755913,0.4688793286583457,0.22800631863608412,-0.19854855148639206,0.0621416305242124,0.3607889434835867,-0.39220920155590977,-0.13399589528222955,0.17182346907169233,0.018329838067442372,-0.2138446332485897,0.46773390764904166,-0.05088987648989418,0.07019217562750957,0.3820236579478029,-0.20525642244103914,0.14727003344430123,-0.5525050586794609,-0.33283175856147107,-0.05006133212188413,-0.4001675709598651,-0.385996176599245,0.2506974388476142,0.10191984687333921,0.09870475823527702,-0.04431135731087665,-0.4193435105106942,-0.15616941428855213,0.07657702740525074,-0.36745570543596795,-0.11303291084619205,-0.06294862523682099,0.08874270891168601,-0.12870953614638703,-0.07591851532799132,0.24375180202275382,0.3283152562999866,0.4043626984786233,0.39901602484025656,0.19934457812099282,0.2205089917492833,-0.1695546218229076,0.6691015602241958,-0.45481381785683994,0.4612559643148999,-0.22777218926481724,0.4791099661935959,0.6111125628488582,-0.18186646009116636,-0.1718959686053796,-0.0417620614843317,0.499845247331425,-0.15436493672092255,-0.2294850011521019,0.16151609479087647,-0.23121533026568253,-0.1161594203364813,0.21590161791335327,-0.03631684507173505,0.2941838950840827,0.07434728455953277,-0.3817271923597756,-0.3072773752387623,0.29017067933173,-0.3147178152804295,-0.2157278647999492,-0.03264450637388139,0.3195616541635775,-0.06567167899441007,-0.1578684477458978,-0.33547362761559807,0.024810048950495323,-0.2388346995972992,0.06862106882175456,-0.44648343653382216,0.031527082597816114,0.15281364559053168,0.02043993988400916,-0.2156734968311187,0.5033688770521013,0.30579868091663065,0.5252384055416733,0.13357164492691753,0.10857702694558569,0.30432935094425617,0.20395451057775515,-0.21772306057438962,-0.34236715813434393,-0.08648128193026072,-0.14337714642601096,-0.2569531860904726,0.1659422303690934,0.21999260809081522,0.5146513983008518,-0.037928938337823626,-0.4309494565714731,-0.28742723672747417,0.3305718523940957,0.558147233964408,-0.13765951033367774,-0.5075681574312885,-0.39068484053344776,-0.02769555573536131,-0.2557334787231307,-0.30477145606275724
CRI,-0.6581934596586954,0.5181456716323306,0.05950697291167151,0.049932287557984956,0.43396955277317617,0.4004271847244998,0.5331582506605089,0.27679395325806966,0.6188570588646162,-0.48937586583892,-0.6886842398887192,-0.2192876035046134,0.573075156210641,0.36905529963186456,0.7167711954143288,0.4979935934934139,0.2871989093669127,0.33002945557573193,-0.4417780107486964,0.44468513040366286,0.26406602180843175,0.11000053168601964,-0.11022230528201749,-0.6642397829607818,0.27548485668248524,0.6570675642440384,0.6012534892729824,0.35146933044758144,-0.5289474896018733,-0.601760783513847,-0.7462351738803277,-0.5178693179803493,0.35816470457975946,-0.4079375826256515,0.6319715979261875,1.0,0.63535921784587,0.4267989795366137,0.4557918947254632,0.2439351031885988,0.6663490861010221,0.45705516783369493,-0.1108200996917803,0.09923274116450043,-0.39346701761918057,0.7250512187821793,0.5576703408141312,-0.5576041643229497,0.6098693202800497,-0.0712585845952296,0.6706620803789204,-0.3131739481609672,0.5683612036114909,0.30457333062657976,-0.5132247606326343,-0.6833106579651873,-0.3292915026659562,-0.5249404022564639,-0.5437905670817962,0.7629493950406474,-0.10614363216609135,-0.3866699334626398,0.5605438547920669,-0.35798648139166156,0.462245236882467,-0.16746606701357702,-0.1986325493106551,0.3654018142259252,-0.033400673712657536,-0.3404167999167187,0.5015513415113223,0.43432809482429935,0.6659705095247371,0.5599513377665863,0.006678120350793404,-0.5004069751379239,-0.09564602715774617,-0.3438260822255357,0.4831212671751657,0.3612393983839045,0.0642682779404824,-0.2874065545447875,0.17219865454046446,-0.4424591170933483,0.5965527633026482,0.5382118598592296,0.5927622894690406,0.14660349393234962,0.27569065442658824,-0.6583606520581471,0.5359488328419195,0.23114172606852534,0.5416222802983125,-0.6909815367419025,0.589545537185056,0.5861469678020346,-0.27466741419584517,-0.7346513625311388,-0.6036761757361719,0.45604917421700875,-0.6820689135687852,0.27403108192954795,-0.41462955011389613,-0.6430745090925907,-0.3817321806714693,0.5541451263754801,0.47931634748945007,0.1295705128482625,0.4856094037390327,-0.12159000029000233,-0.4714342168918815,0.6563848705647752,0.15964370154823537,-0.07063558576152129,0.4251244291292582,0.6905448990370822,0.05395807248969964,-0.17494565341837087,-0.05896221105985533,0.4608331145293223,0.24394284606099825,-0.5158668629891459,-0.13053430293356838,-0.2501474417017959,0.5161114693065748,-0.5601524518920535,-0.5627946049269956,0.49216666419290944,0.5063103522170467,0.10622463820540673,0.4244589884684441,0.41253593173159886,0.666396188036262,-0.2610444760251196,-0.39311348298752957,-0.7382711054145594,-0.5808344382602115,0.26699891204744053,-0.4895979417475602,-0.13541345737908883,-0.09526067547263506,0.4476453508815228,0.27964847975207685,-0.7095569092871781,-0.6405128289107016,0.3317818669433461,0.8133917169305251,0.4437966405595327,-0.490897245546271,-0.19449122074216518,-0.08018120394304384,-0.6142753774602996,-0.6318112613677003
CYP,-0.7610189649052868,0.22457124020783092,0.36021239628594026,-0.03763775015103432,0.5094672020940288,0.49039215738616804,0.7642712465650398,-0.019686745070183198,0.8557174764452926,-0.6555112063971509,-0.7206173145286567,-0.635939035466013,0.7738737564737415,0.4765801524907476,0.8072968518407732,0.5633567409968253,0.4001102114221753,0.5017326059907532,-0.5249823412109973,-0.05896928858249906,0.19545152183822034,-0.01678428276729438,-0.002667081457198517,-0.7021606692106845,0.4458794065311089,0.7640808022250671,0.3501061176413178,-0.061400157179211545,-0.7012639752698204,-0.7779882307380075,-0.6841008973122991,-0.5995055305367918,-0.18334126677660834,-0.41384925550419616,0.5025888957970958,0.63535921784587,1.0,0.6911769977571317,0.57041777087509,0.17755986820730363,0.7895100310645442,0.009232100529227516,-0.5822528033301286,-0.10603080521370023,-0.5419377203904088,0.6217026909627981,0.8514534571614197,-0.7886245463940631,0.7052408819714706,0.16440946018307956,0.6532908229149063,-0.46326223514977216,0.6614862361586364,0.4688146195841554,-0.6576942694120027,-0.7172573578338528,-0.537697534600601,-0.6480109875098281,-0.4215720162589456,0.7820424910154717,-0.43644189142181267,-0.4623154811073529,0.8189015174491067,-0.6788622936108246,0.7098198249311047,-0.6133003035146798,-0.5344753620855325,0.6902761534083229,-0.18611756184270822,-0.40456893535774885,0.7283929752111478,0.6281133118122056,0.5601023409257143,0.46742612617696233,0.15169163860013246,-0.610672552776724,0.07473777381681213,-0.4205180863538165,0.5012804263036517,0.29951570909842173,0.20859075208388733,-0.24655104244530412,-0.06620394495415116,-0.3021247622152914,0.8471740785259512,0.935046340496063,0.7562107205726769,-0.19527501683353465,0.3562034827125691,-0.6960254037730578,0.8201884069359268,0.01809124284330288,0.587475352608696,-0.7730508779436964,0.8803185469773833,0.7877577591284428,0.004458551266991129,-0.6694873884957997,-0.6415984181187802,0.6500408533184799,-0.6429089503079257,0.26986508843958434,-0.342581192990836,-0.7167378422110999,-0.4042043559503279,0.8080489120312637,0.5209377117568952,-0.347913068889496,0.6112974736929947,0.08129013816705677,-0.7486614176342568,0.5759322460202796,-0.3572594745638902,-0.29108488044112324,0.5652300538696786,0.8071147303790099,-0.38486410043729835,-0.06133360383899711,0.11089160907989293,0.5564365720202136,0.1778417319573331,-0.5655083436291006,0.010341021879356482,-0.5280187255698765,0.7822896265763304,-0.37370693179140124,-0.7483305476477409,0.2360830243211154,0.6376519311579102,0.19281692336137202,0.7218610055062976,0.7493785166747244,0.7458481199745013,-0.25612131735838317,-0.44875092622812773,-0.7304426269260125,-0.6306856429701302,0.2414676122858811,-0.5700232241627585,0.011037940278626923,0.13120352513633116,0.2898890964159818,0.11553904231511525,-0.8022586348167502,-0.7292341859534988,0.37461889900272083,0.5303692962519864,0.37150699187261815,-0.4298695684170204,-0.16822949985100033,-0.07781734288177766,-0.5831195186041032,-0.5102650522351393
CZE,-0.8118851960336098,0.2561065595585955,0.5194254413665743,0.2093369330033229,0.16847707987712468,0.7012059975345688,0.9205235806674367,0.29528172542534237,0.8635323642634875,-0.8339402199819714,-0.8093594017505858,-0.5099572005648039,0.8512364154537773,0.7307526654165422,0.4259453621892648,0.569771480786117,0.7829157795605732,-0.0337136005689167,-0.1588662190221113,0.1410618703762575,0.3955807680424046,-0.04827668809976937,-0.17035815779836905,-0.8915848993993798,0.5923792146196151,0.7922296093933017,0.6305709158825743,0.34400358142920384,-0.8152377168664076,-0.8745340984778911,-0.7062251195895772,-0.6742060031185388,-0.043875716841587975,-0.7843101392840359,-0.026549205436324552,0.4267989795366137,0.6911769977571317,1.0,0.8855374511322933,-0.3421682629021734,0.8808356418178316,0.06006490905683837,-0.303657339710639,0.2087672254617372,-0.3619700829320034,0.6297134130612992,0.8452509404241525,-0.8109761505552382,0.8076786159817794,-0.17989701278040782,0.7046046012109525,-0.365620548070126,0.723847783237675,0.1106829140696397,-0.6257191896764165,-0.832320008616048,-0.908654417949224,-0.8226532555369976,-0.3822659465306497,0.6979050673997093,-0.584665465006641,-0.632600353126848,0.8163649323068694,-0.7482863374314697,0.9144677550556741,-0.19390422514346506,-0.34362517023034345,0.7852082726444,0.2320032735872224,-0.11531985775897957,0.7919298603304357,0.6373081787384987,0.7714347891265688,0.7874962522184414,0.39502142214249636,-0.8143573521913461,-0.01991257018352255,-0.1861881413643811,0.9058311554909021,0.6270493754801254,-0.032194665366084285,0.12117247094488237,0.011727087849171203,-0.5115289699038448,0.85000044726443,0.682485971799835,0.7759620563351892,-0.14065084694260133,0.3866062215477284,-0.8182802252569306,0.38102193647212157,0.4561684065154006,0.578232499448006,-0.8537868609093828,0.5398111125802422,0.5216375517228697,0.2739581573877772,-0.805994586309247,-0.8031270151174112,0.402237971184366,-0.7929560817187873,0.6154370286783258,-0.6306952881793988,-0.7905312640721185,-0.3298602602928302,0.859491388722536,0.8492653231353338,-0.5648788671464575,0.6435623376477512,0.3057048461810099,-0.7861178860999103,0.3069933100731811,0.10657193451223546,-0.13779119388069772,0.9037246801714259,0.7302033965395155,-0.2290734462135926,-0.146961793053082,0.268575683160839,0.7587093187128485,0.6294795379397288,-0.8436414815006663,0.29324883061425844,-0.6211602108854033,0.743938184358575,-0.5102472411180401,-0.851581944589582,0.26064778041834913,0.7415621658755392,-0.4386922009229286,0.8715013172733462,0.9191861712593116,0.8230165697523695,-0.49442307296674537,-0.6393878532388686,-0.784086830690701,-0.7984099526394681,0.5992173845090694,-0.5134673393878084,-0.1767719934067815,0.05796938797818796,0.11550930502090173,0.3485852537213441,-0.7306311020851612,-0.7984034430858724,0.46336383676878257,0.455963478685496,0.4938223477366316,-0.15275033519009984,0.14087126701963015,-0.17441244268243983,-0.6929136606314827,-0.5264599163241974
DEU,-0.6960380509159321,0.12466239403466128,0.43330723538053206,0.3938797830959493,0.013400783926932336,0.8321559603969535,0.8982303746738244,0.22882209093451988,0.8570052107868439,-0.8052637586824365,-0.8066267345215241,-0.3755743571957937,0.747240087396418,0.58071557424495,0.4170017041016367,0.43497204557039604,0.5964897973013304,-0.2555361677775889,-0.008541446028260014,0.46644142143235634,0.26026504329801137,-0.33104213374301494,-0.03252810666475581,-0.85779872957304,0.726440216256028,0.7848645932023067,0.713508831983519,0.5087876681518672,-0.7568347515682639,-0.7363051188459977,-0.6600737743736029,-0.646670572184507,0.2834352188661158,-0.8302549055337862,-0.12538950188696507,0.4557918947254632,0.57041777087509,0.8855374511322933,1.0,-0.39774077700560206,0.8315546485892463,0.1824636943065061,-0.10538928686127136,0.3162495104563301,-0.2234037608423456,0.7637171113990578,0.7128794539823046,-0.7333559567162151,0.8150380863042302,-0.38575135705108643,0.8789687793906147,-0.389642301597269,0.9153875598625096,0.018087708233235245,-0.6432545533191125,-0.8782712013417491,-0.870311999493321,-0.8421380380319499,-0.35672375007331736,0.72714547825773,-0.5006787745572603,-0.7350098031955818,0.6846511020642779,-0.5820211184327895,0.8012575809611582,-0.07820586587699374,-0.19390971679267577,0.603485048052799,0.35024781800152593,0.012987681071288115,0.6986185889665167,0.7612571493124167,0.8788293058131961,0.9293068847432816,0.42869152569601043,-0.6806803052071577,-0.23065655949033248,-0.4114629714037341,0.90375842370343,0.5890952910722655,0.05742589770305728,0.04930499774614916,-0.023941674278421754,-0.5829310251215432,0.7090875573372228,0.5799316505167267,0.6564686543577141,-0.10646412093044422,0.26084233619509534,-0.791158937083273,0.16619446238238256,0.6153338769873321,0.3619224531932985,-0.840127751206754,0.43428042724571636,0.3966308211899676,0.0006907182525160982,-0.7845389522051489,-0.8485765572911566,0.15903947453784628,-0.7427444618853611,0.5091255650585113,-0.6443804808007028,-0.7757522554083023,-0.5160469469504736,0.8628457324453734,0.8124130897368456,-0.45712626342398077,0.7470836179766387,0.2558783188892646,-0.5966499029993293,0.3434324527993461,0.28273316402830306,-0.02212211586058377,0.8552040157908207,0.7179317013044488,-0.34297644335768807,0.013348620764554231,0.2224057581584582,0.7773760141833922,0.7353563719105661,-0.8388175357630323,0.36840274566897613,-0.615905275326255,0.620647673466765,-0.6924625915377358,-0.8488692578824206,0.15535840503558962,0.6115898164710507,-0.39572783469201456,0.7110444255814858,0.7068485243119166,0.8516409736285484,-0.5491521849084511,-0.5500688064914474,-0.7807491240914857,-0.8215996140413169,0.4902637312610827,-0.597747320474626,-0.17634810428026615,-0.20017984567845915,0.12867283117171835,0.484360735621125,-0.7017123368734208,-0.7566742011313738,0.5388734766343966,0.5125886032139938,0.7655396022764916,-0.14427916115595418,-0.041633622562154526,0.09864562646805974,-0.6258044942110772,-0.46866766717594355
DJI,0.18044071602801903,0.02927549159395393,-0.28880205342544363,-0.49806501730581365,0.3187641837819456,-0.4558671785565256,-0.2410536056324324,-0.07555173828268091,0.0020143291949203945,0.20853739390527926,0.21799286286991137,-0.3156663567636524,-0.057590382136923024,-0.15093516867556733,0.30078950913091884,0.025964316175302704,-0.3258297699760617,0.4892218355838873,-0.4163246785227015,-0.19802077326089207,0.07942049566481013,0.040895555404918627,0.4338192882922103,0.2446185572085392,-0.3757863153633405,-0.11086391799899653,-0.26924718470469333,-0.31434253984190463,0.20513037442486737,0.10194492754388618,0.20679901995507233,0.45715354352545523,-0.27562659775293374,0.16133520889898023,0.6694601228313253,0.2439351031885988,0.17755986820730363,-0.3421682629021734,-0.39774077700560206,1.0,-0.03935219008393709,-0.03949178171468737,-0.23164183915044045,-0.5176133748153853,-0.4739737488483784,-0.08947132957923021,-0.009782105046929335,-0.09734895806474286,-0.15578812083394178,0.4376416304026223,-0.10877168131338211,0.20625946959006158,-0.25201289383891345,0.19127812583252124,-0.07879253603733138,0.29310137964775307,0.4034694300905073,0.20990103888097655,0.2772654998925872,0.014258002828353433,0.08074055067008323,0.3590598179620461,-0.09833493190317144,0.07656912265142424,-0.16781251046622203,-0.4355424691946532,-0.25279878004550294,-0.13139040933400503,-0.5857154187590772,-0.051518958925101055,-0.2145106455108401,-0.26026741759381467,-0.2823911446123699,-0.4009111695532175,-0.4951996822648008,0.15214105457233207,0.03524687946737404,-0.18639440963394316,-0.4565789285324384,-0.1471330766059855,-0.06111398315185612,0.0822078378980372,-0.2584274879815627,0.5997120017748544,-0.006909355283207352,0.17503174652734543,0.020468471899741547,0.17853831849966062,-0.08152802798026482,0.1954167519369745,0.2705331001915001,-0.4318258476091086,0.13599605525212666,0.14569841965534902,0.19335739604201774,0.1861742475742758,-0.13389101580477725,0.2528038927109033,0.3852224900990633,0.28139403466612467,0.07885112494286961,-0.2792536781540478,0.636418486363307,-0.009045524970725749,0.03147033647131092,-0.10691198928692303,-0.357691410284561,0.256694526198354,-0.36262921957629524,-0.271377381350675,-0.08707866247604734,0.36041431342133423,-0.41067963814900565,-0.04511469255957912,-0.37130920431550685,-0.10623273560236002,-0.06272589170893639,0.017779675725892674,-0.2901674736724553,-0.2938644053181576,-0.5552745554324683,0.35689088891668175,-0.44720780438931396,0.35407086075609295,-0.0009358323971297988,0.15198952184095882,0.13406772069189543,0.30778736929340833,-0.03594552099057857,0.4103783164879835,-0.06249980792531318,-0.21503236320447638,-0.06469498046137656,0.5749737208500926,-0.08684725032068985,0.03692956069257769,0.23621954023512004,-0.3106901095937302,-0.16796697590277643,0.24627664828876905,-0.0774326133752945,0.3846456149029791,-0.3334747295030249,-0.11682832934131593,0.026571863683066854,-0.061522659903490595,0.032785158697158034,-0.38304687476733834,-0.5242595200954252,-0.28788268549128326,0.31689325885355035,0.24822768666166106,-0.07329825338458806
DNK,-0.7455398424788067,0.316175203239199,0.47136491296982475,0.13930058687439262,0.3616636046972248,0.7036527357273719,0.8986807691216263,0.3139353714176282,0.9466477315150053,-0.8464803127796454,-0.8750373445100459,-0.6546582615074785,0.8548318410699564,0.7133983598357422,0.6309584394344625,0.6104077281746633,0.661430638598912,0.09740051924566506,-0.3373356924612736,0.2488248343819519,0.4647584298083349,-0.051362402571698995,0.005827942900589522,-0.9177096033147554,0.6224135094514205,0.8566653002460893,0.7126482860496806,0.28472987768483193,-0.8399593618697123,-0.8958744834024703,-0.7543350444202463,-0.566955401202609,0.05209235544784985,-0.8159535161809619,0.28290198996979665,0.6663490861010221,0.7895100310645442,0.8808356418178316,0.8315546485892463,-0.03935219008393709,1.0,0.20351891298181868,-0.2051626623143774,-0.03876800778190148,-0.533371562663973,0.7717150904820258,0.8633645135616074,-0.9072282059983934,0.8855111303332024,-0.0968041930430521,0.8064880260553706,-0.21704959893562914,0.7826487271338409,0.3233045800732214,-0.7352916913631473,-0.8657778311519797,-0.8069261459523154,-0.8317214184106863,-0.31462243927387545,0.8127715670380359,-0.6520251883958776,-0.68135984961161,0.8358609259386316,-0.7848141646259621,0.8489861923106228,-0.3465524634795005,-0.46892943177394963,0.751814975271302,0.12755511160231858,-0.09938510395229128,0.8120501740890912,0.7158497064602599,0.7664875125628449,0.7260862040723093,0.30972018199522444,-0.8585338818246724,-0.03038308043770277,-0.4249244340805922,0.8012360814800545,0.6242031968244373,0.0033374584942282848,0.14904405922343367,-0.1468065216230201,-0.4116963028286176,0.8935940448535351,0.7891572923183306,0.790144876831179,-0.04012236541205616,0.2510780014195111,-0.9030091938630052,0.4364632241499109,0.3105723380626494,0.638100782344793,-0.9042125715423004,0.695892667662052,0.6640657926723733,0.18877417019895049,-0.8476560831089466,-0.706892268358108,0.40546382501107314,-0.8847824216260674,0.5539703369981628,-0.44594382235480334,-0.8858568131568412,-0.44366193690503497,0.9096576349417062,0.8670268245679126,-0.505143311024834,0.6803210696724472,0.2892470271933312,-0.8675075870776736,0.5211349995424958,0.13682372580827873,-0.2603280048913028,0.7719210460326837,0.7775836921640019,-0.14396233765595978,-0.14890103941849087,0.2349507213432318,0.6631060211437793,0.4998078856868682,-0.7869017933405029,0.27467381933669,-0.5491754267372175,0.779830426232487,-0.6139934897957406,-0.9277610276120416,0.28040424342761716,0.7395804524173064,-0.2905494603597276,0.8219140705211806,0.8425164256921838,0.9421960595902249,-0.3434302737473254,-0.6828897365002333,-0.8758370114000285,-0.836150833418841,0.3949467974797294,-0.5987151990538666,-0.2308347906368189,-0.07416116701848652,0.2804764763461495,0.34390526696408863,-0.8512607730285002,-0.8869175266451392,0.5035867862941668,0.6562935443295422,0.5028813562434429,-0.2787522035504042,-0.08796376581038201,-0.024278441034051967,-0.7310909057392907,-0.6307035765879894
DOM,-0.19471360272874638,0.3452344758150191,-0.08828704050127989,0.2909198985778947,0.015796703663216505,0.14153028411049307,0.04922799060301486,0.3126643746496689,0.06807243997213075,-0.09593372360668773,-0.3427409679826072,0.24588710408049674,0.25473127218252745,0.27233458079347583,0.32904306325100396,0.17158345994004365,0.1792839141369521,-0.1085609634712077,0.018667009413240176,0.47953622580318744,0.10867423403390086,0.1298758052026252,-0.24503077711408272,-0.3166890816147039,0.015796492528422634,0.20517219550687193,0.41729306625527873,0.34520272766977067,-0.05769904511222368,-0.09028941856918982,-0.3038615072492079,-0.25969614065219027,0.3212732607481599,-0.23615030532062864,0.017022806068121343,0.45705516783369493,0.009232100529227516,0.06006490905683837,0.1824636943065061,-0.03949178171468737,0.20351891298181868,1.0,0.27438419980971207,0.07498743755154869,0.29084101421609465,0.19655316044552584,-0.02192022828650919,-0.09200056398251877,0.0034585811260471333,-0.0806378535941008,0.1987515024142279,0.11250095563561169,0.20945111369279878,0.10716391079280596,0.1502501939948283,-0.3070632640775015,-0.07857330591125988,-0.30099249786231685,-0.13645784555930662,0.1665017962377403,0.07910490177638463,-0.42736258088411927,0.09325070709332561,0.015988974643637133,0.09671158832783955,0.38467870302628704,0.19927283574612287,0.044226800654526666,0.35557056357335814,-0.05850708721529596,0.08573252883607685,0.09893949869303631,0.23142928542318975,0.2998490018060127,0.49707980536253293,-0.1866195592163009,0.1601132676105096,0.03555065559359638,0.2600386229957754,0.1447698343017665,-0.03028795216191682,-0.1551233702807826,0.26835598029589247,-0.3551837951067742,0.06191296821104353,-0.0788641357846509,0.07384602851012934,0.16148487869033912,0.22866350386204637,-0.35679435239286406,-0.11394856411549115,0.44158215901978104,0.08332717652670985,-0.28819752044206726,0.0028643506757795034,0.047280081952130404,0.0694537182365782,-0.5264462501445868,-0.35483096261014313,0.19689390997072287,-0.47889106340821996,0.2791836903067064,-0.32826661248044653,-0.21344674426356325,-0.33221664674512574,0.059428487209541525,0.13269634120535667,0.19738285841141867,0.07587462640147535,-0.14274349569215028,0.08809884203985208,0.27706447086721386,0.4455448731762375,0.2653871734527349,0.21173809490718243,0.0529535243470296,0.39612746793790254,-0.27082805980849756,-0.11656864681279955,0.2988766847277081,0.4723235550402691,-0.3882351124607566,-0.07791033674895975,-0.16928391598334747,0.12233586284545617,-0.6256628337624548,-0.08492383172820972,0.06023025606924448,0.2864083135660682,-0.14538241492245496,0.09853498039294073,-0.029663470759064392,0.09269334727488154,-0.1948525839527402,-0.17796756554969728,-0.34099658363159135,-0.22378086351120485,0.12603671695330387,0.00999949720969584,-0.4816581529873243,-0.13314588995902032,0.009786194694957562,0.44855317193439537,-0.2685057223329794,-0.3086263219959131,-0.0106959785084777,0.4683925508109552,0.43978415082388145,0.18698219339080757,0.14858894327183614,0.08309029102472809,-0.2653833348639134,-0.07405512764250699
DZA,0.4024947585371478,0.07430733639851583,-0.12208704252015523,0.2523064154742707,-0.14314456605659887,0.08896260690425994,-0.2392728772573678,0.21654845921782329,-0.2801319570656893,0.03455141186252342,0.09516473818853166,0.30052375791165253,-0.3323049306456647,-0.15816287479502655,-0.3984948054597335,-0.0503329665388057,-0.10070093251849532,-0.3995436438734614,0.18909990384028097,0.49574194117325043,0.09477875621639109,0.026811846193068867,0.059994227105896636,0.07413448312584126,0.10256985556986031,-0.3364269143471801,0.22521474544521658,0.4111100041884189,0.057486542312867206,0.17005365732973354,0.0874489529900827,0.24124967552727483,0.568559570516635,-0.1079050228212064,-0.22080641323588446,-0.1108200996917803,-0.5822528033301286,-0.303657339710639,-0.10538928686127136,-0.23164183915044045,-0.2051626623143774,0.27438419980971207,1.0,0.06556716523599637,0.36978351235921203,0.08527933970054413,-0.3903116019174009,0.23965174740725026,-0.07883053884888014,-0.3880328873619898,-0.03247897935086774,0.41520763591890275,-0.14992124325160727,-0.1187605645273333,0.08212050526965287,0.11424460916562829,0.036950241974907594,0.05826202649964185,0.15591555703618487,-0.13003693942751893,-0.09521668883726253,-0.06041503366448575,-0.3273971514376961,0.21914207759308946,-0.31924602909345556,0.4717202524010107,0.40710056542078255,-0.34638157757335497,0.58898240543532,0.6383413477706993,-0.2340979144871429,-0.11332882848787018,0.01061562522187065,-0.021964323391628682,0.1923187399127907,0.01901213644594113,-0.1750468915675385,-0.08197605515248663,-0.04970592680128805,0.11610190380557772,-0.17390981169515296,0.3590641967951348,-0.0816564022596229,-0.04231855948271268,-0.3861732718050108,-0.4989549753662317,-0.3596020872921608,0.5402716249200596,-0.4231253041997718,0.021228882380849967,-0.5607885938186361,0.13196450600564946,-0.1426479305403041,0.16941086292395346,-0.5498048027050513,-0.32728708244475513,0.16742819144285292,0.0939573176707299,0.23610202683057446,-0.49090345719677053,0.05290357394790901,0.10282114294400369,0.0827934512252877,0.09379104536589966,-0.1479774549528432,-0.2686710985082963,-0.00041886597918394664,0.19312017479737809,-0.06249013258967007,0.14746898180909462,0.35580602808800177,-0.25601350963169267,0.5118694591761237,-0.07843481885625514,-0.1958089927504978,-0.25652207505081637,0.4060428504038889,0.055092740411714414,-0.0028324845141840527,-0.16964577954385396,0.1580155195927998,0.1223134397879837,0.30228983552704447,0.1510693158836771,-0.4370221676442485,-0.18465487347859577,0.061994099114203394,-0.2995510850472831,-0.1717355952472981,-0.34957935517789296,-0.34500169211598997,-0.37847462198417037,-0.11000005924710843,0.08791014197995384,0.14730691435080856,0.08284238515466225,-0.05654968061672472,-0.1742131619614944,0.291113563107964,-0.25555865024131297,-0.3014117362002289,0.27666094741498193,0.3581304913421539,0.1508057025122329,0.09303499195923026,0.121263913882531,0.046770553368991385,0.06991365474161859,0.44534548772686144,-0.008794197716967656,0.26573469915515613,-0.029623428730364054,0.08161151146170531
ECU,-0.27350527053771057,0.10081872632219424,-0.03638687802721807,0.4313803409633079,-0.3249345515283846,0.24180030065411895,0.24021142849373567,0.04243834103528976,0.042601765281738535,-0.17719914552709093,-0.19232088794941338,0.28036399178614846,-0.014167725406776022,0.049430702309462005,-0.13351483215799886,-0.07258804022878507,0.05513116332066037,-0.1933641960747594,0.5358800528779453,0.27675599015949226,-0.13375499150202463,-0.19701089932745397,-0.15137691678394405,-0.11998707546714682,0.09813685306396824,0.14831462947455876,0.24747679711438864,0.26692216113413303,-0.15410313187204117,-0.02356518971554933,-0.2733490201938267,-0.3020953130126327,0.46491533544093233,-0.06252386495209428,-0.37938169876077055,0.09923274116450043,-0.10603080521370023,0.2087672254617372,0.3162495104563301,-0.5176133748153853,-0.03876800778190148,0.07498743755154869,0.06556716523599637,1.0,0.2785552602851591,0.10401981120047998,0.0732550352122161,-0.018971549320069725,0.1433517754394561,-0.31640868046146964,0.19194017997982482,-0.29372867814402426,0.21645274683461435,-0.6155964754071692,-0.011510525967061813,-0.24922979027066794,-0.1872570283216337,-0.11394188952410245,-0.24391633212388708,0.10717921134307073,0.22213342393780322,-0.10219409913119026,-0.0656115712541343,0.2978392871859046,0.1617773010684539,0.22192778642791122,0.09620725542373698,-0.00992991534403509,0.23736867342753332,0.0816275144117311,0.21532516807466895,0.1454168656260001,0.3544822477648143,0.42573114687517444,-0.03595005143188135,-0.09935966757841852,-0.4667355663129027,0.10011696864996611,0.3112294605179048,0.23658148759766828,0.21671452530207114,-0.2108267221635769,0.21657129812658027,-0.5549700686476347,-0.0700837590292176,-0.08824090113620331,0.12797989790330588,0.03766567153963929,0.25337060306542813,-0.11848598636146623,-0.09353726376992766,0.5028581189431166,-0.06821651213404989,-0.16291158502483372,-0.18933751720482528,-0.15711915978834945,-0.30637564396717565,-0.1981231531256693,-0.43112640302726635,-0.16766460096813485,-0.03684064126448017,0.025574592800337137,-0.49267352450780244,-0.10018433950769334,0.02548948720769728,0.09966719880712183,0.16425694776807098,0.12360367592932575,0.3571319631869565,-0.00851208848977758,0.15675725575547494,-0.02674273804125482,0.32619695361284384,0.07870244404986093,0.1895909506306972,0.15936964041938062,-0.048941983679446466,0.4463893706172146,0.002154092349382797,0.3230502236314099,0.19686672606025402,-0.40592203156434303,0.018433697697225915,-0.18318063826260533,-0.0863925258286431,-0.14177557286102616,-0.02792417295851668,0.13194671584072282,-0.06920263542572358,-0.0815271694226154,0.020641905226990387,0.06576974972420802,0.09629251539762929,-0.4465267878189516,0.12634186037323825,-0.14280743748869118,-0.223173377264001,0.31439839168210315,-0.20107270994435278,0.24075842680323456,0.07254725915282745,0.036981298272354746,0.20182490973354805,-0.06578313243480549,-0.12114025359075553,0.019920492790956312,0.14316069560358136,0.24151053930163857,-0.08683197739366388,0.01080910986721495,-0.16506035544240905,-0.22050904982665487,-0.049448127319627
EGY,0.37432452606935307,-0.031743945796342654,-0.14272438889579364,0.4015657722377779,-0.12506112100168632,-0.21119046202340863,-0.366991827998979,-0.13938334792178475,-0.5323083779384032,0.23606993692118527,0.20525334511341087,0.7761725185034025,-0.4111612938944713,-0.43897061906354606,-0.44991868465068796,-0.27673885364855577,-0.17539481131462376,-0.3490701818119606,0.2771401787302592,0.11856426245892837,-0.5018551632420039,-0.14258100436984478,-0.32169646358419035,0.29579389904716014,-0.1473482320270676,-0.29396968304617843,-0.05265183036275212,0.06909709227106875,0.3086489055692574,0.4037510109279384,0.2701212941645367,0.08826840642359302,0.343637742619491,0.2522945269065626,-0.6248428910099242,-0.39346701761918057,-0.5419377203904088,-0.3619700829320034,-0.2234037608423456,-0.4739737488483784,-0.533371562663973,0.29084101421609465,0.36978351235921203,0.2785552602851591,1.0,-0.23067979548310769,-0.48516752183573897,0.5962912163312521,-0.4769264456461402,-0.3084080957289477,-0.3139327177494988,0.20497355964142838,-0.23147466456215282,-0.03937212952143376,0.6806925159022734,0.23517834895370193,0.1988469739395452,0.07377761990156173,-0.11342561033746357,-0.3707352008519271,0.27714994047381425,0.06593549634382456,-0.4587124315427511,0.5429818648474989,-0.335800446907633,0.6363007332518079,0.5877763729567446,-0.21490698895518556,0.5400113977600577,0.18725157596332997,-0.4867825941712751,-0.32738232938276224,-0.17463762090082513,-0.17969213511077364,0.3835511130332576,0.40937013926790466,0.13349273075356716,0.33435733100490217,-0.17376252618310128,-0.49006815223264755,0.17671699415047148,-0.20915152418757343,0.4654103961820658,-0.23305953990751216,-0.44824598262362336,-0.5485451537603248,-0.4527365248870898,0.12465156862250859,-0.14940533890187702,0.2530059678122727,-0.49649778738951866,0.26254162295322114,-0.2967962989506947,0.28616116689739823,-0.5378931047690023,-0.39858647790020507,-0.04371712061110733,0.18291435808012468,0.0832649268296759,-0.28902178054635175,0.2899256093528044,-0.035812128486423456,-0.1173062417967885,0.32713100932937467,0.1975358096982469,-0.4848913816624989,-0.3912279489591308,0.3093393736296002,-0.25947157762176887,-0.17628475517812747,0.710573697303873,-0.30841736653323903,0.29344526270999916,0.2159617004361425,-0.21594161270249246,-0.2766131626454391,0.3317539755515617,0.09271932603155197,-0.1741137860839883,-0.02407216327445383,0.11072108952922721,0.18960698312823077,-0.03286757824408437,-0.14466328115333416,-0.33905643158235876,-0.14842921376620888,0.441940064166362,-0.5815058898938932,-0.24998309307805644,-0.09408679769757722,-0.37226942114147765,-0.41426918950257985,-0.4714769518301458,-0.05102990395708096,0.6068379433306745,0.30870327890109106,0.15813690146140202,-0.16128876955413718,0.5698775621458341,-0.42012844982322495,-0.1342831108680429,-0.17312503203446816,0.3096555753088618,0.419184950594356,0.38029809249054713,-0.2728575337457104,-0.2948012887239426,0.0834354138437825,0.6201938341903662,0.3539106522261878,0.08443777743537206,0.2739726243097901,0.570933731870606
ESP,-0.5774273002332682,0.28574266370471935,0.322630439904503,0.3485681398280944,0.3724616379608269,0.7562387334256193,0.778025631516994,0.1216132247943933,0.804204396908666,-0.7823013219610973,-0.802025579807184,-0.32435441627125305,0.6182247549894238,0.3067952955880414,0.522913038534144,0.5366775503370865,0.433468942619342,0.001176318246426833,-0.37976116345841415,0.5805067735126693,0.14795911812021245,-0.19129510417283901,-0.011271041848393004,-0.8320758790995768,0.714572971224754,0.7273900627606504,0.7960628515271788,0.5251159870646687,-0.781944414331962,-0.7589399616846568,-0.7451605145015481,-0.5795868591448106,0.5367155752821329,-0.7232696848205755,0.292683164552771,0.7250512187821793,0.6217026909627981,0.6297134130612992,0.7637171113990578,-0.08947132957923021,0.7717150904820258,0.19655316044552584,0.08527933970054413,0.10401981120047998,-0.23067979548310769,1.0,0.6706881391342286,-0.637077884601756,0.828124428704523,-0.4068516703599514,0.9034256501701998,-0.35087367370813416,0.8383551343935665,0.37086028558101847,-0.6700682314117397,-0.8416827576976962,-0.6598471999815358,-0.8112629913079332,-0.5362483175017716,0.8867068557268016,-0.4278735138085432,-0.5927294123263445,0.6435358919605545,-0.48818450550041925,0.6193102486326678,-0.16879495254108345,-0.12906106453851818,0.5180047106928344,0.37976686041976215,-0.0253650629586466,0.5705358239974454,0.6595187024622816,0.8913180228046822,0.7618167662618398,0.28094879251322213,-0.6135647596174487,-0.2129583729157496,-0.6062970279767144,0.7296495132059465,0.3903436004658918,0.07413919112570888,-0.030039781740069937,-0.0010494515919248215,-0.5147283840064161,0.6988853549892934,0.620312527488933,0.5976436436899286,0.18178312975359967,-0.0022881706721455952,-0.7950524004320472,0.34816321870132816,0.35229774214335763,0.5344611878908098,-0.8287441532445015,0.5334560608145481,0.5650797905040724,-0.14030563656256034,-0.7556703952226118,-0.6904924864621971,0.19343609850988053,-0.6945351741195043,0.4236554486181082,-0.4472760820733319,-0.8079511298073334,-0.5238797523752807,0.7703503101731086,0.6565928157590302,-0.17174166945258862,0.7153545727610983,0.0932089631246058,-0.5040971757498958,0.4810807760754173,0.25188244510173496,-0.18232541839185012,0.6277053523552283,0.8659300432774897,-0.24727210183982873,-0.05829881050879937,0.07743045022876838,0.6462523169814184,0.5207960204763732,-0.5968736285622478,0.2549606468874751,-0.5547896632350482,0.5956239713134541,-0.7461684490801002,-0.833200978033996,0.08070775238746153,0.5798153718668755,-0.12648032026624834,0.5289631495242036,0.5341458739378279,0.8689180187877649,-0.3685945786863747,-0.33508008686851154,-0.8344704133531657,-0.8543533106984347,0.2477315338583861,-0.5542545096416354,-0.3121297178897142,-0.35822668483076536,0.5089229367706622,0.5786554126754565,-0.7824259117474122,-0.7494340805521971,0.6365006658055715,0.6945056305627201,0.7044251597259682,-0.23464797124888248,-0.20830385339145674,0.20893857132303073,-0.6692901542995906,-0.5014060235281801
EST,-0.7807364305089579,0.40456680196568495,0.33555874467300795,0.1705681220827474,0.4132675600831279,0.5637917679333684,0.9043145744885558,0.1794884847910736,0.8790465635866715,-0.8892069481920895,-0.8372142100441624,-0.6996129411875389,0.8422683955989139,0.5379022936157805,0.6962683367713354,0.7503559006634479,0.6544997810718756,0.38379943080245316,-0.2932177415117423,0.012149090362371995,0.3353833874029035,-0.03426582579983073,0.11840114042552385,-0.8058770229603067,0.4948489794541333,0.7532265927675996,0.5925182372470588,0.06816255437797192,-0.9139425361389408,-0.9134263788332468,-0.7860398441673668,-0.5193882650199604,-0.02644526188166152,-0.6137528163834016,0.33704692906884615,0.5576703408141312,0.8514534571614197,0.8452509404241525,0.7128794539823046,-0.009782105046929335,0.8633645135616074,-0.02192022828650919,-0.3903116019174009,0.0732550352122161,-0.48516752183573897,0.6706881391342286,1.0,-0.9056037268407411,0.8838681581195732,0.10242528655566563,0.6940071126844746,-0.26982335166606264,0.6479453780084907,0.31172777827199294,-0.7542472266696034,-0.8245845268132066,-0.7402192858302337,-0.774785232002789,-0.3263530490410922,0.8444850508870189,-0.691564143427879,-0.6011573364813547,0.8718563073290462,-0.6041990315913146,0.8924890015316993,-0.5355595057595748,-0.5994422008797158,0.7077929435066896,0.04979798834947935,-0.147883268067591,0.8639366847266962,0.6053444154687158,0.6999148040337935,0.5937568379221432,0.2104115016890047,-0.7774877639334794,-0.07152644315465762,-0.4736105384030729,0.6830286424245161,0.44679795523527044,0.1662185458640939,0.11045073475691547,-0.04688846477116648,-0.29484751379772134,0.9542000291093938,0.8376988388453123,0.9320717915319419,-0.1152247661187833,0.3971073214558424,-0.8441850491602754,0.6101361332551418,0.07254814413399313,0.8028063767353193,-0.9030536715562749,0.6518430636518574,0.846400765166111,0.16743158771325795,-0.7682962456916116,-0.7259102410836837,0.5798137813485986,-0.7388755339640642,0.35696888880730304,-0.3592467811326434,-0.8972694527839837,-0.3149116647472283,0.8148857707797024,0.7229197917532972,-0.4174624794400068,0.6763713826435074,0.13991532579109456,-0.8522996437825545,0.47587171235107606,-0.14410802561276914,-0.4263991038571531,0.7148573327836553,0.7988054322439813,-0.2908752254784912,0.06762863093961458,0.061192031614334286,0.7305062100735065,0.3396723105222148,-0.728803214689917,0.07506807270401017,-0.6981123821542274,0.6777827656180138,-0.4877006744827652,-0.8659606306637266,0.23616955366527526,0.7988536787677337,-0.08057871707860098,0.8703294171570434,0.8900637705026666,0.8726817867755191,-0.16923205718572776,-0.5355827777115247,-0.8710669670444193,-0.8323247965779907,0.24648398694185836,-0.5364530383171846,-0.05835233786182914,0.18845935791272161,0.40392192226541535,0.26395171562388997,-0.8988483477606728,-0.8859157241485696,0.5383906634470624,0.6158648076913307,0.3424416330245581,-0.35543726503320183,-0.18828308484941436,0.04691321487534683,-0.7021592575681219,-0.4838094710450198
ETH,0.7223191579293249,-0.2810249403874572,-0.4066789192253115,-0.04670667995137667,-0.387803873951277,-0.6005604188872673,-0.8580724461803422,-0.31835277035857,-0.9170529084920069,0.8444648756671785,0.8129318704451107,0.7987649461798937,-0.7971081296775759,-0.6671846069601175,-0.6717589774179702,-0.6245883379515518,-0.5843689239000693,-0.2886541718405278,0.20910634713873455,-0.10133439643882625,-0.5091934693051683,0.06806463852682176,-0.2149536911273855,0.7970083532673067,-0.5517055751439448,-0.7490837223840723,-0.5620144846592519,-0.13712420883907495,0.8361917225431202,0.8569200034651402,0.7099115046837238,0.4128649944490763,0.05611919160717915,0.725486253679637,-0.3057382543101248,-0.5576041643229497,-0.7886245463940631,-0.8109761505552382,-0.7333559567162151,-0.09734895806474286,-0.9072282059983934,-0.09200056398251877,0.23965174740725026,-0.018971549320069725,0.5962912163312521,-0.637077884601756,-0.9056037268407411,1.0,-0.8591774787830118,-0.10552845501274133,-0.7015347242254215,0.15057412893464017,-0.6616302118893986,-0.2467939131928052,0.7918938613546785,0.7775875528516366,0.7544186099067905,0.7542226001768545,0.14470886354256485,-0.7661798912833462,0.7437238329101915,0.6090582168700234,-0.7795287919551432,0.6984223591130745,-0.835923870209939,0.4921486328999063,0.5911897467163792,-0.6708305365525173,-0.015244063278072595,-0.036477498139929176,-0.8319112661661285,-0.6270428760916458,-0.6296955934050743,-0.5800584152431365,-0.1936394126244485,0.8250482245462364,0.09079136546371014,0.4794790891327484,-0.6554740878658594,-0.6290362776769904,-0.04538153485744134,-0.20956796804867373,0.299700566094557,0.22449563743423329,-0.8782962667043872,-0.8155007927994953,-0.8410760014874745,-0.0016832051380510915,-0.3040718783713694,0.8442718720972904,-0.4671961927814192,-0.18611560922122616,-0.6672980333182621,0.856172883387809,-0.6457218685977044,-0.690765617644391,-0.24006701957103882,0.7340887929895759,0.6515755511120919,-0.4663691580129363,0.8158129340297644,-0.4711822871232283,0.28579507715982644,0.9008000064482288,0.45636005865580365,-0.8587525310579482,-0.7622831571126238,0.503973268743722,-0.6606288031201739,-0.3183345361661649,0.8868184289748408,-0.48611562729169955,0.08204919802567545,0.3527519123689419,-0.6675991005948858,-0.6616690360981266,0.21012832360599942,-0.11686845684000335,-0.19231016218184172,-0.6217309893529295,-0.32850822674041824,0.7663094937478531,-0.22040022819872673,0.5155746163394362,-0.6673443280120899,0.5055939483162532,0.9022351995591543,-0.2919458000482391,-0.7040857666327462,0.20880970297676604,-0.833457692964588,-0.796742187078815,-0.8695439082980303,0.1541695033637055,0.6775673086536869,0.8339123908689238,0.7946573111089048,-0.3176272406762499,0.6090705995317524,-0.03223334353414753,-0.048252611251524025,-0.423275517628547,-0.20138580677836893,0.9046945402402885,0.9191336495692642,-0.5315610032075522,-0.5913233056957656,-0.34744409707356616,0.3382168782817374,0.18552891035909658,-0.1333274350693956,0.7113772092909894,0.6121332096595516
FIN,-0.7216360853574506,0.3283140337644579,0.39036007840640097,0.18907039369965029,0.3285749427911777,0.771837395318151,0.9219219630812026,0.31207000868612766,0.8771715540123793,-0.8984511656551502,-0.8502605544602546,-0.6047926179614465,0.7075810757781777,0.5208053919333469,0.5819059946727857,0.6602448038976736,0.5423923403227241,0.18345520316786335,-0.2115589739986259,0.2636759417355672,0.4504524403010044,-0.09066572580673005,0.1767829354646122,-0.8541538246117293,0.703999445161878,0.7624631072181974,0.6956975851871232,0.33230808462304195,-0.911462514991279,-0.8700272292139122,-0.8164598729063788,-0.509100580590669,0.23907728201779666,-0.7239856151415434,0.24776996534755913,0.6098693202800497,0.7052408819714706,0.8076786159817794,0.8150380863042302,-0.15578812083394178,0.8855111303332024,0.0034585811260471333,-0.07883053884888014,0.1433517754394561,-0.4769264456461402,0.828124428704523,0.8838681581195732,-0.8591774787830118,1.0,-0.17388016540000972,0.8320900342076539,-0.2775518000185402,0.7705042734071054,0.25797717345341353,-0.8786400647420751,-0.883248139599353,-0.8036611584726394,-0.7692292727554011,-0.31995571398531397,0.8479008639527547,-0.6685577318621116,-0.6869923448315589,0.8061552008727155,-0.6184174159055393,0.772592741903731,-0.3773197816690641,-0.45748912680250653,0.6162653585159028,0.15019235190462665,0.014371639013125881,0.828482532079342,0.7163365829758165,0.8314113742465099,0.7187021745471976,0.22393613146299307,-0.7622845226764108,-0.22835190399535454,-0.6014635207274281,0.7491458154397987,0.5981340713902543,0.02445846385693462,0.14115348568159802,-0.10347398928571327,-0.4087359457628357,0.8585802359873992,0.7080278782526221,0.8078252916058365,-0.03699368641541523,0.185520518307823,-0.870071182622556,0.4214455047940202,0.15746283151111673,0.6566165646604492,-0.875516659534644,0.5491134025309311,0.694891823133017,0.02338446805873029,-0.778723582661393,-0.7126332274247966,0.30836716451239066,-0.7393861896644198,0.40056637805888795,-0.39172968144874387,-0.8764222346684651,-0.4673121120667971,0.8131116162141415,0.8776637647999519,-0.45894206522901526,0.8099948995514786,0.30822504936960815,-0.8040497898430394,0.4912783444785177,0.06892127051268782,-0.4011620353217824,0.7102676296275546,0.8189196937381492,-0.2624667472625153,0.06936360375002448,0.2133076033061273,0.6889193771490307,0.43302351663051786,-0.724820382606729,0.337429949118181,-0.5606932803485556,0.5635146974189394,-0.5490655049423914,-0.9404743300884537,0.16362427052442907,0.6556549791026139,-0.22930599934701368,0.7488056794529184,0.8029650578650324,0.9399129022461532,-0.2263386586436824,-0.5799358113538,-0.8471052287917349,-0.8795131423806959,0.25656680315859215,-0.5625713511696531,-0.0438337029377176,-0.008407565290737828,0.38349569057912125,0.284587276278524,-0.8372006304239452,-0.8504362595953534,0.5974976852931925,0.6444889134024531,0.5192684410810833,-0.29627269841713355,-0.28569021710525777,0.10907956458402901,-0.7517315491766516,-0.6245160820803835
FJI,0.041859386661818876,0.32484623439918825,-0.45537069329901403,-0.21097501337343738,0.06347238696195645,-0.538224136241439,-0.22728454580244373,-0.07263309833669118,-0.14163066404398195,0.18418237701027695,0.21514112077667913,-0.37363602326140644,0.1298673324859696,-0.1818977380104112,0.21927287319665556,0.22315198727042895,0.10023364580543692,0.6025177786195395,-0.06268233250257649,-0.37954044271238474,-0.07262551620320035,0.39633340454921373,0.12812809872770847,0.20521724059996815,-0.5526947332169145,-0.3157622891366909,-0.3375448460502235,-0.5548129906364849,0.10104836543569362,0.09255547521858842,0.09760456282564234,0.1330202476732384,-0.44283923596978636,0.4151746840008461,0.4688793286583457,-0.0712585845952296,0.16440946018307956,-0.17989701278040782,-0.38575135705108643,0.4376416304026223,-0.0968041930430521,-0.0806378535941008,-0.3880328873619898,-0.31640868046146964,-0.3084080957289477,-0.4068516703599514,0.10242528655566563,-0.10552845501274133,-0.17388016540000972,1.0,-0.3226788941093497,0.053962245756356775,-0.39529115328530695,0.09985247588788404,0.06842317968022138,0.30715353479230045,0.30517508993744413,0.36238852964110113,0.1736772908958638,-0.053615314391603386,-0.08007216768290637,0.1790525890549528,0.16700243400274395,-0.008570485880157852,0.07757708095298754,-0.4343439252947734,-0.2975387209383713,-0.22381680094826972,-0.4445849511390003,-0.3854888521287314,0.09057998070802675,-0.2867372130729797,-0.4360234821929334,-0.46618071188921006,-0.36734108452872416,0.1672772950066973,0.35606262719705994,0.028521601628670568,-0.40282179560818676,-0.38104159170358143,0.0925909905753105,-0.021475018622282294,-0.08254474939506262,0.5579175098110549,0.09049009220058779,0.06267775521713259,0.2715047215931502,-0.03179098764569299,0.5242015014388395,0.17534472747629293,0.33590767318596715,-0.5847495438561867,0.23264928244229877,0.13566204304997131,0.07254343069983915,0.33750373917829835,0.1267583534956982,0.18311893920545008,0.19688332470826841,0.5163194239467922,0.18387785063657025,-0.30235169391118744,0.3602833762209343,0.12829039478898463,0.3092702702616401,-0.11236109878599776,-0.3258817221875481,0.1616587228893711,-0.2795828054359395,-0.4145444879622975,-0.08732436759469309,-0.1406619176987074,-0.4565516211753946,-0.019329266285419866,-0.13960323676461894,-0.2920668943535971,0.08651935781075748,-0.021823786267116452,-0.46508079456774576,-0.07739185843570118,-0.34327944210990435,0.20226714067114981,-0.593498676400738,0.04940460741909103,-0.19959108170197037,0.3765412024425461,0.17075851807295017,0.20764046775041778,0.15821184486532525,0.39457391438035305,0.09586130730113673,-0.020555090269067877,-0.16417089251749006,0.43635908108689025,-0.1311169572081745,0.05697585537822569,0.32258028569750774,-0.14165279517366236,0.1850407770456588,0.3481431790618946,0.646949173359521,0.09669557605014356,-0.283550517965071,-0.04173412298429313,0.013430001367071065,0.10534838975031802,0.11307874788004113,-0.5369750432123097,-0.07171663805738326,-0.061268395886106886,-0.050961671567752775,-0.025643624798523668,0.13834963107710285
FRA,-0.6340874053954377,0.2371141840615396,0.17816846735031355,0.33693440724988144,0.11374542195735116,0.7401565032071471,0.8285435774343566,0.10270703456776176,0.8604604989480442,-0.7556774582273729,-0.7638194268198855,-0.38202474415873344,0.7318624508700802,0.35340196769293175,0.5490309267845049,0.5220551241611008,0.4174260933125008,-0.028770818635121653,-0.2441345204926091,0.6051673816237341,0.14924807285653063,-0.31954544635275983,0.07308508340620601,-0.8157870514131988,0.6210726215489968,0.7118646841391179,0.6785784346665976,0.4975090346726667,-0.7410401311276928,-0.7056521612753213,-0.6801189316494949,-0.6146645930082237,0.4374714773054702,-0.7066054529249186,0.22800631863608412,0.6706620803789204,0.6532908229149063,0.7046046012109525,0.8789687793906147,-0.10877168131338211,0.8064880260553706,0.1987515024142279,-0.03247897935086774,0.19194017997982482,-0.3139327177494988,0.9034256501701998,0.6940071126844746,-0.7015347242254215,0.8320900342076539,-0.3226788941093497,1.0,-0.4701517462071627,0.9270166376522738,0.12431202026893784,-0.7484179329481386,-0.8443961535805236,-0.6941829770127339,-0.772021486753349,-0.44794613917485093,0.8747811739601584,-0.403506407425374,-0.6395669761701639,0.7092979007725125,-0.5218800821683058,0.7068292942142922,-0.22231469531171255,-0.16180243910688796,0.4479689510984779,0.2222190948382351,-0.04197093171754607,0.6329112153574078,0.7826982969750345,0.9231662117232239,0.8689863287713745,0.2520420670775114,-0.5702316845799624,-0.26081627819050324,-0.622884038651289,0.7318559238941771,0.4373694875637968,0.1061899048784396,-0.07577004145598032,0.02497149417018052,-0.4981278657807726,0.6717260304039046,0.6140387497297264,0.6775501587530417,0.08819692757216024,0.23415598386697578,-0.7465283466280115,0.35248898506703497,0.423035790185074,0.43038707405289833,-0.8183821176505597,0.4779005547882732,0.5592588664146312,-0.24652778462414204,-0.7376917035159165,-0.773548600725539,0.24920960748260557,-0.6687298673040198,0.2863545130492424,-0.49874741991203075,-0.7690422781097364,-0.591177098099501,0.8353911068950518,0.6637349036495764,-0.19790752262715894,0.7231932006949152,0.013719406457777139,-0.5014255854764997,0.4806549855486928,0.16545493907987463,-0.07105042373661252,0.7219143797524684,0.8249783696690021,-0.39336858906544103,0.010281348718460648,-0.020798646986949887,0.7437615428648359,0.58138801859149,-0.673482785366871,0.15629119297424354,-0.5295161507105077,0.5244202374896104,-0.6990234464969494,-0.8495450916941256,0.22378407426012004,0.619263845295136,-0.11227718973247947,0.6192517288201305,0.5793241542260548,0.9026994133870909,-0.4073414369987667,-0.5078476435858139,-0.840684052078597,-0.7946872286943165,0.2999703988399347,-0.6241172398331134,-0.09102892379988625,-0.19611008874177638,0.407916679478314,0.497846895862772,-0.7781121973114287,-0.7447241639629021,0.6455108056290355,0.6767360717366849,0.7605200792748027,-0.2824013862766952,-0.2546371660299991,0.21145878860841272,-0.6157780003606739,-0.5061309600473081
GAB,0.5676428837338924,-0.04158124529805374,0.06386944058680677,-0.02330947646756787,0.1884142194176397,-0.30513385342020416,-0.3580869987121109,0.16051617779628835,-0.3383030468465773,0.14423186539603405,0.16490902387211714,-0.02317902862126142,-0.39593825122592907,0.003032128826036873,-0.23686441250528856,-0.22507243709947278,-0.1591502497643673,-0.16292536385902778,0.169608931731262,-0.2463928362557921,0.19266996964127636,-0.11910184417479752,0.3478867090641189,0.3675037471570315,-0.15840588931706834,-0.21545149190446722,-0.0005630031866534768,-0.32870184609473174,0.21478315177314844,0.2541915262513057,0.32825369106002267,0.7512966716154605,-0.03947331145389721,0.03988444697212401,-0.19854855148639206,-0.3131739481609672,-0.46326223514977216,-0.365620548070126,-0.389642301597269,0.20625946959006158,-0.21704959893562914,0.11250095563561169,0.41520763591890275,-0.29372867814402426,0.20497355964142838,-0.35087367370813416,-0.26982335166606264,0.15057412893464017,-0.2775518000185402,0.053962245756356775,-0.4701517462071627,1.0,-0.47847561020756624,0.07303305068925414,0.33805851320164515,0.34407577587913873,0.2545243866981124,0.1678875939888358,0.6120154438101827,-0.39625670698555115,-0.2382271779315448,0.08813032925161735,-0.47784379040245417,0.3430133778774399,-0.32848721664267844,0.10601258687792137,-0.19632274557801566,-0.0812159310936047,0.13306519602429856,0.531825298381579,-0.2377665978927408,-0.3530573067279954,-0.4638211117027904,-0.4746190333596323,0.03401370668291914,0.01318385808772149,-0.09255682290368505,0.07407694098752726,-0.3426857183429186,-0.026273852840392076,0.031290218728491914,0.5888867805756774,-0.3151425001227379,0.3177637076942519,-0.25383911854346564,-0.2639874289900477,-0.32936806743415903,0.04343011656619755,-0.5013419283233369,0.11149314379873854,-0.5868024336856581,-0.19184583086908624,-0.04501412738580912,0.25474996248330084,-0.30875248565371716,-0.20789725167384088,0.4181061937912942,0.2712740234806188,0.56458845549309,-0.3588558685585759,0.05574717356409464,0.016533943365122594,0.5195502512623767,0.07143873296991132,0.2926521980813188,-0.39140958659311376,-0.10491000949515383,-0.01794305530883089,-0.3308006039949656,0.2662811266119045,0.05436741805312317,-0.005950624602894639,0.27229487708841305,-0.371099865606731,-0.49398456146617464,-0.5060270549092956,0.5303379194691445,0.21530827765343863,0.12506227650539292,-0.46585207082205704,-0.3506112994642545,0.2068981990481047,0.15306548767892036,0.12077080330974832,-0.18543472443838094,0.003668001293622436,0.3060587777768371,-0.32648454598125753,-0.25790275529958784,-0.18511411466587058,-0.27485628054666034,-0.29554962923716177,-0.2651698353518468,0.46544493718665314,0.2968032909075269,0.26821300320043284,0.12931892569927506,-0.527257986974287,0.28815495568705485,-0.329366479676406,-0.24951760862489092,0.00975214331348262,-0.06002854875035091,0.2334874204291798,0.16024366742089535,-0.38245421871175767,-0.19546284088815535,-0.43181218885707073,0.15378095982789897,-0.08205141064531363,0.2773256719046093,0.3076870248681981,0.2805216851485409
GBR,-0.6222646871163628,-0.009266194146658968,0.3967785718194965,0.3883348779584932,0.10629599342941409,0.850546550467257,0.8269206566125806,-0.004434885434355662,0.852265750050731,-0.7042762363936537,-0.7713416593679683,-0.3493575403568614,0.6745318711092462,0.4174093223342812,0.5509899955291625,0.32007813231753546,0.3632322260230878,-0.14385731033862004,-0.09032228064505388,0.516293197479453,0.0731472242848612,-0.39440245710149835,0.021482818803099768,-0.7738493340138695,0.7648575068624475,0.7996545528156378,0.6335286798884358,0.391940252211308,-0.6771437179505013,-0.6340598619692455,-0.6289088337196165,-0.6692817686456385,0.36659176020093365,-0.6956947710354515,0.0621416305242124,0.5683612036114909,0.6614862361586364,0.723847783237675,0.9153875598625096,-0.25201289383891345,0.7826487271338409,0.20945111369279878,-0.14992124325160727,0.21645274683461435,-0.23147466456215282,0.8383551343935665,0.6479453780084907,-0.6616302118893986,0.7705042734071054,-0.39529115328530695,0.9270166376522738,-0.47847561020756624,1.0,0.18323952896220574,-0.6390758582412737,-0.8748125446934734,-0.6824686655978947,-0.7876306924213772,-0.3988565166481335,0.7562276903585641,-0.3574416169659733,-0.6642719564612238,0.6236213136395191,-0.5145296029125943,0.6497663964002707,-0.21258893147138602,-0.22774953135030618,0.5148332934913985,0.23708729424700448,-0.0822316574504307,0.6477302161592338,0.8734112129788535,0.8312792477888515,0.8735019260599605,0.37304500623430814,-0.5654379907669682,-0.24218064228618275,-0.5795038666444943,0.7439665017247904,0.43265890292038955,0.15705487032631515,-0.1796893659437071,-0.07254824425997919,-0.5828904159822956,0.6469415901279011,0.6593421573334312,0.5597352615861559,-0.13263132328400773,0.140932383614213,-0.7287520924336381,0.2777297632251965,0.5143963195317157,0.2484153688001871,-0.7973842056542808,0.5994775110226076,0.44114546585148584,-0.2293848730502912,-0.7361266831156741,-0.8011477784336987,0.10974655861717098,-0.6623157967523681,0.3243377754293517,-0.577045926053755,-0.7159944970705383,-0.6306950148017219,0.8608122006771585,0.6782905297632129,-0.367965935077589,0.8218975246128786,0.18035698137287248,-0.5034350539889927,0.443366870798499,0.18959047542884921,-0.04476096470381563,0.6782805480650285,0.7906172066980175,-0.4335425308441456,0.07287480052644646,0.20791469485789094,0.6767140197789068,0.608867599125339,-0.7142297667352002,0.34353530533183696,-0.5790451163802535,0.6350610164950491,-0.6849588025401454,-0.808639026721357,0.11668021844642096,0.47809223393346434,-0.09240155064875255,0.5425679586522693,0.5582434272955068,0.8384352096639774,-0.5591759430851835,-0.4021087268736143,-0.734044480283808,-0.7542642687249677,0.3051168327451572,-0.6630580349253141,-0.14606793087888548,-0.288290279036143,0.15937430780548834,0.4583533932169481,-0.7023599080585377,-0.6968573796696289,0.5073890611247271,0.570514403045327,0.8476053468204502,-0.21198345239339167,-0.2540406443722927,0.14918040847582648,-0.5389304810583466,-0.4247449145623745
GEO,-0.1631369253067967,0.13277915385051042,0.35238166624931866,-0.15438292246726948,0.8163670067053781,0.1752079138319823,0.16206949698310513,0.019712517375321204,0.267760367136046,-0.2798254685034678,-0.3752250615609056,-0.2053390508057742,0.2148248938976065,0.03744977509774439,0.4404092637854531,0.2950442784751539,0.14398213755270806,0.37908904313962466,-0.5934471788129887,-0.15500531198111345,0.03990574035405681,0.16312329797289538,-0.0933187295580169,-0.29738937854140013,0.34412182327566143,0.36079973790236297,0.18625878457357237,-0.13705264223927593,-0.3046864491401222,-0.3648050692029221,-0.25656637086909995,-0.1385796738383751,-0.0984866376826179,-0.1424080174767084,0.3607889434835867,0.30457333062657976,0.4688146195841554,0.1106829140696397,0.018087708233235245,0.19127812583252124,0.3233045800732214,0.10716391079280596,-0.1187605645273333,-0.6155964754071692,-0.03937212952143376,0.37086028558101847,0.31172777827199294,-0.2467939131928052,0.25797717345341353,0.09985247588788404,0.12431202026893784,0.07303305068925414,0.18323952896220574,1.0,-0.134496697796175,-0.3038501206031574,-0.13535756450739655,-0.3647226409775368,-0.28790170496603684,0.3194537827121895,-0.37419515797731195,-0.16984689617911886,0.34010216732635246,-0.3954167100537056,0.12056183414368282,-0.2044494362746745,-0.15889734435965752,0.3853213902877626,0.08257994816488679,-0.25066875395553767,0.1381152422280364,0.16310528626277332,0.05433047951026049,-0.10025353894256406,0.310811354731903,-0.18380339870324458,0.4986434763209793,-0.2513852226721489,0.05423748880786239,-0.19425117129920721,-0.029998400381346046,-0.1746673335125084,0.026926553419635235,-0.009769557484002656,0.48443572889097264,0.4148713031353388,0.18958636897525105,-0.0553645699335108,-0.2025157941590341,-0.35685181168527125,0.32838618636265204,-0.2792847159895815,0.3837121633536613,-0.34477178528384234,0.5546601104148775,0.48392333552141453,0.1684395922890931,-0.2985614652416637,-0.09398292615625148,0.30854365424280794,-0.3301462436480842,0.28463903974511306,0.03616918765243604,-0.3419153389477858,-0.12933251527974887,0.207673638307447,0.15058538393176024,-0.20040930137800217,0.18239716126718697,0.14385882187493504,-0.3510069913185805,0.32500268351734474,-0.16849509303400811,-0.2216701140909123,0.07642892716171434,0.3450234264584445,0.14481993226228496,-0.29639141507410893,0.14371856419898765,0.05620731644288013,-0.022198727631032256,-0.0015821878212549656,0.14537731818348065,-0.2959855375610456,0.4378298822155392,-0.24703621806123865,-0.3320180899775165,-0.3053758152009094,0.27845800408322374,0.10751314485342933,0.21450103919621166,0.24326429313680342,0.24674746009707382,0.12410355921707406,-0.0006367038647268064,-0.2754958458132215,-0.2768111320672917,-0.16517162463157553,0.13313288082597474,-0.45562121108787124,-0.11229266913906999,0.16473371036685536,0.05731515084250938,-0.3296731833031388,-0.2534838141629605,0.13968476723884182,0.22390738138441868,0.12612412090583702,0.1607653426283111,-0.0030181548666594615,0.07227312872757496,-0.22383027814346934,-0.15202840151734343
GHA,0.5953940543440954,-0.15718088356766025,-0.2409792431162383,0.02771140869773392,-0.18592048790643356,-0.6426660553559915,-0.7688210098239225,-0.22502333897889626,-0.7819618707945852,0.7183889249626509,0.5905635448656784,0.6642551754921013,-0.5952525642501931,-0.4196387294621673,-0.5634677060172357,-0.5948909958444171,-0.28711939600579806,-0.2872957809211043,0.2539618603337169,-0.1831026504159261,-0.48045532285352155,0.061097653754419,-0.4239260441389039,0.653051574708809,-0.5849498716800823,-0.5356445527909774,-0.41264829775117695,-0.23917396638090715,0.7515545627406148,0.7135789656523197,0.6044789603540848,0.3457665790114386,-0.07979542557772556,0.5623016572615451,-0.39220920155590977,-0.5132247606326343,-0.6576942694120027,-0.6257191896764165,-0.6432545533191125,-0.07879253603733138,-0.7352916913631473,0.1502501939948283,0.08212050526965287,-0.011510525967061813,0.6806925159022734,-0.6700682314117397,-0.7542472266696034,0.7918938613546785,-0.8786400647420751,0.06842317968022138,-0.7484179329481386,0.33805851320164515,-0.6390758582412737,-0.134496697796175,1.0,0.6773440099010288,0.6395746714900713,0.5353958803733144,0.09301459064482664,-0.7222635256272334,0.5751360819490311,0.49893390802007964,-0.7298902358499126,0.5779717400197661,-0.5812755177221711,0.5419837581305719,0.4714588006808216,-0.39482629710982886,0.0932176106843402,-0.08767351521149469,-0.7039375457387878,-0.6435361765298362,-0.6623461542070135,-0.5726736313837602,-0.003328616388024175,0.5999694730377964,0.28962599035735037,0.6902515221782156,-0.5243286720373064,-0.6008639713492769,0.0938266852600278,-0.17210046101638832,0.23949166782907882,0.11278173455416407,-0.6911358419144646,-0.6364800985468078,-0.6738507165319221,0.043668441485696485,-0.16320619033463157,0.6243262877945438,-0.4727944084705409,0.057225915940813055,-0.4741040656178359,0.6795727446159008,-0.48376299485190377,-0.59115073638957,0.05296504628298593,0.5311461828960117,0.520734458665724,-0.3298511859710036,0.512855481236042,-0.1372286741225035,0.15012727105344748,0.695709428818137,0.5586003241986791,-0.6909201940381977,-0.6863683630563275,0.4156582723745409,-0.6765267097890946,-0.26773347772154876,0.7400820997494006,-0.46961435734736856,0.19918782644803024,0.36214751883227203,-0.5475855694806271,-0.6689271952564289,0.483685912156524,-0.10367594770166444,-0.16215395741536098,-0.5216191144713531,-0.2493834467759255,0.4966071356462949,-0.25999447082882954,0.3291024067401199,-0.3770426356034886,0.2951775377630955,0.8297446716898745,-0.2656057068090192,-0.5151514407722968,0.11777609601858552,-0.6436809834026898,-0.6526999917735323,-0.8004645209158185,0.025847871027873337,0.647725973248142,0.6804792537833234,0.6668093696194557,-0.133030895051216,0.568889760623291,-0.28170352619674865,-0.06388982288404899,-0.42137555520542547,-0.06670250866186223,0.748912441310442,0.6851378855344327,-0.6093105288603948,-0.4886008018857486,-0.3859209016414511,0.44758481683960727,0.4462572989864396,-0.2198663475042153,0.5219641042282553,0.5861301135741466
GIN,0.7959657767396009,-0.30096888874187866,-0.4426409163875731,-0.35568325469423434,-0.32007013951563135,-0.8435634977687778,-0.8986665206329922,-0.23584351199753528,-0.8628804639493275,0.8576671479571367,0.9519487757413436,0.39150687132543405,-0.7686240217512974,-0.5947880433277701,-0.671159989575334,-0.5906283758523443,-0.5733781544519141,-0.053707479625279886,0.1608566015622126,-0.3696117567610011,-0.29652832051136335,0.1635976412192638,0.0629181276721984,0.895679686152468,-0.7315630733814047,-0.8634153198837615,-0.7748796694555113,-0.39481949225107593,0.859873658224693,0.835701027194752,0.8537507667766089,0.6857080122043455,-0.31089981171613545,0.7188875061111395,-0.13399589528222955,-0.6833106579651873,-0.7172573578338528,-0.832320008616048,-0.8782712013417491,0.29310137964775307,-0.8657778311519797,-0.3070632640775015,0.11424460916562829,-0.24922979027066794,0.23517834895370193,-0.8416827576976962,-0.8245845268132066,0.7775875528516366,-0.883248139599353,0.30715353479230045,-0.8443961535805236,0.34407577587913873,-0.8748125446934734,-0.3038501206031574,0.6773440099010288,1.0,0.7723614485690655,0.8826703958929238,0.4760332166374971,-0.8499891397671027,0.5227611692563282,0.7496831378663512,-0.7534809755757061,0.5505634469516023,-0.7585812715911517,0.18828090744074,0.3427791715725774,-0.6451872827843674,-0.3307368432789446,0.11627832599140664,-0.813906192238542,-0.7916629607910881,-0.8677628778268769,-0.8543322188486098,-0.49758122109840985,0.7581138587102068,0.14322300778999197,0.4876257807948283,-0.8420415627596785,-0.5520506932918812,-0.11865434085470361,0.08964960679754541,-0.07241277966379633,0.6504789434068329,-0.8205220115002678,-0.6935990698910885,-0.7404797114351003,0.1224935332714866,-0.25104415019984083,0.9176213340655206,-0.38655687121317284,-0.4220925398401225,-0.563334474542295,0.9492404025622367,-0.6000459753492402,-0.6408317002198012,-0.02429614471253716,0.9255369282322222,0.880017741497035,-0.3124697117771231,0.8438943438463491,-0.49463330176038856,0.6522925066041726,0.8725044411814156,0.5355667183325589,-0.823575134396124,-0.8222154455059565,0.3743199558051581,-0.8483353909118185,-0.24562276826481755,0.6827932152473649,-0.5310953366151028,-0.21783435380176797,0.23087218959386502,-0.7587823636882689,-0.8327730622902676,0.20848853152147906,0.008520267695936057,-0.22602572303853252,-0.7447069873860934,-0.6225853004414668,0.8474241177001557,-0.3163769587165701,0.6856408648187242,-0.6842713087975745,0.7373612436624549,0.8788540012734403,-0.13128513828017807,-0.6856095504672579,0.18782300985642153,-0.7007560506967447,-0.7536417327753129,-0.8796234484163443,0.48898222060093866,0.4619268816771389,0.887350232469144,0.9009907859290518,-0.330587098344326,0.5470161502481574,0.2760085861157513,0.09176459423444439,-0.2533771058257275,-0.46255316395360224,0.8415158395040326,0.854072375191453,-0.47330515693179054,-0.7056016840455153,-0.7464172315401203,0.17154953071861367,0.16380416632116923,-0.042717982844923785,0.737459013318504,0.5386881285317183
GMB,0.7136760967162256,-0.24324960452831523,-0.5473531602068271,-0.20075740540765818,-0.187578528765169,-0.7016623542006215,-0.8907622726080622,-0.43961279532144193,-0.7878890041775213,0.881216687997656,0.7597209411094471,0.38228028465340225,-0.7041502810453162,-0.6387522440898528,-0.28391237245452206,-0.5938075437294807,-0.6911236274599433,0.11921583190733731,0.17956898850588843,-0.21762153603252044,-0.4563776166171025,0.039855180059712225,0.07534577732024383,0.8848498732849756,-0.6797781654198423,-0.7092988705192484,-0.6484751171865406,-0.47569710355530037,0.8288498575620439,0.8600258413061368,0.6527361601300022,0.566754205199899,-0.06105143048319639,0.8614187974622727,0.17182346907169233,-0.3292915026659562,-0.537697534600601,-0.908654417949224,-0.870311999493321,0.4034694300905073,-0.8069261459523154,-0.07857330591125988,0.036950241974907594,-0.1872570283216337,0.1988469739395452,-0.6598471999815358,-0.7402192858302337,0.7544186099067905,-0.8036611584726394,0.30517508993744413,-0.6941829770127339,0.2545243866981124,-0.6824686655978947,-0.13535756450739655,0.6395746714900713,0.7723614485690655,1.0,0.8535945096265806,0.3133147106505192,-0.6297713333382058,0.6965683400349254,0.6958994151934088,-0.7497126991881022,0.7104776066223456,-0.8308608972635358,0.04128207239795012,0.14971824019000657,-0.7619461951885174,-0.3836367267609413,-0.15686878747705557,-0.6307696501083582,-0.514303733773013,-0.7785622913336665,-0.7163969250341773,-0.4428437145434847,0.7748428913198098,0.015794512799090166,0.21925593948308575,-0.8874988889805153,-0.6333245307462088,0.08707147691084138,-0.2392641096751258,0.0015370938196949124,0.43995196172939366,-0.7738140402602143,-0.5377742716941221,-0.6547058549183249,-0.03896852461224909,-0.23879994313236375,0.8042555147849058,-0.22006053817466253,-0.469299761110481,-0.5325920639621065,0.7974561704621296,-0.35775845247457294,-0.3912704761327448,-0.3067762946857273,0.7333670767421213,0.7453060558937084,-0.31644204022897116,0.7445631685195796,-0.6688443747821242,0.5235931530929716,0.7861990131634724,0.42466921791724943,-0.7556031510431103,-0.8414956649121563,0.5934501897615737,-0.5771479860735877,-0.4065517643409491,0.6798167656110038,-0.25397964755361624,-0.132266695562393,0.15324852794165522,-0.8788300843064958,-0.6810217913446452,0.16653555669039433,0.08346411215583127,-0.2937248788277822,-0.7755055292644355,-0.6312358855638078,0.7587836630913362,-0.42371047202282797,0.5989171284219578,-0.609728520454144,0.5722516712908505,0.8700296581113408,-0.03919048687456361,-0.6886345918626311,0.6481240037607019,-0.8551018531551287,-0.8440527181285038,-0.7722122139479963,0.3194431897495503,0.6347943169431035,0.7416767772602215,0.8474948757068963,-0.5644321403068433,0.3660173414783692,0.21533431044653306,0.07436207647746917,-0.20531705598654026,-0.38670414704378153,0.6822667405956121,0.7605725781678602,-0.5296133179187867,-0.3273110325693387,-0.5000749109697744,0.024563785432662688,-0.2210321404309945,-0.024889824574795272,0.6705576896140222,0.48854820152260814
GNB,0.6586361350689324,-0.2432873999086811,-0.5273775271261458,-0.34635717058753857,-0.4067464981816902,-0.7198106124826458,-0.8748136252264178,-0.22009731453534043,-0.8459991783698539,0.9037200390864915,0.8874144276052942,0.35190321865732155,-0.7448686851010096,-0.559300959458304,-0.4987738718894916,-0.5802850204367336,-0.6164772457942467,0.062458343299291785,0.2735499303620713,-0.30318604342546185,-0.24449307029205447,0.2001358981721606,0.055931856274483494,0.8874295058277598,-0.7051338938401721,-0.841397995421195,-0.7686242914198291,-0.3877338049616874,0.8402869083070071,0.8595064903180161,0.6985608256694754,0.5544213876747747,-0.2198224848145054,0.8609084833512243,0.018329838067442372,-0.5249404022564639,-0.6480109875098281,-0.8226532555369976,-0.8421380380319499,0.20990103888097655,-0.8317214184106863,-0.30099249786231685,0.05826202649964185,-0.11394188952410245,0.07377761990156173,-0.8112629913079332,-0.774785232002789,0.7542226001768545,-0.7692292727554011,0.36238852964110113,-0.772021486753349,0.1678875939888358,-0.7876306924213772,-0.3647226409775368,0.5353958803733144,0.8826703958929238,0.8535945096265806,1.0,0.38919369442291507,-0.7613304675186068,0.633052210897158,0.6859606662346364,-0.6822087587053054,0.566583641081517,-0.7975798620215628,0.1088409413082072,0.2306790473463245,-0.7935642209442335,-0.46644666271429824,-0.10305315904939238,-0.6287334327657634,-0.6177612419378864,-0.8077242879840134,-0.7418214948798347,-0.5768709008589388,0.7800308903781163,0.03627313419334899,0.3769620535705538,-0.8313117494671141,-0.48204926613791477,-0.06582435443584034,-0.1003663099215808,-0.028518459848330346,0.5193106812235178,-0.8102743960027421,-0.6742787864831377,-0.657879040406061,-0.05480499322788446,-0.12786527712840612,0.8902053766061885,-0.27227603987646143,-0.5138997934379737,-0.6004996680480408,0.9110513558110281,-0.5190182531753802,-0.5352434512146305,-0.21947106125349247,0.8374676637077147,0.7734207921354568,-0.32041326926359925,0.8504963704586822,-0.6334249191659886,0.5032053911441311,0.9131191629241354,0.49187991099291106,-0.7985784107767124,-0.7287862396211526,0.4430198863008189,-0.6407566178317516,-0.26565516857130445,0.6208108145004481,-0.4763076263950954,-0.197912274517132,0.20095916008720693,-0.759311580331345,-0.7926353970853444,0.14427778133228886,0.02045619717457714,-0.18979374015679307,-0.7699173831061494,-0.6033822169436425,0.7633233404214138,-0.31921413383141517,0.7483555529520917,-0.757218178478059,0.8071814913826548,0.8612284924648856,0.023636977364471456,-0.7251141562395014,0.3853909690602264,-0.7722173460490165,-0.7455815259816085,-0.8274665604999565,0.34717541148141207,0.43197878821819335,0.8589232353981625,0.932454066937392,-0.36408690564030777,0.46818024041972817,0.4553218688067444,0.2679789607684242,-0.3621451181311133,-0.5732176970593779,0.8238322811477761,0.844092715861289,-0.46904363492642154,-0.5076385875369798,-0.6420638588854155,0.06971743143242759,-0.06469671715529124,-0.18259486506233302,0.6274147099368812,0.380621576134041
GNQ,0.6105030340800432,-0.510075453936544,-0.018022157487776358,-0.12805236657065877,-0.3143955587565719,-0.23483485484530053,-0.33107440720995385,-0.12598895497926232,-0.32387038445884464,0.2985705891994592,0.4871814712848097,-0.20423872634279627,-0.41491138999996235,-0.058711926211290955,-0.2764475758971332,-0.3908838028031818,-0.4201874723035812,-0.15072602429467108,0.44234324828081517,-0.3706844869745931,0.13132047762388632,-0.09697548159862635,0.7166703523635822,0.5136226243055516,-0.13968189992540614,-0.39301022942263697,-0.3778095261198997,-0.46087731255902686,0.36139927688384965,0.4455759730272364,0.5675426013482533,0.723028053486351,-0.3113050727062774,0.12652626846053638,-0.2138446332485897,-0.5437905670817962,-0.4215720162589456,-0.3822659465306497,-0.35672375007331736,0.2772654998925872,-0.31462243927387545,-0.13645784555930662,0.15591555703618487,-0.24391633212388708,-0.11342561033746357,-0.5362483175017716,-0.3263530490410922,0.14470886354256485,-0.31995571398531397,0.1736772908958638,-0.44794613917485093,0.6120154438101827,-0.3988565166481335,-0.28790170496603684,0.09301459064482664,0.4760332166374971,0.3133147106505192,0.38919369442291507,1.0,-0.5763524928298187,-0.04091435973044666,0.20500566277077215,-0.45386969973748803,0.33012625417691976,-0.4035889219979718,-0.2553364877338824,-0.35510380789793405,-0.27032370377499815,-0.2411444731292769,0.5511670800719943,-0.19463139339516333,-0.19180316045000478,-0.5749614685256259,-0.4455927180806589,-0.15602339685471023,0.16379219193770966,-0.24995867104920855,-0.12198903218427493,-0.46434490847643795,0.07027056284408284,-0.21710451609866355,0.5667215564227405,-0.5935408549528427,0.6261896274250652,-0.39417875909360256,-0.25398561881161497,-0.41043275474685514,-0.2086378081252973,-0.36587882453865217,0.39220895633818165,-0.4777742425951943,-0.34903945420435045,-0.41836379943772006,0.44650375040989876,-0.2990328974333596,-0.40498448288982547,0.22970896407377472,0.5013356234285019,0.6115923972476957,-0.3849579133739294,0.3602634263542124,-0.3736122282478682,0.733668190242,0.29329338257835236,0.03407641526803551,-0.3488055218587196,-0.20737371076928834,-0.2982111879357501,-0.24970082780465486,0.2826623287690595,0.07602052005185078,-0.08805134375143786,-0.11235118218171714,-0.18754207325126648,-0.5065013840462265,-0.5810954254738385,-0.07620248561177734,0.3449574966626139,0.17404999092381068,-0.4424747274662715,-0.37109330356434267,0.3410797864871673,0.19557600551645282,0.28794790439475926,-0.35673228211191454,0.36256273050050836,0.3321245360658186,-0.19183741434458157,-0.44807433653110884,-0.05205331637973809,-0.2873250716662037,-0.32314821113690173,-0.34202359366947843,0.544096751498277,0.037674179658308216,0.4669545708555448,0.3740319255954072,-0.5059795919396328,0.0201247113747427,0.26231728822553735,-0.0711581513105477,-0.2145620630900993,-0.34119549470337196,0.29961269942976243,0.2808865318347944,-0.29776572507298615,-0.44647021384941254,-0.4045275584287005,-0.03659903507220652,-0.3637752715120135,0.3809113050504508,0.579279810107487,0.42191125496697235
GRC,-0.7206725124593323,0.5183558308172986,0.12918279432321778,0.3112092180568793,0.3747501181923135,0.6071817100979625,0.8039214704919216,0.12540759835031878,0.8505840934387852,-0.8057051124809602,-0.8515757451584371,-0.4980929643576859,0.8068081957597919,0.3605840322559233,0.7194496231409819,0.7456356936422391,0.5728906879537674,0.259335277383852,-0.4285073871279592,0.43864331263477063,0.17224074697128533,-0.13629069012087425,-0.009728531313485611,-0.8343015937328186,0.49608663254178187,0.6915520771600289,0.7270808716343451,0.35309014789984194,-0.8505099267175626,-0.8394992828682293,-0.8381541899580067,-0.6176127805121574,0.3585983265374566,-0.5803728646741111,0.46773390764904166,0.7629493950406474,0.7820424910154717,0.6979050673997093,0.72714547825773,0.014258002828353433,0.8127715670380359,0.1665017962377403,-0.13003693942751893,0.10717921134307073,-0.3707352008519271,0.8867068557268016,0.8444850508870189,-0.7661798912833462,0.8479008639527547,-0.053615314391603386,0.8747811739601584,-0.39625670698555115,0.7562276903585641,0.3194537827121895,-0.7222635256272334,-0.8499891397671027,-0.6297713333382058,-0.7613304675186068,-0.5763524928298187,1.0,-0.5058575409632193,-0.6194990185399396,0.8104927385133508,-0.516703494906245,0.7759806530213839,-0.3376762381196843,-0.2891227687439708,0.49437739240186995,0.23312771950118794,-0.2268463806615859,0.7373186545384246,0.6344292537179945,0.8559897374997332,0.7256346043659669,0.21011765292163287,-0.6377741396478152,-0.16059329328574856,-0.5891597986955579,0.6937555498909667,0.33721752739203714,0.23555529748726378,-0.07184849618276568,0.08124376856341609,-0.4429295000549138,0.8184344454731818,0.7311667279059275,0.8446213147195791,0.10121065810814012,0.34155685686375425,-0.8298993965678971,0.5721827248568322,0.2079903688404825,0.7281107762895146,-0.9028363880375265,0.5741900531645089,0.818421178609225,-0.0684486622141709,-0.802607888699379,-0.7647612887083,0.49850380425947316,-0.7259914574224844,0.3372173694979854,-0.4805016224072389,-0.8561170694786688,-0.4244567243232482,0.8097657514247106,0.6085896545190372,-0.05432666432773048,0.6793535315130532,-0.1029367312336027,-0.6124710968104159,0.49657611151225267,0.058051567854593644,-0.2494296237018081,0.6960694313153681,0.8424548510726124,-0.2845719192232188,-0.04422413356721666,-0.13744775369832185,0.719133432632181,0.46686434876624017,-0.6746960355297347,-0.03463136000093314,-0.6388884980276637,0.5903803385352592,-0.6815746806608369,-0.8346949936248984,0.24308513112197128,0.7853593320391589,0.042829649456472385,0.6803489442190295,0.6511487379048487,0.8906288795088416,-0.31711819147746123,-0.41236046121852676,-0.9395093288983154,-0.8396296589704866,0.2403718872783881,-0.5503660220129079,-0.1725029654230874,-0.02270863556514824,0.5789933831211294,0.5180664357789411,-0.8947934666945234,-0.836500610707499,0.6743229854467251,0.8229999695582454,0.5787579965547315,-0.34126547855210987,-0.22595047316451256,0.14717084997144414,-0.7677429047972066,-0.5322783114682732
GTM,0.3594223590462313,-0.25666171202677535,-0.4000715048198822,-0.12090889230750856,-0.400433426323348,-0.41964452157643084,-0.6211147223047049,-0.3243037915955751,-0.6123112006955129,0.7847171947312577,0.6071123925440881,0.6628591282691598,-0.5257747443757603,-0.4445628735831231,-0.33009114822247065,-0.6238061543698281,-0.5606245418724194,-0.13102509522355898,0.19574975710519082,0.039075238534657886,-0.43315679511429783,0.06833669585294855,-0.26672269622662825,0.57287194840796,-0.5006470992309131,-0.42596351465836735,-0.4872028778784536,-0.0193770221676699,0.7733406586241752,0.7201708858921707,0.4320487304147642,0.1010743754345712,0.08076471446628641,0.6208697352268541,-0.05088987648989418,-0.10614363216609135,-0.43644189142181267,-0.584665465006641,-0.5006787745572603,0.08074055067008323,-0.6520251883958776,0.07910490177638463,-0.09521668883726253,0.22213342393780322,0.27714994047381425,-0.4278735138085432,-0.691564143427879,0.7437238329101915,-0.6685577318621116,-0.08007216768290637,-0.403506407425374,-0.2382271779315448,-0.3574416169659733,-0.37419515797731195,0.5751360819490311,0.5227611692563282,0.6965683400349254,0.633052210897158,-0.04091435973044666,-0.5058575409632193,1.0,0.561778652516065,-0.5855257619287966,0.5589018576214817,-0.6378093521669399,0.3279632572983149,0.43204130051802503,-0.5357645864758196,-0.30529271064742125,-0.3553845661738184,-0.5712019226865168,-0.3667035202332105,-0.36777702836000437,-0.2576213405752861,-0.326219878276621,0.6924890398758722,-0.08066818110958462,0.41045877286254717,-0.46938423276436625,-0.3907193737818202,-0.1106243643507192,-0.5435633446763768,0.30848744888994384,-0.017607731476116495,-0.6821416399918339,-0.5116210697033043,-0.586229128871516,-0.11066590509922047,-0.03566031337368347,0.674992757376896,-0.13787404111044754,0.03492700076372279,-0.6231711458471394,0.628193776612923,-0.29187467941867973,-0.5661571143038917,-0.5457702797601245,0.4464539573333717,0.3317645607024199,-0.24383029363782716,0.5685130715566373,-0.43222581539285154,0.045083794384382814,0.7238596404297918,0.23758825517505533,-0.5461723658872035,-0.6089325385109765,0.535490670229528,-0.39997692475189495,-0.4068395005469623,0.6994674733169164,-0.1395841756430778,0.018665075086448768,0.5401967149553298,-0.47816084871509923,-0.3775598106593623,0.023323738171598274,-0.1432744901364953,-0.16419370414032652,-0.4232179190651637,-0.24513523816887428,0.47968702435062194,-0.34117651912517366,0.554397365312546,-0.38971926609324403,0.39407081726387805,0.7421490471854135,0.17262326660798222,-0.6151519481935905,0.40004825325330806,-0.6845148089340503,-0.6481686645372671,-0.6343070140976683,-0.12311102544841823,0.4341677811472435,0.604529856208545,0.6944795134397359,-0.02198658856327218,0.13803164633316378,0.22039699109590027,-0.0405277513932043,-0.38911136932707846,-0.24168483709963162,0.6235649508124387,0.6817263258234243,-0.5005441827401751,-0.29106010584056907,-0.10995901058267177,-0.08480263912129904,0.04976690988503518,-0.29752621830120596,0.5141397016896253,0.2812920639059293
HND,0.5924506704431883,-0.29441225207779165,-0.33927205116320325,-0.39047826874670677,-0.0639774657622838,-0.6909997676427353,-0.7078268304132815,-0.376919746818257,-0.6327220202678929,0.6766515446828758,0.7724013478327298,0.3344488703630315,-0.6016309036515406,-0.57958882617184,-0.5819008828593497,-0.5398387891683818,-0.5001202434101821,0.056163284228083366,0.0647431405345662,-0.3545559751531717,-0.42212622355509444,0.15793356309115103,-0.010592102534008552,0.7281385071561606,-0.5988319045126003,-0.583549463552518,-0.6533542938851669,-0.3779365747563803,0.6756428430290156,0.647469213100998,0.7499815147489048,0.4931334444319362,-0.22996960645770614,0.5905881238630519,0.07019217562750957,-0.3866699334626398,-0.4623154811073529,-0.632600353126848,-0.7350098031955818,0.3590598179620461,-0.68135984961161,-0.42736258088411927,-0.06041503366448575,-0.10219409913119026,0.06593549634382456,-0.5927294123263445,-0.6011573364813547,0.6090582168700234,-0.6869923448315589,0.1790525890549528,-0.6395669761701639,0.08813032925161735,-0.6642719564612238,-0.16984689617911886,0.49893390802007964,0.7496831378663512,0.6958994151934088,0.6859606662346364,0.20500566277077215,-0.6194990185399396,0.561778652516065,1.0,-0.6223342602526483,0.42607843925222877,-0.6061520254717792,0.013527929644514658,0.20112899451083455,-0.4925498623763205,-0.3805599287306516,-0.04115059074853278,-0.6411542188846142,-0.5503788042071811,-0.679769377759829,-0.6374490362569758,-0.6105781834537691,0.6130982377347229,0.16308109446237695,0.40440859422855246,-0.714802372617475,-0.5000061807412752,-0.2767121192263009,-0.11934653903589121,0.01257849432348157,0.5137502750557387,-0.5986823364736724,-0.4684465046201596,-0.5515397740935286,0.15399663032774047,-0.21746988152061109,0.8212480252934027,-0.1582926244045928,-0.33842638657690927,-0.41403873117438317,0.7185091668470184,-0.2974863832078709,-0.48463294371689725,-0.21362641750026934,0.7962742037221816,0.7081526407584144,-0.26019945138197964,0.7323188431695268,-0.43431477756991965,0.49912671237108386,0.6592879080021227,0.5964194173092465,-0.587137032574983,-0.7251319544054389,0.31532972886172983,-0.6230036796296277,-0.2531858630811381,0.489965489921635,-0.3192756427400947,-0.18571021785382835,0.2876079328364436,-0.6585709183356085,-0.5400525181041358,0.15876131408741034,0.030411145792757388,-0.2208952788976699,-0.6543055307161434,-0.6673009489635962,0.7913554649757618,-0.37213363572711455,0.5954192171930448,-0.45792348790028314,0.7829960441325082,0.6848397599998023,0.12715624672597325,-0.6165642918495242,0.269960890187263,-0.5825641370601287,-0.5690957518426314,-0.6322044430056035,0.3103222830545629,0.4000562832032093,0.6882483827602001,0.7542748239275239,-0.15017788011141864,0.3792340192663599,0.36427884007287625,0.09823277149862764,-0.02354897561282243,-0.4691333305217307,0.6303299082757413,0.7426264103192738,-0.3560601539463688,-0.537999595000175,-0.6924173283838047,0.028224890602878694,0.08180175358622366,-0.22929831285595315,0.6836991837324464,0.3922074896494945
HRV,-0.8035993778045278,0.5076458460551593,0.18595213042367642,0.11918039469491026,0.26370269374528155,0.5059366145644294,0.8221745754501051,0.23873113281491531,0.7933436228832171,-0.7801528080708797,-0.7243407906563317,-0.5509334538126676,0.9013483288280227,0.47603429957134313,0.6243936375434996,0.8343609628559076,0.7023131022921215,0.3624052535723338,-0.45165017360196646,0.13210158462451327,0.31061279709751066,0.2127693950399474,-0.08790058781775945,-0.8610433401457809,0.3938521808355475,0.6105754723262142,0.5181928567827159,0.21781140577752856,-0.8326917181211653,-0.8745784962238372,-0.7445217875085315,-0.6994481384273263,-0.06788777606009377,-0.5515967824775272,0.3820236579478029,0.5605438547920669,0.8189015174491067,0.8163649323068694,0.6846511020642779,-0.09833493190317144,0.8358609259386316,0.09325070709332561,-0.3273971514376961,-0.0656115712541343,-0.4587124315427511,0.6435358919605545,0.8718563073290462,-0.7795287919551432,0.8061552008727155,0.16700243400274395,0.7092979007725125,-0.47784379040245417,0.6236213136395191,0.34010216732635246,-0.7298902358499126,-0.7534809755757061,-0.7497126991881022,-0.6822087587053054,-0.45386969973748803,0.8104927385133508,-0.5855257619287966,-0.6223342602526483,1.0,-0.7572510520299325,0.8625856557995102,-0.3943002063531664,-0.3238963877608252,0.6043419696729306,0.06806569079273184,-0.31982133567441773,0.7629782118873627,0.5534381889292966,0.7104984324468752,0.5988840928864103,0.2602340948273636,-0.6647199044420704,0.1906413486406886,-0.36629047069528453,0.6941057959779576,0.3516024746416564,-0.0011677595655481543,-0.009459971133604084,0.1500436561834062,-0.27378696723418905,0.8904773221691605,0.6797684471017665,0.8770280165005074,-0.03795177930352667,0.5699315330752878,-0.7618966345383269,0.6725418740937004,0.04254534823275935,0.7285441867224718,-0.8208885838349833,0.5700814160232213,0.7948709691634069,0.15224796910050942,-0.7676960931519106,-0.7426766403449818,0.7225776672361333,-0.6672145622601149,0.3417079607735496,-0.4395086976921756,-0.7282643559867115,-0.3611324040841697,0.7584177534107538,0.6691005287472401,-0.35480575582041896,0.5478854035779057,-0.014592515561746122,-0.7298404861274634,0.3454194375259576,-0.16802761530632204,-0.18206711753614235,0.8385283119072955,0.7688469292027797,-0.2612802732038615,-0.289338714789958,-0.06605368318815019,0.7969444672762697,0.5023796095145933,-0.6306856146956996,-0.01910840626185939,-0.6111161393246494,0.5679626044972095,-0.42344546373027203,-0.8388917836142844,0.2541010185517396,0.872241070117389,-0.16179744870186274,0.8876522365798074,0.8744846654068563,0.8008470898092056,-0.20014631122487736,-0.6954918776843617,-0.8347055814948094,-0.7112902525131253,0.38827072677479313,-0.3411672819782734,-0.08209549086794632,0.3376499349072991,0.2938325769801978,0.2983961993109687,-0.7998975549479173,-0.7783122904883426,0.6419248585515077,0.6076568447624278,0.38978133626346545,-0.17438582659764235,0.008612068618302882,-0.09405630115942554,-0.7237889960166224,-0.4823859629906797
HTI,0.641898160137825,-0.1452637773855192,-0.5200402862919078,0.23770919198333273,-0.3331909453188562,-0.5139355008639197,-0.6383300484186294,-0.3306122774414255,-0.7330848425155367,0.5566326143367238,0.5620537033147134,0.5702051051055468,-0.693565862287201,-0.6540816980124278,-0.3639170948207715,-0.4632728421888228,-0.5912110615283037,-0.13011636952623684,0.4796710381564877,-0.019622690382210317,-0.5027837296093485,-0.20833078405717087,0.2475848340368303,0.7400004182416464,-0.48576377545214666,-0.5827426620511544,-0.30045025512546064,-0.2611281639377645,0.573368295269243,0.7319243198730809,0.48896516556188707,0.5528414599313994,0.3260080281124307,0.6036013088659455,-0.20525642244103914,-0.35798648139166156,-0.6788622936108246,-0.7482863374314697,-0.5820211184327895,0.07656912265142424,-0.7848141646259621,0.015988974643637133,0.21914207759308946,0.2978392871859046,0.5429818648474989,-0.48818450550041925,-0.6041990315913146,0.6984223591130745,-0.6184174159055393,-0.008570485880157852,-0.5218800821683058,0.3430133778774399,-0.5145296029125943,-0.3954167100537056,0.5779717400197661,0.5505634469516023,0.7104776066223456,0.566583641081517,0.33012625417691976,-0.516703494906245,0.5589018576214817,0.42607843925222877,-0.7572510520299325,1.0,-0.6527777656523925,0.2181486455857452,0.20390685424041766,-0.6675530527387834,0.002448591299779479,0.17455533531112177,-0.5503374318459437,-0.49911017710351113,-0.4683237519605279,-0.43256833594038113,-0.28999792352236864,0.6521869946500058,-0.35043151655415894,0.08347161300340789,-0.6018484784025537,-0.5136497887474687,0.23558372510565317,-0.058037042428211505,0.1492592839369904,0.24235568829604248,-0.6999873227698128,-0.6203611114767096,-0.5353517071369873,-0.02753227396848401,-0.21699343333045396,0.6142210260647378,-0.4825844418416261,-0.17601354327254226,-0.4391690810769413,0.5758302701893061,-0.6092855172872516,-0.4377302062139943,-0.3740457145338092,0.5610997154750499,0.4637591779616911,-0.42756963944170967,0.6550819320291151,-0.6237264187476033,0.39033358918820005,0.5323264469793307,0.3663311653774983,-0.72855583189956,-0.6724513410937549,0.578507986748913,-0.3898850087260637,-0.39057244070695685,0.7407082256056525,-0.19795742170244623,0.13495745864444086,0.07859766681206859,-0.6896970265671847,-0.5506785396644176,0.09222600962048921,0.43176451307180685,-0.34871281575487534,-0.4120919430006995,-0.3978578696570323,0.5079387661264477,-0.34200245146261854,0.2262652717117084,-0.6638034868776639,0.23360896702884648,0.7629921561085944,-0.21287377806497854,-0.5860298722253132,0.3774369047897934,-0.7067904534870353,-0.7462327860429196,-0.6351813641558932,0.3229314589335258,0.7163735678182286,0.5430365666541543,0.5023200077119844,-0.5657301124430996,0.2982844604870871,0.10406715664268562,-0.07870504687758495,-0.08094392617734769,-0.06972185897050864,0.5396266334472167,0.588967924357176,-0.39766042219052755,-0.27829954789184264,-0.27974102966946246,-0.0053168786399833134,-0.2594884181171895,0.2796256224423501,0.6147005427985447,0.6529710096645361
HUN,-0.7642308391833446,0.4625606868104364,0.24813247904842717,0.2950552581006294,0.1827038448917172,0.49275565192697235,0.8768830058485424,0.23291816512485475,0.8341373218209415,-0.8537341829043421,-0.7752958814406634,-0.5610388697127591,0.9191774264704394,0.5415164561155122,0.4765954850375349,0.7199130985724654,0.8404313290636046,0.12988933023541716,-0.2030110215774552,0.19722511594108805,0.24905136847241938,0.0038514446703482585,-0.11361697662091719,-0.8635122100485884,0.38153999080988,0.6797514779660557,0.6399046305563705,0.2512394150390417,-0.8455633067563566,-0.8754953265544101,-0.7051994825606771,-0.6364660396250104,0.012744924122868095,-0.7154037208787112,0.14727003344430123,0.462245236882467,0.7098198249311047,0.9144677550556741,0.8012575809611582,-0.16781251046622203,0.8489861923106228,0.09671158832783955,-0.31924602909345556,0.1617773010684539,-0.335800446907633,0.6193102486326678,0.8924890015316993,-0.835923870209939,0.772592741903731,0.07757708095298754,0.7068292942142922,-0.32848721664267844,0.6497663964002707,0.12056183414368282,-0.5812755177221711,-0.7585812715911517,-0.8308608972635358,-0.7975798620215628,-0.4035889219979718,0.7759806530213839,-0.6378093521669399,-0.6061520254717792,0.8625856557995102,-0.6527777656523925,1.0,-0.2816992635081592,-0.33825208295598364,0.686409724191543,0.21341404971524014,-0.12965692663578277,0.760974151347813,0.5203223810257244,0.7434076703089086,0.6861380273557016,0.2664752580162001,-0.76176868458034,0.040263674580717446,-0.24750165734756413,0.79788911510873,0.4166463709264525,0.11125051320807755,0.15451213374727968,0.05395928042159892,-0.3432466618748009,0.8781342979425488,0.6767062354479809,0.9093488144672793,0.06029297202649386,0.5556193087157385,-0.8063234604037399,0.4586635958867964,0.34820278431183616,0.7478078456431666,-0.8584578382596,0.478524242305436,0.682728342533343,0.23386438069037352,-0.7712275149506782,-0.7884010871498874,0.5614845811823045,-0.7496271236041281,0.4860705869984565,-0.5055288028870129,-0.8299060627649859,-0.2519153511059624,0.8343800916722572,0.6934004509524355,-0.36825733754309153,0.526912878443487,0.014702480147545272,-0.7068540217534203,0.24054558913621593,0.03399428947658312,-0.15438181971614173,0.8770867063567641,0.7174779386465695,-0.17618833835299785,-0.06777715618508573,-0.06746140812783685,0.8507173201869395,0.5624326246970431,-0.7802052144147513,-0.004109273431079252,-0.7003173227393489,0.6391029094053583,-0.5446956165546615,-0.8296029962437685,0.31208815384830324,0.8695434572255524,-0.30139879610080067,0.9140704598159559,0.8690907738564306,0.8351013512834341,-0.3113906329069511,-0.6248435150468334,-0.862014765419624,-0.7938600052155538,0.5151870403526572,-0.4623325829538252,-0.15491548969702706,0.1807127005621353,0.3453125217185583,0.4462749746084098,-0.8122984505496436,-0.8577249806125442,0.6170561578421637,0.5770067727382304,0.36707671341270576,-0.17265657670265755,0.11358893811643977,-0.0476700275789681,-0.7332155943746543,-0.41209580786170674
IDN,0.125558237158943,0.10605146491799966,-0.0776153963993571,0.021475828887666415,-0.22869770595625072,-0.1332677323601268,-0.3624814269981591,0.43537322124465416,-0.4429859297327061,0.3144066811784765,0.1526682265719943,0.7614018704813887,-0.3189094368218597,-0.048394378739973654,-0.46476673608218944,-0.24171670436040826,0.027440369614302296,-0.5438004283187945,0.18186087504547044,0.35469663046141076,0.046662918611638626,0.030466575379181182,-0.5629772052101196,0.1120189797975657,-0.15293119903775731,-0.22761573950211345,0.0326359104227083,0.6073615247947751,0.3803781343490986,0.29855409098066865,0.1464289578119765,0.016615191908405547,0.2738050637490548,0.03077817501823321,-0.5525050586794609,-0.16746606701357702,-0.6133003035146798,-0.19390422514346506,-0.07820586587699374,-0.4355424691946532,-0.3465524634795005,0.38467870302628704,0.4717202524010107,0.22192778642791122,0.6363007332518079,-0.16879495254108345,-0.5355595057595748,0.4921486328999063,-0.3773197816690641,-0.4343439252947734,-0.22231469531171255,0.10601258687792137,-0.21258893147138602,-0.2044494362746745,0.5419837581305719,0.18828090744074,0.04128207239795012,0.1088409413082072,-0.2553364877338824,-0.3376762381196843,0.3279632572983149,0.013527929644514658,-0.3943002063531664,0.2181486455857452,-0.2816992635081592,1.0,0.827106301092594,-0.2284046433483935,0.43156369236171155,0.0874738001287898,-0.5240279125117344,-0.410722113465787,-0.01539343787166425,0.031234319453892545,0.30019904447160106,0.3046750775371463,0.1661044577842664,0.5950785785588348,0.07753958898322433,-0.0460368272544871,-0.1789451890336451,-0.1210279649023196,0.48762802797292926,-0.30398341709168086,-0.4136858121598559,-0.6607874919940784,-0.4119536792568703,0.24040284586063898,-0.07048742309179357,0.18006080310984507,-0.5647814484018903,0.5362422488607332,-0.2785397601071187,0.2812402559827867,-0.5950875347384295,-0.5513271418081909,0.0304475315413113,0.05566845761541683,0.01136503512059217,-0.28761670702709874,0.039034659598137345,0.3601592711789946,-0.35077243371220734,0.32539768734248686,0.11168538066909028,-0.41969862203132724,-0.1206800294824204,0.34282727306302263,-0.3829887700114625,-0.026013270275588418,0.5161912805046277,-0.3168287381642112,0.5015888065026638,0.5304996522130206,0.03036066779019153,-0.35329083389807403,0.504550778466082,-0.3263269953150354,0.016525801152498687,-0.10200468504740146,0.33985265155507716,0.04312396413309205,0.07874370794586172,0.28959318601677886,-0.28481988189331675,-0.170408372720259,0.3453297098040322,-0.11570790903311257,-0.16852044896678242,-0.4762589544238811,-0.29863883180804973,-0.3513336852337714,-0.41122841411452504,-0.22234723157517866,0.16249495559401872,0.26699990869404533,0.1951972403481087,0.3391760963829259,0.4596889209602859,-0.3760874651849868,-0.25958623140305703,-0.2945601754100926,0.1519895695775445,0.4598475936936295,0.3413216551863799,-0.25946496551925935,-0.22311734611852452,0.16349555144123062,0.48954625980034616,0.6322440678917214,-0.1295324485981626,0.04666476440140399,-0.006592500947436353
IND,0.19881261674155704,0.08404881645402851,-0.3233671018745192,-0.031418443062510626,-0.27546089616326963,-0.28472885704199924,-0.4454167764620216,0.1858462369589563,-0.4811112085535145,0.3943225777323267,0.3608693190523433,0.779325687213454,-0.33693503581102036,-0.39318272092578166,-0.5048662494121348,-0.17536967947603999,-0.11949435314469281,-0.36535440209366055,-0.05463474389740752,0.40919526685257757,-0.23247865161271308,0.09259093753126535,-0.518509839752531,0.18760263082099082,-0.2706142477999538,-0.43027067163888555,-0.1531512233574137,0.5716825753455104,0.4275692212918596,0.366587703809345,0.2883350243978615,-0.0436077156630843,0.27123190798242935,0.18302477716583132,-0.33283175856147107,-0.1986325493106551,-0.5344753620855325,-0.34362517023034345,-0.19390971679267577,-0.25279878004550294,-0.46892943177394963,0.19927283574612287,0.40710056542078255,0.09620725542373698,0.5877763729567446,-0.12906106453851818,-0.5994422008797158,0.5911897467163792,-0.45748912680250653,-0.2975387209383713,-0.16180243910688796,-0.19632274557801566,-0.22774953135030618,-0.15889734435965752,0.4714588006808216,0.3427791715725774,0.14971824019000657,0.2306790473463245,-0.35510380789793405,-0.2891227687439708,0.43204130051802503,0.20112899451083455,-0.3238963877608252,0.20390685424041766,-0.33825208295598364,0.827106301092594,1.0,-0.3985811652095044,0.3225242710640246,-0.005449355900548625,-0.6891329537356157,-0.47912178757739854,-0.039650780348760684,-0.0797747672757021,0.07729990449644386,0.5220632734633893,0.2941828399917146,0.4705951250962255,-0.08876839055386232,-0.32889770933173956,-0.17991777056798552,-0.25768560540554253,0.5295462335671298,-0.0792343717119155,-0.4862931424065138,-0.6726486809419181,-0.4413749720284279,0.4379150040704448,-0.0003799385580509629,0.3824600588996143,-0.34665602889752045,0.327674133074602,-0.3246256889952992,0.39300960114392647,-0.5970814160724782,-0.506706247849035,-0.18166788991773086,0.2539009168666311,0.0814805591764971,-0.13923703718242253,0.3041262735861543,0.1008427641037204,-0.18621710249001922,0.45776563163861694,0.09543717604270452,-0.4456466541012474,-0.4006677209477685,0.4990177799106248,-0.5031564423276633,-0.31983900636122486,0.6956643388174991,-0.4195447762657001,0.21919858885623889,0.6628750509213949,-0.006166624681072763,-0.28972028918050907,0.23626952343339114,-0.3737093490637693,-0.279318712952876,-0.06292878408375002,0.2324846343924042,0.30931724152532714,-0.16594960350010468,0.3365056925526104,-0.42724560830133584,-0.011563511353193556,0.371585837382688,-0.13399132042484174,-0.1704811993039621,-0.2645527559649792,-0.3280242252587309,-0.45991689712051076,-0.45963521902180204,-0.08596307825283733,0.17797510405598704,0.30845216646933205,0.3227450021963134,0.2905682960528291,0.5284897758291104,-0.16854193714177645,-0.1632386472791154,-0.09929773394570507,0.14626458008712806,0.4805429425032256,0.4621971084921497,-0.014396749978686119,-0.29175369726073574,0.10161460579655901,0.4665731645890616,0.6024533055227512,-0.025110298412523102,0.1510108599540987,0.1176276507427011
IRL,-0.6252798695552007,0.11099337723222558,0.7548086623530614,-0.009880639424477256,0.533472464690973,0.5277751544180928,0.7784529302073764,0.22788214671657991,0.7402929098311607,-0.7231241793162944,-0.7144961110406389,-0.4117658308680938,0.5828500867269091,0.6910881554503753,0.37860673631975805,0.3904473480107251,0.5085772834121659,0.08285387241492548,-0.39806164129862687,-0.19837490572133354,0.3901073905162229,-0.007116963763126982,-0.14609649279792958,-0.7278115778914052,0.5744096340339838,0.8423537438888379,0.4748700725563104,0.07221205996342006,-0.6674173808318467,-0.7965806248755447,-0.5792140105220112,-0.4331533748559675,-0.23087058609845457,-0.6832836281537711,-0.05006133212188413,0.3654018142259252,0.6902761534083229,0.7852082726444,0.603485048052799,-0.13139040933400503,0.751814975271302,0.044226800654526666,-0.34638157757335497,-0.00992991534403509,-0.21490698895518556,0.5180047106928344,0.7077929435066896,-0.6708305365525173,0.6162653585159028,-0.22381680094826972,0.4479689510984779,-0.0812159310936047,0.5148332934913985,0.3853213902877626,-0.39482629710982886,-0.6451872827843674,-0.7619461951885174,-0.7935642209442335,-0.27032370377499815,0.49437739240186995,-0.5357645864758196,-0.4925498623763205,0.6043419696729306,-0.6675530527387834,0.686409724191543,-0.2284046433483935,-0.3985811652095044,1.0,0.12379964812103295,-0.02070315944487744,0.5649325034242754,0.4264444203284823,0.5241853550062989,0.423945751775925,0.4073599642086839,-0.7738183620989956,0.07539867661111987,-0.04558438035601586,0.66670761196163,0.511754901888819,0.021368153690751845,0.09551892613277024,-0.07643386559764354,-0.4467228823487841,0.7638968179211483,0.7495434496506106,0.5177841514898327,-0.15029340851910922,0.03822259897633029,-0.7414261804452771,0.41304586829124534,0.3154537062792375,0.5324310560192896,-0.6965728558722017,0.6548515039842635,0.4202280203747142,0.3727937521037038,-0.6551300708075405,-0.5196988150707798,0.3670781466473898,-0.7353148597411914,0.6637145047544221,-0.3588263961858924,-0.7196916258504564,-0.2547674115493417,0.6889579760073092,0.7076238269126285,-0.643943055258589,0.4702904225851322,0.48846837841543933,-0.7313576283599263,0.4844950169204656,-0.0411255955311669,-0.34420445555840695,0.5890949424593495,0.6999357628299784,-0.04966730860054924,-0.10355376841124575,0.4706773604414869,0.5094288624645159,0.25395583402965616,-0.6200186704571495,0.3900228881893003,-0.5352684561111023,0.8818541729410697,-0.4498842330845898,-0.6850358965853633,-0.03787225705214747,0.5222254907229821,-0.37791522314511594,0.7418470523013895,0.8276799268913178,0.6385950220600084,-0.2800591321348085,-0.38137764074261105,-0.5886985602816694,-0.7177716424654021,0.4075932364931488,-0.4199040158599803,-0.35289824213563104,-0.1530621136729935,0.0909897068305453,0.1875704729596115,-0.6029644062018988,-0.6647799774720426,0.08866421396864044,0.18824711114164583,0.2742736662274512,-0.18378807255183505,0.23782135358974077,-0.1836300459251714,-0.5078795678853032,-0.42536424736181555
IRN,0.0010939254941013665,0.19526682672650675,0.18912442771641158,0.7116049099379078,-0.02344951078463353,0.3969835996083233,0.1982451238805789,0.057638530431679214,0.09261459765885383,-0.391282185596882,-0.3453156389490777,0.21469277421931388,0.15622006068236893,0.07019860866665162,-0.17832811961697548,0.22268864056439708,0.4531069454864227,-0.5347744373699914,0.10630401777849963,0.5105469760299622,-0.15473766476264728,-0.10558406575720691,-0.2796918776591706,-0.36755490243964717,0.3954877509712169,0.08934820641995789,0.6429255177013746,0.46478923170123176,-0.3603253066270349,-0.25280961273734914,-0.2277311457847513,-0.26899625969989627,0.5713890408067145,-0.4332350394393447,-0.4001675709598651,-0.033400673712657536,-0.18611756184270822,0.2320032735872224,0.35024781800152593,-0.5857154187590772,0.12755511160231858,0.35557056357335814,0.58898240543532,0.23736867342753332,0.5400113977600577,0.37976686041976215,0.04979798834947935,-0.015244063278072595,0.15019235190462665,-0.4445849511390003,0.2222190948382351,0.13306519602429856,0.23708729424700448,0.08257994816488679,0.0932176106843402,-0.3307368432789446,-0.3836367267609413,-0.46644666271429824,-0.2411444731292769,0.23312771950118794,-0.30529271064742125,-0.3805599287306516,0.06806569079273184,0.002448591299779479,0.21341404971524014,0.43156369236171155,0.3225242710640246,0.12379964812103295,1.0,0.3032470158583893,0.11619689943865741,0.12196526581453537,0.36189852590111626,0.39401892249982806,0.5958466768008981,-0.2936117285496731,-0.03164642389666272,-0.0771124863930539,0.4970508506813849,0.07642938267191857,0.05621159933952813,0.2614893480278464,0.11091953154054734,-0.39259283100884135,0.08492807088442422,-0.11969878408432932,0.017614612697759102,0.2804471163056299,-0.13852972550214293,-0.3594247045021306,-0.37347808349618683,0.4737209451420964,0.14446092514197217,-0.3368643891426977,-0.21190477477360048,-0.04622862911970338,0.3692154583701388,-0.35068482767470877,-0.30224558397206125,-0.20967515875195075,-0.27764731941865906,0.44810592373897395,-0.39243860782852336,-0.29026863521593493,-0.10035787732967294,0.16572368229526568,0.21777375378696961,-0.00551503186237734,0.22492378311950023,0.06352524164658224,0.1137398640458902,-0.22338738934579827,0.640183834929855,0.01660855289886365,0.33828791139824554,0.12593472157999175,0.16629091507526417,-0.08128257062161759,-0.013005099344086668,0.33465659669774683,0.6339630514181507,-0.32057827162371044,0.28180563123397884,-0.540178217141781,0.09548857346088657,-0.5714445929660057,-0.2354972666002535,-0.40689052305950035,0.28887053665338824,-0.4453733926316801,0.09024052234215552,0.06144546788635519,0.1904723870600873,-0.35368779548940443,0.1564958871953327,-0.32967277285155516,-0.4681168710555281,0.13411261867584523,0.1268754474134961,-0.6745836193922521,-0.32428131334952326,0.2051760844091618,0.8246105128762266,-0.18720898380526618,-0.257324191081719,0.3659456869571168,0.23697855231535103,0.41940862877782537,0.5181850625120594,0.2536883141542914,0.19545533611158872,-0.29449350339180813,0.19978045484544604
IRQ,0.35898508450204103,-0.3009377968735012,0.17135438333949238,0.11389472282347679,-0.12380652504283174,0.09675969925808281,0.007891017953837842,0.1126582041648887,-0.06441930226732251,-0.16418405687067295,0.09967464124514824,-0.028779686045428576,-0.2839716147613416,0.008224895476867666,-0.3735103283113126,-0.12872715670766977,-0.18619059918795,-0.3103938506196555,0.3221771786436788,0.08712120123932299,0.19920149911582952,-0.2156295942143145,0.47829338736465155,0.11815231288108907,0.21604911977355534,-0.15590765584856503,0.058104929210752054,0.07636268840938143,-0.0630053226058136,0.05384627106264106,0.21345227813104073,0.44191331505484577,0.17703329023422587,-0.2996292478244429,-0.385996176599245,-0.3404167999167187,-0.40456893535774885,-0.11531985775897957,0.012987681071288115,-0.051518958925101055,-0.09938510395229128,-0.05850708721529596,0.6383413477706993,0.0816275144117311,0.18725157596332997,-0.0253650629586466,-0.147883268067591,-0.036477498139929176,0.014371639013125881,-0.3854888521287314,-0.04197093171754607,0.531825298381579,-0.0822316574504307,-0.25066875395553767,-0.08767351521149469,0.11627832599140664,-0.15686878747705557,-0.10305315904939238,0.5511670800719943,-0.2268463806615859,-0.3553845661738184,-0.04115059074853278,-0.31982133567441773,0.17455533531112177,-0.12965692663578277,0.0874738001287898,-0.005449355900548625,-0.02070315944487744,0.3032470158583893,1.0,-0.15069758425570856,-0.04725730929739469,-0.05463272032545552,-0.08862362370063726,0.08459893198018342,-0.17904272753489514,-0.3380734188366261,-0.14945597229095897,-0.05850081646093486,0.30955905526664107,-0.07308000396625114,0.6386860819482331,-0.43572547824018537,0.18597145044552865,-0.2303234696426557,-0.19762287400756118,-0.26545863278813897,0.3919477681276117,-0.5083729615887014,-0.0019070092468593813,-0.5067137975139007,0.1236989726602904,-0.12194744668559787,0.11846990245565481,-0.3879039927715684,-0.32502307725461743,0.2744591150875937,0.20306201978617777,0.2452673648720256,-0.4770344462061562,0.03226883230533184,0.029717196574588156,0.33972769612976284,-0.08869200805247379,-0.23087346482327487,-0.11639839015783937,0.07852896372516727,-0.24725986669180755,-0.02130167937492522,0.4452162006317605,0.09194402888448738,-0.15997670217848414,0.1427146431775248,-0.3490126863271379,-0.2064309975759291,-0.1621198767323655,0.0938289517168478,0.5068094116472148,0.22432928941030394,-0.08891960656193798,-0.07537392001498544,0.034566674115321994,0.4571899524022387,0.037975585976745774,-0.22726866429018733,-0.09337730503971109,-0.07206742936807986,-0.2892230435158938,-0.20053782447400814,-0.42831129700459436,-0.082998475588699,-0.13599776651931772,-0.01148120899289462,0.3021904454546638,0.03597290173779166,0.1037329103969361,-0.16816350083756681,-0.24075647792996668,0.014798688562433937,0.0020400725994077495,-0.34283981972630473,0.27639607982489744,0.11121884924137748,0.02263318873586051,-0.052491050819513996,0.028617095991767094,-0.2804767798950749,-0.10403585610254074,0.16343922997163185,-0.12499981376038893,0.46069781473423377,0.1680450223422052,0.15992599253272854
ISL,-0.6807370742403105,0.28620622965986764,0.3544591901303349,0.32569815630646004,0.1920279778501468,0.7010293324986261,0.8297787170680421,0.08206063952594622,0.8004327823831762,-0.7612520633991762,-0.7964229924491535,-0.7050760337516517,0.7684698624840309,0.6222721875690809,0.6371620637751018,0.5629896615754416,0.6014682453096455,0.22594211588112345,-0.011997828693105728,0.0863884243570261,0.3265137980384454,-0.00903798789790855,0.09098901223952238,-0.7374654766507023,0.5447401588128915,0.6797741177099631,0.5861136328388818,0.017734676157752927,-0.816245572973926,-0.7630960581225095,-0.7804327213251769,-0.570971142204773,0.06186709459648776,-0.5187334122956975,0.2506974388476142,0.5015513415113223,0.7283929752111478,0.7919298603304357,0.6986185889665167,-0.2145106455108401,0.8120501740890912,0.08573252883607685,-0.2340979144871429,0.21532516807466895,-0.4867825941712751,0.5705358239974454,0.8639366847266962,-0.8319112661661285,0.828482532079342,0.09057998070802675,0.6329112153574078,-0.2377665978927408,0.6477302161592338,0.1381152422280364,-0.7039375457387878,-0.813906192238542,-0.6307696501083582,-0.6287334327657634,-0.19463139339516333,0.7373186545384246,-0.5712019226865168,-0.6411542188846142,0.7629782118873627,-0.5503374318459437,0.760974151347813,-0.5240279125117344,-0.6891329537356157,0.5649325034242754,0.11619689943865741,-0.15069758425570856,1.0,0.7662037441568079,0.6103832878813003,0.6434448942810281,0.2823538408447046,-0.7973412851002983,-0.22328806527787748,-0.4852764730758705,0.6578308576391906,0.5588716130838919,0.1560692366219787,0.08086207921985111,-0.20454489206478432,-0.4348045300681078,0.7803878073167386,0.7576997742726221,0.7961815198677686,-0.25019264138695085,0.36381762947614815,-0.811373790610513,0.48579084042139,0.1109262091690233,0.57352528858979,-0.818610894680881,0.6234483487405602,0.7007968054553844,0.20893004139771088,-0.7710711031743629,-0.6724614291470212,0.3521621984982508,-0.6981021655439128,0.3024621216028086,-0.45553853740145334,-0.7561285654584031,-0.36788120911262134,0.8115140906077256,0.7749608658081943,-0.464697533509874,0.8365471051719472,0.256339187281015,-0.7915272600242711,0.37901941718476106,0.03873672178857157,-0.4582283168020729,0.6118954557965415,0.6559085677601031,-0.23685399520084216,0.10960357539164711,0.21323889703156285,0.5889865797298818,0.40371481240901075,-0.7862073795960769,0.23989733462838447,-0.6374914384687118,0.5919299325680544,-0.40950030656903236,-0.7826620441129934,0.22433974933818723,0.6220506827732771,-0.017180412017061775,0.6686248304222536,0.7772955103844564,0.8141003048721068,-0.38847907542721494,-0.4701510009396237,-0.7650528838061943,-0.7394262352933385,0.209513602674531,-0.5965190193790451,-0.009689711323416894,0.2343437297864246,0.21921770406110408,0.30387826124658646,-0.7999531794956929,-0.8283249801356525,0.43667610765407283,0.6896990143370829,0.40547711228713323,-0.25508592072538394,-0.3291190671673272,-0.11209373170871406,-0.7189789525524759,-0.44232147764637575
ISR,-0.47210890787146575,-0.1255802452920607,0.38657346073940735,0.34368529741267806,0.06878774704751212,0.839153220810265,0.7308445388136322,-0.17774263387443767,0.771982674644078,-0.5958548273956965,-0.6768792742508953,-0.4899341408769191,0.6045743714259434,0.43370695596833186,0.5198049185170958,0.22272859015468816,0.26450882043668433,-0.05790249295599814,0.030171419753216133,0.30754851267680494,0.07989692955054206,-0.35788994787436956,0.1234897665520227,-0.6122199088571327,0.7089045743576532,0.6893168943111148,0.460417028412513,0.10941971014651308,-0.6050695333872098,-0.5215287038187504,-0.5299062550665741,-0.5521993598675747,0.22476433244922045,-0.5124022725134232,0.10191984687333921,0.43432809482429935,0.6281133118122056,0.6373081787384987,0.7612571493124167,-0.26026741759381467,0.7158497064602599,0.09893949869303631,-0.11332882848787018,0.1454168656260001,-0.32738232938276224,0.6595187024622816,0.6053444154687158,-0.6270428760916458,0.7163365829758165,-0.2867372130729797,0.7826982969750345,-0.3530573067279954,0.8734112129788535,0.16310528626277332,-0.6435361765298362,-0.7916629607910881,-0.514303733773013,-0.6177612419378864,-0.19180316045000478,0.6344292537179945,-0.3667035202332105,-0.5503788042071811,0.5534381889292966,-0.49911017710351113,0.5203223810257244,-0.410722113465787,-0.47912178757739854,0.4264444203284823,0.12196526581453537,-0.04725730929739469,0.7662037441568079,1.0,0.627858219857365,0.7347336237356498,0.3856454944463441,-0.5715983184032152,-0.2700307476062156,-0.6184577856951079,0.5504945475750143,0.4445936893067589,0.13201157784311945,-0.13786802531758058,-0.21904795852116532,-0.5292713042753907,0.5417182008543522,0.6645391419654535,0.4844126447908478,-0.27047549329820586,0.07176052261929544,-0.6409920212259621,0.29612012205124927,0.28146369049565134,0.16738217754814877,-0.6755455852487957,0.6128769004753843,0.4672118162175787,-0.11610188492309459,-0.6212663453434335,-0.600450573541331,-0.0014885996085003406,-0.5553803456388171,0.1569816649567527,-0.4645425530913101,-0.5906971844425994,-0.5760920957339097,0.8000022949782127,0.6594748440917604,-0.4724938730928163,0.881341062642241,0.2968350420512693,-0.539292721322308,0.4059037883415483,0.10947821166133243,-0.2685760454576587,0.47493878881498275,0.6680223469062057,-0.3991811683881932,0.1502073508107139,0.29912873547312846,0.46126623993350413,0.44169701212838597,-0.6234761811319443,0.42069603488827956,-0.5052702571996062,0.5439423761699911,-0.44644741612367755,-0.7321715646124272,0.07722119011739348,0.35161525987829845,0.07217879189317356,0.4115449399922133,0.533113290143981,0.7743370359406517,-0.5407714939718602,-0.33653345830996884,-0.598419035457828,-0.6220705410727279,0.08996203299914873,-0.6262658000195169,-0.034408703179245936,-0.08605946431634504,0.07906918693926368,0.3102453701527158,-0.6164606269637698,-0.6083283282613379,0.3478699915257373,0.5355341249746003,0.6941150731633544,-0.12725498700009763,-0.45425967167532466,0.010479844820029838,-0.44424523140519456,-0.3501969900082096
ITA,-0.7314810714328395,0.39985312834752507,0.21849206519810938,0.37455714581748956,0.10862948748092704,0.7265302556950983,0.8492070317843246,0.27656203315254935,0.7823668657143195,-0.7965660462283581,-0.8068507665912608,-0.21627207091497214,0.7080908821752075,0.42460851557200874,0.45471936263568535,0.6076621082621123,0.5512593609746839,-0.0709191581344335,-0.23957397153574922,0.5799245879608932,0.23958348183841416,-0.19502334114889064,-0.11189285666648874,-0.8737942868899182,0.5864337246007139,0.7113705488318899,0.7785026014891628,0.6502583994953155,-0.7836335484408785,-0.7749677967742135,-0.7885284041621317,-0.6704279491152287,0.4748724661632312,-0.7306316682449345,0.09870475823527702,0.6659705095247371,0.5601023409257143,0.7714347891265688,0.8788293058131961,-0.2823911446123699,0.7664875125628449,0.23142928542318975,0.01061562522187065,0.3544822477648143,-0.17463762090082513,0.8913180228046822,0.6999148040337935,-0.6296955934050743,0.8314113742465099,-0.4360234821929334,0.9231662117232239,-0.4638211117027904,0.8312792477888515,0.05433047951026049,-0.6623461542070135,-0.8677628778268769,-0.7785622913336665,-0.8077242879840134,-0.5749614685256259,0.8559897374997332,-0.36777702836000437,-0.679769377759829,0.7104984324468752,-0.4683237519605279,0.7434076703089086,-0.01539343787166425,-0.039650780348760684,0.5241853550062989,0.36189852590111626,-0.05463272032545552,0.6103832878813003,0.627858219857365,1.0,0.9046305972223668,0.32686081336343076,-0.6188188198052813,-0.25165927335127414,-0.41681324778171347,0.8636345081912037,0.5049461194458003,0.07308436496782345,-0.03244312745559119,0.22859700241751824,-0.6363189303393397,0.6837928929558119,0.5087720760063036,0.6933949528562362,0.1156014338970992,0.27676259786665924,-0.7951767202188003,0.3251269582039187,0.5108368556103513,0.5420428581077694,-0.8382192580596715,0.34623828023994696,0.518861111217257,-0.14439984035481634,-0.8191234056205521,-0.8455897392100908,0.2915912072914858,-0.7123868461548708,0.4313347557807333,-0.6368222599484508,-0.7740894025898646,-0.47734776282342084,0.7414945868451854,0.7320162082856783,-0.14979357488802636,0.6678173324020886,0.028748658368554558,-0.4779520884670383,0.4313603148600751,0.27218633447018115,-0.06687529094388323,0.8169608028424924,0.8465198694749707,-0.271399426401699,-0.09117342190604938,0.008586796860598156,0.8187514903744902,0.6742904093861153,-0.7479230885324673,0.1615914069881439,-0.5616225149398923,0.5196534030464508,-0.7426987233274329,-0.8076641234582653,0.21220235766344675,0.6845451268830268,-0.28058325116461713,0.665882620656499,0.658357235986625,0.8467278688665195,-0.45919605624063053,-0.4752719422280618,-0.857852996722765,-0.8553483745158217,0.4336459190596249,-0.5257522876315681,-0.21996989806295408,-0.15925496862597677,0.3629987180311789,0.5528155936992536,-0.7365169460080545,-0.7485184528194757,0.5817619809159988,0.647220087331635,0.7378059470448736,-0.2361527498293965,-0.04817960903700391,0.08675933362030286,-0.7022466830048724,-0.5370738048360439
JPN,-0.6660353637337935,0.18665715987629894,0.2641780268698315,0.4708598999771657,-0.11245780128431515,0.8012230946587676,0.7839482208295813,0.16940874164062847,0.7455969986732143,-0.6738855745281362,-0.7425134575932719,-0.2023037012361013,0.7106919870864896,0.5147789784935329,0.4010680363136976,0.3988613996551229,0.550270712964285,-0.30821661868952543,0.02037356720880279,0.6223949415875548,0.17258191794341027,-0.28690660753421127,-0.13105108445388525,-0.7993544125258227,0.6126973063392523,0.688865954345036,0.7352823166516614,0.6220302478341453,-0.6518603346611056,-0.632396266773076,-0.6585758645719713,-0.6972325191073088,0.44036853095211725,-0.7228074043112542,-0.04431135731087665,0.5599513377665863,0.46742612617696233,0.7874962522184414,0.9293068847432816,-0.4009111695532175,0.7260862040723093,0.2998490018060127,-0.021964323391628682,0.42573114687517444,-0.17969213511077364,0.7618167662618398,0.5937568379221432,-0.5800584152431365,0.7187021745471976,-0.46618071188921006,0.8689863287713745,-0.4746190333596323,0.8735019260599605,-0.10025353894256406,-0.5726736313837602,-0.8543322188486098,-0.7163969250341773,-0.7418214948798347,-0.4455927180806589,0.7256346043659669,-0.2576213405752861,-0.6374490362569758,0.5988840928864103,-0.43256833594038113,0.6861380273557016,0.031234319453892545,-0.0797747672757021,0.423945751775925,0.39401892249982806,-0.08862362370063726,0.6434448942810281,0.7347336237356498,0.9046305972223668,1.0,0.3947850819977363,-0.5881820273217404,-0.31443044229923367,-0.372788591830278,0.8830884745534345,0.5640041300686887,0.013333579309131705,-0.058455511465518306,0.12404595722963674,-0.66340204028981,0.5733559018069557,0.44499581857919024,0.5827825840003803,-0.07980241848263891,0.2996300455599217,-0.7041195855895785,0.15244996498351604,0.6672721526472892,0.2960716412610569,-0.7837599857823108,0.3430475262669467,0.33346163739606327,-0.11889717478825035,-0.7867370563056602,-0.8487100041957962,0.12555893983787247,-0.6820811247033216,0.41492996975748064,-0.73524389189878,-0.6698569315549685,-0.49825859767877834,0.7646075589992045,0.7134031221918924,-0.22249900123328525,0.7107868593943405,0.08092489757637522,-0.4437112072901077,0.33628330193782263,0.40349195947386196,0.10182596032200075,0.8033811692150593,0.6817959998643263,-0.32537635242371765,-0.08540611606694348,0.10941175090808708,0.7308006117063053,0.7937592846157948,-0.7936693766991156,0.23839671031320364,-0.5364061831911444,0.5218404975463626,-0.6876275513902079,-0.7187813183418217,0.298456629589823,0.5682363158123525,-0.2954048356802468,0.5573170010864819,0.5686847768451802,0.7736604640335026,-0.6567046655862967,-0.47148437104575325,-0.7549031445184826,-0.7379111823284443,0.4928119387615686,-0.599017186792022,-0.19066041121400623,-0.19754258010468395,0.14042861261210782,0.5681463878016781,-0.642833295454464,-0.6655278226133858,0.507915398132207,0.6123638174106353,0.8230631408167053,-0.18679480773148716,-0.08533011344446462,0.021548005507286083,-0.5766231252876333,-0.4394269350995965
KAZ,-0.2597679090308973,0.01704236532884118,0.41161002646327005,0.30325442246013123,0.0981422566190967,0.5243314912568158,0.332981262509225,0.1506754375848598,0.26876508281558353,-0.35877016653880034,-0.4919105945049782,0.04602667928350923,0.3331588257064515,0.43173103509839783,0.21166162631969332,0.24867998212297948,0.3696292708235819,-0.27565592353339463,-0.0014587298967505546,0.1214289148224944,0.16579289347274917,-0.11025780215964853,-0.27198631792281613,-0.4429596147251904,0.4716769844677272,0.35479090964990845,0.3592803150596289,0.30799159182259106,-0.3135301169420359,-0.33268834338339803,-0.33352442860087184,-0.3391558441509528,0.03502297716687619,-0.4000136035802433,-0.4193435105106942,0.006678120350793404,0.15169163860013246,0.39502142214249636,0.42869152569601043,-0.4951996822648008,0.30972018199522444,0.49707980536253293,0.1923187399127907,-0.03595005143188135,0.3835511130332576,0.28094879251322213,0.2104115016890047,-0.1936394126244485,0.22393613146299307,-0.36734108452872416,0.2520420670775114,0.03401370668291914,0.37304500623430814,0.310811354731903,-0.003328616388024175,-0.49758122109840985,-0.4428437145434847,-0.5768709008589388,-0.15602339685471023,0.21011765292163287,-0.326219878276621,-0.6105781834537691,0.2602340948273636,-0.28999792352236864,0.2664752580162001,0.30019904447160106,0.07729990449644386,0.4073599642086839,0.5958466768008981,0.08459893198018342,0.2823538408447046,0.3856454944463441,0.32686081336343076,0.3947850819977363,1.0,-0.3496812938130045,0.20522447619385742,-0.038547375264041284,0.47516219045609653,0.2427811602637875,-0.04090824478249355,-0.008426445378573844,0.18192072417875993,-0.4949965542609527,0.26416259423025457,0.15309273190037653,0.11559487087647247,-0.1676881899356195,-0.003033162311540716,-0.5011363542155975,-0.07863471690369095,0.39665491494940763,0.1377920555189054,-0.4008773947559585,0.06756196327071107,0.1411996196589349,0.465250400529424,-0.5410745256156138,-0.41284921023233867,0.05454708828711419,-0.514921292156985,0.5309499122211612,-0.4519098487246156,-0.3255638338234914,-0.4214834042800195,0.2559351968526199,0.39193683124138556,-0.3517486363960267,0.3282692211973064,0.3127900866487868,-0.14216568086857606,0.14386130975876865,0.22574355520911404,-0.0348241866752137,0.4250120646642225,0.2301783692134065,0.038704070066127194,-0.24851111999485131,0.28162732923343947,0.3653123459473522,0.6525512803368706,-0.4696880462134101,0.442303078376465,-0.46534081086722656,0.3477942488356198,-0.5896690415590353,-0.35100824923383334,-0.45712225937366036,0.3997635636478891,-0.3328144260131538,0.29709899513897264,0.3292887255747936,0.20857108998010476,-0.3519307310051121,-0.1270364971780209,-0.3329428355693915,-0.4372179792745481,0.13429152703239344,0.01575781660413278,-0.6345281238414597,-0.14348452148024915,-0.1989286530483747,0.436024777271532,-0.26494083013010394,-0.3558237740781953,-0.019417516425606518,0.12474556801714054,0.6149935049718412,0.5218336152315483,0.2540204750658801,0.10612447545995707,-0.3099232885155969,-0.039427831415846715
KEN,0.6477263945009659,-0.26703777701946807,-0.5874183568124756,-0.23224811794431854,-0.32105420006430285,-0.6585967982598917,-0.8272340945286403,-0.29433037305242515,-0.8036060598008874,0.8328683723271193,0.7978507840872676,0.6039685584439327,-0.7097057566206872,-0.7914368442437283,-0.4535514444469837,-0.5590273555439289,-0.6639301622744758,-0.05041551411856382,0.18957910230451325,-0.12108583353260727,-0.5054952616529047,-0.09958120159792716,0.02634707185454599,0.8183763803250549,-0.5884724810553934,-0.7259589805871194,-0.7066618931273629,-0.19183928797441308,0.8382379521399799,0.8748478863623943,0.7280077008930461,0.4888890345416952,-0.021564737485427976,0.7791088484373061,-0.15616941428855213,-0.5004069751379239,-0.610672552776724,-0.8143573521913461,-0.6806803052071577,0.15214105457233207,-0.8585338818246724,-0.1866195592163009,0.01901213644594113,-0.09935966757841852,0.40937013926790466,-0.6135647596174487,-0.7774877639334794,0.8250482245462364,-0.7622845226764108,0.1672772950066973,-0.5702316845799624,0.01318385808772149,-0.5654379907669682,-0.18380339870324458,0.5999694730377964,0.7581138587102068,0.7748428913198098,0.7800308903781163,0.16379219193770966,-0.6377741396478152,0.6924890398758722,0.6130982377347229,-0.6647199044420704,0.6521869946500058,-0.76176868458034,0.3046750775371463,0.5220632734633893,-0.7738183620989956,-0.2936117285496731,-0.17904272753489514,-0.7973412851002983,-0.5715983184032152,-0.6188188198052813,-0.5881820273217404,-0.3496812938130045,1.0,0.11417332266755276,0.250093796690699,-0.7619138324669967,-0.7458540099910991,-0.06304260755625468,-0.3640841649016231,0.2845207747326266,0.41186637188894193,-0.7483038615421225,-0.7029213252771553,-0.6394054570293881,-0.08751099014430985,-0.1157883719619901,0.8738480470791703,-0.35822192380444884,-0.32486048295488734,-0.6342979780050326,0.8011293547296363,-0.5685197298131133,-0.5156633080237782,-0.48656549092159107,0.7711712010325781,0.5840354879819618,-0.2751428273883496,0.8368274612994775,-0.5976299327459826,0.41166147103529405,0.8256076612710705,0.39605649664776454,-0.7788154492987864,-0.8294259796429164,0.5512456986524207,-0.626320171390057,-0.4599878857030437,0.8004574409581464,-0.3198533591520558,-0.18493727936105375,0.49377547142678613,-0.6197774573944257,-0.6661149673829163,-0.009274649080666109,-0.006825457757681841,-0.3793672730034445,-0.5437105979008618,-0.41326637127340904,0.7761396817088871,-0.4049513702129295,0.5575412720217024,-0.7285468622900702,0.5275583558179846,0.8204023855347087,-0.20284028860855408,-0.639131204682523,0.3857398346118228,-0.7223104378950747,-0.8033251483839177,-0.7949575801122597,0.3411728974055537,0.5232592877262268,0.7648514180698966,0.8417221057952519,-0.36127850454821586,0.5406347708526221,0.29279717188916077,0.059254527654625466,-0.32712300470322253,-0.40676026423376843,0.7812136675913369,0.8745181604436477,-0.3712434722887843,-0.5275380890634698,-0.30016099518781436,0.1963100606162076,0.0097273663732792,0.11946050032806599,0.7083313828153311,0.49694879806782055
KGZ,-0.09587674313708838,0.24376237528290878,-0.04469662433020982,-0.33468518951374837,0.2871006910995405,-0.33523517227571076,-0.2033668863163247,0.19268565543499316,-0.165481098567412,0.10699902393987792,0.09642846009916717,0.12531035183099304,0.10483819094887914,-0.051111129852403625,-0.062189458645795836,0.1975041380594088,0.23233175205348777,0.28677656980696375,-0.36725046972552033,-0.2643767067428118,-0.035717821059465305,0.5101167768327936,-0.495500906376096,-0.04615340652142663,-0.2745338762841758,-0.12919007005251748,-0.20848998230318605,-0.07082561005484145,0.08826884165685212,-0.026347138534596803,0.15578553164600872,-0.13340442342605607,-0.45056317941180524,0.11632648633582443,0.07657702740525074,-0.09564602715774617,0.07473777381681213,-0.01991257018352255,-0.23065655949033248,0.03524687946737404,-0.03038308043770277,0.1601132676105096,-0.1750468915675385,-0.4667355663129027,0.13349273075356716,-0.2129583729157496,-0.07152644315465762,0.09079136546371014,-0.22835190399535454,0.35606262719705994,-0.26081627819050324,-0.09255682290368505,-0.24218064228618275,0.4986434763209793,0.28962599035735037,0.14322300778999197,0.015794512799090166,0.03627313419334899,-0.24995867104920855,-0.16059329328574856,-0.08066818110958462,0.16308109446237695,0.1906413486406886,-0.35043151655415894,0.040263674580717446,0.1661044577842664,0.2941828399917146,0.07539867661111987,-0.03164642389666272,-0.3380734188366261,-0.22328806527787748,-0.2700307476062156,-0.25165927335127414,-0.31443044229923367,0.20522447619385742,0.11417332266755276,1.0,0.44433305924537847,-0.10527761562892168,-0.34998446187711374,-0.2667161086803711,-0.17216769818595745,0.3641761660022538,0.18858291936132154,0.09067759590402147,-0.14384373723793176,0.004490542069211179,0.20101102398525672,0.2694885209763771,0.08908440750054081,0.18567295509787973,-0.18354516857766257,0.1619343383942713,0.09059028856746876,0.03288004500686159,0.10544051460586679,0.29834124759260205,0.018121172030269972,0.052155867456140426,0.4178396326707843,0.009103818749251147,0.21313984016255338,-0.0038945440635094197,0.16293063680364162,0.27147455175510005,-0.16610037286654467,-0.17696587820814935,-0.06808315251163588,-0.3961090148745301,-0.12356103549978736,0.02482092914736933,-0.20186132533735401,-0.17542186339637889,0.3219986876523908,0.13187002414962712,-0.11272153943537644,0.3739265229240786,-0.5850750534456903,-0.16934011306037577,0.024853403145352337,0.03334832401479204,0.18201647033496815,-0.22118267143059755,0.07767838834722063,-0.005083329139436099,0.17513537605748297,0.04271933683520113,-0.10953363956215378,0.23528270773289284,-0.14572294663419783,0.19247032705169242,0.1269448625917079,-0.20852895173239983,0.13946288650685157,-0.20728127566209076,0.05854558970539592,0.22073775979394472,0.21925563950131666,0.6209724164648122,-0.2412840010241244,0.39741247777486266,-0.1637575136061229,-0.1687243453331868,0.12886508098358862,0.11482720536813273,-0.009008281085290726,-0.1650336719566856,-0.23841997180550267,0.5754916100510143,0.6144283428218856,-0.2983069036084254,-0.03159457238758567,0.029081705271061353
KHM,0.08603071059759582,0.0430552102174625,-0.010827835175188927,-0.3407983792735627,-0.1355601275118523,-0.521452183429898,-0.46089566997347564,0.24800908075530748,-0.5205102542290949,0.4934317420811236,0.39506685329835145,0.5176364592074968,-0.30947474228587724,0.05846043829298464,-0.5221543603569128,-0.32410469483217463,0.032405205317892705,-0.13652563415092178,0.05628962375406388,-0.31646622252072376,0.039587250694243514,0.37321236813864545,-0.6768180088174298,0.315379238483388,-0.5322302754005446,-0.31206060640423616,-0.3860376616847785,0.023685555124905444,0.5121326852333357,0.325229407044374,0.32319766066099476,0.06583035961641304,-0.40400115630398625,0.3213530486711136,-0.36745570543596795,-0.3438260822255357,-0.4205180863538165,-0.1861881413643811,-0.4114629714037341,-0.18639440963394316,-0.4249244340805922,0.03555065559359638,-0.08197605515248663,0.10011696864996611,0.33435733100490217,-0.6062970279767144,-0.4736105384030729,0.4794790891327484,-0.6014635207274281,0.028521601628670568,-0.622884038651289,0.07407694098752726,-0.5795038666444943,-0.2513852226721489,0.6902515221782156,0.4876257807948283,0.21925593948308575,0.3769620535705538,-0.12198903218427493,-0.5891597986955579,0.41045877286254717,0.40440859422855246,-0.36629047069528453,0.08347161300340789,-0.24750165734756413,0.5950785785588348,0.4705951250962255,-0.04558438035601586,-0.0771124863930539,-0.14945597229095897,-0.4852764730758705,-0.6184577856951079,-0.41681324778171347,-0.372788591830278,-0.038547375264041284,0.250093796690699,0.44433305924537847,1.0,-0.1762972438331658,-0.11686248484029105,-0.14761090850844671,-0.12211870865718888,0.3566363637100666,-0.05416738943234045,-0.3998139748593401,-0.4750464029388717,-0.38770192085692257,0.11942034031109527,0.12047680951172934,0.39802373642528066,-0.16852918078534285,0.20608479241082012,-0.20958718169141366,0.48725427973968205,-0.35547039007643155,-0.49955117248007186,0.2635049301462318,0.29083824151830007,0.2553760215316142,-0.002207465865924796,0.21903488267776972,0.22672924441353404,-0.15678672579889952,0.5243586736639274,0.4983783477187602,-0.47668400268139255,-0.2964425362405838,0.17064798449521223,-0.6339745693317056,-0.005806944254048707,0.34846616534552455,-0.43028725037151494,0.049090005111919854,0.3665768771742889,-0.13695477513287946,-0.4419857252643613,0.5368597176391934,-0.35583054071429543,0.07678367408355724,-0.3096247360235198,-0.1255451607607383,0.1994820019638207,-0.15077616708426067,0.44015416623459014,-0.14854231060128398,0.38158584329492773,0.5353621952804221,0.11201500454328761,-0.23960949978074475,-0.2771379747695022,-0.2086386560384057,-0.17180915759808246,-0.6027699610463642,-0.12486996090926628,0.14470892027338822,0.49138643329118237,0.48725622021787385,0.41157467351725285,0.4986914106376187,-0.0951517363641643,0.19609372908099254,-0.4418286378231113,-0.2808126764668779,0.5873228255890884,0.4604343627517926,-0.5555006607311799,-0.5054462841974932,-0.447779966083385,0.3219378322637998,0.8072217031916363,-0.6357439504583455,0.18919561536022278,0.05887376752844975
KOR,-0.7533304214117633,0.3069273441531526,0.48909499848606774,0.3875639356070386,0.07521190437726644,0.7651148316062968,0.842831878292518,0.3808080219679636,0.7623430679575003,-0.7941060939511553,-0.8095787793906477,-0.27340833884778615,0.7395406727077553,0.6833092750356441,0.3462374969040294,0.5348625209218613,0.762278516858625,-0.2603935651225522,-0.1307406595230718,0.42425590173679106,0.35968853719686456,-0.07437391414906536,-0.26857131428358105,-0.9117376957193191,0.6511732401210307,0.73357440966716,0.8149659759081582,0.6156855874715074,-0.7722543792527099,-0.8107757471559784,-0.7341188816789099,-0.6986895158371567,0.2502017815734585,-0.8383481680065785,-0.11303291084619205,0.4831212671751657,0.5012804263036517,0.9058311554909021,0.90375842370343,-0.4565789285324384,0.8012360814800545,0.2600386229957754,-0.04970592680128805,0.3112294605179048,-0.17376252618310128,0.7296495132059465,0.6830286424245161,-0.6554740878658594,0.7491458154397987,-0.40282179560818676,0.7318559238941771,-0.3426857183429186,0.7439665017247904,0.05423748880786239,-0.5243286720373064,-0.8420415627596785,-0.8874988889805153,-0.8313117494671141,-0.46434490847643795,0.6937555498909667,-0.46938423276436625,-0.714802372617475,0.6941057959779576,-0.6018484784025537,0.79788911510873,0.07753958898322433,-0.08876839055386232,0.66670761196163,0.4970508506813849,-0.05850081646093486,0.6578308576391906,0.5504945475750143,0.8636345081912037,0.8830884745534345,0.47516219045609653,-0.7619138324669967,-0.10527761562892168,-0.1762972438331658,1.0,0.6406452645626529,-0.02534353073267881,0.14409819138639435,0.0921974910327622,-0.6283829676974033,0.7138844459186131,0.49374559371724147,0.6272132970484907,-0.0236365560391123,0.26704451698586396,-0.8178171048040663,0.18696924107586133,0.6265147223171866,0.4865666029830038,-0.8362573094293761,0.379400143874157,0.36207694278852154,0.22584942552920884,-0.8482636108697288,-0.8325646533847073,0.2505991027559489,-0.7914538406384182,0.6866390845833157,-0.7213355812952293,-0.7486644815855223,-0.37038674939329796,0.7654236226891238,0.825899088370572,-0.3929282609419884,0.6156874327096733,0.2555334996783003,-0.6026937216425599,0.259888803684704,0.3940249884124496,-0.007872345166695549,0.9074480786081421,0.690172688013886,-0.16887823183712802,-0.23147756659743313,0.2518215399510998,0.7584978385912622,0.8002296146244001,-0.8523113349574123,0.3430611156454978,-0.6035663158805702,0.6619040667090841,-0.6942474832176031,-0.7825326744042416,0.17625277511976012,0.6916211707324956,-0.5392131763132866,0.7284695774418877,0.7513375152336874,0.7617803795260875,-0.5895283750082958,-0.5288657840393127,-0.7880546583176034,-0.8284107663551228,0.6180445097306464,-0.4705969041535958,-0.37838148709880315,-0.17309998112793745,0.11218818923857177,0.5633714114409344,-0.6643082901966513,-0.7536544901748092,0.49957086200268663,0.5123727764275043,0.6591085617479885,-0.08636125434484176,0.2016335660169215,-0.0738656231115622,-0.7089859561253036,-0.49169919545380436
KWT,-0.5444123350383188,-0.004431206367463636,0.5664989319769741,-0.09171403789902755,0.016188555743847033,0.6500254715356196,0.6075062776554054,0.5316196285939019,0.5936316257048103,-0.5096939844071069,-0.5371774151160698,-0.4243011778389736,0.37955636093914213,0.8626515786700275,0.273776132891418,0.2372288337518187,0.3246224793332235,-0.14922992758423637,0.04224340546568872,0.13810212830284418,0.7940569395832295,-0.0069605939640458026,0.09895153637466891,-0.5730051873636177,0.5509732854133642,0.5468400889856416,0.43485617601574456,0.4301640402784448,-0.48507011496906327,-0.5650857840928507,-0.5279848090412447,-0.24584680476879273,-0.035594573443841204,-0.6691253140851308,-0.06294862523682099,0.3612393983839045,0.29951570909842173,0.6270493754801254,0.5890952910722655,-0.1471330766059855,0.6242031968244373,0.1447698343017665,0.11610190380557772,0.23658148759766828,-0.49006815223264755,0.3903436004658918,0.44679795523527044,-0.6290362776769904,0.5981340713902543,-0.38104159170358143,0.4373694875637968,-0.026273852840392076,0.43265890292038955,-0.19425117129920721,-0.6008639713492769,-0.5520506932918812,-0.6333245307462088,-0.48204926613791477,0.07027056284408284,0.33721752739203714,-0.3907193737818202,-0.5000061807412752,0.3516024746416564,-0.5136497887474687,0.4166463709264525,-0.0460368272544871,-0.32889770933173956,0.511754901888819,0.07642938267191857,0.30955905526664107,0.5588716130838919,0.4445936893067589,0.5049461194458003,0.5640041300686887,0.2427811602637875,-0.7458540099910991,-0.34998446187711374,-0.11686248484029105,0.6406452645626529,1.0,-0.21008561591522956,0.3466337468663141,-0.34016859025087043,-0.3787888227678957,0.4017685908170672,0.3999905073826675,0.32582935231483345,-0.03440388541253636,-0.030815024919340184,-0.599999528473111,0.09450587475471861,0.4176390377879654,0.22531475540515067,-0.4898212058607343,0.28137910604005434,0.08442117409914429,0.3316990645770239,-0.5457432362088754,-0.4111002205421834,0.007901302531732268,-0.6654806240149949,0.5555631875158747,-0.35064478353942086,-0.5319121258929778,-0.5027646623627535,0.5280068988992834,0.7886673472410578,-0.5195217072942224,0.49803993595985485,0.6621411620346911,-0.6490660420624934,0.34157740877019793,0.18966311841057115,-0.25729707941181035,0.4672890994456329,0.3654120773785574,-0.08382852212596625,0.01265167897665831,0.6102487518296296,0.26856624156859743,0.35599682882060335,-0.67007709241632,0.5862423508491351,-0.050764088178829825,0.46329954914938676,-0.33902485076318545,-0.5952615263569405,0.29965854263254643,0.2835656935109403,-0.5156161149271372,0.4649615032244574,0.5459507942757592,0.5279469633287983,-0.3214535580844651,-0.5962281277751194,-0.4466072532208427,-0.5563421996894511,0.43481309597435047,-0.574981361854022,0.03173013055114249,-0.19440937585467788,0.048577326628614026,0.04737335628551653,-0.4750321152330166,-0.5909087758541578,0.0971326358694079,0.24279734327665636,0.3404490960358528,-0.30263218915016443,-0.03172606459497995,-0.07478906725115775,-0.494856547467605,-0.6786044283289678
LBN,-0.09837275206870277,0.10755738031777706,-0.06647414163363674,0.3887946073378242,0.06176468937480728,-0.01466586387523705,0.09815113723776803,-0.2968360537181709,0.10794222893130712,-0.09890692873257767,-0.22228486229166755,-0.06076838342430002,0.06080843934764901,-0.07294246011716066,0.32028328348025425,0.03675796195174397,-0.048785576463228564,0.14602582517285922,-0.00530810701908857,0.05922781341910288,-0.3165303791942764,-0.420227781215492,-0.036645813542155015,0.05427738541087235,-0.024133604586746404,0.11269734360915873,0.11807728989802024,-0.3125656448221892,-0.160450900549316,-0.05946431063435709,-0.22634187135294903,-0.12196692438273282,0.19701687207935892,0.21656356540162947,0.08874270891168601,0.0642682779404824,0.20859075208388733,-0.032194665366084285,0.05742589770305728,-0.06111398315185612,0.0033374584942282848,-0.03028795216191682,-0.17390981169515296,0.21671452530207114,0.17671699415047148,0.07413919112570888,0.1662185458640939,-0.04538153485744134,0.02445846385693462,0.0925909905753105,0.1061899048784396,0.031290218728491914,0.15705487032631515,-0.029998400381346046,0.0938266852600278,-0.11865434085470361,0.08707147691084138,-0.06582435443584034,-0.21710451609866355,0.23555529748726378,-0.1106243643507192,-0.2767121192263009,-0.0011677595655481543,0.23558372510565317,0.11125051320807755,-0.1789451890336451,-0.17991777056798552,0.021368153690751845,0.05621159933952813,-0.07308000396625114,0.1560692366219787,0.13201157784311945,0.07308436496782345,0.013333579309131705,-0.04090824478249355,-0.06304260755625468,-0.2667161086803711,-0.14761090850844671,-0.02534353073267881,-0.21008561591522956,1.0,-0.17708174047978398,-0.031167397217980897,-0.26376126449698756,0.027386955644688515,0.2838464751824803,0.13358812413611243,-0.062203111297685076,0.07552050015790313,-0.15635270805442048,0.19001710746879708,0.0412085664315216,0.0976397258771865,-0.14666724417270305,0.17083721467438018,0.3143436871619625,-0.14676389833669368,-0.07414785653189115,-0.19139866875065703,0.01697848196250551,-0.022988869759938302,-0.22358037812592535,-0.20616050815475218,-0.11392844092217302,0.008509101439389988,0.12233710714239188,-0.10881765370933172,0.3130744440976019,0.17623306605587574,-0.1988797279767167,0.08444190945309515,-0.03617299889279568,-0.05978348817779344,-0.43451318821971197,-0.11391007174651357,0.17334482972875076,-0.11840884035008648,0.4868777594342195,-0.13955872079674858,0.05051720151629491,-0.13416504515951377,-0.20529252249418017,-0.17207606306209677,-0.3631254463172673,0.1301689366329254,-0.24970874934424048,0.013665645617026323,-0.12745999254606954,0.054131520085087925,0.48756532735504565,-0.05857639593719921,-0.038265666342903515,0.08650701478234657,-0.21691941185304575,0.47061388516651714,-0.1377192566721508,-0.18549027901373893,-0.32178500596706794,-0.145551405915733,-0.09960153922389625,-0.0010888974470142365,0.11009032945286812,0.22750193722865952,-0.11274979129915397,-0.1445728772538113,-0.04357080562446325,0.21154263161304976,0.0840164707182145,-0.1990848284201614,-0.21071513879071224,0.07422482519860518,-0.14337906758910068,0.1105062155676445
LBY,0.24355956929208888,0.024950964046498103,0.13177861826199266,0.12051326324443501,-0.12654609429457864,0.011782591386778507,0.10139170369419181,0.23177056024601517,0.05879751474023576,-0.2686284285628948,0.0285150753607748,-0.4015753952452137,0.02318006169069975,0.224582450266546,-0.2622206438563739,0.1871911120215488,0.2855495313762335,-0.26025161099529726,0.10862933362497063,-0.0557908789141397,0.3722103539407019,0.006314427200495576,0.42016011327714176,-0.058005307607409407,0.0741984235480917,-0.13715111244677236,0.2697886788568018,0.0191908113727548,-0.2286311329962809,-0.1757635940247948,0.1169158721552146,0.4235434715126244,-0.06628158416161711,-0.4185783508960852,-0.12870953614638703,-0.2874065545447875,-0.24655104244530412,0.12117247094488237,0.04930499774614916,0.0822078378980372,0.14904405922343367,-0.1551233702807826,0.3590641967951348,-0.2108267221635769,-0.20915152418757343,-0.030039781740069937,0.11045073475691547,-0.20956796804867373,0.14115348568159802,-0.021475018622282294,-0.07577004145598032,0.5888867805756774,-0.1796893659437071,-0.1746673335125084,-0.17210046101638832,0.08964960679754541,-0.2392641096751258,-0.1003663099215808,0.5667215564227405,-0.07184849618276568,-0.5435633446763768,-0.11934653903589121,-0.009459971133604084,-0.058037042428211505,0.15451213374727968,-0.1210279649023196,-0.25768560540554253,0.09551892613277024,0.2614893480278464,0.6386860819482331,0.08086207921985111,-0.13786802531758058,-0.03244312745559119,-0.058455511465518306,-0.008426445378573844,-0.3640841649016231,-0.17216769818595745,-0.12211870865718888,0.14409819138639435,0.3466337468663141,-0.17708174047978398,1.0,-0.4676679994671351,0.39830318021268996,0.0619118448230771,-0.06893186146869956,0.04286662356133475,0.21999078094451974,-0.2816226698037325,-0.11648258773722486,-0.375592122928881,-0.11209366354351769,0.22237268811918864,-0.03480124308370702,-0.26746779107640317,-0.04524623608390099,0.5935822149546339,0.07256194632134028,0.2682055596400985,-0.19988474571427517,-0.08893621176129551,0.1442815622054825,0.4070732717572463,-0.20392206400741553,0.11792953960745611,0.018232555453935984,0.24173613994280108,-0.32545678188981597,-0.13470102464181677,0.2877188451553252,-0.2742431481968852,-0.17912392506575925,0.24183323144229685,-0.3522620457369525,0.05013223388621402,-0.1706611880319726,0.058484103316178926,0.07101278184916426,0.08410224263674815,-0.021480874329057098,0.058973522397551936,-0.046272227715099756,0.2446523744238508,-0.06816680131499853,-0.061369203030284813,-0.049226266019400944,-0.15776525615732861,-0.08885501055300304,0.15567152917854254,-0.5045047287168902,0.1894764902607432,0.14824098590421375,0.1424144717298519,0.35276351357340086,-0.22248995318336706,-0.08353345656388922,-0.1907847024466125,-0.15217760016243953,-0.03273787924900762,-0.1850900553662045,-0.14394975550264122,0.18626100851869665,0.1564734780577819,-0.08493505225276055,-0.1933416016557583,0.20541175606213014,-0.09260380380581679,-0.2943637380257247,0.029855518716038754,-0.045295506806633634,0.3358742830664534,0.023313118758740314,0.1114355996523444
LKA,-0.2474671894745224,0.5371908003852001,-0.4062027682243454,0.03175335594987372,-0.015066773413852985,-0.23694090386323174,-0.07463689614335656,0.20522979096130767,-0.22610421290128846,0.05331617495447649,-0.04497606357098283,0.6293617603932153,0.09523023783450502,-0.21743682268871267,-0.02466995517010684,0.2881536928909767,0.14270679659703112,0.11772829609849866,-0.21142136860455585,0.11016133098988434,-0.18441568872512693,0.1725969011148697,-0.5124545267973428,-0.07839375658153491,-0.3522110866482646,-0.0451139243886336,0.027507887068826897,0.3027460527589927,0.04599968720391889,-0.0003092627478138432,-0.12050046446178753,-0.2740479953846686,0.1431204245860902,0.20950102130264492,-0.07591851532799132,0.17219865454046446,-0.06620394495415116,0.011727087849171203,-0.023941674278421754,-0.2584274879815627,-0.1468065216230201,0.26835598029589247,-0.0816564022596229,0.21657129812658027,0.4654103961820658,-0.0010494515919248215,-0.04688846477116648,0.299700566094557,-0.10347398928571327,-0.08254474939506262,0.02497149417018052,-0.3151425001227379,-0.07254824425997919,0.026926553419635235,0.23949166782907882,-0.07241277966379633,0.0015370938196949124,-0.028518459848330346,-0.5935408549528427,0.08124376856341609,0.30848744888994384,0.01257849432348157,0.1500436561834062,0.1492592839369904,0.05395928042159892,0.48762802797292926,0.5295462335671298,-0.07643386559764354,0.11091953154054734,-0.43572547824018537,-0.20454489206478432,-0.21904795852116532,0.22859700241751824,0.12404595722963674,0.18192072417875993,0.2845207747326266,0.3641761660022538,0.3566363637100666,0.0921974910327622,-0.34016859025087043,-0.031167397217980897,-0.4676679994671351,1.0,-0.3065752371122181,0.009734262585641806,-0.3269809154365215,0.1282530718514776,0.041538777173846575,0.4779076941298137,0.042806318511414476,0.12173222511703585,0.11345649143507575,0.1921961134713529,-0.040511796877923834,-0.2938344831784798,0.1283807915477897,-0.28027377147622556,-0.16967529293126327,-0.2901824214005282,0.39293570861607596,0.0338654417622376,-0.022913251525682465,-0.3899651908655475,0.10893787204607164,0.24607111517305813,-0.27279806145447694,-0.1290359739876632,0.4513566886042111,-0.23277504177564334,-0.5149718047733571,0.3049830797756742,0.061659425138422375,0.06433131659552627,0.38739090757114303,0.2583761010308553,0.11695433999122018,0.22231161549488865,-0.4160046895819005,-0.46540565000842227,0.32853211758716205,0.23228623997601594,0.014756611951207699,-0.48998926690537203,-0.09222876826009885,-0.18114184861379035,-0.11140388533029943,0.15919445582324365,0.048415805654647204,0.2757805280071344,-0.04258787488917637,0.11683065411501425,0.07582289363750017,-0.13438737063402906,-0.06282357370571745,0.02511688516295063,-0.09649614289861352,0.037366706576811404,0.19134205694656747,0.47865954205513017,-0.20957651466937222,0.35505824760872784,-0.08611859550050482,0.0827314205283346,0.11772067326698255,0.1650215884423064,-0.07038675874701128,0.07629642492171096,0.1350761972476905,0.22844771984942225,0.42312840193768764,-0.2550798930808067,-0.038215096260493464,0.031936751844806155
LSO,0.5472681886864801,-0.17340682047128908,-0.39271606009004434,-0.362650540829474,-0.11287419937002996,-0.6306527631795475,-0.4929643234602852,-0.14813095886217176,-0.4113032138503512,0.38014363325830536,0.6567242125746687,-0.1643001758904017,-0.32837279004472153,-0.4436414239524671,-0.24672755698593285,-0.08400575886056827,-0.30337908219914445,0.20619533697886716,-0.008858109858277396,-0.373184526268308,-0.08660572851635973,0.22301851510049264,0.5323484400498,0.5385565544272222,-0.4797889357483265,-0.615515523334957,-0.5199255121527036,-0.434637952766471,0.3751607808436299,0.3911476084012666,0.6350708202997283,0.646658760266803,-0.411362398430267,0.3241466059333997,0.24375180202275382,-0.4424591170933483,-0.3021247622152914,-0.5115289699038448,-0.5829310251215432,0.5997120017748544,-0.4116963028286176,-0.3551837951067742,-0.04231855948271268,-0.5549700686476347,-0.23305953990751216,-0.5147283840064161,-0.29484751379772134,0.22449563743423329,-0.4087359457628357,0.5579175098110549,-0.4981278657807726,0.3177637076942519,-0.5828904159822956,-0.009769557484002656,0.11278173455416407,0.6504789434068329,0.43995196172939366,0.5193106812235178,0.6261896274250652,-0.4429295000549138,-0.017607731476116495,0.5137502750557387,-0.27378696723418905,0.24235568829604248,-0.3432466618748009,-0.30398341709168086,-0.0792343717119155,-0.4467228823487841,-0.39259283100884135,0.18597145044552865,-0.4348045300681078,-0.5292713042753907,-0.6363189303393397,-0.66340204028981,-0.4949965542609527,0.41186637188894193,0.18858291936132154,-0.05416738943234045,-0.6283829676974033,-0.3787888227678957,-0.26376126449698756,0.39830318021268996,-0.3065752371122181,1.0,-0.286483752034824,-0.30202907917712896,-0.24508471564459944,0.10743528448776984,-0.0861132824582016,0.5740810422108719,-0.1369628216278087,-0.6514761887394953,-0.13681973019288374,0.5116275721934699,-0.2917853785075697,-0.16320936936735975,0.09778765855124949,0.665959234888716,0.6584851914442694,0.01945354677958555,0.5525362770008343,-0.4732321882165855,0.8586396111475499,0.3676642068898035,0.2737368930889279,-0.44581859821931014,-0.5422867829259368,0.0525999269587063,-0.5993071401683301,-0.22811642680478128,0.1590162447114405,-0.2708809468122544,-0.41027829534082927,0.06262081543391695,-0.45315971956892453,-0.5523216644202407,-0.0823373403650165,0.05440429427082616,-0.33545757743319005,-0.4016139483969603,-0.5022793180157348,0.6875723230985636,-0.33868346093778223,0.3673110980888791,-0.48377530695814763,0.5609016168641912,0.37467846096923896,0.003007431945507677,-0.2307531159574281,0.12349112972784626,-0.20987910786042452,-0.363166480703365,-0.41176898017409624,0.8147521262227312,-0.028733789427533685,0.4328759188403808,0.536311029052608,-0.3837600277975035,0.28342697377537374,0.3495493359834072,0.16541915060187884,0.09454578723460538,-0.40895734071044254,0.29800650458625644,0.39152442420004774,0.034873551390094626,-0.40997085179749737,-0.6612259372949612,-0.05687872117877313,-0.1499635364869627,0.3675168014440634,0.5525453622982163,0.41748016380806297
LTU,-0.7806825879975317,0.41942526240686706,0.41066093859297415,0.09404995942012195,0.522295665127981,0.5558174742832274,0.8690755854304386,0.27605695123745333,0.8647494435631929,-0.8650448318960997,-0.8462301835072576,-0.6269617678873578,0.8469467804000412,0.5484359059132202,0.6788464269267872,0.7333666670122307,0.70167378229084,0.3325370613043641,-0.3981024413808365,0.03502505454341209,0.36622160323406894,0.05678305737132827,0.010145259848576393,-0.8588089490475572,0.5310526296485831,0.7981213279191934,0.6180931167158568,0.14600891380109837,-0.8726527998692353,-0.9241033002691106,-0.7680371344236145,-0.5475903063404473,-0.0501160416809352,-0.6721179484972708,0.3283152562999866,0.5965527633026482,0.8471740785259512,0.85000044726443,0.7090875573372228,-0.006909355283207352,0.8935940448535351,0.06191296821104353,-0.3861732718050108,-0.0700837590292176,-0.44824598262362336,0.6988853549892934,0.9542000291093938,-0.8782962667043872,0.8585802359873992,0.09049009220058779,0.6717260304039046,-0.25383911854346564,0.6469415901279011,0.48443572889097264,-0.6911358419144646,-0.8205220115002678,-0.7738140402602143,-0.8102743960027421,-0.39417875909360256,0.8184344454731818,-0.6821416399918339,-0.5986823364736724,0.8904773221691605,-0.6999873227698128,0.8781342979425488,-0.4136858121598559,-0.4862931424065138,0.7638968179211483,0.08492807088442422,-0.2303234696426557,0.7803878073167386,0.5417182008543522,0.6837928929558119,0.5733559018069557,0.26416259423025457,-0.7483038615421225,0.09067759590402147,-0.3998139748593401,0.7138844459186131,0.4017685908170672,0.027386955644688515,0.0619118448230771,0.009734262585641806,-0.286483752034824,1.0,0.8063140066071085,0.8913650730574716,-0.11761503114214844,0.36191161653847204,-0.8548259839266863,0.5633495941926624,0.11323947167158144,0.7957842651906258,-0.9079505451308576,0.6981871874672466,0.7986154252204068,0.19263486791869766,-0.8021135291431283,-0.7222844396479744,0.6117444251083893,-0.7929850693830289,0.494230409465382,-0.3775204574451032,-0.8924735569648796,-0.30746742381650183,0.8055545250499112,0.740262629736885,-0.44800205970384255,0.6118181572743548,0.16242969236516658,-0.86590932667026,0.4916253993147517,-0.09071288978709746,-0.2871473944823819,0.7611801171810118,0.7839212113226602,-0.17463247271286564,-0.12224319406442952,0.10708549523627642,0.7211393125293024,0.3978565298334408,-0.6924312996002255,0.109553266064916,-0.6702628418542536,0.7455945370207389,-0.5254276890247549,-0.8677870234252891,0.21437176577579597,0.8085935848660941,-0.19405889666517107,0.8822135954657787,0.8837593624400087,0.8525140164924101,-0.16233742701275022,-0.581978817057474,-0.8563664126322195,-0.812182107467514,0.3390951208430948,-0.44982277054296116,-0.18960817798257512,0.09857584613379367,0.34032448715910024,0.2689529968076132,-0.8698597810510194,-0.8552731456009368,0.5421678290033137,0.6009780694862058,0.36905641327856864,-0.27755491695209056,-0.04917711890349685,0.009893985840514263,-0.7070271178299945,-0.5190999687428723
LUX,-0.6303303639477844,0.0526078999044568,0.5229777684660704,0.03755639419084078,0.5165946525222008,0.5666052810212984,0.7795817581997189,-0.10199239349476219,0.8843811774510948,-0.676085508312698,-0.7265093218201559,-0.7382445834977771,0.6915192731117803,0.5380898995314091,0.7399411341638157,0.41997874001603497,0.36582961304078676,0.35674196245136935,-0.40326758370820914,-0.0879455525636692,0.22017749923296204,-0.163578286298379,0.11995515326887674,-0.6475533686027042,0.5606787757531022,0.7978153232799287,0.39232385329118036,-0.1357489404455272,-0.7006307191811008,-0.7607704637720265,-0.6488975252416269,-0.46864423501133734,-0.14957731801168817,-0.4893194060818711,0.4043626984786233,0.5382118598592296,0.935046340496063,0.682485971799835,0.5799316505167267,0.17503174652734543,0.7891572923183306,-0.0788641357846509,-0.4989549753662317,-0.08824090113620331,-0.5485451537603248,0.620312527488933,0.8376988388453123,-0.8155007927994953,0.7080278782526221,0.06267775521713259,0.6140387497297264,-0.2639874289900477,0.6593421573334312,0.4148713031353388,-0.6364800985468078,-0.6935990698910885,-0.5377742716941221,-0.6742787864831377,-0.25398561881161497,0.7311667279059275,-0.5116210697033043,-0.4684465046201596,0.6797684471017665,-0.6203611114767096,0.6767062354479809,-0.6607874919940784,-0.6726486809419181,0.7495434496506106,-0.11969878408432932,-0.19762287400756118,0.7576997742726221,0.6645391419654535,0.5087720760063036,0.44499581857919024,0.15309273190037653,-0.7029213252771553,-0.14384373723793176,-0.4750464029388717,0.49374559371724147,0.3999905073826675,0.2838464751824803,-0.06893186146869956,-0.3269809154365215,-0.30202907917712896,0.8063140066071085,1.0,0.6732691019827239,-0.22378361195797258,0.1254423741497237,-0.7199072497958872,0.6815531267475463,0.07364299781470951,0.5329486906497102,-0.7517948606681022,0.8985168215533541,0.6997837605841488,0.11170849468310706,-0.6165076820136564,-0.5387117360703093,0.4300913870984835,-0.6636188150443096,0.316943752051865,-0.2654860208070804,-0.7593398324347695,-0.429117432846039,0.8517929179919526,0.5668109134652276,-0.4459959211547537,0.6735683152892709,0.25938151370981377,-0.7872601215944135,0.5466182743644163,-0.28270367049266953,-0.4674206467282611,0.4512190172220132,0.7657936284954067,-0.3891427449914111,0.12801576972039874,0.2829856952914692,0.43682811885419304,0.11454292457110204,-0.5876875707761382,0.19778367520478102,-0.5479762086512179,0.8543287683311714,-0.40077608627035155,-0.7437406519296985,0.16616036371048915,0.5183605442976074,0.17012728658309384,0.6321452522984012,0.6990517915794533,0.7630936430451282,-0.28134230731438503,-0.32390205316436504,-0.6757716590949197,-0.6793165435935751,0.154593759132315,-0.7165087653071169,-0.03575876174248993,-0.07194515114996602,0.31144770544887845,0.165599655278997,-0.7939853491243691,-0.7553092923879272,0.30548970699214906,0.47735574503999056,0.3403601615287539,-0.4890132579117996,-0.2721391937911646,-0.0031730738292203853,-0.5435901509186876,-0.4656029491376632
LVA,-0.7763432593489759,0.6143772407664079,0.037732577259535494,0.17535079946976861,0.2843794014827432,0.3911026328772693,0.7952449777556466,0.2620590872088161,0.7724196197660707,-0.7903517352573293,-0.7615915042792207,-0.6124930507473194,0.8715039544844734,0.4188573274403704,0.6566524008094591,0.8138102087089435,0.7210978180377914,0.420441524270471,-0.24263226810371608,0.14121844096553793,0.28758848800544246,0.055090293780521216,0.02833995252116084,-0.769421931697273,0.2565776492223486,0.6073141487103221,0.56133521720003,0.15911166724859105,-0.824638981433683,-0.8268951471516943,-0.7680369251106209,-0.534038006529661,0.0413583809468232,-0.5141563841488335,0.39901602484025656,0.5927622894690406,0.7562107205726769,0.7759620563351892,0.6564686543577141,0.020468471899741547,0.790144876831179,0.07384602851012934,-0.3596020872921608,0.12797989790330588,-0.4527365248870898,0.5976436436899286,0.9320717915319419,-0.8410760014874745,0.8078252916058365,0.2715047215931502,0.6775501587530417,-0.32936806743415903,0.5597352615861559,0.18958636897525105,-0.6738507165319221,-0.7404797114351003,-0.6547058549183249,-0.657879040406061,-0.41043275474685514,0.8446213147195791,-0.586229128871516,-0.5515397740935286,0.8770280165005074,-0.5353517071369873,0.9093488144672793,-0.4119536792568703,-0.4413749720284279,0.5177841514898327,0.017614612697759102,-0.26545863278813897,0.7961815198677686,0.4844126447908478,0.6933949528562362,0.5827825840003803,0.11559487087647247,-0.6394054570293881,0.004490542069211179,-0.38770192085692257,0.6272132970484907,0.32582935231483345,0.13358812413611243,0.04286662356133475,0.1282530718514776,-0.24508471564459944,0.8913650730574716,0.6732691019827239,1.0,0.012808760790600116,0.6324694144258919,-0.7680883154414313,0.5900109676755724,0.08057870867482164,0.8428861619218702,-0.8384977942251703,0.48138305600661324,0.8612178057823436,0.07110722706205297,-0.7447455027313206,-0.7395892299149369,0.6779882562975592,-0.6860924741786192,0.2976332227889249,-0.3883359496152805,-0.8148867625533107,-0.2145988413103861,0.7271693549981755,0.6184062027372819,-0.18973670324831904,0.5389637664615196,-0.12015964684805325,-0.7233210771996208,0.3807833671171208,-0.10037519634322645,-0.23367557839976705,0.7510814810023662,0.6925173189405106,-0.17808207250693564,-0.0157412799371488,-0.21096887494122596,0.7815346771563881,0.38951157917651735,-0.6942613291764101,-0.18034185591979135,-0.6118348322144687,0.49239471965774695,-0.46385475810904664,-0.7771625792187511,0.38715179889749063,0.8640027342317413,-0.053619164216967,0.8519695935087406,0.8037289587638696,0.8109649200954251,-0.12728739617968277,-0.6028857472990863,-0.8724610256231307,-0.7233888046913588,0.3285320906477318,-0.4289001402171244,0.016480322794630298,0.34957640581674165,0.44780094790137437,0.27991460833859505,-0.8511762513074879,-0.8372964798220988,0.6118232820298163,0.7118617818588647,0.29377048231862946,-0.30485942541873823,-0.11104080227883562,0.017886225471213768,-0.7480717267623691,-0.48756891161777793
MAR,0.06465815611008052,0.36921584609169766,-0.3023520381052174,0.031285807015890454,0.07040359036604671,-0.22024972837563261,-0.09730219857390088,0.20341636621740256,-0.0626762243929675,-0.09614661626363707,0.053558057374508916,0.11938813562550021,-0.020653576729031897,-0.21862658993197126,-0.25672105878055085,0.23132358233007666,0.12499834925321707,0.07087624512791013,-0.1802442756032241,0.430505050562369,-0.02766460785498115,0.2722554923412728,-0.17930442027150995,-0.10019823383060378,-0.209729322184653,-0.2428387928261191,0.1673885903699397,0.3636245717352349,-0.09102510890636362,-0.08566371253865213,-0.019255172052112135,-0.0021342607442107475,0.3352651513900231,-0.1538810259800809,0.19934457812099282,0.14660349393234962,-0.19527501683353465,-0.14065084694260133,-0.10646412093044422,0.17853831849966062,-0.04012236541205616,0.16148487869033912,0.5402716249200596,0.03766567153963929,0.12465156862250859,0.18178312975359967,-0.1152247661187833,-0.0016832051380510915,-0.03699368641541523,-0.03179098764569299,0.08819692757216024,0.04343011656619755,-0.13263132328400773,-0.0553645699335108,0.043668441485696485,0.1224935332714866,-0.03896852461224909,-0.05480499322788446,-0.2086378081252973,0.10121065810814012,-0.11066590509922047,0.15399663032774047,-0.03795177930352667,-0.02753227396848401,0.06029297202649386,0.24040284586063898,0.4379150040704448,-0.15029340851910922,0.2804471163056299,0.3919477681276117,-0.25019264138695085,-0.27047549329820586,0.1156014338970992,-0.07980241848263891,-0.1676881899356195,-0.08751099014430985,0.20101102398525672,0.11942034031109527,-0.0236365560391123,-0.03440388541253636,-0.062203111297685076,0.21999078094451974,0.041538777173846575,0.10743528448776984,-0.11761503114214844,-0.22378361195797258,0.012808760790600116,1.0,-0.009319035313477109,-0.03176075313213267,-0.013698373177120304,0.13506872070567044,0.2710468600773005,0.04243770678026548,-0.29488062220680034,-0.010936685372245014,0.08047152041023298,0.04395345834698705,0.05803611866882852,0.034701186996173417,-0.035170628919405145,0.14748999303564625,0.0755311855301507,-0.07009188774168851,0.0038563706419462163,-0.062344408751001,-0.14653660721474027,0.3417321388404313,-0.2645140654904967,-0.2199586335789534,0.24672489390302832,-0.29001627094037463,0.16316473159004674,0.05682595896101361,0.007453764539241847,0.03675597342319581,0.38739202606529677,-0.008071256085985246,-0.38088065740962396,0.10317874183963105,0.008673848876763368,0.09037426964321393,-0.20103529653101004,0.1497067864265833,-0.23692395704625646,-0.1275016802994542,-0.09530790348089968,0.12321199338193856,0.15690495940368454,-0.20119070643216141,0.011314317669020468,-0.1410403739479682,0.04142590349128161,0.15378228592632004,-0.09248992480206142,-0.15184787019966173,-0.1048250029116784,0.1855225303506164,0.20189514505462913,-0.06828324254193152,-0.042968925120971724,0.6538952821251289,0.30145205430472855,-0.10025583479595657,-0.13072688560579082,0.36994101062163587,0.13836330040788047,-0.18697994445568988,0.23318381663553822,0.2889584890991421,0.09459705046346245,-0.24299575656446004,-0.09707687731480608
MDA,-0.5653797723597229,0.5839257792610104,-0.4259647494227341,0.09192084216082075,-0.21594628202421595,-0.11176276237518046,0.2746706847071858,0.1715614370544365,0.21187951461283439,-0.20194637558657225,-0.22155152157389013,-0.09933010372496298,0.6053921269962546,0.13846353538786926,0.3354603316089425,0.5424987152210323,0.49331124095883205,0.342760260246219,-0.015011351990338095,0.07854274542008177,-0.005508368548577058,0.3079135350873041,-0.26425036562983917,-0.33829947763256074,-0.33263696248274055,0.08379056185505185,0.06766444894320922,0.07708612264584502,-0.25548453634521917,-0.2916498983926903,-0.3478574607477789,-0.5189051141018974,-0.1532655827374465,0.013884883049041785,0.2205089917492833,0.27569065442658824,0.3562034827125691,0.3866062215477284,0.26084233619509534,-0.08152802798026482,0.2510780014195111,0.22866350386204637,-0.4231253041997718,0.25337060306542813,-0.14940533890187702,-0.0022881706721455952,0.3971073214558424,-0.3040718783713694,0.185520518307823,0.5242015014388395,0.23415598386697578,-0.5013419283233369,0.140932383614213,-0.2025157941590341,-0.16320619033463157,-0.25104415019984083,-0.23879994313236375,-0.12786527712840612,-0.36587882453865217,0.34155685686375425,-0.03566031337368347,-0.21746988152061109,0.5699315330752878,-0.21699343333045396,0.5556193087157385,-0.07048742309179357,-0.0003799385580509629,0.03822259897633029,-0.13852972550214293,-0.5083729615887014,0.36381762947614815,0.07176052261929544,0.27676259786665924,0.2996300455599217,-0.003033162311540716,-0.1157883719619901,0.2694885209763771,0.12047680951172934,0.26704451698586396,-0.030815024919340184,0.07552050015790313,-0.2816226698037325,0.4779076941298137,-0.0861132824582016,0.36191161653847204,0.1254423741497237,0.6324694144258919,-0.009319035313477109,1.0,-0.2111032482097468,0.46310544456293024,0.08896356739356026,0.39533011932882367,-0.32188389844451804,0.05245148776518049,0.43328140909880664,-0.05748548735212111,-0.3701757312289562,-0.5466053245008409,0.726108901415697,-0.21546565476204194,-0.016381394966933138,-0.40681948625890363,-0.18420507297145683,0.010769994661605442,0.24003499999888178,0.08686704289816283,0.16335756536471024,0.04303049581242413,-0.5167054423647421,-0.1548563610508611,-0.00962567911948553,-0.19320159772438372,0.28906660125788264,0.5482441107464477,0.185873948507431,-0.05494945320589095,-0.19486275916771745,-0.5220196874408534,0.5930826839155647,0.33223387007932004,-0.3546323663261779,-0.5937219132225313,-0.27468556216632867,0.02097335169925174,-0.06854286792132958,-0.19747579310663887,0.48816929654287233,0.597974417526068,0.04531536725385599,0.5277331361605705,0.4048368170057045,0.2091954563590187,-0.11655071806849815,-0.4874383810988989,-0.40497159348052203,-0.11839705663741196,0.44345377710193645,-0.013905834314200227,0.2359766808453858,0.7033254240238049,0.06630370367754268,0.09103975446017276,-0.3312269051366368,-0.3091959606133292,0.3256536678078419,0.38801047090935104,0.0718780596325298,-0.07232428254504764,0.21960698133939094,-0.24982735944210188,-0.38718678312804156,-0.1400044467526036
MDG,0.7537112403261531,-0.4336510009376451,-0.4761577856238093,-0.301507135149522,-0.4283148319211967,-0.7372159703064214,-0.8779667516699914,-0.375807808408517,-0.8535612613837509,0.8914820063938363,0.9698563029006418,0.5038786145552565,-0.7744917717569257,-0.6831407253813377,-0.656135721936197,-0.6700879623248464,-0.6743244274687563,-0.12251312782963808,0.2508121981863143,-0.29788730472058145,-0.4557026951981098,0.03709767803237185,0.07147674611906629,0.9185035742599803,-0.6569557250012616,-0.8263907308532383,-0.8103190903988384,-0.34888880777010467,0.889934649743121,0.9066377131637159,0.9008593567949575,0.5833352956309668,-0.22735344864693996,0.7643806149663634,-0.1695546218229076,-0.6583606520581471,-0.6960254037730578,-0.8182802252569306,-0.791158937083273,0.1954167519369745,-0.9030091938630052,-0.35679435239286406,0.021228882380849967,-0.11848598636146623,0.2530059678122727,-0.7950524004320472,-0.8441850491602754,0.8442718720972904,-0.870071182622556,0.17534472747629293,-0.7465283466280115,0.11149314379873854,-0.7287520924336381,-0.35685181168527125,0.6243262877945438,0.9176213340655206,0.8042555147849058,0.8902053766061885,0.39220895633818165,-0.8298993965678971,0.674992757376896,0.8212480252934027,-0.7618966345383269,0.6142210260647378,-0.8063234604037399,0.18006080310984507,0.3824600588996143,-0.7414261804452771,-0.3594247045021306,-0.0019070092468593813,-0.811373790610513,-0.6409920212259621,-0.7951767202188003,-0.7041195855895785,-0.5011363542155975,0.8738480470791703,0.08908440750054081,0.39802373642528066,-0.8178171048040663,-0.599999528473111,-0.15635270805442048,-0.11648258773722486,0.042806318511414476,0.5740810422108719,-0.8548259839266863,-0.7199072497958872,-0.7680883154414313,-0.03176075313213267,-0.2111032482097468,1.0,-0.3818882893724167,-0.36597623966041226,-0.7170611942130956,0.9355521264674665,-0.5723207772101491,-0.685137754844986,-0.27012540055436673,0.9396627089365513,0.777633965023429,-0.38388443792261473,0.938110008892846,-0.6271632722002567,0.5425371120839212,0.9239093758937312,0.49711809746297386,-0.8037171170446318,-0.854205830056125,0.38386663221324757,-0.7332255052333099,-0.30596387385995705,0.7445075833336284,-0.48455644834626943,-0.2063857565661693,0.39090306979611755,-0.7281086275336279,-0.7784021271565025,0.008683770599240637,0.03465838203379468,-0.24012390381013993,-0.7088789034195759,-0.557722192682796,0.870504946243525,-0.3277328223399185,0.6691850100184512,-0.7193612497840567,0.782510697021327,0.8879806716285149,-0.09002437395915885,-0.7576559717089628,0.2811402225587677,-0.7551349955428182,-0.7832044907772842,-0.8692403321152269,0.35913516521781386,0.4875177960348953,0.9052697092024176,0.9420969580766164,-0.31640630594909225,0.5034804790666123,0.3853046497935846,0.09389610266730919,-0.3489199762356381,-0.4957972471267049,0.8772816450228362,0.9458391022681519,-0.4523295564856922,-0.7143842686823028,-0.5756482121912041,0.14502223847506368,0.05321601743166515,-0.04862438315167661,0.849679214193308,0.5808798331824689
MDV,-0.651612706929444,0.33278705269687303,0.04273927570047653,-0.21888293619646326,0.38379533499865803,0.13290177524079616,0.4566717415493817,-0.09565078074982547,0.5065610216514521,-0.3385679038769449,-0.375051677677241,-0.41473360725282626,0.5470695976589741,0.21995931987899908,0.6412031545989426,0.5590082599605775,0.2228820275103467,0.7410480801353053,-0.5899331049590408,-0.2018033958733607,0.09846687104182761,0.33739852403341386,-0.14672548129957286,-0.4275263125355975,0.04465240955570604,0.37652622186820306,0.023757752520485065,-0.141601740892231,-0.45516269668160003,-0.5626203660150244,-0.5598997586853125,-0.5498853754910835,-0.292665315175592,-0.0011763433822862268,0.6691015602241958,0.5359488328419195,0.8201884069359268,0.38102193647212157,0.16619446238238256,0.2705331001915001,0.4364632241499109,-0.11394856411549115,-0.5607885938186361,-0.09353726376992766,-0.49649778738951866,0.34816321870132816,0.6101361332551418,-0.4671961927814192,0.4214455047940202,0.33590767318596715,0.35248898506703497,-0.5868024336856581,0.2777297632251965,0.32838618636265204,-0.4727944084705409,-0.38655687121317284,-0.22006053817466253,-0.27227603987646143,-0.4777742425951943,0.5721827248568322,-0.13787404111044754,-0.1582926244045928,0.6725418740937004,-0.4825844418416261,0.4586635958867964,-0.5647814484018903,-0.34665602889752045,0.41304586829124534,-0.37347808349618683,-0.5067137975139007,0.48579084042139,0.29612012205124927,0.3251269582039187,0.15244996498351604,-0.07863471690369095,-0.35822192380444884,0.18567295509787973,-0.16852918078534285,0.18696924107586133,0.09450587475471861,0.19001710746879708,-0.375592122928881,0.12173222511703585,-0.1369628216278087,0.5633495941926624,0.6815531267475463,0.5900109676755724,-0.013698373177120304,0.46310544456293024,-0.3818882893724167,1.0,-0.25051686799788575,0.5543305634793578,-0.4282946268814025,0.6497889886879783,0.7057423082465167,-0.04722316995832854,-0.3986322097151658,-0.41089662993694964,0.7428432628067144,-0.3108338874953267,0.01646009197708087,-0.21766515208990933,-0.3617187427152062,-0.24964936415277283,0.4570102143400553,0.18879978941921038,-0.051883521255490894,0.3081019659656714,-0.1645785260034831,-0.45491863485160966,0.3388743272217596,-0.5958625828857034,-0.2761618638958576,0.32301745050585096,0.6464051590715192,-0.30105508324989416,-0.14204476228030738,-0.09695212757579807,0.36943616960339176,-0.06620355252555798,-0.23189965025711823,-0.2658643715435105,-0.24172059746146735,0.4575725667096585,-0.019896331001130196,-0.43703812962269883,0.3228199356829631,0.4985621456374756,0.4027573327577497,0.49471347048126635,0.5516004402906399,0.4119117641731471,-0.09290844632117179,-0.3181428623885685,-0.46685026674554564,-0.3110989195501861,0.20748290602711816,-0.3420257171955332,0.20885972620707993,0.42807475450846455,0.31509598762369717,-0.07287280656120876,-0.5473774813087084,-0.4542091903796528,0.23579511962945998,0.37297736654033453,0.054898777117773245,-0.4124926250085983,-0.0682892176524672,-0.2884702524959617,-0.47390630872960804,-0.4147962832304972
MEX,-0.34604364669114007,-0.046128725612347266,0.3201337852836976,0.34571504838087597,-0.17835406600918136,0.44348840402311374,0.34817930231600924,0.22119642717496868,0.33717821601622444,-0.2636037920311072,-0.4103417024016376,0.23310197231178809,0.29473757249928834,0.426906056981182,-0.03418882566598236,-0.09856966778263376,0.3369391018176848,-0.615481579779841,0.21366721651128984,0.5639868362455094,0.0527669564883797,-0.3206404638945628,-0.4223411549900882,-0.43868163092753454,0.3501502176397303,0.4540727825274258,0.46410678731978994,0.6209397361713923,-0.15904249357249745,-0.2277560702502719,-0.26724102160705376,-0.44961626456136305,0.3510646597812517,-0.5573770613007802,-0.45481381785683994,0.23114172606852534,0.01809124284330288,0.4561684065154006,0.6153338769873321,-0.4318258476091086,0.3105723380626494,0.44158215901978104,0.13196450600564946,0.5028581189431166,0.26254162295322114,0.35229774214335763,0.07254814413399313,-0.18611560922122616,0.15746283151111673,-0.5847495438561867,0.423035790185074,-0.19184583086908624,0.5143963195317157,-0.2792847159895815,0.057225915940813055,-0.4220925398401225,-0.469299761110481,-0.5138997934379737,-0.34903945420435045,0.2079903688404825,0.03492700076372279,-0.33842638657690927,0.04254534823275935,-0.17601354327254226,0.34820278431183616,0.5362422488607332,0.327674133074602,0.3154537062792375,0.4737209451420964,0.1236989726602904,0.1109262091690233,0.28146369049565134,0.5108368556103513,0.6672721526472892,0.39665491494940763,-0.32486048295488734,-0.18354516857766257,0.20608479241082012,0.6265147223171866,0.4176390377879654,0.0412085664315216,-0.11209366354351769,0.11345649143507575,-0.6514761887394953,0.11323947167158144,0.07364299781470951,0.08057870867482164,0.13506872070567044,0.08896356739356026,-0.36597623966041226,-0.25051686799788575,1.0,-0.07748852837479125,-0.3563448135985259,0.0395193574175442,-0.23865367463613474,-0.0016502770719868387,-0.4526031584882184,-0.5561718073350845,-0.1648148390366595,-0.497759307606328,0.5785576996470032,-0.6981272811873755,-0.3060753642009022,-0.3094469427430848,0.4034367709864428,0.35141435835206525,-0.05537855978322925,0.2517980309113528,0.15545267037483834,-0.002040269510131143,0.03155288585967386,0.5398703928151218,0.3774283861276655,0.48524916855214584,0.24207864419481961,0.07849876032203529,-0.022476367788056617,0.21715832726637663,0.3841523314315549,0.6280525548447793,-0.5886793179569385,0.26467585623009615,-0.21281922453065416,0.3945354293542518,-0.585824138132202,-0.2656619827910114,0.1894268753333418,0.17190129473256333,-0.4689485060977343,0.19631600784991732,0.1483718682763322,0.2745984391114782,-0.6948477576012775,-0.1495969191921962,-0.3092291270163019,-0.390673777945306,0.6335335070587224,-0.33367500527501326,-0.31727057569600436,-0.4662731655657364,-0.055125307606417095,0.4965404739479794,-0.1949583296106674,-0.3036421001164644,0.0734332151064837,0.17435267942123278,0.5947929726997108,0.06482131665246249,0.3828057421756097,-0.08974187244339915,-0.2966034759895799,-0.24711223282151984
MKD,-0.6086159952067378,0.7581428428182999,0.046986333506485733,0.0783197142011105,0.5219305478785345,0.17806304932903727,0.6031007510366565,0.3496375063560999,0.5646128046345122,-0.7262223430621484,-0.6666025705863923,-0.47868165926574213,0.6818638713276646,0.33100542953246803,0.5125520797268576,0.87476373344465,0.7070180727978072,0.5032536922231869,-0.4589746348838073,0.020873140485703545,0.3392775504052348,0.27021218695192406,-0.07348086093568096,-0.6666423020496268,0.1194870818001631,0.45150085644074267,0.564770943815253,0.1433737592544232,-0.7708185909904679,-0.81562405539638,-0.7135374056399866,-0.33422181857871536,0.027211763816905377,-0.44239353721322505,0.4612559643148999,0.5416222802983125,0.587475352608696,0.578232499448006,0.3619224531932985,0.13599605525212666,0.638100782344793,0.08332717652670985,-0.1426479305403041,-0.06821651213404989,-0.2967962989506947,0.5344611878908098,0.8028063767353193,-0.6672980333182621,0.6566165646604492,0.23264928244229877,0.43038707405289833,-0.04501412738580912,0.2484153688001871,0.3837121633536613,-0.4741040656178359,-0.563334474542295,-0.5325920639621065,-0.6004996680480408,-0.41836379943772006,0.7281107762895146,-0.6231711458471394,-0.41403873117438317,0.7285441867224718,-0.4391690810769413,0.7478078456431666,-0.2785397601071187,-0.3246256889952992,0.5324310560192896,0.14446092514197217,-0.12194744668559787,0.57352528858979,0.16738217754814877,0.5420428581077694,0.2960716412610569,0.1377920555189054,-0.6342979780050326,0.1619343383942713,-0.20958718169141366,0.4865666029830038,0.22531475540515067,0.0976397258771865,0.22237268811918864,0.1921961134713529,-0.13681973019288374,0.7957842651906258,0.5329486906497102,0.8428861619218702,0.2710468600773005,0.39533011932882367,-0.7170611942130956,0.5543305634793578,-0.07748852837479125,1.0,-0.7031756642348301,0.3420385613457422,0.840779620488765,0.3073432821140689,-0.6402236548926519,-0.48878325070381257,0.6673956201632956,-0.6384774873199639,0.38671244435352614,-0.2049813156661131,-0.7505380886750637,-0.04553795924700421,0.47459930067822864,0.49200912348178205,-0.06596431069368602,0.27520867111944936,-0.10596406474797138,-0.6219317966940274,0.30302787056748515,-0.07178225316091269,-0.40541539856063613,0.556949045365597,0.6117907709746458,0.12425875949339671,-0.13766614322715154,-0.22954936813735527,0.6025584069409122,0.22245106846007134,-0.487473351820221,-0.19854642960834168,-0.5230302170920269,0.4273081628794271,-0.4362243834488,-0.6390885080632311,0.22680359105145853,0.8432707365499426,-0.11849501802279327,0.737509552848425,0.7087063141168619,0.6416413909884356,0.0905460926932361,-0.4219452120489926,-0.7768467895143396,-0.6840312417068608,0.19742049743638534,-0.17305986974070464,-0.2552196708831127,0.28245658917566097,0.593919067670049,0.3051447243518919,-0.7439285638884137,-0.7496108670127002,0.485059520517203,0.6067763922500338,0.03772785860628569,-0.1719909316091306,0.06212941687820561,0.004832146820664351,-0.7088096017410148,-0.41675913434209333
MLI,0.781769660171229,-0.4287374183964301,-0.3852666737321786,-0.3616354654080174,-0.40775550396699334,-0.7137744456152912,-0.9070910294474679,-0.24403755760051515,-0.8959110415641975,0.9223202882409677,0.9550201132495179,0.4964638699575554,-0.8512302853179503,-0.5787441691317343,-0.6919769287901651,-0.7024747808442666,-0.6755933956006719,-0.13612277078434487,0.2819248317419454,-0.31892954191814527,-0.2810154332667041,0.12610481363051562,0.014266244506676573,0.9192624394567068,-0.6345899994633695,-0.8441616526509865,-0.8153558440304143,-0.3116405486353586,0.9190724126018703,0.9086941890855483,0.8376879043815249,0.6265699449039647,-0.250454558285254,0.7550228479080856,-0.22777218926481724,-0.6909815367419025,-0.7730508779436964,-0.8537868609093828,-0.840127751206754,0.14569841965534902,-0.9042125715423004,-0.28819752044206726,0.16941086292395346,-0.16291158502483372,0.28616116689739823,-0.8287441532445015,-0.9030536715562749,0.856172883387809,-0.875516659534644,0.13566204304997131,-0.8183821176505597,0.25474996248330084,-0.7973842056542808,-0.34477178528384234,0.6795727446159008,0.9492404025622367,0.7974561704621296,0.9110513558110281,0.44650375040989876,-0.9028363880375265,0.628193776612923,0.7185091668470184,-0.8208885838349833,0.5758302701893061,-0.8584578382596,0.2812402559827867,0.39300960114392647,-0.6965728558722017,-0.3368643891426977,0.11846990245565481,-0.818610894680881,-0.6755455852487957,-0.8382192580596715,-0.7837599857823108,-0.4008773947559585,0.8011293547296363,0.09059028856746876,0.48725427973968205,-0.8362573094293761,-0.4898212058607343,-0.14666724417270305,-0.03480124308370702,-0.040511796877923834,0.5116275721934699,-0.9079505451308576,-0.7517948606681022,-0.8384977942251703,0.04243770678026548,-0.32188389844451804,0.9355521264674665,-0.4282946268814025,-0.3563448135985259,-0.7031756642348301,1.0,-0.622876917347035,-0.728057726149812,-0.12218096940766898,0.9156670000619285,0.8497701796915906,-0.46892333483704896,0.8647343174928173,-0.5093659298598059,0.5479696421194328,0.9512790255218607,0.4248345167995857,-0.8530479559569246,-0.7700734870982224,0.3306095127966313,-0.7446072257638097,-0.1405225564260404,0.7441275916269497,-0.5382164499094191,-0.17217577076994806,0.25246112968441947,-0.7902038412815586,-0.8203042783171677,0.1846477937561306,0.026075466009877646,-0.0846972823285721,-0.7920252492634601,-0.5664469448690188,0.8372908962797717,-0.15935654444751268,0.7687066668522072,-0.7294763544515499,0.7499820904036445,0.891407473870308,-0.16944714324928678,-0.8026017182954113,0.20904629151024112,-0.8108668330898896,-0.7963730166461853,-0.9100396551959973,0.36466597087412556,0.4885709610083597,0.9615547132214002,0.9337323341105738,-0.32065480672983293,0.5224200878437878,0.30053043305342464,0.0557770683134684,-0.4059041101151937,-0.5223232967091513,0.9258413928483745,0.914792827788879,-0.5762123102709191,-0.7410179278811344,-0.6043661840350554,0.23836109757134072,0.11294537659781423,-0.10352234572944163,0.7458211954570793,0.48431342719482084
MLT,-0.5605859863607681,-0.04800842097748026,0.5571484802479191,-0.05422634178378338,0.5677273105622203,0.5038738337769463,0.5993473010612798,-0.1451963785228223,0.7409189408920409,-0.46985888360434425,-0.6064338858217404,-0.5808848099749584,0.5660909612553972,0.4687300126634891,0.7007733182688428,0.21765524536845726,0.23987375954503887,0.3478246615580345,-0.4227910497977443,-0.09543481572126655,0.12513076060782757,-0.01305113364273236,-0.027446715277223754,-0.5460628404252246,0.5228622070787964,0.7636781138179429,0.3009132438112845,-0.19482896990177823,-0.5100728092589981,-0.596761940499503,-0.5284623094444483,-0.5052866716489599,-0.1697413770401941,-0.3565814594583816,0.4791099661935959,0.589545537185056,0.8803185469773833,0.5398111125802422,0.43428042724571636,0.19335739604201774,0.695892667662052,0.0028643506757795034,-0.5498048027050513,-0.18933751720482528,-0.5378931047690023,0.5334560608145481,0.6518430636518574,-0.6457218685977044,0.5491134025309311,0.07254343069983915,0.4779005547882732,-0.30875248565371716,0.5994775110226076,0.5546601104148775,-0.48376299485190377,-0.6000459753492402,-0.35775845247457294,-0.5190182531753802,-0.2990328974333596,0.5741900531645089,-0.29187467941867973,-0.2974863832078709,0.5700814160232213,-0.6092855172872516,0.478524242305436,-0.5950875347384295,-0.5970814160724782,0.6548515039842635,-0.21190477477360048,-0.3879039927715684,0.6234483487405602,0.6128769004753843,0.34623828023994696,0.3430475262669467,0.06756196327071107,-0.5685197298131133,0.03288004500686159,-0.35547039007643155,0.379400143874157,0.28137910604005434,0.17083721467438018,-0.26746779107640317,-0.2938344831784798,-0.2917853785075697,0.6981871874672466,0.8985168215533541,0.48138305600661324,-0.29488062220680034,0.05245148776518049,-0.5723207772101491,0.6497889886879783,0.0395193574175442,0.3420385613457422,-0.622876917347035,1.0,0.5559814001002931,-0.007003080604565115,-0.5430273626807687,-0.4473667140467201,0.3607267763840172,-0.5642788043420479,0.26974132377815896,-0.27408951666293846,-0.5727332211450835,-0.34991421259592803,0.7399661373846342,0.46368513835016145,-0.41565963598175504,0.6076290074111491,0.2583791720550004,-0.7035509436817873,0.5161361005489571,-0.2162256203625681,-0.29313268015043814,0.3174951546918162,0.6737552713051291,-0.25468068727618864,-0.038044060897485465,0.370376569012405,0.2583279327886995,0.0416284896001996,-0.44334306075834995,0.2025346956625791,-0.39286584446121986,0.8459117979140346,-0.261010717087663,-0.5920466875291324,0.22363760322606496,0.32366397575836126,0.23751765539674374,0.44689211341600055,0.5536697919411206,0.6193684675027803,-0.34822454104928346,-0.25020889165109605,-0.5097909337104416,-0.4807061114634421,0.16613460471989772,-0.5969840770593577,-0.06659238911171994,-0.1015512775206806,0.12384647673870175,0.05344257403875652,-0.6297721781530745,-0.571567838046998,0.190337343795007,0.4415008937155259,0.29720549552501585,-0.4361773228335155,-0.23805131065222018,-0.20034320565474095,-0.41725936694421395,-0.43528994945094057
MNE,-0.6067413685786796,0.5927523480445775,-0.021500366827017947,0.12210887391433656,0.4881229176561167,0.2826948051063145,0.6178844337946501,0.059404080485275346,0.6496507946309819,-0.6606970345183065,-0.6893882501584949,-0.6005468591878764,0.7327474454989725,0.23946699816867323,0.7722972259954489,0.7999045119720865,0.5081117160374016,0.6319209021663428,-0.4591369760647479,0.01522112977302903,0.15851442744510558,0.053771422347078435,0.07056451189103885,-0.5960213020669325,0.19374699214425128,0.4984408621890122,0.43828512571359857,-0.0835088848938641,-0.7453955197877538,-0.7271042881188376,-0.7041005941897422,-0.40721789121765073,0.015356666343369407,-0.2600777134008889,0.6111125628488582,0.5861469678020346,0.7877577591284428,0.5216375517228697,0.3966308211899676,0.1861742475742758,0.6640657926723733,0.047280081952130404,-0.32728708244475513,-0.15711915978834945,-0.39858647790020507,0.5650797905040724,0.846400765166111,-0.690765617644391,0.694891823133017,0.33750373917829835,0.5592588664146312,-0.20789725167384088,0.44114546585148584,0.48392333552141453,-0.59115073638957,-0.6408317002198012,-0.3912704761327448,-0.5352434512146305,-0.40498448288982547,0.818421178609225,-0.5661571143038917,-0.48463294371689725,0.7948709691634069,-0.4377302062139943,0.682728342533343,-0.5513271418081909,-0.506706247849035,0.4202280203747142,-0.04622862911970338,-0.32502307725461743,0.7007968054553844,0.4672118162175787,0.518861111217257,0.33346163739606327,0.1411996196589349,-0.5156633080237782,0.10544051460586679,-0.49955117248007186,0.36207694278852154,0.08442117409914429,0.3143436871619625,-0.04524623608390099,0.1283807915477897,-0.16320936936735975,0.7986154252204068,0.6997837605841488,0.8612178057823436,-0.010936685372245014,0.43328140909880664,-0.685137754844986,0.7057423082465167,-0.23865367463613474,0.840779620488765,-0.728057726149812,0.5559814001002931,1.0,0.05666772578349211,-0.6300012848885772,-0.5322160235347124,0.6713760321642133,-0.5577635476095091,0.0940620705340055,-0.20996974712929317,-0.701766185982901,-0.192453520887925,0.5714587953322399,0.42996854430280784,-0.059094309038101756,0.47806962438584466,-0.18272792578730623,-0.6284878355165933,0.4301020814547788,-0.2473914987429311,-0.4657445615948941,0.4717849662388094,0.6780684936909466,-0.15522773434928494,-0.03100609783857511,-0.251776055112928,0.561073315683781,0.16317483076105788,-0.4706301304075222,-0.22649589858781383,-0.5862003037396255,0.44267270028926764,-0.4057894855066795,-0.6597872055042178,0.175735088985307,0.7782409156414531,0.2700966382650658,0.6560544287649922,0.6572685009096344,0.6990542710764631,0.008935153487445113,-0.3428899811245034,-0.772842451344427,-0.6216139970190291,-0.057906745762343004,-0.28311713618531886,-0.10830947931847112,0.36295392067653975,0.48050400641402735,0.22398375150702443,-0.7775612805734406,-0.7179731020180238,0.48157079413969583,0.7055257308053446,0.21281188363785097,-0.2513853005764428,-0.2806598954889912,0.06913758170836615,-0.6305268339457226,-0.37179133307460144
MNG,-0.046085647852656786,0.09846157605005523,0.4072789824439199,-0.02271071572438066,0.15443737747092456,0.06203878917036487,0.09841274113292509,0.26003049265242173,0.09092620612735103,-0.22692719729344923,-0.14981667549020639,-0.336361549897535,0.205385434481828,0.5188786124877709,-0.06906636302340519,0.27285169838768253,0.5067441074005196,-0.08280773845187817,-0.09109013269616928,-0.32027463416638313,0.42014095490230163,0.3164881402505505,-0.15082315804422386,-0.20167014129680494,0.09690928800947995,-0.0047439653905130275,0.1431480120730072,-0.0509645305225217,-0.23235545030079874,-0.3259674217112716,-0.08377693204442105,0.04588451808755889,-0.43481957769459734,-0.28833888155052056,-0.18186646009116636,-0.27466741419584517,0.004458551266991129,0.2739581573877772,0.0006907182525160982,-0.13389101580477725,0.18877417019895049,0.0694537182365782,0.16742819144285292,-0.30637564396717565,-0.04371712061110733,-0.14030563656256034,0.16743158771325795,-0.24006701957103882,0.02338446805873029,0.1267583534956982,-0.24652778462414204,0.4181061937912942,-0.2293848730502912,0.1684395922890931,0.05296504628298593,-0.02429614471253716,-0.3067762946857273,-0.21947106125349247,0.22970896407377472,-0.0684486622141709,-0.5457702797601245,-0.21362641750026934,0.15224796910050942,-0.3740457145338092,0.23386438069037352,0.0304475315413113,-0.18166788991773086,0.3727937521037038,0.3692154583701388,0.2744591150875937,0.20893004139771088,-0.11610188492309459,-0.14439984035481634,-0.11889717478825035,0.465250400529424,-0.48656549092159107,0.29834124759260205,0.2635049301462318,0.22584942552920884,0.3316990645770239,-0.14676389833669368,0.5935822149546339,-0.28027377147622556,0.09778765855124949,0.19263486791869766,0.11170849468310706,0.07110722706205297,0.08047152041023298,-0.05748548735212111,-0.27012540055436673,-0.04722316995832854,-0.0016502770719868387,0.3073432821140689,-0.12218096940766898,-0.007003080604565115,0.05666772578349211,1.0,-0.157552059732593,0.08462508350138576,0.12930196677000794,-0.3209039552015647,0.5405512307099927,0.007833201479661045,-0.18196565189899738,0.023468228249715284,0.09351880018623171,0.2427893261844304,-0.418700347653826,-0.10576477678923779,0.41701354216886344,-0.33976734674339526,-0.23088883404931693,0.03670362386841042,-0.3015638154994593,0.18424272769527472,-0.1383025211784934,0.2619027010748992,-0.24590793358910412,0.29508777373683603,-0.0166348152461524,0.19726556807197415,-0.20681503124084588,0.3114583237288865,-0.18331825455169137,0.2517433116385148,-0.06566362085282229,-0.1723567215117554,-0.20761907230115417,0.3296063534295799,-0.4690395564252219,0.2961579800066013,0.3239561409137828,0.0064741138744501825,0.025183623216763484,-0.19866899480178613,-0.10284618807248869,-0.19068676449119581,0.15288738086281628,0.13044143681435594,-0.4151592951320653,0.08123785268949957,-0.013588065530016014,0.1652522238258839,-0.1296335233925754,-0.2647321759943415,-0.01685027676220696,-0.11162910383729918,-0.21676772811746092,0.3597065248534477,0.40847017127043017,-0.08926843073686475,-0.2291819811064455,-0.008600336409021025
MOZ,0.8159384102861474,-0.4822651147344359,-0.36442448551780626,-0.33716336573431516,-0.30605279158322696,-0.7094489264442112,-0.8154515821367123,-0.3721770228247161,-0.7755504673532376,0.7808395530561687,0.9348657873622608,0.32757432646842566,-0.8120331597217736,-0.6679311887268464,-0.6798005298213554,-0.6437782773664364,-0.6855671673693231,-0.09738040093782074,0.21982187615835758,-0.3814141773859292,-0.3799820910501608,-0.04658023281595636,0.23133555480460677,0.9191294798705179,-0.5589670926210424,-0.7989589169075981,-0.7939729527701331,-0.44067796469784226,0.7876555548025229,0.8281385305029388,0.9043340483188503,0.7185611300198111,-0.2573714355681507,0.687205265225683,-0.1718959686053796,-0.7346513625311388,-0.6694873884957997,-0.805994586309247,-0.7845389522051489,0.2528038927109033,-0.8476560831089466,-0.5264462501445868,0.0939573176707299,-0.1981231531256693,0.18291435808012468,-0.7556703952226118,-0.7682962456916116,0.7340887929895759,-0.778723582661393,0.18311893920545008,-0.7376917035159165,0.2712740234806188,-0.7361266831156741,-0.2985614652416637,0.5311461828960117,0.9255369282322222,0.7333670767421213,0.8374676637077147,0.5013356234285019,-0.802607888699379,0.4464539573333717,0.7962742037221816,-0.7676960931519106,0.5610997154750499,-0.7712275149506782,0.05566845761541683,0.2539009168666311,-0.6551300708075405,-0.35068482767470877,0.20306201978617777,-0.7710711031743629,-0.6212663453434335,-0.8191234056205521,-0.7867370563056602,-0.5410745256156138,0.7711712010325781,0.018121172030269972,0.29083824151830007,-0.8482636108697288,-0.5457432362088754,-0.07414785653189115,0.07256194632134028,-0.16967529293126327,0.665959234888716,-0.8021135291431283,-0.6165076820136564,-0.7447455027313206,0.04395345834698705,-0.3701757312289562,0.9396627089365513,-0.3986322097151658,-0.4526031584882184,-0.6402236548926519,0.9156670000619285,-0.5430273626807687,-0.6300012848885772,-0.157552059732593,1.0,0.8708637143896701,-0.46559481455094653,0.9195449136567813,-0.5875536173313347,0.6856260579091799,0.8248004065676431,0.48921578973613333,-0.7424608650813067,-0.7916581017594646,0.26144177684180836,-0.6948731257508407,-0.1477799906677888,0.6369050623178991,-0.4922835438891999,-0.26021914530295476,0.15690241747333566,-0.7881251536807827,-0.7598075724358708,0.005558829517144925,0.20980175988479266,-0.15608313554532893,-0.7659447068152319,-0.6857123115113053,0.8881240927416784,-0.19900419426184235,0.6400634127919573,-0.6870572385948392,0.7907563432093623,0.7893312906968835,-0.20938806032614643,-0.7688712673744733,0.2436870725024084,-0.7176647810842671,-0.7375168879410001,-0.7889230865825407,0.47867819074251083,0.5069396018361952,0.8882654969977943,0.8512438685809168,-0.4144498452657164,0.46138845639048487,0.40185186572077747,0.019536186699463998,-0.21476998183017937,-0.5246446354530818,0.8260391859202059,0.8766496938830483,-0.41256071055343657,-0.7660002835804836,-0.6736475991489446,0.12708663665778674,-0.016209186051370006,0.0693389319437937,0.8156900128697633,0.5522131662119726
MRT,0.8741932174844002,-0.3735868268851199,-0.2415735578360736,-0.38681421980458364,-0.09798073399648466,-0.6631991775778154,-0.8112133186908408,-0.2565930745814555,-0.7299117961350836,0.7304108320360526,0.8224237247496197,0.18331364295364594,-0.7828549056437799,-0.48368136056438127,-0.5903315629828243,-0.5741397960495589,-0.6097189172365991,-0.06270258542800966,0.07563814728760243,-0.43455533770511723,-0.1584229738238243,0.08211843420030995,0.25882790690855384,0.8350769019951351,-0.5121080143636514,-0.7131153891658468,-0.6440088548603176,-0.47525388475226493,0.733026108095753,0.7310339145703278,0.8067090406442328,0.8299913965171976,-0.28207108687677684,0.5813271505182331,-0.0417620614843317,-0.6036761757361719,-0.6415984181187802,-0.8031270151174112,-0.8485765572911566,0.3852224900990633,-0.706892268358108,-0.35483096261014313,0.23610202683057446,-0.43112640302726635,0.0832649268296759,-0.6904924864621971,-0.7259102410836837,0.6515755511120919,-0.7126332274247966,0.19688332470826841,-0.773548600725539,0.56458845549309,-0.8011477784336987,-0.09398292615625148,0.520734458665724,0.880017741497035,0.7453060558937084,0.7734207921354568,0.6115923972476957,-0.7647612887083,0.3317645607024199,0.7081526407584144,-0.7426766403449818,0.4637591779616911,-0.7884010871498874,0.01136503512059217,0.0814805591764971,-0.5196988150707798,-0.30224558397206125,0.2452673648720256,-0.6724614291470212,-0.600450573541331,-0.8455897392100908,-0.8487100041957962,-0.41284921023233867,0.5840354879819618,0.052155867456140426,0.2553760215316142,-0.8325646533847073,-0.4111002205421834,-0.19139866875065703,0.2682055596400985,-0.2901824214005282,0.6584851914442694,-0.7222844396479744,-0.5387117360703093,-0.7395892299149369,0.05803611866882852,-0.5466053245008409,0.777633965023429,-0.41089662993694964,-0.5561718073350845,-0.48878325070381257,0.8497701796915906,-0.4473667140467201,-0.5322160235347124,0.08462508350138576,0.8708637143896701,1.0,-0.4664173414742687,0.7260933594895962,-0.43040842707997085,0.7987176989184023,0.7169048901958656,0.48740270955440723,-0.7231012430565833,-0.6398775934124807,0.17457880821854022,-0.6813726262305497,-0.0008373524388118891,0.4681555203956026,-0.317897607425329,-0.12324375250721209,-0.04310096009465103,-0.8479134864507356,-0.7518361018527746,0.23556491083589104,0.04089584320451878,-0.028553260731367658,-0.8697024578434474,-0.710312811255156,0.8517725657430851,-0.08024742338701762,0.6599997600662472,-0.5584821861961666,0.687325133583818,0.7319791713052715,-0.2656702305012215,-0.7044490795387186,0.19000256217011546,-0.707122443820231,-0.6785313680723615,-0.7107003310014581,0.5539944645640916,0.4579758779235874,0.8097943651498539,0.7698199397629417,-0.5284104690457876,0.4372619176635082,0.14509304748808505,-0.07007911343264905,-0.1776219548039648,-0.4774410058089176,0.7396382150054439,0.7595303571372559,-0.5129775838845556,-0.6301400703855067,-0.7268808830315585,0.14159579627342445,-0.06130510331111583,0.04585360208345557,0.721837826438505,0.4598450247153826
MUS,-0.6340361255119285,0.6265276914721062,-0.1600994244656997,-0.1887204381086418,0.33149662812533465,-0.09843302831158085,0.36780885455113244,0.24202094904721516,0.3763215983470849,-0.3665240004435102,-0.3653235420995038,-0.2787989508782289,0.6514440235386564,0.23688523388202642,0.5920958484041442,0.7414504712341542,0.44358202949018044,0.6771389656281223,-0.5739582480127414,-0.1603634906672684,0.20196121377165732,0.412113175227095,-0.15474932819373555,-0.46176594803226645,-0.17639434289855171,0.26262410411873505,0.10275392983126119,-0.015312628475664392,-0.4199434767580006,-0.5521499439063491,-0.4742191649096914,-0.419703955331999,-0.34349638957940143,-0.09402035482303717,0.499845247331425,0.45604917421700875,0.6500408533184799,0.402237971184366,0.15903947453784628,0.28139403466612467,0.40546382501107314,0.19689390997072287,-0.49090345719677053,-0.16766460096813485,-0.28902178054635175,0.19343609850988053,0.5798137813485986,-0.4663691580129363,0.30836716451239066,0.5163194239467922,0.24920960748260557,-0.3588558685585759,0.10974655861717098,0.30854365424280794,-0.3298511859710036,-0.3124697117771231,-0.31644204022897116,-0.32041326926359925,-0.3849579133739294,0.49850380425947316,-0.24383029363782716,-0.26019945138197964,0.7225776672361333,-0.42756963944170967,0.5614845811823045,-0.28761670702709874,-0.13923703718242253,0.3670781466473898,-0.20967515875195075,-0.4770344462061562,0.3521621984982508,-0.0014885996085003406,0.2915912072914858,0.12555893983787247,0.05454708828711419,-0.2751428273883496,0.4178396326707843,-0.002207465865924796,0.2505991027559489,0.007901302531732268,0.01697848196250551,-0.19988474571427517,0.39293570861607596,0.01945354677958555,0.6117444251083893,0.4300913870984835,0.6779882562975592,0.034701186996173417,0.726108901415697,-0.38388443792261473,0.7428432628067144,-0.1648148390366595,0.6673956201632956,-0.46892333483704896,0.3607267763840172,0.6713760321642133,0.12930196677000794,-0.46559481455094653,-0.4664173414742687,1.0,-0.3931501536051485,0.13626132108223699,-0.1824172424378625,-0.400877735341832,-0.10767006777830801,0.2940136633579724,0.1359562154349312,0.05808903532965781,0.014072503998490693,-0.3531276699081607,-0.4034237684848161,0.32708792441331935,-0.47922477928325513,0.007536626021893755,0.5084920714619128,0.4190516969539613,-0.08192238270388841,-0.353059635933187,-0.3701327005470221,0.5600291407529927,0.13660714378427752,-0.29690788587969785,-0.506440317760841,-0.334512583447788,0.3283522019019187,-0.18294886355567175,-0.355945749394869,0.3248460166712315,0.7350079121053649,0.06981362230589638,0.6897485604940881,0.5580932460775084,0.30549500866866397,0.1400096153126711,-0.4914046811842816,-0.5372872170598519,-0.29764103021189703,0.2745522283789745,-0.026402062202125487,0.039989729797281215,0.5343583842407653,0.3003866210734609,0.033954784965548934,-0.5541868464643311,-0.4639704663350048,0.3161635561463947,0.37342502614906037,-0.00014456898313608413,-0.23448574860668203,0.2149041394761141,-0.1079616629724478,-0.42677705146781375,-0.28520295174182886
MWI,0.7450737206484696,-0.38470453861309495,-0.49485568480895936,-0.12996333739982746,-0.42733202157590755,-0.6514616579367791,-0.7705370964482445,-0.4836108733232467,-0.8141867879154874,0.756275016748193,0.9166356358469827,0.4526745826361429,-0.7673096403881263,-0.7980584518934457,-0.6431951482063014,-0.5579100405365778,-0.6650072811414356,-0.05111180223976963,0.2671184205407686,-0.29325831337386377,-0.5597857256569498,0.0223686448347985,0.1620644392315509,0.8737965093461275,-0.5604968296615673,-0.8289541105348941,-0.7315386152457175,-0.41486396024225436,0.7279816400694632,0.8337543804824024,0.8099852389266384,0.5238287937897301,-0.10353446818067003,0.779452841728989,-0.15436493672092255,-0.6820689135687852,-0.6429089503079257,-0.7929560817187873,-0.7427444618853611,0.07885112494286961,-0.8847824216260674,-0.47889106340821996,0.05290357394790901,-0.03684064126448017,0.2899256093528044,-0.6945351741195043,-0.7388755339640642,0.8158129340297644,-0.7393861896644198,0.18387785063657025,-0.6687298673040198,0.05574717356409464,-0.6623157967523681,-0.3301462436480842,0.512855481236042,0.8438943438463491,0.7445631685195796,0.8504963704586822,0.3602634263542124,-0.7259914574224844,0.5685130715566373,0.7323188431695268,-0.6672145622601149,0.6550819320291151,-0.7496271236041281,0.039034659598137345,0.3041262735861543,-0.7353148597411914,-0.27764731941865906,0.03226883230533184,-0.6981021655439128,-0.5553803456388171,-0.7123868461548708,-0.6820811247033216,-0.514921292156985,0.8368274612994775,0.009103818749251147,0.21903488267776972,-0.7914538406384182,-0.6654806240149949,-0.022988869759938302,-0.08893621176129551,0.0338654417622376,0.5525362770008343,-0.7929850693830289,-0.6636188150443096,-0.6860924741786192,-0.035170628919405145,-0.21546565476204194,0.938110008892846,-0.3108338874953267,-0.497759307606328,-0.6384774873199639,0.8647343174928173,-0.5642788043420479,-0.5577635476095091,-0.3209039552015647,0.9195449136567813,0.7260933594895962,-0.3931501536051485,1.0,-0.7405046247525209,0.5622251175360742,0.8626004839359869,0.49899629803162737,-0.7579846499084419,-0.8091744905858389,0.34696307213980393,-0.5805792863039239,-0.3263617046349361,0.7334276729601213,-0.5151191367960894,-0.23515284043877105,0.20924555654564536,-0.7082721795475999,-0.6548655588210759,-0.10267689890750842,0.17106341517644785,-0.29038428966793317,-0.6039701956865962,-0.5668763641961754,0.8635266679306645,-0.30172926410092304,0.4938255127814486,-0.768070342115337,0.7748833335996999,0.8002440204288696,-0.2426452623945341,-0.7207840584570571,0.35756483909095027,-0.7180935474909944,-0.71336489649982,-0.77487248507556,0.39200764335366634,0.5629893535181181,0.8327669819073167,0.8282337797003471,-0.4405394955845434,0.505556174991892,0.4114892914674444,0.17528800035557823,-0.2624667079481169,-0.4136723409844978,0.8101681493057185,0.8867353248775877,-0.31194991553991613,-0.6546730939617711,-0.5548861408459382,0.1621654517565575,-0.08394372615120771,0.015203437858650415,0.7787802954795562,0.6644850383880573
MYS,-0.5064928790985224,0.2209162674663182,0.6446033447851449,-0.05714185979995401,0.4052805039409988,0.47030268945884757,0.4550415862417021,0.5837877941875104,0.48067770000467713,-0.48567620432620107,-0.6052883874725514,-0.16402201299631125,0.393865997992104,0.6907533319820428,0.12413557203440717,0.27832916309441735,0.6239753703168152,-0.2405911953317943,-0.2250196173522585,0.14274863639207025,0.5305596408787518,0.08762457805129964,-0.4579581404705828,-0.656490024898106,0.4927302322011573,0.568722276023384,0.5257337339220235,0.5459688266406505,-0.42741781712466453,-0.5981979253229395,-0.4900220480833921,-0.3589255781974874,-0.03003515441005411,-0.6811027614321548,-0.2294850011521019,0.27403108192954795,0.26986508843958434,0.6154370286783258,0.5091255650585113,-0.2792536781540478,0.5539703369981628,0.2791836903067064,0.10282114294400369,0.025574592800337137,-0.035812128486423456,0.4236554486181082,0.35696888880730304,-0.4711822871232283,0.40056637805888795,-0.30235169391118744,0.2863545130492424,0.016533943365122594,0.3243377754293517,0.28463903974511306,-0.1372286741225035,-0.49463330176038856,-0.6688443747821242,-0.6334249191659886,-0.3736122282478682,0.3372173694979854,-0.43222581539285154,-0.43431477756991965,0.3417079607735496,-0.6237264187476033,0.4860705869984565,0.3601592711789946,0.1008427641037204,0.6637145047544221,0.44810592373897395,0.029717196574588156,0.3024621216028086,0.1569816649567527,0.4313347557807333,0.41492996975748064,0.5309499122211612,-0.5976299327459826,0.21313984016255338,0.22672924441353404,0.6866390845833157,0.5555631875158747,-0.22358037812592535,0.1442815622054825,-0.022913251525682465,-0.4732321882165855,0.494230409465382,0.316943752051865,0.2976332227889249,0.14748999303564625,-0.016381394966933138,-0.6271632722002567,0.01646009197708087,0.5785576996470032,0.38671244435352614,-0.5093659298598059,0.26974132377815896,0.0940620705340055,0.5405512307099927,-0.5875536173313347,-0.43040842707997085,0.13626132108223699,-0.7405046247525209,1.0,-0.5101833620828122,-0.5292968403341054,-0.19671884030053288,0.4757794317676147,0.6140752213456976,-0.38225326511812274,0.24312000511623544,0.49527900307807915,-0.48272311531843526,0.1603974418776456,0.340434329898917,0.059878800044901315,0.5872550932916015,0.30905173081635495,0.2896322371451334,-0.3502406860071057,0.45335345271255667,0.30594762593217373,0.504137314895216,-0.5868800319036298,0.46039007247182284,-0.21092179451958248,0.61443666416229,-0.5107543740970959,-0.5205762146299766,-0.019090380481212144,0.43811375440143485,-0.6545577516746741,0.4858982967844955,0.496285399262294,0.38866913271226156,-0.41004837761550217,-0.38081469947315694,-0.45103762588439134,-0.5390669331849081,0.6769380420516575,-0.17096335765944826,-0.49113458267259436,-0.3180329743758885,0.05238146799567556,0.2860142390254331,-0.376388799784209,-0.5134577739921826,0.12569529068573415,0.1862900206930932,0.3388203253315596,0.19096091042776164,0.5711450514028485,-0.16100115471387033,-0.6216170734127244,-0.5682339639591292
NAM,0.6998588223320503,-0.2713143653935033,-0.2726929389046411,-0.3389978663251467,0.034063360938672904,-0.5582691129034232,-0.4981832732562077,-0.21899788837694412,-0.43428629414178177,0.3775964522189925,0.6216884925996143,-0.12294712308862188,-0.5353046783420659,-0.47979833643181435,-0.2766357215355235,-0.24321528482278487,-0.5456413918979179,0.2024024952896496,-0.008204440305424443,-0.4349115477264949,-0.08589444222412768,0.050385990910088774,0.6714191402384672,0.6093068042736348,-0.3661353262507543,-0.5217710006329839,-0.4814556715222782,-0.5260734721087976,0.40594823911131406,0.46322825721157845,0.6300836978969818,0.8260217253959758,-0.2718170047012982,0.33426953521899794,0.16151609479087647,-0.41462955011389613,-0.342581192990836,-0.6306952881793988,-0.6443804808007028,0.636418486363307,-0.44594382235480334,-0.32826661248044653,0.0827934512252877,-0.49267352450780244,-0.1173062417967885,-0.4472760820733319,-0.3592467811326434,0.28579507715982644,-0.39172968144874387,0.3602833762209343,-0.49874741991203075,0.5195502512623767,-0.577045926053755,0.03616918765243604,0.15012727105344748,0.6522925066041726,0.5235931530929716,0.5032053911441311,0.733668190242,-0.4805016224072389,0.045083794384382814,0.49912671237108386,-0.4395086976921756,0.39033358918820005,-0.5055288028870129,-0.35077243371220734,-0.18621710249001922,-0.3588263961858924,-0.39243860782852336,0.33972769612976284,-0.45553853740145334,-0.4645425530913101,-0.6368222599484508,-0.73524389189878,-0.4519098487246156,0.41166147103529405,-0.0038945440635094197,-0.15678672579889952,-0.7213355812952293,-0.35064478353942086,-0.20616050815475218,0.4070732717572463,-0.3899651908655475,0.8586396111475499,-0.3775204574451032,-0.2654860208070804,-0.3883359496152805,0.0755311855301507,-0.40681948625890363,0.5425371120839212,-0.21766515208990933,-0.6981272811873755,-0.2049813156661131,0.5479696421194328,-0.27408951666293846,-0.20996974712929317,0.007833201479661045,0.6856260579091799,0.7987176989184023,-0.1824172424378625,0.5622251175360742,-0.5101833620828122,1.0,0.35072957681527495,0.27768772139310793,-0.500655425463244,-0.501072169247446,0.007959013583989427,-0.49608176074687993,-0.05970492507726788,0.20600071662247532,-0.025905273625211223,-0.32277967321998857,-0.16277286715142747,-0.6629077366507092,-0.49251141450591596,-0.026876920212241417,0.2191108686495108,-0.1803999153787763,-0.5185718613977732,-0.689125652030214,0.7161913264366258,-0.16703431886516729,0.39489299068003825,-0.4584461956535886,0.48919916814569153,0.4166979845177827,-0.2538691328286602,-0.42629195124024566,0.2092170171246619,-0.35046171140817406,-0.43711533967262484,-0.40393660667401,0.8604983962674996,0.1831142663184151,0.4826762949475958,0.4862961801227188,-0.6274847023567793,0.2241928191439505,0.2680434252573217,-0.031505182789308694,0.10675643405624125,-0.4358723204395196,0.3343864837990611,0.418625265282196,-0.19243379990483178,-0.44678713050465646,-0.6385739740841774,-0.09404499987535919,-0.31747744517086796,0.44411171018796924,0.6156762773528118,0.4389483119389852
NER,0.6788358600633688,-0.3869385962263583,-0.4103037257282347,-0.26775949274197686,-0.49006946488511716,-0.6465352584579693,-0.8851571263242761,-0.2902420870446232,-0.8906550084401974,0.942187674799559,0.9141330105384768,0.5797431972768723,-0.7641517270346703,-0.5601664536106696,-0.6397106241668209,-0.6808776446294882,-0.6115289233148709,-0.1576492729986867,0.27151682971928215,-0.2528796130007356,-0.36779589510575805,0.16198602005592444,-0.15569510891064042,0.8589947293746711,-0.6237741754169293,-0.8217489179184241,-0.7862326730543399,-0.2687501633081708,0.9100990655323427,0.9028682080456581,0.7772501420491409,0.4244875487848119,-0.2225263685564025,0.8090941397726333,-0.23121533026568253,-0.6430745090925907,-0.7167378422110999,-0.7905312640721185,-0.7757522554083023,-0.009045524970725749,-0.8858568131568412,-0.21344674426356325,0.09379104536589966,-0.10018433950769334,0.32713100932937467,-0.8079511298073334,-0.8972694527839837,0.9008000064482288,-0.8764222346684651,0.12829039478898463,-0.7690422781097364,0.07143873296991132,-0.7159944970705383,-0.3419153389477858,0.695709428818137,0.8725044411814156,0.7861990131634724,0.9131191629241354,0.29329338257835236,-0.8561170694786688,0.7238596404297918,0.6592879080021227,-0.7282643559867115,0.5323264469793307,-0.8299060627649859,0.32539768734248686,0.45776563163861694,-0.7196916258504564,-0.29026863521593493,-0.08869200805247379,-0.7561285654584031,-0.5906971844425994,-0.7740894025898646,-0.6698569315549685,-0.3255638338234914,0.8256076612710705,0.16293063680364162,0.5243586736639274,-0.7486644815855223,-0.5319121258929778,-0.11392844092217302,-0.20392206400741553,0.10893787204607164,0.3676642068898035,-0.8924735569648796,-0.7593398324347695,-0.8148867625533107,-0.07009188774168851,-0.18420507297145683,0.9239093758937312,-0.3617187427152062,-0.3060753642009022,-0.7505380886750637,0.9512790255218607,-0.5727332211450835,-0.701766185982901,-0.18196565189899738,0.8248004065676431,0.7169048901958656,-0.400877735341832,0.8626004839359869,-0.5292968403341054,0.35072957681527495,1.0,0.4240938378060506,-0.8174461273086688,-0.7559970248962675,0.3721645300554395,-0.6770680742675883,-0.22514943039897384,0.7732985112525673,-0.5672519371059892,-0.13099673480734997,0.3634513145878393,-0.6832690550100744,-0.7693993895096787,0.13262940939253698,-0.11317027713290062,-0.10899976919422816,-0.7154330639028594,-0.4231795231305677,0.7686530229074748,-0.20187815803753462,0.69639724107568,-0.7009329424437747,0.7353673791075866,0.8946019529715983,-0.1391023276287453,-0.7521014577409542,0.256120150620714,-0.7988237123789599,-0.7585382739659754,-0.906686986245546,0.17502805223716733,0.49059818630894636,0.9283504848927612,0.9443209364830407,-0.2499117114596452,0.5591057354708301,0.26290512655907383,0.155903009733121,-0.5374160338080407,-0.45659236402164805,0.9375562262233943,0.9340224802090907,-0.5480524572741812,-0.6662202724851394,-0.4789372675636705,0.29557763122668435,0.15646599155576135,-0.24684763095168183,0.704489899337092,0.49359147281950744
NIC,0.3881789106606648,0.19752068335510198,-0.2943681803224085,-0.0793685265054691,0.010049116417687243,-0.650494532126066,-0.4890914077342803,-0.07654286753438488,-0.5362534789457021,0.3710967359049615,0.4346392606363507,0.23976655778158795,-0.38391526735118986,-0.37636927951535304,-0.5227881113706141,-0.2253798240167062,-0.01419568055572773,0.0074151745824996285,0.06439200776572984,-0.39389378742890413,-0.31106410028009823,0.09419373434162248,-0.20696543674106205,0.4725164698543092,-0.5931733516991626,-0.4019803781078397,-0.22742184969072898,-0.363022897438146,0.3604111503272095,0.3854850008089805,0.46905647517330396,0.4140656247871384,-0.15413900185126672,0.43609919221381843,-0.1161594203364813,-0.3817321806714693,-0.4042043559503279,-0.3298602602928302,-0.5160469469504736,0.03147033647131092,-0.44366193690503497,-0.33221664674512574,-0.1479774549528432,0.02548948720769728,0.1975358096982469,-0.5238797523752807,-0.3149116647472283,0.45636005865580365,-0.4673121120667971,0.3092702702616401,-0.591177098099501,0.2926521980813188,-0.6306950148017219,-0.12933251527974887,0.5586003241986791,0.5355667183325589,0.42466921791724943,0.49187991099291106,0.03407641526803551,-0.4244567243232482,0.23758825517505533,0.5964194173092465,-0.3611324040841697,0.3663311653774983,-0.2519153511059624,0.11168538066909028,0.09543717604270452,-0.2547674115493417,-0.10035787732967294,-0.23087346482327487,-0.36788120911262134,-0.5760920957339097,-0.47734776282342084,-0.49825859767877834,-0.4214834042800195,0.39605649664776454,0.27147455175510005,0.4983783477187602,-0.37038674939329796,-0.5027646623627535,0.008509101439389988,0.11792953960745611,0.24607111517305813,0.2737368930889279,-0.30746742381650183,-0.429117432846039,-0.2145988413103861,0.0038563706419462163,0.010769994661605442,0.49711809746297386,-0.24964936415277283,-0.3094469427430848,-0.04553795924700421,0.4248345167995857,-0.34991421259592803,-0.192453520887925,0.023468228249715284,0.48921578973613333,0.48740270955440723,-0.10767006777830801,0.49899629803162737,-0.19671884030053288,0.27768772139310793,0.4240938378060506,1.0,-0.4902969104908017,-0.409782953055583,0.2723173075429237,-0.5511950891129871,-0.28579302566680376,0.2624723947427573,-0.3009099526590593,0.17357794398919313,0.13147543435584974,-0.3270777228210453,-0.464762188668854,0.36837297721711915,-0.09932955489948392,-0.31045827864633746,-0.37978958699533294,-0.43209639436251157,0.42857216779462637,-0.43520047753441493,0.2130393599762913,-0.3386529033653958,0.5131460231407293,0.5540395339387278,-0.059486679683045995,-0.25701850011095084,0.05173546242459526,-0.26412998719660785,-0.23077397000612265,-0.43795261523341233,0.20991652184094844,0.38939039000393993,0.4029040696680771,0.4851809406482983,-0.12783399504679305,0.5506055981846693,-0.02599695389823764,0.28466595859353017,-0.17423890607569437,-0.25902844244025336,0.536908553368953,0.5226850194054731,-0.2943270737730259,-0.3169364431343351,-0.6845130174913616,0.18156817374755507,0.2890477224014899,-0.3171526598824963,0.36243506969281847,0.37244982789956327
NLD,-0.6791010048638741,0.111029175100548,0.47460152711895476,0.27438415092797186,0.2411021591860446,0.7531349812149729,0.8900865941481754,0.014638802676642637,0.9660959068252689,-0.7879296447215705,-0.7997523680873964,-0.6615570539349913,0.8295510530499105,0.5894569456700772,0.561885365479713,0.45175646149922555,0.5946256022027825,0.0006536298038167798,-0.22047515869612844,0.3016791146511393,0.2047904964286812,-0.20111222879191826,-0.009263762858958247,-0.8457385339057126,0.6729093227161108,0.8154907564242516,0.6252922458467496,0.22492563202368343,-0.7846051768735345,-0.8083239541125085,-0.678833841978977,-0.6593309553850242,0.10694690195448198,-0.7479710659790928,0.21590161791335327,0.5541451263754801,0.8080489120312637,0.859491388722536,0.8628457324453734,-0.10691198928692303,0.9096576349417062,0.059428487209541525,-0.2686710985082963,0.09966719880712183,-0.4848913816624989,0.7703503101731086,0.8148857707797024,-0.8587525310579482,0.8131116162141415,-0.11236109878599776,0.8353911068950518,-0.39140958659311376,0.8608122006771585,0.207673638307447,-0.6909201940381977,-0.823575134396124,-0.7556031510431103,-0.7985784107767124,-0.3488055218587196,0.8097657514247106,-0.5461723658872035,-0.587137032574983,0.7584177534107538,-0.72855583189956,0.8343800916722572,-0.41969862203132724,-0.4456466541012474,0.6889579760073092,0.16572368229526568,-0.11639839015783937,0.8115140906077256,0.8000022949782127,0.7414945868451854,0.7646075589992045,0.2559351968526199,-0.7788154492987864,-0.16610037286654467,-0.47668400268139255,0.7654236226891238,0.5280068988992834,0.12233710714239188,0.018232555453935984,-0.27279806145447694,-0.44581859821931014,0.8055545250499112,0.8517929179919526,0.7271693549981755,-0.062344408751001,0.24003499999888178,-0.8037171170446318,0.4570102143400553,0.4034367709864428,0.47459930067822864,-0.8530479559569246,0.7399661373846342,0.5714587953322399,0.09351880018623171,-0.7424608650813067,-0.7231012430565833,0.2940136633579724,-0.7579846499084419,0.4757794317676147,-0.500655425463244,-0.8174461273086688,-0.4902969104908017,1.0,0.7324193852359386,-0.4777874867877656,0.7634450404262986,0.23042460785378194,-0.7425002613832834,0.3832483746467741,0.06893035672649162,-0.19529891855384407,0.7280303367537945,0.7794860622020308,-0.3554151640895302,0.021432236247561742,0.21751989593681942,0.643227033043518,0.4961613346067342,-0.753951957617071,0.27610964719414643,-0.6049779900674477,0.7955849534935496,-0.5528756426636845,-0.8871478841070024,0.2560642827762315,0.6232575410452049,-0.13368750364924953,0.7114449686548132,0.7352310086534476,0.9113525035147679,-0.5137850390537417,-0.5245607420176266,-0.8048068275864781,-0.7874100745575019,0.43703306307908196,-0.7365902126319797,-0.09859941198543964,-0.1401036970445364,0.3092652587533534,0.43141996696848706,-0.8219096660285907,-0.8302653603275183,0.5679925943844281,0.6006775001608308,0.5658662364393213,-0.2968515620830874,-0.1434759636443843,-0.012617487259040105,-0.6785444290014702,-0.5059397627670679
NOR,-0.6800606999079042,0.22058448204744108,0.603739319058216,0.13521930718478048,0.2216689504974665,0.80486037434605,0.8505442790319554,0.4920408975255324,0.7747957967395109,-0.7872274006766669,-0.8139578146897248,-0.4884820354329349,0.6183504287447605,0.7722181232483406,0.3990970217005202,0.4639539196127269,0.5941171777046421,-0.08188250560021815,-0.06977456624196754,0.19215106720940722,0.6406335511609155,-0.029346509494565076,-0.005961578637188714,-0.8314687299938195,0.7207758427158629,0.7823860218356603,0.6890404046006222,0.3978758214553959,-0.7689872106026376,-0.7907431686416602,-0.743313852844599,-0.4740205144232019,0.11386674169377031,-0.7886075689718881,-0.03631684507173505,0.47931634748945007,0.5209377117568952,0.8492653231353338,0.8124130897368456,-0.357691410284561,0.8670268245679126,0.13269634120535667,-0.00041886597918394664,0.16425694776807098,-0.3912279489591308,0.6565928157590302,0.7229197917532972,-0.7622831571126238,0.8776637647999519,-0.3258817221875481,0.6637349036495764,-0.10491000949515383,0.6782905297632129,0.15058538393176024,-0.6863683630563275,-0.8222154455059565,-0.8414956649121563,-0.7287862396211526,-0.20737371076928834,0.6085896545190372,-0.6089325385109765,-0.7251319544054389,0.6691005287472401,-0.6724513410937549,0.6934004509524355,-0.1206800294824204,-0.4006677209477685,0.7076238269126285,0.21777375378696961,0.07852896372516727,0.7749608658081943,0.6594748440917604,0.7320162082856783,0.7134031221918924,0.39193683124138556,-0.8294259796429164,-0.17696587820814935,-0.2964425362405838,0.825899088370572,0.7886673472410578,-0.10881765370933172,0.24173613994280108,-0.1290359739876632,-0.5422867829259368,0.740262629736885,0.5668109134652276,0.6184062027372819,-0.14653660721474027,0.08686704289816283,-0.854205830056125,0.18879978941921038,0.35141435835206525,0.49200912348178205,-0.7700734870982224,0.46368513835016145,0.42996854430280784,0.2427893261844304,-0.7916581017594646,-0.6398775934124807,0.1359562154349312,-0.8091744905858389,0.6140752213456976,-0.501072169247446,-0.7559970248962675,-0.409782953055583,0.7324193852359386,1.0,-0.6220805178252875,0.7276780681772,0.5652776232553319,-0.8068627758507092,0.41180238510201006,0.2822698789437592,-0.3351754683935053,0.7115060465754224,0.6510104535957952,-0.03480798843581434,-0.08430983203486542,0.5020257542180222,0.5589955617450676,0.5280168184600746,-0.8008762034103218,0.570312331301347,-0.42915184736533574,0.616027514593065,-0.5249557351317913,-0.8353179391527286,0.13779233193648976,0.5366049073320316,-0.503311569576927,0.6871048281912251,0.806246890045007,0.8119135895469434,-0.38085768090873473,-0.6100973404051031,-0.6938549718791935,-0.7965748606946548,0.4013912362090666,-0.4905764983791159,-0.20980421858366438,-0.0898839633593449,0.05123386695023702,0.23082190878486852,-0.6433821533796911,-0.7598365812423633,0.3220737555381191,0.4846801332204751,0.49909378656498016,-0.14377245963394958,-0.0547787833437805,-0.11602366063479996,-0.7098621523009785,-0.6582512740342166
NPL,0.2489226168392802,0.38170295483543515,-0.7580161871354612,0.08492567919369332,-0.14157127091663213,-0.5520327079402678,-0.5489477031694909,-0.10317748369358859,-0.48455666680625864,0.4755545838511024,0.31426802091209705,0.5012857251193218,-0.2681688291248583,-0.5468040935367191,-0.05383231763265006,-0.0647803696302891,-0.242342757202187,0.11920002938324825,-0.08575815086040528,0.3513493106236183,-0.39177627737291254,-0.012474799860535901,-0.22060887589844191,0.39953808717668515,-0.6372940383337187,-0.4883565091671316,-0.13854322967568233,0.10861592095958106,0.4141543819281699,0.4210524938150697,0.13978848290575785,0.1404082696492155,0.3973227176691332,0.5572693898501183,0.2941838950840827,0.1295705128482625,-0.347913068889496,-0.5648788671464575,-0.45712626342398077,0.256694526198354,-0.505143311024834,0.19738285841141867,0.19312017479737809,0.12360367592932575,0.3093393736296002,-0.17174166945258862,-0.4174624794400068,0.503973268743722,-0.45894206522901526,0.1616587228893711,-0.19790752262715894,-0.01794305530883089,-0.367965935077589,-0.20040930137800217,0.4156582723745409,0.3743199558051581,0.5934501897615737,0.4430198863008189,-0.2982111879357501,-0.05432666432773048,0.535490670229528,0.31532972886172983,-0.35480575582041896,0.578507986748913,-0.36825733754309153,0.34282727306302263,0.4990177799106248,-0.643943055258589,-0.00551503186237734,-0.24725986669180755,-0.464697533509874,-0.4724938730928163,-0.14979357488802636,-0.22249900123328525,-0.3517486363960267,0.5512456986524207,-0.06808315251163588,0.17064798449521223,-0.3929282609419884,-0.5195217072942224,0.3130744440976019,-0.32545678188981597,0.4513566886042111,0.0525999269587063,-0.44800205970384255,-0.4459959211547537,-0.18973670324831904,0.3417321388404313,0.16335756536471024,0.38386663221324757,-0.051883521255490894,-0.05537855978322925,-0.06596431069368602,0.3306095127966313,-0.41565963598175504,-0.059094309038101756,-0.418700347653826,0.26144177684180836,0.17457880821854022,0.05808903532965781,0.34696307213980393,-0.38225326511812274,0.007959013583989427,0.3721645300554395,0.2723173075429237,-0.4777874867877656,-0.6220805178252875,1.0,-0.454937182416125,-0.7602624420168929,0.635326624848332,-0.1747195212788375,0.08267727632868449,0.27547331884783244,-0.34442257175405344,-0.2838203512851507,0.21213985090321563,-0.0460265278953933,-0.6705182887300469,-0.21555883934390896,-0.17286145015622623,0.3334000954399241,-0.6999742493149128,0.26705122556092453,-0.47637465773072707,0.01921955790626373,0.5328551374589082,0.21826301583822927,-0.13161293041747535,0.4559683519759832,-0.48125725454642043,-0.6074680225729026,-0.39999715193812246,0.07889585657924914,0.45500257408087763,0.1814929043750375,0.36487594346712426,-0.20655301654982106,0.2900488621110573,0.01867123934630155,0.057261084852714195,0.2514696398661619,0.13139878920289916,0.2738519797300759,0.36079131833906763,-0.05456907464611627,0.16817594830186378,-0.13949113723778295,-0.0828284319395034,0.0058062556847977564,0.047990751639056306,0.15460575927213527,0.1714149620152563
NZL,-0.5581120994708559,-0.014095347346686049,0.47632038641258967,0.41674883720013645,0.19049221825171936,0.8990260895015958,0.7875679071896957,-0.050752122377172304,0.7429806191156247,-0.6969405717235526,-0.7643250236287189,-0.4564589802567003,0.5146045258496468,0.42316236843575195,0.5443839397339519,0.2856763478926134,0.29337433508300603,0.037675664326850766,0.11151704709040644,0.2820254381148053,0.1479466387936692,-0.243653891359902,0.1386745566528047,-0.6575673278035252,0.811981550295985,0.7198078271381653,0.5806753943039836,0.15279360600826386,-0.7195223547402287,-0.5984288171469325,-0.7164158393091764,-0.5774999284617,0.3652247323496215,-0.5099241658065221,0.07434728455953277,0.4856094037390327,0.6112974736929947,0.6435623376477512,0.7470836179766387,-0.36262921957629524,0.6803210696724472,0.07587462640147535,-0.06249013258967007,0.3571319631869565,-0.25947157762176887,0.7153545727610983,0.6763713826435074,-0.6606288031201739,0.8099948995514786,-0.2795828054359395,0.7231932006949152,-0.3308006039949656,0.8218975246128786,0.18239716126718697,-0.6765267097890946,-0.8483353909118185,-0.5771479860735877,-0.6407566178317516,-0.24970082780465486,0.6793535315130532,-0.39997692475189495,-0.6230036796296277,0.5478854035779057,-0.3898850087260637,0.526912878443487,-0.3829887700114625,-0.5031564423276633,0.4702904225851322,0.22492378311950023,-0.02130167937492522,0.8365471051719472,0.881341062642241,0.6678173324020886,0.7107868593943405,0.3282692211973064,-0.626320171390057,-0.3961090148745301,-0.6339745693317056,0.6156874327096733,0.49803993595985485,0.17623306605587574,-0.13470102464181677,-0.23277504177564334,-0.5993071401683301,0.6118181572743548,0.6735683152892709,0.5389637664615196,-0.2645140654904967,0.04303049581242413,-0.7332255052333099,0.3081019659656714,0.2517980309113528,0.27520867111944936,-0.7446072257638097,0.6076290074111491,0.47806962438584466,-0.10576477678923779,-0.6948731257508407,-0.6813726262305497,0.014072503998490693,-0.5805792863039239,0.24312000511623544,-0.49608176074687993,-0.6770680742675883,-0.5511950891129871,0.7634450404262986,0.7276780681772,-0.454937182416125,1.0,0.3828953686109928,-0.5741885489157676,0.4105802970840593,0.1383993318954776,-0.384446818649951,0.4715742387070869,0.7103048956447423,-0.3446895269762651,0.29193130415326507,0.3860303912322638,0.5136793919959914,0.4058371173594133,-0.7024944619131972,0.4951888084976339,-0.590458794653631,0.5315423963371846,-0.4872221217560373,-0.7468804226768393,0.002120006911007666,0.32186229805382827,0.03613487627716083,0.41202110894682376,0.5523768127729596,0.7654973669988661,-0.5027997799954314,-0.2311950139201535,-0.6380000981554579,-0.7384567035301584,0.11735837903871515,-0.6316113023079337,-0.0026877973855905513,-0.09642952664662618,0.16746755990695994,0.33469257893405957,-0.6866989363065408,-0.6919393739092441,0.39966468113898546,0.5943286017678354,0.6646146656098981,-0.19552023539961083,-0.4696183907367826,0.035559584594425764,-0.6004570402203333,-0.39616403369764
OMN,-0.13365619990101085,-0.4367457658580607,0.8551151146153867,-0.24542494023366634,0.26185838221607405,0.5309956808249514,0.29935950126480537,0.3228587073923208,0.27485995280002107,-0.26692683256726113,-0.2712954134724379,-0.28555999284110634,-0.09904015397441635,0.5930146483175831,-0.03107315174884362,-0.18979045885613455,-0.017255405554507997,-0.18949137214990208,0.13501550986868405,-0.2795226097442982,0.5944520251962846,-0.09367421294313538,0.13498139457803138,-0.19248417125610628,0.6540975837507979,0.39156763938367867,0.08780174306707889,0.03407527067306393,-0.21120644790052912,-0.24125948186049406,-0.13661263828931625,0.07828255603906986,-0.22951404886758953,-0.4028709226174574,-0.3817271923597756,-0.12159000029000233,0.08129013816705677,0.3057048461810099,0.2558783188892646,-0.271377381350675,0.2892470271933312,-0.14274349569215028,0.14746898180909462,-0.00851208848977758,-0.17628475517812747,0.0932089631246058,0.13991532579109456,-0.3183345361661649,0.30822504936960815,-0.4145444879622975,0.013719406457777139,0.2662811266119045,0.18035698137287248,0.14385882187493504,-0.26773347772154876,-0.24562276826481755,-0.4065517643409491,-0.26565516857130445,0.2826623287690595,-0.1029367312336027,-0.4068395005469623,-0.2531858630811381,-0.014592515561746122,-0.39057244070695685,0.014702480147545272,-0.026013270275588418,-0.31983900636122486,0.48846837841543933,0.06352524164658224,0.4452162006317605,0.256339187281015,0.2968350420512693,0.028748658368554558,0.08092489757637522,0.3127900866487868,-0.4599878857030437,-0.12356103549978736,-0.005806944254048707,0.2555334996783003,0.6621411620346911,-0.1988797279767167,0.2877188451553252,-0.5149718047733571,-0.22811642680478128,0.16242969236516658,0.25938151370981377,-0.12015964684805325,-0.2199586335789534,-0.5167054423647421,-0.30596387385995705,-0.1645785260034831,0.15545267037483834,-0.10596406474797138,-0.1405225564260404,0.2583791720550004,-0.18272792578730623,0.41701354216886344,-0.1477799906677888,-0.0008373524388118891,-0.3531276699081607,-0.3263617046349361,0.49527900307807915,-0.05970492507726788,-0.22514943039897384,-0.28579302566680376,0.23042460785378194,0.5652776232553319,-0.7602624420168929,0.3828953686109928,1.0,-0.47158867179044783,0.1586222476861494,0.06570407342702844,-0.39500103220980964,0.04311704264640148,0.08859448263917769,0.054032103050495994,0.17050567859373733,0.9306615231201539,-0.1574096868771211,-0.006927944112366857,-0.2965602812710568,0.9133567160913572,0.0533347512882123,0.3576204283986659,-0.03140094109477376,-0.3317790746730722,-0.2754545430056121,-0.18163397595013908,-0.4647514674907456,0.1276698062828593,0.3030517021201752,0.1746684502701894,-0.1527741953028081,-0.16109354688947297,0.02458808647431232,-0.2751826966063895,0.11146981794281874,-0.19501366576622337,-0.0448144563472932,-0.31033495272701517,-0.24602456506934867,-0.2463802385033831,-0.06965957014636803,-0.20231995828783989,-0.23633451587031384,-0.24787533566093778,0.1047642020482158,0.0827920539292698,0.010990273342841639,-0.07578097728975353,-0.14961156776766438,-0.37765965308889893
PAK,0.6641311876573255,-0.20174299419998332,-0.5672526331958831,0.14028042815765285,-0.4655100427489052,-0.5562735272356052,-0.7712803291951709,-0.3512069442394625,-0.816567525282839,0.7292787347579703,0.7169023713372041,0.7985274410623784,-0.6814765730756385,-0.7459675182529653,-0.5956757263194716,-0.5345950513176483,-0.5560787386948007,-0.2733646927598101,0.29848634032808263,0.1662367897159691,-0.627457462601744,-0.04533264536246828,-0.1760980555213436,0.7018757959666335,-0.5423348685816287,-0.741909623959184,-0.4710168232639169,-0.015950925579118147,0.7436784572964199,0.8179050639541444,0.6206153218857227,0.3029631313491712,0.26744606658130643,0.639578140253777,-0.3072773752387623,-0.4714342168918815,-0.7486614176342568,-0.7861178860999103,-0.5966499029993293,-0.08707866247604734,-0.8675075870776736,0.08809884203985208,0.35580602808800177,0.15675725575547494,0.710573697303873,-0.5040971757498958,-0.8522996437825545,0.8868184289748408,-0.8040497898430394,-0.08732436759469309,-0.5014255854764997,0.05436741805312317,-0.5034350539889927,-0.3510069913185805,0.7400820997494006,0.6827932152473649,0.6798167656110038,0.6208108145004481,0.07602052005185078,-0.6124710968104159,0.6994674733169164,0.489965489921635,-0.7298404861274634,0.7407082256056525,-0.7068540217534203,0.5161912805046277,0.6956643388174991,-0.7313576283599263,0.1137398640458902,0.09194402888448738,-0.7915272600242711,-0.539292721322308,-0.4779520884670383,-0.4437112072901077,-0.14216568086857606,0.8004574409581464,0.02482092914736933,0.34846616534552455,-0.6026937216425599,-0.6490660420624934,0.08444190945309515,-0.2742431481968852,0.3049830797756742,0.1590162447114405,-0.86590932667026,-0.7872601215944135,-0.7233210771996208,0.24672489390302832,-0.1548563610508611,0.7445075833336284,-0.45491863485160966,-0.002040269510131143,-0.6219317966940274,0.7441275916269497,-0.7035509436817873,-0.6284878355165933,-0.33976734674339526,0.6369050623178991,0.4681555203956026,-0.4034237684848161,0.7334276729601213,-0.48272311531843526,0.20600071662247532,0.7732985112525673,0.2624723947427573,-0.7425002613832834,-0.8068627758507092,0.635326624848332,-0.5741885489157676,-0.47158867179044783,1.0,-0.5010117987668499,0.09171088911481273,0.42425952695883906,-0.5745651510256753,-0.581414252945982,0.16158118303899238,0.07233413717958137,-0.4012575392260913,-0.4023031718600074,-0.1994049468511334,0.6279448368445603,-0.3246983786864812,0.3916105903300018,-0.7178672470523484,0.289228651740449,0.790334919000257,-0.27045274154179855,-0.5859162569861511,0.25001902426896083,-0.7630502543809983,-0.8398668565235703,-0.7669007761208766,0.11595634772877672,0.6372796705691773,0.6656270634962012,0.6599937963720022,-0.26819514136236844,0.5236594934849075,0.03421618640775048,-0.06222884438405307,-0.1742887177761001,0.018378952646545543,0.7246795360076606,0.749790665615299,-0.320211853834232,-0.4313348720367045,-0.18295891165207512,0.3791504337749718,0.1540740727705484,0.07045884771251787,0.5775893520743449,0.6247581829778937
PAN,-0.4027279027392827,0.16017295408987964,0.24734741663257653,-0.1736977037852776,0.5217022116607015,0.3463468868271182,0.46210499773393954,0.1935708218635579,0.5338208806466044,-0.4101251246113531,-0.5494782928363371,-0.2581389306211812,0.3066778452744532,0.37159866881204595,0.6474099550777198,0.27226938636805287,-0.07600186661330643,0.289565497497427,-0.39489051845239254,-0.040574847654104795,0.3341060495984358,-0.26031851893469327,0.31702683202197113,-0.40324726495607854,0.34446370344080535,0.6864405906418564,0.3244906861717284,0.032559130726492636,-0.35958857116468224,-0.41417683142816175,-0.4321610367731954,-0.04192098752074913,0.04141803992029147,-0.34163979382364684,0.29017067933173,0.6563848705647752,0.5759322460202796,0.3069933100731811,0.3434324527993461,0.36041431342133423,0.5211349995424958,0.27706447086721386,-0.25601350963169267,-0.02674273804125482,-0.30841736653323903,0.4810807760754173,0.47587171235107606,-0.48611562729169955,0.4912783444785177,-0.1406619176987074,0.4806549855486928,-0.005950624602894639,0.443366870798499,0.32500268351734474,-0.46961435734736856,-0.5310953366151028,-0.25397964755361624,-0.4763076263950954,-0.08805134375143786,0.49657611151225267,-0.1395841756430778,-0.3192756427400947,0.3454194375259576,-0.19795742170244623,0.24054558913621593,-0.3168287381642112,-0.4195447762657001,0.4844950169204656,-0.22338738934579827,-0.15997670217848414,0.37901941718476106,0.4059037883415483,0.4313603148600751,0.33628330193782263,0.14386130975876865,-0.3198533591520558,-0.20186132533735401,-0.43028725037151494,0.259888803684704,0.34157740877019793,-0.03617299889279568,-0.17912392506575925,0.061659425138422375,-0.2708809468122544,0.4916253993147517,0.5466182743644163,0.3807833671171208,-0.29001627094037463,-0.00962567911948553,-0.48455644834626943,0.3388743272217596,0.03155288585967386,0.30302787056748515,-0.5382164499094191,0.5161361005489571,0.4301020814547788,-0.23088883404931693,-0.4922835438891999,-0.317897607425329,0.32708792441331935,-0.5151191367960894,0.1603974418776456,-0.025905273625211223,-0.5672519371059892,-0.3009099526590593,0.3832483746467741,0.41180238510201006,-0.1747195212788375,0.4105802970840593,0.1586222476861494,-0.5010117987668499,1.0,-0.04482350822014203,-0.18497297368723076,0.20041710937830737,0.5015949506743805,-0.16382152929403482,0.012824155282432637,0.1501769617867038,0.2637681811059249,-0.04714178841961836,-0.3453229695073272,0.04283462479861655,-0.20345216437798985,0.499690943896546,-0.4332631318811484,-0.4106514762992628,0.048183697543741744,0.2685134012555015,0.090785910409933,0.3931945478988743,0.3830956847006557,0.4970159705343927,0.05530230757125498,-0.2730571579408476,-0.5058024768691984,-0.4495686054194574,-0.07631573265798419,-0.44389501795555697,-0.06045967847313505,-0.21501999483273626,0.19449338551129958,-0.07031354971881387,-0.5362498369912412,-0.42457000115663224,-0.07850114367635896,0.37071321881235153,0.36824992945205626,-0.5211524210953398,-0.3235224727443482,0.21677315741290104,-0.19108020669119674,-0.4261605475102441
PER,0.09920875039433041,0.17766826675217473,0.0843488206480063,0.5425075128997612,-0.15562948094963036,0.2757207286840001,0.03236361171152968,0.21864344585457196,-0.012275137062557784,-0.12850222251232402,-0.2313077920294475,0.2637862345015828,-0.018681703422354756,0.1446026916631309,-0.25694632861711386,-0.11585889057529308,0.27871031002236113,-0.6806714424000986,0.3007246408292461,0.589216363770709,-0.029724339094657992,-0.17825266001056272,-0.2468523085933927,-0.21231956457338574,0.20406020556883409,0.146737811022558,0.6452791791522984,0.45760319294776686,-0.07839927967221527,0.004898100945788242,-0.08900757157691541,-0.06195351114461922,0.6437679645029833,-0.3804372678887409,-0.3147178152804295,0.15964370154823537,-0.3572594745638902,0.10657193451223546,0.28273316402830306,-0.41067963814900565,0.13682372580827873,0.4455448731762375,0.5118694591761237,0.32619695361284384,0.29344526270999916,0.25188244510173496,-0.14410802561276914,0.08204919802567545,0.06892127051268782,-0.4565516211753946,0.16545493907987463,0.27229487708841305,0.18959047542884921,-0.16849509303400811,0.19918782644803024,-0.21783435380176797,-0.132266695562393,-0.197912274517132,-0.11235118218171714,0.058051567854593644,0.018665075086448768,-0.18571021785382835,-0.16802761530632204,0.13495745864444086,0.03399428947658312,0.5015888065026638,0.21919858885623889,-0.0411255955311669,0.640183834929855,0.1427146431775248,0.03873672178857157,0.10947821166133243,0.27218633447018115,0.40349195947386196,0.22574355520911404,-0.18493727936105375,-0.17542186339637889,0.049090005111919854,0.3940249884124496,0.18966311841057115,-0.05978348817779344,0.24183323144229685,0.06433131659552627,-0.41027829534082927,-0.09071288978709746,-0.28270367049266953,-0.10037519634322645,0.16316473159004674,-0.19320159772438372,-0.2063857565661693,-0.5958625828857034,0.5398703928151218,-0.07178225316091269,-0.17217577076994806,-0.2162256203625681,-0.2473914987429311,0.03670362386841042,-0.26021914530295476,-0.12324375250721209,-0.47922477928325513,-0.23515284043877105,0.340434329898917,-0.32277967321998857,-0.13099673480734997,0.17357794398919313,0.06893035672649162,0.2822698789437592,0.08267727632868449,0.1383993318954776,0.06570407342702844,0.09171088911481273,-0.04482350822014203,1.0,0.20171848386474456,0.15510050801701936,-0.05881885152165456,0.4098658638607524,-0.12619612409939585,0.05651405335613424,0.059810013164837694,0.44757917623032895,-0.2772331931984433,0.21064640759666997,-0.12503292709783054,0.012956980860980627,-0.42317351260588154,-0.036123281523391615,-0.04149142652746063,-0.007358022332164982,-0.41338076189943207,-0.12726185570877036,-0.10032140997366712,0.16244849888404767,-0.40813739199256616,0.08282780568585524,-0.17548767249293484,-0.21472021505112004,0.15584210974375923,0.01030352978491511,-0.5493643757423206,-0.42087135296948963,-0.06320686470764958,0.5289869358801168,0.04146922266214759,-0.0752502891496829,0.070150850805207,0.30885228924723096,0.2997252616710421,0.2597305970541436,0.11481393047282251,-0.031468716285778964,-0.15104441012076797,0.018656573906776663
PHL,0.06838567114521255,-0.06034705432403897,-0.3123280393561767,-0.088084207304858,-0.37672000445239506,-0.22955521089014908,-0.32839657193992,0.07831394330707098,-0.2728800643647622,0.4013081924810704,0.3254935105309429,0.4919758893420124,-0.0730839813782318,-0.21917245882375402,-0.29086116568945064,-0.2596890716108733,-0.019846404492791958,-0.3645565408213507,0.11608523196019127,0.31673659979774005,-0.2587922642232541,0.046701398601408206,-0.3640828501904685,0.11117971807598082,-0.2790632353531626,-0.22227877655752892,-0.17593338125587743,0.4141136011484732,0.4618561091859371,0.3716849157619768,0.35808128747289436,-0.11524214671455635,0.036172759374867414,0.06742444321011043,-0.2157278647999492,-0.07063558576152129,-0.29108488044112324,-0.13779119388069772,-0.02212211586058377,-0.04511469255957912,-0.2603280048913028,0.2653871734527349,-0.07843481885625514,0.07870244404986093,0.2159617004361425,-0.18232541839185012,-0.4263991038571531,0.3527519123689419,-0.4011620353217824,-0.019329266285419866,-0.07105042373661252,-0.371099865606731,-0.04476096470381563,-0.2216701140909123,0.36214751883227203,0.23087218959386502,0.15324852794165522,0.20095916008720693,-0.18754207325126648,-0.2494296237018081,0.5401967149553298,0.2876079328364436,-0.18206711753614235,0.07859766681206859,-0.15438181971614173,0.5304996522130206,0.6628750509213949,-0.34420445555840695,0.01660855289886365,-0.3490126863271379,-0.4582283168020729,-0.2685760454576587,-0.06687529094388323,0.10182596032200075,-0.0348241866752137,0.49377547142678613,0.3219986876523908,0.3665768771742889,-0.007872345166695549,-0.25729707941181035,-0.43451318821971197,-0.3522620457369525,0.38739090757114303,0.06262081543391695,-0.2871473944823819,-0.4674206467282611,-0.23367557839976705,0.05682595896101361,0.28906660125788264,0.39090306979611755,-0.2761618638958576,0.3774283861276655,-0.40541539856063613,0.25246112968441947,-0.29313268015043814,-0.4657445615948941,-0.3015638154994593,0.15690241747333566,-0.04310096009465103,0.007536626021893755,0.20924555654564536,0.059878800044901315,-0.16277286715142747,0.3634513145878393,0.13147543435584974,-0.19529891855384407,-0.3351754683935053,0.27547331884783244,-0.384446818649951,-0.39500103220980964,0.42425952695883906,-0.18497297368723076,0.20171848386474456,1.0,0.15040490857507804,-0.31595441934501833,0.003326790460867146,-0.4494416847906755,-0.297608219024327,0.028868065157699352,0.3052522547357397,0.1807925016183356,-0.31654068422181636,0.31209809737016747,-0.22451115897765717,0.07070892376981719,0.30779411181811267,0.21810237135483423,-0.11188117570796519,-0.1771613607780289,-0.15182854427307246,-0.3273222097136137,-0.32257348046351364,-0.16230044531725496,-0.13932565879588754,0.21640655336544778,0.41460954177028286,0.46925911585541924,0.21330136760834062,0.05608261962571337,-0.07767424999842931,-0.2984736081763386,-0.00490562738496525,0.3301171285109925,0.3715342062456449,0.0278828700437721,-0.17302973716549208,0.1665947258017202,0.21557795554884418,0.44669527608488235,-0.056938528646538034,0.24658072420496746,0.10673996841148048
POL,-0.7989126966592426,0.42478820920144644,0.261463658591495,0.24833273425280378,0.024293601361112027,0.5853977834201453,0.8036278867073788,0.3979067009403028,0.7307407525514928,-0.7491415092247511,-0.7137421238709762,-0.29996933075342214,0.8462346650691025,0.5616434890183537,0.36578539930185316,0.6760670537843435,0.8146690975582199,-0.07694051100899113,-0.21700776533319988,0.34705090045713094,0.31737266794070784,0.042415691379174225,-0.28264026859776425,-0.8945098534435161,0.45231070333434986,0.6136470656042073,0.6330060014243517,0.5728022438728013,-0.7342686521915236,-0.7952064060815149,-0.6639319450690779,-0.7301097234582388,0.07068017583621744,-0.7338368052396413,-0.03264450637388139,0.4251244291292582,0.5652300538696786,0.9037246801714259,0.8552040157908207,-0.37130920431550685,0.7719210460326837,0.21173809490718243,-0.1958089927504978,0.1895909506306972,-0.21594161270249246,0.6277053523552283,0.7148573327836553,-0.6675991005948858,0.7102676296275546,-0.13960323676461894,0.7219143797524684,-0.49398456146617464,0.6782805480650285,0.07642892716171434,-0.5475855694806271,-0.7587823636882689,-0.8788300843064958,-0.759311580331345,-0.5065013840462265,0.6960694313153681,-0.47816084871509923,-0.6585709183356085,0.8385283119072955,-0.6896970265671847,0.8770867063567641,0.03036066779019153,-0.006166624681072763,0.5890949424593495,0.33828791139824554,-0.2064309975759291,0.6118954557965415,0.47493878881498275,0.8169608028424924,0.8033811692150593,0.4250120646642225,-0.6197774573944257,0.13187002414962712,-0.13695477513287946,0.9074480786081421,0.4672890994456329,-0.11391007174651357,0.05013223388621402,0.2583761010308553,-0.45315971956892453,0.7611801171810118,0.4512190172220132,0.7510814810023662,0.007453764539241847,0.5482441107464477,-0.7281086275336279,0.32301745050585096,0.48524916855214584,0.556949045365597,-0.7902038412815586,0.3174951546918162,0.4717849662388094,0.18424272769527472,-0.7881251536807827,-0.8479134864507356,0.5084920714619128,-0.7082721795475999,0.5872550932916015,-0.6629077366507092,-0.6832690550100744,-0.3270777228210453,0.7280303367537945,0.7115060465754224,-0.34442257175405344,0.4715742387070869,0.04311704264640148,-0.5745651510256753,0.20041710937830737,0.15510050801701936,0.15040490857507804,1.0,0.6506499976933361,-0.21989539391534274,-0.35112657751278054,0.0030268284739377593,0.8662445043806819,0.7987746967405781,-0.7613212049690135,0.10015008828654148,-0.5739994923490779,0.543107365216595,-0.5744175479033631,-0.7761294005005073,0.24438945794807465,0.8286969246129783,-0.49895880576329366,0.8566203850253705,0.8008963080173593,0.7199824096138477,-0.4332076493594159,-0.6980876691545008,-0.7859869107414255,-0.7147878284379341,0.676079011981103,-0.3230238333392519,-0.2195295944872515,0.10693159203042146,0.12485694250226342,0.4495779077492357,-0.659354291117245,-0.7112159173115291,0.6059364564083516,0.4754456844288607,0.5752981610982146,-0.01140484957532717,0.2977041153413852,-0.07293144245901972,-0.6953809680068272,-0.4690358949357085
PRT,-0.7388706131169069,0.2741262841550798,0.3687052653819478,0.23272722791207534,0.3900523335202718,0.6637738669571758,0.8705026075174435,0.019489687056629235,0.8282929065393639,-0.7917739037602143,-0.7830011393826204,-0.350999538633052,0.7001853128630802,0.36613759856437356,0.5810289327479786,0.5787259314166139,0.4291816765660489,0.2551487056928966,-0.44193606808987784,0.25623851844307444,0.12467221239505,-0.05455879659366181,-0.09143080282298888,-0.8185215316028072,0.5966528086071523,0.7909115475145588,0.6059390970046487,0.2750891292887794,-0.8107988160375892,-0.826473999725005,-0.7859391736675128,-0.7046368007173243,0.2387922104650323,-0.5899942487922154,0.3195616541635775,0.6905448990370822,0.8071147303790099,0.7302033965395155,0.7179317013044488,-0.10623273560236002,0.7775836921640019,0.0529535243470296,-0.25652207505081637,0.15936964041938062,-0.2766131626454391,0.8659300432774897,0.7988054322439813,-0.6616690360981266,0.8189196937381492,-0.2920668943535971,0.8249783696690021,-0.5060270549092956,0.7906172066980175,0.3450234264584445,-0.6689271952564289,-0.8327730622902676,-0.6810217913446452,-0.7926353970853444,-0.5810954254738385,0.8424548510726124,-0.3775598106593623,-0.5400525181041358,0.7688469292027797,-0.5506785396644176,0.7174779386465695,-0.35329083389807403,-0.28972028918050907,0.6999357628299784,0.12593472157999175,-0.1621198767323655,0.6559085677601031,0.6680223469062057,0.8465198694749707,0.6817959998643263,0.2301783692134065,-0.6661149673829163,-0.11272153943537644,-0.4419857252643613,0.690172688013886,0.3654120773785574,0.17334482972875076,-0.1706611880319726,0.11695433999122018,-0.5523216644202407,0.7839212113226602,0.7657936284954067,0.6925173189405106,0.03675597342319581,0.185873948507431,-0.7784021271565025,0.6464051590715192,0.24207864419481961,0.6117907709746458,-0.8203042783171677,0.6737552713051291,0.6780684936909466,-0.1383025211784934,-0.7598075724358708,-0.7518361018527746,0.4190516969539613,-0.6548655588210759,0.30905173081635495,-0.49251141450591596,-0.7693993895096787,-0.464762188668854,0.7794860622020308,0.6510104535957952,-0.2838203512851507,0.7103048956447423,0.08859448263917769,-0.581414252945982,0.5015949506743805,-0.05881885152165456,-0.31595441934501833,0.6506499976933361,1.0,-0.31728635621904777,-0.027536463006304412,0.11418566196879254,0.7274951408103527,0.3771422590731268,-0.6162181936718989,0.1601501047413938,-0.6131914283273072,0.7000470306352985,-0.5647554923793847,-0.815687681418235,0.15986606185381635,0.620904841406298,-0.011941194208251016,0.6704650381524158,0.7445048690216292,0.8434298115215463,-0.3724707846327939,-0.35762725694745523,-0.7983374248508261,-0.8242552907278586,0.28603716513005617,-0.5558491414386184,-0.1728565566720328,-0.0624438036049666,0.39229365991613907,0.3913331511147691,-0.7837878832920204,-0.7517011022656117,0.478603716811667,0.5746946589675093,0.5538572191142213,-0.3335831239640048,-0.14239300240404007,-0.06136236578242582,-0.6433077211859812,-0.47898928230938176
PRY,0.17059157039264639,0.39372028850553664,-0.06858510200418366,-0.11217561629253447,0.26768233652281337,-0.3526152941049834,-0.3465238393471113,0.42963783650562504,-0.3712968074880736,0.1786959595390336,0.03842933548049299,0.3364713049132656,-0.22116568797584302,0.02174071603571237,-0.2759105000400077,-0.07963775661278927,0.1163685539676158,-0.00946816746731316,0.0416942702460561,0.0006744351449016195,0.16072542430232029,0.4114395439140184,-0.40670342186052766,0.1033644404450138,-0.33302478729510776,-0.13372321228793993,0.06868051477169601,0.02036915602071221,0.20052023894131255,0.13692365577553767,0.0436946513465879,0.18321799397849303,0.08131021971356622,0.10165674069528485,-0.06567167899441007,0.05395807248969964,-0.38486410043729835,-0.2290734462135926,-0.34297644335768807,-0.06272589170893639,-0.14396233765595978,0.39612746793790254,0.4060428504038889,-0.048941983679446466,0.3317539755515617,-0.24727210183982873,-0.2908752254784912,0.21012832360599942,-0.2624667472625153,0.08651935781075748,-0.39336858906544103,0.5303379194691445,-0.4335425308441456,0.14481993226228496,0.483685912156524,0.20848853152147906,0.16653555669039433,0.14427778133228886,-0.07620248561177734,-0.2845719192232188,0.023323738171598274,0.15876131408741034,-0.2612802732038615,0.09222600962048921,-0.17618833835299785,0.504550778466082,0.23626952343339114,-0.04966730860054924,0.16629091507526417,0.0938289517168478,-0.23685399520084216,-0.3991811683881932,-0.271399426401699,-0.32537635242371765,0.038704070066127194,-0.009274649080666109,0.3739265229240786,0.5368597176391934,-0.16887823183712802,-0.08382852212596625,-0.11840884035008648,0.058484103316178926,0.22231161549488865,-0.0823373403650165,-0.17463247271286564,-0.3891427449914111,-0.17808207250693564,0.38739202606529677,-0.05494945320589095,0.008683770599240637,-0.30105508324989416,0.07849876032203529,0.12425875949339671,0.1846477937561306,-0.25468068727618864,-0.15522773434928494,0.2619027010748992,0.005558829517144925,0.23556491083589104,-0.08192238270388841,-0.10267689890750842,0.2896322371451334,-0.026876920212241417,0.13262940939253698,0.36837297721711915,-0.3554151640895302,-0.03480798843581434,0.21213985090321563,-0.3446895269762651,0.054032103050495994,0.16158118303899238,-0.16382152929403482,0.4098658638607524,0.003326790460867146,-0.21989539391534274,-0.31728635621904777,1.0,-0.18881968974871755,-0.009663677881482702,-0.24864165690426887,-0.13787086184731678,0.08068483879635913,-0.05594692386249145,0.2328710483520603,-0.1666736609360313,0.01979116643089396,0.25217000483269836,0.02057519524495377,-0.09169548148172169,-0.2788824346997927,-0.18537425064599633,-0.16830002821398726,-0.2461797734112321,0.09915847943555,0.1094355349574998,0.1487422699498231,0.1398319944383234,0.0743807764228347,0.5243601077039362,-0.3646679093399898,0.0769353854024366,0.009783751969568488,-0.008980871561131698,0.23713963305304686,0.12373212210005169,-0.30788939475522814,0.05092272427762601,-0.37469872676731786,0.41130108405269694,0.4213650481094692,-0.37363609311779555,-0.1032434093536585,-0.05051291202096575
PSE,0.17606890857840107,-0.3096111222804607,0.012603898967735172,0.23471088538517904,-0.03917430118529719,0.05501080003694414,0.08064216405396851,-0.28970985315162445,0.026938511963593537,-0.11563846412221945,0.0012439238722633528,-0.1529050491148678,-0.2521394036001503,-0.20275415832510957,0.004994104342120553,-0.23706839922031997,-0.371641218083282,0.07048601576622682,0.5167180184554923,-0.07698747416382568,-0.19737787184351707,-0.4762492590448115,0.563827363420139,0.2590799121254861,0.134067499246608,0.011293392317095252,-0.08198049202791191,-0.37829480662431303,-0.07649446131644755,0.13763944146685914,0.055278502988097666,0.28349418288271144,0.22477477929087486,0.09262360401199787,-0.1578684477458978,-0.17494565341837087,-0.06133360383899711,-0.146961793053082,0.013348620764554231,0.017779675725892674,-0.14890103941849087,-0.27082805980849756,0.055092740411714414,0.4463893706172146,0.09271932603155197,-0.05829881050879937,0.06762863093961458,-0.11686845684000335,0.06936360375002448,-0.021823786267116452,0.010281348718460648,0.21530827765343863,0.07287480052644646,-0.29639141507410893,-0.10367594770166444,0.008520267695936057,0.08346411215583127,0.02045619717457714,0.3449574966626139,-0.04422413356721666,-0.1432744901364953,0.030411145792757388,-0.289338714789958,0.43176451307180685,-0.06777715618508573,-0.3263269953150354,-0.3737093490637693,-0.10355376841124575,-0.08128257062161759,0.5068094116472148,0.10960357539164711,0.1502073508107139,-0.09117342190604938,-0.08540611606694348,-0.24851111999485131,-0.006825457757681841,-0.5850750534456903,-0.35583054071429543,-0.23147756659743313,0.01265167897665831,0.4868777594342195,0.07101278184916426,-0.4160046895819005,0.05440429427082616,-0.12224319406442952,0.12801576972039874,-0.0157412799371488,-0.008071256085985246,-0.19486275916771745,0.03465838203379468,-0.14204476228030738,-0.022476367788056617,-0.13766614322715154,0.026075466009877646,-0.038044060897485465,-0.03100609783857511,-0.24590793358910412,0.20980175988479266,0.04089584320451878,-0.353059635933187,0.17106341517644785,-0.3502406860071057,0.2191108686495108,-0.11317027713290062,-0.09932955489948392,0.021432236247561742,-0.08430983203486542,-0.0460265278953933,0.29193130415326507,0.17050567859373733,0.07233413717958137,0.012824155282432637,-0.12619612409939585,-0.4494416847906755,-0.35112657751278054,-0.027536463006304412,-0.18881968974871755,1.0,0.06508906743975595,-0.06707204774696063,-0.38762126992708845,-0.038377769665365324,0.12833821479125462,-0.1449457650580901,-0.1607050695828076,0.03593940515194394,0.010372774423055509,-0.1495804281717794,-0.3238817859982004,0.2758398461293575,-0.16301756185913918,-0.16276268177342712,0.03917816012463693,0.15035470618487934,0.34440018813008033,0.07402310859163053,-0.10909072819002885,-0.3871240841086765,-0.2583135997606787,0.42152404598923,-0.08990380016458355,0.26049270430998206,-0.08005568777811134,-0.07710689557420114,-0.06587994087251903,-0.04004542753014717,-0.06807389324987367,-0.08717602039002914,-0.23397044438461045,-0.5266910070905346,0.37142365951472356,0.1263941673991208,0.19729900428528202
QAT,-0.159177076680882,-0.532365592552924,0.8886072911588839,-0.23633229983533122,0.205240378478859,0.542781858504315,0.24175796264168747,0.20208671996525973,0.23327420669509347,-0.1157469348826976,-0.22703227342599286,-0.17522302334460083,-0.12115883006955963,0.5933250100190557,0.02153627842206518,-0.3321078965234534,-0.0765905039803012,-0.2342951326201217,0.11332092787473602,-0.25834768144590536,0.49960033411621496,-0.07512778343316917,-0.017365898419909875,-0.14813197060365102,0.6379452929300217,0.4188811214958823,0.03775031054635769,0.03214222290636759,-0.0829223291503367,-0.1620160392620824,-0.15110162554891993,-0.047741541182637626,-0.23357299706879942,-0.2937732126305599,-0.33547362761559807,-0.05896221105985533,0.11089160907989293,0.268575683160839,0.2224057581584582,-0.2901674736724553,0.2349507213432318,-0.11656864681279955,-0.0028324845141840527,0.002154092349382797,-0.1741137860839883,0.07743045022876838,0.061192031614334286,-0.19231016218184172,0.2133076033061273,-0.46508079456774576,-0.020798646986949887,0.12506227650539292,0.20791469485789094,0.14371856419898765,-0.16215395741536098,-0.22602572303853252,-0.2937248788277822,-0.18979374015679307,0.17404999092381068,-0.13744775369832185,-0.16419370414032652,-0.2208952788976699,-0.06605368318815019,-0.34871281575487534,-0.06746140812783685,0.016525801152498687,-0.279318712952876,0.4706773604414869,-0.013005099344086668,0.22432928941030394,0.21323889703156285,0.29912873547312846,0.008586796860598156,0.10941175090808708,0.28162732923343947,-0.3793672730034445,-0.16934011306037577,0.07678367408355724,0.2518215399510998,0.6102487518296296,-0.13955872079674858,0.08410224263674815,-0.46540565000842227,-0.33545757743319005,0.10708549523627642,0.2829856952914692,-0.21096887494122596,-0.38088065740962396,-0.5220196874408534,-0.24012390381013993,-0.09695212757579807,0.21715832726637663,-0.22954936813735527,-0.0846972823285721,0.370376569012405,-0.251776055112928,0.29508777373683603,-0.15608313554532893,-0.028553260731367658,-0.3701327005470221,-0.29038428966793317,0.45335345271255667,-0.1803999153787763,-0.10899976919422816,-0.31045827864633746,0.21751989593681942,0.5020257542180222,-0.6705182887300469,0.3860303912322638,0.9306615231201539,-0.4012575392260913,0.1501769617867038,0.05651405335613424,-0.297608219024327,0.0030268284739377593,0.11418566196879254,-0.009663677881482702,0.06508906743975595,1.0,-0.22592815256201737,0.01576872825479614,-0.2752787050687666,0.8910572630738579,0.10048755818318922,0.4489542670913754,-0.009770778145781644,-0.21522910788593608,-0.17773618771346955,-0.28027412421679054,-0.3191364001488095,-0.002250851721743885,0.22485188264069644,0.0949713048480555,-0.3313772965963371,-0.04718625964609102,0.1138326279453985,-0.1784129213363519,0.15730625272437615,-0.28830319620443845,-0.08010725620609538,-0.3840185182722897,-0.4200263661336312,-0.24779705546694153,0.014663476663993591,-0.11173860094797927,-0.3509937810903403,-0.24325114962768413,0.18351751224499246,-0.034484423460799496,0.009249573425635038,-0.23107960098010127,-0.09917367269077837,-0.3714314391812341
ROU,-0.7086809052983702,0.4719959523874391,0.057211986137756354,0.447226660884561,0.017915001477437298,0.49114271271254306,0.8047727765358781,0.2067615605712324,0.661643479736204,-0.7936547866167696,-0.6840950989505221,-0.21028068042189196,0.7937061494205065,0.2975754923815319,0.41966569854586877,0.718550839208046,0.6542470509951306,0.09612936508075198,-0.12290532857262493,0.37694582880204686,0.07697353884841707,0.02076427881965881,-0.08713027754171598,-0.8157503225366045,0.3667075682459794,0.5552532005246696,0.6268143349885191,0.4105481640253199,-0.7662449628527856,-0.7284079581910263,-0.6723118934612597,-0.6904289519144717,0.2518175465287482,-0.6307168408908639,0.024810048950495323,0.4608331145293223,0.5564365720202136,0.7587093187128485,0.7773760141833922,-0.2938644053181576,0.6631060211437793,0.2988766847277081,-0.16964577954385396,0.3230502236314099,-0.02407216327445383,0.6462523169814184,0.7305062100735065,-0.6217309893529295,0.6889193771490307,-0.07739185843570118,0.7437615428648359,-0.46585207082205704,0.6767140197789068,0.05620731644288013,-0.5216191144713531,-0.7447069873860934,-0.7755055292644355,-0.7699173831061494,-0.4424747274662715,0.719133432632181,-0.4232179190651637,-0.6543055307161434,0.7969444672762697,-0.4120919430006995,0.8507173201869395,-0.10200468504740146,-0.06292878408375002,0.5094288624645159,0.33465659669774683,-0.08891960656193798,0.5889865797298818,0.46126623993350413,0.8187514903744902,0.7308006117063053,0.3653123459473522,-0.5437105979008618,0.024853403145352337,-0.3096247360235198,0.7584978385912622,0.26856624156859743,0.05051720151629491,-0.021480874329057098,0.32853211758716205,-0.4016139483969603,0.7211393125293024,0.43682811885419304,0.7815346771563881,0.10317874183963105,0.5930826839155647,-0.7088789034195759,0.36943616960339176,0.3841523314315549,0.6025584069409122,-0.7920252492634601,0.2583279327886995,0.561073315683781,-0.0166348152461524,-0.7659447068152319,-0.8697024578434474,0.5600291407529927,-0.6039701956865962,0.30594762593217373,-0.5185718613977732,-0.7154330639028594,-0.37978958699533294,0.643227033043518,0.5589955617450676,-0.21555883934390896,0.5136793919959914,-0.1574096868771211,-0.4023031718600074,0.2637681811059249,0.059810013164837694,0.028868065157699352,0.8662445043806819,0.7274951408103527,-0.24864165690426887,-0.06707204774696063,-0.22592815256201737,1.0,0.6799803870858023,-0.6989603386101346,-0.072889762137206,-0.7342624482087616,0.4054650207742573,-0.6389669574178547,-0.724265765753739,0.15275908976239538,0.8057933786617391,-0.2916524619126366,0.8178164950022466,0.715169804670699,0.7102420775844229,-0.24091440568591338,-0.545170845608919,-0.819078702265374,-0.7604157055552823,0.4305174846351417,-0.31209021837407613,-0.15480487697112988,0.17796247005471344,0.3178567852165126,0.5470277268513578,-0.7421439851669123,-0.7459350986065059,0.6488420592761217,0.5458009721366318,0.5541062042990077,-0.059227637516215514,0.08954430125299273,0.11659095483721815,-0.6206168746969343,-0.22692673770070626
RUS,-0.4734686267531689,0.22452370611942918,0.16288745864966292,0.5230987601115701,-0.2724944360867001,0.6197844338056361,0.5145897651664336,0.249915707358083,0.4402965228232343,-0.4767541392315118,-0.5337031170779296,-0.015303723879323883,0.6212931880731253,0.4125216780654263,0.18819058590321325,0.40133839169661023,0.6833393249089664,-0.4413654107618883,0.08365982967870644,0.6201711982419635,0.13173860667264736,-0.03413792097517199,-0.3476313492652283,-0.6885000343023706,0.4477395454821995,0.35368663553302404,0.63229944224529,0.7015183909933654,-0.4581667102776743,-0.4633079240217106,-0.4832933497242966,-0.6570587896198927,0.33404249319020773,-0.6202907240355846,-0.2388346995972992,0.24394284606099825,0.1778417319573331,0.6294795379397288,0.7353563719105661,-0.5552745554324683,0.4998078856868682,0.4723235550402691,0.1580155195927998,0.19686672606025402,0.11072108952922721,0.5207960204763732,0.3396723105222148,-0.32850822674041824,0.43302351663051786,-0.34327944210990435,0.58138801859149,-0.3506112994642545,0.608867599125339,-0.022198727631032256,-0.2493834467759255,-0.6225853004414668,-0.6312358855638078,-0.6033822169436425,-0.37109330356434267,0.46686434876624017,-0.24513523816887428,-0.6673009489635962,0.5023796095145933,-0.3978578696570323,0.5624326246970431,0.33985265155507716,0.2324846343924042,0.25395583402965616,0.6339630514181507,-0.07537392001498544,0.40371481240901075,0.44169701212838597,0.6742904093861153,0.7937592846157948,0.6525512803368706,-0.41326637127340904,0.03334832401479204,-0.1255451607607383,0.8002296146244001,0.35599682882060335,-0.13416504515951377,0.058973522397551936,0.23228623997601594,-0.5022793180157348,0.3978565298334408,0.11454292457110204,0.38951157917651735,0.008673848876763368,0.33223387007932004,-0.557722192682796,-0.06620355252555798,0.6280525548447793,0.22245106846007134,-0.5664469448690188,0.0416284896001996,0.16317483076105788,0.19726556807197415,-0.6857123115113053,-0.710312811255156,0.13660714378427752,-0.5668763641961754,0.504137314895216,-0.689125652030214,-0.4231795231305677,-0.43209639436251157,0.4961613346067342,0.5280168184600746,-0.17286145015622623,0.4058371173594133,-0.006927944112366857,-0.1994049468511334,-0.04714178841961836,0.44757917623032895,0.3052522547357397,0.7987746967405781,0.3771422590731268,-0.13787086184731678,-0.38762126992708845,0.01576872825479614,0.6799803870858023,1.0,-0.6522202601180833,0.22737941618008772,-0.4938032517761102,0.3112376491000508,-0.6665921248612254,-0.5181765572569896,0.0813350634609713,0.5992935887024735,-0.4667427961424049,0.45233869167116647,0.4046628944425843,0.4643483419401069,-0.5642393667563588,-0.43520857264410506,-0.5615746561711559,-0.536345309291399,0.5078471743503042,-0.2207994776044362,-0.44749615278238997,-0.1152654213686628,-0.06321256844966361,0.6793533060852401,-0.4165389530177761,-0.5059706332354601,0.505030629673089,0.44517903286777416,0.7548433490989394,0.2703072935978995,0.23304272142122162,0.048895319761271705,-0.5161657285808805,-0.1954579772519931
RWA,0.7829732688845487,-0.3124299150540799,-0.43021182216539566,-0.3599384136795072,-0.11797726274478215,-0.7144149941849633,-0.8100064495006689,-0.38493473761176955,-0.7641517195008793,0.7458016209257151,0.8804720888185156,0.40735414157840777,-0.7371741487386558,-0.7579226823279934,-0.5515532397486713,-0.45883153748426886,-0.6625183886945407,0.03334439195789485,-0.05498064047042428,-0.32869426949086966,-0.42258809802829767,0.17381269897829765,0.16908386016245502,0.8082552064728622,-0.5595391227177768,-0.7533090005834091,-0.7094669719430242,-0.389112085937382,0.7277452432043517,0.734643250512213,0.8039884930349278,0.6195792660551354,-0.19085825809025891,0.6863552997792541,0.06862106882175456,-0.5158668629891459,-0.5655083436291006,-0.8436414815006663,-0.8388175357630323,0.35689088891668175,-0.7869017933405029,-0.3882351124607566,0.1223134397879837,-0.40592203156434303,0.18960698312823077,-0.5968736285622478,-0.728803214689917,0.7663094937478531,-0.724820382606729,0.20226714067114981,-0.673482785366871,0.2068981990481047,-0.7142297667352002,-0.0015821878212549656,0.4966071356462949,0.8474241177001557,0.7587836630913362,0.7633233404214138,0.3410797864871673,-0.6746960355297347,0.47968702435062194,0.7913554649757618,-0.6306856146956996,0.5079387661264477,-0.7802052144147513,0.04312396413309205,0.30931724152532714,-0.6200186704571495,-0.32057827162371044,0.034566674115321994,-0.7862073795960769,-0.6234761811319443,-0.7479230885324673,-0.7936693766991156,-0.4696880462134101,0.7761396817088871,0.18201647033496815,0.1994820019638207,-0.8523113349574123,-0.67007709241632,-0.20529252249418017,-0.046272227715099756,0.014756611951207699,0.6875723230985636,-0.6924312996002255,-0.5876875707761382,-0.6942613291764101,0.09037426964321393,-0.3546323663261779,0.870504946243525,-0.23189965025711823,-0.5886793179569385,-0.487473351820221,0.8372908962797717,-0.44334306075834995,-0.4706301304075222,-0.20681503124084588,0.8881240927416784,0.8517725657430851,-0.29690788587969785,0.8635266679306645,-0.5868800319036298,0.7161913264366258,0.7686530229074748,0.42857216779462637,-0.753951957617071,-0.8008762034103218,0.3334000954399241,-0.7024944619131972,-0.2965602812710568,0.6279448368445603,-0.3453229695073272,-0.2772331931984433,0.1807925016183356,-0.7613212049690135,-0.6162181936718989,0.08068483879635913,-0.038377769665365324,-0.2752787050687666,-0.6989603386101346,-0.6522202601180833,1.0,-0.3048174765356184,0.5821393110071027,-0.6405222104589892,0.7177550582040708,0.7373679234780548,-0.23281137277715036,-0.6416380176961898,0.3102609731854937,-0.6865210502832904,-0.7021112094011341,-0.7287913700910891,0.5812866381399914,0.4621238380940248,0.7818766847506492,0.8020790655290818,-0.45280212472501,0.5294408987192315,0.22256693082045143,0.022984754827989673,-0.10835001459274585,-0.43944507478422046,0.7334483942184035,0.8478935266886503,-0.3395976758770174,-0.6168034696578397,-0.6156895761200274,0.13823503018278427,-0.024858087419832753,0.06206932922522457,0.769014696686601,0.5512580351051877
SAU,-0.06323134963887012,-0.508164871054984,0.8181574202442745,0.012169101555884354,0.10085164507311517,0.6970961922439229,0.32099903200480484,0.18008640480777105,0.27630378707614844,-0.27218098559801285,-0.2842628123600517,-0.17991174846118008,-0.08636244798239323,0.46711869745534706,-0.07376731399367853,-0.223017607777096,0.0029408766203510295,-0.3964017747819053,0.20645756805890847,-0.0005087053616532611,0.42337813738648467,-0.1778552745368598,0.0856603441888425,-0.2463294947397907,0.7932327716286928,0.35937699435261694,0.20806973922451588,0.20871327090578407,-0.22209084535755141,-0.20390459673553307,-0.16826832256388102,-0.06091384223863172,0.03325066526648934,-0.4544949055314942,-0.44648343653382216,-0.13053430293356838,0.010341021879356482,0.29324883061425844,0.36840274566897613,-0.44720780438931396,0.27467381933669,-0.07791033674895975,0.30228983552704447,0.018433697697225915,-0.03286757824408437,0.2549606468874751,0.07506807270401017,-0.22040022819872673,0.337429949118181,-0.593498676400738,0.15629119297424354,0.15306548767892036,0.34353530533183696,0.14537731818348065,-0.25999447082882954,-0.3163769587165701,-0.42371047202282797,-0.31921413383141517,0.19557600551645282,-0.03463136000093314,-0.34117651912517366,-0.37213363572711455,-0.01910840626185939,-0.34200245146261854,-0.004109273431079252,0.07874370794586172,-0.16594960350010468,0.3900228881893003,0.28180563123397884,0.4571899524022387,0.23989733462838447,0.42069603488827956,0.1615914069881439,0.23839671031320364,0.442303078376465,-0.4049513702129295,-0.22118267143059755,-0.15077616708426067,0.3430611156454978,0.5862423508491351,-0.17207606306209677,0.2446523744238508,-0.48998926690537203,-0.33868346093778223,0.109553266064916,0.19778367520478102,-0.18034185591979135,-0.20103529653101004,-0.5937219132225313,-0.3277328223399185,-0.2658643715435105,0.26467585623009615,-0.19854642960834168,-0.15935654444751268,0.2025346956625791,-0.22649589858781383,0.3114583237288865,-0.19900419426184235,-0.08024742338701762,-0.506440317760841,-0.30172926410092304,0.46039007247182284,-0.16703431886516729,-0.20187815803753462,-0.43520047753441493,0.27610964719414643,0.570312331301347,-0.6999742493149128,0.4951888084976339,0.9133567160913572,-0.3246983786864812,0.04283462479861655,0.21064640759666997,-0.31654068422181636,0.10015008828654148,0.1601501047413938,-0.05594692386249145,0.12833821479125462,0.8910572630738579,-0.072889762137206,0.22737941618008772,-0.3048174765356184,1.0,-0.04864183718678472,0.3181171686260955,-0.18269977405540638,-0.36348694865981024,-0.3724881782354783,-0.18860695308983844,-0.44011486872581407,0.022146750695662965,0.20679403268330887,0.22016255569838583,-0.30325176559147415,-0.07421519853839098,0.002213478016498849,-0.32977594591320747,0.08316201532509604,-0.24506700326251796,-0.18108764284445344,-0.4629517686860827,-0.26787301797346874,0.0079948495933162,-0.060232138679975566,-0.19875011538162046,-0.08425512390854073,-0.1594894754780638,0.3558969490745112,0.19266947005890744,-0.06712769942350594,0.021847916821079116,-0.1741370851477333,-0.27667408668306437
SEN,0.41781565657490183,-0.2811740538448624,-0.2508253317522324,-0.7054057318119269,-0.21693594112056624,-0.5013522312472884,-0.6935454741570402,0.17914891674112865,-0.5776779979934019,0.7700748353628939,0.6813935284490275,0.2842059679114599,-0.6563770489248446,-0.2055456925975463,-0.417141075026664,-0.552946161070726,-0.581914300574907,-0.010329590194993798,0.0820090245810512,-0.1651649849500798,0.19959302959871927,0.17923563745537852,-0.013359845871187437,0.6241527092606258,-0.4791653001686984,-0.5396284684760289,-0.6546804632922867,0.02214939986769604,0.7639463036881162,0.6448792346831517,0.5460741574591835,0.5195309616436562,-0.26504505935526,0.4854707282093962,0.031527082597816114,-0.2501474417017959,-0.5280187255698765,-0.6211602108854033,-0.615905275326255,0.35407086075609295,-0.5491754267372175,-0.16928391598334747,0.1510693158836771,-0.18318063826260533,-0.14466328115333416,-0.5547896632350482,-0.6981123821542274,0.5155746163394362,-0.5606932803485556,0.04940460741909103,-0.5295161507105077,0.12077080330974832,-0.5790451163802535,-0.2959855375610456,0.3291024067401199,0.6856408648187242,0.5989171284219578,0.7483555529520917,0.28794790439475926,-0.6388884980276637,0.554397365312546,0.5954192171930448,-0.6111161393246494,0.2262652717117084,-0.7003173227393489,0.28959318601677886,0.3365056925526104,-0.5352684561111023,-0.540178217141781,0.037975585976745774,-0.6374914384687118,-0.5052702571996062,-0.5616225149398923,-0.5364061831911444,-0.46534081086722656,0.5575412720217024,0.07767838834722063,0.44015416623459014,-0.6035663158805702,-0.050764088178829825,-0.3631254463172673,-0.06816680131499853,-0.09222876826009885,0.3673110980888791,-0.6702628418542536,-0.5479762086512179,-0.6118348322144687,0.1497067864265833,-0.27468556216632867,0.6691850100184512,-0.24172059746146735,-0.21281922453065416,-0.5230302170920269,0.7687066668522072,-0.39286584446121986,-0.5862003037396255,-0.18331825455169137,0.6400634127919573,0.6599997600662472,-0.334512583447788,0.4938255127814486,-0.21092179451958248,0.39489299068003825,0.69639724107568,0.2130393599762913,-0.6049779900674477,-0.42915184736533574,0.26705122556092453,-0.590458794653631,0.0533347512882123,0.3916105903300018,-0.20345216437798985,-0.12503292709783054,0.31209809737016747,-0.5739994923490779,-0.6131914283273072,0.2328710483520603,-0.1449457650580901,0.10048755818318922,-0.7342624482087616,-0.4938032517761102,0.5821393110071027,-0.04864183718678472,1.0,-0.5150434517445899,0.6075008997215009,0.5873533349722246,0.19494025502112744,-0.6443637258905899,0.07301222310497901,-0.5987552217141041,-0.588234275505751,-0.6236666729779352,0.26452600381784164,0.06812665018174313,0.7009966753167106,0.7559186379334508,-0.023656427219703513,0.25512963269435174,0.41905861574616377,-0.03417217257796068,-0.2913285743603238,-0.687136141274725,0.6729450674915337,0.6489652909119178,-0.5097326900529748,-0.4981311523710652,-0.4442016762881187,-0.01940904671565913,0.1109318334680649,-0.177095495554211,0.4326131102654057,-0.13341266959566167
SGP,-0.6227833367457736,0.016435840154884418,0.7241267982691535,0.05841558432317251,0.5167833198698617,0.5864574919803783,0.7156587452956904,0.04462539912887231,0.8055127658402326,-0.6083253877900794,-0.7371117624130048,-0.46967125533141596,0.6570392214807347,0.6940247060205612,0.5578384185241495,0.27477639782322316,0.4849388508074186,0.028829295907533137,-0.42991649522600195,-0.01903349431399759,0.2563441534628048,-0.1262819095670098,-0.2023569600870465,-0.7068956339840491,0.596269476891123,0.8782791983149915,0.5075209830307632,0.07526988584475713,-0.5857074347087532,-0.7368148811793769,-0.5860702328378382,-0.5296721210724529,-0.14614984985254154,-0.6320229869117169,0.15281364559053168,0.5161114693065748,0.7822896265763304,0.743938184358575,0.620647673466765,-0.0009358323971297988,0.779830426232487,0.12233586284545617,-0.4370221676442485,-0.0863925258286431,-0.33905643158235876,0.5956239713134541,0.6777827656180138,-0.6673443280120899,0.5635146974189394,-0.19959108170197037,0.5244202374896104,-0.18543472443838094,0.6350610164950491,0.4378298822155392,-0.3770426356034886,-0.6842713087975745,-0.609728520454144,-0.757218178478059,-0.35673228211191454,0.5903803385352592,-0.38971926609324403,-0.45792348790028314,0.5679626044972095,-0.6638034868776639,0.6391029094053583,-0.28481988189331675,-0.42724560830133584,0.8818541729410697,0.09548857346088657,-0.22726866429018733,0.5919299325680544,0.5439423761699911,0.5196534030464508,0.5218404975463626,0.3477942488356198,-0.7285468622900702,-0.005083329139436099,-0.14854231060128398,0.6619040667090841,0.46329954914938676,0.1301689366329254,-0.061369203030284813,-0.18114184861379035,-0.48377530695814763,0.7455945370207389,0.8543287683311714,0.49239471965774695,-0.23692395704625646,0.02097335169925174,-0.7193612497840567,0.4575725667096585,0.3945354293542518,0.4273081628794271,-0.7294763544515499,0.8459117979140346,0.44267270028926764,0.2517433116385148,-0.6870572385948392,-0.5584821861961666,0.3283522019019187,-0.768070342115337,0.61443666416229,-0.4584461956535886,-0.7009329424437747,-0.3386529033653958,0.7955849534935496,0.616027514593065,-0.47637465773072707,0.5315423963371846,0.3576204283986659,-0.7178672470523484,0.499690943896546,0.012956980860980627,-0.22451115897765717,0.543107365216595,0.7000470306352985,-0.1666736609360313,-0.1607050695828076,0.4489542670913754,0.4054650207742573,0.3112376491000508,-0.6405222104589892,0.3181171686260955,-0.5150434517445899,1.0,-0.5162466045730643,-0.6493553794798452,0.14806419290194128,0.48565410003197385,-0.13597742068383822,0.5983177682435504,0.6801875566061323,0.6610279866901281,-0.4918728186108865,-0.2921219816290834,-0.6094788176025716,-0.66003287453041,0.38901217748074113,-0.6080944674514179,-0.38042827182841554,-0.30474881584556135,0.08601978082018746,0.2874520218821588,-0.6462031375788104,-0.6643701372879285,0.13827248132134362,0.3642765038228335,0.41959801785373785,-0.33231399207008394,0.08766142954744527,-0.1823946902419995,-0.4894261490931786,-0.454741314172578
SLB,0.46165846924858545,-0.33893745137819353,-0.24185243420835256,-0.4995594930720595,-0.23320046186852483,-0.5873921530832502,-0.5945379224920178,-0.27546162102905014,-0.6000743217732629,0.6490754150868286,0.7874412600469266,0.11409750315595035,-0.5549493481328907,-0.4027440249223653,-0.5225941648523844,-0.44775848311546884,-0.45677451491531595,0.18712373369919333,0.16414494283238856,-0.6068756232646315,-0.17318570334167505,0.3289847247083575,0.07690291044418562,0.7044475505744695,-0.5291232137282731,-0.6273480477430728,-0.8089037064289111,-0.530417292771191,0.5911720706600304,0.5820742267819069,0.6559698682280627,0.41411959923490493,-0.5174769355114441,0.6813440463175815,0.02043993988400916,-0.5601524518920535,-0.37370693179140124,-0.5102472411180401,-0.6924625915377358,0.15198952184095882,-0.6139934897957406,-0.6256628337624548,-0.18465487347859577,-0.14177557286102616,-0.14842921376620888,-0.7461684490801002,-0.4877006744827652,0.5055939483162532,-0.5490655049423914,0.3765412024425461,-0.6990234464969494,0.003668001293622436,-0.6849588025401454,-0.24703621806123865,0.2951775377630955,0.7373612436624549,0.5722516712908505,0.8071814913826548,0.36256273050050836,-0.6815746806608369,0.39407081726387805,0.7829960441325082,-0.42344546373027203,0.23360896702884648,-0.5446956165546615,-0.170408372720259,-0.011563511353193556,-0.4498842330845898,-0.5714445929660057,-0.09337730503971109,-0.40950030656903236,-0.44644741612367755,-0.7426987233274329,-0.6876275513902079,-0.5896690415590353,0.5275583558179846,0.17513537605748297,0.38158584329492773,-0.6942474832176031,-0.33902485076318545,-0.24970874934424048,-0.049226266019400944,-0.11140388533029943,0.5609016168641912,-0.5254276890247549,-0.40077608627035155,-0.46385475810904664,-0.1275016802994542,-0.06854286792132958,0.782510697021327,-0.019896331001130196,-0.585824138132202,-0.4362243834488,0.7499820904036445,-0.261010717087663,-0.4057894855066795,-0.06566362085282229,0.7907563432093623,0.687325133583818,-0.18294886355567175,0.7748833335996999,-0.5107543740970959,0.48919916814569153,0.7353673791075866,0.5131460231407293,-0.5528756426636845,-0.5249557351317913,0.01921955790626373,-0.4872221217560373,-0.03140094109477376,0.289228651740449,-0.4332631318811484,-0.42317351260588154,0.07070892376981719,-0.5744175479033631,-0.5647554923793847,0.01979116643089396,0.03593940515194394,-0.009770778145781644,-0.6389669574178547,-0.6665921248612254,0.7177550582040708,-0.18269977405540638,0.6075008997215009,-0.5162466045730643,1.0,0.5978454274193191,0.06716316577948589,-0.5992066233219886,0.23742623967770804,-0.459084060749791,-0.35606724310522364,-0.6214029567954413,0.34316030068242664,0.20584847840193388,0.7562368488982765,0.7849021788896935,-0.16020030349740533,0.3885308807128913,0.5963912488759415,0.43678715852158945,-0.3090670496153407,-0.7175628269896919,0.6692867901080269,0.7155264447293391,-0.3748618345136059,-0.6273960989272458,-0.7589832479982712,0.04528783889665733,0.013237829654602407,-0.3818635166271451,0.5719706135640906,0.29645129853998053
SLE,0.7293068367991765,-0.2628763106478602,-0.4576291129637595,-0.1739975957656581,-0.3487806836364755,-0.7732844775655345,-0.926539499720807,-0.28256996625000386,-0.9328346475655604,0.9197961130000072,0.8515109946534171,0.6286537361070895,-0.7908841170909686,-0.5748764912807998,-0.5602142447325305,-0.6714281182888429,-0.6100066233611914,-0.13247786135429052,0.28797323065270386,-0.2914289605415079,-0.4150386226829823,0.06267764092666395,-0.08099157411370794,0.9135176761474657,-0.7268161687281869,-0.7675574685585507,-0.6754792853194473,-0.35999211640430273,0.9160630169259886,0.9104666811344921,0.7544981596794041,0.5784671908589982,-0.13976946494752918,0.817823713647855,-0.2156734968311187,-0.5627946049269956,-0.7483305476477409,-0.851581944589582,-0.8488692578824206,0.13406772069189543,-0.9277610276120416,-0.08492383172820972,0.061994099114203394,-0.02792417295851668,0.441940064166362,-0.833200978033996,-0.8659606306637266,0.9022351995591543,-0.9404743300884537,0.17075851807295017,-0.8495450916941256,0.3060587777768371,-0.808639026721357,-0.3320180899775165,0.8297446716898745,0.8788540012734403,0.8700296581113408,0.8612284924648856,0.3321245360658186,-0.8346949936248984,0.7421490471854135,0.6848397599998023,-0.8388917836142844,0.7629921561085944,-0.8296029962437685,0.3453297098040322,0.371585837382688,-0.6850358965853633,-0.2354972666002535,-0.07206742936807986,-0.7826620441129934,-0.7321715646124272,-0.8076641234582653,-0.7187813183418217,-0.35100824923383334,0.8204023855347087,0.04271933683520113,0.5353621952804221,-0.7825326744042416,-0.5952615263569405,0.013665645617026323,-0.15776525615732861,0.15919445582324365,0.37467846096923896,-0.8677870234252891,-0.7437406519296985,-0.7771625792187511,-0.09530790348089968,-0.19747579310663887,0.8879806716285149,-0.43703812962269883,-0.2656619827910114,-0.6390885080632311,0.891407473870308,-0.5920466875291324,-0.6597872055042178,-0.1723567215117554,0.7893312906968835,0.7319791713052715,-0.355945749394869,0.8002440204288696,-0.5205762146299766,0.4166979845177827,0.8946019529715983,0.5540395339387278,-0.8871478841070024,-0.8353179391527286,0.5328551374589082,-0.7468804226768393,-0.3317790746730722,0.790334919000257,-0.4106514762992628,-0.036123281523391615,0.30779411181811267,-0.7761294005005073,-0.815687681418235,0.25217000483269836,0.010372774423055509,-0.21522910788593608,-0.724265765753739,-0.5181765572569896,0.7373679234780548,-0.36348694865981024,0.5873533349722246,-0.6493553794798452,0.5978454274193191,1.0,-0.13032659594572094,-0.7294961312281973,0.31301118901440517,-0.8167697878971527,-0.821436485957932,-0.938919380729081,0.2745872180198321,0.655334472284175,0.8729440412944891,0.8918083307742466,-0.3653268003868757,0.5342781709850459,0.13003416016481706,0.05269181969179659,-0.41592227146442284,-0.36887940721881085,0.8737256783913727,0.8939642920688089,-0.6534191821854172,-0.5872739800699338,-0.5484888996956836,0.15070065456664006,0.12037415232020687,-0.12404388897921148,0.7588787206206843,0.5966141026734562
SLV,-0.39517483756699856,0.25120595963256953,-0.24173218542011132,-0.18714302886813394,-0.16341319747224237,-0.06725163143773072,0.1510743904722991,0.1762361556756079,0.2450907038768818,-0.008695993731999252,-0.09061305793538499,-0.21041617684557723,0.4142010016751614,0.26269126709745305,0.2525542015883784,0.14704115546795804,0.2653032801438875,0.18385451778352624,-0.025190696514275412,0.22682389467869146,0.22093987364785184,0.24253928118495816,-0.11669909623662944,-0.19349319736924397,-0.26482342851693574,0.13464640014929696,0.06001350263610117,0.1759939015456169,-0.053768156842274095,-0.1844275787547518,-0.22222297615387276,-0.2805822583864104,-0.06268694338122671,-0.09938533095958557,0.5033688770521013,0.49216666419290944,0.2360830243211154,0.26064778041834913,0.15535840503558962,0.30778736929340833,0.28040424342761716,0.06023025606924448,-0.2995510850472831,0.13194671584072282,-0.5815058898938932,0.08070775238746153,0.23616955366527526,-0.2919458000482391,0.16362427052442907,0.20764046775041778,0.22378407426012004,-0.32648454598125753,0.11668021844642096,-0.3053758152009094,-0.2656057068090192,-0.13128513828017807,-0.03919048687456361,0.023636977364471456,-0.19183741434458157,0.24308513112197128,0.17262326660798222,0.12715624672597325,0.2541010185517396,-0.21287377806497854,0.31208815384830324,-0.11570790903311257,-0.13399132042484174,-0.03787225705214747,-0.40689052305950035,-0.2892230435158938,0.22433974933818723,0.07722119011739348,0.21220235766344675,0.298456629589823,-0.45712225937366036,-0.20284028860855408,-0.10953363956215378,0.11201500454328761,0.17625277511976012,0.29965854263254643,-0.12745999254606954,-0.08885501055300304,0.048415805654647204,0.003007431945507677,0.21437176577579597,0.16616036371048915,0.38715179889749063,0.12321199338193856,0.48816929654287233,-0.09002437395915885,0.3228199356829631,0.1894268753333418,0.22680359105145853,-0.16944714324928678,0.22363760322606496,0.175735088985307,-0.20761907230115417,-0.20938806032614643,-0.2656702305012215,0.3248460166712315,-0.2426452623945341,-0.019090380481212144,-0.2538691328286602,-0.1391023276287453,-0.059486679683045995,0.2560642827762315,0.13779233193648976,0.21826301583822927,0.002120006911007666,-0.2754545430056121,-0.27045274154179855,0.048183697543741744,-0.04149142652746063,0.21810237135483423,0.24438945794807465,0.15986606185381635,0.02057519524495377,-0.1495804281717794,-0.17773618771346955,0.15275908976239538,0.0813350634609713,-0.23281137277715036,-0.3724881782354783,0.19494025502112744,0.14806419290194128,0.06716316577948589,-0.13032659594572094,1.0,0.23441788096002047,0.05726059125128313,0.20797951372648416,0.17673288733914783,0.24523650555758614,-0.18903286516574314,-0.46147514824119407,-0.23260285191188634,-0.010316403012043729,0.4342683717097525,-0.38688763257751035,0.35531857676632805,0.2218154300053916,0.1781904094446275,-0.07774580542582643,-0.2565056273754738,-0.22860427374338776,0.2011101957602074,0.3957369037013143,-0.06707467957374647,-0.5402622758588347,-0.056444308337422644,-0.3577068223464579,-0.21062247001240642,-0.4322189283053668
SRB,-0.7110633562626854,0.678654398891726,0.028325568244129018,0.22713161960884776,0.24098491475859707,0.3371684948853775,0.6963594340267313,0.32413144505327995,0.6782736608499569,-0.7558036746708412,-0.7174583515362121,-0.4378421632546039,0.9012070846379029,0.4560067982210505,0.5658571695745231,0.9150906962592393,0.8250072644415705,0.25826665949145344,-0.4261398285879543,0.22740275011841649,0.28634772388476526,0.15085558602386717,-0.16057722860239365,-0.8111956753524561,0.20617239715889846,0.4906339640235493,0.6134392873918715,0.3282235148085,-0.7831036992104332,-0.8386643549190069,-0.6912468545628765,-0.558019716923978,0.006273093021949561,-0.579916939781655,0.30579868091663065,0.5063103522170467,0.6376519311579102,0.7415621658755392,0.6115898164710507,-0.03594552099057857,0.7395804524173064,0.2864083135660682,-0.1717355952472981,-0.06920263542572358,-0.24998309307805644,0.5798153718668755,0.7988536787677337,-0.7040857666327462,0.6556549791026139,0.15821184486532525,0.619263845295136,-0.25790275529958784,0.47809223393346434,0.27845800408322374,-0.5151514407722968,-0.6856095504672579,-0.6886345918626311,-0.7251141562395014,-0.44807433653110884,0.7853593320391589,-0.6151519481935905,-0.6165642918495242,0.872241070117389,-0.5860298722253132,0.8695434572255524,-0.16852044896678242,-0.1704811993039621,0.5222254907229821,0.28887053665338824,-0.20053782447400814,0.6220506827732771,0.35161525987829845,0.6845451268830268,0.5682363158123525,0.3997635636478891,-0.639131204682523,0.23528270773289284,-0.23960949978074475,0.6916211707324956,0.2835656935109403,0.054131520085087925,0.15567152917854254,0.2757805280071344,-0.2307531159574281,0.8085935848660941,0.5183605442976074,0.8640027342317413,0.15690495940368454,0.597974417526068,-0.7576559717089628,0.4985621456374756,0.17190129473256333,0.8432707365499426,-0.8026017182954113,0.32366397575836126,0.7782409156414531,0.3296063534295799,-0.7688712673744733,-0.7044490795387186,0.7350079121053649,-0.7207840584570571,0.43811375440143485,-0.42629195124024566,-0.7521014577409542,-0.25701850011095084,0.6232575410452049,0.5366049073320316,-0.13161293041747535,0.32186229805382827,-0.18163397595013908,-0.5859162569861511,0.2685134012555015,-0.007358022332164982,-0.11188117570796519,0.8286969246129783,0.620904841406298,-0.09169548148172169,-0.3238817859982004,-0.28027412421679054,0.8057933786617391,0.5992935887024735,-0.6416380176961898,-0.18860695308983844,-0.6443637258905899,0.48565410003197385,-0.5992066233219886,-0.7294961312281973,0.23441788096002047,1.0,-0.24330236832037744,0.8659991457258934,0.7646139232485585,0.6988167900860989,-0.1319248961396995,-0.6151470877113263,-0.8739890280347946,-0.7173381200416631,0.36348199908142853,-0.2206007257918785,-0.3234773318916173,0.26824322240528686,0.41648746284879723,0.4901315718904081,-0.7868899844172104,-0.7902848275983714,0.61235342008132,0.6285041982851266,0.35739674280321776,-0.04827776007767137,0.1695510567188927,0.06810155026214959,-0.7004008815202165,-0.3663683811064635
STP,0.18076648454032895,-0.09681785817150157,-0.40520247146759103,0.013678850394024944,0.058611251425598865,-0.2577477029944384,-0.28376600141130703,-0.6553624764701933,-0.15534298347580444,0.36735346359593046,0.20323355568894186,-0.07380312321585203,-0.14867780482880488,-0.45572482493729716,0.34888348684614834,-0.1765804328682794,-0.4504741947817732,0.4923149972087124,-0.05316938101788993,-0.1366203341925436,-0.5077908804824494,-0.13626218339282392,0.14522439897135753,0.40734027744492085,-0.3073595272965046,-0.19492107277942838,-0.36280258085242023,-0.546547884545546,0.2564916551860945,0.32739658330227295,0.07349462124297179,0.05623534396471874,0.020504892412076647,0.653268044261902,0.5252384055416733,0.10622463820540673,0.19281692336137202,-0.4386922009229286,-0.39572783469201456,0.4103783164879835,-0.2905494603597276,-0.14538241492245496,-0.34957935517789296,-0.0815271694226154,-0.09408679769757722,-0.12648032026624834,-0.08057871707860098,0.20880970297676604,-0.22930599934701368,0.39457391438035305,-0.11227718973247947,-0.18511411466587058,-0.09240155064875255,0.10751314485342933,0.11777609601858552,0.18782300985642153,0.6481240037607019,0.3853909690602264,-0.05205331637973809,0.042829649456472385,0.40004825325330806,0.269960890187263,-0.16179744870186274,0.3774369047897934,-0.30139879610080067,-0.4762589544238811,-0.2645527559649792,-0.37791522314511594,-0.4453733926316801,-0.42831129700459436,-0.017180412017061775,0.07217879189317356,-0.28058325116461713,-0.2954048356802468,-0.3328144260131538,0.3857398346118228,-0.14572294663419783,-0.2771379747695022,-0.5392131763132866,-0.5156161149271372,0.48756532735504565,-0.5045047287168902,-0.04258787488917637,0.12349112972784626,-0.19405889666517107,0.17012728658309384,-0.053619164216967,-0.20119070643216141,0.04531536725385599,0.2811402225587677,0.4027573327577497,-0.4689485060977343,-0.11849501802279327,0.20904629151024112,0.23751765539674374,0.2700966382650658,-0.4690395564252219,0.2436870725024084,0.19000256217011546,0.06981362230589638,0.35756483909095027,-0.6545577516746741,0.2092170171246619,0.256120150620714,0.05173546242459526,-0.13368750364924953,-0.503311569576927,0.4559683519759832,0.03613487627716083,-0.4647514674907456,0.25001902426896083,0.090785910409933,-0.41338076189943207,-0.1771613607780289,-0.49895880576329366,-0.011941194208251016,-0.2788824346997927,0.2758398461293575,-0.3191364001488095,-0.2916524619126366,-0.4667427961424049,0.3102609731854937,-0.44011486872581407,0.07301222310497901,-0.13597742068383822,0.23742623967770804,0.31301118901440517,0.05726059125128313,-0.24330236832037744,1.0,-0.41307786951418746,-0.36103990361658034,-0.18225625779549048,0.05613424188165761,0.47972878070601865,0.17668277549740974,0.32445512775113494,-0.5313333121604074,-0.13782986441853384,0.2976876414094023,0.20011884425434867,0.08014032395025372,-0.17218565861255763,0.06052881082391748,0.19924128343936665,-0.15850325136330978,0.1596066827200482,-0.10281799152784799,-0.3057772974248314,-0.5556990646324149,0.02601592655058793,0.19907873762174322,0.21557463733991744
SVK,-0.7825091815457743,0.45483383423620016,0.2970930544079351,0.04247952754977313,0.28795091071128764,0.4190980815982652,0.8427240576616366,0.3981991942621874,0.7856960923050338,-0.8432954726147064,-0.7160849946064889,-0.5336382267562034,0.8462442306645722,0.590433885442517,0.49326063052936375,0.784454826935219,0.7188248623261158,0.2608172716603956,-0.35430821760274656,-0.005514240474459031,0.426268609902128,0.09670971381180116,-0.005128172112669915,-0.8319830930725955,0.3636958100726545,0.6599893548592998,0.5131773085473521,0.21904235120390292,-0.81871067488522,-0.8816432323922072,-0.629982408619155,-0.5033463013120167,-0.1938837315960471,-0.7002437728993978,0.13357164492691753,0.4244589884684441,0.7218610055062976,0.8715013172733462,0.7110444255814858,-0.06249980792531318,0.8219140705211806,0.09853498039294073,-0.34500169211598997,0.020641905226990387,-0.37226942114147765,0.5289631495242036,0.8703294171570434,-0.833457692964588,0.7488056794529184,0.09586130730113673,0.6192517288201305,-0.27485628054666034,0.5425679586522693,0.21450103919621166,-0.6436809834026898,-0.7007560506967447,-0.8551018531551287,-0.7722173460490165,-0.2873250716662037,0.6803489442190295,-0.6845148089340503,-0.5825641370601287,0.8876522365798074,-0.7067904534870353,0.9140704598159559,-0.29863883180804973,-0.3280242252587309,0.7418470523013895,0.09024052234215552,-0.082998475588699,0.6686248304222536,0.4115449399922133,0.665882620656499,0.5573170010864819,0.29709899513897264,-0.7223104378950747,0.19247032705169242,-0.2086386560384057,0.7284695774418877,0.4649615032244574,-0.05857639593719921,0.1894764902607432,0.11683065411501425,-0.20987910786042452,0.8822135954657787,0.6321452522984012,0.8519695935087406,0.011314317669020468,0.5277331361605705,-0.7551349955428182,0.49471347048126635,0.19631600784991732,0.737509552848425,-0.8108668330898896,0.44689211341600055,0.6560544287649922,0.2961579800066013,-0.7176647810842671,-0.707122443820231,0.6897485604940881,-0.7180935474909944,0.4858982967844955,-0.35046171140817406,-0.7988237123789599,-0.26412998719660785,0.7114449686548132,0.6871048281912251,-0.48125725454642043,0.41202110894682376,0.1276698062828593,-0.7630502543809983,0.3931945478988743,-0.12726185570877036,-0.15182854427307246,0.8566203850253705,0.6704650381524158,-0.18537425064599633,-0.16301756185913918,-0.002250851721743885,0.8178164950022466,0.45233869167116647,-0.6865210502832904,0.022146750695662965,-0.5987552217141041,0.5983177682435504,-0.459084060749791,-0.8167697878971527,0.20797951372648416,0.8659991457258934,-0.41307786951418746,1.0,0.9258282102069794,0.7525872803601272,-0.08335908269441927,-0.7467385722399877,-0.811215314078344,-0.7427334825931329,0.46687211815838614,-0.31405226285137733,-0.10128133575507281,0.24552295257155066,0.2888392611735211,0.22746354166346294,-0.7770025676730703,-0.7935936206648453,0.5129643650254061,0.4036721980582336,0.2827703621079589,-0.16440310570192018,0.184468575971226,0.013975561215456733,-0.625096315531338,-0.44911023973454345
SVN,-0.8041554330643377,0.3602418843329157,0.4720346367551356,0.040521441396749736,0.3183929253193125,0.546222586421254,0.8854991803163449,0.3205122798756277,0.7928936712705776,-0.8329697523442119,-0.7496523611630312,-0.5504294460224104,0.7962069332384901,0.6742304810235746,0.46522801124274826,0.6972482280188524,0.7046079554244793,0.2466321806787728,-0.3165831786080353,-0.12278270416181813,0.45653289807078257,0.1353640773052418,-0.08900624324407724,-0.8279783380412327,0.47044767095608553,0.7349407336936428,0.5071451898799128,0.14081638722384637,-0.8391869834647889,-0.9011945332900315,-0.6948118733358197,-0.5686972605827456,-0.2230802151299649,-0.6519670259691168,0.10857702694558569,0.41253593173159886,0.7493785166747244,0.9191861712593116,0.7068485243119166,-0.21503236320447638,0.8425164256921838,-0.029663470759064392,-0.37847462198417037,0.06576974972420802,-0.41426918950257985,0.5341458739378279,0.8900637705026666,-0.796742187078815,0.8029650578650324,-0.020555090269067877,0.5793241542260548,-0.29554962923716177,0.5582434272955068,0.24326429313680342,-0.6526999917735323,-0.7536417327753129,-0.8440527181285038,-0.7455815259816085,-0.32314821113690173,0.6511487379048487,-0.6481686645372671,-0.5690957518426314,0.8744846654068563,-0.7462327860429196,0.8690907738564306,-0.3513336852337714,-0.45991689712051076,0.8276799268913178,0.06144546788635519,-0.13599776651931772,0.7772955103844564,0.533113290143981,0.658357235986625,0.5686847768451802,0.3292887255747936,-0.8033251483839177,0.1269448625917079,-0.17180915759808246,0.7513375152336874,0.5459507942757592,-0.038265666342903515,0.14824098590421375,0.07582289363750017,-0.363166480703365,0.8837593624400087,0.6990517915794533,0.8037289587638696,-0.1410403739479682,0.4048368170057045,-0.7832044907772842,0.5516004402906399,0.1483718682763322,0.7087063141168619,-0.7963730166461853,0.5536697919411206,0.6572685009096344,0.3239561409137828,-0.7375168879410001,-0.6785313680723615,0.5580932460775084,-0.71336489649982,0.496285399262294,-0.43711533967262484,-0.7585382739659754,-0.23077397000612265,0.7352310086534476,0.806246890045007,-0.6074680225729026,0.5523768127729596,0.3030517021201752,-0.8398668565235703,0.3830956847006557,-0.10032140997366712,-0.3273222097136137,0.8008963080173593,0.7445048690216292,-0.16830002821398726,-0.16276268177342712,0.22485188264069644,0.715169804670699,0.4046628944425843,-0.7021112094011341,0.20679403268330887,-0.588234275505751,0.6801875566061323,-0.35606724310522364,-0.821436485957932,0.17673288733914783,0.7646139232485585,-0.36103990361658034,0.9258282102069794,1.0,0.7718525114150041,-0.23507473559479264,-0.655510993280509,-0.747094779307683,-0.7497902131269014,0.4451004241932489,-0.3651341544575175,-0.1292009792488913,0.2675693131852084,0.14537937029137238,0.1571060906261803,-0.7138441947507723,-0.7624957188028862,0.3712030010567492,0.3810858430871318,0.2747490985393042,-0.16428758316666436,0.12209736285510897,-0.21625742287823968,-0.6523755754109952,-0.4998063430139552
SWE,-0.6640448094964853,0.3178571837483676,0.3402289589898927,0.29895660827674386,0.306091019760367,0.7293272082088973,0.9204466641577433,0.15977132690135853,0.9390420574137212,-0.8945947839119854,-0.8552771700787298,-0.6229798575622807,0.8071231399027512,0.5060673485987404,0.5773029691198199,0.6182532238806442,0.5883989328649009,0.08744028411178895,-0.2643787440568861,0.37044041252981663,0.28927062543255266,-0.1743990508211184,0.12843067802193464,-0.8782144825246101,0.6442454024368296,0.8044207807268395,0.7566817958665679,0.29063330743226123,-0.891504268146194,-0.863106067852943,-0.7486067812876984,-0.547242728705758,0.2774296930839284,-0.7856316960691512,0.30432935094425617,0.666396188036262,0.7458481199745013,0.8230165697523695,0.8516409736285484,-0.06469498046137656,0.9421960595902249,0.09269334727488154,-0.11000005924710843,0.09629251539762929,-0.4714769518301458,0.8689180187877649,0.8726817867755191,-0.8695439082980303,0.9399129022461532,-0.16417089251749006,0.9026994133870909,-0.2651698353518468,0.8384352096639774,0.24674746009707382,-0.8004645209158185,-0.8796234484163443,-0.7722122139479963,-0.8274665604999565,-0.34202359366947843,0.8906288795088416,-0.6343070140976683,-0.6322044430056035,0.8008470898092056,-0.6351813641558932,0.8351013512834341,-0.41122841411452504,-0.45963521902180204,0.6385950220600084,0.1904723870600873,-0.01148120899289462,0.8141003048721068,0.7743370359406517,0.8467278688665195,0.7736604640335026,0.20857108998010476,-0.7949575801122597,-0.20852895173239983,-0.6027699610463642,0.7617803795260875,0.5279469633287983,0.08650701478234657,0.1424144717298519,-0.13438737063402906,-0.41176898017409624,0.8525140164924101,0.7630936430451282,0.8109649200954251,0.04142590349128161,0.2091954563590187,-0.8692403321152269,0.4119117641731471,0.2745984391114782,0.6416413909884356,-0.9100396551959973,0.6193684675027803,0.6990542710764631,0.0064741138744501825,-0.7889230865825407,-0.7107003310014581,0.30549500866866397,-0.77487248507556,0.38866913271226156,-0.40393660667401,-0.906686986245546,-0.43795261523341233,0.9113525035147679,0.8119135895469434,-0.39999715193812246,0.7654973669988661,0.1746684502701894,-0.7669007761208766,0.4970159705343927,0.16244849888404767,-0.32257348046351364,0.7199824096138477,0.8434298115215463,-0.2461797734112321,0.03917816012463693,0.0949713048480555,0.7102420775844229,0.4643483419401069,-0.7287913700910891,0.22016255569838583,-0.6236666729779352,0.6610279866901281,-0.6214029567954413,-0.938919380729081,0.24523650555758614,0.6988167900860989,-0.18225625779549048,0.7525872803601272,0.7718525114150041,1.0,-0.31406375250684504,-0.5640892549106917,-0.9032494610430086,-0.8839101514049408,0.2758361505341378,-0.6362060647801571,-0.14692327965912777,-0.09470910760605777,0.45246933441690285,0.4404155498442125,-0.8755061731084637,-0.8726590773957574,0.6332925304678534,0.7159904207169283,0.5351235814267266,-0.31675661835172764,-0.26666004049849645,0.09763651700942544,-0.7026771307973037,-0.5343583747450613
SWZ,0.43249171169239575,0.07993371239927882,-0.37916469330110747,-0.3937006012389468,0.14598151843709162,-0.5862058114840729,-0.36157762415480765,0.10362335577029302,-0.3802880972434415,0.18526088597061185,0.44153699742799124,-0.04579659767087585,-0.3621952649325473,-0.4270353715726205,-0.11883409118470967,0.11152213147302115,-0.36473294301441284,0.4015483602471468,-0.11542548989815904,-0.410921729318674,0.09187141513331254,0.21567863512042207,0.6146935131977201,0.4237322869253326,-0.41345837865541113,-0.45088677330677873,-0.3833515441452131,-0.3666749881329918,0.21161650185111913,0.2495529184139743,0.39867139410676233,0.7092709873559785,-0.26363462242001456,0.2720125404919427,0.20395451057775515,-0.2610444760251196,-0.25612131735838317,-0.49442307296674537,-0.5491521849084511,0.5749737208500926,-0.3434302737473254,-0.1948525839527402,0.08791014197995384,-0.4465267878189516,-0.05102990395708096,-0.3685945786863747,-0.16923205718572776,0.1541695033637055,-0.2263386586436824,0.43635908108689025,-0.4073414369987667,0.46544493718665314,-0.5591759430851835,0.12410355921707406,0.025847871027873337,0.48898222060093866,0.3194431897495503,0.34717541148141207,0.544096751498277,-0.31711819147746123,-0.12311102544841823,0.3103222830545629,-0.20014631122487736,0.3229314589335258,-0.3113906329069511,-0.22234723157517866,-0.08596307825283733,-0.2800591321348085,-0.35368779548940443,0.3021904454546638,-0.38847907542721494,-0.5407714939718602,-0.45919605624063053,-0.6567046655862967,-0.3519307310051121,0.3411728974055537,0.13946288650685157,-0.12486996090926628,-0.5895283750082958,-0.3214535580844651,-0.21691941185304575,0.35276351357340086,-0.06282357370571745,0.8147521262227312,-0.16233742701275022,-0.28134230731438503,-0.12728739617968277,0.15378228592632004,-0.11655071806849815,0.35913516521781386,-0.09290844632117179,-0.6948477576012775,0.0905460926932361,0.36466597087412556,-0.34822454104928346,0.008935153487445113,0.025183623216763484,0.47867819074251083,0.5539944645640916,0.1400096153126711,0.39200764335366634,-0.41004837761550217,0.8604983962674996,0.17502805223716733,0.20991652184094844,-0.5137850390537417,-0.38085768090873473,0.07889585657924914,-0.5027997799954314,-0.1527741953028081,0.11595634772877672,0.05530230757125498,-0.40813739199256616,-0.16230044531725496,-0.4332076493594159,-0.3724707846327939,0.09915847943555,0.15035470618487934,-0.3313772965963371,-0.24091440568591338,-0.5642393667563588,0.5812866381399914,-0.30325176559147415,0.26452600381784164,-0.4918728186108865,0.34316030068242664,0.2745872180198321,-0.18903286516574314,-0.1319248961396995,0.05613424188165761,-0.08335908269441927,-0.23507473559479264,-0.31406375250684504,1.0,-0.01708667085147586,0.2753169455507303,0.3097680230618203,-0.5140013109928638,0.3782978233456602,0.2465112154129948,0.18257892040741575,0.23064689648757764,-0.42479416286691674,0.1652782770786675,0.25693249002805496,-0.06752417840953195,-0.3169715740123773,-0.5915146158657358,-0.06643066152733956,-0.17752597812724868,0.4746768761695346,0.41107203394123104,0.2928020283107726
SYR,0.6036204474769026,-0.2870800066598973,-0.11391971929322509,0.25019880219314783,0.027110298779462028,-0.3300401619380038,-0.5674182755998403,-0.5481203484523922,-0.5854407574725946,0.4920914328763115,0.3975978204259931,0.48260440518883674,-0.6594073925977477,-0.577768538614426,-0.3358293498971676,-0.5653792527553514,-0.508881988210304,-0.13414833109506596,0.1885667056115906,-0.1337544270969191,-0.6275951884364703,-0.2981595499295402,-0.07862458397679561,0.6482830893136122,-0.2124408033266869,-0.3908015956315254,-0.270316200035452,-0.3882619342337241,0.4748970404715682,0.5849376373269308,0.3951457618627988,0.3517026995688487,0.25729667065241957,0.6094181727205444,-0.21772306057438962,-0.39311348298752957,-0.44875092622812773,-0.6393878532388686,-0.5500688064914474,-0.08684725032068985,-0.6828897365002333,-0.17796756554969728,0.14730691435080856,0.12634186037323825,0.6068379433306745,-0.33508008686851154,-0.5355827777115247,0.6775673086536869,-0.5799358113538,-0.1311169572081745,-0.5078476435858139,0.2968032909075269,-0.4021087268736143,-0.0006367038647268064,0.647725973248142,0.4619268816771389,0.6347943169431035,0.43197878821819335,0.037674179658308216,-0.41236046121852676,0.4341677811472435,0.4000562832032093,-0.6954918776843617,0.7163735678182286,-0.6248435150468334,0.16249495559401872,0.17797510405598704,-0.38137764074261105,0.1564958871953327,0.03597290173779166,-0.4701510009396237,-0.33653345830996884,-0.4752719422280618,-0.47148437104575325,-0.1270364971780209,0.5232592877262268,-0.20728127566209076,0.14470892027338822,-0.5288657840393127,-0.5962281277751194,0.47061388516651714,-0.22248995318336706,0.02511688516295063,-0.028733789427533685,-0.581978817057474,-0.32390205316436504,-0.6028857472990863,-0.09248992480206142,-0.4874383810988989,0.4875177960348953,-0.3181428623885685,-0.1495969191921962,-0.4219452120489926,0.4885709610083597,-0.25020889165109605,-0.3428899811245034,-0.19866899480178613,0.5069396018361952,0.4579758779235874,-0.4914046811842816,0.5629893535181181,-0.38081469947315694,0.1831142663184151,0.49059818630894636,0.38939039000393993,-0.5245607420176266,-0.6100973404051031,0.45500257408087763,-0.2311950139201535,-0.16109354688947297,0.6372796705691773,-0.2730571579408476,0.08282780568585524,-0.13932565879588754,-0.6980876691545008,-0.35762725694745523,0.1094355349574998,0.34440018813008033,-0.04718625964609102,-0.545170845608919,-0.43520857264410506,0.4621238380940248,-0.07421519853839098,0.06812665018174313,-0.2921219816290834,0.20584847840193388,0.655334472284175,-0.46147514824119407,-0.6151470877113263,0.47972878070601865,-0.7467385722399877,-0.655510993280509,-0.5640892549106917,-0.01708667085147586,1.0,0.5455696834889029,0.3912280282274533,-0.5506683772075942,0.30726618241776127,-0.1612983578353917,-0.23739119167623768,-0.11389596075493702,0.03868518112970043,0.5345066425632222,0.5667241025385041,-0.4397006758668187,-0.3112043451929043,-0.22255929794695883,0.14818005462102035,-0.12314425852884137,0.025499407933197604,0.47545930887733023,0.5763633867585509
TCD,0.7548319688423603,-0.5755795961966497,-0.18402693034489603,-0.35690690591298946,-0.34722632767951245,-0.6015777026522975,-0.8524499967752666,-0.27476324909027383,-0.8561606167168943,0.8954116839360118,0.9005947497551277,0.4888708379660628,-0.8659714806304672,-0.5000778813691615,-0.6750938228868719,-0.8043283904108798,-0.6880479713211178,-0.19613503096224982,0.34369392201303084,-0.41441339399153376,-0.2722687596960762,0.056979282890818994,0.013092268939083995,0.910888607888167,-0.4857713395926977,-0.7298460583414736,-0.8190470725465908,-0.3776893233146128,0.9052168524718778,0.8937747316856517,0.8316898810326419,0.5988685988304472,-0.3038588110547069,0.7253408697137347,-0.34236715813434393,-0.7382711054145594,-0.7304426269260125,-0.784086830690701,-0.7807491240914857,0.03692956069257769,-0.8758370114000285,-0.34099658363159135,0.08284238515466225,-0.14280743748869118,0.30870327890109106,-0.8344704133531657,-0.8710669670444193,0.8339123908689238,-0.8471052287917349,0.05697585537822569,-0.840684052078597,0.26821300320043284,-0.734044480283808,-0.2754958458132215,0.6804792537833234,0.887350232469144,0.7416767772602215,0.8589232353981625,0.4669545708555448,-0.9395093288983154,0.604529856208545,0.6882483827602001,-0.8347055814948094,0.5430365666541543,-0.862014765419624,0.26699990869404533,0.30845216646933205,-0.5886985602816694,-0.32967277285155516,0.1037329103969361,-0.7650528838061943,-0.598419035457828,-0.857852996722765,-0.7549031445184826,-0.3329428355693915,0.7648514180698966,0.05854558970539592,0.49138643329118237,-0.7880546583176034,-0.4466072532208427,-0.1377192566721508,-0.08353345656388922,-0.09649614289861352,0.4328759188403808,-0.8563664126322195,-0.6757716590949197,-0.8724610256231307,-0.15184787019966173,-0.40497159348052203,0.9052697092024176,-0.46685026674554564,-0.3092291270163019,-0.7768467895143396,0.9615547132214002,-0.5097909337104416,-0.772842451344427,-0.10284618807248869,0.8882654969977943,0.8097943651498539,-0.5372872170598519,0.8327669819073167,-0.45103762588439134,0.4826762949475958,0.9283504848927612,0.4029040696680771,-0.8048068275864781,-0.6938549718791935,0.1814929043750375,-0.6380000981554579,0.02458808647431232,0.6656270634962012,-0.5058024768691984,-0.17548767249293484,0.21640655336544778,-0.7859869107414255,-0.7983374248508261,0.1487422699498231,0.07402310859163053,0.1138326279453985,-0.819078702265374,-0.5615746561711559,0.7818766847506492,0.002213478016498849,0.7009966753167106,-0.6094788176025716,0.7562368488982765,0.8729440412944891,-0.23260285191188634,-0.8739890280347946,0.17668277549740974,-0.811215314078344,-0.747094779307683,-0.9032494610430086,0.2753169455507303,0.5455696834889029,1.0,0.9031009644187613,-0.3152703170582456,0.4852648020226862,0.2753212696332892,-0.011980805655794402,-0.5412340199621553,-0.5659718998809535,0.9378151765085994,0.9215144489609698,-0.6531882146361803,-0.804993457756394,-0.5503962474555302,0.23397819759105087,0.09596750400101361,-0.1534498869033527,0.7800276328028034,0.4894995891132006
TGO,0.6759323394689539,-0.36492722994296156,-0.45974005841393106,-0.4157005939360898,-0.382588320018896,-0.7514755670246949,-0.909458512483198,-0.26811864314124945,-0.8429703661881334,0.9611642136551203,0.9210837644823794,0.4288261825100568,-0.711110080285446,-0.542697912575641,-0.5330751503367837,-0.6649760190703755,-0.6088068432870983,-0.035785831827958026,0.23459448911980862,-0.3497067182936282,-0.3219696176228015,0.15975098680490651,-0.04218507654092485,0.8871798527881347,-0.712817389509524,-0.7871900214977727,-0.8421082787439298,-0.3771128590650972,0.9396365238141619,0.902270452191988,0.8262710625477987,0.536392490816057,-0.35389230396098625,0.8082637923511146,-0.08648128193026072,-0.5808344382602115,-0.6306856429701302,-0.7984099526394681,-0.8215996140413169,0.23621954023512004,-0.836150833418841,-0.22378086351120485,-0.05654968061672472,-0.223173377264001,0.15813690146140202,-0.8543533106984347,-0.8323247965779907,0.7946573111089048,-0.8795131423806959,0.32258028569750774,-0.7946872286943165,0.12931892569927506,-0.7542642687249677,-0.2768111320672917,0.6668093696194557,0.9009907859290518,0.8474948757068963,0.932454066937392,0.3740319255954072,-0.8396296589704866,0.6944795134397359,0.7542748239275239,-0.7112902525131253,0.5023200077119844,-0.7938600052155538,0.1951972403481087,0.3227450021963134,-0.7177716424654021,-0.4681168710555281,-0.16816350083756681,-0.7394262352933385,-0.6220705410727279,-0.8553483745158217,-0.7379111823284443,-0.4372179792745481,0.8417221057952519,0.22073775979394472,0.48725622021787385,-0.8284107663551228,-0.5563421996894511,-0.18549027901373893,-0.1907847024466125,0.037366706576811404,0.536311029052608,-0.812182107467514,-0.6793165435935751,-0.7233888046913588,-0.1048250029116784,-0.11839705663741196,0.9420969580766164,-0.3110989195501861,-0.390673777945306,-0.6840312417068608,0.9337323341105738,-0.4807061114634421,-0.6216139970190291,-0.19068676449119581,0.8512438685809168,0.7698199397629417,-0.29764103021189703,0.8282337797003471,-0.5390669331849081,0.4862961801227188,0.9443209364830407,0.4851809406482983,-0.7874100745575019,-0.7965748606946548,0.36487594346712426,-0.7384567035301584,-0.2751826966063895,0.6599937963720022,-0.4495686054194574,-0.21472021505112004,0.41460954177028286,-0.7147878284379341,-0.8242552907278586,0.1398319944383234,-0.10909072819002885,-0.1784129213363519,-0.7604157055552823,-0.536345309291399,0.8020790655290818,-0.32977594591320747,0.7559186379334508,-0.66003287453041,0.7849021788896935,0.8918083307742466,-0.010316403012043729,-0.7173381200416631,0.32445512775113494,-0.7427334825931329,-0.7497902131269014,-0.8839101514049408,0.3097680230618203,0.3912280282274533,0.9031009644187613,1.0,-0.25821097463960485,0.5019952027052188,0.35290483260101513,0.18646586019821088,-0.48039902581630045,-0.5854672814905078,0.872251418728171,0.903450751205118,-0.5518233332836469,-0.6312283300098138,-0.5798977132863974,0.177009907067889,0.10103514981166006,-0.1853717128842376,0.7416225689430919,0.44699457812525756
THA,-0.6110048241705566,0.20326414649492697,0.2732724188496155,-0.1044957200441996,-0.062085580378193894,0.2687452650982327,0.391036935293817,0.42204979508083706,0.3705808971678143,-0.26503722778907624,-0.3053275397274293,0.011104127675296782,0.4427978291071375,0.48447952378234826,-0.03551090731150652,0.20602994064268032,0.5648921822198847,-0.20242918723965841,-0.07525348180110081,0.2280350651562536,0.2838670253042248,0.28538798387324094,-0.5903734218423882,-0.5567383385528588,0.16568082881629675,0.3674147989864277,0.24940314358477345,0.5885008582973056,-0.23861988393591993,-0.42342524291715167,-0.3525101890302009,-0.6137631212659675,-0.09650810712600855,-0.46594196669515875,-0.14337714642601096,0.26699891204744053,0.2414676122858811,0.5992173845090694,0.4902637312610827,-0.3106901095937302,0.3949467974797294,0.12603671695330387,-0.1742131619614944,0.31439839168210315,-0.16128876955413718,0.2477315338583861,0.24648398694185836,-0.3176272406762499,0.25656680315859215,-0.14165279517366236,0.2999703988399347,-0.527257986974287,0.3051168327451572,-0.16517162463157553,-0.133030895051216,-0.330587098344326,-0.5644321403068433,-0.36408690564030777,-0.5059795919396328,0.2403718872783881,-0.02198658856327218,-0.15017788011141864,0.38827072677479313,-0.5657301124430996,0.5151870403526572,0.3391760963829259,0.2905682960528291,0.4075932364931488,0.13411261867584523,-0.24075647792996668,0.209513602674531,0.08996203299914873,0.4336459190596249,0.4928119387615686,0.13429152703239344,-0.36127850454821586,0.21925563950131666,0.41157467351725285,0.6180445097306464,0.43481309597435047,-0.32178500596706794,-0.15217760016243953,0.19134205694656747,-0.3837600277975035,0.3390951208430948,0.154593759132315,0.3285320906477318,0.1855225303506164,0.44345377710193645,-0.31640630594909225,0.20748290602711816,0.6335335070587224,0.19742049743638534,-0.32065480672983293,0.16613460471989772,-0.057906745762343004,0.15288738086281628,-0.4144498452657164,-0.5284104690457876,0.2745522283789745,-0.4405394955845434,0.6769380420516575,-0.6274847023567793,-0.2499117114596452,-0.12783399504679305,0.43703306307908196,0.4013912362090666,-0.20655301654982106,0.11735837903871515,0.11146981794281874,-0.26819514136236844,-0.07631573265798419,0.15584210974375923,0.46925911585541924,0.676079011981103,0.28603716513005617,0.0743807764228347,-0.3871240841086765,0.15730625272437615,0.4305174846351417,0.5078471743503042,-0.45280212472501,0.08316201532509604,-0.023656427219703513,0.38901217748074113,-0.16020030349740533,-0.3653268003868757,0.4342683717097525,0.36348199908142853,-0.5313333121604074,0.46687211815838614,0.4451004241932489,0.2758361505341378,-0.5140013109928638,-0.5506683772075942,-0.3152703170582456,-0.25821097463960485,1.0,-0.2206644596164511,0.0016349531386073979,0.023166831778530073,-0.03900367000836824,0.13921084522549176,-0.22413075499663337,-0.31242659544421514,0.23658132515589858,0.11228463273741729,0.24726130429043858,0.01975232781036773,0.6454055047720423,-0.4518953817473914,-0.5045306621954646,-0.5079320079206182
TJK,0.4203075895001236,0.18707507708321802,-0.3511479831437878,-0.16768610836432085,0.0068337354572149955,-0.6045963538726835,-0.6334901075177111,0.14531070898865284,-0.7295735368986214,0.42659944112364256,0.48627417816076646,0.5697449579173662,-0.4756080331618633,-0.4806640436016614,-0.5168700011080887,-0.09962542612092884,-0.16322041673952725,0.05893942726231416,-0.011378666016623962,-0.24363342161639645,-0.2057813327937814,0.31758450177910946,-0.2762805290397685,0.47004752105939906,-0.5039041610243808,-0.618248264514113,-0.3828353068001693,-0.13580224063562119,0.42039841559884383,0.4553281727246463,0.49205444230752926,0.340816539901976,-0.12419690976427011,0.5066303816204002,-0.2569531860904726,-0.4895979417475602,-0.5700232241627585,-0.5134673393878084,-0.597747320474626,-0.16796697590277643,-0.5987151990538666,0.00999949720969584,0.291113563107964,-0.20107270994435278,0.5698775621458341,-0.5542545096416354,-0.5364530383171846,0.6090705995317524,-0.5625713511696531,0.1850407770456588,-0.6241172398331134,0.28815495568705485,-0.6630580349253141,0.13313288082597474,0.568889760623291,0.5470161502481574,0.3660173414783692,0.46818024041972817,0.0201247113747427,-0.5503660220129079,0.13803164633316378,0.3792340192663599,-0.3411672819782734,0.2982844604870871,-0.4623325829538252,0.4596889209602859,0.5284897758291104,-0.4199040158599803,0.1268754474134961,0.014798688562433937,-0.5965190193790451,-0.6262658000195169,-0.5257522876315681,-0.599017186792022,0.01575781660413278,0.5406347708526221,0.6209724164648122,0.4986914106376187,-0.4705969041535958,-0.574981361854022,-0.145551405915733,-0.03273787924900762,0.47865954205513017,0.28342697377537374,-0.44982277054296116,-0.7165087653071169,-0.4289001402171244,0.20189514505462913,-0.013905834314200227,0.5034804790666123,-0.3420257171955332,-0.33367500527501326,-0.17305986974070464,0.5224200878437878,-0.5969840770593577,-0.28311713618531886,0.13044143681435594,0.46138845639048487,0.4372619176635082,-0.026402062202125487,0.505556174991892,-0.17096335765944826,0.2241928191439505,0.5591057354708301,0.5506055981846693,-0.7365902126319797,-0.4905764983791159,0.2900488621110573,-0.6316113023079337,-0.19501366576622337,0.5236594934849075,-0.44389501795555697,0.01030352978491511,0.21330136760834062,-0.3230238333392519,-0.5558491414386184,0.5243601077039362,-0.2583135997606787,-0.28830319620443845,-0.31209021837407613,-0.2207994776044362,0.5294408987192315,-0.24506700326251796,0.25512963269435174,-0.6080944674514179,0.3885308807128913,0.5342781709850459,-0.38688763257751035,-0.2206007257918785,-0.13782986441853384,-0.31405226285137733,-0.3651341544575175,-0.6362060647801571,0.3782978233456602,0.30726618241776127,0.4852648020226862,0.5019952027052188,-0.2206644596164511,1.0,-0.14506679595882743,0.3586748432361979,-0.20383249573287232,-0.21567692634120794,0.600310502370279,0.5944271276614357,-0.23825581505778404,-0.43208764536846456,-0.4683682141125276,0.6892537999542356,0.450605599766958,-0.13201711199151478,0.36100756082903196,0.4094756717548085
TLS,0.005770513866742322,-0.23463210053313577,-0.3030366400379956,-0.40430525240956894,-0.2888027282967829,-0.20275905454227994,-0.1088488909972698,-0.1004018599874561,-0.09268964941496338,0.24395382561123335,0.3694768309777616,-0.18446423891526798,-0.19025895768816325,-0.21511213517295702,-0.04562958363077496,-0.18133214561343314,-0.41227474044915535,0.36486245899534464,0.27587348375498655,-0.23004696163781047,0.03409514452855489,0.025671118720406505,0.4061054257168797,0.33248421392646343,-0.2350694397734785,-0.26914066676399306,-0.5663235412359864,-0.2417366634713214,0.2128893165805975,0.26407418062798715,0.20694608264649483,0.15869636992719116,-0.24240078087828731,0.3630509625148386,0.1659422303690934,-0.13541345737908883,0.011037940278626923,-0.1767719934067815,-0.17634810428026615,0.24627664828876905,-0.2308347906368189,-0.4816581529873243,-0.25555865024131297,0.24075842680323456,-0.42012844982322495,-0.3121297178897142,-0.05835233786182914,-0.03223334353414753,-0.0438337029377176,0.3481431790618946,-0.09102892379988625,-0.329366479676406,-0.14606793087888548,-0.45562121108787124,-0.28170352619674865,0.2760085861157513,0.21533431044653306,0.4553218688067444,0.26231728822553735,-0.1725029654230874,0.22039699109590027,0.36427884007287625,-0.08209549086794632,0.10406715664268562,-0.15491548969702706,-0.3760874651849868,-0.16854193714177645,-0.35289824213563104,-0.6745836193922521,0.0020400725994077495,-0.009689711323416894,-0.034408703179245936,-0.21996989806295408,-0.19066041121400623,-0.6345281238414597,0.29279717188916077,-0.2412840010241244,-0.0951517363641643,-0.37838148709880315,0.03173013055114249,-0.09960153922389625,-0.1850900553662045,-0.20957651466937222,0.3495493359834072,-0.18960817798257512,-0.03575876174248993,0.016480322794630298,-0.06828324254193152,0.2359766808453858,0.3853046497935846,0.20885972620707993,-0.31727057569600436,-0.2552196708831127,0.30053043305342464,-0.06659238911171994,-0.10830947931847112,-0.4151592951320653,0.40185186572077747,0.14509304748808505,0.039989729797281215,0.4114892914674444,-0.49113458267259436,0.2680434252573217,0.26290512655907383,-0.02599695389823764,-0.09859941198543964,-0.20980421858366438,0.01867123934630155,-0.0026877973855905513,-0.0448144563472932,0.03421618640775048,-0.06045967847313505,-0.5493643757423206,0.05608261962571337,-0.2195295944872515,-0.1728565566720328,-0.3646679093399898,0.42152404598923,-0.08010725620609538,-0.15480487697112988,-0.44749615278238997,0.22256693082045143,-0.18108764284445344,0.41905861574616377,-0.38042827182841554,0.5963912488759415,0.13003416016481706,0.35531857676632805,-0.3234773318916173,0.2976876414094023,-0.10128133575507281,-0.1292009792488913,-0.14692327965912777,0.2465112154129948,-0.1612983578353917,0.2753212696332892,0.35290483260101513,0.0016349531386073979,-0.14506679595882743,1.0,0.4031113280380322,0.04480763122819642,-0.6135063005665098,0.11913178139571179,0.20683896385589084,0.01970536764906261,-0.2109448569691319,-0.30142246748750035,-0.3687392683492159,-0.3346780947468757,-0.019861473492429838,0.18379775048580127,-0.11647464289733223
TON,-0.22574280935354718,0.4250454592974604,-0.43891944213341505,-0.1301346854617682,-0.1430157266653309,-0.32949993335097383,-0.03006679307852478,0.033815294019738484,-0.1461711164465036,0.03293233166141163,0.11016111635500847,-0.12079545445308315,0.21115567744606656,-0.08402894319656151,0.07204480603986763,0.37556246292847506,0.20630715901111718,0.5959163481224384,0.050878444050435956,-0.375181471278752,-0.0044432036228851945,0.5008569333428803,-0.12228908933084393,0.05728278310063095,-0.4823876865054144,-0.2743406553136516,-0.3098611723709128,-0.3378997638212069,-0.07225989858815374,-0.033364969972754066,-0.06829948267764174,-0.16941774176761792,-0.38236990447416885,0.40645576904669545,0.21999260809081522,-0.09526067547263506,0.13120352513633116,0.05796938797818796,-0.20017984567845915,-0.0774326133752945,-0.07416116701848652,-0.13314588995902032,-0.3014117362002289,0.07254725915282745,-0.1342831108680429,-0.35822668483076536,0.18845935791272161,-0.048252611251524025,-0.008407565290737828,0.646949173359521,-0.19611008874177638,-0.24951760862489092,-0.288290279036143,-0.11229266913906999,-0.06388982288404899,0.09176459423444439,0.07436207647746917,0.2679789607684242,-0.0711581513105477,-0.02270863556514824,-0.0405277513932043,0.09823277149862764,0.3376499349072991,-0.07870504687758495,0.1807127005621353,-0.25958623140305703,-0.1632386472791154,-0.1530621136729935,-0.32428131334952326,-0.34283981972630473,0.2343437297864246,-0.08605946431634504,-0.15925496862597677,-0.19754258010468395,-0.14348452148024915,0.059254527654625466,0.39741247777486266,0.19609372908099254,-0.17309998112793745,-0.19440937585467788,-0.0010888974470142365,-0.14394975550264122,0.35505824760872784,0.16541915060187884,0.09857584613379367,-0.07194515114996602,0.34957640581674165,-0.042968925120971724,0.7033254240238049,0.09389610266730919,0.42807475450846455,-0.4662731655657364,0.28245658917566097,0.0557770683134684,-0.1015512775206806,0.36295392067653975,0.08123785268949957,0.019536186699463998,-0.07007911343264905,0.5343583842407653,0.17528800035557823,-0.3180329743758885,-0.031505182789308694,0.155903009733121,0.28466595859353017,-0.1401036970445364,-0.0898839633593449,0.057261084852714195,-0.09642952664662618,-0.31033495272701517,-0.06222884438405307,-0.21501999483273626,-0.42087135296948963,-0.07767424999842931,0.10693159203042146,-0.0624438036049666,0.0769353854024366,-0.08990380016458355,-0.3840185182722897,0.17796247005471344,-0.1152654213686628,0.022984754827989673,-0.4629517686860827,-0.03417217257796068,-0.30474881584556135,0.43678715852158945,0.05269181969179659,0.2218154300053916,0.26824322240528686,0.20011884425434867,0.24552295257155066,0.2675693131852084,-0.09470910760605777,0.18257892040741575,-0.23739119167623768,-0.011980805655794402,0.18646586019821088,0.023166831778530073,0.3586748432361979,0.4031113280380322,1.0,-0.0429678168763159,-0.29357392274767946,-0.0038496092001185644,0.010269220146742142,0.07057741927145456,0.06877789346124608,-0.3870159470766854,0.1612240268110825,0.07103136483979378,-0.3995250787658784,-0.13262257755044748,0.04588701750571755
TUN,-0.14696903082532264,0.44937874598802996,-0.21183504750988535,0.15442804884134098,0.3904768618975252,0.040974281783624944,0.2880230007106265,-0.0007821491587409746,0.35914353670439847,-0.48374736218982695,-0.3155618046119466,-0.29909073808235354,0.30564270385313286,-0.1292442445092301,0.2510681601175895,0.5334503331333093,0.19530960370213846,0.3525213145773203,-0.34573255007647785,0.32514611012560724,-0.022976162879637663,0.027487143809497128,0.2439856592272227,-0.31806621762577914,0.061836851253660896,0.12146154391217778,0.3776966445655233,0.13338497154104478,-0.49810163315701383,-0.440067102115115,-0.33944789188881286,-0.05518802156186142,0.38802632747915844,-0.28193196560549416,0.5146513983008518,0.4476453508815228,0.2898890964159818,0.11550930502090173,0.12867283117171835,0.3846456149029791,0.2804764763461495,0.009786194694957562,0.27666094741498193,0.036981298272354746,-0.17312503203446816,0.5089229367706622,0.40392192226541535,-0.423275517628547,0.38349569057912125,0.09669557605014356,0.407916679478314,0.00975214331348262,0.15937430780548834,0.16473371036685536,-0.42137555520542547,-0.2533771058257275,-0.20531705598654026,-0.3621451181311133,-0.2145620630900993,0.5789933831211294,-0.38911136932707846,-0.02354897561282243,0.2938325769801978,-0.08094392617734769,0.3453125217185583,-0.2945601754100926,-0.09929773394570507,0.0909897068305453,0.2051760844091618,0.27639607982489744,0.21921770406110408,0.07906918693926368,0.3629987180311789,0.14042861261210782,-0.1989286530483747,-0.32712300470322253,-0.1637575136061229,-0.4418286378231113,0.11218818923857177,0.048577326628614026,0.11009032945286812,0.18626100851869665,-0.08611859550050482,0.09454578723460538,0.34032448715910024,0.31144770544887845,0.44780094790137437,0.6538952821251289,0.06630370367754268,-0.3489199762356381,0.31509598762369717,-0.055125307606417095,0.593919067670049,-0.4059041101151937,0.12384647673870175,0.48050400641402735,-0.013588065530016014,-0.21476998183017937,-0.1776219548039648,0.3003866210734609,-0.2624667079481169,0.05238146799567556,0.10675643405624125,-0.5374160338080407,-0.17423890607569437,0.3092652587533534,0.05123386695023702,0.2514696398661619,0.16746755990695994,-0.24602456506934867,-0.1742887177761001,0.19449338551129958,-0.06320686470764958,-0.2984736081763386,0.12485694250226342,0.39229365991613907,0.009783751969568488,0.26049270430998206,-0.4200263661336312,0.3178567852165126,-0.06321256844966361,-0.10835001459274585,-0.26787301797346874,-0.2913285743603238,0.08601978082018746,-0.3090670496153407,-0.41592227146442284,0.1781904094446275,0.41648746284879723,0.08014032395025372,0.2888392611735211,0.14537937029137238,0.45246933441690285,0.23064689648757764,-0.11389596075493702,-0.5412340199621553,-0.48039902581630045,-0.03900367000836824,-0.20383249573287232,0.04480763122819642,-0.0429678168763159,1.0,0.3963879349237017,-0.6001014527644097,-0.4779787697167597,0.5970120909803779,0.48906754538578545,-0.028485167243487153,-0.2415137693345446,-0.21438520251160043,0.35555206330308087,-0.367585332746051,-0.1671290347342551
TUR,-0.13716940522498833,0.3061913344647045,0.01433091932919206,0.8384215542108827,-0.06989604286309659,0.41007790062991334,0.37814974811516944,-0.15107320888582176,0.3394263255427741,-0.482859454590185,-0.46290967267159155,0.018614231915521362,0.4723507956937303,0.07391448082307162,0.1150440190311749,0.3576964539293622,0.5361674460230789,-0.3806131158896857,-0.041428870578300137,0.6836731042542712,-0.28075675083307927,-0.12418993617046858,-0.22036601710531767,-0.5228806973401365,0.31952743302625297,0.23800946793065947,0.7443009751091738,0.39873669309650817,-0.4742471929580667,-0.3924840107560119,-0.40116621052683854,-0.48094139457281027,0.6356534781604629,-0.49019840140397,-0.037928938337823626,0.27964847975207685,0.11553904231511525,0.3485852537213441,0.484360735621125,-0.3334747295030249,0.34390526696408863,0.44855317193439537,0.3581304913421539,0.20182490973354805,0.3096555753088618,0.5786554126754565,0.26395171562388997,-0.20138580677836893,0.284587276278524,-0.283550517965071,0.497846895862772,-0.06002854875035091,0.4583533932169481,0.05731515084250938,-0.06670250866186223,-0.46255316395360224,-0.38670414704378153,-0.5732176970593779,-0.34119549470337196,0.5180664357789411,-0.24168483709963162,-0.4691333305217307,0.2983961993109687,-0.06972185897050864,0.4462749746084098,0.1519895695775445,0.14626458008712806,0.1875704729596115,0.8246105128762266,0.11121884924137748,0.30387826124658646,0.3102453701527158,0.5528155936992536,0.5681463878016781,0.436024777271532,-0.40676026423376843,-0.1687243453331868,-0.2808126764668779,0.5633714114409344,0.04737335628551653,0.22750193722865952,0.1564734780577819,0.0827314205283346,-0.40895734071044254,0.2689529968076132,0.165599655278997,0.27991460833859505,0.30145205430472855,0.09103975446017276,-0.4957972471267049,-0.07287280656120876,0.4965404739479794,0.3051447243518919,-0.5223232967091513,0.05344257403875652,0.22398375150702443,0.1652522238258839,-0.5246446354530818,-0.4774410058089176,0.033954784965548934,-0.4136723409844978,0.2860142390254331,-0.4358723204395196,-0.45659236402164805,-0.25902844244025336,0.43141996696848706,0.23082190878486852,0.13139878920289916,0.33469257893405957,-0.2463802385033831,0.018378952646545543,-0.07031354971881387,0.5289869358801168,-0.00490562738496525,0.4495779077492357,0.3913331511147691,-0.008980871561131698,-0.08005568777811134,-0.24779705546694153,0.5470277268513578,0.6793533060852401,-0.43944507478422046,0.0079948495933162,-0.687136141274725,0.2874520218821588,-0.7175628269896919,-0.36887940721881085,-0.07774580542582643,0.4901315718904081,-0.17218565861255763,0.22746354166346294,0.1571060906261803,0.4404155498442125,-0.42479416286691674,0.03868518112970043,-0.5659718998809535,-0.5854672814905078,0.13921084522549176,-0.21567692634120794,-0.6135063005665098,-0.29357392274767946,0.3963879349237017,1.0,-0.4598822262821638,-0.4777303644897142,0.5532077315220476,0.5595604986806182,0.5175809123017899,0.16727262568300116,0.04178416072522828,0.19497344416153606,-0.40263597967263376,0.15967826707454003
TZA,0.7107367782280359,-0.40825845893217183,-0.2550232102607235,-0.2619601153401909,-0.4138489184805507,-0.6023104805236503,-0.8451206906656763,-0.17019668377904984,-0.8805933137392263,0.8698823621073293,0.8513529002171778,0.6310934340521358,-0.8340303458264091,-0.4982392172967105,-0.7598371191714426,-0.7371246141581769,-0.5702400440155015,-0.3347130928969919,0.30551731809588833,-0.280642367677961,-0.2985864122511097,0.020871713011633708,-0.16594520551265424,0.8372672770789261,-0.5263640940349932,-0.719936475207664,-0.6843254614009175,-0.2092942311800885,0.879694760359577,0.8719727353878963,0.8035676077605498,0.5293904302239302,-0.1845375806457612,0.6813055737802133,-0.4309494565714731,-0.7095569092871781,-0.8022586348167502,-0.7306311020851612,-0.7017123368734208,-0.11682832934131593,-0.8512607730285002,-0.2685057223329794,0.1508057025122329,-0.06578313243480549,0.419184950594356,-0.7824259117474122,-0.8988483477606728,0.9046945402402885,-0.8372006304239452,-0.04173412298429313,-0.7781121973114287,0.2334874204291798,-0.7023599080585377,-0.3296731833031388,0.748912441310442,0.8415158395040326,0.6822667405956121,0.8238322811477761,0.29961269942976243,-0.8947934666945234,0.6235649508124387,0.6303299082757413,-0.7998975549479173,0.5396266334472167,-0.8122984505496436,0.4598475936936295,0.4805429425032256,-0.6029644062018988,-0.18720898380526618,0.02263318873586051,-0.7999531794956929,-0.6164606269637698,-0.7365169460080545,-0.642833295454464,-0.26494083013010394,0.7812136675913369,0.12886508098358862,0.5873228255890884,-0.6643082901966513,-0.4750321152330166,-0.11274979129915397,-0.08493505225276055,0.11772067326698255,0.29800650458625644,-0.8698597810510194,-0.7939853491243691,-0.8511762513074879,-0.10025583479595657,-0.3312269051366368,0.8772816450228362,-0.5473774813087084,-0.1949583296106674,-0.7439285638884137,0.9258413928483745,-0.6297721781530745,-0.7775612805734406,-0.1296335233925754,0.8260391859202059,0.7396382150054439,-0.5541868464643311,0.8101681493057185,-0.376388799784209,0.3343864837990611,0.9375562262233943,0.536908553368953,-0.8219096660285907,-0.6433821533796911,0.2738519797300759,-0.6866989363065408,-0.06965957014636803,0.7246795360076606,-0.5362498369912412,0.04146922266214759,0.3301171285109925,-0.659354291117245,-0.7837878832920204,0.23713963305304686,-0.07710689557420114,0.014663476663993591,-0.7421439851669123,-0.4165389530177761,0.7334483942184035,-0.060232138679975566,0.6729450674915337,-0.6462031375788104,0.6692867901080269,0.8737256783913727,-0.2565056273754738,-0.7868899844172104,0.06052881082391748,-0.7770025676730703,-0.7138441947507723,-0.8755061731084637,0.1652782770786675,0.5345066425632222,0.9378151765085994,0.872251418728171,-0.22413075499663337,0.600310502370279,0.11913178139571179,-0.0038496092001185644,-0.6001014527644097,-0.4598822262821638,1.0,0.9529525049181323,-0.6334161290941869,-0.7582974959844728,-0.47610298408915575,0.3483338602844468,0.252212981005697,-0.22575876433914943,0.7230393434440825,0.4703887181775055
UGA,0.7417538351187165,-0.41273337889235506,-0.3550928271305498,-0.294124235399984,-0.3428455843493716,-0.6519578709442628,-0.8742071730397454,-0.29795603837336304,-0.8760704378406552,0.8881464043629158,0.8918146014648846,0.6405625244183996,-0.8259951109607391,-0.6314587389546082,-0.6847002119317231,-0.7054855600692362,-0.673814679043236,-0.2300180986224576,0.1942726056485975,-0.29105479701490644,-0.4164775922290245,-0.0019806510868753957,-0.06036059866455035,0.8793404450217777,-0.5586178876047438,-0.7372411332025588,-0.742299997120818,-0.2787501842572553,0.8916179092867603,0.8931735792920097,0.8514157011530599,0.5510217176676934,-0.16791103136492413,0.7545084312279472,-0.28742723672747417,-0.6405128289107016,-0.7292341859534988,-0.7984034430858724,-0.7566742011313738,0.026571863683066854,-0.8869175266451392,-0.3086263219959131,0.09303499195923026,-0.12114025359075553,0.38029809249054713,-0.7494340805521971,-0.8859157241485696,0.9191336495692642,-0.8504362595953534,0.013430001367071065,-0.7447241639629021,0.16024366742089535,-0.6968573796696289,-0.2534838141629605,0.6851378855344327,0.854072375191453,0.7605725781678602,0.844092715861289,0.2808865318347944,-0.836500610707499,0.6817263258234243,0.7426264103192738,-0.7783122904883426,0.588967924357176,-0.8577249806125442,0.3413216551863799,0.4621971084921497,-0.6647799774720426,-0.257324191081719,-0.052491050819513996,-0.8283249801356525,-0.6083283282613379,-0.7485184528194757,-0.6655278226133858,-0.3558237740781953,0.8745181604436477,0.11482720536813273,0.4604343627517926,-0.7536544901748092,-0.5909087758541578,-0.1445728772538113,-0.1933416016557583,0.1650215884423064,0.39152442420004774,-0.8552731456009368,-0.7553092923879272,-0.8372964798220988,-0.13072688560579082,-0.3091959606133292,0.9458391022681519,-0.4542091903796528,-0.3036421001164644,-0.7496108670127002,0.914792827788879,-0.571567838046998,-0.7179731020180238,-0.2647321759943415,0.8766496938830483,0.7595303571372559,-0.4639704663350048,0.8867353248775877,-0.5134577739921826,0.418625265282196,0.9340224802090907,0.5226850194054731,-0.8302653603275183,-0.7598365812423633,0.36079131833906763,-0.6919393739092441,-0.20231995828783989,0.749790665615299,-0.42457000115663224,-0.0752502891496829,0.3715342062456449,-0.7112159173115291,-0.7517011022656117,0.12373212210005169,-0.06587994087251903,-0.11173860094797927,-0.7459350986065059,-0.5059706332354601,0.8478935266886503,-0.19875011538162046,0.6489652909119178,-0.6643701372879285,0.7155264447293391,0.8939642920688089,-0.22860427374338776,-0.7902848275983714,0.19924128343936665,-0.7935936206648453,-0.7624957188028862,-0.8726590773957574,0.25693249002805496,0.5667241025385041,0.9215144489609698,0.903450751205118,-0.31242659544421514,0.5944271276614357,0.20683896385589084,0.010269220146742142,-0.4779787697167597,-0.4777303644897142,0.9529525049181323,1.0,-0.5721595098054513,-0.7290146668741815,-0.48040191575539715,0.2435342971336133,0.13554956886739045,-0.14377330014174228,0.8238613829207151,0.5321667805851695
UKR,-0.3540395444895741,0.36035405968584056,-0.1167678406194701,0.41071005115751924,0.002799914246629398,0.3828092609627676,0.5246038170646294,0.037113012677286616,0.5287515824117325,-0.6225191146731706,-0.40391699053287433,-0.4060869543200716,0.6053423444664812,-0.024459881769283376,0.25091448929335647,0.6250366711996436,0.5539682765234908,0.06950404649342612,-0.15943801797228918,0.5513697956272001,-0.04968108471163868,0.07111217282228222,0.11410145970963881,-0.5986573803911528,0.34243509038266295,0.18139701770548866,0.5412518077988873,0.37299809561312325,-0.6590409835203297,-0.5534378817860945,-0.41632948208294884,-0.4663289026205768,0.39189597886957017,-0.5082798802911908,0.3305718523940957,0.3317818669433461,0.37461889900272083,0.46336383676878257,0.5388734766343966,-0.061522659903490595,0.5035867862941668,-0.0106959785084777,0.121263913882531,0.019920492790956312,-0.2728575337457104,0.6365006658055715,0.5383906634470624,-0.5315610032075522,0.5974976852931925,0.10534838975031802,0.6455108056290355,-0.38245421871175767,0.5073890611247271,0.13968476723884182,-0.6093105288603948,-0.47330515693179054,-0.5296133179187867,-0.46904363492642154,-0.29776572507298615,0.6743229854467251,-0.5005441827401751,-0.3560601539463688,0.6419248585515077,-0.39766042219052755,0.6170561578421637,-0.25946496551925935,-0.014396749978686119,0.08866421396864044,0.3659456869571168,0.028617095991767094,0.43667610765407283,0.3478699915257373,0.5817619809159988,0.507915398132207,-0.019417516425606518,-0.3712434722887843,-0.009008281085290726,-0.5555006607311799,0.49957086200268663,0.0971326358694079,-0.04357080562446325,0.20541175606213014,-0.07038675874701128,0.034873551390094626,0.5421678290033137,0.30548970699214906,0.6118232820298163,0.36994101062163587,0.3256536678078419,-0.4523295564856922,0.23579511962945998,0.0734332151064837,0.485059520517203,-0.5762123102709191,0.190337343795007,0.48157079413969583,-0.01685027676220696,-0.41256071055343657,-0.5129775838845556,0.3161635561463947,-0.31194991553991613,0.12569529068573415,-0.19243379990483178,-0.5480524572741812,-0.2943270737730259,0.5679925943844281,0.3220737555381191,-0.05456907464611627,0.39966468113898546,-0.23633451587031384,-0.320211853834232,-0.07850114367635896,0.070150850805207,0.0278828700437721,0.6059364564083516,0.478603716811667,-0.30788939475522814,-0.04004542753014717,-0.3509937810903403,0.6488420592761217,0.505030629673089,-0.3395976758770174,-0.08425512390854073,-0.5097326900529748,0.13827248132134362,-0.3748618345136059,-0.6534191821854172,0.2011101957602074,0.61235342008132,-0.15850325136330978,0.5129643650254061,0.3712030010567492,0.6332925304678534,-0.06752417840953195,-0.4397006758668187,-0.6531882146361803,-0.5518233332836469,0.23658132515589858,-0.23825581505778404,0.01970536764906261,0.07057741927145456,0.5970120909803779,0.5532077315220476,-0.6334161290941869,-0.5721595098054513,1.0,0.569002419045908,0.32501273784081275,-0.030702217816360733,-0.15088471793350333,0.3053089295882163,-0.5152900009222876,-0.15661221478559395
URY,-0.5278638915689999,0.6138917392151765,-0.10893399602586284,0.44246630623764527,0.22460319757131963,0.4504822552607125,0.5337976446326581,0.13181651473459066,0.5887363063033163,-0.5603013125331606,-0.7219660480027947,-0.3739133475613734,0.6856779931112079,0.27565413977168496,0.6772911279031648,0.586990266894921,0.5231136945677387,0.22949504077263794,-0.16140686327219034,0.5791877193138691,0.10719322634873207,0.044544059723988116,-0.05738819643709481,-0.6590423035616748,0.26206155290598265,0.4895163707276876,0.7303702966107752,0.2733040678543893,-0.6298379808053665,-0.5781237016539715,-0.7661424233788929,-0.5380899377375301,0.5200354259046363,-0.3857864575402583,0.558147233964408,0.8133917169305251,0.5303692962519864,0.455963478685496,0.5125886032139938,0.032785158697158034,0.6562935443295422,0.4683925508109552,0.046770553368991385,0.14316069560358136,-0.2948012887239426,0.6945056305627201,0.6158648076913307,-0.5913233056957656,0.6444889134024531,0.11307874788004113,0.6767360717366849,-0.19546284088815535,0.570514403045327,0.22390738138441868,-0.4886008018857486,-0.7056016840455153,-0.3273110325693387,-0.5076385875369798,-0.44647021384941254,0.8229999695582454,-0.29106010584056907,-0.537999595000175,0.6076568447624278,-0.27829954789184264,0.5770067727382304,-0.22311734611852452,-0.29175369726073574,0.18824711114164583,0.23697855231535103,-0.2804767798950749,0.6896990143370829,0.5355341249746003,0.647220087331635,0.6123638174106353,0.12474556801714054,-0.5275380890634698,-0.1650336719566856,-0.5054462841974932,0.5123727764275043,0.24279734327665636,0.21154263161304976,-0.09260380380581679,0.07629642492171096,-0.40997085179749737,0.6009780694862058,0.47735574503999056,0.7118617818588647,0.13836330040788047,0.38801047090935104,-0.7143842686823028,0.37297736654033453,0.17435267942123278,0.6067763922500338,-0.7410179278811344,0.4415008937155259,0.7055257308053446,-0.11162910383729918,-0.7660002835804836,-0.6301400703855067,0.37342502614906037,-0.6546730939617711,0.1862900206930932,-0.44678713050465646,-0.6662202724851394,-0.3169364431343351,0.6006775001608308,0.4846801332204751,0.16817594830186378,0.5943286017678354,-0.24787533566093778,-0.4313348720367045,0.37071321881235153,0.30885228924723096,-0.17302973716549208,0.4754456844288607,0.5746946589675093,0.05092272427762601,-0.06807389324987367,-0.24325114962768413,0.5458009721366318,0.44517903286777416,-0.6168034696578397,-0.1594894754780638,-0.4981311523710652,0.3642765038228335,-0.6273960989272458,-0.5872739800699338,0.3957369037013143,0.6285041982851266,0.1596066827200482,0.4036721980582336,0.3810858430871318,0.7159904207169283,-0.3169715740123773,-0.3112043451929043,-0.804993457756394,-0.6312283300098138,0.11228463273741729,-0.43208764536846456,-0.2109448569691319,0.06877789346124608,0.48906754538578545,0.5595604986806182,-0.7582974959844728,-0.7290146668741815,0.569002419045908,1.0,0.4688658003808117,-0.2523112115842454,-0.33961421806398917,0.03044430725688385,-0.7165873838179018,-0.40802564489169435
USA,-0.47623685936352356,-0.031490865931374845,0.27829981943178916,0.422226309634561,-0.05022072686775503,0.7974914842280044,0.5611256372176041,0.06042806868113948,0.564115584296376,-0.44875412943122184,-0.6333015179776149,-0.0045982234882304684,0.46267133804881233,0.3269439402930904,0.4606244656260563,0.20382924869912333,0.23403277458244953,-0.3186831329222177,0.0021344581618045755,0.6256659118788547,0.05105805309800038,-0.4088485969778255,-0.11159713264457638,-0.6100003437852255,0.6820997227587002,0.5802922113976934,0.5518768573819169,0.5958846267473936,-0.4184750862596345,-0.38947750542432913,-0.5399468434475876,-0.5938857578319832,0.4744858632770974,-0.5215240191736319,-0.13765951033367774,0.4437966405595327,0.37150699187261815,0.4938223477366316,0.7655396022764916,-0.38304687476733834,0.5028813562434429,0.43978415082388145,0.06991365474161859,0.24151053930163857,0.0834354138437825,0.7044251597259682,0.3424416330245581,-0.34744409707356616,0.5192684410810833,-0.5369750432123097,0.7605200792748027,-0.43181218885707073,0.8476053468204502,0.12612412090583702,-0.3859209016414511,-0.7464172315401203,-0.5000749109697744,-0.6420638588854155,-0.4045275584287005,0.5787579965547315,-0.10995901058267177,-0.6924173283838047,0.38978133626346545,-0.27974102966946246,0.36707671341270576,0.16349555144123062,0.10161460579655901,0.2742736662274512,0.41940862877782537,-0.10403585610254074,0.40547711228713323,0.6941150731633544,0.7378059470448736,0.8230631408167053,0.6149935049718412,-0.30016099518781436,-0.23841997180550267,-0.447779966083385,0.6591085617479885,0.3404490960358528,0.0840164707182145,-0.2943637380257247,0.1350761972476905,-0.6612259372949612,0.36905641327856864,0.3403601615287539,0.29377048231862946,-0.18697994445568988,0.0718780596325298,-0.5756482121912041,0.054898777117773245,0.5947929726997108,0.03772785860628569,-0.6043661840350554,0.29720549552501585,0.21281188363785097,-0.21676772811746092,-0.6736475991489446,-0.7268808830315585,-0.00014456898313608413,-0.5548861408459382,0.3388203253315596,-0.6385739740841774,-0.4789372675636705,-0.6845130174913616,0.5658662364393213,0.49909378656498016,-0.13949113723778295,0.6646146656098981,0.1047642020482158,-0.18295891165207512,0.36824992945205626,0.2997252616710421,0.1665947258017202,0.5752981610982146,0.5538572191142213,-0.37469872676731786,-0.08717602039002914,0.18351751224499246,0.5541062042990077,0.7548433490989394,-0.6156895761200274,0.3558969490745112,-0.4442016762881187,0.41959801785373785,-0.7589832479982712,-0.5484888996956836,-0.06707467957374647,0.35739674280321776,-0.10281799152784799,0.2827703621079589,0.2747490985393042,0.5351235814267266,-0.5915146158657358,-0.22255929794695883,-0.5503962474555302,-0.5798977132863974,0.24726130429043858,-0.4683682141125276,-0.30142246748750035,-0.3870159470766854,-0.028485167243487153,0.5175809123017899,-0.47610298408915575,-0.48040191575539715,0.32501273784081275,0.4688658003808117,1.0,-0.002379301816974433,-0.14206938771085142,0.2456418220708958,-0.4248906746036085,-0.31526462226239316
UZB,0.2842709787052151,-0.00829191468297763,-0.023161889699318206,0.17496541606492755,-0.10234438928613598,-0.06792225873935998,-0.29585168536882045,0.04297356813038333,-0.3781835078146012,0.13821047771548833,0.16161000438347184,0.35375190096532805,-0.19353980241440372,-0.20350290137723048,-0.4759223861264903,-0.09083840895439255,0.1405478782262204,-0.27111593591603245,0.22625132951181104,0.037237546941050415,-0.2037539872622096,0.1610586533315317,-0.40420325871622076,0.10980866128861566,-0.03843302418154515,-0.34382827215089207,-0.08446275505665501,0.10520896104197108,0.1612219302766067,0.23499808113839493,0.27192147020602997,-0.0006659680892742159,0.034169008663252454,0.09127774334943783,-0.5075681574312885,-0.490897245546271,-0.4298695684170204,-0.15275033519009984,-0.14427916115595418,-0.5242595200954252,-0.2787522035504042,0.18698219339080757,0.44534548772686144,-0.08683197739366388,0.6201938341903662,-0.23464797124888248,-0.35543726503320183,0.3382168782817374,-0.29627269841713355,-0.07171663805738326,-0.2824013862766952,0.15378095982789897,-0.21198345239339167,0.1607653426283111,0.44758481683960727,0.17154953071861367,0.024563785432662688,0.06971743143242759,-0.03659903507220652,-0.34126547855210987,-0.08480263912129904,0.028224890602878694,-0.17438582659764235,-0.0053168786399833134,-0.17265657670265755,0.48954625980034616,0.4665731645890616,-0.18378807255183505,0.5181850625120594,0.16343922997163185,-0.25508592072538394,-0.12725498700009763,-0.2361527498293965,-0.18679480773148716,0.5218336152315483,0.1963100606162076,0.5754916100510143,0.3219378322637998,-0.08636125434484176,-0.30263218915016443,-0.1990848284201614,0.029855518716038754,0.22844771984942225,-0.05687872117877313,-0.27755491695209056,-0.4890132579117996,-0.30485942541873823,0.23318381663553822,-0.07232428254504764,0.14502223847506368,-0.4124926250085983,0.06482131665246249,-0.1719909316091306,0.23836109757134072,-0.4361773228335155,-0.2513853005764428,0.3597065248534477,0.12708663665778674,0.14159579627342445,-0.23448574860668203,0.1621654517565575,0.19096091042776164,-0.09404499987535919,0.29557763122668435,0.18156817374755507,-0.2968515620830874,-0.14377245963394958,-0.0828284319395034,-0.19552023539961083,0.0827920539292698,0.3791504337749718,-0.5211524210953398,0.2597305970541436,0.21557795554884418,-0.01140484957532717,-0.3335831239640048,0.41130108405269694,-0.23397044438461045,-0.034484423460799496,-0.059227637516215514,0.2703072935978995,0.13823503018278427,0.19266947005890744,-0.01940904671565913,-0.33231399207008394,0.04528783889665733,0.15070065456664006,-0.5402622758588347,-0.04827776007767137,-0.3057772974248314,-0.16440310570192018,-0.16428758316666436,-0.31675661835172764,-0.06643066152733956,0.14818005462102035,0.23397819759105087,0.177009907067889,0.01975232781036773,0.6892537999542356,-0.3687392683492159,0.1612240268110825,-0.2415137693345446,0.16727262568300116,0.3483338602844468,0.2435342971336133,-0.030702217816360733,-0.2523112115842454,-0.002379301816974433,1.0,0.4608153480055628,-0.08618134381888742,0.03660771302290955,0.3243709111044273
VNM,-0.16511204462103568,0.23154186828175294,0.1349616463350527,-0.20862730158477727,0.03632726295781241,-0.25435261431431666,-0.1211446307859032,0.40295751770236987,-0.17530860363893463,0.08495434116090217,0.06955179589895899,0.3972634630257642,0.020953961231662377,0.17839592356469114,-0.3866275995877868,0.05476417097718489,0.3585040683015839,-0.2053365561392264,-0.2177455119393965,-0.09560557197043318,0.10093492394578463,0.3421786718097112,-0.7407094750688863,-0.12088296451476044,-0.2239240661395716,-0.06160615296280714,-0.05012073382496096,0.3324946849396786,0.13060498239961382,-0.06635583238755727,0.08197409105085118,-0.19227808847446215,-0.2972401883511271,-0.08998651805836255,-0.39068484053344776,-0.19449122074216518,-0.16822949985100033,0.14087126701963015,-0.041633622562154526,-0.28788268549128326,-0.08796376581038201,0.14858894327183614,-0.008794197716967656,0.01080910986721495,0.3539106522261878,-0.20830385339145674,-0.18828308484941436,0.18552891035909658,-0.28569021710525777,-0.061268395886106886,-0.2546371660299991,-0.08205141064531363,-0.2540406443722927,-0.0030181548666594615,0.4462572989864396,0.16380416632116923,-0.2210321404309945,-0.06469671715529124,-0.3637752715120135,-0.22595047316451256,0.04976690988503518,0.08180175358622366,0.008612068618302882,-0.2594884181171895,0.11358893811643977,0.6322440678917214,0.6024533055227512,0.23782135358974077,0.2536883141542914,-0.12499981376038893,-0.3291190671673272,-0.45425967167532466,-0.04817960903700391,-0.08533011344446462,0.2540204750658801,0.0097273663732792,0.6144283428218856,0.8072217031916363,0.2016335660169215,-0.03172606459497995,-0.21071513879071224,-0.045295506806633634,0.42312840193768764,-0.1499635364869627,-0.04917711890349685,-0.2721391937911646,-0.11104080227883562,0.2889584890991421,0.21960698133939094,0.05321601743166515,-0.0682892176524672,0.3828057421756097,0.06212941687820561,0.11294537659781423,-0.23805131065222018,-0.2806598954889912,0.40847017127043017,-0.016209186051370006,-0.06130510331111583,0.2149041394761141,-0.08394372615120771,0.5711450514028485,-0.31747744517086796,0.15646599155576135,0.2890477224014899,-0.1434759636443843,-0.0547787833437805,0.0058062556847977564,-0.4696183907367826,0.010990273342841639,0.1540740727705484,-0.3235224727443482,0.11481393047282251,0.44669527608488235,0.2977041153413852,-0.14239300240404007,0.4213650481094692,-0.5266910070905346,0.009249573425635038,0.08954430125299273,0.23304272142122162,-0.024858087419832753,-0.06712769942350594,0.1109318334680649,0.08766142954744527,0.013237829654602407,0.12037415232020687,-0.056444308337422644,0.1695510567188927,-0.5556990646324149,0.184468575971226,0.12209736285510897,-0.26666004049849645,-0.17752597812724868,-0.12314425852884137,0.09596750400101361,0.10103514981166006,0.6454055047720423,0.450605599766958,-0.3346780947468757,0.07103136483979378,-0.21438520251160043,0.04178416072522828,0.252212981005697,0.13554956886739045,-0.15088471793350333,-0.33961421806398917,-0.14206938771085142,0.4608153480055628,1.0,-0.4144149475830161,-0.11677505907165386,-0.07183694381837857
ZAF,0.24951677500328207,-0.12021191458918845,-0.15143700685623518,0.18818783608005696,0.006238315089243107,0.0791581014725844,0.03516827914360299,-0.032543023359376866,0.08600793057205058,-0.18624615071154227,-0.0316966871488209,-0.1587563298735042,-0.07424575081747942,-0.24339349116607245,0.1737604303350181,0.13300236271863086,-0.20979551795461004,-0.07679030694666644,0.06452184193996979,0.23438709717561756,-0.038248897818154104,-0.4799180614426195,0.6988948390255015,0.04863993727535276,0.20624751559797094,-0.07396404237516152,0.1453472881350686,0.09135222132626941,-0.1116329922071233,0.030342892125608367,0.10202535699807491,0.4068924579767199,0.28368172448509776,-0.2121540417776191,-0.02769555573536131,-0.08018120394304384,-0.07781734288177766,-0.17441244268243983,0.09864562646805974,0.31689325885355035,-0.024278441034051967,0.08309029102472809,0.26573469915515613,-0.16506035544240905,0.08443777743537206,0.20893857132303073,0.04691321487534683,-0.1333274350693956,0.10907956458402901,-0.050961671567752775,0.21145878860841272,0.2773256719046093,0.14918040847582648,0.07227312872757496,-0.2198663475042153,-0.042717982844923785,-0.024889824574795272,-0.18259486506233302,0.3809113050504508,0.14717084997144414,-0.29752621830120596,-0.22929831285595315,-0.09405630115942554,0.2796256224423501,-0.0476700275789681,-0.1295324485981626,-0.025110298412523102,-0.1836300459251714,0.19545533611158872,0.46069781473423377,-0.11209373170871406,0.010479844820029838,0.08675933362030286,0.021548005507286083,0.10612447545995707,0.11946050032806599,-0.2983069036084254,-0.6357439504583455,-0.0738656231115622,-0.07478906725115775,0.07422482519860518,0.3358742830664534,-0.2550798930808067,0.3675168014440634,0.009893985840514263,-0.0031730738292203853,0.017886225471213768,0.09459705046346245,-0.24982735944210188,-0.04862438315167661,-0.2884702524959617,-0.08974187244339915,0.004832146820664351,-0.10352234572944163,-0.20034320565474095,0.06913758170836615,-0.08926843073686475,0.0693389319437937,0.04585360208345557,-0.1079616629724478,0.015203437858650415,-0.16100115471387033,0.44411171018796924,-0.24684763095168183,-0.3171526598824963,-0.012617487259040105,-0.11602366063479996,0.047990751639056306,0.035559584594425764,-0.07578097728975353,0.07045884771251787,0.21677315741290104,-0.031468716285778964,-0.056938528646538034,-0.07293144245901972,-0.06136236578242582,-0.37363609311779555,0.37142365951472356,-0.23107960098010127,0.11659095483721815,0.048895319761271705,0.06206932922522457,0.021847916821079116,-0.177095495554211,-0.1823946902419995,-0.3818635166271451,-0.12404388897921148,-0.3577068223464579,0.06810155026214959,0.02601592655058793,0.013975561215456733,-0.21625742287823968,0.09763651700942544,0.4746768761695346,0.025499407933197604,-0.1534498869033527,-0.1853717128842376,-0.4518953817473914,-0.13201711199151478,-0.019861473492429838,-0.3995250787658784,0.35555206330308087,0.19497344416153606,-0.22575876433914943,-0.14377330014174228,0.3053089295882163,0.03044430725688385,0.2456418220708958,-0.08618134381888742,-0.4144149475830161,1.0,0.16082925260965109,0.21508059977086713
ZMB,0.774631434336223,-0.5963984455659141,-0.2551600741165583,-0.19415110181645745,-0.31450501448529344,-0.5657358161465402,-0.6971771408573326,-0.4531423327868711,-0.6772315807961009,0.6970954545091773,0.8079838988654314,0.4257960659110942,-0.6770128255766348,-0.5434747832735392,-0.5213375242604419,-0.6692872950900055,-0.7084747084964425,-0.2369838479143329,0.21700980893479072,-0.3560102094473503,-0.4337100300066181,-0.207640785159797,0.3221736214020483,0.8270253943901243,-0.43403492089758866,-0.5731668072205525,-0.6588425075502635,-0.45311401028964293,0.756068423464495,0.7917979925285119,0.9093837431480314,0.6721842732277442,-0.23757066654132042,0.5312620422152767,-0.2557334787231307,-0.6142753774602996,-0.5831195186041032,-0.6929136606314827,-0.6258044942110772,0.24822768666166106,-0.7310909057392907,-0.2653833348639134,-0.029623428730364054,-0.22050904982665487,0.2739726243097901,-0.6692901542995906,-0.7021592575681219,0.7113772092909894,-0.7517315491766516,-0.025643624798523668,-0.6157780003606739,0.3076870248681981,-0.5389304810583466,-0.22383027814346934,0.5219641042282553,0.737459013318504,0.6705576896140222,0.6274147099368812,0.579279810107487,-0.7677429047972066,0.5141397016896253,0.6836991837324464,-0.7237889960166224,0.6147005427985447,-0.7332155943746543,0.04666476440140399,0.1510108599540987,-0.5078795678853032,-0.29449350339180813,0.1680450223422052,-0.7189789525524759,-0.44424523140519456,-0.7022466830048724,-0.5766231252876333,-0.3099232885155969,0.7083313828153311,-0.03159457238758567,0.18919561536022278,-0.7089859561253036,-0.494856547467605,-0.14337906758910068,0.023313118758740314,-0.038215096260493464,0.5525453622982163,-0.7070271178299945,-0.5435901509186876,-0.7480717267623691,-0.24299575656446004,-0.38718678312804156,0.849679214193308,-0.47390630872960804,-0.2966034759895799,-0.7088096017410148,0.7458211954570793,-0.41725936694421395,-0.6305268339457226,-0.2291819811064455,0.8156900128697633,0.721837826438505,-0.42677705146781375,0.7787802954795562,-0.6216170734127244,0.6156762773528118,0.704489899337092,0.36243506969281847,-0.6785444290014702,-0.7098621523009785,0.15460575927213527,-0.6004570402203333,-0.14961156776766438,0.5775893520743449,-0.19108020669119674,-0.15104441012076797,0.24658072420496746,-0.6953809680068272,-0.6433077211859812,-0.1032434093536585,0.1263941673991208,-0.09917367269077837,-0.6206168746969343,-0.5161657285808805,0.769014696686601,-0.1741370851477333,0.4326131102654057,-0.4894261490931786,0.5719706135640906,0.7588787206206843,-0.21062247001240642,-0.7004008815202165,0.19907873762174322,-0.625096315531338,-0.6523755754109952,-0.7026771307973037,0.41107203394123104,0.47545930887733023,0.7800276328028034,0.7416225689430919,-0.5045306621954646,0.36100756082903196,0.18379775048580127,-0.13262257755044748,-0.367585332746051,-0.40263597967263376,0.7230393434440825,0.8238613829207151,-0.5152900009222876,-0.7165873838179018,-0.4248906746036085,0.03660771302290955,-0.11677505907165386,0.16082925260965109,1.0,0.6917553351949689
ZWE,0.7147190162451074,-0.2974955377632893,-0.34410348455079665,0.42161523974798965,-0.36705870118415085,-0.4537449661740034,-0.49895645455615667,-0.6431824104505379,-0.5963955733673276,0.3937847035888812,0.5895801748653912,0.37665349891968114,-0.4102510988358561,-0.6397494073121526,-0.48183437763294235,-0.34893569282994896,-0.3046883098987494,-0.24704395567538917,0.3374495842914509,-0.17660867038425043,-0.742319336087935,-0.06922853823897279,0.17921821437301966,0.5821761083766926,-0.3700370661216479,-0.5732618579890185,-0.3070711473330585,-0.4900380151453527,0.4209737176480207,0.5802719865898667,0.6532507809764667,0.3550057008713037,0.03254908333839324,0.4259511457826032,-0.30477145606275724,-0.6318112613677003,-0.5102650522351393,-0.5264599163241974,-0.46866766717594355,-0.07329825338458806,-0.6307035765879894,-0.07405512764250699,0.08161151146170531,-0.049448127319627,0.570933731870606,-0.5014060235281801,-0.4838094710450198,0.6121332096595516,-0.6245160820803835,0.13834963107710285,-0.5061309600473081,0.2805216851485409,-0.4247449145623745,-0.15202840151734343,0.5861301135741466,0.5386881285317183,0.48854820152260814,0.380621576134041,0.42191125496697235,-0.5322783114682732,0.2812920639059293,0.3922074896494945,-0.4823859629906797,0.6529710096645361,-0.41209580786170674,-0.006592500947436353,0.1176276507427011,-0.42536424736181555,0.19978045484544604,0.15992599253272854,-0.44232147764637575,-0.3501969900082096,-0.5370738048360439,-0.4394269350995965,-0.039427831415846715,0.49694879806782055,0.029081705271061353,0.05887376752844975,-0.49169919545380436,-0.6786044283289678,0.1105062155676445,0.1114355996523444,0.031936751844806155,0.41748016380806297,-0.5190999687428723,-0.4656029491376632,-0.48756891161777793,-0.09707687731480608,-0.1400044467526036,0.5808798331824689,-0.4147962832304972,-0.24711223282151984,-0.41675913434209333,0.48431342719482084,-0.43528994945094057,-0.37179133307460144,-0.008600336409021025,0.5522131662119726,0.4598450247153826,-0.28520295174182886,0.6644850383880573,-0.5682339639591292,0.4389483119389852,0.49359147281950744,0.37244982789956327,-0.5059397627670679,-0.6582512740342166,0.1714149620152563,-0.39616403369764,-0.37765965308889893,0.6247581829778937,-0.4261605475102441,0.018656573906776663,0.10673996841148048,-0.4690358949357085,-0.47898928230938176,-0.05051291202096575,0.19729900428528202,-0.3714314391812341,-0.22692673770070626,-0.1954579772519931,0.5512580351051877,-0.27667408668306437,-0.13341266959566167,-0.454741314172578,0.29645129853998053,0.5966141026734562,-0.4322189283053668,-0.3663683811064635,0.21557463733991744,-0.44911023973454345,-0.4998063430139552,-0.5343583747450613,0.2928020283107726,0.5763633867585509,0.4894995891132006,0.44699457812525756,-0.5079320079206182,0.4094756717548085,-0.11647464289733223,0.04588701750571755,-0.1671290347342551,0.15967826707454003,0.4703887181775055,0.5321667805851695,-0.15661221478559395,-0.40802564489169435,-0.31526462226239316,0.3243709111044273,-0.07183694381837857,0.21508059977086713,0.6917553351949689,1.0
