,AGO,ALB,ARE,ARG,ARM,AUS,AUT,AZE,BEL,BEN,BFA,BGD,BGR,BHR,BHS,BIH,BLR,BLZ,BOL,BRA,BRN,BTN,BWA,CAF,CAN,CHE,CHL,CHN,CIV,CMR,COD,COG,COL,COM,CPV,CRI,CYP,CZE,DEU,DJI,DNK,DOM,DZA,ECU,EGY,ESP,EST,ETH,FIN,FJI,FRA,GAB,GBR,GEO,GHA,GIN,GMB,GNB,GNQ,GRC,GTM,HND,HRV,HTI,HUN,IDN,IND,IRL,IRN,IRQ,ISL,ISR,ITA,JPN,KAZ,KEN,KGZ,KHM,KOR,KWT,LBN,LBY,LKA,LSO,LTU,LUX,LVA,MAR,MDA,MDG,MDV,MEX,MKD,MLI,MLT,MNE,MNG,MOZ,MRT,MUS,MWI,MYS,NAM,NER,NIC,NLD,NOR,NPL,NZL,OMN,PAK,PAN,PER,PHL,POL,PRT,PRY,PSE,QAT,ROU,RUS,RWA,SAU,SEN,SGP,SLB,SLE,SLV,SRB,STP,SVK,SVN,SWE,SWZ,SYR,TCD,TGO,THA,TJK,TLS,TON,TUN,TUR,TZA,UGA,UKR,URY,USA,UZB,VNM,ZAF,ZMB,ZWE
AGO,1.0,-0.43485676644296545,-0.16982152027690223,-0.10635894517894973,-0.36942975696909475,-0.5477664785111007,-0.7535173380270197,0.2368255173209748,-0.5598844076352194,0.5034859473952177,0.6709707352194707,0.15321366015837867,-0.5441774609019956,-0.46135348402630827,-0.6480858475055928,-0.4926090267823746,0.03946055885819777,-0.14261006703714307,0.48114211677108065,-0.176777388521145,0.06657010369231364,0.3327811096933293,0.6440093860921193,0.49789137830618624,-0.6015135222831851,-0.7374691167186775,-0.5708410473196146,0.03523287077986603,0.5799451698281368,0.5596254053192472,0.7475979022468116,0.8243655270665277,-0.07998886121829196,0.18872192224724105,-0.22074235261961284,-0.49664228526961196,-0.709161960381639,-0.672730751056414,-0.7288913948634406,0.14233435693935936,-0.6634956863336747,-0.14384031072362413,0.6236130253397641,-0.058410518049226035,0.44308862392236903,-0.5900195477938506,-0.6022488349639814,0.4388602781902875,-0.6608221306732451,-0.17593880182149757,-0.6500894347836719,0.7162587938112648,-0.6273698389375544,-0.4577344556121272,0.6086671428411463,0.738629574535372,0.40198042233649667,0.4642016788772707,0.7211947016576387,-0.576526151327633,0.35940016288554877,0.4546110538283219,-0.7026644337744152,0.38726477407546556,-0.6379589229164653,0.3186550266179825,0.41227665192409113,-0.5524793366958956,0.2128948219975777,0.7934491761264213,-0.6027881339113712,-0.571530597495836,-0.6777567764083896,-0.691160241345703,-0.06278398667566853,0.4790411604038489,0.22569281614810688,0.2626120588722174,-0.6719002495102222,0.15928222952595705,-0.6385245795455314,0.15193610276664116,-0.11654047078288876,0.5960862923456127,-0.5620561521982106,-0.546972192063043,-0.6486993032064234,-0.06895820657224383,-0.5491913604925398,0.5168822791016061,-0.09986141230033851,-0.22209644410312035,-0.45198730142595367,0.6401359346719222,-0.6581655116072063,-0.612410016894783,0.15643308327109218,0.49342412270287905,0.8537220789283998,-0.6861303222205803,0.5756911253953418,-0.2563602160151355,0.6184472509253396,0.5008287291666521,0.2842832134422969,-0.6687513300695351,-0.48488152531157236,0.31575926374969265,-0.7142290289607756,0.3775163662635581,0.34771528323795986,-0.39337624343514155,-0.05292201612672143,0.25067256707454266,-0.657475062545043,-0.7183171913456785,0.06324672802313835,0.137631194575198,-0.18915827134826269,-0.4408606229317209,-0.23872776029154497,0.4779310786809847,0.2717356864475906,0.5172480738207874,-0.5166100536898743,0.3458115247992246,0.5404731048992633,-0.12370897001415626,-0.3555570407788693,0.3255319540152186,-0.5972444655105456,-0.6931090912768303,-0.6345607558711566,0.5137971298702462,0.5891088800915744,0.6543454023353514,0.46060598488197546,-0.2581165976330837,0.2810830231791446,0.28879094785741266,-0.3477818418582732,-0.012831986255539052,-0.08203287888839572,0.6241011901407764,0.6098352245689824,-0.38176053190207737,-0.49332764647053917,-0.5489321722422278,0.025259750223584954,0.0684824510475932,0.16119358008504603,0.7824419603663183,0.3314881983518976
ALB,-0.43485676644296545,1.0,0.002698667422953993,-0.05748334174651126,0.791303997808005,0.018050436889537447,0.2269798449060697,0.19263488035788978,0.043238139298300116,-0.29624066977265673,-0.3114947383837643,-0.010152843335334394,0.358810975566473,0.07772954317259939,0.2487399673256243,0.5494405161304972,-0.00970406591540729,0.14733385566338053,-0.34292655697488983,-0.07918704720123215,0.06558546748452809,-0.06263284048003759,-0.366328927617096,-0.0431666448994914,0.11583142214027697,0.23759388562438533,0.3660756318830265,0.06603263609586385,-0.15559175038559037,-0.3478791217215942,-0.3595923855274008,-0.11380842340260977,0.20317045459953598,-0.04239414336340608,0.09592239353224574,0.36969833990168743,0.2008606998231952,0.3469784189420595,0.22961033114010743,-0.21756118977571015,0.18696366142524745,-0.010123389425520823,-0.1821454410398058,-0.02068554442050452,0.04932627334901918,0.3304825121412307,0.3681413753979128,-0.2819414956148987,0.2639578432574671,0.015227868887461748,0.11372736915378623,-0.0514887755156499,0.05271862137733896,0.4835682615038326,-0.3302538305496856,-0.35883322898505887,-0.11576919424532583,-0.24457247749106337,-0.2319578261884263,0.26600976167866164,-0.3073578523466374,-0.30397397815477056,0.45932005216762484,0.07813486907538081,0.42484958068643164,0.040342224014503714,-0.12016198735410488,0.2760361093784822,-0.03629692893192771,-0.36272498298279343,0.30170264920404133,0.04350355712325893,0.1822271003586483,0.18700251635243115,-0.03432260323117342,-0.44502692404316435,-0.07893873212299507,0.00047534980969754503,0.22306892018982416,-0.22612496320111175,0.10954199148492183,-0.09682233661489636,0.1914822233075002,-0.2918452465121115,0.4174783327110354,0.023877579301913254,0.441341728128948,0.30018551624930845,0.29428091081110375,-0.33864248161288524,-0.08139936181727525,-0.1551140105724338,0.6452047020404426,-0.4074038419928341,0.2021148126949559,0.4768161946497004,-0.11223439125900092,-0.3262221082063501,-0.1736536697587827,0.38963120882646596,-0.39362959971674627,0.18504612010922927,-0.18351693153896242,-0.3591347321219809,0.11274416940187815,0.11395484188600069,0.10740044334229792,-0.001368327064865893,0.279371070849195,-0.2431903123774184,-0.3898634537303476,-0.15837373631707674,0.06362669204431604,-0.08500018684792465,0.3689126568282237,0.369567918865191,0.42032266828907283,-0.0022844492535549765,-0.015504109150414891,0.5178648885482487,-0.10938713934447208,-0.10673728760208423,-0.18181111769045355,-0.4056299683637339,0.09819429593015339,-0.18305805872270398,-0.2460089193521442,-0.03228127929430724,0.44049453348800915,-0.24598934462727473,0.3970242040161881,0.3856753515600486,0.2037766217345256,-0.03319679181999202,0.04009523673412396,-0.33812479628741654,-0.3208420522707387,0.037646779991605706,0.15086600318847165,-0.40902053936579086,0.236253483546905,0.3956988750203455,0.15346405975122468,-0.2641885876365728,-0.2579462336701912,0.16762013637015738,0.2831132009057673,-0.018434951448662362,0.1253021963206037,0.025261296708010694,-0.2867176366916526,-0.3319658517611972,-0.3638654625469142
ARE,-0.16982152027690223,0.002698667422953993,1.0,0.25739234432324143,-0.15347699533620718,0.5406775763378493,0.525818098246317,0.5093255986918795,0.5085928819112426,-0.5438343043027767,-0.5306282958547857,-0.3296430893224209,0.2927989538227386,0.5958018943364878,0.09396382455912233,-0.15861041767501272,0.4191601050536202,-0.24535406571584684,0.02659965334842518,-0.06445035713050862,0.7525006517150694,-0.18603765041260023,-0.1848031572957669,-0.5341378064587126,0.5149889983616088,0.5597054892832223,0.5878032007330539,0.24852475416050768,-0.5201005167827746,-0.5552987112651291,-0.3859430385532261,0.020149546237477667,0.03012239298153685,-0.678523059670979,-0.4984815157008464,0.08595097744437241,0.25857505378667844,0.49243980772198903,0.342536753238339,-0.36843869280887676,0.3683114387187705,0.14610535232378208,0.12489899965739537,0.34446516747213674,-0.1328777060678965,0.1552066247710967,0.43438105682124006,-0.5218037734738499,0.4571237815225139,-0.3910372904504704,0.19321581338871896,0.2686089341187313,0.3387076804215112,-0.24845994731053533,-0.4313887457503558,-0.5104163035301883,-0.5745019438312189,-0.6440787695704442,0.32010800240227044,0.02718630575644465,-0.31304241446519687,-0.3948610344904686,0.06909367918837683,-0.56808957350562,0.3048349756150478,-0.04066227938851963,-0.35938438014910634,0.42284125332620015,0.3219055914755464,0.2149561296412421,0.3834105548344122,0.38611908347287294,0.25696817314216114,0.21511987792357934,0.6373211974216847,-0.5804522832386318,-0.1743619227920279,-0.13372540095219776,0.6976397309034579,0.8721102493426245,0.17102740134934247,-0.09469779970524628,-0.3257446242404185,-0.4617222057286152,0.16183468558412673,0.5285323954024316,0.09471097180918864,-0.35300795852054145,-0.15116941454359423,-0.6073463158416539,-0.02956715610523286,0.4269406460356713,-0.03649014316569854,-0.48250767331468003,0.3764668336557355,-0.11398858560993119,0.2240274753413024,-0.6679548418477224,-0.15170471054962253,0.03828887185717633,-0.7135528482548923,0.7468309646155538,-0.5483954706178777,-0.48088000952961396,-0.42461376759273683,0.4140441999804715,0.7021749414637493,-0.5300090891439653,0.337783905035687,0.6121381867987686,-0.37804956468880646,0.2532572769384187,0.19670228591484495,-0.2111262385238022,0.40601820626835816,0.09518930857711116,0.01466589916700678,-0.35727924828926994,0.8227276756335471,0.30160641273312083,0.3697596057541337,-0.7186471290880561,0.7633729548361576,-0.5513815287364809,0.6994874408028834,-0.36251725877317487,-0.4849248676425524,-0.4073120605890008,0.039060380869628486,-0.5876124363312958,0.3940539584123026,0.3919173350929578,0.4052066699144947,-0.5515966535899528,-0.08937414196299565,-0.34590102583270954,-0.5247097407126871,0.2865447574867026,-0.45017421902969246,-0.5673075964613701,-0.3805605687034652,-0.02122780988061357,0.26546186305071173,-0.4242413732473689,-0.4359812536496308,0.18212971030379665,0.20017565008996352,0.25695768044345946,-0.10215467896342312,0.2263179172091404,-0.19772492779987472,-0.41257988390854794,-0.6290173356733304
ARG,-0.10635894517894973,-0.05748334174651126,0.25739234432324143,1.0,0.1998944145788738,0.6521053359640876,0.22429970530075205,0.2591118514005768,0.16893132002679756,-0.3795344644123122,-0.4292552932943072,-0.10688257523442757,0.21906413395014912,0.2346399000492393,-0.07877268476320665,0.008839365907380325,0.4527534682208093,-0.4786270763084317,0.07757543655917953,0.747709235759109,0.2462987333330917,-0.47435211903914154,-0.16241834382817255,-0.28827785000489303,0.5159383165694968,0.09913947925431632,0.5117350311494396,0.3454428471063682,-0.33531324241405724,-0.3691110759741776,-0.3538968130017137,-0.2733122495734468,0.6578510941227917,-0.3949401298089126,-0.36916619015981356,0.2744290348390628,0.034098823965437064,0.059337835836809294,0.41320204605136357,-0.5641650667917792,0.23529251882552993,0.3760653419710255,0.3667386633513241,0.2737533732103139,0.2774004965800413,0.2815677264683376,0.16870835097073877,-0.1747440659504076,0.3410159581574883,-0.34107418714169224,0.38254109733891317,0.01093372896125322,0.4537901297239564,0.24265267231545407,-0.17908760472564356,-0.4806154265501881,-0.3026935816969152,-0.32435912192293737,-0.21139279663584243,0.23540443253103827,-0.2547808199952446,-0.5750491538562723,0.1449837130798859,-0.24258034756412417,0.0729815684643782,0.16600665476305143,-0.020337557015469132,0.0014983291059394999,0.7200287849288425,0.19843030782026272,0.285979243654222,0.38051075164572823,0.40779678496087346,0.3137510807965279,0.5174260703228857,-0.2696799041179636,-0.1384950353129919,-0.4603463671169752,0.31652452479989734,0.234711624778297,0.14156946359936795,0.05540314267411228,-0.13152798944211752,-0.5334895208009431,0.1815865053566592,0.014674352925724943,0.16900989511574904,-0.39326761200582805,-0.05637075889473664,-0.342787293458914,-0.29495131956496423,0.5057395545273629,0.034954527828912174,-0.3059249883569828,-0.004914751373101378,-0.1143675921963232,0.03831264301513626,-0.5326396048144213,-0.3340242945227563,-0.2804608096066199,-0.2996978345633252,0.121088960282143,-0.5684347740994644,-0.42095067877363723,-0.26003946136116785,0.1669790771326065,0.4606029213554821,0.18581045198594326,0.4730671548589447,0.0011830348619599196,0.041666230147969996,-0.13464989279443973,0.4357164891256371,-0.14643563059804765,0.3626930186556313,0.057782039030080945,-0.10501851031323106,0.14647159377935526,0.3743467696734557,0.25966491522163815,0.8119041550940536,-0.3144226258738614,0.3666170375954392,-0.44370194143131547,-0.014163758016027428,-0.5788476737920325,-0.21951270581383153,-0.1604590134069177,0.3805069685818535,-0.28450287954033016,-0.026602895382011216,-0.030714736984570834,0.317856649106963,-0.4973938129222488,0.10215825802986633,-0.38622818141508475,-0.5593325810185901,-0.1906177763261645,-0.1662893026213208,-0.35763412261663063,-0.4513796947703965,-0.04967808564968612,0.6061234174162916,-0.25833338237098435,-0.2663040292502543,0.49388966950827884,0.6799691740611368,0.5698008930251288,0.4804538142310584,0.0018282684189893095,0.17400025161404997,-0.35404690302361197,-0.4773358803472143
ARM,-0.36942975696909475,0.791303997808005,-0.15347699533620718,0.1998944145788738,1.0,0.009318265557278549,0.13940526074930026,0.20437083973308245,-0.05467287234438545,-0.3601344666418389,-0.3602725315965474,0.030577572359506533,0.48300405858267426,0.1615511053824461,0.21491350200090964,0.6262814439281901,0.22584161340163367,0.11450834914207819,-0.2443140983049623,0.10062103650147047,0.04253244607596951,-0.1279005120647243,-0.12291699259015254,0.015641935245372496,0.1097110306015685,0.09145820474777577,0.3929082066767362,-0.08324117774912065,-0.17796918055426647,-0.33434323419518086,-0.3694740665101073,-0.08465556999532309,0.3995385711501891,-0.07968196408996664,0.12439443656067872,0.2613285548250288,0.09503061320439155,0.2509606591828324,0.31325769093349076,-0.13552337360762134,0.11796662842572836,0.178213453368818,-0.10456321848771655,0.03027563353350049,0.12175527254399743,0.28543447132987976,0.4244173811793679,-0.30366230373745706,0.1797706604408409,0.14070679341592707,0.08479659890843538,-0.0031053469356574492,0.038780523263986955,0.7494932974247235,-0.22850919661293956,-0.33458647261886765,-0.174468494740891,-0.22941112648992323,-0.38594147265739265,0.24720865690457683,-0.35155489123623895,-0.403794800525191,0.4765648390052294,0.17181075577824434,0.43691575287915374,0.09080176073781043,-0.07044999584786416,0.17947790029381705,0.19577819873003366,-0.28172352956933233,0.26001134375824175,-0.010465412651977868,0.15633469733349148,0.13160837568961625,0.10107805455596719,-0.3891244624058152,0.05031450116889191,-0.26383266553793194,0.11645276536483407,-0.3907881287491308,0.10706446205681053,-0.01875443110267283,0.07858929669258463,-0.24430561669561524,0.6148200020434632,-0.10625263420849906,0.6127689026494427,0.08231648629346966,0.41773195607638725,-0.37063642223605653,-0.2232750387504805,-0.0498236181795666,0.725488206363566,-0.47695548578674374,0.15451761618026727,0.5018747643287934,0.1082270156251508,-0.3626319792350503,-0.2662135573059041,0.4382126056748442,-0.3436045570247952,-0.014502758696666174,-0.12917443267094475,-0.4528118639049816,0.2456447796003165,-0.002104223307482389,0.002425576881223357,0.1695776935956277,0.2640000644309003,-0.5218290305876638,-0.3497839029200507,-0.13204350040264812,0.19242848869297602,-0.2508668429426393,0.42891375951850064,0.286968136561335,0.37964069619796814,0.06860122558317017,-0.004659873481699828,0.6326332676719781,0.15573213962214916,-0.05516155116957644,-0.27082879750828814,-0.49355649886072195,-0.02551043098545014,-0.4368749641096703,-0.15845939207056237,0.0900694039235711,0.6506793938718343,-0.16017342363937925,0.3669310140806985,0.2841096566357637,0.11773981484428908,0.13013952509374616,-0.18721755485637948,-0.38718684716797935,-0.38255441048834915,-0.1738167455712527,0.21764656572744334,-0.3540426906016301,0.16890330280822075,0.37734119427091617,0.1336045268036251,-0.31258874513457013,-0.42736853701027244,0.4752398333296296,0.473963160094654,0.04949907064649728,0.3245085116475577,-0.07373645534814699,0.008124454556607486,-0.27909751807442085,-0.19446744119432813
AUS,-0.5477664785111007,0.018050436889537447,0.5406775763378493,0.6521053359640876,0.009318265557278549,1.0,0.7838070469757197,0.019911103903929805,0.7294844710450575,-0.6841978642779565,-0.7925494207207242,-0.4878737527827868,0.47377258291041124,0.4707881134162133,0.44797557179677305,0.2280763969488696,0.15627559159367566,-0.21869943770291767,-0.43742129770577676,0.5441549150717824,0.3684862637275498,-0.6148787135767937,-0.3526240155244589,-0.7310497044260584,0.9456154744429107,0.6918100255995472,0.7184828593168109,0.22647645342724676,-0.709404370772079,-0.6681492832304443,-0.7275299423883133,-0.5705829316151949,0.34104391390205,-0.6190235594708322,-0.21901898938450226,0.49710261559949476,0.6125872285476786,0.6483569871858126,0.7558597174034505,-0.4591867298521497,0.7762118364378177,0.169948438327849,-0.011306146524489247,0.08111823807887042,-0.13916502112976814,0.7146026785668468,0.5332637838406629,-0.6427398738951977,0.8489445840064327,-0.38511127922532595,0.8147981508313571,-0.28820076688539564,0.8790930583895494,0.12451475903504572,-0.7410764692230016,-0.862903475462649,-0.5230478700076844,-0.7256862868144838,-0.35026705230328314,0.6560239965036943,-0.5349857531254738,-0.7242450812413537,0.5831920493885562,-0.6689577424874114,0.48938374270619156,-0.26781143838438193,-0.44490221672267305,0.5649569254230775,0.35695093726080096,-0.19265788757255953,0.7063899139413017,0.85105499513206,0.8264248013902846,0.7844621415298095,0.4096571044401167,-0.6479830555395001,-0.4647975137859368,-0.651537233344937,0.7792869557573919,0.41386257863523834,0.5097512002807693,0.1436934853710521,-0.2107768215317387,-0.6458177003721535,0.35539485841333707,0.5642226540146082,0.4080554781523993,-0.23893367926706155,-0.07429358315532131,-0.6997028452177094,-0.08304881867114267,0.5462766493630852,0.22454027105623153,-0.6663259044733789,0.5109735492958057,0.28564804687403234,-0.24399534108463983,-0.7825582474421418,-0.7295833215268113,0.09079594623595244,-0.6702844515326161,0.37485284746575587,-0.6717893253496223,-0.6624925843213354,-0.7283534109079881,0.7441173799691551,0.8614917265568359,-0.4596980365741019,0.8740799352022838,0.1780240824173257,-0.3825533152594933,0.11382842439448115,0.09564320864908338,-0.3360594395333485,0.7004690583886933,0.5956702537650499,-0.4131603619075981,0.013717141909827979,0.4623587666883764,0.308941064757549,0.6960433280656254,-0.7218526873047746,0.4096263691808142,-0.6465435081667228,0.4766657377001817,-0.6038383700039007,-0.7222622352790427,-0.3306806235203943,0.4210213059816288,-0.4181275810744338,0.4893646858909758,0.5663409984039881,0.8158352743899782,-0.676363902701125,-0.2580649825925918,-0.7255484609908776,-0.7822565417143876,0.025271838335645613,-0.6084279807568671,-0.40180628738540736,-0.2853840399273142,0.09471653185628703,0.40899652995303437,-0.7159605583954798,-0.5914106699040667,0.37606011502470693,0.5482930316163391,0.8739892250956993,-0.06132186053441124,-0.26715381306763497,0.17457429900945454,-0.7546677195371656,-0.6797261018242597
AUT,-0.7535173380270197,0.2269798449060697,0.525818098246317,0.22429970530075205,0.13940526074930026,0.7838070469757197,1.0,-0.042183858185747436,0.9061000327885028,-0.8517548140455797,-0.8926637932546406,-0.5929204897879139,0.6931009347969506,0.6590558793831013,0.5994584704698579,0.488144711183499,0.1686192211943841,0.00681926604495342,-0.5522639510188794,0.17934189133323786,0.38142900266327695,-0.3919339614947126,-0.32406357002617514,-0.8598085535755013,0.8870301753217853,0.8924665546304186,0.7019327628369001,0.027977032147096237,-0.8287098053874955,-0.8382880539659578,-0.8669295966174904,-0.5942915289172879,0.05352607928624731,-0.6937689431946721,0.0023982093391834436,0.4974237330546276,0.7851010309226178,0.9240610928888086,0.8881217239976091,-0.17512356127840256,0.9311167712520364,-0.07103551639613337,-0.30975167037614604,-0.02228906447702461,-0.4769669650546564,0.7501654893911456,0.7971910135877504,-0.8065580017954499,0.9455519787675941,-0.05745078404284398,0.8359813751006634,-0.422984260312111,0.851999947455198,0.278551152873305,-0.830258942806591,-0.8922586078336794,-0.7295411179545601,-0.8303997625113744,-0.4459258914883535,0.6579317571995262,-0.6755907402016792,-0.6221306691975337,0.8097664932795925,-0.8039424847071575,0.8474845783604876,-0.4821011091195462,-0.6049056483146931,0.8639952005491416,-0.029898234943559032,-0.4550919682188501,0.8107832419985056,0.7967022916298311,0.8292562236888079,0.750263251056686,0.22228199328519616,-0.7952522783984144,-0.3217956452051105,-0.5969507217559138,0.8808848700213908,0.25186772857566797,0.564166352842147,0.06369686155526799,-0.1682151424762961,-0.4982911855519361,0.683575175003465,0.7556373665899347,0.7158257219724113,-0.09444642797529768,0.25057772165328784,-0.8449126660935677,0.07014548059494741,0.32270935013857516,0.4913259635933077,-0.8485074018450651,0.7963669702074865,0.5781477913879602,-0.20601894664837017,-0.7761696140913399,-0.8489936950936265,0.522950470131787,-0.8140500899887082,0.49757667142675854,-0.5550033434855584,-0.7532534000954014,-0.59708149014342,0.9285373685913894,0.8565712033285318,-0.7226658924917948,0.8346627018306582,-0.029812752425589784,-0.6751094765078389,0.3470175699398973,-0.0823751157362993,-0.5229964880949263,0.8531201098484894,0.7926460330117564,-0.35201877168413764,-0.10934118111985724,0.4656500617963564,0.49854877381632234,0.4636612304389469,-0.8429972850482779,0.21233105837595323,-0.7749556614977076,0.7380820567050731,-0.5352969715551201,-0.9130648359591786,-0.17966473868459398,0.4988796689897512,-0.4497597270171556,0.8541783111309876,0.9093442246315138,0.9287516537404261,-0.525976020193127,-0.6387410888607095,-0.820015880622186,-0.802382312043211,0.25468830820976907,-0.6096505269195904,-0.27917116880340265,-0.005679011583655802,0.18760031900753038,0.1252853771663318,-0.8936340179564075,-0.8027815542534,0.45346187400245286,0.40376258514749674,0.661701185115573,-0.3670726815189931,-0.19420225583302675,-0.01401976108229741,-0.907242745263479,-0.5606545679735593
AZE,0.2368255173209748,0.19263488035788978,0.5093255986918795,0.2591118514005768,0.20437083973308245,0.019911103903929805,-0.042183858185747436,1.0,-0.18647733871348038,-0.18348028448600862,-0.06860373175347156,0.05814043166423677,-0.008681380520803694,0.28638108703732823,-0.42191601128246137,-0.1606857320151378,0.5163463397204384,-0.23505585303044585,0.43615324957285084,-0.051740142336993644,0.6314189316087869,0.031359643190486675,0.013749484933407219,0.07738891513001067,-0.017522791332610144,-0.055322177878495804,0.13608158087925148,0.23804972550502512,0.05389869957565918,-0.16505053815370951,0.14784337209804832,0.4444145908827013,0.14030539752585558,-0.34213814728339664,-0.6781607991465772,-0.34549548343389946,-0.3468744115648583,-0.0046462722487454755,-0.035103379560142534,-0.5919970643716712,-0.21786625259336967,0.17059288431912178,0.43303637627027736,0.2920753559270608,0.45993070431730476,-0.2710013000162752,0.012956739669708117,-0.15457873516509735,-0.04885677051109494,-0.2255684293039244,-0.3357577180334397,0.49207998948141907,-0.18288883454847604,-0.14799793076972056,-0.09086586195382984,-0.026727679438789176,-0.2199288885561126,-0.25052782474714097,0.4469407869534612,-0.2578264449585437,-0.11265858284325159,-0.2842340376310739,-0.15434527978067414,-0.07171290826966703,-0.01521190055402255,0.41658448786259084,0.1112246069956393,-0.12409301337884493,0.5795851611297165,0.49225649510910685,-0.08871368040591321,-0.3094852667120098,-0.201924472688211,-0.23311365194229605,0.6275701412750553,-0.17297985967137608,0.2872756997493775,0.06810020526797667,0.1547444194110421,0.42650355351245306,-0.4087399689113882,0.2185380348923237,-0.10105862908886776,-0.15286457214815297,0.0248852955222455,-0.20470625387354913,-0.06380655431356708,-0.3983835769299773,0.06480235282936941,-0.14154987066554114,-0.44560955575570893,0.1813979639822113,-0.07135375220081586,-0.023885370618765167,-0.2368464990959458,-0.4381873154879927,0.10677501807286349,-0.3433034273200093,0.25813192070101887,-0.15125767810082058,-0.21766026739417543,0.368655202840553,-0.28370915256385976,-0.07630592695579308,-0.04465477354897307,-0.260935580850433,0.2704973894380406,-0.01833360978285281,-0.13656987391988662,0.3198581545932403,0.05756823233709096,-0.4089216615503093,0.33826228720460505,0.042120553687129414,0.10577712549043206,-0.3145646525348298,0.4411537098665922,-0.4554964525175438,0.5016407802530638,0.4388633596684197,0.3329789733209021,-0.21252434803144604,0.45761277622461005,-0.256381256966848,-0.03251720259955815,-0.271142079369572,-0.006712150027871289,-0.31264259285425977,0.15860765780681485,-0.5150538584962168,0.04125471709616335,-0.018834941482049672,-0.168696198622315,0.0086924437241781,0.19683309630033996,0.14982813942652862,-0.22805620606855115,0.21962705232066915,0.193927974254829,-0.4765432771950726,-0.2763350483501861,0.0620342723548335,0.03797620498974563,0.040484394757016484,-0.10278308752024756,0.18793723826143982,0.01193798814556335,-0.1732063890171054,0.3537806801919332,0.5192860854433037,-0.20070338435118407,0.046142144486813086,-0.4213443817020224
BEL,-0.5598844076352194,0.043238139298300116,0.5085928819112426,0.16893132002679756,-0.05467287234438545,0.7294844710450575,0.9061000327885028,-0.18647733871348038,1.0,-0.7968980744491274,-0.8529831963896548,-0.7301573473671259,0.6577341976833588,0.5337670838263906,0.6614701323235733,0.37351031233793186,0.12817867620646295,0.0748317179251381,-0.5871575806465437,0.10904596466655792,0.31602078689489566,-0.48034993439840057,-0.1620077813432903,-0.9148394771385959,0.8447992875800228,0.8469011672285257,0.6032463088520694,-0.07933590055723583,-0.7435153367174836,-0.7728310963668581,-0.7654847598481893,-0.47689119026454696,-0.08565867450316178,-0.7127523271662075,0.1027343650011604,0.5381577043208996,0.8329125043028184,0.8439041819967336,0.7502005344518368,0.09460630724356911,0.9458801994896258,-0.1170113798858301,-0.24901552262476456,-0.2297507957826881,-0.5476800867906138,0.7362615297311628,0.7468338872197411,-0.7770894144914113,0.8776881265262477,-0.042945800560287184,0.8278978315938101,-0.3064935222247738,0.8631814489754522,0.20436506099885865,-0.767493911612096,-0.8196493599169945,-0.5914111905267565,-0.7840597486617775,-0.33529043680735593,0.675816545117604,-0.6839266415871141,-0.4613414149343309,0.7032535936890665,-0.8276628883770436,0.8049519897274418,-0.6424672140576013,-0.6618017945239314,0.9040657840228864,-0.08626893152885962,-0.3607713142190865,0.7907121099667043,0.8588675778283127,0.7520740256848019,0.636985832010125,0.09313767267506456,-0.7695019358260464,-0.34896794068972237,-0.6565823459765259,0.7655435604188868,0.32296062308116813,0.6907828768049991,0.1288147843655052,-0.4055994312471969,-0.3467052588271313,0.5672224269344376,0.8808856970563251,0.6311125985596746,-0.1007031896628312,0.017146059816688153,-0.7940425308828098,0.25871093660468714,0.2788946869005364,0.4523775634597714,-0.810637757039882,0.8625651049072337,0.5830834185905922,-0.23172933528725936,-0.6851723913943943,-0.7301618125120388,0.3798719366048924,-0.7574960041651035,0.4565543095475719,-0.3985633978629608,-0.7484961917646185,-0.575879938648614,0.9658283712561958,0.7611594530258551,-0.7247607358972981,0.7791765772495445,0.1339523017998231,-0.7327296072733724,0.42329790072913154,-0.27664615040339857,-0.5587906297526373,0.7018420252964841,0.725542648479793,-0.5403696307322283,0.11795616997560465,0.32697182322623664,0.18447655762435822,0.3608123411830799,-0.8486508690912364,0.2635759324030429,-0.6999745930768251,0.808463055678314,-0.46813152651056367,-0.8962648765241807,-0.2477589558501505,0.4062621234284485,-0.21327645901118708,0.8030600235204993,0.8174878730875127,0.9221458768276732,-0.518996573954781,-0.5812681608400654,-0.8330317866420485,-0.7505588817821638,0.10606063003829169,-0.6577723923299037,-0.1363845082477495,-0.18712907358014585,0.30895221364341663,0.10428739952331134,-0.8767780887915433,-0.7501174407626872,0.36776302290551754,0.30796330047275444,0.6230771515173222,-0.5158824255296284,-0.34894166155803874,0.10162669492828191,-0.7852713044438153,-0.5283866079163766
BEN,0.5034859473952177,-0.29624066977265673,-0.5438343043027767,-0.3795344644123122,-0.3601344666418389,-0.6841978642779565,-0.8517548140455797,-0.18348028448600862,-0.7968980744491274,1.0,0.9276847823753974,0.616405502224794,-0.8109032766272637,-0.6291898782780034,-0.4120551577966052,-0.5791194131941597,-0.49925906100180906,0.04531424880772261,0.507633278430057,-0.16069940389759463,-0.5444656984627634,0.3660649818917927,0.04327847749039593,0.8733582311696756,-0.8161886743890829,-0.6975130934727476,-0.7066435028628255,-0.09544765951819323,0.8693492801585462,0.9519046714556443,0.8182392040709927,0.33026806195463676,-0.17628603210024618,0.8574606443866565,0.08445196699923097,-0.49130748408754266,-0.624348800634281,-0.8140461441832403,-0.8058546677701268,0.16949780984615603,-0.7849221426276465,0.0823243552856614,0.009407191827374484,0.013518209645780987,0.29189773869227365,-0.6634119698411207,-0.8780738733034523,0.8523883119574402,-0.8491124594318857,0.07394249385460006,-0.6724150864140799,0.1327105808867618,-0.7204117357683426,-0.5039870590374997,0.7409128592849468,0.8640695195018889,0.8263650484042642,0.910598820264437,0.2924033307884897,-0.5531587394729676,0.7924081792672515,0.6304972434120981,-0.7673791207691625,0.7468266147984869,-0.8559071184482607,0.3770184628574361,0.5303479491152664,-0.8391373101345234,-0.31674441029546396,0.16796304560499975,-0.7399347023337519,-0.6545898276422217,-0.6988093780969593,-0.5040027204619395,-0.40266099175134507,0.8844514618250136,0.11921704806246236,0.7014457297323087,-0.7372822939945571,-0.28275279046606805,-0.40270373846259266,-0.11754979003758104,0.20112197698293555,0.3482251146810651,-0.8169360208965211,-0.6232194709220682,-0.794421825631145,0.3128122552890218,-0.2217939340744597,0.9243766021862865,-0.04741564881937044,-0.2841761890553518,-0.6493619495250096,0.9302241079877921,-0.6785155392040609,-0.5553641105318334,-0.008015623044107079,0.8954904271136322,0.6669547789418935,-0.4561465375152991,0.8253258483087001,-0.47416247717730564,0.43239586030773847,0.9247864493200696,0.40776743823870576,-0.7391949519223107,-0.7659536824921285,0.5999878998452142,-0.7017522104593883,0.00800890029783563,0.7862955288018957,-0.24291353731196885,0.07080303732904836,0.6246038144369557,-0.8821996140941115,-0.6274077314245272,0.3246647321579681,0.005672135714034021,-0.4925764792063594,-0.5940173082716389,-0.6077331729901263,0.8212863544503456,-0.3553239675463107,0.9492343842468105,-0.6451823508210706,0.6661612613393013,0.901117933974445,0.23558991058218437,-0.7454083785095214,0.4226016670117112,-0.8687813074403787,-0.832201100686675,-0.8021362894696691,0.36861417733929613,0.4958505379008533,0.8834008654950792,0.9533130711163789,-0.09254916029950144,0.4400686491493879,0.3205769168792907,0.21518281593774458,-0.35743965982745984,-0.251494366742556,0.8797311934106954,0.8155948271044157,-0.6761002255850377,-0.4303736598780856,-0.5373097887955254,0.20022275497770903,0.14924217341978552,-0.10848407657440151,0.7800070563394725,0.6042804921639003
BFA,0.6709707352194707,-0.3114947383837643,-0.5306282958547857,-0.4292552932943072,-0.3602725315965474,-0.7925494207207242,-0.8926637932546406,-0.06860373175347156,-0.8529831963896548,0.9276847823753974,1.0,0.5887283665423846,-0.8248879809372212,-0.6259889338533458,-0.6217598369247685,-0.5120218546130153,-0.38327971858623244,-0.05586210082103049,0.5453752316361524,-0.22515971596178863,-0.42092006530500514,0.5415644004363184,0.2328802815954758,0.8617344215424866,-0.8755951025262183,-0.8232427632479813,-0.7768319329793463,0.026403807224989473,0.8064275548715159,0.8992206036452964,0.8817916324364902,0.4909589356896378,-0.16719355692227644,0.7362800019642607,0.0026685311608536377,-0.5980457303672835,-0.7841515497808196,-0.8321360254939507,-0.838229979423375,0.1645982526314912,-0.8662975733673353,-0.0970907138857624,0.19088221253710635,0.07724202969210292,0.36482652853437736,-0.7421942989524548,-0.8490328277577244,0.8496291691213018,-0.8840656168279666,0.02452192280381993,-0.7592836358019994,0.2551762004305742,-0.8238636348176556,-0.49144164407800894,0.8283808029793326,0.9696748246107476,0.6623814620438707,0.8760310478959151,0.41254683620275656,-0.708847367978575,0.7274030406021661,0.6729342736564641,-0.7931915618965666,0.7085218736718373,-0.8398916795787921,0.44859400102907543,0.6241137740965153,-0.835834773748942,-0.2311007624264898,0.3708501487278971,-0.8267057493603249,-0.7800863129205222,-0.782552615236126,-0.6383468533430126,-0.3408704779528404,0.8696662157983966,0.2690590849471943,0.6980014188714923,-0.7947079492494011,-0.24751416735445986,-0.6486178010336618,-0.14932910553636924,0.27675073600614,0.5396330365082902,-0.745228244891627,-0.7572145801863011,-0.7913842475831485,0.3071130027439981,-0.21539778811086308,0.9088814424368173,-0.0782005103329193,-0.3604200071028927,-0.6169097142274991,0.9559342729094858,-0.8014443345824138,-0.6328782521287999,0.08519028296422826,0.921429486736604,0.7773100171818307,-0.48980833975954274,0.8875747475569478,-0.44472216887229177,0.5628457931341049,0.9311949731309003,0.45109348587956777,-0.8241600420085775,-0.791986800700339,0.5363437555211386,-0.8519144881259715,0.022868398674071866,0.735231218671449,-0.32343325120805577,0.03251793434986294,0.5795101156737811,-0.8409132147900169,-0.7143759337779889,0.298685248268602,0.005765004492660708,-0.44226386379675686,-0.5011667789323364,-0.577443187099592,0.8629269154414968,-0.23003257041557368,0.9158996997248889,-0.7301412199476291,0.6913973055397713,0.8691887881218182,0.19717932692263185,-0.6721134374160973,0.3603772513588621,-0.8183784253010176,-0.827918224130888,-0.8573096187417573,0.5236633011358249,0.5260471460856433,0.944781528935349,0.925334339007569,-0.05714247729356159,0.5242370669405043,0.40549807210003275,0.1725729066550774,-0.33186305497003343,-0.22152264604504657,0.9224518887533926,0.8738420695174255,-0.6187602347006029,-0.5872030201858722,-0.6717098936758275,0.17461597101473147,0.2568359940665894,-0.09235574304262495,0.8510005477533594,0.6877725938981002
BGD,0.15321366015837867,-0.010152843335334394,-0.3296430893224209,-0.10688257523442757,0.030577572359506533,-0.4878737527827868,-0.5929204897879139,0.05814043166423677,-0.7301573473671259,0.616405502224794,0.5887283665423846,1.0,-0.41886616574936797,-0.3955146724181322,-0.45916271924098506,-0.32947307864424347,-0.1258814187832611,-0.2577672869359935,0.3721824668447973,0.08036022260149733,-0.5519894402025303,0.15338905748049914,-0.2806605281396872,0.6556772547975289,-0.5686675780550421,-0.40107387023890095,-0.25795051229925625,0.288235771619491,0.5527281916014763,0.6013260406388755,0.5555347187582428,0.09596873222195723,0.26781093563998337,0.5318759227666723,-0.16704440656267416,-0.347309917196851,-0.5891247592375541,-0.6006572078727448,-0.38438362533890613,-0.10451943287329524,-0.743939306880959,0.41066343012691453,-0.025386466707577826,0.37612075849051996,0.49180073500868704,-0.4223440039485895,-0.6350062183006338,0.7136522317129558,-0.706524751155349,-0.10043640504393414,-0.4815617383926971,-0.11215403766925602,-0.5010088746339769,-0.1411525136556533,0.5854968197939177,0.523687163964238,0.4145445229480922,0.4696487895069199,0.0034923882444376497,-0.46770932273431653,0.7835959826349274,0.3744529289269415,-0.5587203119080932,0.7844703580168723,-0.5879498355439168,0.7621035775925479,0.8097840843216969,-0.657768872943145,0.09539088652671146,-0.017538261214892215,-0.7910500475760924,-0.6752446149514149,-0.36307901470713766,-0.287335947232884,-0.007943228080384834,0.7204472017501443,0.10915923800508431,0.7236054581247606,-0.3595294384933232,-0.3853744567970352,-0.3238584427121973,-0.2859891781007231,0.5351313485670439,-0.06147692558118778,-0.4420909165808853,-0.6266056695448361,-0.4774663730571116,0.163441650112799,0.03548516721709294,0.6322118992401262,-0.24355859024833748,0.18803774095458536,-0.4422693679083145,0.5362681601879021,-0.6739167744706274,-0.5486169737960318,0.11939068894356708,0.4788011349175705,0.3972243226711172,-0.14647045793503288,0.4723820146257952,-0.23750972472721088,-0.0029947767173026385,0.513542960587593,0.45130716954271766,-0.6704636717417078,-0.6360558070032005,0.7147003029747883,-0.607022476104395,-0.2780887114229569,0.7604760534392707,-0.0436869961114823,0.5006955672140633,0.7660480463659158,-0.402919023786374,-0.41263518508158525,0.5174752396311858,-0.394589410823005,-0.2963208298903517,0.003069009618720142,-0.17683944043561173,0.6740801596084912,-0.40245219870351967,0.538929481888338,-0.41137025911730785,0.15936205223660072,0.7342838649327152,0.31379586915977287,-0.4210348991942021,-0.13250155670173913,-0.5917986997043241,-0.6407359402349777,-0.7000708792402914,0.13784873607586168,0.4058079725698899,0.547949294993084,0.5836811475995647,0.14936347124823324,0.42368380084060975,-0.21573927440354423,0.0022722663400061016,-0.30137972192736995,0.10447756126974772,0.7452664675637016,0.5382583607565631,-0.1949142867806608,-0.17221875694168665,-0.23087282695596034,0.4782819159993853,0.517224339681386,-0.062427660981019706,0.5712602094595699,0.3893464936639599
BGR,-0.5441774609019956,0.358810975566473,0.2927989538227386,0.21906413395014912,0.48300405858267426,0.47377258291041124,0.6931009347969506,-0.008681380520803694,0.6577341976833588,-0.8109032766272637,-0.8248879809372212,-0.41886616574936797,1.0,0.6124393403469112,0.49112862711140703,0.6791814492894563,0.486141428419516,0.06661623513499537,-0.48172896746390226,0.04936702503140922,0.286868677237323,-0.3368025260086369,-0.03861673573825719,-0.6562600358464907,0.630301429111577,0.5833845671036934,0.563286077992995,-0.08291859350557451,-0.6259536141017117,-0.7858132865992888,-0.7317564305776614,-0.336690213385908,0.08350286576217181,-0.6343054759852815,0.19201300235174246,0.3677418445762549,0.5766283281635497,0.7164423394554486,0.7470197487664059,0.06401377271035658,0.6767301546512139,-0.027837702763841676,-0.2716294609872727,-0.2423617434330363,-0.4430098152523716,0.6023016450669296,0.8358362575851225,-0.7105096741992989,0.6684591412033029,0.1522800799917443,0.5403258671970324,-0.2309985781786441,0.5750946019279904,0.5821286681915362,-0.6361689673623379,-0.7349666423849532,-0.5703092012027726,-0.7154803766227771,-0.40227078245604053,0.5919255780745606,-0.6860940672172453,-0.4834728330691922,0.7197736751731959,-0.4483466015972637,0.8360057779261185,-0.38724589732117143,-0.4326955685076215,0.7440008987223138,0.13840789352067961,-0.45515918518961285,0.6543913364442103,0.4618168017910884,0.5709474010229927,0.4259389072072528,0.21080073825246126,-0.7479225497912925,-0.2047380815319646,-0.5472559936270629,0.5942368280886839,-0.0516407391165854,0.48898942516131316,0.21351228304877345,-0.254152699151847,-0.22030411699117014,0.8518281950393498,0.5895965307668392,0.8650243675315872,-0.21107379766931111,0.235923000014572,-0.7726136788340463,-0.0010566270047196458,0.14756159995076124,0.7408456326519554,-0.8693464028202129,0.6891258805490998,0.6469433003342632,0.10209055375111908,-0.7182649935131367,-0.6236434193601617,0.517592651976137,-0.7376195419794136,0.30092479478530576,-0.25778451755106224,-0.8586766502643339,-0.17202304191800133,0.6495179519258931,0.47280672318468064,-0.32307061063582543,0.5869913739396496,-0.3396477512795115,-0.7402748482840344,0.3015602380106859,-0.049904181399035075,-0.5806585159545001,0.7487538057770159,0.6048351808908141,-0.3384857621088515,-0.1561790732142705,0.3014657570610372,0.5736688171833361,0.4809746699904226,-0.6567545986033185,-0.03235021353211165,-0.813488215082474,0.5801188839299776,-0.6344770716809065,-0.6955550626066571,-0.02227140764009472,0.7483056151592864,-0.22723310546773012,0.7856784723832775,0.7158296099623648,0.617896090620891,-0.18220203417582903,-0.50103806352308,-0.8331955426268545,-0.7644366879487379,0.009212777750338352,-0.4978548824117428,-0.29042826079140993,-0.13891394523473077,0.3520992634971569,0.06125359328150981,-0.7791516947467017,-0.7894770415938199,0.6743801517468835,0.4360714513056959,0.4402542847165921,-0.22628438656210115,-0.2460285330589247,0.252050833342111,-0.6846942005424905,-0.43322268625921234
BHR,-0.46135348402630827,0.07772954317259939,0.5958018943364878,0.2346399000492393,0.1615511053824461,0.4707881134162133,0.6590558793831013,0.28638108703732823,0.5337670838263906,-0.6291898782780034,-0.6259889338533458,-0.3955146724181322,0.6124393403469112,1.0,0.23753659788448367,0.302660357534841,0.49106480600568125,-0.17303836531785088,0.00021843604841198516,0.0035513261748360003,0.613065777273735,-0.04976784719351679,-0.17255171463329932,-0.482937261803446,0.4922763693691301,0.5399815725795151,0.5917320847036458,-0.05396202384655191,-0.5804201516795406,-0.6460683781705061,-0.573702590969662,-0.24550729108739233,0.027925685915495713,-0.5848485121579665,-0.0728197582288368,0.08105015629566892,0.3086162237849237,0.6257009357071164,0.652557628626892,-0.16843999398234621,0.530008032623835,0.18914274937382713,-0.10857521566023198,0.2543693943686711,-0.43251199149691555,0.2499586120323597,0.6489261160965549,-0.6407548366586906,0.5568405172196572,0.08021330045983,0.3328859709891481,-0.07113061855990632,0.3835422256990516,0.13035643825362753,-0.524734089998768,-0.5271299785346808,-0.6351383324315041,-0.6013507598482184,-0.1632560554356819,0.21839716894587413,-0.41843861507267555,-0.46125712435672983,0.38823817802060767,-0.5586701132694307,0.5632152409897682,-0.25883791764496644,-0.5251163435571757,0.5265749943571351,0.10031563243234287,-0.1363180028917932,0.5866193695587184,0.3834252015992521,0.35959439731031284,0.3439762465211682,0.4252320055314365,-0.6613333611874341,-0.10189706803028087,-0.35481303486704086,0.668210506685519,0.32788373840063345,0.3376836325304632,0.1354848656958706,-0.3965246558179114,-0.38117335249359896,0.6499218656344834,0.47581666970868874,0.5710132190488934,-0.29163519526192316,0.24958968527536518,-0.6899638306818305,-0.18490053977525323,0.3090190819652294,0.2739787941595071,-0.6096002513780103,0.6089805930576976,0.20358421921099557,0.19457292069888632,-0.6392919108479735,-0.47641063473363743,0.40857122359037035,-0.7340324256148585,0.5011931093035941,-0.5161561866845941,-0.5346521761114409,-0.3289578287999084,0.5378870934055285,0.6463474813911971,-0.4553439899138385,0.46140284038718327,-0.14916596153016415,-0.465517706823523,0.2945985157039588,0.24238135019426998,-0.5517202550055167,0.5332107559510587,0.3408569418879681,0.005518497933869493,-0.3342769342930987,0.8082867075545135,0.5331012651717437,0.4145415621311217,-0.7451900281477783,0.2375758278032084,-0.5720918622792139,0.5965169316310557,-0.5250390683064015,-0.5570170785433013,0.10779837330468256,0.3542129776356706,-0.4062679456267493,0.5536398838925719,0.5769271694558386,0.5033283665271141,-0.3437235164092409,-0.5502019739094459,-0.46388126747225966,-0.5517845720857781,0.27525321325609675,-0.5488810692123156,-0.34363359953360106,0.009744198739459198,0.03275516868672834,-0.04269280849073165,-0.6551880107026622,-0.7372083123242223,0.45140026942108913,0.4922451821414795,0.24632471988098237,-0.21975163864296343,0.05967549173092468,-0.1801241365474895,-0.6661362135047058,-0.4673315779156859
BHS,-0.6480858475055928,0.2487399673256243,0.09396382455912233,-0.07877268476320665,0.21491350200090964,0.44797557179677305,0.5994584704698579,-0.42191601128246137,0.6614701323235733,-0.4120551577966052,-0.6217598369247685,-0.45916271924098506,0.49112862711140703,0.23753659788448367,1.0,0.3998999199442832,-0.3114925182951995,0.47379302198849715,-0.722149012937821,0.013406807415625721,-0.03511322130251182,-0.45711450199387826,-0.15573932792315737,-0.4696130819451696,0.5314675315838696,0.7211157910321477,0.41841298459583687,-0.4726336752719851,-0.40196291032870235,-0.38470126828075957,-0.6519696233258789,-0.46516823494495285,-0.0952067939621859,-0.11661526127727107,0.5237730446794123,0.597037492211978,0.8356071651609145,0.5751885569300037,0.4780591800475027,0.36622941878326665,0.7270397997724973,0.19039650157340893,-0.598138213723558,-0.43554695370529983,-0.5209534525913906,0.6535516375998324,0.5459703486337582,-0.5882115052641788,0.5953283852389696,0.18218973994170917,0.6209801974621929,-0.3141052961736841,0.6267586870825664,0.37840734881312876,-0.6723575121903678,-0.6191916519188181,-0.06607663116678242,-0.40314246300449286,-0.39243920356245754,0.6974595297387027,-0.42348128142750596,-0.41799548529861497,0.6613763819043075,-0.2681116728113089,0.5546229838621799,-0.6761840510452282,-0.6740988956175131,0.6812459033222321,-0.3505550890838143,-0.685932586156039,0.6284138776133602,0.6884219306620843,0.544171399526396,0.570923239628828,-0.17716471393451028,-0.5457048797596253,-0.5120976091022542,-0.5193684123118427,0.3921002651063874,-0.06539135996795808,0.8248200246888143,0.04860932276695418,-0.3104277269661617,-0.2669772534459538,0.4255078237156936,0.7325088610061373,0.5956745589147187,0.08367517483123255,0.05624328008137025,-0.5558378749064044,0.360949092849998,0.07212942309866954,0.5354167330296554,-0.6331549081332466,0.8081142326428228,0.7918302645016077,-0.30550168441990033,-0.43870617553580504,-0.6193734463243239,0.6114017931968991,-0.5404657888891737,-0.06396851311610074,-0.11522334615908858,-0.5642842011448537,-0.435912499185819,0.6673920565119068,0.355228334276003,-0.4110843383302656,0.6726230544920617,-0.10664947880558584,-0.6118981650241939,0.442170906464045,-0.33783540511470944,-0.432141239758816,0.3894605871954404,0.7223124042180379,-0.31824131692564617,0.24703700473274992,-0.051749280619466154,-0.006894693590118184,-0.042026713786186054,-0.43184314911242017,-0.23954793550583164,-0.42043346510675983,0.5779136864888731,-0.342911177869506,-0.479141914091338,-0.08700682809273896,0.2715838764459806,0.16050162331808782,0.5992971532055387,0.6175226943709347,0.6475402869072922,-0.17021113646686548,-0.5696549169942946,-0.676479882282671,-0.40287425034452795,-0.2940086391697794,-0.4642283311112112,-0.1593633495850897,0.1444170613186634,0.31865877511215457,-0.09394854201380198,-0.6922065562760338,-0.5951131352005952,0.024542372774915222,0.35884114316656257,0.5072767147111062,-0.45151800862140945,-0.6778661438565892,0.23706418704496335,-0.5034808092037117,-0.24714926805531068
BIH,-0.4926090267823746,0.5494405161304972,-0.15861041767501272,0.008839365907380325,0.6262814439281901,0.2280763969488696,0.488144711183499,-0.1606857320151378,0.37351031233793186,-0.5791194131941597,-0.5120218546130153,-0.32947307864424347,0.6791814492894563,0.302660357534841,0.3998999199442832,1.0,0.09985103186688449,0.1532288696520604,-0.6838549384395325,0.14949337657017892,0.10015633281368608,-0.04678710073226777,-0.06601365886164134,-0.3942497033059511,0.3808996538143451,0.2547081547594574,0.3117031307525443,-0.07377684684831065,-0.43869327205494124,-0.612727640729688,-0.6350581186978239,-0.3746167771132365,0.15441546184337884,-0.28305668559406216,0.40204748432142046,0.4025171528977476,0.4617148652484352,0.5321819004816271,0.5395153876354629,0.11710289300187582,0.4920859581492981,-0.19329347914888628,-0.10605420970103774,-0.3283829701988046,-0.17563437004097682,0.639931887950367,0.6200520323200784,-0.49416604172012546,0.5274345870616581,0.12132435802784569,0.48564679052266335,-0.34835617009638464,0.36636297138776563,0.6642712282734347,-0.5642127094492322,-0.46899003767275893,-0.34688536197050057,-0.430812488699273,-0.5806375005405229,0.6364558104699252,-0.5939077024149504,-0.3901146198495986,0.836721739982349,-0.23829712047529927,0.6974966742602151,-0.3427100289590852,-0.24301195997393865,0.5902076263458855,0.02261195074585609,-0.43547022931030366,0.47269817874791253,0.25382503757501185,0.5448283379275711,0.35802109140160276,-0.10349824301500776,-0.588962878743299,-0.1581903828441127,-0.5453032801438651,0.2596916082688866,-0.3773340069120519,0.27872776355863593,0.23789324792263955,-0.045363372530738744,-0.03747394832170081,0.7495492283490622,0.21400173801572642,0.7814947112823367,0.1900679047235263,0.29636240649056744,-0.5351747752080851,0.10237618851146735,-0.10738745352822576,0.8958840242840976,-0.6192856416535584,0.4483186428745176,0.7513762894421921,-0.21679027266703477,-0.406890346115405,-0.5589132333039597,0.6346545955668943,-0.3778619742429714,-0.08015149818190048,-0.035659855306453325,-0.5718210176545484,-0.1452133659505066,0.40233658078106505,0.19099277698473816,-0.16249702898940277,0.3992956473081124,-0.5271673498907603,-0.5939251442185105,-0.08688317666996159,-0.3293332044583688,-0.6235814678099598,0.6280486511448377,0.7321311610245388,-0.24701880239088925,0.07660201099046471,-0.0510739913103897,0.5087314095751195,0.21059087574076862,-0.23472608973085318,-0.2687299065637243,-0.5261203876842484,0.11957301035629242,-0.4228426923195632,-0.5557985060851827,0.08842098572972745,0.8556063294785548,-0.04799626732591378,0.6653474232977379,0.6496675987910586,0.4460208742951749,0.13204485313093584,-0.4363437005481092,-0.6338964835415128,-0.5687670581134769,-0.07689850579574298,-0.21386274320909315,-0.020695165833515494,0.10979780746603185,0.5631906532361626,0.0540811832938749,-0.6440061635594092,-0.6013569178763813,0.4994193563074619,0.27350476786600875,0.2740278252871998,-0.17436839318722663,-0.3214048118062647,0.2154567252091556,-0.5886573285794447,-0.2569904195529604
BLR,0.03946055885819777,-0.00970406591540729,0.4191601050536202,0.4527534682208093,0.22584161340163367,0.15627559159367566,0.1686192211943841,0.5163463397204384,0.12817867620646295,-0.49925906100180906,-0.38327971858623244,-0.1258814187832611,0.486141428419516,0.49106480600568125,-0.3114925182951995,0.09985103186688449,1.0,-0.15566839024988433,0.3147172573118626,-0.05612175246905404,0.49515998980841813,0.01071100020746607,0.0948472867628003,-0.31253032511642265,0.14951007108699355,0.016845619727800187,0.20309083177340204,0.10241751190605874,-0.3369224454734572,-0.5393980475306199,-0.21838662352911675,0.05847889401657136,0.03444537639334733,-0.5074783205750175,-0.31676088687422865,-0.09771246668008371,-0.029175353418400718,0.1027443854496286,0.21523577597342836,-0.266627864146455,0.032294606082263644,-5.9927408321058806e-05,0.2089012755952827,0.17209758234855121,-0.0297234587411217,-0.15647547346994872,0.44324961684984376,-0.20042446415719595,0.15632565333739956,0.19049493104620474,-0.10331640844203638,0.15047761204417487,0.01761078991361853,0.3084482218848179,-0.035238652325007,-0.274489545904119,-0.4889922380284675,-0.34664971374105447,0.04829335358110043,-0.11560133169031017,-0.30692394463991435,-0.1423214819157721,0.04054289233048591,-0.32475668312830575,0.27637166662656476,0.03195956050246018,-0.11697601729901952,0.14990928788919577,0.5214072735337599,0.2238147752714016,0.2231690401195825,-0.06965586923935607,-0.02614558899836239,-0.2705726202002916,0.614000891831487,-0.287792024281033,0.43291968058781705,-0.14809078289748578,0.21528111117633986,0.24771684613175182,-0.08497418530992817,0.08722248824935519,-0.17087129822190938,-0.10676247014342932,0.4584599909399857,0.16837462419911353,0.3497522696067026,-0.7105425491649626,0.30792417365216207,-0.33395423598064666,-0.06012054852773341,0.06132804597277697,0.19199157601775052,-0.3391204032832227,0.11179335704481519,-0.0928029520937701,0.5101830750864867,-0.47790718050655356,-0.0392386783791947,0.05017235691828048,-0.32587470434256227,0.4054410269287849,-0.30071682403708344,-0.43746941440276954,0.22907477374698415,0.028128568599345094,0.29268558040221815,0.046765667054621374,0.060906953669250585,-0.02418331223019199,-0.2014899877737686,0.10806623208270949,0.20490060324637416,-0.33361238299707696,0.2938586275234709,-0.19494135916249933,0.003009670921865437,-0.2863394455617909,0.5169310683554711,0.38338278182391816,0.5840276680489088,-0.38938324750158215,0.30921327500869034,-0.5511547795935741,0.22704182492149216,-0.3300822813660851,-0.20553160064069842,-0.021433948437741268,0.4442835159831432,-0.22657774304505907,0.21155733085493145,0.1612673550787147,0.04496260847312461,-0.15498351740435035,-0.07730659065594447,-0.26968735244818953,-0.46185768134223526,0.13292848268336344,0.013314080086661573,-0.1874665367169297,-0.25808332886832686,-0.05445556741628277,0.11228388046789961,-0.21434660491318502,-0.3536178890753414,0.6708176099262668,0.3294930377457408,-0.06446492690800931,0.32190002485014757,0.41072784328065115,-0.12324213682718477,-0.23237989870254339,-0.34285241072845674
BLZ,-0.14261006703714307,0.14733385566338053,-0.24535406571584684,-0.4786270763084317,0.11450834914207819,-0.21869943770291767,0.00681926604495342,-0.23505585303044585,0.0748317179251381,0.04531424880772261,-0.05586210082103049,-0.2577672869359935,0.06661623513499537,-0.17303836531785088,0.47379302198849715,0.1532288696520604,-0.15566839024988433,1.0,-0.26287977250783134,-0.5811513411409694,-0.10727833314858337,0.14141720007022474,0.15970059642654366,-0.022001111922932415,-0.17999251614587797,0.10388671458443954,-0.3665770705799569,-0.8293558638655734,0.06408023198199864,-0.013386013554318898,-0.0790838435845147,-0.008765278428829015,-0.6113644047841378,0.3864160685056629,0.5987704006712603,0.17233178108132907,0.4766176814610067,-0.011753958756629324,-0.2597424881528143,0.43861172395732195,0.09665603779137155,-0.17734887751591533,-0.49770371029068006,-0.5359008629425825,-0.3920122695551864,-0.06999744754354409,0.17789459875587088,-0.10554891068123884,0.03661129062112156,0.6848306881157513,-0.12544835562272394,-0.1097213447487897,-0.10988104572775059,0.2270152376802379,-0.18373246597705606,-0.011189848883428555,0.35675757064385905,0.18677963173800127,-0.08313582665861796,0.21259490176517604,-0.07380868471495505,0.24496703491281202,0.23853967849169222,0.01174716788925012,0.09951321801153212,-0.6563966994165571,-0.5122885492669016,0.21220036132254505,-0.5003658979245031,-0.43140529807037575,0.28114796205558845,0.01834090966420776,-0.1690333045352661,-0.23174721854385005,-0.3740766265111226,0.006774173515571524,0.21958547827621322,-0.07668464402293207,-0.3056258054917742,-0.2442065764443424,0.2687351305158946,0.2047149478529422,-0.06989398487853626,0.2167040665277873,0.07152978234135443,0.3601590205338606,0.2253166480921025,-0.20585429619992412,0.2957949050956842,0.095561269553462,0.5879665573781445,-0.6447289489555579,0.3232551917003743,-0.0363963619018719,0.3785343489987505,0.5341749150739592,-0.08351721726184391,0.05899064121198572,0.03227182943426665,0.477296631651435,0.12525462002190757,-0.3194403895923885,0.33466975151766976,0.008341349446679303,0.256712427316214,0.01689517610361624,-0.10710674706933787,-0.1168693446407234,0.09267403219708648,-0.003471501542985811,-0.28075065027394386,0.2443062373904098,-0.5928994172271294,-0.29276341506571946,-0.2244036142961905,0.12228060080520287,-0.07072317672365891,0.1566511628036814,-0.38500274548582847,-0.3213034934952421,-0.5080366618647536,0.10814345485074128,-0.44282742661103947,0.03936858082993833,0.06762468810343836,0.37790868641248965,0.012505322067370428,0.02925763004809334,0.06279192137822365,0.6271898331499639,0.17404839391144766,0.28881504835015304,-0.0016516040247851471,0.31150675942838024,-0.30045879156085453,-0.08757957601397992,0.11316677677165976,-0.26892756852510336,0.2006468779074152,0.38701656518200456,0.551654393693744,0.14323190112245832,-0.6895019307085919,-0.13810226862242136,-0.11785439305628342,-0.2790035629139862,-0.09359308851554693,-0.2896502391325866,-0.2559225529104878,-0.35724987408698494,-0.13998556365178128,0.039943475949467344,0.06440596339523896
BOL,0.48114211677108065,-0.34292655697488983,0.02659965334842518,0.07757543655917953,-0.2443140983049623,-0.43742129770577676,-0.5522639510188794,0.43615324957285084,-0.5871575806465437,0.507633278430057,0.5453752316361524,0.3721824668447973,-0.48172896746390226,0.00021843604841198516,-0.722149012937821,-0.6838549384395325,0.3147172573118626,-0.26287977250783134,1.0,-0.15371435254371302,0.07403022602076725,0.39548796205894954,0.11500025597799168,0.5499642057355647,-0.5665149328799197,-0.5431761133210657,-0.35891696458807676,0.074628327014857,0.4728922264212634,0.4737466298800983,0.6138300110400284,0.4247275169952299,-0.08138344274350628,0.2537311068721939,-0.38126154388259903,-0.6275942210111225,-0.7142390776450758,-0.5586293150872237,-0.4761233060777008,-0.24780516790830975,-0.6278965076130865,0.07578334795798702,0.2250512385021759,0.4304310881180702,0.15653942185075564,-0.8306143473707643,-0.498062780276352,0.5394139853872114,-0.6070725007249722,0.15103819084837788,-0.7009803130736527,0.36453581458387674,-0.6230343376980638,-0.4391465525438498,0.675432533119739,0.5678334894950895,0.1879770420804835,0.5273873933977423,0.4398721550580127,-0.7713773886006892,0.46049475764379943,0.37142898151305426,-0.769900086722942,0.25501496295081716,-0.5615204364414998,0.4510344542629732,0.31579576245050456,-0.7290080764871654,0.08303191913464647,0.4876883090727726,-0.4573135810698301,-0.5875031573436367,-0.7023232670184605,-0.5724321922007962,0.1662696235729979,0.5364985081884202,0.49429560139227013,0.5631533682366904,-0.32645838436814434,0.16424025908547368,-0.5505433861255564,-0.1165884784767397,0.029095176673527234,0.14290857705379134,-0.42708713365374296,-0.48216702609573914,-0.54042571812816,-0.23975852155297073,0.10267415782288969,0.5349216208268764,-0.3548122537463294,-0.10474337422408331,-0.6749615010543972,0.6197257466522229,-0.5210851193727368,-0.757140084026684,0.44838180604311806,0.42517831899856207,0.5486951027546604,-0.5267045527905236,0.4094926882684714,0.09002184280854397,-0.0013448359315169078,0.5936658060768804,0.4656611233530802,-0.5747185588682433,-0.25829326134364994,0.38193166347833396,-0.5375893875877131,0.10724624546741168,0.5987749359103443,-0.16424162149297183,0.49488623672619836,0.3605535859415625,-0.5463623418557066,-0.8373296591692965,0.46287730092331036,-0.25336088386001276,0.23922878422682436,-0.12871461778068616,-0.061526172429387405,0.2653392855205603,0.13503117901202333,0.4308763668699237,-0.3437332541891758,0.3710024911167179,0.5870255101993591,0.21427165171675133,-0.5259483891212058,-0.018074439892711514,-0.6460660994014074,-0.6384758498459677,-0.6041701013722964,0.051162046830913965,0.3089316616937958,0.709521803657906,0.5260118933661608,0.22046493630945296,0.3831386599421879,0.11016997124964867,0.06079266147023166,-0.572026931727418,-0.17124710746493577,0.62536489166298,0.45583587879760334,-0.1353312149222603,-0.10914295575870869,-0.5777255353951234,0.41148588036386724,0.5998137570998673,-0.40673582431614497,0.4522373618895874,0.26987286898561347
BRA,-0.176777388521145,-0.07918704720123215,-0.06445035713050862,0.747709235759109,0.10062103650147047,0.5441549150717824,0.17934189133323786,-0.051740142336993644,0.10904596466655792,-0.16069940389759463,-0.22515971596178863,0.08036022260149733,0.04936702503140922,0.0035513261748360003,0.013406807415625721,0.14949337657017892,-0.05612175246905404,-0.5811513411409694,-0.15371435254371302,1.0,-0.10624621625784259,-0.4122133914211501,-0.23234746410577034,-0.16712877030106887,0.44468617982999414,0.06525886035438577,0.44467712023623096,0.4706212964375531,-0.17569353915905195,-0.11928502101148819,-0.26502337929874775,-0.4129649018573305,0.8139018069997667,-0.22505343469336703,-0.16703515425570092,0.3632778776956621,0.021849271535234305,0.05212843447050475,0.41449548389369284,-0.3739397442653325,0.22125025099059337,0.3880983800100478,0.3479634001281485,0.18612969705306848,0.3249604762360232,0.5047887474489022,-0.1236500981176536,-0.06434095830767639,0.23877449037933518,-0.5077436277625105,0.5311500064669626,-0.24582009087852086,0.4923773547273763,0.09337638101633139,-0.19699833782807707,-0.3170294279255046,-0.13041494242080764,-0.21249721643914876,-0.41481410859841605,0.39884292804082055,-0.05671212941886705,-0.4662939012902052,0.22692061701338517,-0.05823099468196946,0.026242697133798454,0.2656541265340824,0.23855552426801552,-0.08026122961856808,0.5314207976033103,0.025027735472659574,0.039445747184288615,0.3065531867900917,0.5823867790325338,0.5608206133927991,0.08248987855146406,-0.10617921621554527,-0.45393446511335966,-0.39331228148615693,0.2609389082343795,-0.01876026674585307,0.16229482623091807,0.11431779692352484,0.028261584893091385,-0.41231413096564107,0.010460604983333788,-0.1773491523919981,0.05367300706876521,0.1227523915769515,-0.17862608231833832,-0.17444579443544495,-0.34641381691052486,0.6289172034239493,-0.015275761218579875,-0.1567555053628873,-0.09360899621056795,-0.07765101572107969,-0.3862173045285706,-0.2597254810562817,-0.44075287669259056,-0.2254960170319884,-0.1149956723607457,-0.14664211769647917,-0.42524517576803844,-0.22080945620955594,-0.4175342668958004,0.17346272148079356,0.2481047030572301,0.250536159268517,0.3428297699212741,-0.16745646913774448,0.1938146960004662,-0.2957475051929548,0.3787868231624617,0.02655059239957036,0.3220717667838202,0.32529967572722684,-0.16881697650190897,0.17543059150586204,0.029546811173259635,0.19029233084507968,0.6218834300249437,-0.09888944751050355,0.08684235631762505,-0.13873455739892582,-0.15958066437375273,-0.5376057495830722,-0.1708077808527919,0.09030485856707549,0.27768660475915075,-0.2777633712829699,-0.09553115811449686,-0.10714332224985923,0.2980946924554133,-0.36518066055026877,0.07487108797715258,-0.2820173768301275,-0.35186842695090625,-0.09271247160875418,-0.28925402854257753,-0.2540657921660614,-0.4673047148478424,0.11335799172742567,0.6272439516104017,-0.18947568036330464,-0.13987415598359543,0.2980333704129172,0.4975578338920632,0.6720001882792301,0.24819277238209647,-0.1407996850642006,0.35532234516063244,-0.29939529744508153,-0.27504246148568257
BRN,0.06657010369231364,0.06558546748452809,0.7525006517150694,0.2462987333330917,0.04253244607596951,0.3684862637275498,0.38142900266327695,0.6314189316087869,0.31602078689489566,-0.5444656984627634,-0.42092006530500514,-0.5519894402025303,0.286868677237323,0.613065777273735,-0.03511322130251182,0.10015633281368608,0.49515998980841813,-0.10727833314858337,0.07403022602076725,-0.10624621625784259,1.0,0.12295630404400515,0.23258395566773649,-0.3727469768999483,0.34764832325821193,0.22064437223260325,0.3603279504794056,0.049034827837887596,-0.4361810210667023,-0.5594668307438662,-0.36417052396613814,0.27201832172092555,-0.002739476716381306,-0.5953868219454583,-0.3439296653936714,-0.0227171178526564,0.10996743287253641,0.3898624024103644,0.22298070297731665,-0.35457745526377593,0.2826675054091716,-0.10105540606794428,0.3589862141890069,0.15006391098759475,-0.08899931726120913,0.047065522232358825,0.44950550367511555,-0.5815261098126174,0.41914463348967046,-0.21610392470838247,0.02420360501116048,0.522634885163774,0.12108469941271083,-0.11572000267194782,-0.4262364897727775,-0.34940707065889764,-0.5374276612774389,-0.4923925479950997,0.4484976492446413,0.01617186004207638,-0.499848432964453,-0.4791812417586221,0.1834473757018309,-0.5437172188136064,0.2745018979654452,-0.1589165814235156,-0.4769718055885128,0.33384885150452015,0.3892971905132234,0.43320123216329676,0.4236500258770599,0.21474472386764498,0.10439555376368381,0.016745814068213072,0.5534912658635998,-0.648767247212586,-0.031802430816001204,-0.3356662677063216,0.3891004154183537,0.7456598138070886,-0.1454698333205089,0.16915066091364872,-0.35681305197331303,-0.10656312738786111,0.2951403271190163,0.2829713769746378,0.19314801719211316,-0.4258853792872559,-0.08314318014850541,-0.5999544130208205,-0.1111658719139943,0.05767920367230117,0.15739292337370914,-0.38966221854490346,0.2743887930301754,0.010437204714430215,0.23498183994482802,-0.617390593579511,-0.02071676820696733,0.050212533019634575,-0.543498072663029,0.41850804208185766,-0.20098010013340817,-0.4239201105261565,-0.36973132820393184,0.20495524117349406,0.6419721086887024,-0.49824731624759044,0.22430764510117218,0.4746377433062574,-0.5000015140161183,-0.12717298713310887,0.010570101833843104,-0.561249750815902,0.3284260126290266,0.044920282032591685,-0.014801154329156851,-0.22615171913717336,0.8185119990196279,0.38250642313720384,0.3483858191793736,-0.5904753547252088,0.7460473791280305,-0.5361053056625487,0.33387401880631984,-0.2924656581282017,-0.46134799505161084,-0.3416570834540087,0.3223890190039218,-0.3494591463919636,0.3669375300773269,0.39649713081552174,0.2957758248687615,-0.10554493110186436,-0.10172019481653205,-0.23835426558301887,-0.5431424368556024,0.04856236424097726,-0.34242017530463853,-0.3015395171308959,-0.1995795368373765,0.06785017296330687,0.05823704295040377,-0.45914585104464956,-0.4288889069465158,0.1963181314967598,0.1695560039082742,0.012352022160929899,-0.12637724493149505,0.017706282498256787,-0.11482040009813166,-0.3624545780646473,-0.5435235594200543
BTN,0.3327811096933293,-0.06263284048003759,-0.18603765041260023,-0.47435211903914154,-0.1279005120647243,-0.6148787135767937,-0.3919339614947126,0.031359643190486675,-0.48034993439840057,0.3660649818917927,0.5415644004363184,0.15338905748049914,-0.3368025260086369,-0.04976784719351679,-0.45711450199387826,-0.04678710073226777,0.01071100020746607,0.14141720007022474,0.39548796205894954,-0.4122133914211501,0.12295630404400515,1.0,0.3375360337317077,0.3552407249343623,-0.6343311163279095,-0.5365332386336172,-0.5132137120182114,-0.07376091879355906,0.17050720779943673,0.2625635400483015,0.2687245671048024,0.2718323280963053,-0.28355865806448466,0.3682784899081466,0.26452219787800635,-0.2633641432463576,-0.4072602186461154,-0.3982792968587119,-0.5314290522848035,0.18327049480997792,-0.4914082261996551,-0.2958565433978566,0.15797507743023442,0.19379987111869346,-0.1627033828320572,-0.5899333130945168,-0.2733978025416326,0.34273258005012186,-0.4627744014808095,0.3220624986016707,-0.6220361235793168,0.17814844739850644,-0.7280945496964488,-0.23470940936893747,0.4699676480561199,0.5981463101314365,0.07858836399524816,0.5174356520794399,0.3216893086788015,-0.5750762903485416,0.36346837180812397,0.5496163019288646,-0.35792354774753443,0.19415717693722423,-0.35524906285464497,0.03310510964278479,0.09748502110822199,-0.39565253532766276,-0.2730525372805701,0.22474576050063366,-0.31094351399308984,-0.6164044312051806,-0.5667124250675011,-0.5841807217343695,-0.25906336223252313,0.29901580753715185,0.3748080885483711,0.49284011288716323,-0.4863062724858285,-0.003388774232858438,-0.5581720532353507,-0.15796275631183354,0.2411078266337503,0.5263467292653022,-0.1996936430327676,-0.374688306601378,-0.2918800370424486,0.09071976134187809,0.20968584925220746,0.37622818634934563,0.19773453422441478,-0.5662622824331309,-0.18873420299214505,0.4852006851841819,-0.26779170823551546,-0.2146752222638697,0.33921862012333426,0.45354844495003044,0.47518440182263266,0.06147126893102861,0.437746829531094,-0.1812850699844728,0.44831947975316755,0.4777203741846314,0.434187386629592,-0.48080192697457336,-0.3787835330626852,0.13391405249862398,-0.587266451989493,-0.02594253727553575,0.1752745633757382,-0.05859292165918406,-0.10019383053113651,-0.06554210608768818,-0.4818858972517397,-0.4072375759823825,0.2736383967688456,-0.1444003481278584,0.04847301796248771,-0.12181289926072059,-0.48824765207814536,0.3787259187874026,-0.06675297644504474,0.42120839674169974,-0.3444675143580076,0.6315391240722956,0.35637445776690246,0.4611220801829051,-0.271605424265267,0.2679812775617465,-0.3404012298410839,-0.2676962903487783,-0.5127197756635349,0.4473199883309521,0.1468459289285392,0.531645297480342,0.4844983149642105,0.20576551178251545,0.22165978146184195,0.5047460433109568,0.39987343235199346,-0.24607857943934341,-0.2826391042350598,0.36547807738670346,0.39000486122645595,-0.301356711772796,-0.29042032011687446,-0.7735435601168756,-0.09087454941854434,0.2853298203932466,-0.4083927403933949,0.27685993016255717,0.3960564309567558
BWA,0.6440093860921193,-0.366328927617096,-0.1848031572957669,-0.16241834382817255,-0.12291699259015254,-0.3526240155244589,-0.32406357002617514,0.013749484933407219,-0.1620077813432903,0.04327847749039593,0.2328802815954758,-0.2806605281396872,-0.03861673573825719,-0.17255171463329932,-0.15573932792315737,-0.06601365886164134,0.0948472867628003,0.15970059642654366,0.11500025597799168,-0.23234746410577034,0.23258395566773649,0.3375360337317077,1.0,0.10903526383551665,-0.2644534906830738,-0.41526468031020136,-0.3981149180597121,-0.2662480555601294,0.09509739186321897,0.17438147228698053,0.25416941758065437,0.6281688774477309,-0.16079096855445152,-0.05259509609785251,0.20169954145729885,-0.21931219439590643,-0.27400058099852753,-0.24730837686774243,-0.31817438425022515,0.4274325600504839,-0.19139923499395906,-0.3232094354566124,0.30591181819148106,-0.2933383895705881,-0.10141111696096727,-0.28677628466347804,-0.07877569188895017,-0.053598229266725195,-0.24975829992525433,0.1588362091747645,-0.3309942462676059,0.5913512546190157,-0.3074687857488181,-0.017292811291581778,0.2551193188631191,0.3712658092878589,0.013953898268304732,0.1753740843085807,0.5344898630285291,-0.27470740449765874,-0.12979932067496636,0.15601629707612363,-0.17904858863316298,0.07727649382212087,-0.16067707423896826,-0.17480011182376187,-0.07652326552661526,-0.12039776621623877,0.06918921981119253,0.4757275058525108,-0.18452815873112383,-0.22621615152927355,-0.39269918908115065,-0.4187108642018762,-0.1362251655578799,0.053161060979715735,0.15767555669726674,-0.1910283499589307,-0.4849492554063439,0.05928963741842952,-0.41087863448586637,0.17291142118617642,-0.12551411836390058,0.783581922261017,-0.010393842189521996,-0.18839337899463837,-0.07067752636284097,-0.20447553015760667,-0.23663708029578823,0.06246341882796369,0.04126489879638906,-0.37685352325473986,-0.018643774592630225,0.16378999946224193,-0.1503008365238585,-0.00902455753105702,0.28166732192271493,0.1797420729471293,0.3992467201506694,-0.1984339549604588,0.2853524689035096,-0.4128732321667268,0.7751719172956133,0.04876880326018673,0.13312195171519203,-0.2789693640135045,-0.2397226300375861,-0.08209163291237931,-0.36956678098207796,0.12493657235129174,-0.21561327001935382,-0.10630224964793156,-0.2696903779801072,-0.2672025616577094,-0.26459795059848257,-0.3328595002321424,-0.3098785996848339,0.26657231524108627,-0.0894162670903711,-0.20232075534835414,-0.1058128920337773,0.15958296470518274,0.16591123617980874,0.08374248083802305,-0.25397988786776593,0.1561039505362506,0.11635624716241943,-0.020906821874554504,0.030590751877832778,0.42802022028565556,-0.08773771973142108,-0.20188039350402565,-0.2265180161279825,0.6618481580957273,0.02453029465769041,0.18575627875979595,0.11117192408171184,-0.43095954555406335,0.03669013747954086,0.44938164434852723,-0.1049311189544142,0.014676315295730102,-0.2599791166009693,0.09818002990653696,0.18816882100919097,-0.11694903006702861,-0.3542264964616997,-0.3565236434789423,-0.29242927522639217,-0.36817513970030635,0.44486758486874,0.4198189617888869,0.4199057899924783
CAF,0.49789137830618624,-0.0431666448994914,-0.5341378064587126,-0.28827785000489303,0.015641935245372496,-0.7310497044260584,-0.8598085535755013,0.07738891513001067,-0.9148394771385959,0.8733582311696756,0.8617344215424866,0.6556772547975289,-0.6562600358464907,-0.482937261803446,-0.4696130819451696,-0.3942497033059511,-0.31253032511642265,-0.022001111922932415,0.5499642057355647,-0.16712877030106887,-0.3727469768999483,0.3552407249343623,0.10903526383551665,1.0,-0.8284954150318242,-0.739861301564146,-0.5749920295502293,-0.10425761493442454,0.8580331430560588,0.8587421854004331,0.7809073387134732,0.49314462825936056,0.0063509578335267936,0.7810137259508755,-0.016378170139440096,-0.6066753591129674,-0.7681874552037766,-0.7436844816884123,-0.7010970879933978,0.03181398181739303,-0.8293262337675198,0.13495052650147255,0.03471664179160738,0.08300102510285234,0.42582877222999005,-0.668871695635354,-0.7251977337947522,0.7373188361782604,-0.82497185763504,0.059560990773976585,-0.7545093223641994,0.31698088547534,-0.7936975229083432,-0.289244961898822,0.7036476800249715,0.8267687355299683,0.713723401518023,0.8201656669153581,0.3130512526133691,-0.6058116486552503,0.6339398994911059,0.3924956809529806,-0.6708361045485762,0.8652996883721806,-0.7436299047122097,0.5239780419119964,0.5484458166500561,-0.8307772818135382,-0.15918152682258802,0.22177908966011273,-0.7161687893789226,-0.7600186485596858,-0.7513772289380785,-0.5290449185658501,-0.21443594347918404,0.7477315128466643,0.16060741750567742,0.6141195574217279,-0.7061667591890388,-0.3653077017079214,-0.553354151077984,-0.11535445145436629,0.21138443203210677,0.32878142230124063,-0.5584706482077328,-0.7816873563650097,-0.5932653223156146,0.2775027994134305,-0.11976206781877563,0.7766710738265847,-0.3151626000254162,-0.295778593000247,-0.4342980006260726,0.7973116599642972,-0.7446055553104585,-0.5030348231069703,0.1259217827888961,0.7596022350484193,0.6813751182090816,-0.3731722808911213,0.7068196544576979,-0.4676796619864725,0.4376977018784536,0.7922111114992534,0.4657587533184664,-0.851454479339707,-0.742456337807448,0.6528756801983647,-0.7082169477895914,-0.1759110373245356,0.6641109655569938,-0.39659241596855854,0.2469221007733161,0.5345917617035619,-0.7230050671673307,-0.638933983057117,0.5126945142490771,-0.07602514474572675,-0.352965164088197,-0.25008752769707887,-0.48151647816170606,0.8305550082166707,-0.35535787465595003,0.7609894074284215,-0.7175425395512245,0.4412392069540003,0.9078709051655302,0.18848617582327443,-0.5026222952576149,0.2733404451812287,-0.7430119249134925,-0.7694083782035226,-0.8306067626288045,0.5552954905138593,0.4409420206221375,0.8563378130643258,0.8252294057661183,-0.21357287456507734,0.5360422326181904,0.08942162892886008,0.2510028528526492,-0.296894836733836,-0.24481474288574656,0.8314760447789941,0.6806676012258853,-0.5124148739647043,-0.3157201394391751,-0.590341453140454,0.3391717548770521,0.17078378517854054,-0.058096959163069783,0.779879976514786,0.5771524830718213
CAN,-0.6015135222831851,0.11583142214027697,0.5149889983616088,0.5159383165694968,0.1097110306015685,0.9456154744429107,0.8870301753217853,-0.017522791332610144,0.8447992875800228,-0.8161886743890829,-0.8755951025262183,-0.5686675780550421,0.630301429111577,0.4922763693691301,0.5314675315838696,0.3808996538143451,0.14951007108699355,-0.17999251614587797,-0.5665149328799197,0.44468617982999414,0.34764832325821193,-0.6343311163279095,-0.2644534906830738,-0.8284954150318242,1.0,0.78193978852553,0.7448111405377199,0.20704443634904313,-0.7863993406110974,-0.7568380890008681,-0.7879784810577894,-0.5444527470974023,0.28098120469927457,-0.7432101308263681,-0.16541696236921632,0.4966140600345279,0.674352419288502,0.8094838475669356,0.8708541298679287,-0.32521487511665637,0.8836231097942592,0.027818450155024044,-0.09449495789709994,-0.018590100592492664,-0.22726979436942596,0.8114276668901108,0.6827298048992024,-0.7608620495430092,0.9246197491775899,-0.33334496575393135,0.8887608113070584,-0.310267585469969,0.939889361877798,0.2501792311570472,-0.7949029688850464,-0.9126302330216769,-0.6570426641815446,-0.840329032234115,-0.3929318283639782,0.7022406666415878,-0.6957671277690938,-0.7475522347380057,0.7229738000699795,-0.7300460523347381,0.7009111202724323,-0.3300339971709694,-0.4581434087637992,0.7340546524650798,0.2632276087196219,-0.2715672950024346,0.7453040019898557,0.8759602923419157,0.8751958982776267,0.8234156674123808,0.35221470835595436,-0.7510488759579999,-0.43469382708359605,-0.7242067487954711,0.8460548265304133,0.3196996755898871,0.5242025688191447,0.1233982290662059,-0.2076730652536085,-0.53989371980339,0.5364319832777423,0.629446237735967,0.5790172853058557,-0.1359051175455701,-0.0037595271397943275,-0.8106279501474694,-0.07854411277427387,0.49718313508297485,0.4006424513424285,-0.8046264934520839,0.6093683108337316,0.44098545291043345,-0.23532423793561574,-0.8050473087637997,-0.813109651065494,0.21776692816387744,-0.750182752279221,0.42565166426812673,-0.5733355637250637,-0.7724194758483387,-0.7117310824948657,0.8613419130953728,0.8512551670089514,-0.6019229430841713,0.891010586051863,0.08424464073597115,-0.5620259171953179,0.174516451168105,-0.0016448384030871566,-0.4034117451842112,0.8518416113861009,0.7028325116902308,-0.4824788746817221,0.02788680948792477,0.4069552098534499,0.42746314139220387,0.6742375442236231,-0.7884499069883719,0.36511191360296347,-0.7688519314489732,0.5731834395517734,-0.6610666094180271,-0.8571945531793164,-0.3771000426812341,0.5284138792030738,-0.46832361917390286,0.707053970798174,0.7204571590436903,0.9074383049336504,-0.5845999296075912,-0.41050839496382796,-0.8310661228765608,-0.8582562150911528,0.0611630250954065,-0.6080666910356629,-0.36563688821687634,-0.2715727352988939,0.20571846033686625,0.36310829904823816,-0.821883221565654,-0.6929434808420294,0.4797905597529949,0.4385412123227741,0.8723459347954966,-0.18499800136979117,-0.30303565269070565,0.2597931032802756,-0.807727872026609,-0.6041521887017649
CHE,-0.7374691167186775,0.23759388562438533,0.5597054892832223,0.09913947925431632,0.09145820474777577,0.6918100255995472,0.8924665546304186,-0.055322177878495804,0.8469011672285257,-0.6975130934727476,-0.8232427632479813,-0.40107387023890095,0.5833845671036934,0.5399815725795151,0.7211157910321477,0.2547081547594574,0.016845619727800187,0.10388671458443954,-0.5431761133210657,0.06525886035438577,0.22064437223260325,-0.5365332386336172,-0.41526468031020136,-0.739861301564146,0.78193978852553,1.0,0.7194035683292203,-0.07284083454372503,-0.6690791171236836,-0.6499372256621982,-0.7168212360178292,-0.4997893555248498,0.02913063759488843,-0.5591396630849719,0.00023650956591436678,0.514664534079721,0.7839022373757509,0.83689378533355,0.7618624009188728,-0.0665475213149136,0.8309419899059536,0.181319429235395,-0.4641034498458054,-0.0010972953190935275,-0.4328463229809765,0.6932878475668602,0.6581659513472313,-0.74261622131786,0.7953103847554703,-0.0790548832436826,0.7464022953776955,-0.3628802096091639,0.8045044759901114,0.18307491255931052,-0.7799807503614422,-0.8298216050657077,-0.5174628414072862,-0.7902400094398738,-0.34826167393404805,0.5938904653799236,-0.44586944716555066,-0.5189215697558094,0.6437833845539929,-0.5888166855219406,0.7194259047451426,-0.4049283887307109,-0.5635870899038347,0.8182791545753129,-0.12146030500524119,-0.5363689355974262,0.6777317849295663,0.7618645862525402,0.7273060207578755,0.7247680284837607,0.17718410530552087,-0.6724027415382781,-0.4215531733821529,-0.42027960919758867,0.8469506199304163,0.25603416568715354,0.7044839223839514,-0.01376908393817633,-0.16942879115288512,-0.5952441145932745,0.5165868614725689,0.7999210374523366,0.5858103474174937,-0.07188861549780157,0.12502924162545004,-0.749292940312176,0.10178038555608926,0.43423321226103906,0.35769035491679924,-0.7938746338457894,0.7879757186398403,0.5050608328845243,-0.2438346612749791,-0.7236423059184518,-0.7093895813607201,0.5188251988152631,-0.8262405896297138,0.4948809386282119,-0.5546824257639815,-0.6959036813457069,-0.5464550527917982,0.8535449650798713,0.7414498527702531,-0.6557144931787011,0.7624744894414435,0.06856601865954204,-0.5903264403280708,0.515106509176026,0.020463737771621693,-0.2631942564702281,0.6925892844886213,0.7233667126668558,-0.17855645747061533,-0.13921687935589322,0.35713864533448403,0.35708273477711283,0.26759442126271593,-0.7676755679183536,0.11380836872419331,-0.6533555644685318,0.8584339436463465,-0.5227635778348938,-0.7442672175284006,-0.19257312428292406,0.24893001417498217,-0.42011681042656734,0.7686610571959381,0.7938020865952455,0.8338651323032941,-0.5526913491879886,-0.5618461913860933,-0.7438883744651026,-0.6486324002537729,0.20080559285391253,-0.5774705138863345,-0.46364110006357984,-0.04101199258018018,0.1973484538971858,0.0690959471230349,-0.7566867756975477,-0.7187599994840581,0.23336919840853165,0.37138369496708834,0.6414994473117168,-0.40983622123833685,-0.20178806996836895,-0.03708790241806148,-0.7037883437745167,-0.5344708042686175
CHL,-0.5708410473196146,0.3660756318830265,0.5878032007330539,0.5117350311494396,0.3929082066767362,0.7184828593168109,0.7019327628369001,0.13608158087925148,0.6032463088520694,-0.7066435028628255,-0.7768319329793463,-0.25795051229925625,0.563286077992995,0.5917320847036458,0.41841298459583687,0.3117031307525443,0.20309083177340204,-0.3665770705799569,-0.35891696458807676,0.44467712023623096,0.3603279504794056,-0.5132137120182114,-0.3981149180597121,-0.5749920295502293,0.7448111405377199,0.7194035683292203,1.0,0.2675063031201137,-0.6627617247193631,-0.6484186581532589,-0.6952943902650217,-0.3494776085624576,0.5927286426501523,-0.6657873199655215,-0.20626655368761426,0.5409974002960061,0.431253481975153,0.7090692753862771,0.765424885047144,-0.30967749421853097,0.6380637291554174,0.3928161763280459,-0.005873357908828369,0.3763013285465697,-0.11875167927223473,0.6922320541128676,0.5618382668557057,-0.6890192983742822,0.6596446825262136,-0.4347194295391512,0.6532485371279484,-0.0638218858871451,0.6681765941379151,0.255897034817011,-0.6119962693402896,-0.7895283646172775,-0.6050112446829277,-0.7829530843468238,-0.32176436718799595,0.4580320459616747,-0.4175332814151429,-0.6677745694532624,0.5054828305928438,-0.4111009083335708,0.5952604347695554,-3.0160746587792886e-05,-0.3207218738873925,0.5572592858199565,0.3257215713810788,-0.1700848280104521,0.5528523707729156,0.6613483424614386,0.6981252535187836,0.714066362477268,0.33709577406269553,-0.7464613867239891,-0.5039703227106305,-0.46576690497845474,0.834779107273811,0.35476776453134884,0.5148919570638685,-0.10943394150302832,-0.1996798123777752,-0.748280654056876,0.5293880281339879,0.42047708020722874,0.5035811289340991,0.03137044979661163,-0.04127588912144864,-0.8144337757197442,-0.24818139077174473,0.673106887605414,0.36564456651204114,-0.8096358396517922,0.5300556360600791,0.328021056378874,-0.023380662733570867,-0.7917867041659488,-0.6001379888301632,0.24586745458539283,-0.8824667891214075,0.5248041281837056,-0.6872821707667829,-0.7586239675977158,-0.4264928807314974,0.6230641411681886,0.6705400533768398,-0.34782694972752104,0.68411365510554,0.007318158242560879,-0.5061952254020081,0.23205623722388524,0.4413470050138014,-0.2614098392378903,0.7379985416104337,0.5830758139342287,0.08031919471858207,-0.01244747094032106,0.5634395061977805,0.5888951222245947,0.49267524705433186,-0.6977519833227741,0.3509064355922279,-0.7124352565650696,0.6543986652716509,-0.7623495277301275,-0.650893328572147,-0.07340309585621574,0.39827713076049864,-0.6073483027618434,0.5559603283527891,0.5204302360917873,0.7039269249943508,-0.6319643194636502,-0.2935120877269759,-0.716780566055347,-0.7437113020814234,0.0975394367438508,-0.5408667163794714,-0.7149756591592764,-0.31472358802456224,0.2734980628231829,0.5121026635135787,-0.6814718905317187,-0.705641748769225,0.44388674468941136,0.6759714872940336,0.6439556835977431,-0.06820151877348746,-0.12444310630132471,-0.004268569848333126,-0.6784470632433846,-0.6396378308354334
CHN,0.03523287077986603,0.06603263609586385,0.24852475416050768,0.3454428471063682,-0.08324117774912065,0.22647645342724676,0.027977032147096237,0.23804972550502512,-0.07933590055723583,-0.09544765951819323,0.026403807224989473,0.288235771619491,-0.08291859350557451,-0.05396202384655191,-0.4726336752719851,-0.07377684684831065,0.10241751190605874,-0.8293558638655734,0.074628327014857,0.4706212964375531,0.049034827837887596,-0.07376091879355906,-0.2662480555601294,-0.10425761493442454,0.20704443634904313,-0.07284083454372503,0.2675063031201137,1.0,-0.1751117594485634,-0.07346568550287924,0.02684905608533017,-0.11877043463174708,0.48325624368701825,-0.3558130899544163,-0.6148461920134678,-0.01128290087677386,-0.3381633825669481,0.03168971544962518,0.1768391397530037,-0.5573924949073255,-0.11915568656256514,-0.01808386878100854,0.4812976949399086,0.4930414356514592,0.44598466192928,0.1039316849875127,-0.1533567144121908,0.12376116517797897,0.006671629229885734,-0.6764334654406845,0.10850410128530652,-0.05489829286950321,0.09478500795918454,-0.1529919827933246,0.11266136411236649,-0.07491746577773095,-0.38884518324521666,-0.23023625002237136,0.07178080905996975,-0.14997719157113054,0.05751362327588172,-0.14093106228656027,-0.14311513104527585,-0.07369316474887988,-0.07739604507426234,0.6598406717567046,0.5546374660976239,-0.17575614215407098,0.5260331417267821,0.338686955908298,-0.2813060156548848,-0.04709040241055673,0.2225477453326049,0.21721739569915954,0.37031282587012315,-0.01328257649879605,-0.08083090156811079,0.21432429331080294,0.29757296437610226,0.24362081023398463,-0.33151518030152083,-0.255246103648783,0.3858054912089457,-0.1791334206888262,-0.1468688726741183,-0.32425046607254426,-0.26209156159042224,0.18657904065241626,-0.14376317210535539,-0.05347676696223891,-0.3777930675122536,0.505391133353953,-0.25089423230750785,0.03399056973387804,-0.4156015855123638,-0.4455898949540038,0.009437171286626689,-0.09548276847416215,-0.042707507861331484,-0.37622596395252716,-0.07580864525757924,0.37967559222381864,-0.3383670612493317,-0.030952169825775533,-0.21975536491389325,-0.026540688214717445,0.09823417452519767,0.04818739488780355,-0.07558139402869823,0.15244375003741928,0.2674812272601914,-0.28695493396570426,0.3901125791672746,0.4181860287481707,0.28002192447870367,-0.06704080418625602,0.04476397264086751,-0.20963083822623996,0.21786536168540105,0.3158738948328408,0.4388697127923661,-0.08187507802284255,0.4412788291727052,-0.09443115843829375,-0.10085480001756686,-0.17748936677092564,-0.09255724048293468,-0.11479602973679204,-0.005175847639255604,-0.6754855541303135,-0.1138176993253377,-0.1811137654813577,-0.015355868797180205,-0.3597661732442323,0.4807053272602737,0.02281610454507388,-0.14616957077407977,0.4495638531374553,-0.021862637497724435,-0.3321671265447872,-0.45779697403251696,-0.0963597038770907,0.7589788495695075,0.16091948421028235,0.2543825098363821,0.278575142980348,-0.07344647308705943,0.2761457247233272,0.3546730920154394,0.49035838733589243,0.03400364201716888,-0.0781735620314794,-0.14036534051356564
CIV,0.5799451698281368,-0.15559175038559037,-0.5201005167827746,-0.33531324241405724,-0.17796918055426647,-0.709404370772079,-0.8287098053874955,0.05389869957565918,-0.7435153367174836,0.8693492801585462,0.8064275548715159,0.5527281916014763,-0.6259536141017117,-0.5804201516795406,-0.40196291032870235,-0.43869327205494124,-0.3369224454734572,0.06408023198199864,0.4728922264212634,-0.17569353915905195,-0.4361810210667023,0.17050720779943673,0.09509739186321897,0.8580331430560588,-0.7863993406110974,-0.6690791171236836,-0.6627617247193631,-0.1751117594485634,1.0,0.845029368856179,0.836681991491936,0.5206843410797223,-0.16855094115137548,0.6994047961817127,-0.02457021972763984,-0.5729034952519751,-0.6098142355957639,-0.7212977030739636,-0.7297186098849542,0.1608275298808719,-0.7394977776007725,0.07120814764708872,0.09095992398373764,-0.22003836311921643,0.43828547667259476,-0.5686504197118776,-0.7958872479085639,0.7276451655361904,-0.8070339006121106,0.06571393738543341,-0.6548919164543858,0.2785725693710326,-0.662997253199423,-0.4063430772366794,0.5917617887223916,0.7875447194478069,0.8494695381232356,0.7580641439317883,0.3277205355555779,-0.3946704277733697,0.5990252668373653,0.48063364540373665,-0.6419001797941692,0.7395112558756556,-0.6788636320931625,0.40278370954208786,0.5577632635294761,-0.7118897320928934,-0.1714288780886548,0.21612724544405082,-0.7233020645977732,-0.7060866400616976,-0.6555852789446495,-0.5402264099289358,-0.340753089148748,0.7542911201753651,0.12571396830238146,0.5555969690255163,-0.70500009195983,-0.34679828744345076,-0.38988813077067963,0.154867962158574,0.01853718761195633,0.34349854615427167,-0.6734844010011913,-0.5970047698216385,-0.6426313704586377,0.24780524388706782,-0.27124308788049145,0.8178636214495673,-0.18255591004422866,-0.2541820361525393,-0.44675696346186555,0.7941253856122279,-0.6445871483570222,-0.48893176600261334,-0.1310521534351592,0.7617764513911577,0.6838579125350376,-0.4444189391929496,0.6996306699510686,-0.4521215646388894,0.4380205376127646,0.7788581534176148,0.4141578764636107,-0.725952109228239,-0.7362314974523767,0.6315318604590181,-0.7076398290910544,-0.0270589844160547,0.6584845765027241,-0.43131369244531537,0.023596619273962616,0.520018139556157,-0.7662795956387638,-0.5484492741440021,0.34070804453460335,-0.07794072296724686,-0.5171892799035414,-0.43357584340013866,-0.49289304850858096,0.7335556855881006,-0.36145438737819235,0.7909017483931295,-0.607631965882891,0.43182602783156787,0.8106753756407584,0.07567999095325273,-0.4962298302647268,0.35199869372248904,-0.7101534163391807,-0.7337082570524114,-0.7760274125647841,0.46905860551893075,0.45385853488676897,0.7886791819070125,0.7796849142015907,-0.15392146136472684,0.4555935188583984,0.16346517505132208,0.02807673310675496,-0.09201378634186508,-0.33371350249142573,0.7809493880923029,0.6296298756209009,-0.5136237509425476,-0.4500130065289849,-0.520559812621479,0.20536232134024446,0.129825948105177,0.01383142707998708,0.7669482272921625,0.4299542844141304
CMR,0.5596254053192472,-0.3478791217215942,-0.5552987112651291,-0.3691110759741776,-0.33434323419518086,-0.6681492832304443,-0.8382880539659578,-0.16505053815370951,-0.7728310963668581,0.9519046714556443,0.8992206036452964,0.6013260406388755,-0.7858132865992888,-0.6460683781705061,-0.38470126828075957,-0.612727640729688,-0.5393980475306199,-0.013386013554318898,0.4737466298800983,-0.11928502101148819,-0.5594668307438662,0.2625635400483015,0.17438147228698053,0.8587421854004331,-0.7568380890008681,-0.6499372256621982,-0.6484186581532589,-0.07346568550287924,0.845029368856179,1.0,0.8580175717708463,0.42214774196403604,-0.09595216357596481,0.7537771930815699,0.007122257730721504,-0.5204044186193215,-0.6702630370044314,-0.7519300706536953,-0.7355524774988862,0.19079167723171964,-0.7559397252581876,0.11734475103944453,0.045942455431038254,0.04011343540360546,0.3461945589324732,-0.6058826312951147,-0.8821601819509497,0.7455304419310702,-0.8439798095796567,-0.004549883960093037,-0.6280183798879837,0.20643467354421152,-0.6647914363984768,-0.4952219924469077,0.7260470800067934,0.858300575665999,0.7620349731636925,0.8134920411359019,0.32990328236305655,-0.5503293902215765,0.7655114925544708,0.5720961445861775,-0.7533121773735014,0.7617638413887916,-0.8130222003412222,0.44716578110722827,0.5675314070038285,-0.8146635950528913,-0.2619232923766752,0.22878112970452535,-0.7767636390645569,-0.6167447751535098,-0.6683968690168733,-0.4174609098315749,-0.3871830054838694,0.8680829802239749,0.07401178986877921,0.6100751243641057,-0.6998903978738606,-0.29486675839725685,-0.4268961803529927,-0.08133421439643618,0.2060629631171862,0.3945122708756761,-0.7764988034035789,-0.6690285608528355,-0.7698743571542344,0.3339402962902147,-0.2841544098947235,0.865089513924855,-0.1952974974622057,-0.16256507016926913,-0.6634843373596475,0.8795057309647788,-0.7056491015139399,-0.56193690959775,-0.022831495994022122,0.8655065432431782,0.6465538643929721,-0.497155880265304,0.7856867022158736,-0.4691076200343367,0.5080545024511015,0.8740391277654189,0.3448671498019652,-0.7129327249372623,-0.7600255763810311,0.5052634517259311,-0.6893411069921807,-0.001251233442871813,0.7465556239809173,-0.2493127341633663,0.14104093588649613,0.6868311649738603,-0.8142451920269818,-0.6170621924858608,0.31256849971539347,0.030675755340643596,-0.5182605430908418,-0.524852831915072,-0.5551855249308453,0.776566610620134,-0.3215713660811137,0.911873179402683,-0.6281282289701182,0.5494156144323189,0.8621494949588031,0.197470378303093,-0.7405875031686766,0.35189573476691116,-0.812305621193711,-0.8331408736206569,-0.7638503303928141,0.4432349230260899,0.4531124491967454,0.8687044438179586,0.9230222536168319,-0.11159698915255434,0.4061760497629747,0.2768537370419154,0.13664741549704162,-0.30661143186676654,-0.2482326264906649,0.8544182031712783,0.791213045987154,-0.6432568647650185,-0.47845690900206983,-0.4567529230928793,0.13611568979573385,0.06743271377824478,0.05296587042048306,0.8396265233361059,0.6770952185074588
COD,0.7475979022468116,-0.3595923855274008,-0.3859430385532261,-0.3538968130017137,-0.3694740665101073,-0.7275299423883133,-0.8669295966174904,0.14784337209804832,-0.7654847598481893,0.8182392040709927,0.8817916324364902,0.5555347187582428,-0.7317564305776614,-0.573702590969662,-0.6519696233258789,-0.6350581186978239,-0.21838662352911675,-0.0790838435845147,0.6138300110400284,-0.26502337929874775,-0.36417052396613814,0.2687245671048024,0.25416941758065437,0.7809073387134732,-0.7879784810577894,-0.7168212360178292,-0.6952943902650217,0.02684905608533017,0.836681991491936,0.8580175717708463,1.0,0.6549162781832906,-0.18625540748621838,0.524591179021358,-0.22453093388269818,-0.6795401214194368,-0.7874825731439488,-0.7500901212578455,-0.7771592964921477,0.09538700372726128,-0.8370806892223244,-0.033241186931337374,0.26031376296537445,0.0613723939294093,0.45890800962174805,-0.7314704191288786,-0.8235688444005138,0.7194421585920451,-0.8651387714392009,-0.028485707222918988,-0.7556685882056917,0.3668120891466303,-0.7292569664347446,-0.532942163365739,0.7329018908958062,0.8861661613369061,0.6364218368489437,0.6791400922786082,0.48827440266484634,-0.6615331542387703,0.6567471740455957,0.6483601851401378,-0.824376260544335,0.637478958834657,-0.7599695698143285,0.5205430435311983,0.6375517428073697,-0.7722790367831807,-0.05303030542162168,0.4825476224758759,-0.825731062631653,-0.7399281804729843,-0.776116986225724,-0.6221611343579629,-0.21280095949377476,0.8209653325538077,0.3483963836411521,0.6263682790520664,-0.6798960004034826,-0.16079875062287208,-0.5962650952727169,0.06504284633485657,0.1521529511007914,0.476532885221884,-0.727931607833558,-0.696092756640061,-0.7756831819679955,0.12218781391593425,-0.289102200385265,0.8590135701973016,-0.24708287115150607,-0.1843434041059102,-0.6610953212507444,0.8602707632533629,-0.783417302093409,-0.7225298948414212,0.0507933912823153,0.7909987056994597,0.8120184751405086,-0.6129693770983948,0.7724947462087551,-0.27862145702822083,0.45753141229246974,0.8348010428697344,0.45356762597093203,-0.7787803689821944,-0.7023120696265264,0.46560682711284374,-0.8211811120083414,0.1445016592277022,0.7045213585676501,-0.35741300701390677,0.1293060558688569,0.6783215593018838,-0.7703191699855281,-0.7671613121104965,0.3075148363703555,-0.06410773269673009,-0.42170211020878123,-0.45357011392428337,-0.44951356958363897,0.7018968044257428,-0.13924481961924373,0.8134603757681447,-0.6076850949885393,0.5305190699430828,0.7832629185366946,0.06505285108881353,-0.6314195704029593,0.24023880320423596,-0.7366975676011118,-0.7960804441357214,-0.820296069061242,0.4397459072555554,0.5343089479147174,0.8873114647583873,0.8179107344043945,-0.0006672648176802021,0.5464893267733781,0.24500524175769656,-0.022037714630484873,-0.21007519722657886,-0.3067027806298557,0.8903969999860627,0.7788072233805692,-0.5118794585191608,-0.6337228783874507,-0.6034758766090809,0.1922209900735804,0.3219503597790795,-0.03397054179330139,0.9048477460385775,0.5364457611998231
COG,0.8243655270665277,-0.11380842340260977,0.020149546237477667,-0.2733122495734468,-0.08465556999532309,-0.5705829316151949,-0.5942915289172879,0.4444145908827013,-0.47689119026454696,0.33026806195463676,0.4909589356896378,0.09596873222195723,-0.336690213385908,-0.24550729108739233,-0.46516823494495285,-0.3746167771132365,0.05847889401657136,-0.008765278428829015,0.4247275169952299,-0.4129649018573305,0.27201832172092555,0.2718323280963053,0.6281688774477309,0.49314462825936056,-0.5444527470974023,-0.4997893555248498,-0.3494776085624576,-0.11877043463174708,0.5206843410797223,0.42214774196403604,0.6549162781832906,1.0,-0.10296945978372118,0.07418532410079492,-0.24105252389641763,-0.5253359071274502,-0.6172316289378479,-0.38995496695764853,-0.5813868982999018,0.12738949911802155,-0.5509377405478975,-0.12956395693538392,0.4341990813994898,-0.021264804266251325,0.32284315810669306,-0.5218689010025646,-0.3816115700766829,0.16703627872557436,-0.5452962678250284,-0.14861046600175976,-0.6712786840169644,0.8888796638791585,-0.61239508030617,-0.38058950764993815,0.3932373227523489,0.5867694470111764,0.28045514560416573,0.2636086621089043,0.8022272481396815,-0.5397276410497138,0.17848802929932084,0.2633436709962558,-0.5480818086595869,0.3816045522295636,-0.4072274935118334,0.3072026559281613,0.23982314027234675,-0.36342032813142966,0.13704584679723453,0.6978880011466154,-0.479393741116668,-0.5299366605949138,-0.6697570413909553,-0.5968050851299325,-0.014617579792460589,0.22718547449629,0.17601448673630782,0.24825147793089253,-0.47025156384973954,0.20767355757400918,-0.5997429333081086,0.14562900377332666,-0.1344458045568031,0.48934247932268593,-0.3376414553488776,-0.44206023717967113,-0.44749162641158424,-0.03948798746874749,-0.4563333304018313,0.2910014445910314,-0.2642280165104183,-0.23319514536099994,-0.2605736940147161,0.3891252031947451,-0.46839971481319,-0.41404995478322615,0.2530809947498287,0.30195099285125004,0.8182450769620774,-0.46156474646507206,0.28489924952135603,-0.11676542818118008,0.5592067462011424,0.3305418622180749,0.31078198913480226,-0.5911431282074315,-0.35915555432524715,0.11128204861533875,-0.6390563943966452,0.36729677652458625,0.0605622077693313,-0.34449496086078657,0.06379144703086437,0.1701326341735544,-0.4716228105809126,-0.5924538940593052,0.27972934219134626,-0.02525578866678191,-0.0071289336503499445,-0.12293962290380356,-0.3374723855355397,0.32175299758886466,0.2830901957452636,0.3064172800943388,-0.2842227114561773,0.21040764448122207,0.393126082247959,-0.1926662891466473,-0.2595970730788302,0.12483909983749775,-0.31312642727422113,-0.432079814969764,-0.5334109252780299,0.5488450195543523,0.3910240618899542,0.543348275027665,0.3387355158057308,-0.23974916056727458,0.26897333999808315,-0.0042325723203064936,-0.20007263230204164,0.06852018133580207,-0.27232550768585395,0.46121334008871084,0.3660328271314439,-0.3742367885457365,-0.48960897124682656,-0.6046882213599805,-0.07700651697477046,0.03607425797975228,0.07341653954164806,0.6973272694835552,0.22143513483822874
COL,-0.07998886121829196,0.20317045459953598,0.03012239298153685,0.6578510941227917,0.3995385711501891,0.34104391390205,0.05352607928624731,0.14030539752585558,-0.08565867450316178,-0.17628603210024618,-0.16719355692227644,0.26781093563998337,0.08350286576217181,0.027925685915495713,-0.0952067939621859,0.15441546184337884,0.03444537639334733,-0.6113644047841378,-0.08138344274350628,0.8139018069997667,-0.002739476716381306,-0.28355865806448466,-0.16079096855445152,0.0063509578335267936,0.28098120469927457,0.02913063759488843,0.5927286426501523,0.48325624368701825,-0.16855094115137548,-0.09595216357596481,-0.18625540748621838,-0.10296945978372118,1.0,-0.2339367302562827,-0.22561632455329828,0.32011728212625734,-0.1926401594916538,0.03037162673228333,0.3282006259483674,-0.3855946424450529,0.03201696701288004,0.5012310692308362,0.3771680439702598,0.4491113209189045,0.41898477023503067,0.39888122563917405,-0.09016834724394363,-0.10348902523131809,0.09418247731058838,-0.602983361279652,0.2989948612328377,0.06611870897942851,0.251149353175537,0.15740083423902318,-0.07638995669606619,-0.22784510564111127,-0.18375049066326676,-0.2437862382314424,-0.23918549539063583,0.146902810316769,0.030879192447528125,-0.4427746471550269,0.10892067102338454,0.20072663687913883,-0.0008142323502668969,0.49669759295672966,0.3277163876768163,-0.12744558195317235,0.5859899011688723,0.13048833145380367,-0.06685605103307779,0.11973299364491441,0.38025536158187845,0.41999924076588135,0.14634703386682335,-0.15536103954918445,-0.4446039054143225,-0.23178835348684435,0.23741764974429913,0.014306820662599917,-0.006911142529387293,-0.09095478758263176,0.13630804663565832,-0.45006345633272904,0.10002276547362676,-0.3532048768292735,0.0633705954038557,0.19591218890368578,-0.22503171490355478,-0.2353267648854942,-0.49452543676678395,0.6130348032046129,0.07421929319450737,-0.2234648981420453,-0.20259327162849217,-0.10835492145284764,-0.1047004906166289,-0.30614575898437923,-0.19199834624653977,-0.19088805754892268,-0.21575310466387854,-0.051075028025209246,-0.350715229126793,-0.2815762444996641,-0.1644258200159867,-0.03696401695810936,0.13908640736592237,0.3179198987557249,0.18542825459258494,-0.18123575742085274,0.08114197273466583,-0.23639226946809955,0.6530247064855633,0.1286624072018503,0.31235907236857063,0.19237659553812914,0.2023447083969252,0.10929927252751159,0.14123162810127066,0.42495190263526106,0.4637995339984404,0.009024140379951584,0.1386219899851514,-0.20027615659415976,-0.12429474629100401,-0.589261638146571,-0.06098713517913201,0.12097942309514786,0.2589251014219207,-0.4051098375436033,-0.0741473870399807,-0.16051206486496739,0.15561888052044215,-0.22683703495247487,0.1793192639022665,-0.21685311623854386,-0.3286978824180642,-0.16747685502540555,-0.17401877196386195,-0.522828202417849,-0.44481089491279713,0.16706272978226533,0.661877130467695,-0.08105572708169007,-0.12645972771886038,0.22990676885938366,0.5285943661385266,0.4440459231394598,0.2797201115250212,-0.050943424420042405,0.24170770702634825,-0.12417347425339864,-0.24642391294382704
COM,0.18872192224724105,-0.04239414336340608,-0.678523059670979,-0.3949401298089126,-0.07968196408996664,-0.6190235594708322,-0.6937689431946721,-0.34213814728339664,-0.7127523271662075,0.8574606443866565,0.7362800019642607,0.5318759227666723,-0.6343054759852815,-0.5848485121579665,-0.11661526127727107,-0.28305668559406216,-0.5074783205750175,0.3864160685056629,0.2537311068721939,-0.22505343469336703,-0.5953868219454583,0.3682784899081466,-0.05259509609785251,0.7810137259508755,-0.7432101308263681,-0.5591396630849719,-0.6657873199655215,-0.3558130899544163,0.6994047961817127,0.7537771930815699,0.524591179021358,0.07418532410079492,-0.2339367302562827,1.0,0.39981642111834326,-0.23207680626078275,-0.3228048261938923,-0.7190495165636659,-0.6933528174726891,0.2398459551283132,-0.6230482287459167,0.0893018205852707,-0.2754206449999166,-0.12068487031707242,0.12026571389269347,-0.5266023661645929,-0.6232016216638789,0.7501148895155118,-0.6620828326261465,0.3666300070596069,-0.5432230991481044,-0.08601290851949273,-0.6215650962832993,-0.1235355243691465,0.5655120135844726,0.6582457235687253,0.8225626277103452,0.8936142851192014,0.02699511960891099,-0.3464985853486553,0.6571993370051085,0.5102005524292843,-0.4581045967857027,0.7278038931057583,-0.6921686017819542,0.1017956347516572,0.26927951022775276,-0.6511779654300711,-0.45613611866732184,-0.17227553014849684,-0.48612890295468736,-0.517703236873279,-0.5696970257415201,-0.44091903946968536,-0.4574655146729203,0.7480241967381667,0.15437078587151687,0.5640449619413214,-0.7543872557116382,-0.5054534695797042,-0.19527557972139942,-0.178105634233924,0.31064386877533035,0.25665503248800936,-0.5577183800160466,-0.45319233303664497,-0.4804185268509995,0.22632611770613986,0.07493997402145247,0.7966061883188033,0.20158356254020304,-0.4940775465835956,-0.32516674145468794,0.737012440491636,-0.44347829033915875,-0.16304585155565232,-0.018863704462391162,0.7540234529259098,0.45592609219384617,-0.06967163186995085,0.7496504136374049,-0.6418702552968658,0.4027697869895648,0.7463944882032435,0.4596697156089945,-0.6450191943704127,-0.7117747959400273,0.6003627492470914,-0.48136121216181116,-0.2208710323885814,0.5998179856329379,-0.08618704858452464,-0.09277922390275783,0.39682696452125177,-0.7651575378075699,-0.3951873701481674,0.3103578918845167,0.11429976529154351,-0.5695992527212959,-0.5288285566046187,-0.6578849538301077,0.8297349608105932,-0.612169334119351,0.779417773035757,-0.6067740907813779,0.6599059418946999,0.81118225722214,0.31002542756748663,-0.5137593724769582,0.5935742398983817,-0.6847395519625734,-0.5806284610919108,-0.6614376827133734,0.3989075250238725,0.28689183413114194,0.6468793030811398,0.8199358676397951,-0.26089178527550794,0.5118559797158011,0.3639597326304528,0.5410472181854549,-0.32935821866640214,-0.3414994239969942,0.6840536318385108,0.639555843480582,-0.6124323371233173,-0.21409037462306824,-0.4878877558736685,0.2273042272910868,-0.017981719887900205,-0.17882196688637064,0.586660212652529,0.5610476763918766
CPV,-0.22074235261961284,0.09592239353224574,-0.4984815157008464,-0.36916619015981356,0.12439443656067872,-0.21901898938450226,0.0023982093391834436,-0.6781607991465772,0.1027343650011604,0.08445196699923097,0.0026685311608536377,-0.16704440656267416,0.19201300235174246,-0.0728197582288368,0.5237730446794123,0.40204748432142046,-0.31676088687422865,0.5987704006712603,-0.38126154388259903,-0.16703515425570092,-0.3439296653936714,0.26452219787800635,0.20169954145729885,-0.016378170139440096,-0.16541696236921632,0.00023650956591436678,-0.20626655368761426,-0.6148461920134678,-0.02457021972763984,0.007122257730721504,-0.22453093388269818,-0.24105252389641763,-0.22561632455329828,0.39981642111834326,1.0,0.4242888002134805,0.3831275758166477,-0.05412637414093191,-0.08373321270951095,0.7382067737877757,0.17408020011013825,-0.04331368441176475,-0.44264896255012043,-0.4782043410619383,-0.6060903025368618,0.14523318730200585,0.12556818419537796,-0.011841533658437431,0.00942496982498442,0.5808854974103805,0.09541097964424616,-0.27778026245077836,-0.017556543605311115,0.3360280761855019,-0.058905978011216664,0.05112283823670016,0.304807924561591,0.2762124815269964,-0.33081615962861743,0.2707747749742426,0.0016915372454320288,0.25704729827964445,0.27371024238323294,0.15453598969093063,0.10206095817502392,-0.653728849577591,-0.38011485307801873,0.17822852726710592,-0.5652031460378542,-0.5565849172554804,0.21011994402277012,0.07825186280966678,0.001589022933337847,-0.03752742719908353,-0.6825255680485736,-0.03405353909739883,-0.15299607657134295,-0.12268165910386752,-0.3274112969062861,-0.4630925705162665,0.41303331599768167,0.03796460131014334,-0.08419951136534909,0.3099191754068009,0.18922943643477996,0.2348753743151567,0.322822013715953,0.19538456529150372,0.1299322040032619,0.044941270616573714,0.5622480787001416,-0.49554497005030695,0.39019601560920847,-0.06893159295576523,0.4336563632303958,0.6120723414372127,-0.0933922894637238,0.18518269753388816,-0.12319321946848127,0.46454623488812086,0.14044906742315144,-0.5740698780830855,0.4027489882408697,-0.052434290073271494,0.20702873088310247,0.11188695132714799,-0.27435644704131024,0.1240831161448116,0.0636996268752219,-0.41611612102103,-0.2898137631651201,0.34774461234555054,-0.42620811744522613,-0.38979252009930754,-0.2073327252535162,0.30371916951201716,-0.2556177798399848,0.4137536129050017,-0.4158729573809554,-0.35154381061452433,-0.4772507869304017,0.2036973709393115,-0.6336279249095391,0.14363755686936708,0.00916234557873341,0.24011325055542054,0.022716288400273732,0.4878418095257704,0.08880673088993496,0.7388203777990704,0.08193258290868632,0.13163492116506925,0.08047514708161585,0.2878421954990993,-0.3150945726669634,-0.20424096515502166,0.13790812716495038,-0.4090349981420116,-0.12809007252493387,0.47884085297980716,0.41251520847487766,0.17764526984321505,-0.3524311460173086,-0.18554604388237061,-0.09123778413660144,-0.2324049986544332,0.1481191433771838,-0.16107972148720973,-0.4438789247099868,-0.5675562174596114,0.07229599532483089,-0.06528873039556382,0.24896009925093
CRI,-0.49664228526961196,0.36969833990168743,0.08595097744437241,0.2744290348390628,0.2613285548250288,0.49710261559949476,0.4974237330546276,-0.34549548343389946,0.5381577043208996,-0.49130748408754266,-0.5980457303672835,-0.347309917196851,0.3677418445762549,0.08105015629566892,0.597037492211978,0.4025171528977476,-0.09771246668008371,0.17233178108132907,-0.6275942210111225,0.3632778776956621,-0.0227171178526564,-0.2633641432463576,-0.21931219439590643,-0.6066753591129674,0.4966140600345279,0.514664534079721,0.5409974002960061,-0.01128290087677386,-0.5729034952519751,-0.5204044186193215,-0.6795401214194368,-0.5253359071274502,0.32011728212625734,-0.23207680626078275,0.4242888002134805,1.0,0.684777679121106,0.36920452995666686,0.3817453238013083,0.1052789211852595,0.580627170926258,0.20374251749142402,-0.07206696818655534,-0.06787512693607134,-0.30383133428904774,0.6738900080525136,0.3660415578784234,-0.46300799337265053,0.5264545788273873,-0.019140135184779083,0.6211982271888522,-0.3052051453832465,0.5614205570323982,0.4213310980263574,-0.5173654744277454,-0.6384444145038475,-0.1986178843832045,-0.4211638260012136,-0.42466655485678206,0.6159409524546909,-0.24601559643454607,-0.23589954946501113,0.5645521075055008,-0.31748999772946274,0.40302920416035914,-0.43142507177506517,-0.4633134591725572,0.49932874033495445,0.04227212754202925,-0.38916774219707473,0.54322637548152,0.6193821642796941,0.6243050578002972,0.48814282087624705,-0.234763223996723,-0.5424059197060522,-0.39583686429737575,-0.4105818052639527,0.3162259634171867,0.05189484032349234,0.653507827649539,-0.029404482469530313,0.0038274964297705383,-0.38769056196131624,0.30868624955717294,0.4788240794823022,0.43152339423945973,0.036608978613922205,0.027597399307880965,-0.5093433865780095,0.4198284312382601,0.1730169072473665,0.4547782986915474,-0.5768290685543382,0.5959676448453806,0.6117069232759608,-0.3184123872018485,-0.5317103959335485,-0.4844670614790414,0.3599547379432404,-0.4716174734036378,-0.003066856270825369,-0.2967322016654381,-0.6172513508063371,-0.22764275214944996,0.5222771984274519,0.3753038625605981,-0.14890903192508387,0.6074516154698363,0.0031082433291810263,-0.47843565706223146,0.2941564794975804,-0.09960322763059515,-0.3156788854135524,0.349699176498403,0.6395826825226691,-0.1565997266447785,0.462918994132272,-0.047365561528124545,-0.001332144979800276,0.07817142921331921,-0.3860836724316403,-0.042216472501030555,-0.4366237089866578,0.4078571022527566,-0.26927610382468314,-0.5289879247690887,0.20198312390519102,0.3533387000063386,0.09752081023773906,0.35247534732327024,0.4229643608332707,0.6157036907878275,-0.44683366296070637,-0.10929547979666099,-0.7286641253866812,-0.5434905640490268,-0.14093379843329634,-0.3504038534797953,-0.12116196364574616,-0.07750472355739202,0.414241754604437,0.37361172880712334,-0.5825390479804853,-0.38899351560230433,0.1351850018531381,0.597487051308614,0.4453155061178855,-0.23519809493463484,-0.41084551102901345,-0.06390084097629645,-0.541752830106959,-0.49573060202822883
CYP,-0.709161960381639,0.2008606998231952,0.25857505378667844,0.034098823965437064,0.09503061320439155,0.6125872285476786,0.7851010309226178,-0.3468744115648583,0.8329125043028184,-0.624348800634281,-0.7841515497808196,-0.5891247592375541,0.5766283281635497,0.3086162237849237,0.8356071651609145,0.4617148652484352,-0.029175353418400718,0.4766176814610067,-0.7142390776450758,0.021849271535234305,0.10996743287253641,-0.4072602186461154,-0.27400058099852753,-0.7681874552037766,0.674352419288502,0.7839022373757509,0.431253481975153,-0.3381633825669481,-0.6098142355957639,-0.6702630370044314,-0.7874825731439488,-0.6172316289378479,-0.1926401594916538,-0.3228048261938923,0.3831275758166477,0.684777679121106,1.0,0.6843523871116793,0.5611277677387875,0.17197470512817858,0.8341647335354059,-0.05294994913633366,-0.46767470922614796,-0.3853808325202124,-0.5603190692015976,0.700613826524411,0.6642629267745324,-0.634691303475309,0.7738181784412914,0.21069958809247336,0.7271673289323026,-0.4785105102510203,0.7390398804663088,0.3611543806963823,-0.7815177970485658,-0.7932420721123221,-0.28435131079199194,-0.5602763304292941,-0.4859330248217639,0.7928323223551637,-0.531528035606291,-0.3530124362933371,0.7736526088055548,-0.6185238248405955,0.6826219338592582,-0.7517783360293389,-0.7204953642122605,0.8055316713257995,-0.2201086276343247,-0.6279455270578975,0.7732247762053703,0.7676687491286609,0.7093934155030359,0.5590479505265823,-0.08652345243664894,-0.6251859707723098,-0.3089789536313443,-0.553087331524146,0.5374367124709953,0.08667830580146585,0.7922171476560281,0.1398253122220927,-0.22208389769272463,-0.36986958696436933,0.4726142796058683,0.8798137212917367,0.6265929826871194,-0.14185677193682378,0.20439892724989006,-0.6155940882122966,0.5102435896915608,0.04843047861597505,0.5430980098311183,-0.7199408332149173,0.8759877670581792,0.789490748722501,-0.3092730722348642,-0.5937364403278371,-0.7207604742934368,0.6136939257815303,-0.5930657415501783,0.1600421317067422,-0.3316869596662706,-0.6548868978740359,-0.40010517620705954,0.8037337497586946,0.5773997197292603,-0.5173288292450473,0.7633632139903004,0.03728494583898756,-0.6475669770881989,0.43602471567399315,-0.4379372806980468,-0.546043587242222,0.5368641831411008,0.7913319052764024,-0.4419678360486905,0.13688950979667414,0.053822691759632946,0.05281584358890934,0.13884976344939226,-0.6112808076949197,-0.06684891863509934,-0.5739520742937385,0.673444321907324,-0.2724835742004692,-0.7204662567044275,-0.10604110491661012,0.42291190556980607,0.05259909535053675,0.6894966726208084,0.8030169227072483,0.7763130720039686,-0.4185993977245934,-0.5653445744180403,-0.8103910148787432,-0.6062798077498397,-0.01827822979514493,-0.46506605496789,-0.05349897662649705,0.10744585134815454,0.30174489761385404,-0.06148416297365289,-0.803145331170023,-0.6821392369742054,0.2319138175069052,0.3615970790609928,0.5402346971819129,-0.3917436000797534,-0.45141549658295665,0.018890850108734147,-0.7271071446638926,-0.487966847757479
CZE,-0.672730751056414,0.3469784189420595,0.49243980772198903,0.059337835836809294,0.2509606591828324,0.6483569871858126,0.9240610928888086,-0.0046462722487454755,0.8439041819967336,-0.8140461441832403,-0.8321360254939507,-0.6006572078727448,0.7164423394554486,0.6257009357071164,0.5751885569300037,0.5321819004816271,0.1027443854496286,-0.011753958756629324,-0.5586293150872237,0.05212843447050475,0.3898624024103644,-0.3982792968587119,-0.24730837686774243,-0.7436844816884123,0.8094838475669356,0.83689378533355,0.7090692753862771,0.03168971544962518,-0.7212977030739636,-0.7519300706536953,-0.7500901212578455,-0.38995496695764853,0.03037162673228333,-0.7190495165636659,-0.05412637414093191,0.36920452995666686,0.6843523871116793,1.0,0.8500400299320042,-0.12833118641524832,0.8784425976598418,-0.1770705773886001,-0.28507981411634065,-0.04735028410285791,-0.4338837516159193,0.7460454912730682,0.790678537408192,-0.8611879971774883,0.8730096197908527,-0.12750935704377597,0.7399276968190995,-0.26389030490332477,0.740927485519233,0.2424509848127313,-0.8125883434530061,-0.8109010451832765,-0.701586099602489,-0.8407845916410825,-0.36020750745678853,0.6234344240628619,-0.7264101215820618,-0.5922873603306247,0.7917253075478692,-0.7159125122077881,0.9011642436456456,-0.3833639365161703,-0.5469020821477266,0.8508433586930975,-0.0754867112161497,-0.3832292223811866,0.7485403341392809,0.7204666553322912,0.739149018008175,0.742175664022347,0.15269542878928677,-0.8265404753738783,-0.34357286581973523,-0.5639616754520058,0.8772015899527549,0.2199307118807069,0.4702357329699409,0.10813174278915216,-0.209574504727156,-0.39541029471853273,0.6995045960246389,0.6566028394869681,0.7003119502412872,0.083475226968587,0.16923969231130098,-0.8464778520807359,-0.1009313417547999,0.2887940400051562,0.5494026160048935,-0.8551525464828678,0.7436275547614958,0.612948702853604,-0.167202736621753,-0.6986091008820856,-0.7564097953394724,0.47030129275167,-0.8377540401302097,0.5664407395925755,-0.4198151963043599,-0.7192307202966575,-0.5281779864810394,0.8799901969134725,0.7522307900884396,-0.7819555735456274,0.7445715673484736,-0.02998444880552853,-0.7597359351096822,0.21239795069099998,-0.07008245123159562,-0.4750500177914727,0.8670139281623199,0.7756693432253378,-0.2577572365137062,-0.12628799103661947,0.4192734647735873,0.5892684100485086,0.3462199824274306,-0.8239120112142579,0.2274420717709662,-0.7523450173867388,0.7250453370252836,-0.5331727315005188,-0.907091932891176,-0.21387381057944554,0.5087494474458314,-0.5069258003870698,0.8993115434020551,0.9071379326464865,0.8634323655982536,-0.38977661885119397,-0.6084364016505033,-0.7487310063676782,-0.7381589669897033,0.2820835877146767,-0.5747849937859435,-0.3387044924382434,-0.0028104155734995917,0.30908716072605946,0.05202304370752164,-0.8628349118271581,-0.7979289356299866,0.4450361378053399,0.2614860055431645,0.5594601537157153,-0.42106921589998936,-0.2379406592843578,0.03163323183114408,-0.8185837153144999,-0.4945808633179789
DEU,-0.7288913948634406,0.22961033114010743,0.342536753238339,0.41320204605136357,0.31325769093349076,0.7558597174034505,0.8881217239976091,-0.035103379560142534,0.7502005344518368,-0.8058546677701268,-0.838229979423375,-0.38438362533890613,0.7470197487664059,0.652557628626892,0.4780591800475027,0.5395153876354629,0.21523577597342836,-0.2597424881528143,-0.4761233060777008,0.41449548389369284,0.22298070297731665,-0.5314290522848035,-0.31817438425022515,-0.7010970879933978,0.8708541298679287,0.7618624009188728,0.765424885047144,0.1768391397530037,-0.7297186098849542,-0.7355524774988862,-0.7771592964921477,-0.5813868982999018,0.3282006259483674,-0.6933528174726891,-0.08373321270951095,0.3817453238013083,0.5611277677387875,0.8500400299320042,1.0,-0.24519808918901664,0.8282343242927325,0.061910656153254195,-0.24343272158801454,0.0662307026818606,-0.29394175889215046,0.7689521364937925,0.7215062698270774,-0.7102101029217485,0.8427243982079069,-0.14518792128227953,0.8500035528988164,-0.43959937561145557,0.8539613238624595,0.41777536275731264,-0.7070708308581848,-0.838135436645751,-0.7306696275775295,-0.803345173844372,-0.5672716033228018,0.6294583822316184,-0.6421362906216099,-0.7285933989213262,0.7734714048082769,-0.6051044093449769,0.8098436034004306,-0.21604343094643585,-0.34632977775264817,0.7177150810495374,0.14379567940414884,-0.423484595914972,0.6524254824268493,0.711900105945199,0.8472766273488181,0.8175402938332782,0.2836152947872026,-0.6983419170984395,-0.3450385989734075,-0.6266720148622396,0.8493959514897712,0.016431382568324326,0.48777561536537617,0.06439889825121503,-0.08991401431263535,-0.5191384842860924,0.7614199053812559,0.5008562506188905,0.7546552229498705,-0.026864981503910146,0.2476100823219194,-0.7963316378429814,-0.24582021314709013,0.5001891404903704,0.4858577367037712,-0.827944319620364,0.6051985294096994,0.490019617608328,-0.15588583433268766,-0.7225920057396427,-0.8876310176861653,0.41258867692068324,-0.757686615381201,0.38886182637037736,-0.5737923778951937,-0.7441423450203164,-0.5355912302750396,0.8193933254171988,0.7195867924506747,-0.5024252886141953,0.7797682784226566,-0.32703453302647056,-0.5286048090394957,0.23129777371672744,0.17380480820878508,-0.39637116518143056,0.9216786773168595,0.7467760385788943,-0.3068492421028215,-0.11508423886152008,0.41516005182524585,0.6694488506104953,0.6532381138789016,-0.7267091038908107,0.09409584703626639,-0.7582690156596352,0.5581879862397571,-0.7413470031279603,-0.7997634184155902,-0.09852611133443379,0.5889101825530957,-0.5541561413402405,0.7675860874289289,0.7483539664112353,0.839944023337338,-0.4664225920512264,-0.6077230667490663,-0.7894727018975554,-0.788154962459914,0.184779080375701,-0.5469876630086556,-0.3880215699135774,-0.09857501825148485,0.1579795806050437,0.25737705296747637,-0.7944633852073468,-0.7731903420100212,0.6327585271918906,0.48138239807595185,0.7713273556746261,-0.17162878803924486,-0.17295391939995008,0.19511398991726536,-0.8306723506408349,-0.4310452521954149
DJI,0.14233435693935936,-0.21756118977571015,-0.36843869280887676,-0.5641650667917792,-0.13552337360762134,-0.4591867298521497,-0.17512356127840256,-0.5919970643716712,0.09460630724356911,0.16949780984615603,0.1645982526314912,-0.10451943287329524,0.06401377271035658,-0.16843999398234621,0.36622941878326665,0.11710289300187582,-0.266627864146455,0.43861172395732195,-0.24780516790830975,-0.3739397442653325,-0.35457745526377593,0.18327049480997792,0.4274325600504839,0.03181398181739303,-0.32521487511665637,-0.0665475213149136,-0.30967749421853097,-0.5573924949073255,0.1608275298808719,0.19079167723171964,0.09538700372726128,0.12738949911802155,-0.3855946424450529,0.2398459551283132,0.7382067737877757,0.1052789211852595,0.17197470512817858,-0.12833118641524832,-0.24519808918901664,1.0,-0.005684555291098237,-0.06963835093548809,-0.29241899886563316,-0.48757146948733476,-0.4590481533455839,-0.03815394899977731,0.005745629795625429,0.07236053440093504,-0.24478840208238473,0.4425083067292711,-0.0850487909594726,0.005959663433468099,-0.14994384374490455,0.13790087652507044,0.1753901616175615,0.2942169413892495,0.29210308895838777,0.24388966645612853,-0.016836077854494036,0.0033329691957836305,0.09384799006391098,0.4574447645270743,-0.032209207751269675,0.19981060462814937,0.04293829100672286,-0.48319087927862414,-0.16369416778666368,0.16863525814506686,-0.540837741208124,-0.23074056335008497,-0.11459393914486715,-0.0746164177705404,-0.21694480886524503,-0.27461078937385874,-0.5779956590362323,0.1104815205865256,-0.04455512774412829,-0.027286993866891374,-0.3878153344024504,-0.3075993267827377,0.3218482449514619,-0.03636573374033181,-0.28813430873248236,0.5226221743840627,0.05422255733639958,0.22787506207580976,0.12215835747613779,0.20993412404739276,-0.12012877167462355,0.11875376054547504,0.5557868009442115,-0.332918626959984,0.1874978189358384,0.027510772955384843,0.3001118210495901,0.3550526256047428,0.04307008933848322,0.3568375799695591,0.13405009820486202,0.2981054768372846,0.18190528155693098,-0.4064407420352454,0.5987182262908926,0.036753962870491486,0.2583482368110188,0.019464722696294956,-0.4818364238937236,0.031338577009836444,-0.2733724961449231,-0.18985616996388388,-0.24065635571955957,0.45017609842751527,-0.48891802853738553,-0.23104341590796462,-0.31614493678901034,0.06176038763733138,-0.27282089490370676,0.37756092639945515,-0.4396967620508383,-0.49785958498506844,-0.5418686762103544,0.20835491215479662,-0.42439157842105435,0.23633446088138044,0.16187587314165797,0.2073417782717888,0.13650033120181593,0.2934549834572413,-0.1427755185886519,0.6647331696908461,0.06036323094562979,-0.0410645203938258,-0.10701034473153115,0.40636798866925383,-0.30711928488773177,-0.021297973428392014,0.29205800669788196,-0.3394265492317712,-0.07131902255342859,0.4602222154298339,0.07545973085922786,0.24078013606119186,-0.3514965891964845,-0.010982259876284983,-0.006667117029148351,-0.22336497153573576,-0.22647254495172198,-0.2924694222532991,-0.5396668007538024,-0.43226675983920737,0.24665124615429856,0.25895180230385173,0.46386158088686225
DNK,-0.6634956863336747,0.18696366142524745,0.3683114387187705,0.23529251882552993,0.11796662842572836,0.7762118364378177,0.9311167712520364,-0.21786625259336967,0.9458801994896258,-0.7849221426276465,-0.8662975733673353,-0.743939306880959,0.6767301546512139,0.530008032623835,0.7270397997724973,0.4920859581492981,0.032294606082263644,0.09665603779137155,-0.6278965076130865,0.22125025099059337,0.2826675054091716,-0.4914082261996551,-0.19139923499395906,-0.8293262337675198,0.8836231097942592,0.8309419899059536,0.6380637291554174,-0.11915568656256514,-0.7394977776007725,-0.7559397252581876,-0.8370806892223244,-0.5509377405478975,0.03201696701288004,-0.6230482287459167,0.17408020011013825,0.580627170926258,0.8341647335354059,0.8784425976598418,0.8282343242927325,-0.005684555291098237,1.0,-0.11576826671576024,-0.3191859228215914,-0.24888178251552384,-0.5420198381810288,0.8157209458593792,0.7636537362361823,-0.8093090118314641,0.9485645112340554,-0.019722344040293605,0.8921328349680553,-0.3581961459104903,0.8962227910803577,0.3001761501238729,-0.8228615190277417,-0.863544848454556,-0.560069313224127,-0.7365473589829117,-0.45112588091062356,0.7607072469518953,-0.7481789060979416,-0.6075382055798606,0.8279752180230646,-0.7678603854540782,0.8320002773505125,-0.6470428089762774,-0.7007185164169105,0.8651844823838633,-0.12244255515963842,-0.4678844197556733,0.8760262061695461,0.8961131319195226,0.8092954710523992,0.7627121968283623,0.028796874985090648,-0.7986777937393157,-0.42708955599540266,-0.7329782921170724,0.7607736954264369,0.1825395834461525,0.6638462050013584,0.15219447230799932,-0.33228670239048963,-0.38263614192713247,0.6391191410189455,0.7848373676662481,0.7187774293906396,-0.00618508731626366,0.09518960099507301,-0.8117196554106987,0.12456754005483239,0.21816820602522702,0.5457343291143261,-0.8226653380362243,0.8488267942533654,0.6886033054205939,-0.3071867699790498,-0.6921145188665383,-0.829960901124613,0.40506701292870884,-0.7434151048632813,0.3403167148358548,-0.3924801990111648,-0.7441644584632128,-0.6167539606265366,0.9683648924673252,0.795294863322705,-0.6870572432297095,0.8938849394868125,-0.0278485976978764,-0.7439947443191104,0.2929683192608117,-0.2148013376948139,-0.5914783161338453,0.7565457551074489,0.8114141277606892,-0.5003535914776895,0.17076503121034614,0.2908235182138912,0.29319949425681857,0.38253688580919243,-0.7990178334490023,0.15109117339072298,-0.7126104953002743,0.6723446246624396,-0.49972364467502506,-0.8966021267549116,-0.20713730737648106,0.4990531680468627,-0.20134116751912945,0.8088423782551952,0.8486933933351956,0.9794690574625223,-0.4539181434995343,-0.6124989832439502,-0.8467839920693327,-0.7697916604307462,0.014244101648442475,-0.6470317196751258,-0.14472571121841682,-0.036547675592944584,0.28910367266589576,0.08970667183243952,-0.9164897462679766,-0.7684485589201093,0.3577155725104284,0.4243036997498215,0.6797645860912023,-0.4720233909475917,-0.469101821186539,0.12393449205209794,-0.8557097345529419,-0.5124752931790373
DOM,-0.14384031072362413,-0.010123389425520823,0.14610535232378208,0.3760653419710255,0.178213453368818,0.169948438327849,-0.07103551639613337,0.17059288431912178,-0.1170113798858301,0.0823243552856614,-0.0970907138857624,0.41066343012691453,-0.027837702763841676,0.18914274937382713,0.19039650157340893,-0.19329347914888628,-5.9927408321058806e-05,-0.17734887751591533,0.07578334795798702,0.3880983800100478,-0.10105540606794428,-0.2958565433978566,-0.3232094354566124,0.13495052650147255,0.027818450155024044,0.181319429235395,0.3928161763280459,-0.01808386878100854,0.07120814764708872,0.11734475103944453,-0.033241186931337374,-0.12956395693538392,0.5012310692308362,0.0893018205852707,-0.04331368441176475,0.20374251749142402,-0.05294994913633366,-0.1770705773886001,0.061910656153254195,-0.06963835093548809,-0.11576826671576024,1.0,0.01780116730177861,0.34272448066059136,0.26018938105926515,0.06583165088582454,-0.17200075900777567,-0.010837028371791346,-0.1503188625077363,-0.1805947297138233,0.020737015714432094,0.0013996674831665556,0.08351435024105525,0.03677291574215935,-0.060617812091754875,-0.0909787525226482,0.2047531725189472,-0.08488872527707736,-0.13102480165439134,0.04884611164218555,0.40768836150152843,-0.17599466140723052,-0.16002704693800296,0.35918553689965416,-0.20285297022681714,0.2762246029126637,0.09289608433279994,-0.14077120866675497,0.32089436605944344,-0.10315961441192334,-0.11593228146102619,0.004043821012332027,0.08260943448524061,0.1481619467954547,0.23172257277722697,0.030981069005760697,-0.3173066594008733,0.01189222125787781,0.09334416701374859,0.03947621438144189,0.4085006800290826,-0.004449666573475897,-0.19130524443764574,-0.5322499553028694,-0.07767683780197854,-0.030984026884591787,-0.0205295290791625,-0.12691435222156144,-0.13607121126572763,-0.06449330436491785,-0.15159127342426681,0.6188043872545775,-0.12619041482081728,-0.0831207062892938,0.029114805701626723,-0.20806588122537462,-0.08090887475890618,-0.2369342589727894,-0.03639884397031623,0.09913555862747359,-0.22513490274685077,-0.07661306289252723,-0.40642516734490974,-0.13282918426242452,-0.10021592272374957,-0.12334860676871373,-0.01997999232067893,0.3830958275078955,0.08163914355034596,-0.10459707950689112,0.26657144983602177,0.20763202602979258,0.533562973522164,0.20909455299650181,-0.09349288106644771,0.003960761745976593,0.4145194424486769,-0.09195604798105683,0.14412189268081588,0.01708198652230919,0.14515090558054822,-0.012622994234665175,-0.1451720677425561,0.029067114962205598,0.13675541087196263,-0.48159233116935285,0.24952640757574152,0.2247608654062223,-0.11478842903128861,-0.11119123801720399,-0.19801283951273208,-0.255471551088706,-0.08684951656638495,-0.23645446889675092,0.035122483880378086,-0.06930015139308288,-0.02628513239274688,-0.15157553348937625,-0.15714284797722344,-0.5624649252021854,-0.2939717500233887,0.11158696239566634,0.25025223056316537,0.006273364079475985,-0.16882103771745394,-0.02767514566657847,0.5608125563222445,0.26725095991578396,0.2146803918603707,0.022953887649575178,0.06026989671660343,0.06011414650057245,-0.24341855724885053
DZA,0.6236130253397641,-0.1821454410398058,0.12489899965739537,0.3667386633513241,-0.10456321848771655,-0.011306146524489247,-0.30975167037614604,0.43303637627027736,-0.24901552262476456,0.009407191827374484,0.19088221253710635,-0.025386466707577826,-0.2716294609872727,-0.10857521566023198,-0.598138213723558,-0.10605420970103774,0.2089012755952827,-0.49770371029068006,0.2250512385021759,0.3479634001281485,0.3589862141890069,0.15797507743023442,0.30591181819148106,0.03471664179160738,-0.09449495789709994,-0.4641034498458054,-0.005873357908828369,0.4812976949399086,0.09095992398373764,0.045942455431038254,0.26031376296537445,0.4341990813994898,0.3771680439702598,-0.2754206449999166,-0.44264896255012043,-0.07206696818655534,-0.46767470922614796,-0.28507981411634065,-0.24343272158801454,-0.29241899886563316,-0.3191859228215914,0.01780116730177861,1.0,0.2671661051961012,0.5920174762558107,-0.11055954692726089,-0.3405407256741906,0.04757480350774168,-0.2308225423240804,-0.5316503361602125,-0.19800042515096483,0.5073968991164811,-0.2100342141721816,-0.259811593756879,0.15022637256328197,0.22254442168488797,-0.06533879409426069,-0.04667726479937473,0.38196166753319905,-0.1666851058217096,0.08303484632201918,0.03684204756445408,-0.2805562411545601,-0.032271790402273126,-0.30115474844815293,0.42166270138835515,0.3521399423531133,-0.2946735272857306,0.7020016690660774,0.8495246287172236,-0.29878078070011727,-0.2202431416611692,-0.08989863944135768,-0.2245725523963784,0.1936657587210744,-0.005957498553581075,0.09221641842634365,-0.09230492123295275,-0.191880296217394,0.3682792284626336,-0.4428164971878663,0.28613150517405705,-0.0966956473752083,0.11283521311071598,-0.2836400415429723,-0.46003688793964104,-0.38924371719460704,-0.08179869684197483,-0.4304800926043457,0.05836292288676692,-0.2477541136464616,0.24589273202451833,-0.20940276107557132,0.2057110898153296,-0.45101723447901976,-0.46516699057234057,-0.03463002346755584,-0.035936577560041316,0.38386724012356455,-0.5300410592789939,0.12913652128027098,0.023520109330170458,0.03715954233626961,0.0805379054995099,-0.04138255781039901,-0.3381274460692367,-0.04153063183098449,0.15297869422728583,-0.29642840136018744,0.37474457506671777,0.19344378942895635,-0.5655069040685632,0.11964628201172922,0.010582519562787995,-0.12591795581032383,-0.28230645718784064,0.09489274151131499,0.12182174103882226,0.15254643273166768,-0.0006995455953773266,0.2383177358651063,0.03647143340842596,0.5601931410542681,0.08886832309724058,-0.3542702633203447,-0.1030737966971238,0.022510730735789575,-0.07511756037040729,0.11217844685960277,-0.15048256166309848,-0.322343699323306,-0.36233892750843055,-0.24332064192652725,0.019060165282877017,0.5250086869503925,0.19142772474732084,-0.10442785300558244,0.048761670806929835,0.06032234299191286,-0.0007582311215030835,-0.5749280190460409,0.2825659798515705,0.3939477664601396,0.15968718906869872,0.19635410128269615,0.09628024890997533,-0.07491190153383576,-0.09278426017049224,0.2061659502135169,0.17105674947260985,0.08640853440653451,0.19546584086862984,-0.23055526983855734
ECU,-0.058410518049226035,-0.02068554442050452,0.34446516747213674,0.2737533732103139,0.03027563353350049,0.08111823807887042,-0.02228906447702461,0.2920753559270608,-0.2297507957826881,0.013518209645780987,0.07724202969210292,0.37612075849051996,-0.2423617434330363,0.2543693943686711,-0.43554695370529983,-0.3283829701988046,0.17209758234855121,-0.5359008629425825,0.4304310881180702,0.18612969705306848,0.15006391098759475,0.19379987111869346,-0.2933383895705881,0.08300102510285234,-0.018590100592492664,-0.0010972953190935275,0.3763013285465697,0.4930414356514592,-0.22003836311921643,0.04011343540360546,0.0613723939294093,-0.021264804266251325,0.4491113209189045,-0.12068487031707242,-0.4782043410619383,-0.06787512693607134,-0.3853808325202124,-0.04735028410285791,0.0662307026818606,-0.48757146948733476,-0.24888178251552384,0.34272448066059136,0.2671661051961012,1.0,0.20594800504626176,-0.2221624765601975,-0.14695888403812907,0.08467605851643534,-0.1425950413961592,-0.34200526430176836,-0.15045068172423837,0.07573165029478801,-0.16578763504469407,-0.19670072126793658,0.2547661757649925,0.03983146546878091,-0.35781015034451724,-0.07174975067825895,0.048260061940098464,-0.4708861776878117,0.3731641485946704,0.02051866750864839,-0.34192303256457257,0.028605321996062583,-0.22486337466521578,0.5834137923860218,0.2566245039299233,-0.3025818454947906,0.29218678255971264,0.3208347540661167,-0.18404129890886134,-0.08781246810914012,-0.06301772690288199,0.0680319822810167,0.35455494508972507,0.0871199198299678,0.1327835288533118,0.3204354267102949,0.2528224140690194,0.32299060309997496,-0.24380091816808358,-0.4412143937791342,0.3292243322486318,-0.4411583442212914,-0.0988018258638117,-0.32304545074843194,-0.2652901699730592,-0.015646913579984822,0.12117097475480243,-0.004923216275866338,-0.3775824946835278,0.45838070213386484,-0.42112079391590207,0.06587104438904379,-0.2694904693130875,-0.46777242569491895,0.4018389144413308,-0.07971785611802806,0.07110270710094635,-0.15290500065630042,-0.11914169116729734,0.4158774542529595,-0.4768496818149597,0.11185363671835469,0.12739515543134594,-0.17584693952770003,0.11440368028351611,0.024158382600868444,-0.08203489197721203,0.07468017372430369,0.31713924090331047,0.1265322352480922,0.7552465336182395,0.348612661587984,0.05352911255581361,-0.27431885263895506,0.5771504054312661,-0.22305801096654654,0.5075554516200488,0.3367409010759064,0.13718060077729666,-0.051184310474999606,0.34266472175201534,0.026280436455613176,0.04217978172416725,-0.05171289597818873,0.09597628787694112,0.24877836471849135,-0.29277523836309327,-0.5526984000775323,-0.23555839509888776,-0.2084952369309836,-0.1263318446451167,-0.40983366733812643,0.1525823694731574,0.19459826347230824,0.059602361933991266,0.43749111988272293,0.09077974846064629,-0.33699377893037585,0.01554479883444193,-0.3602778703827687,0.3657160884874855,0.20041546785006525,0.09360887343160496,0.0827540656337713,0.23437028472565813,-0.0354673124431355,0.3546696276791794,0.5528086311451642,-0.4470540322785317,-0.008237942417305577,-0.04043289346786261
EGY,0.44308862392236903,0.04932627334901918,-0.1328777060678965,0.2774004965800413,0.12175527254399743,-0.13916502112976814,-0.4769669650546564,0.45993070431730476,-0.5476800867906138,0.29189773869227365,0.36482652853437736,0.49180073500868704,-0.4430098152523716,-0.43251199149691555,-0.5209534525913906,-0.17563437004097682,-0.0297234587411217,-0.3920122695551864,0.15653942185075564,0.3249604762360232,-0.08899931726120913,-0.1627033828320572,-0.10141111696096727,0.42582877222999005,-0.22726979436942596,-0.4328463229809765,-0.11875167927223473,0.44598466192928,0.43828547667259476,0.3461945589324732,0.45890800962174805,0.32284315810669306,0.41898477023503067,0.12026571389269347,-0.6060903025368618,-0.30383133428904774,-0.5603190692015976,-0.4338837516159193,-0.29394175889215046,-0.4590481533455839,-0.5420198381810288,0.26018938105926515,0.5920174762558107,0.20594800504626176,1.0,-0.1497972302303141,-0.4939882709756409,0.3531296290020758,-0.3932972176640508,-0.5372456010485509,-0.2685207530040219,0.26024463389335795,-0.2592920289640177,-0.11073797475422631,0.250554981876421,0.30409385035438286,0.26431035437818706,0.1202984523802455,0.18117668471650306,-0.18851375754241873,0.3052656447076266,-0.06508402796358048,-0.31480316859856994,0.43846060848151924,-0.43362199440709936,0.7440526032748077,0.6972301381768462,-0.4511763221556553,0.5971637784535782,0.5023515923681521,-0.5532474551467845,-0.4123687120599373,-0.1514105545112432,-0.19104041003183347,0.32179775943107436,0.351470287255928,0.09653810633234938,0.14078228442180418,-0.27354055225025475,-0.06418311183614267,-0.446598719719685,0.10744754203442186,0.19378825561898472,-0.10366697349862353,-0.3832702811540689,-0.6507929164465382,-0.43009592360993976,0.04916626187815443,-0.2755739213017243,0.32219763679433433,-0.39216840303268574,0.3076339835129904,-0.2107521375386805,0.3621374108052582,-0.7448451394702631,-0.5357811064725446,-0.20563458487186126,0.1398560738099025,0.3782281249512549,-0.4125940218161559,0.3079551240317191,-0.10252058486432913,-0.0294656361456338,0.2751250070010772,0.008714551615323085,-0.5635361953310221,-0.287767020559933,0.435939331070922,-0.3499134927293639,0.11919571939700024,0.5399454324081592,-0.6136215251936286,0.21879196649401178,0.4831229240137538,-0.14483296803294188,-0.30420248685166884,0.35726209682388543,-0.0978659532310393,-0.1979695684266689,0.08728395865202532,0.18303746757334616,0.4157804509869528,0.14734948730388786,0.2316612144526249,-0.5478744300335969,-0.1624745423072529,0.3919312571831637,-0.31297842481622884,0.009549225185760624,-0.27391369711409475,-0.396086400441928,-0.4765121178124474,-0.45585227438369236,0.15971705554764548,0.5641227569490532,0.37481055143376485,0.12709790777556362,-0.040277431075157466,0.43212693839574623,-0.30413025710014563,-0.39524988797548355,0.17146741804319143,0.35934621482546936,0.4650039194081713,0.35782381192094403,-0.006775699366465604,-0.1747380941740322,0.02032133270628711,0.569143655036389,0.3162218888575572,0.175309913504184,0.44177239914556177,-0.04045293205435252
ESP,-0.5900195477938506,0.3304825121412307,0.1552066247710967,0.2815677264683376,0.28543447132987976,0.7146026785668468,0.7501654893911456,-0.2710013000162752,0.7362615297311628,-0.6634119698411207,-0.7421942989524548,-0.4223440039485895,0.6023016450669296,0.2499586120323597,0.6535516375998324,0.639931887950367,-0.15647547346994872,-0.06999744754354409,-0.8306143473707643,0.5047887474489022,0.047065522232358825,-0.5899333130945168,-0.28677628466347804,-0.668871695635354,0.8114276668901108,0.6932878475668602,0.6922320541128676,0.1039316849875127,-0.5686504197118776,-0.6058826312951147,-0.7314704191288786,-0.5218689010025646,0.39888122563917405,-0.5266023661645929,0.14523318730200585,0.6738900080525136,0.700613826524411,0.7460454912730682,0.7689521364937925,-0.03815394899977731,0.8157209458593792,0.06583165088582454,-0.11055954692726089,-0.2221624765601975,-0.1497972302303141,1.0,0.5237374017988351,-0.6868204766843691,0.7851821102917252,-0.33874034590033597,0.9176179142479659,-0.38493976476595604,0.8566056382760104,0.3381716155156942,-0.8006219681943247,-0.7773653409000421,-0.3762183485090651,-0.7223318003311672,-0.5704633654572877,0.8849585866006838,-0.5533391570672002,-0.5992638151504863,0.8341946508974255,-0.43710509927972474,0.7076314118119631,-0.31654662421486734,-0.3098777485589639,0.7349743542471102,0.10120173545214284,-0.44357615340016787,0.5996024664570979,0.7493262217757104,0.9276732430804097,0.850403705104039,-0.0822214783176003,-0.68052290236816,-0.6504612725982746,-0.6952050597780963,0.6527694927774131,-0.02078664651229878,0.6141507679135674,0.22094085302109567,-0.15844697999078083,-0.4527705570690035,0.509972912966449,0.48831291151136136,0.6041788655168646,0.2522823573232379,-0.12604684904577113,-0.7019168881607825,-0.0022300995065673845,0.4320682313687083,0.6046502382230664,-0.7664953757184767,0.5874107300781644,0.6469343811319983,-0.5240606827995735,-0.626183465625862,-0.7588693389849646,0.3473259097318364,-0.6404149713139498,0.14505458165508633,-0.352264228058387,-0.7161576301715527,-0.5948449092115806,0.7711555344437316,0.5531234496779601,-0.39270664337077976,0.7551721937771221,-0.13451884005421588,-0.5822237733470899,0.057946575896749675,-0.11709777095727691,-0.3702848376469847,0.7543739133082538,0.9305312630013837,-0.393953742032497,0.16988862788558656,0.015628991387635627,0.3672466495270157,0.3800086102565028,-0.5340087451902615,0.020114551096747646,-0.5835627274354973,0.45872732586734344,-0.6500205622733732,-0.7699604425341642,-0.1477184201862869,0.597114933437378,-0.27715966877612375,0.6779193101888767,0.6738340458455505,0.8293229045650653,-0.36303482991201697,-0.36915035557511744,-0.8221327134242107,-0.7369877243858536,-0.057200036736521964,-0.6070930460274901,-0.32570909756362987,-0.2635773666376724,0.5576028037024725,0.32646209819665706,-0.7779384730114318,-0.6611998599987983,0.3359737872908557,0.40562358209531246,0.8027480003681968,-0.35914882530748327,-0.5143951918702925,0.3427939999232118,-0.7020493005358674,-0.5243172415966346
EST,-0.6022488349639814,0.3681413753979128,0.43438105682124006,0.16870835097073877,0.4244173811793679,0.5332637838406629,0.7971910135877504,0.012956739669708117,0.7468338872197411,-0.8780738733034523,-0.8490328277577244,-0.6350062183006338,0.8358362575851225,0.6489261160965549,0.5459703486337582,0.6200520323200784,0.44324961684984376,0.17789459875587088,-0.498062780276352,-0.1236500981176536,0.44950550367511555,-0.2733978025416326,-0.07877569188895017,-0.7251977337947522,0.6827298048992024,0.6581659513472313,0.5618382668557057,-0.1533567144121908,-0.7958872479085639,-0.8821601819509497,-0.8235688444005138,-0.3816115700766829,-0.09016834724394363,-0.6232016216638789,0.12556818419537796,0.3660415578784234,0.6642629267745324,0.790678537408192,0.7215062698270774,0.005745629795625429,0.7636537362361823,-0.17200075900777567,-0.3405407256741906,-0.14695888403812907,-0.4939882709756409,0.5237374017988351,1.0,-0.753747766375763,0.8087840773671815,0.19282003301798079,0.5518340290774965,-0.1895420083254158,0.5848784861865479,0.609487807309749,-0.6392592467946017,-0.7812973777524466,-0.7060818509968101,-0.7137643646472114,-0.33803467743656457,0.4621928869163582,-0.8214800628931624,-0.5567885968722512,0.7489791123625776,-0.644925413211983,0.8663789047008854,-0.5556831801198958,-0.6701703467719708,0.8471965568400667,-0.0079218185902461,-0.38157795564599617,0.8198625171094277,0.6171271934332175,0.5102219946783507,0.3768300310305207,0.35715845904785626,-0.8292518855736697,-0.038129720981371795,-0.6104593297301253,0.6375388167348717,0.13431266106783912,0.46561033603925606,-0.04896464097117548,-0.27483558490757853,-0.2523398055635624,0.8896871200844418,0.7104872274603957,0.879002344374332,-0.2490308991842427,0.36390264653313165,-0.8563028100552905,0.19377081845840638,-0.007130400149020666,0.751395326655539,-0.8845935118003097,0.7642431504044561,0.6996871474583785,0.18795337977035476,-0.7356014002832705,-0.652434022660823,0.6031896395145482,-0.760317494017851,0.43731581241257955,-0.30234017334601493,-0.8359924429714716,-0.27605944395701143,0.7212899950852507,0.6300047080341676,-0.5850037080987767,0.6952656006523135,-0.1547206494914375,-0.8380065360585971,0.3950126540767356,-0.2232881091252097,-0.701817946390024,0.7854826370999604,0.561264577203852,-0.32046126442336376,0.02626256646348024,0.44308284276957277,0.4967697492076302,0.4032415707401037,-0.7142393972429755,0.16577441126925418,-0.892292032747348,0.6487501652563281,-0.4922059916689592,-0.7629264770045898,-0.24824717012219333,0.6736151156371742,-0.22109993986531085,0.8887523282884359,0.8584195318011435,0.7284568782412273,-0.23758040036928874,-0.6191255745191913,-0.8168544929832584,-0.7816431757205304,-0.02395362582555194,-0.34716056268398,-0.20869670351906322,0.08499940262135819,0.2227460767479541,0.07163817168939612,-0.838917375383349,-0.7975825981102067,0.6006911292094141,0.40460578002025827,0.37349331803849606,-0.19766270701570776,-0.2137060371360091,0.04087654194091428,-0.751561196886414,-0.40728727173605983
ETH,0.4388602781902875,-0.2819414956148987,-0.5218037734738499,-0.1747440659504076,-0.30366230373745706,-0.6427398738951977,-0.8065580017954499,-0.15457873516509735,-0.7770894144914113,0.8523883119574402,0.8496291691213018,0.7136522317129558,-0.7105096741992989,-0.6407548366586906,-0.5882115052641788,-0.49416604172012546,-0.20042446415719595,-0.10554891068123884,0.5394139853872114,-0.06434095830767639,-0.5815261098126174,0.34273258005012186,-0.053598229266725195,0.7373188361782604,-0.7608620495430092,-0.74261622131786,-0.6890192983742822,0.12376116517797897,0.7276451655361904,0.7455304419310702,0.7194421585920451,0.16703627872557436,-0.10348902523131809,0.7501148895155118,-0.011841533658437431,-0.46300799337265053,-0.634691303475309,-0.8611879971774883,-0.7102101029217485,0.07236053440093504,-0.8093090118314641,-0.010837028371791346,0.04757480350774168,0.08467605851643534,0.3531296290020758,-0.6868204766843691,-0.753747766375763,1.0,-0.8079897454123603,0.11184681243727923,-0.618655980385248,-0.02206541191477096,-0.6585810164020822,-0.26456861810763677,0.8557909055695171,0.7688490623745241,0.6183144996311631,0.866019381267711,0.16095338553641225,-0.619478444665992,0.7045098976736691,0.6065379201128249,-0.7402954157074215,0.6575543406290453,-0.7892946884871983,0.4546630722600469,0.6787595166860032,-0.812630321976056,-0.14373379705286426,0.17485119703551488,-0.7734844209520837,-0.6819672786074498,-0.6322996258117757,-0.6048308971675267,-0.20061653617972874,0.9054690791624268,0.34812060584931903,0.722626840730493,-0.7050967864837181,-0.3403543943993923,-0.4572016879523799,-0.32759009874560197,0.3708255501908765,0.28947630770296295,-0.6806842399273438,-0.6154121220595434,-0.6945584827431202,0.15289917607040815,-0.019583803508667064,0.9040457974554318,0.07385841073700816,-0.2778971754563506,-0.5800264220446159,0.8616150134016002,-0.7444756700926409,-0.5900826578622307,0.16033040975819124,0.8300377671555039,0.5811972516109918,-0.4253427654795212,0.8459451035137437,-0.40501514378089154,0.27117220866041336,0.8121345173211979,0.5421185794535898,-0.7423134749839173,-0.7584557557870468,0.7377531051792192,-0.7177014266335537,-0.09603200138675394,0.8364599705646006,-0.1493301159026117,0.08278992125878593,0.6039759365069881,-0.7279799447348454,-0.6730267990175687,0.22647061543841973,-0.0036923657271143995,-0.4536836136879574,-0.49341561075768325,-0.35484987995923944,0.8407666094520242,-0.31408369930980307,0.7736458010340481,-0.6520323280850062,0.6173955660720505,0.8657797795925317,0.18805409564613984,-0.5894682399847246,0.3162457994478429,-0.829355102500112,-0.8170596277708961,-0.7971972403200758,0.22201684249588705,0.5062858471260906,0.7616461069910784,0.8108235817680692,-0.04036333439175266,0.6128801366871174,0.3325154920193941,0.1348401626908221,-0.48206508547001237,-0.006206430605049329,0.9082042649301649,0.8208615270957447,-0.37354521533776563,-0.37930909097161125,-0.48979000508935666,0.4761327284158423,0.41900020918109093,-0.1428737453818214,0.6929150846868516,0.5985611592386434
FIN,-0.6608221306732451,0.2639578432574671,0.4571237815225139,0.3410159581574883,0.1797706604408409,0.8489445840064327,0.9455519787675941,-0.04885677051109494,0.8776881265262477,-0.8491124594318857,-0.8840656168279666,-0.706524751155349,0.6684591412033029,0.5568405172196572,0.5953283852389696,0.5274345870616581,0.15632565333739956,0.03661129062112156,-0.6070725007249722,0.23877449037933518,0.41914463348967046,-0.4627744014808095,-0.24975829992525433,-0.82497185763504,0.9246197491775899,0.7953103847554703,0.6596446825262136,0.006671629229885734,-0.8070339006121106,-0.8439798095796567,-0.8651387714392009,-0.5452962678250284,0.09418247731058838,-0.6620828326261465,0.00942496982498442,0.5264545788273873,0.7738181784412914,0.8730096197908527,0.8427243982079069,-0.24478840208238473,0.9485645112340554,-0.1503188625077363,-0.2308225423240804,-0.1425950413961592,-0.3932972176640508,0.7851821102917252,0.8087840773671815,-0.8079897454123603,1.0,-0.11188382426705967,0.8567998923012957,-0.33095201995407497,0.8731754115722982,0.32440161060654304,-0.8502737659448889,-0.9071338644350302,-0.6495978385031633,-0.7893295356018881,-0.41321814378633537,0.717063758757977,-0.7882471967780007,-0.7100558827920029,0.8447457701552052,-0.7898481462195139,0.8024305116598449,-0.5403502674774825,-0.6548184072075216,0.8425884789899944,0.040968948738947075,-0.38227646125714765,0.8899345684675094,0.8601266041120822,0.8192802033270536,0.7398323160374941,0.23284549968198398,-0.8268977791347809,-0.3551488148495856,-0.7227334121953195,0.7949591906504913,0.24977905085723684,0.5138662485976565,0.1306603064202987,-0.21382330413430917,-0.4527138867597167,0.6634932006769383,0.7076251719292255,0.7098611720137252,-0.11740695820312341,0.14087035472818088,-0.8417071987729445,0.06148920932551394,0.21523526107432434,0.5599023027522492,-0.8272123030976526,0.7343860808985645,0.6157785435618168,-0.25426399518254583,-0.7880867944008729,-0.8049677766486512,0.38641313648729014,-0.7517505860636313,0.40332751100413755,-0.479979204156477,-0.7673737510798984,-0.6482193864353536,0.895273546131313,0.8852417832097959,-0.6822569043408984,0.9088419847237971,0.018227720489438326,-0.7154975753224333,0.18477161121594565,-0.16760549530075908,-0.5810523464278083,0.8338185338830828,0.771937131392911,-0.45385850596037525,0.0623184715125521,0.4032770417851337,0.4297891021516469,0.5075417170798597,-0.785074616220629,0.26590056327427725,-0.7918858655860777,0.5900987293199431,-0.5248773809214957,-0.9071584168407811,-0.32492752776474365,0.5936449176755004,-0.3331889396120773,0.816049589121225,0.8806070308653304,0.9579354066087199,-0.4646677125822185,-0.5171917880042782,-0.8358797696477991,-0.8541163209302742,0.037797730776762295,-0.5717100589707256,-0.24319862820481375,-0.023294615667626806,0.23010196174231845,0.1702907377557008,-0.8930431663818688,-0.746260399204018,0.4115600959725949,0.4362982667628854,0.6948676939294901,-0.31618155898375777,-0.3470751203818081,0.0735915523228784,-0.8792293108390365,-0.6062069905472525
FJI,-0.17593880182149757,0.015227868887461748,-0.3910372904504704,-0.34107418714169224,0.14070679341592707,-0.38511127922532595,-0.05745078404284398,-0.2255684293039244,-0.042945800560287184,0.07394249385460006,0.02452192280381993,-0.10043640504393414,0.1522800799917443,0.08021330045983,0.18218973994170917,0.12132435802784569,0.19049493104620474,0.6848306881157513,0.15103819084837788,-0.5077436277625105,-0.21610392470838247,0.3220624986016707,0.1588362091747645,0.059560990773976585,-0.33334496575393135,-0.0790548832436826,-0.4347194295391512,-0.6764334654406845,0.06571393738543341,-0.004549883960093037,-0.028485707222918988,-0.14861046600175976,-0.602983361279652,0.3666300070596069,0.5808854974103805,-0.019140135184779083,0.21069958809247336,-0.12750935704377597,-0.14518792128227953,0.4425083067292711,-0.019722344040293605,-0.1805947297138233,-0.5316503361602125,-0.34200526430176836,-0.5372456010485509,-0.33874034590033597,0.19282003301798079,0.11184681243727923,-0.11188382426705967,1.0,-0.23623650107706196,-0.28272044067876156,-0.23247091184108548,0.39860711369761903,0.14444154236026552,0.1155407493419851,0.1590567972046646,0.3290828018139629,-0.2163190541357607,-0.06809293031069585,-0.006442279538099394,0.3507816954320644,0.09068185324450051,0.00034518141369788147,0.11496199836306964,-0.5162534195390418,-0.37362671818149074,0.028815108557276536,-0.50950013078941,-0.4331743130350709,0.16560119698947573,-0.18195096596025095,-0.31374668010959605,-0.3862426971340207,-0.2817760899722066,0.15254089653785052,0.5466894975779896,0.09011270599486965,-0.3418932384261546,-0.46720719149431567,0.1574209304233689,0.04406081028455344,0.013807084400462188,0.3286178684449885,0.2734240859107737,0.20664615010025333,0.33862517007821613,-0.31109267104198945,0.6741365530784735,0.1829244854161325,0.42249441230290974,-0.6369216874587811,0.20236122185987193,0.06371355000619772,0.3029832830307043,0.3533951034955518,0.2028883069097963,0.19954358887380952,-0.04166569148820831,0.46186158964067503,0.2087578039862772,-0.26429946241779456,0.25104920245453255,0.09136906985571769,0.4981882091234776,-0.0414173576457999,-0.2247585117864801,0.08715347058155143,-0.06167625603411775,-0.43622934980427597,-0.07861968134397879,0.3506354648352258,-0.32034499340619615,-0.27903302750458603,-0.23190551479828025,-0.10304453440135242,-0.0011446768507128446,0.07200611867179185,-0.23245407673144358,-0.1983945547175625,-0.3042996617678062,0.08973652278271715,-0.5999479572416462,0.050202492786109,-0.009085387847087345,0.3700227752388172,0.13986178921052606,0.41779695465343636,0.04178346931531007,0.5731467980363774,0.05563176677305137,0.12743955906449345,-0.12873798091126232,0.2835319286273964,-0.40747238293075383,0.019585424391862172,0.21678107513365363,-0.039343741392494413,0.3083599286946326,0.5391205387396752,0.645006953288897,-0.17480077419523044,-0.6360155992703964,-0.019348634604926307,-0.06714384419382524,0.07326764125662943,0.04605770809873,-0.43868928753112524,-0.04732541999637707,-0.0037409113147333084,-0.27962845972806183,-0.007219335187222731,0.3111116082275235
FRA,-0.6500894347836719,0.11372736915378623,0.19321581338871896,0.38254109733891317,0.08479659890843538,0.8147981508313571,0.8359813751006634,-0.3357577180334397,0.8278978315938101,-0.6724150864140799,-0.7592836358019994,-0.4815617383926971,0.5403258671970324,0.3328859709891481,0.6209801974621929,0.48564679052266335,-0.10331640844203638,-0.12544835562272394,-0.7009803130736527,0.5311500064669626,0.02420360501116048,-0.6220361235793168,-0.3309942462676059,-0.7545093223641994,0.8887608113070584,0.7464022953776955,0.6532485371279484,0.10850410128530652,-0.6548919164543858,-0.6280183798879837,-0.7556685882056917,-0.6712786840169644,0.2989948612328377,-0.5432230991481044,0.09541097964424616,0.6211982271888522,0.7271673289323026,0.7399276968190995,0.8500035528988164,-0.0850487909594726,0.8921328349680553,0.020737015714432094,-0.19800042515096483,-0.15045068172423837,-0.2685207530040219,0.9176179142479659,0.5518340290774965,-0.618655980385248,0.8567998923012957,-0.23623650107706196,1.0,-0.5202652524647422,0.9616938739606903,0.3082941312028593,-0.731616326543326,-0.8088545973483723,-0.4791676352732508,-0.6897036481982908,-0.6156743072029829,0.8073541909869014,-0.562098093050579,-0.6081923948224959,0.7850037324832467,-0.6064851943061313,0.6850476182049214,-0.4014338748898161,-0.37970360314004004,0.7344259425151344,0.027377668535482402,-0.4533206339709701,0.6603333926773409,0.8681177553009791,0.9451162161903901,0.8716992199688375,0.0023233415127998924,-0.6079151143660275,-0.5259658238005884,-0.7059022982777914,0.7076137551779258,0.0171603409302995,0.6441455548936714,0.10981740724273548,-0.13838757739433616,-0.49350908324079645,0.5078358598283382,0.5792389634056238,0.5899191354199049,0.11941084537693891,-0.006313076583653876,-0.6716882129984745,0.043041117652096283,0.44779112877739147,0.43913240347626625,-0.7176043839870689,0.6232130617098173,0.5614642646054787,-0.4635074352126187,-0.5982855230975384,-0.863133230845903,0.29830045932880955,-0.5963727547533288,0.19622650069344694,-0.4684392719421955,-0.6575911700961192,-0.6521886462803343,0.8767538198628307,0.6676747195757536,-0.4739032149701352,0.8359657400546008,-0.14396341225814768,-0.4869956704172891,0.21152800318444298,-0.09825083975789473,-0.36869967723387975,0.7593278093936235,0.8576657379836667,-0.5120589500567319,0.20524947576377706,0.11267717071719174,0.2823587615890779,0.48554290748892903,-0.6042393314251786,0.06280522522223131,-0.5771787159941173,0.49599991485158834,-0.5854507299098533,-0.7907235318448758,-0.1676565927665319,0.4776483336771735,-0.2781727680879893,0.6491112285775582,0.6793872368054211,0.9129049111500995,-0.5193780286549963,-0.4813315113039278,-0.8072093349244898,-0.7206252301677223,0.0049298461755376,-0.5946195723708909,-0.19451576635543644,-0.1757950711250862,0.29393191050913836,0.3172337141631303,-0.7682256550365694,-0.633480848411577,0.37238918119314646,0.42427856745790116,0.8695847912403146,-0.3211129174519294,-0.42686065534723694,0.2660944580935556,-0.7704577275395468,-0.4482445965952748
GAB,0.7162587938112648,-0.0514887755156499,0.2686089341187313,0.01093372896125322,-0.0031053469356574492,-0.28820076688539564,-0.422984260312111,0.49207998948141907,-0.3064935222247738,0.1327105808867618,0.2551762004305742,-0.11215403766925602,-0.2309985781786441,-0.07113061855990632,-0.3141052961736841,-0.34835617009638464,0.15047761204417487,-0.1097213447487897,0.36453581458387674,-0.24582009087852086,0.522634885163774,0.17814844739850644,0.5913512546190157,0.31698088547534,-0.310267585469969,-0.3628802096091639,-0.0638218858871451,-0.05489829286950321,0.2785725693710326,0.20643467354421152,0.3668120891466303,0.8888796638791585,0.06611870897942851,-0.08601290851949273,-0.27778026245077836,-0.3052051453832465,-0.4785105102510203,-0.26389030490332477,-0.43959937561145557,0.005959663433468099,-0.3581961459104903,0.0013996674831665556,0.5073968991164811,0.07573165029478801,0.26024463389335795,-0.38493976476595604,-0.1895420083254158,-0.02206541191477096,-0.33095201995407497,-0.28272044067876156,-0.5202652524647422,1.0,-0.44498981919976854,-0.2980130763360387,0.25173545448843004,0.33391240770416675,0.11184077634726708,0.11131762132750733,0.8324624833221176,-0.4548893650724297,-0.0017219300559681017,-0.013108704454044329,-0.453706605610932,0.212071532867939,-0.32277709510810926,0.21331460495506627,0.006039130212710853,-0.2521297319949709,0.28633445311929395,0.7519672780283392,-0.23286825938499267,-0.2695662120786726,-0.5237635787683912,-0.4592996683761268,0.18529235791135978,-0.05336830500192313,0.007427191382770704,0.05595933941503184,-0.2885058248744137,0.4801016653969097,-0.45094340163551805,0.017649504746621303,-0.29709119645580295,0.287126754056918,-0.2377939872820991,-0.26901962937521673,-0.34888790570801254,-0.12351777500952399,-0.5157572423352752,0.005493107654079843,-0.2196697862987007,-0.11632646113275169,-0.17335757927366657,0.17734039144864255,-0.2937210827661201,-0.3204812420458203,0.35256744447542765,0.02951908070450371,0.6757015132431212,-0.45387257039719087,0.02150304659628366,0.000324715888386895,0.3804903911550872,0.08308258695910065,0.11684205385085766,-0.43384005023943284,-0.11066647590579914,0.022769099547589766,-0.38487054741621396,0.5094837089508716,-0.11632771588514257,-0.2848064255374161,0.12466066526585473,-0.03826396938471022,-0.32918027493048485,-0.5138690579144221,0.25358897740391195,0.10869605075682776,0.27472393251758165,-0.07104462875158335,-0.15436416749337045,0.08895638118659355,0.5485429650630724,0.05898988906164393,-0.12391543537774252,0.034276809528751784,0.23932334657512033,-0.2954708718112382,-0.16121786685947814,0.053717656361179755,-0.23756462316547422,-0.3470361704309255,-0.3282183015793867,0.3347130200669389,0.3868209047803448,0.3277611796112716,0.09517984007487446,-0.3630861333388786,0.0895090417293789,-0.17294036617895903,-0.3112627645683652,0.05891339190583689,0.006399923790470163,0.23707497714843018,0.19768014659537414,-0.27201768369990953,-0.17801244613479028,-0.42766879117445367,-0.016783215007486696,-0.08409071225766507,0.07183083285012193,0.4714699873781135,-0.0009256457520050443
GBR,-0.6273698389375544,0.05271862137733896,0.3387076804215112,0.4537901297239564,0.038780523263986955,0.8790930583895494,0.851999947455198,-0.18288883454847604,0.8631814489754522,-0.7204117357683426,-0.8238636348176556,-0.5010088746339769,0.5750946019279904,0.3835422256990516,0.6267586870825664,0.36636297138776563,0.01761078991361853,-0.10988104572775059,-0.6230343376980638,0.4923773547273763,0.12108469941271083,-0.7280945496964488,-0.3074687857488181,-0.7936975229083432,0.939889361877798,0.8045044759901114,0.6681765941379151,0.09478500795918454,-0.662997253199423,-0.6647914363984768,-0.7292569664347446,-0.61239508030617,0.251149353175537,-0.6215650962832993,-0.017556543605311115,0.5614205570323982,0.7390398804663088,0.740927485519233,0.8539613238624595,-0.14994384374490455,0.8962227910803577,0.08351435024105525,-0.2100342141721816,-0.16578763504469407,-0.2592920289640177,0.8566056382760104,0.5848784861865479,-0.6585810164020822,0.8731754115722982,-0.23247091184108548,0.9616938739606903,-0.44498981919976854,1.0,0.2772613607222254,-0.7710808655121377,-0.8654289969973628,-0.49823993579238235,-0.7570057864674573,-0.5075607442118015,0.7827563256680372,-0.6064506016585978,-0.6679979298981253,0.734199534455533,-0.6515996528884476,0.6770393886851998,-0.4012538371130585,-0.4249614600507128,0.7410294255496291,0.1315432637850369,-0.4064243440572506,0.6745946065334278,0.8844181251400757,0.9101642319656442,0.8386097394840646,0.16312227612757524,-0.6325440669384754,-0.4787534732420409,-0.715315038461033,0.7593375538896201,0.13895477390735644,0.660895444457523,0.1542617874763822,-0.20491776980509635,-0.5202671672286936,0.4909759703611307,0.658533759412344,0.5817294241327434,-0.0732202115843954,-0.013291375038608777,-0.7027982650444076,0.016982446177386756,0.5025012968901253,0.3784224881981968,-0.7478314543205324,0.642238295576265,0.48422818004578416,-0.4144095293675365,-0.6928278903480045,-0.8408458408709336,0.2547981085056288,-0.653515252841343,0.2595082657070227,-0.5380767477398201,-0.7108100992714248,-0.6931587364179683,0.878963205169299,0.7507300859712228,-0.5019190830602889,0.857981362430522,-0.024757928679220553,-0.48858408503043105,0.2391204506106841,-0.06273123180866325,-0.3454132925686173,0.7681329640625842,0.7741892461130914,-0.5406723556977071,0.12667008034983018,0.2005404342835424,0.27443287390319326,0.5870006054842124,-0.6913264635603609,0.15118124134685118,-0.6515311721263406,0.5674930892475316,-0.6429222771243575,-0.7935225283775984,-0.2851341525936135,0.46388867889456464,-0.32578324439332507,0.6673365056678136,0.680206790908454,0.9132486670968977,-0.5696604910726002,-0.4738910017580382,-0.8266560172002446,-0.7723420572629649,-0.011914005764095181,-0.5871077795457207,-0.29143124011860855,-0.2594081305591158,0.24130221344252112,0.28907102119048167,-0.7758709342613048,-0.6596286721387754,0.4006819237431909,0.42094207942980155,0.9023254855647561,-0.2647001988065558,-0.3748700218927654,0.2994154144692327,-0.7458122920325343,-0.5251240282475453
GEO,-0.4577344556121272,0.4835682615038326,-0.24845994731053533,0.24265267231545407,0.7494932974247235,0.12451475903504572,0.278551152873305,-0.14799793076972056,0.20436506099885865,-0.5039870590374997,-0.49144164407800894,-0.1411525136556533,0.5821286681915362,0.13035643825362753,0.37840734881312876,0.6642712282734347,0.3084482218848179,0.2270152376802379,-0.4391465525438498,0.09337638101633139,-0.11572000267194782,-0.23470940936893747,-0.017292811291581778,-0.289244961898822,0.2501792311570472,0.18307491255931052,0.255897034817011,-0.1529919827933246,-0.4063430772366794,-0.4952219924469077,-0.532942163365739,-0.38058950764993815,0.15740083423902318,-0.1235355243691465,0.3360280761855019,0.4213310980263574,0.3611543806963823,0.2424509848127313,0.41777536275731264,0.13790087652507044,0.3001761501238729,0.03677291574215935,-0.259811593756879,-0.19670072126793658,-0.11073797475422631,0.3381716155156942,0.609487807309749,-0.26456861810763677,0.32440161060654304,0.39860711369761903,0.3082941312028593,-0.2980130763360387,0.2772613607222254,1.0,-0.21528513181512765,-0.4517473701855421,-0.2960406803122413,-0.26618938316346186,-0.5365025679393118,0.34349949767188037,-0.46931338506673903,-0.34510408998616837,0.5888495711675952,-0.06190973611034467,0.5179929649467512,-0.2507482348554857,-0.22629326000809424,0.3951016440167905,0.11100890848216372,-0.41554113171269846,0.3621004697653122,0.22306703270891748,0.29416054985045736,0.10873590242548192,0.13253660967322645,-0.3697015478172876,0.19795181867474,-0.43548667454668055,0.061301943398829106,-0.4925709574007997,0.3352957893137537,-0.13490384937736177,0.10930177017363207,-0.08867666865028312,0.7457146669179204,0.19366196252995893,0.7728374909975014,-0.17459628684052886,0.5486614198235265,-0.41539289528202783,0.20921974019354406,-0.11952515563468591,0.7577362349341135,-0.5567609858663127,0.3408020677679455,0.6654795695104522,0.14066626624318257,-0.3757502503316361,-0.46846558349008394,0.5857637177775191,-0.2737322425221711,-0.1476742504281363,-0.06894561570017399,-0.5889119152094207,0.16425741167487562,0.2064455016899276,0.022721302286869305,0.07230203575939698,0.3665123540536315,-0.5974015360950737,-0.4158690244315464,0.22219403025129025,-0.1504535797794404,-0.4084702625533596,0.48614441434324285,0.36250807524867434,-0.09503886129166195,0.3009740302274345,-0.12533644187653015,0.3595767204684537,0.2889109720427835,-0.12172414839082268,-0.3461074150997352,-0.5901769402161352,0.09069072831704883,-0.39224568558315753,-0.2700520105841735,0.0668412992941273,0.70143257364643,0.08848768861029499,0.4747738602005891,0.39696442931532583,0.2757001706039801,0.060040835678505045,-0.37371296253461916,-0.6068236819223269,-0.4716778107317019,-0.286954446849214,0.2067279538999398,-0.04112696985354658,0.18956680454757024,0.24444949013327932,0.18136492734856924,-0.4230092240533656,-0.4334219997082076,0.6326373442369967,0.4391381423091426,0.22034221665978915,0.2549639505216248,-0.17979621923934053,0.17819780793818918,-0.3591287535175507,-0.0373222845272545
GHA,0.6086671428411463,-0.3302538305496856,-0.4313887457503558,-0.17908760472564356,-0.22850919661293956,-0.7410764692230016,-0.830258942806591,-0.09086586195382984,-0.767493911612096,0.7409128592849468,0.8283808029793326,0.5854968197939177,-0.6361689673623379,-0.524734089998768,-0.6723575121903678,-0.5642127094492322,-0.035238652325007,-0.18373246597705606,0.675432533119739,-0.19699833782807707,-0.4262364897727775,0.4699676480561199,0.2551193188631191,0.7036476800249715,-0.7949029688850464,-0.7799807503614422,-0.6119962693402896,0.11266136411236649,0.5917617887223916,0.7260470800067934,0.7329018908958062,0.3932373227523489,-0.07638995669606619,0.5655120135844726,-0.058905978011216664,-0.5173654744277454,-0.7815177970485658,-0.8125883434530061,-0.7070708308581848,0.1753901616175615,-0.8228615190277417,-0.060617812091754875,0.15022637256328197,0.2547661757649925,0.250554981876421,-0.8006219681943247,-0.6392592467946017,0.8557909055695171,-0.8502737659448889,0.14444154236026552,-0.731616326543326,0.25173545448843004,-0.7710808655121377,-0.21528513181512765,1.0,0.8256863480823974,0.39916796468738514,0.7988238845518947,0.3413426965910378,-0.85096047499851,0.635389213800342,0.6501743115007571,-0.8357067516589121,0.6115456515027404,-0.7193636099568872,0.4732613678944464,0.598436686128352,-0.7955158086702385,-0.12659907180290864,0.3837028874300401,-0.7452614527264907,-0.6981949264846026,-0.7939254943686427,-0.7137946801961941,-0.13817017912756802,0.8077281729739949,0.4585218537570035,0.671154279079369,-0.7025343392896981,-0.2182341663599654,-0.5758850549650631,-0.45608253732413817,0.28976235686603924,0.44388898492245654,-0.5318678950298268,-0.6501096186825215,-0.6311449756785981,0.11413041783561384,-0.02426028177654782,0.7662681281422545,-0.020601620199716564,-0.29927705598534704,-0.5667544970841223,0.780013049966939,-0.7234032306908036,-0.6052934759279509,0.476144131079723,0.7952532942402007,0.6816945706549491,-0.48352793722027765,0.7497664105905648,-0.2567779220298858,0.4373693801216809,0.716586038014498,0.6649364186579308,-0.7494536727234611,-0.7628349834914121,0.5895263449862717,-0.7715668645828133,-0.07305133597869706,0.6616515871788611,-0.02433510235275249,0.2016488518810522,0.5278075265687148,-0.7069919363942168,-0.8412286441345551,0.30596749237349696,0.10282686190780965,-0.29017225616468467,-0.4059944212986131,-0.36164170229725623,0.7257658697588039,-0.13101095397078244,0.65809559896159,-0.5613689083732061,0.5843507314575277,0.8271861713569041,0.2349548123977916,-0.6137305909741833,0.2986355056609289,-0.7696436141715535,-0.8437244382269711,-0.7980857850564864,0.33247071290864283,0.4568030015780642,0.7714997595051074,0.7827442218258562,-0.05281167453259661,0.5972118419188283,0.37870830680422785,0.10006763703976207,-0.4991458690592383,0.01563767489949852,0.8729817202182892,0.783662647033839,-0.27817553673615714,-0.3621805409607646,-0.6437071700555872,0.3880226048148716,0.4038137676875617,-0.13632225859871383,0.7570700768055403,0.7352076627787308
GIN,0.738629574535372,-0.35883322898505887,-0.5104163035301883,-0.4806154265501881,-0.33458647261886765,-0.862903475462649,-0.8922586078336794,-0.026727679438789176,-0.8196493599169945,0.8640695195018889,0.9696748246107476,0.523687163964238,-0.7349666423849532,-0.5271299785346808,-0.6191916519188181,-0.46899003767275893,-0.274489545904119,-0.011189848883428555,0.5678334894950895,-0.3170294279255046,-0.34940707065889764,0.5981463101314365,0.3712658092878589,0.8267687355299683,-0.9126302330216769,-0.8298216050657077,-0.7895283646172775,-0.07491746577773095,0.7875447194478069,0.858300575665999,0.8861661613369061,0.5867694470111764,-0.22784510564111127,0.6582457235687253,0.05112283823670016,-0.6384444145038475,-0.7932420721123221,-0.8109010451832765,-0.838135436645751,0.2942169413892495,-0.863544848454556,-0.0909787525226482,0.22254442168488797,0.03983146546878091,0.30409385035438286,-0.7773653409000421,-0.7812973777524466,0.7688490623745241,-0.9071338644350302,0.1155407493419851,-0.8088545973483723,0.33391240770416675,-0.8654289969973628,-0.4517473701855421,0.8256863480823974,1.0,0.6162779841868807,0.8291155642302711,0.4511138428771244,-0.7326000794004717,0.6901152103913627,0.7175762511409991,-0.7879980372101105,0.6824974482059609,-0.7711912016996523,0.38555197619494086,0.569569726130196,-0.7727304448057877,-0.22725269862814335,0.4149167353032117,-0.8133480209143067,-0.8248792841449961,-0.8381642907542801,-0.7244889542941717,-0.3367471723358819,0.8174316905578857,0.33278423997318785,0.6378823075002311,-0.8188127529480951,-0.24415409985058112,-0.633763771367877,-0.07070429461035777,0.15401949105942547,0.6344073205542352,-0.6440842916177292,-0.7185512202978379,-0.7065188547786387,0.23924316691041392,-0.2035637321702024,0.8519260300203921,-0.05837624446437073,-0.38274963595190137,-0.5503013885417616,0.9010989527578377,-0.7313778245188145,-0.6032949618408936,0.15426790217011632,0.8932334811818663,0.8106520988218238,-0.4240413723419971,0.8440149332989108,-0.4333819767116651,0.6436633890916529,0.8719104443263785,0.50587923846701,-0.820457317733593,-0.8158780817527229,0.497663114855184,-0.9030466896693174,-0.011210783851061557,0.6435086904624834,-0.26631873748160784,-0.005104492845347641,0.467096303576124,-0.8429113488304443,-0.7345551845967333,0.29215374011312567,-0.002256664124981267,-0.4044328099879504,-0.4844876744137472,-0.5862196914627469,0.8059063566119838,-0.23360557022181538,0.872126119879153,-0.6671292775605875,0.638684512140461,0.8406246617536667,0.2482968699629201,-0.6149644773020664,0.4110377218303962,-0.7488691430086056,-0.7948608016349454,-0.8728705385360178,0.6205794438072457,0.4304952759788936,0.9214685345000823,0.8969665854297847,-0.06730689623454622,0.4903902255452002,0.44886710377834804,0.1348653856033375,-0.2448163504546801,-0.3150081556340163,0.8625973935066117,0.7802525272203967,-0.5538125340207853,-0.5942265004860732,-0.752339372154863,0.08496389972541984,0.2379013101034979,-0.057077168966784164,0.8672317308335434,0.7070809821185253
GMB,0.40198042233649667,-0.11576919424532583,-0.5745019438312189,-0.3026935816969152,-0.174468494740891,-0.5230478700076844,-0.7295411179545601,-0.2199288885561126,-0.5914111905267565,0.8263650484042642,0.6623814620438707,0.4145445229480922,-0.5703092012027726,-0.6351383324315041,-0.06607663116678242,-0.34688536197050057,-0.4889922380284675,0.35675757064385905,0.1879770420804835,-0.13041494242080764,-0.5374276612774389,0.07858836399524816,0.013953898268304732,0.713723401518023,-0.6570426641815446,-0.5174628414072862,-0.6050112446829277,-0.38884518324521666,0.8494695381232356,0.7620349731636925,0.6364218368489437,0.28045514560416573,-0.18375049066326676,0.8225626277103452,0.304807924561591,-0.1986178843832045,-0.28435131079199194,-0.701586099602489,-0.7306696275775295,0.29210308895838777,-0.560069313224127,0.2047531725189472,-0.06533879409426069,-0.35781015034451724,0.26431035437818706,-0.3762183485090651,-0.7060818509968101,0.6183144996311631,-0.6495978385031633,0.1590567972046646,-0.4791676352732508,0.11184077634726708,-0.49823993579238235,-0.2960406803122413,0.39916796468738514,0.6162779841868807,1.0,0.7429377504029424,0.144072934687971,-0.1339862332350088,0.5996487181577971,0.49350848244883094,-0.4800990931232647,0.716127482111912,-0.6678259438182197,0.08159864972997433,0.2800058467352524,-0.5748258425706965,-0.2684538670616574,-0.03306153656439581,-0.4746940366907104,-0.45328535163320627,-0.5090339707286433,-0.4069077326428008,-0.4981367751644292,0.6565521857722733,-0.050439140906907154,0.40049198109817497,-0.7205287149115125,-0.36360083961768686,-0.0513786852199809,0.20760723480085141,-0.04941973008775036,0.2380251495148189,-0.67649957225452,-0.3670357585683095,-0.54428431353945,0.20050131835193064,-0.32215384042668926,0.7538514313686006,0.12454758275587918,-0.31744484371707915,-0.31084376436017647,0.6798683661909063,-0.4027393588544965,-0.23119982388461313,-0.27694780249802875,0.6512914325464292,0.5600297175034255,-0.3038554615821685,0.655012220323329,-0.6019284364926483,0.4100071460381336,0.6468066125373778,0.32913021241754714,-0.5842457385977413,-0.661123106646309,0.62958730039182,-0.4511141092560145,0.008248475430337576,0.5330420339442277,-0.26153279168418964,-0.1448082875813579,0.4045951734854385,-0.8072199208880861,-0.3521095118279165,0.19739963757775691,0.16604676767002768,-0.6592933352434813,-0.6689947235783196,-0.5956576501685067,0.7116351518330196,-0.5022157011711932,0.7730008655775745,-0.5280816233448169,0.46695727431786205,0.7377202690897761,0.14218165080946155,-0.45163049719177173,0.6412129018614052,-0.6772627574295984,-0.6291584057848496,-0.6053511887992533,0.3680280016364419,0.43330763197405264,0.5716802562862507,0.7044325708896298,-0.37966476086598977,0.32757866401432056,0.22481098089498253,0.11953912622812424,0.0299283763435636,-0.3497394868096739,0.6144262572242543,0.5559449906187681,-0.6599855703899737,-0.22669708342773798,-0.3748978619021197,0.08139283777574224,-0.18017192663082304,0.02440451345141137,0.6582388128719368,0.29143098739738793
GNB,0.4642016788772707,-0.24457247749106337,-0.6440787695704442,-0.32435912192293737,-0.22941112648992323,-0.7256862868144838,-0.8303997625113744,-0.25052782474714097,-0.7840597486617775,0.910598820264437,0.8760310478959151,0.4696487895069199,-0.7154803766227771,-0.6013507598482184,-0.40314246300449286,-0.430812488699273,-0.34664971374105447,0.18677963173800127,0.5273873933977423,-0.21249721643914876,-0.4923925479950997,0.5174356520794399,0.1753740843085807,0.8201656669153581,-0.840329032234115,-0.7902400094398738,-0.7829530843468238,-0.23023625002237136,0.7580641439317883,0.8134920411359019,0.6791400922786082,0.2636086621089043,-0.2437862382314424,0.8936142851192014,0.2762124815269964,-0.4211638260012136,-0.5602763304292941,-0.8407845916410825,-0.803345173844372,0.24388966645612853,-0.7365473589829117,-0.08488872527707736,-0.04667726479937473,-0.07174975067825895,0.1202984523802455,-0.7223318003311672,-0.7137643646472114,0.866019381267711,-0.7893295356018881,0.3290828018139629,-0.6897036481982908,0.11131762132750733,-0.7570057864674573,-0.26618938316346186,0.7988238845518947,0.8291155642302711,0.7429377504029424,1.0,0.2181531528154591,-0.5783770240924362,0.6257468779719196,0.6197085930322074,-0.666318516673496,0.6624240964817044,-0.775804216942769,0.17645087975722729,0.3752588808298878,-0.8105562732271405,-0.374897743394319,0.12173116432304676,-0.5987684945202352,-0.6456820983682117,-0.750840278059449,-0.6318700624561377,-0.43067760917072295,0.8249070820296379,0.30228038450306116,0.6040334847086247,-0.8406025127623342,-0.3657549021598323,-0.4327106529571436,-0.20465210057649696,0.21339343448936643,0.46360761002516926,-0.6425645706562029,-0.580351073403806,-0.622485410963113,0.20443530317911218,-0.0002467628885827189,0.8841625365081905,0.11999377254045751,-0.5578614336383829,-0.47727119275868346,0.8802051204274083,-0.5899963960238137,-0.38093342991163115,0.1590174825700943,0.8870890913884267,0.6094173894128483,-0.3491926878685656,0.8742817680477234,-0.57736769075676,0.5103130631059539,0.8569929768458353,0.5580831575559883,-0.7349131854608832,-0.7628310855724796,0.6345722204551257,-0.6542545551290377,-0.11887636389174339,0.663269047377457,-0.18792310989258176,-0.05616206785877775,0.37396495638612204,-0.8594159191293143,-0.6518368863558042,0.2337534258801981,0.1666320027340381,-0.4808100287875843,-0.5920351035574904,-0.5822348098904477,0.8410009364597856,-0.40365499554985673,0.8345662345588059,-0.7080094798216883,0.7559444851132673,0.8670261186170589,0.29541035694442463,-0.5894827957047608,0.6019604571208879,-0.819153586050605,-0.7638363840249724,-0.7687073854769924,0.43811735707199917,0.3810170645278934,0.7994470177599851,0.8875387597668539,-0.2227146151774182,0.5516974684724876,0.5348366205940983,0.38615886484238615,-0.4378692599230045,-0.2846265262513348,0.8041725588059238,0.7672046019916382,-0.5516427836546176,-0.32744538500969966,-0.6508967279018747,0.26805500232456136,0.10641678729700732,-0.16508685885532337,0.6839724798871155,0.6737744367070116
GNQ,0.7211947016576387,-0.2319578261884263,0.32010800240227044,-0.21139279663584243,-0.38594147265739265,-0.35026705230328314,-0.4459258914883535,0.4469407869534612,-0.33529043680735593,0.2924033307884897,0.41254683620275656,0.0034923882444376497,-0.40227078245604053,-0.1632560554356819,-0.39243920356245754,-0.5806375005405229,0.04829335358110043,-0.08313582665861796,0.4398721550580127,-0.41481410859841605,0.4484976492446413,0.3216893086788015,0.5344898630285291,0.3130512526133691,-0.3929318283639782,-0.34826167393404805,-0.32176436718799595,0.07178080905996975,0.3277205355555779,0.32990328236305655,0.48827440266484634,0.8022272481396815,-0.23918549539063583,0.02699511960891099,-0.33081615962861743,-0.42466655485678206,-0.4859330248217639,-0.36020750745678853,-0.5672716033228018,-0.016836077854494036,-0.45112588091062356,-0.13102480165439134,0.38196166753319905,0.048260061940098464,0.18117668471650306,-0.5704633654572877,-0.33803467743656457,0.16095338553641225,-0.41321814378633537,-0.2163190541357607,-0.6156743072029829,0.8324624833221176,-0.5075607442118015,-0.5365025679393118,0.3413426965910378,0.4511138428771244,0.144072934687971,0.2181531528154591,1.0,-0.5972718516543964,0.18689819736908853,0.17618382433946733,-0.6177201624155035,0.1657609493653387,-0.492804561801478,0.22102779318991306,0.07797196431978115,-0.3271539085571038,0.1353078710711375,0.6967629890751242,-0.38830456044612616,-0.3671883210004687,-0.6033659146985804,-0.5349158141344232,0.20789468784192944,0.1490535862890966,0.08886860495229487,0.3689631817126917,-0.3283639554932143,0.5465890918680804,-0.5537919535643396,-0.07080647425574749,-0.06484984770929181,0.4271144722942981,-0.47484134645893694,-0.20844433662070028,-0.5752733323141763,-0.19792209875476496,-0.4630516065445365,0.19623823399959228,-0.067504268431132,-0.18263954948933758,-0.47098912848007,0.4051596417127312,-0.3812437394101975,-0.5136411942509658,0.3123549336253073,0.17980020414196218,0.7523102581523818,-0.4715944484959662,0.17869908885958097,0.028836686878644602,0.42530173557346207,0.2913375312548545,0.02697263391800142,-0.4572319238043818,-0.13905723939597103,-0.06667368218093639,-0.5303138013293784,0.6624314685937811,0.08011275347726898,-0.18035097498104036,0.004844508540737036,0.19059981141795757,-0.47817471613835005,-0.6292124392946818,0.14613011343034865,-0.12786067501454124,0.24812466661360244,-0.25044213169234397,-0.2511871303361115,0.12965285614072541,0.5426278068132754,0.24262620381923783,-0.11668966893879928,0.31955759906354153,0.33411686293426235,-0.314513670862123,-0.4534501623536682,0.02993853713857264,-0.34666138139765845,-0.40097236397571123,-0.43684462911448296,0.3087682118851445,0.5064343668325356,0.5079796187717723,0.29969022565606407,-0.11396306690428593,0.0973424414907974,-0.046529802788259245,-0.21705902999672655,-0.22193113432288936,-0.06892325910240871,0.422973073162378,0.4713875778159562,-0.45701077176428373,-0.47544011706196665,-0.4837139506029309,-0.08149217624208438,0.11756450631267945,-0.019073845126848177,0.5640181405397046,0.12597476878500624
GRC,-0.576526151327633,0.26600976167866164,0.02718630575644465,0.23540443253103827,0.24720865690457683,0.6560239965036943,0.6579317571995262,-0.2578264449585437,0.675816545117604,-0.5531587394729676,-0.708847367978575,-0.46770932273431653,0.5919255780745606,0.21839716894587413,0.6974595297387027,0.6364558104699252,-0.11560133169031017,0.21259490176517604,-0.7713773886006892,0.39884292804082055,0.01617186004207638,-0.5750762903485416,-0.27470740449765874,-0.6058116486552503,0.7022406666415878,0.5938904653799236,0.4580320459616747,-0.14997719157113054,-0.3946704277733697,-0.5503293902215765,-0.6615331542387703,-0.5397276410497138,0.146902810316769,-0.3464985853486553,0.2707747749742426,0.6159409524546909,0.7928323223551637,0.6234344240628619,0.6294583822316184,0.0033329691957836305,0.7607072469518953,0.04884611164218555,-0.1666851058217096,-0.4708861776878117,-0.18851375754241873,0.8849585866006838,0.4621928869163582,-0.619478444665992,0.717063758757977,-0.06809293031069585,0.8073541909869014,-0.4548893650724297,0.7827563256680372,0.34349949767188037,-0.85096047499851,-0.7326000794004717,-0.1339862332350088,-0.5783770240924362,-0.5972718516543964,1.0,-0.5280111883010461,-0.5017194226582709,0.8395545683810004,-0.4320660976881241,0.6322254934039222,-0.4806637868811092,-0.41339029568066876,0.6660280374842262,0.06860664910899184,-0.5194745516534969,0.6326108356682681,0.6708165291141688,0.8428646617916489,0.7151614993133266,-0.1482255493738378,-0.5877393011030052,-0.5065799338521226,-0.6980226167083159,0.4788759599377077,-0.128099853465375,0.681323821972999,0.5113394422440533,-0.25166019997901534,-0.3785026662478941,0.4293179481214535,0.5447125133878374,0.5907063858033371,0.044731518873042275,-0.021759369333374634,-0.547690655314578,0.11103693689856209,0.24967660003344294,0.6009713113777496,-0.654538950378726,0.6297061111311819,0.6939000502199042,-0.6155076536807189,-0.5685070982399671,-0.7228366393604801,0.3909158412773569,-0.5082637994645423,-0.023018673450474703,-0.312168639710241,-0.6132757586208566,-0.5113939299011521,0.6931230339017298,0.48677757404476685,-0.2846894218279221,0.7367619633530786,-0.1535947244505662,-0.4953369054229082,-0.03344157694432037,-0.3072418779258532,-0.4558613936810447,0.5868162492008318,0.8883372880932919,-0.4465974406300479,0.12021952115596857,-0.11142099438673281,0.20145645357483621,0.3259414153450342,-0.4900770756798325,-0.15811623253443075,-0.47969874022775283,0.348827687264575,-0.5225895836157382,-0.6859587928444033,-0.09528609485753581,0.6433300887060527,-0.03510177071408371,0.5830149303555692,0.656380705098117,0.7139174997679113,-0.29277633661759306,-0.37934048439198076,-0.7698428076406727,-0.6564194921285744,-0.09062282694843793,-0.5204459400748023,-0.16229557543704964,-0.1394382844717139,0.5723819394530312,0.04660326877702348,-0.7590397339623194,-0.6600022173092248,0.31206156465059964,0.38844369062043627,0.7170488985501826,-0.2997110094198032,-0.5593662963737671,0.31471672498536807,-0.6776726745957937,-0.5754978360381475
GTM,0.35940016288554877,-0.3073578523466374,-0.31304241446519687,-0.2547808199952446,-0.35155489123623895,-0.5349857531254738,-0.6755907402016792,-0.11265858284325159,-0.6839266415871141,0.7924081792672515,0.7274030406021661,0.7835959826349274,-0.6860940672172453,-0.41843861507267555,-0.42348128142750596,-0.5939077024149504,-0.30692394463991435,-0.07380868471495505,0.46049475764379943,-0.05671212941886705,-0.499848432964453,0.36346837180812397,-0.12979932067496636,0.6339398994911059,-0.6957671277690938,-0.44586944716555066,-0.4175332814151429,0.05751362327588172,0.5990252668373653,0.7655114925544708,0.6567471740455957,0.17848802929932084,0.030879192447528125,0.6571993370051085,0.0016915372454320288,-0.24601559643454607,-0.531528035606291,-0.7264101215820618,-0.6421362906216099,0.09384799006391098,-0.7481789060979416,0.40768836150152843,0.08303484632201918,0.3731641485946704,0.3052656447076266,-0.5533391570672002,-0.8214800628931624,0.7045098976736691,-0.7882471967780007,-0.006442279538099394,-0.562098093050579,-0.0017219300559681017,-0.6064506016585978,-0.46931338506673903,0.635389213800342,0.6901152103913627,0.5996487181577971,0.6257468779719196,0.18689819736908853,-0.5280111883010461,1.0,0.6711129878772524,-0.7436287069651502,0.6743782668807673,-0.7959489088779834,0.5044464969841306,0.5583282070581065,-0.7088573322573959,-0.118500565590834,0.13052795215291935,-0.7298844523516048,-0.5978043030931008,-0.4989186863867794,-0.39297646044344536,-0.26103275356191924,0.7954498532517263,0.07732768629298903,0.7521260113977414,-0.521823223504055,-0.16518592683361488,-0.23872155859290345,-0.1666890894270061,0.34140000695013173,0.05003263794075041,-0.7147478574321271,-0.5188858695676142,-0.7252063465710181,0.13152206899863605,-0.1658935812275999,0.7513061111142204,-0.004083998494941454,0.07885929133281999,-0.6961905832572479,0.7343001836248422,-0.5713014528392562,-0.6176164920013103,0.03175467787809294,0.6152123444817226,0.5820712354220785,-0.2718572192001649,0.5814748042772055,-0.2783012562336433,0.14859218248923323,0.7067790176924221,0.4124441222085402,-0.6552222979521769,-0.6255384155927373,0.575896474447008,-0.6446031347300685,0.0064723571765502586,0.7894012651766416,0.05739569538107747,0.343668969256575,0.7056401152096576,-0.7532224375350927,-0.5113451235149498,0.5031342005754643,-0.18881648176024313,-0.30374727376523447,-0.42781240578760515,-0.4853400239918084,0.6355827151272149,-0.31070886976446266,0.8111858806657418,-0.3688415046842368,0.4569186002429746,0.7747202323936588,0.4741083468647961,-0.7348682078755107,0.19685888008358066,-0.7953113669601972,-0.7437729508537871,-0.71438529431224,0.11478021987161935,0.4735150415514041,0.7041201998418504,0.775530638430961,0.15401189496845702,0.2706011215062565,0.0863935421990436,0.07388211391303379,-0.29915951503819693,-0.08948820862015805,0.7734272646703768,0.6570831902828772,-0.5470165958567685,-0.1989094975089598,-0.4026685130958898,0.16314575916001484,0.34483985514039717,-0.25897461642713404,0.6613398424739478,0.39238797655309954
HND,0.4546110538283219,-0.30397397815477056,-0.3948610344904686,-0.5750491538562723,-0.403794800525191,-0.7242450812413537,-0.6221306691975337,-0.2842340376310739,-0.4613414149343309,0.6304972434120981,0.6729342736564641,0.3744529289269415,-0.4834728330691922,-0.46125712435672983,-0.41799548529861497,-0.3901146198495986,-0.1423214819157721,0.24496703491281202,0.37142898151305426,-0.4662939012902052,-0.4791812417586221,0.5496163019288646,0.15601629707612363,0.3924956809529806,-0.7475522347380057,-0.5189215697558094,-0.6677745694532624,-0.14093106228656027,0.48063364540373665,0.5720961445861775,0.6483601851401378,0.2633436709962558,-0.4427746471550269,0.5102005524292843,0.25704729827964445,-0.23589954946501113,-0.3530124362933371,-0.5922873603306247,-0.7285933989213262,0.4574447645270743,-0.6075382055798606,-0.17599466140723052,0.03684204756445408,0.02051866750864839,-0.06508402796358048,-0.5992638151504863,-0.5567885968722512,0.6065379201128249,-0.7100558827920029,0.3507816954320644,-0.6081923948224959,-0.013108704454044329,-0.6679979298981253,-0.34510408998616837,0.6501743115007571,0.7175762511409991,0.49350848244883094,0.6197085930322074,0.17618382433946733,-0.5017194226582709,0.6711129878772524,1.0,-0.6145822148979705,0.3759942311762893,-0.5045148305183274,0.08006079727692728,0.33101619831384177,-0.4742554596475306,-0.3808537216297838,0.12059794582723027,-0.5322194213182163,-0.5850660555836584,-0.6306792619583179,-0.6357080152231402,-0.519590377624819,0.6704375359643282,0.4282885268076102,0.650430679830819,-0.6127402317948025,-0.20363403936388602,-0.23693799599953347,-0.04969458935010285,0.16565087116408916,0.4787823022202782,-0.5302813179741277,-0.29134324260015565,-0.5343438012638317,0.12408769464758873,-0.025813261510544194,0.7324617916296624,0.33784074194909774,-0.3981554634304527,-0.42570392335892127,0.6448575182112569,-0.33492211147251005,-0.3382574315936715,0.14762979391236275,0.7257765077809767,0.6092876881770335,-0.21164414871400283,0.6462706648450991,-0.1587965913162106,0.4411539136284839,0.6430183411122954,0.6707518928820866,-0.4842665434782927,-0.6867619537274401,0.34236434724928766,-0.6773951970902536,0.05773628930115926,0.4404826739934804,0.1273981316822912,-0.15075430309356097,0.40456760437314454,-0.7353256875563257,-0.5186016862521021,0.18310901386164358,0.04675371547851037,-0.48863895253223344,-0.6046901079056641,-0.6710900052864548,0.5264312686519345,-0.3217186166213093,0.7097733889587184,-0.2679845851503775,0.7510943857092075,0.5414194460485838,0.4626263729063689,-0.5713007902135852,0.501124829280181,-0.5498567661136389,-0.5208212765834705,-0.6309155085615687,0.2496438610568532,0.32781986901413396,0.5863741107038882,0.7395547735683157,0.2167373478889172,0.3751148237757501,0.5738071236403637,0.18254229336358874,-0.10252165865499263,-0.3638660252800281,0.6287388805404652,0.5966470543210607,-0.4138439406314858,-0.4684832078871677,-0.7002105067143751,-0.08370729119492148,0.29398019318680824,-0.33433636017978396,0.5939828647596195,0.48098159818301944
HRV,-0.7026644337744152,0.45932005216762484,0.06909367918837683,0.1449837130798859,0.4765648390052294,0.5831920493885562,0.8097664932795925,-0.15434527978067414,0.7032535936890665,-0.7673791207691625,-0.7931915618965666,-0.5587203119080932,0.7197736751731959,0.38823817802060767,0.6613763819043075,0.836721739982349,0.04054289233048591,0.23853967849169222,-0.769900086722942,0.22692061701338517,0.1834473757018309,-0.35792354774753443,-0.17904858863316298,-0.6708361045485762,0.7229738000699795,0.6437833845539929,0.5054828305928438,-0.14311513104527585,-0.6419001797941692,-0.7533121773735014,-0.824376260544335,-0.5480818086595869,0.10892067102338454,-0.4581045967857027,0.27371024238323294,0.5645521075055008,0.7736526088055548,0.7917253075478692,0.7734714048082769,-0.032209207751269675,0.8279752180230646,-0.16002704693800296,-0.2805562411545601,-0.34192303256457257,-0.31480316859856994,0.8341946508974255,0.7489791123625776,-0.7402954157074215,0.8447457701552052,0.09068185324450051,0.7850037324832467,-0.453706605610932,0.734199534455533,0.5888495711675952,-0.8357067516589121,-0.7879980372101105,-0.4800990931232647,-0.666318516673496,-0.6177201624155035,0.8395545683810004,-0.7436287069651502,-0.6145822148979705,1.0,-0.5492445231587073,0.8535583244026528,-0.5238354820316942,-0.5190133616295651,0.79976255425629,-0.022555192931797752,-0.5537867501348239,0.7442063194490696,0.6359834996053731,0.8022584382107473,0.6666030444164063,-0.021007483333384647,-0.7371349763639614,-0.2812004462125146,-0.7309569857253679,0.5601552362392063,-0.17103502852346697,0.5030974169115165,0.26434266073023527,-0.08462323050094311,-0.2793657994940597,0.7659023531125347,0.5322792510371299,0.8516953158113103,0.03531913706479173,0.32244458654228647,-0.7284322314580804,0.10508055147805095,0.06315560596027114,0.8107570802207681,-0.801679809613757,0.6898022084039122,0.8367851042820136,-0.3861026922315447,-0.6486994960629007,-0.8207807621678362,0.643930431903841,-0.5980119623797104,0.08669107072841586,-0.26510638739035386,-0.7273316037265851,-0.44367780029746706,0.7342674603345712,0.578513990559607,-0.48233744092751585,0.756332111289745,-0.3152467664471843,-0.7043212762681872,0.05549357747443928,-0.3125747270266639,-0.6257175094952814,0.8068171428879745,0.9042851584002292,-0.3722560065514764,0.09043174993907421,0.061991223406369866,0.5007808972045165,0.35727757912706026,-0.5496820608918855,-0.12508977698274037,-0.7096143447088235,0.39138558880119323,-0.5216939066784496,-0.8098226779930469,-0.10209774228133384,0.7972482832173117,-0.173032731134668,0.8399021955703028,0.8809820995420042,0.7969417324098885,-0.15157588184031212,-0.6098003908829348,-0.8267971454481549,-0.7645126179658204,-0.021318592352653765,-0.38380232499072475,-0.11916140702409228,0.1169526015066723,0.465162128269758,0.023475143540597987,-0.8673450395159641,-0.7666421879976426,0.48200727605513394,0.37452441560376215,0.5798053729126533,-0.2875906319571251,-0.43211315817900475,0.18958279281811308,-0.8003571836495187,-0.4448349349189402
HTI,0.38726477407546556,0.07813486907538081,-0.56808957350562,-0.24258034756412417,0.17181075577824434,-0.6689577424874114,-0.8039424847071575,-0.07171290826966703,-0.8276628883770436,0.7468266147984869,0.7085218736718373,0.7844703580168723,-0.4483466015972637,-0.5586701132694307,-0.2681116728113089,-0.23829712047529927,-0.32475668312830575,0.01174716788925012,0.25501496295081716,-0.05823099468196946,-0.5437172188136064,0.19415717693722423,0.07727649382212087,0.8652996883721806,-0.7300460523347381,-0.5888166855219406,-0.4111009083335708,-0.07369316474887988,0.7395112558756556,0.7617638413887916,0.637478958834657,0.3816045522295636,0.20072663687913883,0.7278038931057583,0.15453598969093063,-0.31748999772946274,-0.6185238248405955,-0.7159125122077881,-0.6051044093449769,0.19981060462814937,-0.7678603854540782,0.35918553689965416,-0.032271790402273126,0.028605321996062583,0.43846060848151924,-0.43710509927972474,-0.644925413211983,0.6575543406290453,-0.7898481462195139,0.00034518141369788147,-0.6064851943061313,0.212071532867939,-0.6515996528884476,-0.06190973611034467,0.6115456515027404,0.6824974482059609,0.716127482111912,0.6624240964817044,0.1657609493653387,-0.4320660976881241,0.6743782668807673,0.3759942311762893,-0.5492445231587073,1.0,-0.6538120801704246,0.5235501855371749,0.6103350114799435,-0.6777759760693702,-0.06147775118122545,0.025783247372979323,-0.7240438208719411,-0.6895608945431924,-0.5773391933820875,-0.427599797877944,-0.2552864502443293,0.6674888494304669,-0.02797749402476768,0.5510835988212809,-0.6708385050926986,-0.48966940580856333,-0.3165748917114546,-0.16109171546743317,0.27478061942925314,0.2400150940954211,-0.4469212936076319,-0.6816902991283649,-0.43918652305773787,0.29428574857347867,-0.20191113548143802,0.653951537188033,-0.17487040243978558,-0.13560186374736327,-0.23938436753886427,0.5894343558752093,-0.6421652279845564,-0.33651470398975514,0.08525344724280293,0.6056871091902983,0.6007162932239704,-0.20464083675675626,0.5806619624584541,-0.5563473515503996,0.43483078702498124,0.5348739194252982,0.4868712350930262,-0.7897423344993246,-0.8161787346361229,0.7682142035761981,-0.6411291370386274,-0.2840513938816964,0.5521825710461736,-0.18473717725004213,0.2659839776246944,0.5754141387211726,-0.6190835461356605,-0.45480307274411524,0.45556325548422105,-0.024393083868490484,-0.5054021492940106,-0.22222746222980128,-0.4486864843862144,0.8430021083938193,-0.5030972450462983,0.6344183876578988,-0.5818405415722696,0.23390687446404734,0.8607677595794025,0.2519023283621653,-0.3730769279805015,0.29923419008305774,-0.6333624338645334,-0.7275697625895012,-0.7608927715907916,0.5290260176221285,0.4586651663668293,0.6002710607902974,0.683363464959523,-0.3505697849123379,0.43384429554591164,-0.07114728901614087,0.06976639689040487,-0.08605531979467584,-0.06601222734234602,0.7397103448219019,0.5905660605857864,-0.4446205124532656,-0.18308380559089676,-0.4087586606775502,0.28589132025535613,0.04374123939410868,0.14359468961033017,0.7714637986921267,0.5168161217060827
HUN,-0.6379589229164653,0.42484958068643164,0.3048349756150478,0.0729815684643782,0.43691575287915374,0.48938374270619156,0.8474845783604876,-0.01521190055402255,0.8049519897274418,-0.8559071184482607,-0.8398916795787921,-0.5879498355439168,0.8360057779261185,0.5632152409897682,0.5546229838621799,0.6974966742602151,0.27637166662656476,0.09951321801153212,-0.5615204364414998,0.026242697133798454,0.2745018979654452,-0.35524906285464497,-0.16067707423896826,-0.7436299047122097,0.7009111202724323,0.7194259047451426,0.5952604347695554,-0.07739604507426234,-0.6788636320931625,-0.8130222003412222,-0.7599695698143285,-0.4072274935118334,-0.0008142323502668969,-0.6921686017819542,0.10206095817502392,0.40302920416035914,0.6826219338592582,0.9011642436456456,0.8098436034004306,0.04293829100672286,0.8320002773505125,-0.20285297022681714,-0.30115474844815293,-0.22486337466521578,-0.43362199440709936,0.7076314118119631,0.8663789047008854,-0.7892946884871983,0.8024305116598449,0.11496199836306964,0.6850476182049214,-0.32277709510810926,0.6770393886851998,0.5179929649467512,-0.7193636099568872,-0.7711912016996523,-0.6678259438182197,-0.775804216942769,-0.492804561801478,0.6322254934039222,-0.7959489088779834,-0.5045148305183274,0.8535583244026528,-0.6538120801704246,1.0,-0.4631115503707077,-0.5076242646353797,0.8684224155894481,-0.0695036901464181,-0.4623112385493149,0.7353625487576765,0.5816760268099308,0.6618905271220633,0.5480673050689848,0.09517023398167856,-0.7987734395627384,-0.1427192487058746,-0.620195449545752,0.7205065847302577,-0.008115793617268219,0.5007868163903275,0.14132236489245886,-0.2687803701223155,-0.26056431742944297,0.8590426176506818,0.6416475483689916,0.8834600407154674,0.02797862477825286,0.3439011368555627,-0.8143764846643302,0.0388851921879797,0.12858498043494482,0.7701751367064095,-0.8860386498417905,0.7670310185951408,0.7174665190878192,-0.13848449043818833,-0.6608247579278683,-0.7564671723507215,0.583767281993372,-0.7601901809843159,0.45953345455711103,-0.3171843456322574,-0.7880150006149842,-0.3083381425207572,0.8189944774753483,0.5953177114321967,-0.5956392505072989,0.6765533040134124,-0.2394395158085625,-0.7955168446133973,0.23092096704628107,-0.19544366459571982,-0.5925564488279047,0.8574207648047556,0.7461824450688255,-0.28422952001970025,-0.014882637340184468,0.24433257746006143,0.5711327110745038,0.3700261902006986,-0.7421846043690781,0.03177701969988489,-0.8205680394398791,0.6541959552478039,-0.5615617708028728,-0.8589359025618659,-0.13350273523845968,0.6956908640620038,-0.3340292258816444,0.9449062289617469,0.8897787790319902,0.7951291851840849,-0.24410107902277645,-0.676914822133631,-0.8145627709446606,-0.7692924543862669,0.18701732366420587,-0.4065474642557563,-0.19521258884324344,-0.02350071035977086,0.44906216843057734,0.029081462543127268,-0.8717848023484116,-0.8481753063604465,0.6300524637907301,0.3164870903234632,0.4388326322277627,-0.3318261203482238,-0.1968878990264591,0.07198905513690557,-0.7984330783228675,-0.4302219213601346
IDN,0.3186550266179825,0.040342224014503714,-0.04066227938851963,0.16600665476305143,0.09080176073781043,-0.26781143838438193,-0.4821011091195462,0.41658448786259084,-0.6424672140576013,0.3770184628574361,0.44859400102907543,0.7621035775925479,-0.38724589732117143,-0.25883791764496644,-0.6761840510452282,-0.3427100289590852,0.03195956050246018,-0.6563966994165571,0.4510344542629732,0.2656541265340824,-0.1589165814235156,0.03310510964278479,-0.17480011182376187,0.5239780419119964,-0.3300339971709694,-0.4049283887307109,-3.0160746587792886e-05,0.6598406717567046,0.40278370954208786,0.44716578110722827,0.5205430435311983,0.3072026559281613,0.49669759295672966,0.1017956347516572,-0.653728849577591,-0.43142507177506517,-0.7517783360293389,-0.3833639365161703,-0.21604343094643585,-0.48319087927862414,-0.6470428089762774,0.2762246029126637,0.42166270138835515,0.5834137923860218,0.7440526032748077,-0.31654662421486734,-0.5556831801198958,0.4546630722600469,-0.5403502674774825,-0.5162534195390418,-0.4014338748898161,0.21331460495506627,-0.4012538371130585,-0.2507482348554857,0.4732613678944464,0.38555197619494086,0.08159864972997433,0.17645087975722729,0.22102779318991306,-0.4806637868811092,0.5044464969841306,0.08006079727692728,-0.5238354820316942,0.5235501855371749,-0.4631115503707077,1.0,0.8459539250973962,-0.6222926731641949,0.4696902786028945,0.43016015296873444,-0.7130716091048859,-0.5492271778569282,-0.2515437729177059,-0.13934815931654576,0.28402428249213085,0.4485106627699318,0.08300081201843734,0.5188694138015214,-0.1135536701595039,-0.039848962689838396,-0.5650582438639424,-0.1965296556084195,0.43801727900149556,-0.12707855040222782,-0.38300302302732625,-0.7467801110822694,-0.5157262339678064,0.1767994315850624,-0.13595943783077757,0.3724362063908273,-0.6377865483656673,0.42339091439699306,-0.46020723777342587,0.4032085198924611,-0.7865538294352401,-0.6925806464457123,0.1459374973827795,0.2515824627351716,0.38187273191304083,-0.44488031483494783,0.24689778993114686,0.09658290314482365,-0.11962960421454949,0.36897785414072426,0.2157412641453319,-0.5852394458443633,-0.3586808763431326,0.45865906170562254,-0.5024457904916833,-0.021905478879604257,0.6355938414762813,-0.39798716986849625,0.6605484258768256,0.718202062116034,-0.14071840934477597,-0.4400967047383144,0.5565402391145422,-0.38902521687561786,0.01896038753269902,0.29443152962020247,0.13529805242329263,0.38341392146393627,0.1231434628097795,0.2978495678577844,-0.40916626544580303,-0.07169720892810694,0.47629073069611527,0.03733111115790588,-0.25834264961835496,-0.5295607691333442,-0.48893753152122166,-0.58438734726681,-0.5543455100639716,0.025546510663741473,0.549324619402976,0.5030440824961958,0.3106622604918372,0.29509459473753086,0.344393767865414,-0.41338984014065816,-0.28612664213292227,-0.19073411315541366,0.3856699119960666,0.6125298261235723,0.4520992523628168,0.03177657588467242,-0.1787923965056608,-0.0999708073346941,0.5677709255713216,0.5844899801299274,-0.005691912426179169,0.4456530592529352,0.16409370644268573
IND,0.41227665192409113,-0.12016198735410488,-0.35938438014910634,-0.020337557015469132,-0.07044999584786416,-0.44490221672267305,-0.6049056483146931,0.1112246069956393,-0.6618017945239314,0.5303479491152664,0.6241137740965153,0.8097840843216969,-0.4326955685076215,-0.5251163435571757,-0.6740988956175131,-0.24301195997393865,-0.11697601729901952,-0.5122885492669016,0.31579576245050456,0.23855552426801552,-0.4769718055885128,0.09748502110822199,-0.07652326552661526,0.5484458166500561,-0.4581434087637992,-0.5635870899038347,-0.3207218738873925,0.5546374660976239,0.5577632635294761,0.5675314070038285,0.6375517428073697,0.23982314027234675,0.3277163876768163,0.26927951022775276,-0.38011485307801873,-0.4633134591725572,-0.7204953642122605,-0.5469020821477266,-0.34632977775264817,-0.16369416778666368,-0.7007185164169105,0.09289608433279994,0.3521399423531133,0.2566245039299233,0.6972301381768462,-0.3098777485589639,-0.6701703467719708,0.6787595166860032,-0.6548184072075216,-0.37362671818149074,-0.37970360314004004,0.006039130212710853,-0.4249614600507128,-0.22629326000809424,0.598436686128352,0.569569726130196,0.2800058467352524,0.3752588808298878,0.07797196431978115,-0.41339029568066876,0.5583282070581065,0.33101619831384177,-0.5190133616295651,0.6103350114799435,-0.5076242646353797,0.8459539250973962,1.0,-0.6306649946709841,0.28273508126117863,0.2945256295606442,-0.8499916097085634,-0.6568937731697797,-0.28175443125993604,-0.26560261305662003,-0.006086770503041405,0.6703639678387617,0.136468056733012,0.5255258682885687,-0.356077536343971,-0.320852129902256,-0.5418213404145948,-0.11999899363571553,0.4408138687768366,0.13923235659881072,-0.4701794969710409,-0.7602992382572586,-0.5438065765632845,0.3107629942768688,-0.17503854036861455,0.6098775899837604,-0.38109929245979934,0.2226712499990734,-0.4081290414278653,0.5608057238231864,-0.8347811289324032,-0.6343671030522973,-0.002488584485704548,0.5301062976730895,0.40911262450063823,-0.43325478724725075,0.5494104264525117,-0.17049127895321492,0.12843866171993523,0.5180732626832996,0.32130800953322236,-0.6131770392461875,-0.6197888188249638,0.6013854948786636,-0.6494335656331045,-0.16054651238984863,0.724679639633777,-0.36826104035689133,0.33266002149328167,0.7117601970200761,-0.27695953759203107,-0.410824173552768,0.2617793551816656,-0.26638763990719916,-0.3696398145429125,0.030346271175782258,0.0022771132728180987,0.6330670320155307,-0.14356291614601013,0.5031297646110809,-0.5661163678683461,0.10388351003708629,0.5693743083260709,0.06733238895403615,-0.26489767667886,-0.23330882711081324,-0.5422049465276875,-0.6603020811087157,-0.6448301574359867,0.20161415076358358,0.5130342008446276,0.5510303589936235,0.46813238548598957,0.19663990601245762,0.41383076264312657,-0.054298413853073546,-0.2960865160211743,-0.1109381736612487,0.2676802598157273,0.7211172749228627,0.5867770333673532,-0.0435441681352966,-0.41716809895676343,-0.15355489140451462,0.45290814124146916,0.4972713652987357,0.17820597870174304,0.5679077098359586,0.3944190533461035
IRL,-0.5524793366958956,0.2760361093784822,0.42284125332620015,0.0014983291059394999,0.17947790029381705,0.5649569254230775,0.8639952005491416,-0.12409301337884493,0.9040657840228864,-0.8391373101345234,-0.835834773748942,-0.657768872943145,0.7440008987223138,0.5265749943571351,0.6812459033222321,0.5902076263458855,0.14990928788919577,0.21220036132254505,-0.7290080764871654,-0.08026122961856808,0.33384885150452015,-0.39565253532766276,-0.12039776621623877,-0.8307772818135382,0.7340546524650798,0.8182791545753129,0.5572592858199565,-0.17575614215407098,-0.7118897320928934,-0.8146635950528913,-0.7722790367831807,-0.36342032813142966,-0.12744558195317235,-0.6511779654300711,0.17822852726710592,0.49932874033495445,0.8055316713257995,0.8508433586930975,0.7177150810495374,0.16863525814506686,0.8651844823838633,-0.14077120866675497,-0.2946735272857306,-0.3025818454947906,-0.4511763221556553,0.7349743542471102,0.8471965568400667,-0.812630321976056,0.8425884789899944,0.028815108557276536,0.7344259425151344,-0.2521297319949709,0.7410294255496291,0.3951016440167905,-0.7955158086702385,-0.7727304448057877,-0.5748258425706965,-0.8105562732271405,-0.3271539085571038,0.6660280374842262,-0.7088573322573959,-0.4742554596475306,0.79976255425629,-0.6777759760693702,0.8684224155894481,-0.6222926731641949,-0.6306649946709841,1.0,-0.11309587096984886,-0.4162569220453518,0.7551399281345282,0.7197223727565188,0.6875011546884818,0.520282594317157,0.11632503421899054,-0.8135859706644437,-0.2858040737907137,-0.6403573346123426,0.6657460634699787,0.1474957518758807,0.6226177307850307,0.12858667210197583,-0.322773217474287,-0.2747737783406301,0.7288937116315534,0.8168840196948908,0.7695866078660951,-0.07383289462923348,0.08230719774185813,-0.834954835592699,0.29917135374758974,0.14310861563372246,0.687032882770347,-0.8705993668413421,0.8335172485430219,0.7140618696417378,-0.20292955410512747,-0.7077007548493204,-0.6403042565878536,0.595834669734194,-0.7705349135276434,0.38330999264322707,-0.25452236546948637,-0.8066629252280699,-0.47413787681471,0.8536584789279138,0.6427329060695148,-0.7004782469775788,0.6856626044832652,-0.011848046500058329,-0.8443840278400558,0.41184982020838845,-0.3736477563836793,-0.6121748609106681,0.7379814549690107,0.7780782883576776,-0.41919508384912296,0.05471751631585953,0.25883331092737283,0.32858663045461634,0.24470224400175877,-0.7322225997109737,0.13227583185242542,-0.752877104412593,0.7642301327717598,-0.5079937570154986,-0.8619073814163061,-0.28429019075114303,0.5615015744625094,-0.1951158793139285,0.93009900139099,0.9136141574875694,0.8362901912487237,-0.27363070139972323,-0.6035898378755342,-0.8443260012726406,-0.7698401025957773,0.0213871289232459,-0.5385557184693841,-0.20165214896993144,-0.07743635938005422,0.4611596937974055,0.019541426031686182,-0.8731995286327492,-0.7919915113768905,0.37211939865100785,0.23854672064704452,0.49966690659336976,-0.5326527406009838,-0.35875655648885396,0.11593787304125724,-0.7137285183769193,-0.4912230830560451
IRN,0.2128948219975777,-0.03629692893192771,0.3219055914755464,0.7200287849288425,0.19577819873003366,0.35695093726080096,-0.029898234943559032,0.5795851611297165,-0.08626893152885962,-0.31674441029546396,-0.2311007624264898,0.09539088652671146,0.13840789352067961,0.10031563243234287,-0.3505550890838143,0.02261195074585609,0.5214072735337599,-0.5003658979245031,0.08303191913464647,0.5314207976033103,0.3892971905132234,-0.2730525372805701,0.06918921981119253,-0.15918152682258802,0.2632276087196219,-0.12146030500524119,0.3257215713810788,0.5260331417267821,-0.1714288780886548,-0.2619232923766752,-0.05303030542162168,0.13704584679723453,0.5859899011688723,-0.45613611866732184,-0.5652031460378542,0.04227212754202925,-0.2201086276343247,-0.0754867112161497,0.14379567940414884,-0.540837741208124,-0.12244255515963842,0.32089436605944344,0.7020016690660774,0.29218678255971264,0.5971637784535782,0.10120173545214284,-0.0079218185902461,-0.14373379705286426,0.040968948738947075,-0.50950013078941,0.027377668535482402,0.28633445311929395,0.1315432637850369,0.11100890848216372,-0.12659907180290864,-0.22725269862814335,-0.2684538670616574,-0.374897743394319,0.1353078710711375,0.06860664910899184,-0.118500565590834,-0.3808537216297838,-0.022555192931797752,-0.06147775118122545,-0.0695036901464181,0.4696902786028945,0.28273508126117863,-0.11309587096984886,1.0,0.528551193640291,-0.10685177610911167,-0.02227429333512787,0.20256119106921655,0.03806040705612457,0.625919449382112,-0.19445754883266697,0.01622021566806575,-0.2601715774936255,0.1378574192808364,0.3198608026840566,-0.1893434199691344,0.24248318034678218,-0.0011429424177336056,-0.24293581814544485,0.03431169018057667,-0.23352130441222263,-0.03307541925702662,-0.4531110536046099,-0.18787564385791788,-0.22780811690191682,-0.3577003760693451,0.5300422195811533,-0.014769367302416736,-0.17838767886975604,-0.2858272910168229,-0.3164040962640742,0.07517187788875224,-0.47307722847698397,0.021007861439384157,-0.28074739388413317,-0.1916123687954323,0.1007099881425505,-0.33808390436576663,-0.33489711995296956,-0.1612526830522043,-0.17783855759408085,0.2096268119977872,0.20898044565767648,0.03207807775829741,0.200171097249071,0.09883761590066087,-0.3753666529473205,0.34965350115375016,0.005119767195692737,0.2657059047784436,-0.10187093202739828,0.019513162750904645,-0.13741915401099458,0.31444079696001004,0.3416344221615447,0.7115647521308314,-0.17246607892865318,0.48117889278669135,-0.3429081402553029,-0.13434384939199218,-0.5428822907306365,-0.10766938118008951,-0.2044889679952715,0.4175291614605785,-0.4161679609761526,-0.06746364197237464,-0.14040911887562713,-0.04620881072398997,-0.1880529372320372,0.34434120560238446,-0.1879979539237404,-0.45941290058434214,-0.03550330108155353,-0.002386628732109708,-0.45031786972287935,-0.6518281759031725,0.17529643048594634,0.5409284424076771,-0.06632946874386669,-0.11036317829162967,0.46965190135324564,0.2588314836783805,0.3268343427474584,0.4993453193964771,0.20620801856532966,0.29592295704170657,-0.034945152792343226,-0.4483253176086348
IRQ,0.7934491761264213,-0.36272498298279343,0.2149561296412421,0.19843030782026272,-0.28172352956933233,-0.19265788757255953,-0.4550919682188501,0.49225649510910685,-0.3607713142190865,0.16796304560499975,0.3708501487278971,-0.017538261214892215,-0.45515918518961285,-0.1363180028917932,-0.685932586156039,-0.43547022931030366,0.2238147752714016,-0.43140529807037575,0.4876883090727726,0.025027735472659574,0.43320123216329676,0.22474576050063366,0.4757275058525108,0.22177908966011273,-0.2715672950024346,-0.5363689355974262,-0.1700848280104521,0.338686955908298,0.21612724544405082,0.22878112970452535,0.4825476224758759,0.6978880011466154,0.13048833145380367,-0.17227553014849684,-0.5565849172554804,-0.38916774219707473,-0.6279455270578975,-0.3832292223811866,-0.423484595914972,-0.23074056335008497,-0.4678844197556733,-0.10315961441192334,0.8495246287172236,0.3208347540661167,0.5023515923681521,-0.44357615340016787,-0.38157795564599617,0.17485119703551488,-0.38227646125714765,-0.4331743130350709,-0.4533206339709701,0.7519672780283392,-0.4064243440572506,-0.41554113171269846,0.3837028874300401,0.4149167353032117,-0.03306153656439581,0.12173116432304676,0.6967629890751242,-0.5194745516534969,0.13052795215291935,0.12059794582723027,-0.5537867501348239,0.025783247372979323,-0.4623112385493149,0.43016015296873444,0.2945256295606442,-0.4162569220453518,0.528551193640291,1.0,-0.4112642219784277,-0.30503557346463994,-0.41422322787525534,-0.44297881278517726,0.2995762860943527,0.1522432930150861,0.2550871418068139,0.08261639478372218,-0.2907592030364421,0.5029436912188936,-0.6239982238437252,0.05951030915282496,-0.0991135529539946,0.2703243918169105,-0.39855337065413043,-0.4677097744732992,-0.5591770649322587,-0.19266384543144155,-0.4379485402576937,0.18356931165394286,-0.26604923821588833,0.08764248270202901,-0.45073106928376516,0.37370058689030605,-0.5499524908552007,-0.6215129649290212,0.26023347644866035,0.14119662511737552,0.6082232347106322,-0.6505996476317608,0.2407744023011965,0.07142005245656369,0.19198024910203382,0.2697858636399937,0.05709100189297378,-0.47589743174564814,-0.10548459188829495,0.049938329762913125,-0.4726464918651647,0.5363521135379804,0.23387163378364673,-0.4394385749098182,0.1443714638203809,0.10982728536965791,-0.30270164471569916,-0.5976840747855432,0.14241162893683157,0.0911210957111932,0.2608781425710617,-0.11997699735766121,0.09025976790283252,0.1191129691302415,0.6835325914827689,0.19445853654620127,-0.3287445523982333,0.10608037237588486,0.21554227219353095,-0.2274932317794096,-0.18876298670069014,-0.1052132579044125,-0.4175018717244423,-0.4746407641479724,-0.394615187926866,0.13396648460748484,0.498757181496149,0.4428448706231145,0.1257874988733798,-0.027155300144369177,0.2138598011707301,0.036286578904207945,-0.4199520388316895,-0.05444856772581397,0.20505297537763534,0.3673155255969164,0.36437954648319026,-0.08273352792572686,-0.29759484583761764,-0.31757109011730456,0.2090063640536569,0.23422416294692983,0.019412579022473953,0.4450379370877309,0.030118341791204317
ISL,-0.6027881339113712,0.30170264920404133,0.3834105548344122,0.285979243654222,0.26001134375824175,0.7063899139413017,0.8107832419985056,-0.08871368040591321,0.7907121099667043,-0.7399347023337519,-0.8267057493603249,-0.7910500475760924,0.6543913364442103,0.5866193695587184,0.6284138776133602,0.47269817874791253,0.2231690401195825,0.28114796205558845,-0.4573135810698301,0.039445747184288615,0.4236500258770599,-0.31094351399308984,-0.18452815873112383,-0.7161687893789226,0.7453040019898557,0.6777317849295663,0.5528523707729156,-0.2813060156548848,-0.7233020645977732,-0.7767636390645569,-0.825731062631653,-0.479393741116668,-0.06685605103307779,-0.48612890295468736,0.21011994402277012,0.54322637548152,0.7732247762053703,0.7485403341392809,0.6524254824268493,-0.11459393914486715,0.8760262061695461,-0.11593228146102619,-0.29878078070011727,-0.18404129890886134,-0.5532474551467845,0.5996024664570979,0.8198625171094277,-0.7734844209520837,0.8899345684675094,0.16560119698947573,0.6603333926773409,-0.23286825938499267,0.6745946065334278,0.3621004697653122,-0.7452614527264907,-0.8133480209143067,-0.4746940366907104,-0.5987684945202352,-0.38830456044612616,0.6326108356682681,-0.7298844523516048,-0.5322194213182163,0.7442063194490696,-0.7240438208719411,0.7353625487576765,-0.7130716091048859,-0.8499916097085634,0.7551399281345282,-0.10685177610911167,-0.4112642219784277,1.0,0.7944739032162726,0.5828283058154042,0.531527599335549,0.11795575102943101,-0.8001385540780979,-0.2193812182853785,-0.6762486637939431,0.6229679502253165,0.2262073805742576,0.5837282468348822,0.16724988157350562,-0.38885264218815063,-0.39874499278183073,0.6508802909529151,0.7434417858122173,0.718423545522621,-0.19473756149304244,0.21455319864686473,-0.7597568218448676,0.18445208305164895,-0.032734832294167404,0.5990462939426021,-0.7593368366513804,0.8252430893556507,0.6831411121794746,-0.09952017037350269,-0.7090705397563717,-0.6713539555046097,0.393620878578793,-0.6992293702715211,0.37230514925245517,-0.38813572945198604,-0.6989582357406656,-0.4033101037228848,0.8075480741950307,0.7855548769565862,-0.5840845495526681,0.9000635411145997,-0.0025347324807853955,-0.7466853694139517,0.256545133392063,-0.2084867256843821,-0.6926650983292473,0.6114633130297829,0.6152492142707903,-0.3195544923926361,0.1948629733381554,0.3837955594122757,0.26243720659970726,0.305164013859511,-0.749862055090496,0.16375057051672892,-0.7156697692381113,0.56258647412241,-0.3500661012221393,-0.7822543268743407,-0.1771542333908669,0.5352212338037281,-0.04168437388899715,0.7020707277155684,0.8011193658307179,0.8513581088274909,-0.4071762358919273,-0.5052767530483862,-0.7683989824120152,-0.731793633502746,-0.06471363021046872,-0.49333491914494787,-0.0907252690373559,0.15440210015887912,0.23306880622458004,-0.01727455648733267,-0.8666931582673656,-0.74329147787022,0.3321806035402509,0.5750104913989067,0.4450445694956222,-0.30532985451315175,-0.41172540265462576,-0.11597259031033835,-0.8323320441907054,-0.5924362416694886
ISR,-0.571530597495836,0.04350355712325893,0.38611908347287294,0.38051075164572823,-0.010465412651977868,0.85105499513206,0.7967022916298311,-0.3094852667120098,0.8588675778283127,-0.6545898276422217,-0.7800863129205222,-0.6752446149514149,0.4618168017910884,0.3834252015992521,0.6884219306620843,0.25382503757501185,-0.06965586923935607,0.01834090966420776,-0.5875031573436367,0.3065531867900917,0.21474472386764498,-0.6164044312051806,-0.22621615152927355,-0.7600186485596858,0.8759602923419157,0.7618645862525402,0.6613483424614386,-0.04709040241055673,-0.7060866400616976,-0.6167447751535098,-0.7399281804729843,-0.5299366605949138,0.11973299364491441,-0.517703236873279,0.07825186280966678,0.6193821642796941,0.7676687491286609,0.7204666553322912,0.711900105945199,-0.0746164177705404,0.8961131319195226,0.004043821012332027,-0.2202431416611692,-0.08781246810914012,-0.4123687120599373,0.7493262217757104,0.6171271934332175,-0.6819672786074498,0.8601266041120822,-0.18195096596025095,0.8681177553009791,-0.2695662120786726,0.8844181251400757,0.22306703270891748,-0.6981949264846026,-0.8248792841449961,-0.45328535163320627,-0.6456820983682117,-0.3671883210004687,0.6708165291141688,-0.5978043030931008,-0.5850660555836584,0.6359834996053731,-0.6895608945431924,0.5816760268099308,-0.5492271778569282,-0.6568937731697797,0.7197223727565188,-0.02227429333512787,-0.30503557346463994,0.7944739032162726,1.0,0.7669179011267675,0.7629307645569103,0.10244947959190687,-0.678885393094077,-0.461431902553628,-0.6971821385887251,0.682776719340671,0.2936921827842228,0.682840922750948,0.006985186233067875,-0.2768788075695574,-0.497397220843077,0.4183922723237814,0.7228372982263165,0.48623961208424427,-0.0620765546587867,-0.08282490048346713,-0.7104585061109869,0.14718660204080436,0.3326420378530075,0.3239600929962634,-0.7108534716477486,0.7153844945052192,0.5618155992561901,-0.22219002506428387,-0.6375015004494826,-0.7246810172378744,0.19845403207827106,-0.6568354978695998,0.29498849906874236,-0.44803155215483126,-0.6543348131026774,-0.6261024832039483,0.8690043520093015,0.7494926577639085,-0.6191228591784113,0.896621738322696,0.13874169750039034,-0.5897515854033606,0.3386838762126536,-0.1265518093858513,-0.4314882880068489,0.6240405261391007,0.6708498143605984,-0.48028456637851713,0.3454445258766027,0.2862405483145781,0.10415475165619248,0.36735078257781706,-0.7027734122658527,0.2862446676942002,-0.5969320466803474,0.6063820523596178,-0.4339031965956548,-0.768228013407521,-0.287203129390426,0.31264246644744853,-0.1526535799820321,0.5866880994062565,0.6572063272834571,0.9100305178226058,-0.6069796800009704,-0.4231513298529246,-0.7764811138440555,-0.6808580005698202,-0.11734418388231527,-0.5721133786374724,-0.1867078386406913,-0.07559047355642168,0.14971076732955435,0.24938516462134608,-0.7695227216639635,-0.5976898557095964,0.23485578617143443,0.45511559232342613,0.760644308447055,-0.3223950249093521,-0.5202398095274141,0.13469915695124612,-0.7163783532457355,-0.48174917748854007
ITA,-0.6777567764083896,0.1822271003586483,0.25696817314216114,0.40779678496087346,0.15633469733349148,0.8264248013902846,0.8292562236888079,-0.201924472688211,0.7520740256848019,-0.6988093780969593,-0.782552615236126,-0.36307901470713766,0.5709474010229927,0.35959439731031284,0.544171399526396,0.5448283379275711,-0.02614558899836239,-0.1690333045352661,-0.7023232670184605,0.5823867790325338,0.10439555376368381,-0.5667124250675011,-0.39269918908115065,-0.7513772289380785,0.8751958982776267,0.7273060207578755,0.6981252535187836,0.2225477453326049,-0.6555852789446495,-0.6683968690168733,-0.776116986225724,-0.6697570413909553,0.38025536158187845,-0.5696970257415201,0.001589022933337847,0.6243050578002972,0.7093934155030359,0.739149018008175,0.8472766273488181,-0.21694480886524503,0.8092954710523992,0.08260943448524061,-0.08989863944135768,-0.06301772690288199,-0.1514105545112432,0.9276732430804097,0.5102219946783507,-0.6322996258117757,0.8192802033270536,-0.31374668010959605,0.9451162161903901,-0.5237635787683912,0.9101642319656442,0.29416054985045736,-0.7939254943686427,-0.8381642907542801,-0.5090339707286433,-0.750840278059449,-0.6033659146985804,0.8428646617916489,-0.4989186863867794,-0.6306792619583179,0.8022584382107473,-0.5773391933820875,0.6618905271220633,-0.2515437729177059,-0.28175443125993604,0.6875011546884818,0.20256119106921655,-0.41422322787525534,0.5828283058154042,0.7669179011267675,1.0,0.8787244570107938,0.08801810487002948,-0.624972368440277,-0.5324771490839473,-0.6390836790932197,0.7395031084362963,0.05582504259852983,0.5766696024736259,0.1844861091176213,-0.027722498939271478,-0.5639707359659338,0.48547551216350826,0.5125334504820523,0.5560853945334117,0.05591558195249047,0.03031948576398713,-0.6847651034677642,-0.01603789330822858,0.5414572543301386,0.43469498951174335,-0.7344838233285915,0.5595118627366608,0.5217293344681402,-0.4621953413989097,-0.6830767514626108,-0.8542401129376387,0.3597337449980942,-0.6389292214835658,0.21309982388827997,-0.5504085882657679,-0.6855608599945562,-0.6384131410467144,0.790451766083221,0.6665002297800234,-0.413744675545731,0.7738534086602606,-0.12101049654797258,-0.43604999138223555,0.11351541142381338,-0.02616640472009535,-0.3420078215591742,0.8031740609319047,0.8927222870032957,-0.4093405662247722,-0.0011335160856360549,0.17507226842283807,0.4266044896414021,0.5549386628493433,-0.612011842441841,0.09372460220150791,-0.6054829058808582,0.478489250663652,-0.6415713489691004,-0.7950818793382202,-0.10352034128012111,0.56076920773228,-0.41773052967922286,0.6276236676273679,0.6851760132422348,0.8306653240212459,-0.5368533523264252,-0.40777958358318656,-0.8093370625788741,-0.7660989334900026,0.13717138922290684,-0.6006245420745566,-0.32102430502091805,-0.22971564677000544,0.33096655959047594,0.3641666517579488,-0.7642600103846857,-0.6598890331292149,0.4512248801480684,0.4351523106750047,0.8823859515884408,-0.22041341541761272,-0.31488374849385203,0.2469696511999282,-0.7966063863961346,-0.5582950351862781
JPN,-0.691160241345703,0.18700251635243115,0.21511987792357934,0.3137510807965279,0.13160837568961625,0.7844621415298095,0.750263251056686,-0.23311365194229605,0.636985832010125,-0.5040027204619395,-0.6383468533430126,-0.287335947232884,0.4259389072072528,0.3439762465211682,0.570923239628828,0.35802109140160276,-0.2705726202002916,-0.23174721854385005,-0.5724321922007962,0.5608206133927991,0.016745814068213072,-0.5841807217343695,-0.4187108642018762,-0.5290449185658501,0.8234156674123808,0.7247680284837607,0.714066362477268,0.21721739569915954,-0.5402264099289358,-0.4174609098315749,-0.6221611343579629,-0.5968050851299325,0.41999924076588135,-0.44091903946968536,-0.03752742719908353,0.48814282087624705,0.5590479505265823,0.742175664022347,0.8175402938332782,-0.27461078937385874,0.7627121968283623,0.1481619467954547,-0.2245725523963784,0.0680319822810167,-0.19104041003183347,0.850403705104039,0.3768300310305207,-0.6048308971675267,0.7398323160374941,-0.3862426971340207,0.8716992199688375,-0.4592996683761268,0.8386097394840646,0.10873590242548192,-0.7137946801961941,-0.7244889542941717,-0.4069077326428008,-0.6318700624561377,-0.5349158141344232,0.7151614993133266,-0.39297646044344536,-0.6357080152231402,0.6666030444164063,-0.427599797877944,0.5480673050689848,-0.13934815931654576,-0.26560261305662003,0.520282594317157,0.03806040705612457,-0.44297881278517726,0.531527599335549,0.7629307645569103,0.8787244570107938,1.0,0.0026868088145575175,-0.5267321015738751,-0.6551010617991047,-0.5166859172626137,0.7667685937171224,0.051224053894137644,0.5130931470808822,0.1086655687619017,-0.0005706748523202076,-0.5631783797319305,0.3570650079157158,0.3753488968654002,0.42149836109059446,0.2619733916160625,-0.03755297612536124,-0.585017344023746,-0.2856456521611366,0.5748009762023214,0.2517729925061729,-0.6055457007588232,0.4741894537974858,0.4197362015532389,-0.45159893918496596,-0.5296745959838463,-0.809819957210328,0.21255802948604208,-0.5909510083704717,0.22963393187446024,-0.5116918616996031,-0.5005964388653681,-0.6847720364714434,0.750862275967423,0.6316706678588682,-0.46059200565049974,0.7760233736054837,-0.13243950655073378,-0.3399586207051861,0.06344617816697318,0.18658606644005793,-0.12509175475234868,0.7095148352831369,0.794575330747853,-0.27095080342007716,-0.005588302966380354,0.18106390724078936,0.4197345338118812,0.41531226632010054,-0.5503310053119495,0.05221238161068187,-0.43502757594829733,0.4122257789720274,-0.5617205261559761,-0.6656407391903041,-0.06929627534040028,0.31144293917092314,-0.4673792386529634,0.5164621735620326,0.5652826540548997,0.7896636972252812,-0.5028123832315934,-0.3762629219195093,-0.6195768188792767,-0.5554427336244574,0.14279563868014533,-0.6161516967549385,-0.3870206932861793,-0.08504660342526082,0.17891026706851543,0.27578839124326393,-0.6414864072975099,-0.5298510730803967,0.23586716634391713,0.3936827164258909,0.8573626580997852,-0.26319937332794785,-0.377205025947555,0.229905688754504,-0.6857952588269325,-0.4030441795172901
KAZ,-0.06278398667566853,-0.03432260323117342,0.6373211974216847,0.5174260703228857,0.10107805455596719,0.4096571044401167,0.22228199328519616,0.6275701412750553,0.09313767267506456,-0.40266099175134507,-0.3408704779528404,-0.007943228080384834,0.21080073825246126,0.4252320055314365,-0.17716471393451028,-0.10349824301500776,0.614000891831487,-0.3740766265111226,0.1662696235729979,0.08248987855146406,0.5534912658635998,-0.25906336223252313,-0.1362251655578799,-0.21443594347918404,0.35221470835595436,0.17718410530552087,0.33709577406269553,0.37031282587012315,-0.340753089148748,-0.3871830054838694,-0.21280095949377476,-0.014617579792460589,0.14634703386682335,-0.4574655146729203,-0.6825255680485736,-0.234763223996723,-0.08652345243664894,0.15269542878928677,0.2836152947872026,-0.5779956590362323,0.028796874985090648,0.23172257277722697,0.1936657587210744,0.35455494508972507,0.32179775943107436,-0.0822214783176003,0.35715845904785626,-0.20061653617972874,0.23284549968198398,-0.2817760899722066,0.0023233415127998924,0.18529235791135978,0.16312227612757524,0.13253660967322645,-0.13817017912756802,-0.3367471723358819,-0.4981367751644292,-0.43067760917072295,0.20789468784192944,-0.1482255493738378,-0.26103275356191924,-0.519590377624819,-0.021007483333384647,-0.2552864502443293,0.09517023398167856,0.28402428249213085,-0.006086770503041405,0.11632503421899054,0.625919449382112,0.2995762860943527,0.11795575102943101,0.10244947959190687,0.08801810487002948,0.0026868088145575175,1.0,-0.27472289309847353,0.17496339369199587,-0.13733494764964704,0.3862236810421633,0.4575875100953386,-0.11012255898771017,-0.1560107068836747,-0.07561191399340528,-0.34616671100672725,0.23742987456123865,0.11951213203619793,0.126075945233327,-0.5777972906507562,0.11033278149702663,-0.38910180888347146,-0.22507859335807878,0.39440232982386547,-0.020672765203136656,-0.2775411574795803,-0.06911414357999024,-0.2810341612499463,0.38482333578309924,-0.5299760998446021,-0.11298702584114007,5.569026467988625e-05,-0.3935518225544272,0.46534338820234167,-0.46220135471974366,-0.3550995999487476,-0.28769132592280666,0.03019213657181119,0.4128827545018141,-0.15008510392991115,0.17636876901251541,0.2182827097299217,-0.0189409958669029,0.03353178567249082,0.256466022884938,-0.06375858700241932,0.3914236415842388,-0.1746850531577484,0.050979932438612985,-0.38973866827141723,0.6615757198924137,0.42351826181100405,0.677969538592439,-0.3731939861849076,0.5596819191761607,-0.5153275491283478,0.20021045230369094,-0.46929781893717926,-0.13302300872884265,-0.5021339337248898,0.23119739181348586,-0.5740519643011581,0.1921031639436851,0.1259943819769367,0.06732955365818927,-0.259116486652502,0.019942289568294802,-0.1715684487988689,-0.42606628073984365,0.10027600454967411,0.0021390692440342862,-0.5399370932217091,-0.3041820589536899,-0.2214510991966201,0.3938704355496747,-0.14635817442641885,-0.23434453775013053,0.47739939860049585,0.1952247416243299,0.28436844931140937,0.48830916910988154,0.3940485150450983,0.07371208261458007,-0.1816228450922348,-0.3297164464051625
KEN,0.4790411604038489,-0.44502692404316435,-0.5804522832386318,-0.2696799041179636,-0.3891244624058152,-0.6479830555395001,-0.7952522783984144,-0.17297985967137608,-0.7695019358260464,0.8844514618250136,0.8696662157983966,0.7204472017501443,-0.7479225497912925,-0.6613333611874341,-0.5457048797596253,-0.588962878743299,-0.287792024281033,0.006774173515571524,0.5364985081884202,-0.10617921621554527,-0.648767247212586,0.29901580753715185,0.053161060979715735,0.7477315128466643,-0.7510488759579999,-0.6724027415382781,-0.7464613867239891,-0.01328257649879605,0.7542911201753651,0.8680829802239749,0.8209653325538077,0.22718547449629,-0.15536103954918445,0.7480241967381667,-0.03405353909739883,-0.5424059197060522,-0.6251859707723098,-0.8265404753738783,-0.6983419170984395,0.1104815205865256,-0.7986777937393157,0.030981069005760697,-0.005957498553581075,0.0871199198299678,0.351470287255928,-0.68052290236816,-0.8292518855736697,0.9054690791624268,-0.8268977791347809,0.15254089653785052,-0.6079151143660275,-0.05336830500192313,-0.6325440669384754,-0.3697015478172876,0.8077281729739949,0.8174316905578857,0.6565521857722733,0.8249070820296379,0.1490535862890966,-0.5877393011030052,0.7954498532517263,0.6704375359643282,-0.7371349763639614,0.6674888494304669,-0.7987734395627384,0.4485106627699318,0.6703639678387617,-0.8135859706644437,-0.19445754883266697,0.1522432930150861,-0.8001385540780979,-0.678885393094077,-0.624972368440277,-0.5267321015738751,-0.27472289309847353,1.0,0.34396121542623037,0.6683375074045479,-0.7056858388243925,-0.3901745422228744,-0.4615037684568899,-0.15129038551468565,0.39081684971543484,0.3391505412395466,-0.7157887840892068,-0.6338896052411851,-0.7166310266054143,0.10375890439810109,-0.03109757521756129,0.9539828056994578,-0.03591197211898134,-0.20528420220474275,-0.679382873572751,0.8952424108511807,-0.7522456440686454,-0.6168853589358525,0.06256457203133481,0.857857941371605,0.5695771765200688,-0.42005779773502416,0.8928846352354225,-0.44324293625081057,0.3598376585976978,0.8739562971814488,0.5008227866206245,-0.7278849285192548,-0.7475959409273396,0.6162765967662083,-0.7130207058510516,-0.1013763800359484,0.8755825997259921,-0.12312358825062364,0.1123967681198309,0.696352534337468,-0.7539332132667123,-0.657757872739869,0.21949988797244024,-0.08100571094465647,-0.5453363446196116,-0.5017515418974017,-0.3901991932749329,0.8290056438762844,-0.39637661158877924,0.8587677023007293,-0.6505288417429589,0.6072013732349719,0.8630708478205075,0.23378998179861266,-0.6625276540507912,0.3328528959728142,-0.8137658525129521,-0.7971153544233687,-0.789980025521325,0.3324043437827271,0.39450964116315357,0.8261698355308283,0.8761458132515103,0.012045828893781696,0.562563761557704,0.39219590771251434,0.18070218377897584,-0.46708865063685523,-0.2357545138021777,0.9093751371788034,0.8011273364847127,-0.4530175664508933,-0.4750287448815307,-0.4496189963960593,0.32755989760104853,0.33256195309953007,-0.05069325162244076,0.7829913913465986,0.6883017256759653
KGZ,0.22569281614810688,-0.07893873212299507,-0.1743619227920279,-0.1384950353129919,0.05031450116889191,-0.4647975137859368,-0.3217956452051105,0.2872756997493775,-0.34896794068972237,0.11921704806246236,0.2690590849471943,0.10915923800508431,-0.2047380815319646,-0.10189706803028087,-0.5120976091022542,-0.1581903828441127,0.43291968058781705,0.21958547827621322,0.49429560139227013,-0.45393446511335966,-0.031802430816001204,0.3748080885483711,0.15767555669726674,0.16060741750567742,-0.43469382708359605,-0.4215531733821529,-0.5039703227106305,-0.08083090156811079,0.12571396830238146,0.07401178986877921,0.3483963836411521,0.17601448673630782,-0.4446039054143225,0.15437078587151687,-0.15299607657134295,-0.39583686429737575,-0.3089789536313443,-0.34357286581973523,-0.3450385989734075,-0.04455512774412829,-0.42708955599540266,-0.3173066594008733,0.09221641842634365,0.1327835288533118,0.09653810633234938,-0.6504612725982746,-0.038129720981371795,0.34812060584931903,-0.3551488148495856,0.5466894975779896,-0.5259658238005884,0.007427191382770704,-0.4787534732420409,0.19795181867474,0.4585218537570035,0.33278423997318785,-0.050439140906907154,0.30228038450306116,0.08886860495229487,-0.5065799338521226,0.07732768629298903,0.4282885268076102,-0.2812004462125146,-0.02797749402476768,-0.1427192487058746,0.08300081201843734,0.136468056733012,-0.2858040737907137,0.01622021566806575,0.2550871418068139,-0.2193812182853785,-0.461431902553628,-0.5324771490839473,-0.6551010617991047,0.17496339369199587,0.34396121542623037,1.0,0.27702215168178945,-0.38216628314113077,-0.17461199640953562,-0.4050254260422983,-0.08108521292044801,0.22542747201228286,0.31715008493364494,0.009880032635964375,-0.24216623219687294,-0.06961786152086713,-0.4071388924112296,0.6026372166130826,0.3713123273140032,0.14021974811394133,-0.4430918065044265,-0.11208208503715067,0.3135791398310883,-0.27541839026713655,-0.22329428430813358,0.4061399367526102,0.28320387706033734,0.28552230119341027,0.013274959566443978,0.4018150126293727,0.06165242140879046,0.09833596475050255,0.31217201017969,0.6096061493591522,-0.39170652217390933,-0.2865083413755105,0.12083439247114436,-0.3758399010863731,-0.08460198766434468,0.2680930016357097,-0.010968809263434354,-0.1301006876467632,0.06344279715322187,-0.22314434051808218,-0.5564389184922589,0.2185156070841534,-0.026581912045487988,-0.08315955956250898,-0.05766815498576783,-0.0771055818562385,0.20779041795378972,-0.07757123072154437,0.0956871014339542,-0.29529952671354676,0.4269099008254028,0.24826699759879112,0.06820384752512254,-0.029658318924307814,0.13335001575279282,-0.16082507815641822,-0.15340137822658106,-0.4390209298805283,0.17718608673195912,0.0029159466164678793,0.3283623415595216,0.2520087861130109,0.26158194453308614,0.7685796520805349,0.4493077152702347,0.35595576305559173,-0.2515750206951701,-0.2991030346174919,0.3369856276895149,0.24013076137810196,0.24003117003990793,-0.2866912194427884,-0.5721744582746779,0.46110630346432646,0.592798091343163,-0.3941329813976129,0.24675492618717487,0.2938212130742581
KHM,0.2626120588722174,0.00047534980969754503,-0.13372540095219776,-0.4603463671169752,-0.26383266553793194,-0.651537233344937,-0.5969507217559138,0.06810020526797667,-0.6565823459765259,0.7014457297323087,0.6980014188714923,0.7236054581247606,-0.5472559936270629,-0.35481303486704086,-0.5193684123118427,-0.5453032801438651,-0.14809078289748578,-0.07668464402293207,0.5631533682366904,-0.39331228148615693,-0.3356662677063216,0.49284011288716323,-0.1910283499589307,0.6141195574217279,-0.7242067487954711,-0.42027960919758867,-0.46576690497845474,0.21432429331080294,0.5555969690255163,0.6100751243641057,0.6263682790520664,0.24825147793089253,-0.23178835348684435,0.5640449619413214,-0.12268165910386752,-0.4105818052639527,-0.553087331524146,-0.5639616754520058,-0.6266720148622396,-0.027286993866891374,-0.7329782921170724,0.01189222125787781,-0.09230492123295275,0.3204354267102949,0.14078228442180418,-0.6952050597780963,-0.6104593297301253,0.722626840730493,-0.7227334121953195,0.09011270599486965,-0.7059022982777914,0.05595933941503184,-0.715315038461033,-0.43548667454668055,0.671154279079369,0.6378823075002311,0.40049198109817497,0.6040334847086247,0.3689631817126917,-0.6980226167083159,0.7521260113977414,0.650430679830819,-0.7309569857253679,0.5510835988212809,-0.620195449545752,0.5188694138015214,0.5255258682885687,-0.6403573346123426,-0.2601715774936255,0.08261639478372218,-0.6762486637939431,-0.6971821385887251,-0.6390836790932197,-0.5166859172626137,-0.13733494764964704,0.6683375074045479,0.27702215168178945,1.0,-0.3926726999383978,-0.08078114722719443,-0.44259674598649457,-0.39096885630755107,0.47641307808863886,0.1702049194011519,-0.599976965009239,-0.43667839062134206,-0.6578807535474205,0.17485493183295253,0.05499154122208627,0.688771288286127,-0.013031106887368749,-0.20309733184957124,-0.5992169159138476,0.6825724080559453,-0.5469786159586689,-0.5762416290759207,0.2652751324254792,0.6158963438052683,0.6206304976723548,-0.2370397169012466,0.48414476513005944,0.017618408445457923,0.14604201429868346,0.6824810344850496,0.5268073982630624,-0.6098302935245565,-0.5692284220608617,0.4254784306595687,-0.6984529261708992,0.08004595191934516,0.6223882835197675,0.027454325633573196,0.27515154142232245,0.7133867713762063,-0.6234310730098986,-0.606451793823815,0.5347893592494339,-0.39089605806978645,-0.15032395832900258,-0.2331034313964735,-0.531437830873402,0.5359185502797024,-0.18941244791529543,0.6319401040965821,-0.26374696600037395,0.6409186464513474,0.6891753923138978,0.289375089494037,-0.7173462396368273,-0.008350780770988386,-0.6179314197417209,-0.5849722199360896,-0.7195262071957864,0.09830442495880853,0.5246105101064809,0.7188539223531486,0.7577827946967322,0.3721895022968116,0.42152691883341187,0.030510744502991072,0.2312091629830062,-0.46881905889679687,-0.10306801491586182,0.7987318793964969,0.7170588512551719,-0.451248353745517,-0.41344787016449125,-0.6157956731707168,0.24031956358181494,0.6218362684569313,-0.47854078422477464,0.568460058599481,0.39570541912129586
KOR,-0.6719002495102222,0.22306892018982416,0.6976397309034579,0.31652452479989734,0.11645276536483407,0.7792869557573919,0.8808848700213908,0.1547444194110421,0.7655435604188868,-0.7372822939945571,-0.7947079492494011,-0.3595294384933232,0.5942368280886839,0.668210506685519,0.3921002651063874,0.2596916082688866,0.21528111117633986,-0.3056258054917742,-0.32645838436814434,0.2609389082343795,0.3891004154183537,-0.4863062724858285,-0.4849492554063439,-0.7061667591890388,0.8460548265304133,0.8469506199304163,0.834779107273811,0.29757296437610226,-0.70500009195983,-0.6998903978738606,-0.6798960004034826,-0.47025156384973954,0.23741764974429913,-0.7543872557116382,-0.3274112969062861,0.3162259634171867,0.5374367124709953,0.8772015899527549,0.8493959514897712,-0.3878153344024504,0.7607736954264369,0.09334416701374859,-0.191880296217394,0.2528224140690194,-0.27354055225025475,0.6527694927774131,0.6375388167348717,-0.7050967864837181,0.7949591906504913,-0.3418932384261546,0.7076137551779258,-0.2885058248744137,0.7593375538896201,0.061301943398829106,-0.7025343392896981,-0.8188127529480951,-0.7205287149115125,-0.8406025127623342,-0.3283639554932143,0.4788759599377077,-0.521823223504055,-0.6127402317948025,0.5601552362392063,-0.6708385050926986,0.7205065847302577,-0.1135536701595039,-0.356077536343971,0.6657460634699787,0.1378574192808364,-0.2907592030364421,0.6229679502253165,0.682776719340671,0.7395031084362963,0.7667685937171224,0.3862236810421633,-0.7056858388243925,-0.38216628314113077,-0.3926726999383978,1.0,0.41139623339756826,0.45494072219657644,-0.022888921432344445,-0.17762379180275412,-0.6580027862930722,0.5130768415005978,0.5903790258706361,0.4980194571793495,-0.008661847217743768,0.10100293843244967,-0.7729611126796108,-0.22890120044559392,0.5854638624606727,0.26781350721068664,-0.7646733040723446,0.5917452198105775,0.2702161042080069,-0.10266237542495782,-0.7389707043225102,-0.72428509416156,0.27173992715614503,-0.8561710221720213,0.7303219100959772,-0.7277496813059647,-0.6582487656993374,-0.5672518358932899,0.8103167217624999,0.8204049314791558,-0.6153210239556646,0.724253498303866,0.0896104695173513,-0.485121041326821,0.24894080194515833,0.2556244324133954,-0.23226156219864946,0.828750864471709,0.6117684274720361,-0.13273914549866417,-0.2909645457526373,0.5969276840363243,0.5933474192127961,0.5364453089033904,-0.8360194494496749,0.37425955093460406,-0.706554067458995,0.7485343724671017,-0.6122633909380228,-0.7824375382622963,-0.22392258675779408,0.32613333279148693,-0.729134877842224,0.6997220727020022,0.7049558293739434,0.7912473923863536,-0.6742611856213854,-0.43502934298075036,-0.6641987577024528,-0.711298268355486,0.41209749340805735,-0.5990558478168873,-0.5671921886241071,-0.20943674682025915,0.11583224081684917,0.2952179237321654,-0.7150145288725749,-0.7057103708176018,0.4580815825154232,0.3937328901468664,0.6670905937073306,-0.18536455417592945,0.04178803134742071,-0.059635301176261146,-0.792974280168365,-0.6084790737082919
KWT,0.15928222952595705,-0.22612496320111175,0.8721102493426245,0.234711624778297,-0.3907881287491308,0.41386257863523834,0.25186772857566797,0.42650355351245306,0.32296062308116813,-0.28275279046606805,-0.24751416735445986,-0.3853744567970352,-0.0516407391165854,0.32788373840063345,-0.06539135996795808,-0.3773340069120519,0.24771684613175182,-0.2442065764443424,0.16424025908547368,-0.01876026674585307,0.7456598138070886,-0.003388774232858438,0.05928963741842952,-0.3653077017079214,0.3196996755898871,0.25603416568715354,0.35476776453134884,0.24362081023398463,-0.34679828744345076,-0.29486675839725685,-0.16079875062287208,0.20767355757400918,0.014306820662599917,-0.5054534695797042,-0.4630925705162665,0.05189484032349234,0.08667830580146585,0.2199307118807069,0.016431382568324326,-0.3075993267827377,0.1825395834461525,0.03947621438144189,0.3682792284626336,0.32299060309997496,-0.06418311183614267,-0.02078664651229878,0.13431266106783912,-0.3403543943993923,0.24977905085723684,-0.46720719149431567,0.0171603409302995,0.4801016653969097,0.13895477390735644,-0.4925709574007997,-0.2182341663599654,-0.24415409985058112,-0.36360083961768686,-0.3657549021598323,0.5465890918680804,-0.128099853465375,-0.16518592683361488,-0.20363403936388602,-0.17103502852346697,-0.48966940580856333,-0.008115793617268219,-0.039848962689838396,-0.320852129902256,0.1474957518758807,0.3198608026840566,0.5029436912188936,0.2262073805742576,0.2936921827842228,0.05582504259852983,0.051224053894137644,0.4575875100953386,-0.3901745422228744,-0.17461199640953562,-0.08078114722719443,0.41139623339756826,1.0,-0.02624668387561746,-0.07385543763391822,-0.3487073253321975,-0.22457956006635804,-0.17693221658727287,0.33711874287421506,-0.23845322675572178,-0.2959955851185363,-0.3743944269905366,-0.37143335077211614,0.03246003405474118,0.28567456245950007,-0.2801873749356867,-0.1755143320939141,0.17057237267829484,-0.2796629395210959,0.1967308003221373,-0.41702740307954,0.10008141371651091,-0.26597513460948274,-0.42036999500220373,0.5511099258732945,-0.3047326447125709,-0.2176215193448836,-0.4028973436347696,0.2056104591962714,0.5585789808473111,-0.45005594873136934,0.1531004387721231,0.849434134760262,-0.22876278086799573,0.05896286108598181,0.10215331911651915,-0.16276131492378254,0.09069224475152704,-0.12298838221673103,-0.04034762218576482,-0.11735479509158186,0.701387993999709,-0.026812872432169232,0.20983067036447967,-0.5228442971644869,0.8934735923998836,-0.2682801322946575,0.4462882499945793,-0.08748472815222352,-0.2998111702215511,-0.3740119595843734,-0.17239370148497835,-0.3406368278046352,0.07364109754494463,0.10575640003168774,0.23172341765698623,-0.4298123250237984,0.14676605958713096,-0.08952011617823086,-0.29658348682154667,0.1498030657919338,-0.3839911686783082,-0.3109227758852391,-0.4172087008875631,-0.08512542059082695,0.26854887891753787,-0.2182553585168534,-0.13973844649271028,-0.07944043491567965,0.0661822388188551,0.08777243923431466,-0.12780903775276764,0.10758749898681075,-0.17812971179274584,-0.17601308750405997,-0.4851470239263693
LBN,-0.6385245795455314,0.10954199148492183,0.17102740134934247,0.14156946359936795,0.10706446205681053,0.5097512002807693,0.564166352842147,-0.4087399689113882,0.6907828768049991,-0.40270373846259266,-0.6486178010336618,-0.3238584427121973,0.48898942516131316,0.3376836325304632,0.8248200246888143,0.27872776355863593,-0.08497418530992817,0.2687351305158946,-0.5505433861255564,0.16229482623091807,-0.1454698333205089,-0.5581720532353507,-0.41087863448586637,-0.553354151077984,0.5242025688191447,0.7044839223839514,0.5148919570638685,-0.33151518030152083,-0.38988813077067963,-0.4268961803529927,-0.5962650952727169,-0.5997429333081086,-0.006911142529387293,-0.19527557972139942,0.41303331599768167,0.653507827649539,0.7922171476560281,0.4702357329699409,0.48777561536537617,0.3218482449514619,0.6638462050013584,0.4085006800290826,-0.4428164971878663,-0.24380091816808358,-0.446598719719685,0.6141507679135674,0.46561033603925606,-0.4572016879523799,0.5138662485976565,0.1574209304233689,0.6441455548936714,-0.45094340163551805,0.660895444457523,0.3352957893137537,-0.5758850549650631,-0.633763771367877,-0.0513786852199809,-0.4327106529571436,-0.5537919535643396,0.681323821972999,-0.23872155859290345,-0.23693799599953347,0.5030974169115165,-0.3165748917114546,0.5007868163903275,-0.5650582438639424,-0.5418213404145948,0.6226177307850307,-0.1893434199691344,-0.6239982238437252,0.5837282468348822,0.682840922750948,0.5766696024736259,0.5130931470808822,-0.11012255898771017,-0.4615037684568899,-0.4050254260422983,-0.44259674598649457,0.45494072219657644,-0.02624668387561746,1.0,0.092596108015507,-0.43857556953454857,-0.504500671846329,0.3615634500700835,0.7608005909389337,0.5217313374759222,-0.026903943106481476,0.0339816645415022,-0.48045287606045495,0.3923277278535011,0.31847189545507226,0.3994517758821112,-0.6144947558288372,0.8047454571594662,0.585801253104777,-0.2863533035666257,-0.45704941149463485,-0.6128980040292058,0.4831636098720673,-0.5668586374453142,0.12232313102202785,-0.42472847011495496,-0.5603345685834755,-0.29356029422895236,0.683582742165777,0.33679189300747114,-0.20142879782741852,0.6582475306305944,-0.12473073879867247,-0.40886398041357164,0.5531176874115085,-0.1590657162351694,-0.3345347209873717,0.3324495288657644,0.6374156447480106,-0.23756875007966993,0.24254115093968787,-0.00321124617212476,-0.10785079782356943,0.08405524059768332,-0.5020898162183032,-0.230894121469563,-0.375109234403167,0.666684771855527,-0.41917968422932383,-0.4496730974829728,0.08278433974352384,0.22007821637614655,0.12323400699319687,0.4532043160049386,0.4786671668344451,0.6066365696634917,-0.5059882049521107,-0.4748909885173551,-0.7079532376693054,-0.4201047117939707,-0.11119286250867488,-0.47262389226025725,-0.20481329153478445,-0.07504230529163403,0.36559885781967405,0.059101136645055896,-0.6377478831134105,-0.6277175955486922,0.1908567920650991,0.5524331022731757,0.5461704676585694,-0.2934658144882383,-0.41578136321129944,0.059023131034078635,-0.5483867925583881,-0.42352490005171295
LBY,0.15193610276664116,-0.09682233661489636,-0.09469779970524628,0.05540314267411228,-0.01875443110267283,0.1436934853710521,0.06369686155526799,0.2185380348923237,0.1288147843655052,-0.11754979003758104,-0.14932910553636924,-0.2859891781007231,0.21351228304877345,0.1354848656958706,0.04860932276695418,0.23789324792263955,0.08722248824935519,0.2047149478529422,-0.1165884784767397,0.11431779692352484,0.16915066091364872,-0.15796275631183354,0.17291142118617642,-0.11535445145436629,0.1233982290662059,-0.01376908393817633,-0.10943394150302832,-0.255246103648783,0.154867962158574,-0.08133421439643618,0.06504284633485657,0.14562900377332666,-0.09095478758263176,-0.178105634233924,0.03796460131014334,-0.029404482469530313,0.1398253122220927,0.10813174278915216,0.06439889825121503,-0.03636573374033181,0.15219447230799932,-0.004449666573475897,0.28613150517405705,-0.4412143937791342,0.10744754203442186,0.22094085302109567,-0.04896464097117548,-0.32759009874560197,0.1306603064202987,0.04406081028455344,0.10981740724273548,0.017649504746621303,0.1542617874763822,-0.13490384937736177,-0.45608253732413817,-0.07070429461035777,0.20760723480085141,-0.20465210057649696,-0.07080647425574749,0.5113394422440533,-0.1666890894270061,-0.04969458935010285,0.26434266073023527,-0.16109171546743317,0.14132236489245886,-0.1965296556084195,-0.11999899363571553,0.12858667210197583,0.24248318034678218,0.05951030915282496,0.16724988157350562,0.006985186233067875,0.1844861091176213,0.1086655687619017,-0.1560107068836747,-0.15129038551468565,-0.08108521292044801,-0.39096885630755107,-0.022888921432344445,-0.07385543763391822,0.092596108015507,1.0,-0.37720023154603766,0.1066512321861034,0.03369667208198868,0.029531049089959516,0.12364707137767761,-0.20372743424744444,-0.185788890026779,-0.03228857538575114,-0.2100869121996447,0.0429123026754602,0.1607922016160308,-0.06095232620180413,0.1186404222770161,0.07379680888389306,-0.5291871803550423,-0.17907274648003169,-0.04191311954892196,-0.06602092483718924,-0.026266257663163373,-0.15963548474522948,0.053914484299494636,-0.0735618301074108,-0.19786726439043734,0.08978719726575679,0.15570425220850104,-0.04426204600924355,0.11412224014806904,0.001912492295566448,-0.0867666233495148,-0.47210451614446836,-0.21172894858249913,-0.24693898362728728,0.01651230238135304,0.2345402994223018,-0.21387938689834263,-0.12912848239889074,-0.14634969549073906,0.005552622743176139,0.15179162727034157,-0.19101198978320233,-0.11726313372039976,0.014999058664463827,-0.12811494834373494,-0.21811453634355593,-0.23410963690554443,0.03128284107700341,0.3899499155323016,0.15268030334729144,0.105936927582018,0.16034577066648903,0.091739225942431,0.17840984632162837,-0.04107910811046134,-0.10239658201149604,-0.21070941180607394,0.002533246373435105,-0.252310977563702,0.09692231912730787,-0.21305062537291075,0.5319133128758068,-0.43255758925948595,-0.25897977678562456,-0.26950514712497475,0.06076820343988776,-0.015825349798104238,0.11823896016292101,-0.2570079744953646,-0.2733020650449953,0.24172353657300538,-0.09462423975812673,-0.3921155110371821
LKA,-0.11654047078288876,0.1914822233075002,-0.3257446242404185,-0.13152798944211752,0.07858929669258463,-0.2107768215317387,-0.1682151424762961,-0.10105862908886776,-0.4055994312471969,0.20112197698293555,0.27675073600614,0.5351313485670439,-0.254152699151847,-0.3965246558179114,-0.3104277269661617,-0.045363372530738744,-0.17087129822190938,-0.06989398487853626,0.029095176673527234,0.028261584893091385,-0.35681305197331303,0.2411078266337503,-0.12551411836390058,0.21138443203210677,-0.2076730652536085,-0.16942879115288512,-0.1996798123777752,0.3858054912089457,0.01853718761195633,0.2060629631171862,0.1521529511007914,-0.1344458045568031,0.13630804663565832,0.31064386877533035,-0.08419951136534909,0.0038274964297705383,-0.22208389769272463,-0.209574504727156,-0.08991401431263535,-0.28813430873248236,-0.33228670239048963,-0.19130524443764574,-0.0966956473752083,0.3292243322486318,0.19378825561898472,-0.15844697999078083,-0.27483558490757853,0.3708255501908765,-0.21382330413430917,0.013807084400462188,-0.13838757739433616,-0.29709119645580295,-0.20491776980509635,0.10930177017363207,0.28976235686603924,0.15401949105942547,-0.04941973008775036,0.21339343448936643,-0.06484984770929181,-0.25166019997901534,0.34140000695013173,0.16565087116408916,-0.08462323050094311,0.27478061942925314,-0.2687803701223155,0.43801727900149556,0.4408138687768366,-0.322773217474287,-0.0011429424177336056,-0.0991135529539946,-0.38885264218815063,-0.2768788075695574,-0.027722498939271478,-0.0005706748523202076,-0.07561191399340528,0.39081684971543484,0.22542747201228286,0.47641307808863886,-0.17762379180275412,-0.3487073253321975,-0.43857556953454857,-0.37720023154603766,1.0,0.052863048284348846,-0.1567274299496495,-0.43664292540221505,-0.21481855230258584,0.0748774266161879,0.3524895445258557,0.33272425783674453,-0.09359360295513652,-0.0943345465021781,-0.23081254848426824,0.2739270214787317,-0.45776779984733507,-0.11530430312325413,0.07719328179838447,0.2289045120865425,0.06958191603460495,0.036655375664392364,0.35292848491503004,-0.1969940055789312,0.049621006389525824,0.26766908097250797,0.26083380857866034,-0.32238395867400294,-0.23735705397457707,0.1744348974037282,-0.2443170690116614,-0.2154252026517296,0.35969087810271627,-0.04127868350651731,0.22968037537225994,0.523610352892568,-0.021743527680200936,-0.09599335501248185,0.20984191952980713,-0.20195249679818894,-0.24481178332178377,0.20899685088318876,-0.09213254710415653,0.41387637820713286,-0.23115808947784622,0.1934279574417852,-0.3617345470797415,0.33698438293170485,0.21830194297315564,0.22265673294793498,-0.15208338569344426,-0.2056011474597872,-0.22620941227818947,-0.14288475646044496,-0.2561057764503838,0.06566210676901407,0.27349958311441225,0.2283757759241697,0.2469014099864083,0.2646464779549563,0.42750021383158066,0.05580965597694054,0.3910972854824839,-0.4283077219747322,0.11206065486313388,0.4193991594675306,0.4870816123238817,-0.076304335151127,-0.25290387555269156,-0.07630511693258724,0.3081349802326425,0.34053604053159736,-0.16836744628956013,0.1976486135630109,0.3469726122464445
LSO,0.5960862923456127,-0.2918452465121115,-0.4617222057286152,-0.5334895208009431,-0.24430561669561524,-0.6458177003721535,-0.4982911855519361,-0.15286457214815297,-0.3467052588271313,0.3482251146810651,0.5396330365082902,-0.06147692558118778,-0.22030411699117014,-0.38117335249359896,-0.2669772534459538,-0.03747394832170081,-0.10676247014342932,0.2167040665277873,0.14290857705379134,-0.41231413096564107,-0.10656312738786111,0.5263467292653022,0.783581922261017,0.32878142230124063,-0.53989371980339,-0.5952441145932745,-0.748280654056876,-0.1791334206888262,0.34349854615427167,0.3945122708756761,0.476532885221884,0.48934247932268593,-0.45006345633272904,0.25665503248800936,0.3099191754068009,-0.38769056196131624,-0.36986958696436933,-0.39541029471853273,-0.5191384842860924,0.5226221743840627,-0.38263614192713247,-0.5322499553028694,0.11283521311071598,-0.4411583442212914,-0.10366697349862353,-0.4527705570690035,-0.2523398055635624,0.28947630770296295,-0.4527138867597167,0.3286178684449885,-0.49350908324079645,0.287126754056918,-0.5202671672286936,-0.08867666865028312,0.44388898492245654,0.6344073205542352,0.2380251495148189,0.46360761002516926,0.4271144722942981,-0.3785026662478941,0.05003263794075041,0.4787823022202782,-0.2793657994940597,0.2400150940954211,-0.26056431742944297,-0.12707855040222782,0.13923235659881072,-0.2747737783406301,-0.24293581814544485,0.2703243918169105,-0.39874499278183073,-0.497397220843077,-0.5639707359659338,-0.5631783797319305,-0.34616671100672725,0.3391505412395466,0.31715008493364494,0.1702049194011519,-0.6580027862930722,-0.22457956006635804,-0.504500671846329,0.1066512321861034,0.052863048284348846,1.0,-0.1737627487926927,-0.31687896481927247,-0.2030635620703105,0.06373961592768884,-0.07376637700704891,0.40427830900522954,0.16274611336289602,-0.6170326598288882,-0.08365964699578932,0.46295715737521337,-0.3068388127383417,-0.08599363489013556,0.13301655728147344,0.5702423196627573,0.47630576958435966,-0.15776227611925098,0.5898860525128766,-0.45681174247330825,0.8898750521561256,0.38496732492602315,0.25725898287282367,-0.4016384894182017,-0.5389113892882065,0.05853910801944584,-0.6069293683396673,-0.0266344678164554,0.027876048024617517,-0.20441645772304118,-0.47309864862554796,-0.03067842174598545,-0.4472925690303231,-0.39782439802144554,-0.2986923820443994,0.17138783803560353,-0.3994496712250122,-0.3808887746734453,-0.3694308570051994,0.4236847811355695,-0.153009842180301,0.3914044938453417,-0.4413885670642719,0.4993379282261188,0.3308114597391246,0.10008048709216166,-0.13841024008207925,0.5279664166599203,-0.21155945826846123,-0.3066219019754586,-0.4518058994949734,0.7873639154354652,0.13513716950310073,0.4405024289096101,0.46095604887735386,-0.20557486012228043,0.255543668524453,0.6613482914626708,0.11621586784901683,-0.04335304262073181,-0.37774759244995404,0.3594615907732115,0.4806854773740137,-0.24499315966516,-0.6521004799202061,-0.574993411968113,-0.25507312110253033,-0.1411682107591128,0.2931634794970819,0.5437381763093617,0.6515705542533647
LTU,-0.5620561521982106,0.4174783327110354,0.16183468558412673,0.1815865053566592,0.6148200020434632,0.35539485841333707,0.683575175003465,0.0248852955222455,0.5672224269344376,-0.8169360208965211,-0.745228244891627,-0.4420909165808853,0.8518281950393498,0.6499218656344834,0.4255078237156936,0.7495492283490622,0.4584599909399857,0.07152978234135443,-0.42708713365374296,0.010460604983333788,0.2951403271190163,-0.1996936430327676,-0.010393842189521996,-0.5584706482077328,0.5364319832777423,0.5165868614725689,0.5293880281339879,-0.1468688726741183,-0.6734844010011913,-0.7764988034035789,-0.727931607833558,-0.3376414553488776,0.10002276547362676,-0.5577183800160466,0.18922943643477996,0.30868624955717294,0.4726142796058683,0.6995045960246389,0.7614199053812559,0.05422255733639958,0.6391191410189455,-0.07767683780197854,-0.2836400415429723,-0.0988018258638117,-0.3832702811540689,0.509972912966449,0.8896871200844418,-0.6806842399273438,0.6634932006769383,0.2734240859107737,0.5078358598283382,-0.2377939872820991,0.4909759703611307,0.7457146669179204,-0.5318678950298268,-0.6440842916177292,-0.67649957225452,-0.6425645706562029,-0.47484134645893694,0.4293179481214535,-0.7147478574321271,-0.5302813179741277,0.7659023531125347,-0.4469212936076319,0.8590426176506818,-0.38300302302732625,-0.4701794969710409,0.7288937116315534,0.03431169018057667,-0.39855337065413043,0.6508802909529151,0.4183922723237814,0.48547551216350826,0.3570650079157158,0.23742987456123865,-0.7157887840892068,0.009880032635964375,-0.599976965009239,0.5130768415005978,-0.17693221658727287,0.3615634500700835,0.03369667208198868,-0.1567274299496495,-0.1737627487926927,1.0,0.44209666523243873,0.9617599658684565,-0.15437350373707748,0.4728409537534619,-0.7726479685820609,-0.015107712575909593,0.03866661482499356,0.800909024128339,-0.8256872418655821,0.62933672798441,0.6756334293102685,0.13126365384937222,-0.6368496169346232,-0.6462174825712892,0.6506494111836342,-0.654991767139609,0.2511719592357511,-0.21847086166422214,-0.7767641506121827,-0.1353555408650875,0.5771259864095346,0.4542516549121707,-0.38546343879384604,0.5515039315939315,-0.5067783208022916,-0.727016908903944,0.28505969616312987,-0.051351651904792295,-0.6501121594155934,0.7772581466476985,0.5698132062045531,-0.1786943206996856,0.006371045446467938,0.3242618831578912,0.6547432428129146,0.42519092715895157,-0.5621417158674964,-0.08174593279014575,-0.8098038274819277,0.461631368452735,-0.6012847918909932,-0.6556494207578383,0.01855609058413099,0.7689467993933072,-0.22500212373385264,0.8318439744694431,0.7569491127062326,0.6134518456605544,-0.04081180625927083,-0.6719275471496153,-0.7374010110322535,-0.7165849357041605,-0.02111845433326187,-0.2622282794237798,-0.18375990011984666,0.11637696505812445,0.2899664913738864,0.02800012541483432,-0.7575724252266927,-0.7890668522160607,0.6983914482305139,0.45260453469523476,0.3102092569425987,-0.1598770357567738,-0.17656464058342913,0.10636775015751987,-0.6671380308136201,-0.25663514522765163
LUX,-0.546972192063043,0.023877579301913254,0.5285323954024316,0.014674352925724943,-0.10625263420849906,0.5642226540146082,0.7556373665899347,-0.20470625387354913,0.8808856970563251,-0.6232194709220682,-0.7572145801863011,-0.6266056695448361,0.5895965307668392,0.47581666970868874,0.7325088610061373,0.21400173801572642,0.16837462419911353,0.3601590205338606,-0.48216702609573914,-0.1773491523919981,0.2829713769746378,-0.374688306601378,-0.18839337899463837,-0.7816873563650097,0.629446237735967,0.7999210374523366,0.42047708020722874,-0.32425046607254426,-0.5970047698216385,-0.6690285608528355,-0.696092756640061,-0.44206023717967113,-0.3532048768292735,-0.45319233303664497,0.2348753743151567,0.4788240794823022,0.8798137212917367,0.6566028394869681,0.5008562506188905,0.22787506207580976,0.7848373676662481,-0.030984026884591787,-0.46003688793964104,-0.32304545074843194,-0.6507929164465382,0.48831291151136136,0.7104872274603957,-0.6154121220595434,0.7076251719292255,0.20664615010025333,0.5792389634056238,-0.26901962937521673,0.658533759412344,0.19366196252995893,-0.6501096186825215,-0.7185512202978379,-0.3670357585683095,-0.580351073403806,-0.20844433662070028,0.5447125133878374,-0.5188858695676142,-0.29134324260015565,0.5322792510371299,-0.6816902991283649,0.6416475483689916,-0.7467801110822694,-0.7602992382572586,0.8168840196948908,-0.23352130441222263,-0.4677097744732992,0.7434417858122173,0.7228372982263165,0.5125334504820523,0.3753488968654002,0.11951213203619793,-0.6338896052411851,-0.24216623219687294,-0.43667839062134206,0.5903790258706361,0.33711874287421506,0.7608005909389337,0.029531049089959516,-0.43664292540221505,-0.31687896481927247,0.44209666523243873,1.0,0.5431384631408026,-0.28136528038366126,0.09177707719272277,-0.6501199259371941,0.5190902595579232,0.07842477683411375,0.38511389217679204,-0.6925823320858169,0.8971838268817534,0.5769959681209386,-0.05976702859734506,-0.5978159606606903,-0.5576749625945374,0.4881226258722309,-0.6778923024316894,0.3899090744416467,-0.3291529470828056,-0.6517543271260182,-0.39086464681523836,0.8108165894822318,0.6133638539550098,-0.5936810698318569,0.659177252902076,0.21234225468713508,-0.665825046883608,0.6163277851784693,-0.3797373935077786,-0.535611050198695,0.45087810464343914,0.5499813185931784,-0.4447880846890768,0.02656405114672089,0.29954500565149234,-0.02347606952466652,0.15628348011191784,-0.73593649055173,0.15022351021660907,-0.5977301960663655,0.8576386820248929,-0.26506133639964213,-0.6642908418908204,-0.2304391390950591,0.2343782006662718,0.002358441415280854,0.672099264138209,0.7245397885956377,0.7175183148234631,-0.46638748584867407,-0.5380305751077676,-0.7242157702258392,-0.5634169758976244,0.024012174619238436,-0.5464679819538905,-0.1151276364881173,-0.03981174407460397,0.1602999327439989,-0.06130659643737757,-0.7413955842007423,-0.6604510288886147,0.2159514998804546,0.29354229395403064,0.41895644708765234,-0.44632302722056383,-0.3029329706424644,-0.029690545523769707,-0.642833491261368,-0.47050612084262067
LVA,-0.6486993032064234,0.441341728128948,0.09471097180918864,0.16900989511574904,0.6127689026494427,0.4080554781523993,0.7158257219724113,-0.06380655431356708,0.6311125985596746,-0.794421825631145,-0.7913842475831485,-0.4774663730571116,0.8650243675315872,0.5710132190488934,0.5956745589147187,0.7814947112823367,0.3497522696067026,0.2253166480921025,-0.54042571812816,0.05367300706876521,0.19314801719211316,-0.2918800370424486,-0.07067752636284097,-0.5932653223156146,0.5790172853058557,0.5858103474174937,0.5035811289340991,-0.26209156159042224,-0.6426313704586377,-0.7698743571542344,-0.7756831819679955,-0.44749162641158424,0.0633705954038557,-0.4804185268509995,0.322822013715953,0.43152339423945973,0.6265929826871194,0.7003119502412872,0.7546552229498705,0.12215835747613779,0.7187774293906396,-0.0205295290791625,-0.38924371719460704,-0.2652901699730592,-0.43009592360993976,0.6041788655168646,0.879002344374332,-0.6945584827431202,0.7098611720137252,0.33862517007821613,0.5899191354199049,-0.34888790570801254,0.5817294241327434,0.7728374909975014,-0.6311449756785981,-0.7065188547786387,-0.54428431353945,-0.622485410963113,-0.5752733323141763,0.5907063858033371,-0.7252063465710181,-0.5343438012638317,0.8516953158113103,-0.43918652305773787,0.8834600407154674,-0.5157262339678064,-0.5438065765632845,0.7695866078660951,-0.03307541925702662,-0.5591770649322587,0.718423545522621,0.48623961208424427,0.5560853945334117,0.42149836109059446,0.126075945233327,-0.7166310266054143,-0.06961786152086713,-0.6578807535474205,0.4980194571793495,-0.23845322675572178,0.5217313374759222,0.12364707137767761,-0.21481855230258584,-0.2030635620703105,0.9617599658684565,0.5431384631408026,1.0,-0.13865684045587323,0.47326929528491646,-0.7522102172724003,0.09733592962477422,0.010145252123550996,0.8606925074644821,-0.8440733028744636,0.727864473746447,0.7797020019631026,-0.0378987848383856,-0.6454504670105656,-0.7248853256601531,0.7106049047448371,-0.6427563044820652,0.153759638037821,-0.22804813806216617,-0.7971107587814417,-0.18742459517214272,0.64239131917006,0.46060722036027935,-0.351839827566641,0.6463924815538783,-0.5047680313987626,-0.7364309729071752,0.2946298003326868,-0.16199296737139424,-0.6681898768628309,0.7513616412292827,0.673188797573787,-0.2540094576969911,0.07193520484701532,0.18123325174425775,0.5399743855416194,0.385029537615336,-0.5570991318816567,-0.20913292046308563,-0.7921291644523993,0.47585451900982123,-0.5950356867787403,-0.66785914051619,0.015639089538017625,0.7876224059776281,-0.10461799518223147,0.8483955729139468,0.79145087071698,0.6728584730119176,-0.061560959660651005,-0.7064397731479162,-0.8092054967754398,-0.7239095690870534,-0.09573610841770908,-0.29090537231558433,-0.15041543172879468,0.1251802559485079,0.3748005814270172,-0.025247458931483946,-0.8160589050054758,-0.822592625053715,0.6369657909201155,0.49929111808223925,0.3861994926489509,-0.20138306856915622,-0.294324885497097,0.15102065756657224,-0.7061766122030899,-0.3130514375463638
MAR,-0.06895820657224383,0.30018551624930845,-0.35300795852054145,-0.39326761200582805,0.08231648629346966,-0.23893367926706155,-0.09444642797529768,-0.3983835769299773,-0.1007031896628312,0.3128122552890218,0.3071130027439981,0.163441650112799,-0.21107379766931111,-0.29163519526192316,0.08367517483123255,0.1900679047235263,-0.7105425491649626,-0.20585429619992412,-0.23975852155297073,0.1227523915769515,-0.4258853792872559,0.09071976134187809,-0.20447553015760667,0.2775027994134305,-0.1359051175455701,-0.07188861549780157,0.03137044979661163,0.18657904065241626,0.24780524388706782,0.3339402962902147,0.12218781391593425,-0.03948798746874749,0.19591218890368578,0.22632611770613986,0.19538456529150372,0.036608978613922205,-0.14185677193682378,0.083475226968587,-0.026864981503910146,0.20993412404739276,-0.00618508731626366,-0.12691435222156144,-0.08179869684197483,-0.015646913579984822,0.04916626187815443,0.2522823573232379,-0.2490308991842427,0.15289917607040815,-0.11740695820312341,-0.31109267104198945,0.11941084537693891,-0.12351777500952399,-0.0732202115843954,-0.17459628684052886,0.11413041783561384,0.23924316691041392,0.20050131835193064,0.20443530317911218,-0.19792209875476496,0.044731518873042275,0.13152206899863605,0.12408769464758873,0.03531913706479173,0.29428574857347867,0.02797862477825286,0.1767994315850624,0.3107629942768688,-0.07383289462923348,-0.4531110536046099,-0.19266384543144155,-0.19473756149304244,-0.0620765546587867,0.05591558195249047,0.2619733916160625,-0.5777972906507562,0.10375890439810109,-0.4071388924112296,0.17485493183295253,-0.008661847217743768,-0.2959955851185363,-0.026903943106481476,-0.20372743424744444,0.0748774266161879,0.06373961592768884,-0.15437350373707748,-0.28136528038366126,-0.13865684045587323,1.0,-0.23680296805871315,0.15683495365897127,-0.16294059545071082,-0.010221984423401942,0.08066246390601495,0.1507710806165723,-0.12028414757897021,0.10107196485475245,-0.3347324466833712,0.4316094291619146,-0.020742615709447687,-0.06262390918959104,0.13039901498332795,-0.05694304158536467,0.2026486335015807,0.27969344076111735,-0.03944527420711985,0.04457256748764471,-0.31101994613827966,0.031461743847916446,-0.10599701759824298,-0.2070120876553303,0.04897507225680475,-0.20728537830909133,-0.007842634534147574,0.24136755219091954,-0.03259372310448083,0.24256088153019806,0.14629458322733102,0.1985277715467898,-0.36613974585971665,-0.004634760950300798,-0.4454679687825962,0.28581067748540157,-0.23925867275973212,0.339400842308349,-0.1459702621386112,0.13536376832536579,0.07235837952806035,0.11965412249624441,-0.20330476629778826,-0.05729772386368159,-0.03679791054910053,-0.09858426582528601,0.0011204960700752498,0.11874415607851974,0.06192132843822684,0.17863559484000202,0.30663859122937076,0.08561801703344318,-0.06056964779598473,0.04938871363919195,0.0779348908642038,0.24398275291409144,0.13530940375370926,0.12958160900225324,0.18101881994733593,-0.30633355166802856,-0.21242148987586051,-0.03851499133561198,-0.25738818987364764,-0.15666315190089808,0.0209742882424927,0.0493780234776201,0.27322422085293496
MDA,-0.5491913604925398,0.29428091081110375,-0.15116941454359423,-0.05637075889473664,0.41773195607638725,-0.07429358315532131,0.25057772165328784,0.06480235282936941,0.017146059816688153,-0.2217939340744597,-0.21539778811086308,0.03548516721709294,0.235923000014572,0.24958968527536518,0.05624328008137025,0.29636240649056744,0.30792417365216207,0.2957949050956842,0.10267415782288969,-0.17862608231833832,-0.08314318014850541,0.20968584925220746,-0.23663708029578823,-0.11976206781877563,-0.0037595271397943275,0.12502924162545004,-0.04127588912144864,-0.14376317210535539,-0.27124308788049145,-0.2841544098947235,-0.289102200385265,-0.4563333304018313,-0.22503171490355478,0.07493997402145247,0.1299322040032619,0.027597399307880965,0.20439892724989006,0.16923969231130098,0.2476100823219194,-0.12012877167462355,0.09518960099507301,-0.13607121126572763,-0.4304800926043457,0.12117097475480243,-0.2755739213017243,-0.12604684904577113,0.36390264653313165,-0.019583803508667064,0.14087035472818088,0.6741365530784735,-0.006313076583653876,-0.5157572423352752,-0.013291375038608777,0.5486614198235265,-0.02426028177654782,-0.2035637321702024,-0.32215384042668926,-0.0002467628885827189,-0.4630516065445365,-0.021759369333374634,-0.1658935812275999,-0.025813261510544194,0.32244458654228647,-0.20191113548143802,0.3439011368555627,-0.13595943783077757,-0.17503854036861455,0.08230719774185813,-0.18787564385791788,-0.4379485402576937,0.21455319864686473,-0.08282490048346713,0.03031948576398713,-0.03755297612536124,0.11033278149702663,-0.03109757521756129,0.6026372166130826,0.05499154122208627,0.10100293843244967,-0.3743944269905366,0.0339816645415022,-0.185788890026779,0.3524895445258557,-0.07376637700704891,0.4728409537534619,0.09177707719272277,0.47326929528491646,-0.23680296805871315,1.0,-0.06280601446110534,0.11199077759452214,-0.27015234443063285,0.27243294811438057,-0.167608597107044,0.21651832243661118,0.30021103471173105,0.20658383400428282,-0.08754067088985962,-0.4109084385955204,0.591665775308457,-0.04391223307414305,0.08863974517232398,-0.24576013731948865,-0.0842489092351606,0.308952457040403,0.08957832481449302,0.06764496864578284,-0.05151802899533875,0.15333414629243525,-0.5019657080930426,-0.021624552031491273,0.2091747889264436,-0.006857442905669364,-0.17196373012530075,0.2744538235799048,0.08516657252240767,0.1968940496782472,-0.1818381205468762,0.05151436356274397,0.36841776131009996,0.11025110009496353,-0.10885053313953197,-0.3836198601804792,-0.2770967375105835,0.03699805403095979,0.08566190443591093,-0.11321757801451637,0.30691303757335553,0.26806161569171105,-0.09708064146216744,0.27070382863598086,0.341944141393163,0.05491729586733496,-0.04076969455818369,-0.4811656759728433,-0.14537326097539305,-0.08083452562873572,0.36976999342477646,0.3985881357102534,0.1895795882363378,0.6252876910845094,-0.25248140993001966,-0.22456827277040747,-0.1664207594882272,-0.23682512995637284,0.47448491914251445,0.18535643668805424,-0.12979992856918043,0.33676802694380237,0.3884408608533041,-0.3973388470351078,-0.3560127000460591,0.11433813630315925
MDG,0.5168822791016061,-0.33864248161288524,-0.6073463158416539,-0.342787293458914,-0.37063642223605653,-0.6997028452177094,-0.8449126660935677,-0.14154987066554114,-0.7940425308828098,0.9243766021862865,0.9088814424368173,0.6322118992401262,-0.7726136788340463,-0.6899638306818305,-0.5558378749064044,-0.5351747752080851,-0.33395423598064666,0.095561269553462,0.5349216208268764,-0.17444579443544495,-0.5999544130208205,0.37622818634934563,0.06246341882796369,0.7766710738265847,-0.8106279501474694,-0.749292940312176,-0.8144337757197442,-0.05347676696223891,0.8178636214495673,0.865089513924855,0.8590135701973016,0.2910014445910314,-0.2353267648854942,0.7966061883188033,0.044941270616573714,-0.5093433865780095,-0.6155940882122966,-0.8464778520807359,-0.7963316378429814,0.11875376054547504,-0.8117196554106987,-0.06449330436491785,0.05836292288676692,-0.004923216275866338,0.32219763679433433,-0.7019168881607825,-0.8563028100552905,0.9040457974554318,-0.8417071987729445,0.1829244854161325,-0.6716882129984745,0.005493107654079843,-0.7027982650444076,-0.41539289528202783,0.7662681281422545,0.8519260300203921,0.7538514313686006,0.8841625365081905,0.19623823399959228,-0.547690655314578,0.7513061111142204,0.7324617916296624,-0.7284322314580804,0.653951537188033,-0.8143764846643302,0.3724362063908273,0.6098775899837604,-0.834954835592699,-0.22780811690191682,0.18356931165394286,-0.7597568218448676,-0.7104585061109869,-0.6847651034677642,-0.585017344023746,-0.38910180888347146,0.9539828056994578,0.3713123273140032,0.688771288286127,-0.7729611126796108,-0.37143335077211614,-0.48045287606045495,-0.03228857538575114,0.33272425783674453,0.40427830900522954,-0.7726479685820609,-0.6501199259371941,-0.7522102172724003,0.15683495365897127,-0.06280601446110534,1.0,0.002641484437311159,-0.35087925565269273,-0.6303853241362005,0.939794251697161,-0.7310587981588883,-0.5759904011563117,-0.0068094766051594036,0.8961892245562112,0.6471640367205103,-0.4609603293996978,0.9305444975920506,-0.4707244603513492,0.3965567398133366,0.9254603295929927,0.5420097132929634,-0.7567689515549889,-0.7666925554259416,0.6279210330450838,-0.729580049572566,-0.03464418749005893,0.8340716435940746,-0.26110684825176556,0.011936023963030618,0.6397161341519851,-0.8307622143948916,-0.6625625472803045,0.2321007685876686,-0.013323604075025086,-0.5891580357312018,-0.5715827556674826,-0.5091423529820356,0.8459326734785338,-0.4003564490171285,0.9104390055250817,-0.7172944685718821,0.7233092888797299,0.8453932058927773,0.2454507033456823,-0.6338820141054202,0.4269039667081287,-0.8389034183250321,-0.7908700867882508,-0.8166474146072278,0.3486204855150101,0.48280768467177637,0.8507928589181395,0.9002092798408987,0.0034213740163003825,0.6037134424876319,0.4631226425224213,0.22942691912429058,-0.36227024234343297,-0.3129210091885126,0.9071649569995215,0.8360403082839345,-0.5347148860301292,-0.5136231068255666,-0.5633135220623184,0.297206548076824,0.30190919050665554,-0.14309006964794757,0.7746196109242836,0.6016566003698576
MDV,-0.09986141230033851,-0.08139936181727525,-0.02956715610523286,-0.29495131956496423,-0.2232750387504805,-0.08304881867114267,0.07014548059494741,-0.44560955575570893,0.25871093660468714,-0.04741564881937044,-0.0782005103329193,-0.24355859024833748,-0.0010566270047196458,-0.18490053977525323,0.360949092849998,0.10237618851146735,-0.06012054852773341,0.5879665573781445,-0.3548122537463294,-0.34641381691052486,-0.1111658719139943,0.19773453422441478,0.04126489879638906,-0.3151626000254162,-0.07854411277427387,0.10178038555608926,-0.24818139077174473,-0.3777930675122536,-0.18255591004422866,-0.1952974974622057,-0.24708287115150607,-0.2642280165104183,-0.49452543676678395,0.20158356254020304,0.5622480787001416,0.4198284312382601,0.5102435896915608,-0.1009313417547999,-0.24582021314709013,0.5557868009442115,0.12456754005483239,-0.15159127342426681,-0.2477541136464616,-0.3775824946835278,-0.39216840303268574,-0.0022300995065673845,0.19377081845840638,0.07385841073700816,0.06148920932551394,0.42249441230290974,0.043041117652096283,-0.2196697862987007,0.016982446177386756,0.20921974019354406,-0.020601620199716564,-0.05837624446437073,0.12454758275587918,0.11999377254045751,-0.067504268431132,0.11103693689856209,-0.004083998494941454,0.33784074194909774,0.10508055147805095,-0.17487040243978558,0.0388851921879797,-0.6377865483656673,-0.38109929245979934,0.29917135374758974,-0.3577003760693451,-0.26604923821588833,0.18445208305164895,0.14718660204080436,-0.01603789330822858,-0.2856456521611366,-0.22507859335807878,-0.03591197211898134,0.14021974811394133,-0.013031106887368749,-0.22890120044559392,0.03246003405474118,0.3923277278535011,-0.2100869121996447,-0.09359360295513652,0.16274611336289602,-0.015107712575909593,0.5190902595579232,0.09733592962477422,-0.16294059545071082,0.11199077759452214,0.002641484437311159,1.0,-0.41889850858407884,0.21059351361140843,-0.06245203001241029,0.39472456180251514,0.38002855610677333,0.017941206261586684,0.03449804477205931,-0.004559025754241608,0.41036646706593016,0.07534762970636644,-0.16693778428498374,0.17783588907612047,-0.11065049116487757,0.11782924841842513,0.1395207202089097,-0.102763658816035,-0.06322208296784249,0.023894247359055543,0.18936974011730334,-0.22920084851760958,0.5162628891971437,-0.6969485493592322,-0.33032318853181386,-0.19360229934296358,0.12186400222739358,-0.314970924668303,0.33953694108880395,-0.24095194625902217,-0.5553638306031092,-0.35145382964157523,0.03670338619216107,-0.13023158984723593,-0.01446477080541464,0.25940844681581954,0.3596228687610483,-0.052775103704053805,0.017708149111100302,-0.03980842095391357,0.5646051983506316,0.10332315018402094,0.1785421747002105,0.06743071738905515,-0.03693815797272082,-0.13327186405111546,-0.2281551841908933,0.013570779352049311,-0.1879984498644771,0.045755897608663276,0.4228149954373386,0.15748379171176485,0.08968383209758723,-0.07374048782170806,-0.1361597073270191,-0.013685584046789767,-0.15104481224956845,-0.038673640466297954,-0.1535224568492377,-0.22355002126737622,-0.1669034142760919,-0.1479739527804067,-0.06354972393968894,0.021592529385042858
MEX,-0.22209644410312035,-0.1551140105724338,0.4269406460356713,0.5057395545273629,-0.0498236181795666,0.5462766493630852,0.32270935013857516,0.1813979639822113,0.2788946869005364,-0.2841761890553518,-0.3604200071028927,0.18803774095458536,0.14756159995076124,0.3090190819652294,0.07212942309866954,-0.10738745352822576,0.06132804597277697,-0.6447289489555579,-0.10474337422408331,0.6289172034239493,0.05767920367230117,-0.5662622824331309,-0.37685352325473986,-0.295778593000247,0.49718313508297485,0.43423321226103906,0.673106887605414,0.505391133353953,-0.2541820361525393,-0.16256507016926913,-0.1843434041059102,-0.23319514536099994,0.6130348032046129,-0.4940775465835956,-0.49554497005030695,0.1730169072473665,0.04843047861597505,0.2887940400051562,0.5001891404903704,-0.332918626959984,0.21816820602522702,0.6188043872545775,0.24589273202451833,0.45838070213386484,0.3076339835129904,0.4320682313687083,-0.007130400149020666,-0.2778971754563506,0.21523526107432434,-0.6369216874587811,0.44779112877739147,-0.11632646113275169,0.5025012968901253,-0.11952515563468591,-0.29927705598534704,-0.38274963595190137,-0.31744484371707915,-0.5578614336383829,-0.18263954948933758,0.24967660003344294,0.07885929133281999,-0.3981554634304527,0.06315560596027114,-0.13560186374736327,0.12858498043494482,0.42339091439699306,0.2226712499990734,0.14310861563372246,0.5300422195811533,0.08764248270202901,-0.032734832294167404,0.3326420378530075,0.5414572543301386,0.5748009762023214,0.39440232982386547,-0.20528420220474275,-0.4430918065044265,-0.20309733184957124,0.5854638624606727,0.28567456245950007,0.31847189545507226,0.0429123026754602,-0.0943345465021781,-0.6170326598288882,0.03866661482499356,0.07842477683411375,0.010145252123550996,-0.010221984423401942,-0.27015234443063285,-0.35087925565269273,-0.41889850858407884,1.0,-0.18356709805308946,-0.3342784543681385,0.05185692616692528,-0.2414818573371713,-0.19567519278296786,-0.4392802824905053,-0.3553220954476015,-0.08443622181770571,-0.4733791669935623,0.3444410050747878,-0.6183522551892182,-0.33375896362081936,-0.47253111478644905,0.28802006774652833,0.3414452594816919,-0.07660578087454573,0.2694009154858541,0.07655808215535043,0.11404794968889442,0.08037654645092507,0.5523160616459832,0.22856971061711984,0.41161289523005573,0.27774380387840325,0.06722479150255511,-0.23047053874478163,0.33654370927020727,0.32285366969494445,0.5512022148345477,-0.4009246414853942,0.29243176667174464,-0.23970238931888121,0.3614935976918283,-0.7066247521608391,-0.2550491597567268,-0.03600964618570823,0.04007024155792571,-0.6492038722720501,0.11053557897230981,0.03403616313208557,0.28955986804479217,-0.5456451932849995,-0.037798825323706264,-0.2925443121919673,-0.3633785381792465,0.2584406820194042,-0.43181364336147854,-0.6536252531005591,-0.6104859009739427,0.14088577278595182,0.5286356393932006,-0.22812779365716107,-0.3166809793286409,0.3086837634763935,0.3330226063594708,0.6793292961335057,0.08668931654755407,0.11704554757731678,0.24001963890024114,-0.24005639036363924,-0.38377423646254494
MKD,-0.45198730142595367,0.6452047020404426,-0.03649014316569854,0.034954527828912174,0.725488206363566,0.22454027105623153,0.4913259635933077,-0.07135375220081586,0.4523775634597714,-0.6493619495250096,-0.6169097142274991,-0.4422693679083145,0.7408456326519554,0.2739787941595071,0.5354167330296554,0.8958840242840976,0.19199157601775052,0.3232551917003743,-0.6749615010543972,-0.015275761218579875,0.15739292337370914,-0.18873420299214505,-0.018643774592630225,-0.4342980006260726,0.4006424513424285,0.35769035491679924,0.36564456651204114,-0.25089423230750785,-0.44675696346186555,-0.6634843373596475,-0.6610953212507444,-0.2605736940147161,0.07421929319450737,-0.32516674145468794,0.39019601560920847,0.4547782986915474,0.5430980098311183,0.5494026160048935,0.4858577367037712,0.1874978189358384,0.5457343291143261,-0.12619041482081728,-0.20940276107557132,-0.42112079391590207,-0.2107521375386805,0.6046502382230664,0.751395326655539,-0.5800264220446159,0.5599023027522492,0.20236122185987193,0.43913240347626625,-0.17335757927366657,0.3784224881981968,0.7577362349341135,-0.5667544970841223,-0.5503013885417616,-0.31084376436017647,-0.47727119275868346,-0.47098912848007,0.6009713113777496,-0.6961905832572479,-0.42570392335892127,0.8107570802207681,-0.23938436753886427,0.7701751367064095,-0.46020723777342587,-0.4081290414278653,0.687032882770347,-0.014769367302416736,-0.45073106928376516,0.5990462939426021,0.3239600929962634,0.43469498951174335,0.2517729925061729,-0.020672765203136656,-0.679382873572751,-0.11208208503715067,-0.5992169159138476,0.26781350721068664,-0.2801873749356867,0.3994517758821112,0.1607922016160308,-0.23081254848426824,-0.08365964699578932,0.800909024128339,0.38511389217679204,0.8606925074644821,0.08066246390601495,0.27243294811438057,-0.6303853241362005,0.21059351361140843,-0.18356709805308946,1.0,-0.729206080045596,0.567330098098283,0.8230359257254906,-0.11963890075515571,-0.5092905907163408,-0.48868231592984923,0.63425768411242,-0.4988222993399951,0.03222636412063107,-0.013234293692583998,-0.704791860044526,-0.07472890154911105,0.44145083858569145,0.2345767297528235,-0.20146303674025656,0.4904264847391584,-0.38897331589024553,-0.7478286062690491,0.05211025091191723,-0.372574959480263,-0.6570213412134072,0.6074279464389433,0.6445296983284006,-0.18624531156511837,0.20265329907939256,-0.045923341944384966,0.43375346279504634,0.16222322459897065,-0.31918214876872475,-0.20295924947716149,-0.6724233982548204,0.2755940431761864,-0.46072012526174766,-0.5527411810905383,-0.1104450229526166,0.8405569045071896,0.035571964319845883,0.7509463266039735,0.6793275826012488,0.4967189348054757,0.12072726908425724,-0.4438610735667039,-0.7166117133273804,-0.6374052230637548,-0.24622205791637253,-0.1461586888814228,-0.11006300764063948,0.05922074025142188,0.6308402532185694,0.03947196339700132,-0.6938794570893132,-0.6740973198558613,0.48191266078409933,0.3529819848388853,0.221466156417217,-0.1626389191924249,-0.3777031229801766,0.1855593440095944,-0.5463466629177378,-0.3303315780288878
MLI,0.6401359346719222,-0.4074038419928341,-0.48250767331468003,-0.3059249883569828,-0.47695548578674374,-0.6663259044733789,-0.8485074018450651,-0.023885370618765167,-0.810637757039882,0.9302241079877921,0.9559342729094858,0.5362681601879021,-0.8693464028202129,-0.6096002513780103,-0.6331549081332466,-0.6192856416535584,-0.3391204032832227,-0.0363963619018719,0.6197257466522229,-0.1567555053628873,-0.38966221854490346,0.4852006851841819,0.16378999946224193,0.7973116599642972,-0.8046264934520839,-0.7938746338457894,-0.8096358396517922,0.03399056973387804,0.7941253856122279,0.8795057309647788,0.8602707632533629,0.3891252031947451,-0.2234648981420453,0.737012440491636,-0.06893159295576523,-0.5768290685543382,-0.7199408332149173,-0.8551525464828678,-0.827944319620364,0.027510772955384843,-0.8226653380362243,-0.0831207062892938,0.2057110898153296,0.06587104438904379,0.3621374108052582,-0.7664953757184767,-0.8845935118003097,0.8616150134016002,-0.8272123030976526,0.06371355000619772,-0.7176043839870689,0.17734039144864255,-0.7478314543205324,-0.5567609858663127,0.780013049966939,0.9010989527578377,0.6798683661909063,0.8802051204274083,0.4051596417127312,-0.654538950378726,0.7343001836248422,0.6448575182112569,-0.801679809613757,0.5894343558752093,-0.8860386498417905,0.4032085198924611,0.5608057238231864,-0.8705993668413421,-0.17838767886975604,0.37370058689030605,-0.7593368366513804,-0.7108534716477486,-0.7344838233285915,-0.6055457007588232,-0.2775411574795803,0.8952424108511807,0.3135791398310883,0.6825724080559453,-0.7646733040723446,-0.1755143320939141,-0.6144947558288372,-0.06095232620180413,0.2739270214787317,0.46295715737521337,-0.8256872418655821,-0.6925823320858169,-0.8440733028744636,0.1507710806165723,-0.167608597107044,0.939794251697161,-0.06245203001241029,-0.3342784543681385,-0.729206080045596,1.0,-0.7861928783192731,-0.6974966710112516,0.013242220411540662,0.8720548580989494,0.7216981088543413,-0.557941329867665,0.9022344155773663,-0.42235956911610284,0.44302865162798866,0.9583237343284858,0.37382571579908386,-0.7787419842372669,-0.6735446580678892,0.5239992291108669,-0.7592294659327832,0.10736807616983679,0.8266195070059073,-0.3530228539763649,0.02734340483545572,0.5914831964636352,-0.8653272746720138,-0.7387354767639764,0.24672752205815118,-0.02676065031873409,-0.40238130265176997,-0.5712198248083658,-0.47671831819292976,0.7829116812652538,-0.18643188323805981,0.9186957986892632,-0.7429447024381528,0.7269035774561976,0.8448084284751437,0.17048521599000654,-0.7015042627603614,0.3649932441892725,-0.8821396626114737,-0.8316847961970633,-0.8162110424377687,0.3914219202126912,0.5591759934218206,0.9423327215845346,0.8968382059481719,0.007415083380007181,0.5105017960649714,0.4453064521358898,0.17788071380710102,-0.4280604399846111,-0.2353479041501252,0.9092968549428161,0.8899401980246526,-0.6079447483285543,-0.5323504001092378,-0.5946460813589274,0.2450644393319864,0.2992038329309823,-0.15352457285796683,0.7822050694024862,0.5861551325543254
MLT,-0.6581655116072063,0.2021148126949559,0.3764668336557355,-0.004914751373101378,0.15451761618026727,0.5109735492958057,0.7963669702074865,-0.2368464990959458,0.8625651049072337,-0.6785155392040609,-0.8014443345824138,-0.6739167744706274,0.6891258805490998,0.6089805930576976,0.8081142326428228,0.4483186428745176,0.11179335704481519,0.3785343489987505,-0.5210851193727368,-0.09360899621056795,0.2743887930301754,-0.26779170823551546,-0.1503008365238585,-0.7446055553104585,0.6093683108337316,0.7879757186398403,0.5300556360600791,-0.4156015855123638,-0.6445871483570222,-0.7056491015139399,-0.783417302093409,-0.46839971481319,-0.20259327162849217,-0.44347829033915875,0.4336563632303958,0.5959676448453806,0.8759877670581792,0.7436275547614958,0.6051985294096994,0.3001118210495901,0.8488267942533654,0.029114805701626723,-0.45101723447901976,-0.2694904693130875,-0.7448451394702631,0.5874107300781644,0.7642431504044561,-0.7444756700926409,0.7343860808985645,0.3029832830307043,0.6232130617098173,-0.2937210827661201,0.642238295576265,0.3408020677679455,-0.7234032306908036,-0.7313778245188145,-0.4027393588544965,-0.5899963960238137,-0.3812437394101975,0.6297061111311819,-0.5713014528392562,-0.33492211147251005,0.6898022084039122,-0.6421652279845564,0.7670310185951408,-0.7865538294352401,-0.8347811289324032,0.8335172485430219,-0.2858272910168229,-0.5499524908552007,0.8252430893556507,0.7153844945052192,0.5595118627366608,0.4741894537974858,-0.06911414357999024,-0.7522456440686454,-0.27541839026713655,-0.5469786159586689,0.5917452198105775,0.17057237267829484,0.8047454571594662,0.1186404222770161,-0.45776779984733507,-0.3068388127383417,0.62933672798441,0.8971838268817534,0.727864473746447,-0.12028414757897021,0.21651832243661118,-0.7310587981588883,0.39472456180251514,0.05185692616692528,0.567330098098283,-0.7861928783192731,1.0,0.7507061148331763,-0.11116941039772099,-0.6162014212059208,-0.6619760058545934,0.6339017888021788,-0.7359510642849976,0.2881262345336576,-0.3131765646447475,-0.7016321295674928,-0.32629777444406916,0.8339166360017921,0.5920363277268733,-0.574326642445796,0.7115139301251263,-0.04381250995432717,-0.7724363722646896,0.5435758327680901,-0.28404007056996194,-0.6799976237995082,0.5160179260073302,0.6902758329010031,-0.3131858773397105,0.13347943353264813,0.29217252434120855,0.13279068275851347,0.09313546057848443,-0.7487892803733343,-0.017409676962323317,-0.620910907867972,0.8052974763839846,-0.34857419634001996,-0.7353629255784104,0.0428979016634945,0.38534554385415554,0.036677456069893366,0.747705001534889,0.7966556825136133,0.7754063412567439,-0.37986030302200335,-0.6895915868158955,-0.7882796005889612,-0.6009984069658914,0.01077816983809654,-0.5708996868910581,-0.08031710423864569,0.09995955522279987,0.3181438361649406,-0.13516739954999402,-0.8716210009746952,-0.8054507397897317,0.27728016046357884,0.4612318263582571,0.36771923493369707,-0.5216860116546491,-0.4130470318914834,-0.07302243398316088,-0.7531498043529821,-0.464019571861394
MNE,-0.612410016894783,0.4768161946497004,-0.11398858560993119,-0.1143675921963232,0.5018747643287934,0.28564804687403234,0.5781477913879602,-0.4381873154879927,0.5830834185905922,-0.5553641105318334,-0.6328782521287999,-0.5486169737960318,0.6469433003342632,0.20358421921099557,0.7918302645016077,0.7513762894421921,-0.0928029520937701,0.5341749150739592,-0.757140084026684,-0.07765101572107969,0.010437204714430215,-0.2146752222638697,-0.00902455753105702,-0.5030348231069703,0.44098545291043345,0.5050608328845243,0.328021056378874,-0.4455898949540038,-0.48893176600261334,-0.56193690959775,-0.7225298948414212,-0.41404995478322615,-0.10835492145284764,-0.16304585155565232,0.6120723414372127,0.6117069232759608,0.789490748722501,0.612948702853604,0.490019617608328,0.3550526256047428,0.6886033054205939,-0.20806588122537462,-0.46516699057234057,-0.46777242569491895,-0.5357811064725446,0.6469343811319983,0.6996871474583785,-0.5900826578622307,0.6157785435618168,0.3533951034955518,0.5614642646054787,-0.3204812420458203,0.48422818004578416,0.6654795695104522,-0.6052934759279509,-0.6032949618408936,-0.23119982388461313,-0.38093342991163115,-0.5136411942509658,0.6939000502199042,-0.6176164920013103,-0.3382574315936715,0.8367851042820136,-0.33651470398975514,0.7174665190878192,-0.6925806464457123,-0.6343671030522973,0.7140618696417378,-0.3164040962640742,-0.6215129649290212,0.6831411121794746,0.5618155992561901,0.5217293344681402,0.4197362015532389,-0.2810341612499463,-0.6168853589358525,-0.22329428430813358,-0.5762416290759207,0.2702161042080069,-0.2796629395210959,0.585801253104777,0.07379680888389306,-0.11530430312325413,-0.08599363489013556,0.6756334293102685,0.5769959681209386,0.7797020019631026,0.10107196485475245,0.30021103471173105,-0.5759904011563117,0.38002855610677333,-0.2414818573371713,0.8230359257254906,-0.6974966710112516,0.7507061148331763,1.0,-0.14545589414127003,-0.41438871067217353,-0.6102555822740339,0.6933520497278658,-0.46063833599448145,-0.09323151792749762,0.031021668778763445,-0.6205349368500916,-0.12117639794966384,0.5940270045918374,0.26647565932684736,-0.3738465590872464,0.6024078690102077,-0.3261027130869434,-0.769027315656253,0.28004745249560226,-0.4581650779638413,-0.6441685431214963,0.5150480134742087,0.753881956958785,-0.31582902212912933,0.32560748721200383,-0.12571595875714414,0.21506811280052585,-0.036734432937659545,-0.354983478415519,-0.28868917361684265,-0.5468550874857678,0.3995437826176029,-0.23576876285791148,-0.5954590031781677,0.03313057863037372,0.6056714856425319,0.20907962876543995,0.6994171722017879,0.7401604813305688,0.6133509238877657,-0.007185129873725327,-0.5804348667034671,-0.7383788268467175,-0.5055308536070544,-0.24272969234857666,-0.24989973004583454,0.07214733789907546,0.3215413684788908,0.4096270018441672,-0.12782086786507363,-0.7297196534220021,-0.6259417467247499,0.2852505093855855,0.31768396494906437,0.2989626198832738,-0.35727914366673863,-0.6145028559468408,0.13348435623665267,-0.5896247800543826,-0.19140882923727598
MNG,0.15643308327109218,-0.11223439125900092,0.2240274753413024,0.03831264301513626,0.1082270156251508,-0.24399534108463983,-0.20601894664837017,0.10677501807286349,-0.23172933528725936,-0.008015623044107079,0.08519028296422826,0.11939068894356708,0.10209055375111908,0.19457292069888632,-0.30550168441990033,-0.21679027266703477,0.5101830750864867,-0.08351721726184391,0.44838180604311806,-0.3862173045285706,0.23498183994482802,0.33921862012333426,0.28166732192271493,0.1259217827888961,-0.23532423793561574,-0.2438346612749791,-0.023380662733570867,0.009437171286626689,-0.1310521534351592,-0.022831495994022122,0.0507933912823153,0.2530809947498287,-0.1047004906166289,-0.018863704462391162,-0.0933922894637238,-0.3184123872018485,-0.3092730722348642,-0.167202736621753,-0.15588583433268766,0.04307008933848322,-0.3071867699790498,-0.08090887475890618,-0.03463002346755584,0.4018389144413308,-0.20563458487186126,-0.5240606827995735,0.18795337977035476,0.16033040975819124,-0.25426399518254583,0.2028883069097963,-0.4635074352126187,0.35256744447542765,-0.4144095293675365,0.14066626624318257,0.476144131079723,0.15426790217011632,-0.27694780249802875,0.1590174825700943,0.3123549336253073,-0.6155076536807189,0.03175467787809294,0.14762979391236275,-0.3861026922315447,0.08525344724280293,-0.13848449043818833,0.1459374973827795,-0.002488584485704548,-0.20292955410512747,0.07517187788875224,0.26023347644866035,-0.09952017037350269,-0.22219002506428387,-0.4621953413989097,-0.45159893918496596,0.38482333578309924,0.06256457203133481,0.4061399367526102,0.2652751324254792,-0.10266237542495782,0.1967308003221373,-0.2863533035666257,-0.5291871803550423,0.07719328179838447,0.13301655728147344,0.13126365384937222,-0.05976702859734506,-0.0378987848383856,-0.3347324466833712,0.20658383400428282,-0.0068094766051594036,0.017941206261586684,-0.19567519278296786,-0.11963890075515571,0.013242220411540662,-0.11116941039772099,-0.14545589414127003,1.0,0.045615919563477436,0.265375667738981,-0.03419224439489943,-0.007532266705031931,0.2001522794937709,0.09571605898250957,-0.014507804813461922,0.5064060848529925,-0.27158509233737727,-0.17401812042488451,0.07787241768256425,-0.2564442856536846,-0.004766213026088151,-0.041937223721854267,0.38267917807702656,0.2563735473574209,-0.06975567216713285,-0.0889977212178541,-0.5376024300177349,0.16785310061618974,-0.1266437704274741,0.42131121179952213,0.1355687519250175,0.030907950372685233,0.04338722385185401,0.25857768861204045,-0.1315428336513189,0.07584335486552363,0.1601536544495199,0.2309762090037577,0.055563215531900134,-0.13298280084846836,-0.027615830978625633,-0.129787229446368,-0.19081204391654638,-0.3175999629178521,0.03705536834068379,0.011315675872794806,0.13217258283110533,0.12114809284988914,-0.026701840295223933,0.21307993398150837,0.009582735008223153,0.13922582812899453,-0.5151977275280779,0.06168238262988435,0.20048881066260016,0.08574153432803389,0.2229613861538916,0.02302498289965338,-0.37870445120516916,0.31992809211890516,0.2865969061586109,-0.13667538398710954,0.16540598081380276,0.31425048701453506
MOZ,0.49342412270287905,-0.3262221082063501,-0.6679548418477224,-0.5326396048144213,-0.3626319792350503,-0.7825582474421418,-0.7761696140913399,-0.3433034273200093,-0.6851723913943943,0.8954904271136322,0.921429486736604,0.4788011349175705,-0.7182649935131367,-0.6392919108479735,-0.43870617553580504,-0.406890346115405,-0.47790718050655356,0.05899064121198572,0.42517831899856207,-0.2597254810562817,-0.617390593579511,0.45354844495003044,0.1797420729471293,0.7596022350484193,-0.8050473087637997,-0.7236423059184518,-0.7917867041659488,-0.09548276847416215,0.7617764513911577,0.8655065432431782,0.7909987056994597,0.30195099285125004,-0.30614575898437923,0.7540234529259098,0.18518269753388816,-0.5317103959335485,-0.5937364403278371,-0.6986091008820856,-0.7225920057396427,0.3568375799695591,-0.6921145188665383,-0.2369342589727894,-0.035936577560041316,-0.07971785611802806,0.1398560738099025,-0.626183465625862,-0.7356014002832705,0.8300377671555039,-0.7880867944008729,0.19954358887380952,-0.5982855230975384,0.02951908070450371,-0.6928278903480045,-0.3757502503316361,0.7952532942402007,0.8932334811818663,0.6512914325464292,0.8870890913884267,0.17980020414196218,-0.5685070982399671,0.6152123444817226,0.7257765077809767,-0.6486994960629007,0.6056871091902983,-0.6608247579278683,0.2515824627351716,0.5301062976730895,-0.7077007548493204,-0.47307722847698397,0.14119662511737552,-0.7090705397563717,-0.6375015004494826,-0.6830767514626108,-0.5296745959838463,-0.5299760998446021,0.857857941371605,0.28320387706033734,0.6158963438052683,-0.7389707043225102,-0.41702740307954,-0.45704941149463485,-0.17907274648003169,0.2289045120865425,0.5702423196627573,-0.6368496169346232,-0.5978159606606903,-0.6454504670105656,0.4316094291619146,-0.08754067088985962,0.8961892245562112,0.03449804477205931,-0.4392802824905053,-0.5092905907163408,0.8720548580989494,-0.6162014212059208,-0.41438871067217353,0.045615919563477436,1.0,0.5723097352374189,-0.37773403817623485,0.8825555646076885,-0.4467581033295205,0.5791570699183397,0.905640340215595,0.48884967444944905,-0.622485494449549,-0.8177278939420924,0.45416681176330065,-0.7329184034413738,-0.12865607831786985,0.6469858584916528,-0.18768092011003867,-0.11719398792715174,0.5007492600449098,-0.7598879841894544,-0.5660845669922312,0.13823055166814135,0.12967657359512474,-0.5922711318376441,-0.5649085680506061,-0.6321254261435993,0.8111753310589982,-0.4010903657461904,0.8932443690222884,-0.6308092310309459,0.7396117614298023,0.7647897729863505,0.2566825342085406,-0.6459025421894486,0.4641844154222874,-0.6949086666540456,-0.701053117317346,-0.7210688819906359,0.468628615504737,0.3057393256069729,0.8273774920986259,0.9358354163593167,-0.02572582192550721,0.5053571117070716,0.5790929203350058,0.29806446816774934,-0.32079331039820236,-0.31310916847991077,0.8117433257546931,0.7780292549188657,-0.5320518631509941,-0.6020469056555802,-0.6065381306161908,0.0813937420779135,0.14964074449772946,-0.06561406403915493,0.7239935028554809,0.7971690225205924
MRT,0.8537220789283998,-0.1736536697587827,-0.15170471054962253,-0.3340242945227563,-0.2662135573059041,-0.7295833215268113,-0.8489936950936265,0.25813192070101887,-0.7301618125120388,0.6669547789418935,0.7773100171818307,0.3972243226711172,-0.6236434193601617,-0.47641063473363743,-0.6193734463243239,-0.5589132333039597,-0.0392386783791947,0.03227182943426665,0.5486951027546604,-0.44075287669259056,-0.02071676820696733,0.47518440182263266,0.3992467201506694,0.6813751182090816,-0.813109651065494,-0.7093895813607201,-0.6001379888301632,-0.042707507861331484,0.6838579125350376,0.6465538643929721,0.8120184751405086,0.8182450769620774,-0.19199834624653977,0.45592609219384617,-0.12319321946848127,-0.4844670614790414,-0.7207604742934368,-0.7564097953394724,-0.8876310176861653,0.13405009820486202,-0.829960901124613,-0.03639884397031623,0.38386724012356455,0.07110270710094635,0.3782281249512549,-0.7588693389849646,-0.652434022660823,0.5811972516109918,-0.8049677766486512,-0.04166569148820831,-0.863133230845903,0.6757015132431212,-0.8408458408709336,-0.46846558349008394,0.6816945706549491,0.8106520988218238,0.5600297175034255,0.6094173894128483,0.7523102581523818,-0.7228366393604801,0.5820712354220785,0.6092876881770335,-0.8207807621678362,0.6007162932239704,-0.7564671723507215,0.38187273191304083,0.40911262450063823,-0.6403042565878536,0.021007861439384157,0.6082232347106322,-0.6713539555046097,-0.7246810172378744,-0.8542401129376387,-0.809819957210328,-0.11298702584114007,0.5695771765200688,0.28552230119341027,0.6206304976723548,-0.72428509416156,0.10008141371651091,-0.6128980040292058,-0.04191311954892196,0.06958191603460495,0.47630576958435966,-0.6462174825712892,-0.5576749625945374,-0.7248853256601531,-0.020742615709447687,-0.4109084385955204,0.6471640367205103,-0.004559025754241608,-0.3553220954476015,-0.48868231592984923,0.7216981088543413,-0.6619760058545934,-0.6102555822740339,0.265375667738981,0.5723097352374189,1.0,-0.5291837910813157,0.5874634711086505,-0.22353966297338057,0.5436607569913067,0.6216676331147659,0.5062699285752866,-0.8184389562599108,-0.6122348166187965,0.4322933473500594,-0.8161606169076416,0.35480060565851557,0.4228851054623506,-0.25078138032642605,0.04924578803034185,0.4300044068435014,-0.8125994710709032,-0.7954035563929023,0.38772821836197924,-0.011223079862726637,-0.19259114063272054,-0.44487447823044546,-0.5422038127810023,0.6198210875507955,0.09368844238828511,0.6328423622732041,-0.47184622051472336,0.5499402933901593,0.7224736181887127,0.0030686194223700225,-0.5415621893949725,0.33263732417974534,-0.6795946583986796,-0.7217416493873454,-0.8019994622936331,0.4712937999270381,0.6834657987521923,0.7679887093490098,0.65339144697792,-0.17684900404887327,0.4435534235756724,0.15046628706503684,-0.07077230880718677,-0.12406000160072428,-0.19325947149681588,0.7860612564058506,0.7200012183207144,-0.5855495592718041,-0.4874486803860938,-0.766892274258627,0.10180929742528155,0.24072050456398864,-0.16797122049326818,0.8646359920871057,0.33144712808586263
MUS,-0.6861303222205803,0.38963120882646596,0.03828887185717633,-0.2804608096066199,0.4382126056748442,0.09079594623595244,0.522950470131787,-0.15125767810082058,0.3798719366048924,-0.4561465375152991,-0.48980833975954274,-0.14647045793503288,0.517592651976137,0.40857122359037035,0.6114017931968991,0.6346545955668943,0.05017235691828048,0.477296631651435,-0.5267045527905236,-0.2254960170319884,0.050212533019634575,0.06147126893102861,-0.1984339549604588,-0.3731722808911213,0.21776692816387744,0.5188251988152631,0.24586745458539283,-0.37622596395252716,-0.4444189391929496,-0.497155880265304,-0.6129693770983948,-0.46156474646507206,-0.19088805754892268,-0.06967163186995085,0.46454623488812086,0.3599547379432404,0.6136939257815303,0.47030129275167,0.41258867692068324,0.2981054768372846,0.40506701292870884,0.09913555862747359,-0.5300410592789939,-0.15290500065630042,-0.4125940218161559,0.3473259097318364,0.6031896395145482,-0.4253427654795212,0.38641313648729014,0.46186158964067503,0.29830045932880955,-0.45387257039719087,0.2547981085056288,0.5857637177775191,-0.48352793722027765,-0.4240413723419971,-0.3038554615821685,-0.3491926878685656,-0.4715944484959662,0.3909158412773569,-0.2718572192001649,-0.21164414871400283,0.643930431903841,-0.20464083675675626,0.583767281993372,-0.44488031483494783,-0.43325478724725075,0.595834669734194,-0.28074739388413317,-0.6505996476317608,0.393620878578793,0.19845403207827106,0.3597337449980942,0.21255802948604208,5.569026467988625e-05,-0.42005779773502416,0.013274959566443978,-0.2370397169012466,0.27173992715614503,-0.26597513460948274,0.4831636098720673,-0.06602092483718924,0.036655375664392364,-0.15776227611925098,0.6506494111836342,0.4881226258722309,0.7106049047448371,-0.06262390918959104,0.591665775308457,-0.4609603293996978,0.41036646706593016,-0.08443622181770571,0.63425768411242,-0.557941329867665,0.6339017888021788,0.6933520497278658,-0.03419224439489943,-0.37773403817623485,-0.5291837910813157,1.0,-0.4256559146145076,-0.009709546515862089,-0.1358442294398523,-0.46734110198928813,-0.06214711209178847,0.37174314167512135,0.16309997404422671,-0.2860466355435347,0.3067287932633208,-0.41437744577627433,-0.47664745244454587,0.4665804908902338,-0.2955715095715128,-0.48273253562552787,0.43376085429535394,0.5982933396383177,0.011684282802463142,-0.1588459978564598,0.07057674913418854,0.34851533181772,-0.05174060776554423,-0.27466178852016077,-0.3944119543994369,-0.43684071201960384,0.4565442421153145,-0.2497658481937668,-0.3710464456917064,0.20867893694689832,0.4334138898785721,-0.023243716651436097,0.6461360960018151,0.6745698137144451,0.3279900760893827,0.0465550506241208,-0.6964860745090105,-0.5143695085191231,-0.33026310756674104,0.09574300738104269,-0.12134288935009896,-0.07386154105004716,0.40007413255301905,0.2364939278845306,-0.2094978063464379,-0.5601204220346716,-0.6097786541320667,0.3020688945637511,0.2424065950009866,0.12363961836899962,-0.2153031650010142,-0.1140461945659188,-0.07776217821434672,-0.4873530768893821,-0.10494632324108899
MWI,0.5756911253953418,-0.39362959971674627,-0.7135528482548923,-0.2996978345633252,-0.3436045570247952,-0.6702844515326161,-0.8140500899887082,-0.21766026739417543,-0.7574960041651035,0.8253258483087001,0.8875747475569478,0.4723820146257952,-0.7376195419794136,-0.7340324256148585,-0.5404657888891737,-0.3778619742429714,-0.32587470434256227,0.12525462002190757,0.4094926882684714,-0.1149956723607457,-0.543498072663029,0.437746829531094,0.2853524689035096,0.7068196544576979,-0.750182752279221,-0.8262405896297138,-0.8824667891214075,-0.07580864525757924,0.6996306699510686,0.7856867022158736,0.7724947462087551,0.28489924952135603,-0.21575310466387854,0.7496504136374049,0.14044906742315144,-0.4716174734036378,-0.5930657415501783,-0.8377540401302097,-0.757686615381201,0.18190528155693098,-0.7434151048632813,-0.22513490274685077,0.12913652128027098,-0.11914169116729734,0.3079551240317191,-0.6404149713139498,-0.760317494017851,0.8459451035137437,-0.7517505860636313,0.2087578039862772,-0.5963727547533288,0.02150304659628366,-0.653515252841343,-0.2737322425221711,0.7497664105905648,0.8440149332989108,0.655012220323329,0.8742817680477234,0.17869908885958097,-0.5082637994645423,0.5814748042772055,0.6462706648450991,-0.5980119623797104,0.5806619624584541,-0.7601901809843159,0.24689778993114686,0.5494104264525117,-0.7705349135276434,-0.1916123687954323,0.2407744023011965,-0.6992293702715211,-0.6568354978695998,-0.6389292214835658,-0.5909510083704717,-0.3935518225544272,0.8928846352354225,0.4018150126293727,0.48414476513005944,-0.8561710221720213,-0.42036999500220373,-0.5668586374453142,-0.026266257663163373,0.35292848491503004,0.5898860525128766,-0.654991767139609,-0.6778923024316894,-0.6427563044820652,0.13039901498332795,-0.04391223307414305,0.9305444975920506,0.07534762970636644,-0.4733791669935623,-0.4988222993399951,0.9022344155773663,-0.7359510642849976,-0.46063833599448145,-0.007532266705031931,0.8825555646076885,0.5874634711086505,-0.4256559146145076,1.0,-0.6261085326846012,0.5655839778463233,0.8566805440909412,0.4624351224258889,-0.7372362518358351,-0.7453368758085328,0.5595258889950193,-0.6971718075042284,-0.08836438945834124,0.7192641584948347,-0.3206077777196219,-0.1620364559583074,0.4552334712914239,-0.7548762959489002,-0.6111717444597065,0.020790429499823238,0.1559489558295024,-0.6342950393568678,-0.5721969704181769,-0.4248651206862686,0.8794397595584391,-0.3669193602800964,0.834866114855058,-0.831951211279466,0.7084098931424283,0.7695915662101324,0.18463579386504836,-0.4694012070793381,0.5337032855847367,-0.7584437737949252,-0.72760070046426,-0.7460194372308728,0.5162915222470724,0.4086358253612046,0.7832641734887769,0.8092903285819473,-0.16528498467116481,0.6139654116028492,0.6375740098997684,0.24841217982397557,-0.3371707254827401,-0.2813652675853864,0.8233848479707158,0.825609415264806,-0.47271978638092427,-0.5471357248700492,-0.5300060673823377,0.25078512191699476,0.1435321388400974,0.033089777294906586,0.7518107386105649,0.7013774730187813
MYS,-0.2563602160151355,0.18504612010922927,0.7468309646155538,0.121088960282143,-0.014502758696666174,0.37485284746575587,0.49757667142675854,0.368655202840553,0.4565543095475719,-0.47416247717730564,-0.44472216887229177,-0.23750972472721088,0.30092479478530576,0.5011931093035941,-0.06396851311610074,-0.08015149818190048,0.4054410269287849,-0.3194403895923885,0.09002184280854397,-0.14664211769647917,0.41850804208185766,-0.1812850699844728,-0.4128732321667268,-0.4676796619864725,0.42565166426812673,0.4948809386282119,0.5248041281837056,0.37967559222381864,-0.4521215646388894,-0.4691076200343367,-0.27862145702822083,-0.11676542818118008,-0.051075028025209246,-0.6418702552968658,-0.5740698780830855,-0.003066856270825369,0.1600421317067422,0.5664407395925755,0.38886182637037736,-0.4064407420352454,0.3403167148358548,-0.07661306289252723,0.023520109330170458,0.4158774542529595,-0.10252058486432913,0.14505458165508633,0.43731581241257955,-0.40501514378089154,0.40332751100413755,-0.26429946241779456,0.19622650069344694,0.000324715888386895,0.2595082657070227,-0.1476742504281363,-0.2567779220298858,-0.4333819767116651,-0.6019284364926483,-0.57736769075676,0.028836686878644602,-0.023018673450474703,-0.2783012562336433,-0.1587965913162106,0.08669107072841586,-0.5563473515503996,0.45953345455711103,0.09658290314482365,-0.17049127895321492,0.38330999264322707,0.1007099881425505,0.07142005245656369,0.37230514925245517,0.29498849906874236,0.21309982388827997,0.22963393187446024,0.46534338820234167,-0.44324293625081057,0.06165242140879046,0.017618408445457923,0.7303219100959772,0.5511099258732945,0.12232313102202785,-0.15963548474522948,-0.1969940055789312,-0.45681174247330825,0.2511719592357511,0.3899090744416467,0.153759638037821,-0.05694304158536467,0.08863974517232398,-0.4707244603513492,-0.16693778428498374,0.3444410050747878,0.03222636412063107,-0.42235956911610284,0.2881262345336576,-0.09323151792749762,0.2001522794937709,-0.4467581033295205,-0.22353966297338057,-0.009709546515862089,-0.6261085326846012,1.0,-0.5618827144006193,-0.34319808549733,-0.1641877612542244,0.4702407738609724,0.5432251700110925,-0.5101921932724474,0.333167856673815,0.3365024073962255,-0.2781984740565755,0.19579602498523718,0.23800823980527275,0.0002638874560696447,0.46948570253138333,0.08108255297081834,0.175771188704538,-0.32636041516455117,0.5880370439918192,0.39370980813476497,0.2745648310194775,-0.6780931268905235,0.5479934862909758,-0.48406258614957776,0.6244747546995213,-0.22994113111431913,-0.4850873663009445,-0.27275964075876136,0.030309653091909583,-0.6629481203788878,0.4158555603248999,0.39364268093175125,0.3818751539367419,-0.5828407364746331,-0.07709547502900671,-0.26360551126057463,-0.3920760091081572,0.6227738941079703,-0.24127134953881413,-0.41297620774894517,-0.20685843845382412,0.03700550084587295,0.24979950455749833,-0.3254528894057904,-0.3637827461208274,0.36288620434707786,0.12970695497668738,0.14744301208562516,-0.005394278934199193,0.4542276076455817,-0.4152423082566319,-0.45331266903927103,-0.4795246962761748
NAM,0.6184472509253396,-0.18351693153896242,-0.5483954706178777,-0.5684347740994644,-0.12917443267094475,-0.6717893253496223,-0.5550033434855584,-0.28370915256385976,-0.3985633978629608,0.43239586030773847,0.5628457931341049,-0.0029947767173026385,-0.25778451755106224,-0.5161561866845941,-0.11522334615908858,-0.035659855306453325,-0.30071682403708344,0.33466975151766976,-0.0013448359315169078,-0.42524517576803844,-0.20098010013340817,0.44831947975316755,0.7751719172956133,0.4376977018784536,-0.5733355637250637,-0.5546824257639815,-0.6872821707667829,-0.3383670612493317,0.4380205376127646,0.5080545024511015,0.45753141229246974,0.5592067462011424,-0.350715229126793,0.4027697869895648,0.4027489882408697,-0.2967322016654381,-0.3316869596662706,-0.4198151963043599,-0.5737923778951937,0.5987182262908926,-0.3924801990111648,-0.40642516734490974,0.03715954233626961,-0.4768496818149597,-0.0294656361456338,-0.352264228058387,-0.30234017334601493,0.27117220866041336,-0.479979204156477,0.25104920245453255,-0.4684392719421955,0.3804903911550872,-0.5380767477398201,-0.06894561570017399,0.4373693801216809,0.6436633890916529,0.4100071460381336,0.5103130631059539,0.42530173557346207,-0.312168639710241,0.14859218248923323,0.4411539136284839,-0.26510638739035386,0.43483078702498124,-0.3171843456322574,-0.11962960421454949,0.12843866171993523,-0.25452236546948637,-0.33808390436576663,0.19198024910203382,-0.38813572945198604,-0.44803155215483126,-0.5504085882657679,-0.5116918616996031,-0.46220135471974366,0.3598376585976978,0.09833596475050255,0.14604201429868346,-0.7277496813059647,-0.3047326447125709,-0.42472847011495496,0.053914484299494636,0.049621006389525824,0.8898750521561256,-0.21847086166422214,-0.3291529470828056,-0.22804813806216617,0.2026486335015807,-0.24576013731948865,0.3965567398133366,0.17783588907612047,-0.6183522551892182,-0.013234293692583998,0.44302865162798866,-0.3131765646447475,0.031021668778763445,0.09571605898250957,0.5791570699183397,0.5436607569913067,-0.1358442294398523,0.5655839778463233,-0.5618827144006193,1.0,0.3720272069772812,0.2838894727107144,-0.4405450372044182,-0.6173364997380604,0.11326257039673826,-0.5613398327710484,-0.041720243683861735,-0.01740621538926157,-0.15000386380454356,-0.4531072933389082,0.011331822493698684,-0.5133775504371416,-0.3225265414920244,-0.17679779348119906,0.25390917839894267,-0.5134360668571039,-0.40292079626974475,-0.5350028925048855,0.53968953512678,-0.22880238731456548,0.442351879821957,-0.4410105108189353,0.46650177182121255,0.4129453290883971,0.04792363547323886,-0.18659951771493977,0.6196894611819741,-0.24756266968687157,-0.3384385446872755,-0.4539377576276633,0.8667222171937284,0.17942404686524216,0.43590246708894975,0.49958605351906593,-0.41242421465275325,0.20549901672668425,0.5620647523582163,0.14632571033623576,0.042978225244915125,-0.3746954504788935,0.38158701263741146,0.4765042997948459,-0.421512832025857,-0.5794926299913796,-0.5376800579629175,-0.3289868341031461,-0.37071843831402185,0.35350138574202483,0.6296928541991439,0.6720239229780577
NER,0.5008287291666521,-0.3591347321219809,-0.48088000952961396,-0.42095067877363723,-0.4528118639049816,-0.6624925843213354,-0.7532534000954014,-0.07630592695579308,-0.7484961917646185,0.9247864493200696,0.9311949731309003,0.513542960587593,-0.8586766502643339,-0.5346521761114409,-0.5642842011448537,-0.5718210176545484,-0.43746941440276954,0.008341349446679303,0.5936658060768804,-0.22080945620955594,-0.4239201105261565,0.4777203741846314,0.04876880326018673,0.7922111114992534,-0.7724194758483387,-0.6959036813457069,-0.7586239675977158,-0.030952169825775533,0.7788581534176148,0.8740391277654189,0.8348010428697344,0.3305418622180749,-0.2815762444996641,0.7463944882032435,-0.052434290073271494,-0.6172513508063371,-0.6548868978740359,-0.7192307202966575,-0.7441423450203164,0.036753962870491486,-0.7441644584632128,-0.13282918426242452,0.0805379054995099,0.11185363671835469,0.2751250070010772,-0.7161576301715527,-0.8359924429714716,0.8121345173211979,-0.7673737510798984,0.09136906985571769,-0.6575911700961192,0.08308258695910065,-0.7108100992714248,-0.5889119152094207,0.716586038014498,0.8719104443263785,0.6468066125373778,0.8569929768458353,0.2913375312548545,-0.6132757586208566,0.7067790176924221,0.6430183411122954,-0.7273316037265851,0.5348739194252982,-0.7880150006149842,0.36897785414072426,0.5180732626832996,-0.8066629252280699,-0.33489711995296956,0.2697858636399937,-0.6989582357406656,-0.6543348131026774,-0.6855608599945562,-0.5005964388653681,-0.3550995999487476,0.8739562971814488,0.31217201017969,0.6824810344850496,-0.6582487656993374,-0.2176215193448836,-0.5603345685834755,-0.0735618301074108,0.26766908097250797,0.38496732492602315,-0.7767641506121827,-0.6517543271260182,-0.7971107587814417,0.27969344076111735,-0.0842489092351606,0.9254603295929927,-0.11065049116487757,-0.33375896362081936,-0.704791860044526,0.9583237343284858,-0.7016321295674928,-0.6205349368500916,-0.014507804813461922,0.905640340215595,0.6216676331147659,-0.46734110198928813,0.8566805440909412,-0.34319808549733,0.3720272069772812,1.0,0.37533184605786474,-0.6825474512929115,-0.6367989138788288,0.4094681965299203,-0.6990457436684219,0.04729972823010986,0.7953608615118595,-0.31697129539241287,0.03547464196269157,0.5796369164288113,-0.7951103455394408,-0.641790445830559,0.301264760775504,-0.06908119944468094,-0.3885852046794527,-0.49708669302969644,-0.5585822483949381,0.7445344165566647,-0.245111711503893,0.9325351352963925,-0.6708403707844879,0.7503759896805267,0.7744764647629312,0.19444131438111545,-0.7278319218446385,0.2954586674147166,-0.7908142465829995,-0.7157964968473054,-0.7471718875967683,0.33855741367002645,0.3970581960798205,0.94001190355269,0.9247206441619356,0.12072333255511358,0.5035304479052235,0.45141645106954675,0.3233974813612026,-0.4314502379325029,-0.353306486783562,0.8524390271071643,0.7977895427104224,-0.6188478142350813,-0.564495027572206,-0.5892857310068265,0.18372567658211958,0.3085056530069725,-0.24662221119445915,0.6949836796655722,0.606264501013815
NIC,0.2842832134422969,0.11274416940187815,-0.42461376759273683,-0.26003946136116785,0.2456447796003165,-0.7283534109079881,-0.59708149014342,-0.04465477354897307,-0.575879938648614,0.40776743823870576,0.45109348587956777,0.45130716954271766,-0.17202304191800133,-0.3289578287999084,-0.435912499185819,-0.1452133659505066,0.22907477374698415,0.256712427316214,0.4656611233530802,-0.4175342668958004,-0.36973132820393184,0.434187386629592,0.13312195171519203,0.4657587533184664,-0.7117310824948657,-0.5464550527917982,-0.4264928807314974,-0.21975536491389325,0.4141578764636107,0.3448671498019652,0.45356762597093203,0.31078198913480226,-0.1644258200159867,0.4596697156089945,0.20702873088310247,-0.22764275214944996,-0.40010517620705954,-0.5281779864810394,-0.5355912302750396,0.2583482368110188,-0.6167539606265366,-0.10021592272374957,-0.04138255781039901,0.12739515543134594,0.008714551615323085,-0.5948449092115806,-0.27605944395701143,0.5421185794535898,-0.6482193864353536,0.4981882091234776,-0.6521886462803343,0.11684205385085766,-0.6931587364179683,0.16425741167487562,0.6649364186579308,0.50587923846701,0.32913021241754714,0.5580831575559883,0.02697263391800142,-0.5113939299011521,0.4124441222085402,0.6707518928820866,-0.44367780029746706,0.4868712350930262,-0.3083381425207572,0.2157412641453319,0.32130800953322236,-0.47413787681471,-0.1612526830522043,0.05709100189297378,-0.4033101037228848,-0.6261024832039483,-0.6384131410467144,-0.6847720364714434,-0.28769132592280666,0.5008227866206245,0.6096061493591522,0.5268073982630624,-0.5672518358932899,-0.4028973436347696,-0.29356029422895236,-0.19786726439043734,0.26083380857866034,0.25725898287282367,-0.1353555408650875,-0.39086464681523836,-0.18742459517214272,-0.03944527420711985,0.308952457040403,0.5420097132929634,0.11782924841842513,-0.47253111478644905,-0.07472890154911105,0.37382571579908386,-0.32629777444406916,-0.12117639794966384,0.5064060848529925,0.48884967444944905,0.5062699285752866,-0.06214711209178847,0.4624351224258889,-0.1641877612542244,0.2838894727107144,0.37533184605786474,1.0,-0.5831585510387509,-0.6638823492402279,0.5612968131413145,-0.5512525827056405,-0.27281924129190527,0.286032010345016,0.10071668987837001,0.13305550455923054,0.23310599820754518,-0.47859691494866174,-0.5382402495600118,0.4466491261640393,0.036944182611546084,-0.33619326856944776,-0.1325070026469739,-0.4340487438992999,0.5280707331653717,-0.3868367880438477,0.3340245191875453,-0.3141931658644259,0.48496761818176615,0.5294646683294367,0.43193632991239594,-0.18618030526303597,0.35756634772246687,-0.4147057568925898,-0.4309694649180065,-0.6291503188540197,0.2542370003601042,0.2031568767780063,0.3877094332905173,0.4877609791516204,0.01980873975467856,0.641884322118714,0.3150121968498013,0.3066124714975841,-0.15223114012932393,-0.27358760859267983,0.536548876184796,0.34918776933649953,-0.015845530371770167,-0.1231350214150877,-0.7160795476223636,0.3456584386831538,0.3635978301967886,-0.36775604921510396,0.4619935544495386,0.4062917353010488
NLD,-0.6687513300695351,0.11395484188600069,0.4140441999804715,0.1669790771326065,-0.002104223307482389,0.7441173799691551,0.9285373685913894,-0.260935580850433,0.9658283712561958,-0.7391949519223107,-0.8241600420085775,-0.6704636717417078,0.6495179519258931,0.5378870934055285,0.6673920565119068,0.40233658078106505,0.028128568599345094,0.01689517610361624,-0.5747185588682433,0.17346272148079356,0.20495524117349406,-0.48080192697457336,-0.2789693640135045,-0.851454479339707,0.8613419130953728,0.8535449650798713,0.6230641411681886,-0.026540688214717445,-0.725952109228239,-0.7129327249372623,-0.7787803689821944,-0.5911431282074315,-0.03696401695810936,-0.6450191943704127,0.11188695132714799,0.5222771984274519,0.8037337497586946,0.8799901969134725,0.8193933254171988,0.019464722696294956,0.9683648924673252,-0.12334860676871373,-0.3381274460692367,-0.17584693952770003,-0.5635361953310221,0.7711555344437316,0.7212899950852507,-0.7423134749839173,0.895273546131313,-0.0414173576457999,0.8767538198628307,-0.43384005023943284,0.878963205169299,0.2064455016899276,-0.7494536727234611,-0.820457317733593,-0.5842457385977413,-0.7349131854608832,-0.4572319238043818,0.6931230339017298,-0.6552222979521769,-0.4842665434782927,0.7342674603345712,-0.7897423344993246,0.8189944774753483,-0.5852394458443633,-0.6131770392461875,0.8536584789279138,-0.17783855759408085,-0.47589743174564814,0.8075480741950307,0.8690043520093015,0.790451766083221,0.750862275967423,0.03019213657181119,-0.7278849285192548,-0.39170652217390933,-0.6098302935245565,0.8103167217624999,0.2056104591962714,0.683582742165777,0.08978719726575679,-0.32238395867400294,-0.4016384894182017,0.5771259864095346,0.8108165894822318,0.64239131917006,0.04457256748764471,0.08957832481449302,-0.7567689515549889,0.1395207202089097,0.28802006774652833,0.44145083858569145,-0.7787419842372669,0.8339166360017921,0.5940270045918374,-0.27158509233737727,-0.622485494449549,-0.8184389562599108,0.37174314167512135,-0.7372362518358351,0.4702407738609724,-0.4405450372044182,-0.6825474512929115,-0.5831585510387509,1.0,0.7514475130490681,-0.7073150717026213,0.8384876315696789,-0.0049917072538654406,-0.6647539898593431,0.38633208470530955,-0.18866070799041745,-0.47950210967420714,0.7340642991935065,0.7666995134623685,-0.4873258313865949,0.09121842476295017,0.2947122815761225,0.2547081432493802,0.35162512195172724,-0.8219894625327853,0.16217458673294272,-0.6521362290575325,0.7459091544391653,-0.44781986391698414,-0.8802998216359366,-0.17961379468990724,0.376756665275668,-0.2685805381424493,0.7806450653616772,0.8109607286607529,0.9442816728435935,-0.5472625427758349,-0.5926459895615117,-0.7998523509732602,-0.695559239579826,0.18458398649897423,-0.6635899452157976,-0.12964629379534598,-0.07467619471466391,0.2442750342268416,0.11475307073828589,-0.8558163049245935,-0.7217943733806917,0.36835637584271796,0.34545197946164286,0.6667048695033928,-0.483923581287411,-0.33623079480328366,0.06420194993025219,-0.8431595150009756,-0.4721046970782621
NOR,-0.48488152531157236,0.10740044334229792,0.7021749414637493,0.4606029213554821,0.002425576881223357,0.8614917265568359,0.8565712033285318,0.2704973894380406,0.7611594530258551,-0.7659536824921285,-0.791986800700339,-0.6360558070032005,0.47280672318468064,0.6463474813911971,0.355228334276003,0.19099277698473816,0.29268558040221815,-0.10710674706933787,-0.25829326134364994,0.2481047030572301,0.6419721086887024,-0.3787835330626852,-0.2397226300375861,-0.742456337807448,0.8512551670089514,0.7414498527702531,0.6705400533768398,0.09823417452519767,-0.7362314974523767,-0.7600255763810311,-0.7023120696265264,-0.35915555432524715,0.13908640736592237,-0.7117747959400273,-0.27435644704131024,0.3753038625605981,0.5773997197292603,0.7522307900884396,0.7195867924506747,-0.4818364238937236,0.795294863322705,-0.01997999232067893,-0.04153063183098449,0.11440368028351611,-0.287767020559933,0.5531234496779601,0.6300047080341676,-0.7584557557870468,0.8852417832097959,-0.2247585117864801,0.6676747195757536,-0.11066647590579914,0.7507300859712228,0.022721302286869305,-0.7628349834914121,-0.8158780817527229,-0.661123106646309,-0.7628310855724796,-0.13905723939597103,0.48677757404476685,-0.6255384155927373,-0.6867619537274401,0.578513990559607,-0.8161787346361229,0.5953177114321967,-0.3586808763431326,-0.6197888188249638,0.6427329060695148,0.2096268119977872,-0.10548459188829495,0.7855548769565862,0.7494926577639085,0.6665002297800234,0.6316706678588682,0.4128827545018141,-0.7475959409273396,-0.2865083413755105,-0.5692284220608617,0.8204049314791558,0.5585789808473111,0.33679189300747114,0.15570425220850104,-0.23735705397457707,-0.5389113892882065,0.4542516549121707,0.6133638539550098,0.46060722036027935,-0.31101994613827966,0.06764496864578284,-0.7666925554259416,-0.102763658816035,0.3414452594816919,0.2345767297528235,-0.6735446580678892,0.5920363277268733,0.26647565932684736,-0.17401812042488451,-0.8177278939420924,-0.6122348166187965,0.16309997404422671,-0.7453368758085328,0.5432251700110925,-0.6173364997380604,-0.6367989138788288,-0.6638823492402279,0.7514475130490681,1.0,-0.6715900060566544,0.7974103440272823,0.2817410665597858,-0.5385093898105715,0.10936081394967423,0.08618590500181889,-0.44958682064581645,0.6895856447545873,0.5171696737932642,-0.25897346432481116,-0.10965350754430214,0.658958284597028,0.42125549464571077,0.5666819929865277,-0.8410162173949534,0.5156915123869737,-0.7111438476620009,0.5845266517627974,-0.4839641975732767,-0.8043618826540786,-0.33268533371278486,0.3824448420526634,-0.47883271608108635,0.6210786859578862,0.7154159732831441,0.841085965253237,-0.5728114293936328,-0.3657784575931158,-0.6309930162956461,-0.7887975204767086,0.16826622721126105,-0.5676635885906887,-0.36464127760505294,-0.12417662404053886,0.05231194575015374,0.1618100982394407,-0.7519058656022617,-0.6472690606334428,0.30425853164766914,0.4479675150992326,0.5888052216245001,-0.2287440547295967,-0.12068408700483646,-0.1121342099575442,-0.7748502072023502,-0.7168084060584481
NPL,0.31575926374969265,-0.001368327064865893,-0.5300090891439653,0.18581045198594326,0.1695776935956277,-0.4596980365741019,-0.7226658924917948,-0.01833360978285281,-0.7247607358972981,0.5999878998452142,0.5363437555211386,0.7147003029747883,-0.32307061063582543,-0.4553439899138385,-0.4110843383302656,-0.16249702898940277,0.046765667054621374,-0.1168693446407234,0.38193166347833396,0.250536159268517,-0.49824731624759044,0.13391405249862398,-0.08209163291237931,0.6528756801983647,-0.6019229430841713,-0.6557144931787011,-0.34782694972752104,0.04818739488780355,0.6315318604590181,0.5052634517259311,0.46560682711284374,0.11128204861533875,0.3179198987557249,0.6003627492470914,0.1240831161448116,-0.14890903192508387,-0.5173288292450473,-0.7819555735456274,-0.5024252886141953,0.031338577009836444,-0.6870572432297095,0.3830958275078955,0.15297869422728583,0.024158382600868444,0.435939331070922,-0.39270664337077976,-0.5850037080987767,0.7377531051792192,-0.6822569043408984,0.08715347058155143,-0.4739032149701352,0.022769099547589766,-0.5019190830602889,0.07230203575939698,0.5895263449862717,0.497663114855184,0.62958730039182,0.6345722204551257,-0.06667368218093639,-0.2846894218279221,0.575896474447008,0.34236434724928766,-0.48233744092751585,0.7682142035761981,-0.5956392505072989,0.45865906170562254,0.6013854948786636,-0.7004782469775788,0.20898044565767648,0.049938329762913125,-0.5840845495526681,-0.6191228591784113,-0.413744675545731,-0.46059200565049974,-0.15008510392991115,0.6162765967662083,0.12083439247114436,0.4254784306595687,-0.6153210239556646,-0.45005594873136934,-0.20142879782741852,-0.04426204600924355,0.1744348974037282,0.05853910801944584,-0.38546343879384604,-0.5936810698318569,-0.351839827566641,0.031461743847916446,-0.05151802899533875,0.6279210330450838,-0.06322208296784249,-0.07660578087454573,-0.20146303674025656,0.5239992291108669,-0.574326642445796,-0.3738465590872464,0.07787241768256425,0.45416681176330065,0.4322933473500594,-0.2860466355435347,0.5595258889950193,-0.5101921932724474,0.11326257039673826,0.4094681965299203,0.5612968131413145,-0.7073150717026213,-0.6715900060566544,1.0,-0.5038873413189484,-0.33244610934800956,0.6432466327543086,-0.23879623144355167,0.292323155872078,0.3865714132517539,-0.5421750654572037,-0.4419407432597673,0.3194215067083488,0.031824649475510114,-0.41595082741388456,-0.2444628157714166,-0.095568721090878,0.7111635318566752,-0.44940979333213815,0.48567698860035446,-0.6037250236498606,0.14432240112395767,0.7532778176419638,0.3610802661107264,-0.1434722616795996,0.3262899376728108,-0.707191279486699,-0.7434812833180464,-0.6740978535190709,0.206934719738046,0.49029438807897063,0.41508456915227876,0.45952571648006235,-0.28377863482032817,0.431171362315933,0.013082863611275752,-0.1108711503848101,-0.09817952879909098,0.1375542072110043,0.6326596866727903,0.47045241729287923,-0.1040105762008745,0.13274200055747842,-0.29408282671378405,0.5591330393505896,0.21935364488286502,0.03163832510404463,0.5131189040107454,0.24024841745444314
NZL,-0.7142290289607756,0.279371070849195,0.337783905035687,0.4730671548589447,0.2640000644309003,0.8740799352022838,0.8346627018306582,-0.13656987391988662,0.7791765772495445,-0.7017522104593883,-0.8519144881259715,-0.607022476104395,0.5869913739396496,0.46140284038718327,0.6726230544920617,0.3992956473081124,0.060906953669250585,0.09267403219708648,-0.5375893875877131,0.3428297699212741,0.22430764510117218,-0.587266451989493,-0.36956678098207796,-0.7082169477895914,0.891010586051863,0.7624744894414435,0.68411365510554,-0.07558139402869823,-0.7076398290910544,-0.6893411069921807,-0.8211811120083414,-0.6390563943966452,0.18542825459258494,-0.48136121216181116,0.0636996268752219,0.6074516154698363,0.7633632139903004,0.7445715673484736,0.7797682784226566,-0.2733724961449231,0.8938849394868125,0.08163914355034596,-0.29642840136018744,-0.08203489197721203,-0.3499134927293639,0.7551721937771221,0.6952656006523135,-0.7177014266335537,0.9088419847237971,-0.06167625603411775,0.8359657400546008,-0.38487054741621396,0.857981362430522,0.3665123540536315,-0.7715668645828133,-0.9030466896693174,-0.4511141092560145,-0.6542545551290377,-0.5303138013293784,0.7367619633530786,-0.6446031347300685,-0.6773951970902536,0.756332111289745,-0.6411291370386274,0.6765533040134124,-0.5024457904916833,-0.6494335656331045,0.6856626044832652,0.03207807775829741,-0.4726464918651647,0.9000635411145997,0.896621738322696,0.7738534086602606,0.7760233736054837,0.17636876901251541,-0.7130207058510516,-0.3758399010863731,-0.6984529261708992,0.724253498303866,0.1531004387721231,0.6582475306305944,0.11412224014806904,-0.2443170690116614,-0.6069293683396673,0.5515039315939315,0.659177252902076,0.6463924815538783,-0.10599701759824298,0.15333414629243525,-0.729580049572566,0.023894247359055543,0.2694009154858541,0.4904264847391584,-0.7592294659327832,0.7115139301251263,0.6024078690102077,-0.2564442856536846,-0.7329184034413738,-0.8161606169076416,0.3067287932633208,-0.6971718075042284,0.333167856673815,-0.5613398327710484,-0.6990457436684219,-0.5512525827056405,0.8384876315696789,0.7974103440272823,-0.5038873413189484,1.0,-0.04625521995077997,-0.5615110213825898,0.2193993446244642,-0.033386312850152366,-0.45086598684403434,0.7084028002635081,0.6971998114332242,-0.32187519099152606,0.19160317902405433,0.29071851639465685,0.31255072397386297,0.46656509430032056,-0.7119459599412845,0.13104782131934056,-0.6950326596576986,0.5112627777597983,-0.5102403625260097,-0.7591000928713587,-0.2427768836365678,0.49362633507705467,-0.219575979329667,0.6377262497982833,0.7183046821614021,0.8989824584325867,-0.5699631289062916,-0.44520681427683195,-0.8085123241711614,-0.7541346810324385,-0.05046851558232257,-0.494046851214051,-0.2603840527103034,0.02978738515667656,0.1961117863987658,0.19892429081572494,-0.819118475982449,-0.6954952350351489,0.36547821066040853,0.6274549837973615,0.7469604514498656,-0.1490963618021337,-0.4085845346231669,0.04438383343675978,-0.8351697343454705,-0.598338558561504
OMN,0.3775163662635581,-0.2431903123774184,0.6121381867987686,0.0011830348619599196,-0.5218290305876638,0.1780240824173257,-0.029812752425589784,0.3198581545932403,0.1339523017998231,0.00800890029783563,0.022868398674071866,-0.2780887114229569,-0.3396477512795115,-0.14916596153016415,-0.10664947880558584,-0.5271673498907603,-0.02418331223019199,-0.003471501542985811,0.10724624546741168,-0.16745646913774448,0.4746377433062574,-0.02594253727553575,0.12493657235129174,-0.1759110373245356,0.08424464073597115,0.06856601865954204,0.007318158242560879,0.15244375003741928,-0.0270589844160547,-0.001251233442871813,0.1445016592277022,0.36729677652458625,-0.18123575742085274,-0.2208710323885814,-0.41611612102103,0.0031082433291810263,0.03728494583898756,-0.02998444880552853,-0.32703453302647056,-0.18985616996388388,-0.0278485976978764,-0.10459707950689112,0.37474457506671777,0.07468017372430369,0.11919571939700024,-0.13451884005421588,-0.1547206494914375,-0.09603200138675394,0.018227720489438326,-0.43622934980427597,-0.14396341225814768,0.5094837089508716,-0.024757928679220553,-0.5974015360950737,-0.07305133597869706,-0.011210783851061557,0.008248475430337576,-0.11887636389174339,0.6624314685937811,-0.1535947244505662,0.0064723571765502586,0.05773628930115926,-0.3152467664471843,-0.2840513938816964,-0.2394395158085625,-0.021905478879604257,-0.16054651238984863,-0.011848046500058329,0.200171097249071,0.5363521135379804,-0.0025347324807853955,0.13874169750039034,-0.12101049654797258,-0.13243950655073378,0.2182827097299217,-0.1013763800359484,-0.08460198766434468,0.08004595191934516,0.0896104695173513,0.849434134760262,-0.12473073879867247,0.001912492295566448,-0.2154252026517296,-0.0266344678164554,-0.5067783208022916,0.21234225468713508,-0.5047680313987626,-0.2070120876553303,-0.5019657080930426,-0.03464418749005893,0.18936974011730334,0.07655808215535043,-0.38897331589024553,0.10736807616983679,-0.04381250995432717,-0.3261027130869434,-0.004766213026088151,-0.12865607831786985,0.35480060565851557,-0.41437744577627433,-0.08836438945834124,0.3365024073962255,-0.041720243683861735,0.04729972823010986,-0.27281924129190527,-0.0049917072538654406,0.2817410665597858,-0.33244610934800956,-0.04625521995077997,1.0,-0.056000915165806076,-0.08660615285799889,-0.15183363782544612,0.08701309756318432,-0.19142039932064314,-0.2447162372461018,-0.059528244718810575,0.01523179877017633,0.26366958558702513,-0.34574791867779364,-0.08054394351808702,-0.21773524565362545,0.7519671816084881,0.01743134174824601,0.21895919856071022,0.21368081976687603,-0.08709157484605701,-0.499106264692494,-0.34461057522850824,-0.0973656616862768,-0.12386295260513691,-0.07598598017039859,0.015345432771285528,-0.2544323149029286,0.38729485630212246,0.12216339256350506,-0.03483399927303643,0.05190935383670903,-0.10912419522727856,-0.12193824629177197,-0.3729506057105674,-0.012045467090698425,0.12617854011475593,0.058177980115927785,0.18126251316431208,-0.36312505112777504,-0.2648267889902989,-0.05793493286564333,-0.11644396322440098,0.05189084270857758,-0.14038052615843166,0.1448155530195553,-0.33661736722445146
PAK,0.34771528323795986,-0.3898634537303476,-0.37804956468880646,0.041666230147969996,-0.3497839029200507,-0.3825533152594933,-0.6751094765078389,0.05756823233709096,-0.7327296072733724,0.7862955288018957,0.735231218671449,0.7604760534392707,-0.7402748482840344,-0.465517706823523,-0.6118981650241939,-0.5939251442185105,-0.2014899877737686,-0.28075065027394386,0.5987749359103443,0.1938146960004662,-0.5000015140161183,0.1752745633757382,-0.21561327001935382,0.6641109655569938,-0.5620259171953179,-0.5903264403280708,-0.5061952254020081,0.2674812272601914,0.6584845765027241,0.7465556239809173,0.7045213585676501,0.0605622077693313,0.08114197273466583,0.5998179856329379,-0.2898137631651201,-0.47843565706223146,-0.6475669770881989,-0.7597359351096822,-0.5286048090394957,-0.24065635571955957,-0.7439947443191104,0.26657144983602177,0.19344378942895635,0.31713924090331047,0.5399454324081592,-0.5822237733470899,-0.8380065360585971,0.8364599705646006,-0.7154975753224333,-0.07861968134397879,-0.4869956704172891,-0.11632771588514257,-0.48858408503043105,-0.4158690244315464,0.6616515871788611,0.6435086904624834,0.5330420339442277,0.663269047377457,0.08011275347726898,-0.4953369054229082,0.7894012651766416,0.4404826739934804,-0.7043212762681872,0.5521825710461736,-0.7955168446133973,0.6355938414762813,0.724679639633777,-0.8443840278400558,0.09883761590066087,0.23387163378364673,-0.7466853694139517,-0.5897515854033606,-0.43604999138223555,-0.3399586207051861,-0.0189409958669029,0.8755825997259921,0.2680930016357097,0.6223882835197675,-0.485121041326821,-0.22876278086799573,-0.40886398041357164,-0.0867666233495148,0.35969087810271627,0.027876048024617517,-0.727016908903944,-0.665825046883608,-0.7364309729071752,0.04897507225680475,-0.021624552031491273,0.8340716435940746,-0.22920084851760958,0.11404794968889442,-0.7478286062690491,0.8266195070059073,-0.7724363722646896,-0.769027315656253,-0.041937223721854267,0.6469858584916528,0.4228851054623506,-0.47664745244454587,0.7192641584948347,-0.2781984740565755,-0.01740621538926157,0.7953608615118595,0.286032010345016,-0.6647539898593431,-0.5385093898105715,0.6432466327543086,-0.5615110213825898,-0.056000915165806076,1.0,-0.2691387900445812,0.33359759829601865,0.727794249913904,-0.608922094958563,-0.5964013374279822,0.3374377168078275,-0.20547848014089576,-0.3003772625702381,-0.3334989333441194,-0.11305010284585637,0.6479844601108538,-0.22899104413835847,0.7550684246438741,-0.6358407654115945,0.3834598418800793,0.7683030738898631,0.21228341767349712,-0.583267062827086,0.03835276644228347,-0.8389575231436366,-0.793882937351466,-0.7097641539476132,0.04181464604607188,0.4804758461595783,0.7508935479495684,0.7043537941912213,0.19011107842251662,0.47239943578330545,0.14184755923613235,0.02123752169635007,-0.45064952190178187,0.024310952127977847,0.8183206347517898,0.7021725445092482,-0.29440800773239806,-0.24979932760926693,-0.22829746087842273,0.5405911663322066,0.5050738031272758,-0.1254960130877043,0.5780194300485559,0.393943151353523
PAN,-0.39337624343514155,-0.15837373631707674,0.2532572769384187,-0.13464989279443973,-0.13204350040264812,0.11382842439448115,0.3470175699398973,-0.4089216615503093,0.42329790072913154,-0.24291353731196885,-0.32343325120805577,-0.0436869961114823,0.3015602380106859,0.2945985157039588,0.442170906464045,-0.08688317666996159,0.10806623208270949,0.2443062373904098,-0.16424162149297183,-0.2957475051929548,-0.12717298713310887,-0.05859292165918406,-0.10630224964793156,-0.39659241596855854,0.174516451168105,0.515106509176026,0.23205623722388524,-0.28695493396570426,-0.43131369244531537,-0.2493127341633663,-0.35741300701390677,-0.34449496086078657,-0.23639226946809955,-0.08618704858452464,0.34774461234555054,0.2941564794975804,0.43602471567399315,0.21239795069099998,0.23129777371672744,0.45017609842751527,0.2929683192608117,0.20763202602979258,-0.5655069040685632,0.1265322352480922,-0.6136215251936286,0.057946575896749675,0.3950126540767356,-0.1493301159026117,0.18477161121594565,0.3506354648352258,0.21152800318444298,-0.2848064255374161,0.2391204506106841,0.22219403025129025,-0.02433510235275249,-0.26631873748160784,-0.26153279168418964,-0.18792310989258176,-0.18035097498104036,-0.03344157694432037,0.05739569538107747,0.1273981316822912,0.05549357747443928,-0.18473717725004213,0.23092096704628107,-0.39798716986849625,-0.36826104035689133,0.41184982020838845,-0.3753666529473205,-0.4394385749098182,0.256545133392063,0.3386838762126536,0.11351541142381338,0.06344617816697318,0.03353178567249082,-0.12312358825062364,-0.010968809263434354,0.027454325633573196,0.24894080194515833,0.05896286108598181,0.5531176874115085,-0.47210451614446836,-0.04127868350651731,-0.20441645772304118,0.28505969616312987,0.6163277851784693,0.2946298003326868,-0.20728537830909133,0.2091747889264436,-0.26110684825176556,0.5162628891971437,0.08037654645092507,0.05211025091191723,-0.3530228539763649,0.5435758327680901,0.28004745249560226,0.38267917807702656,-0.18768092011003867,-0.25078138032642605,0.4665804908902338,-0.3206077777196219,0.19579602498523718,-0.15000386380454356,-0.31697129539241287,0.10071668987837001,0.38633208470530955,0.10936081394967423,-0.23879623144355167,0.2193993446244642,-0.08660615285799889,-0.2691387900445812,1.0,-0.009093018836591416,-0.12226906349353017,0.10636290561325323,0.13237474332852361,-0.11823646644047292,0.022432366094947365,0.1744577862308041,-0.1171936149113344,-0.11187013239698751,-0.2636518592498205,-0.11936422007740788,-0.22688097126565854,0.6653571367534546,-0.02833541619937119,-0.15068607964869996,0.16216752735745543,-0.2010434547924147,0.1016239480705472,0.2834033957039612,0.2697059875843364,0.2673503757995712,-0.3132936636654122,-0.45155348659272376,-0.3579170964234226,-0.08549743669565224,0.018880184065339867,-0.23531562683733975,0.0012111184061708302,0.16027315670085807,-0.23139932948554787,-0.0390774536934928,-0.236953763454109,-0.27345115834492395,0.053967308676529324,0.21292279128444003,0.10937337942283687,-0.2769186302578497,-0.038508977203602246,-0.12960783774097484,-0.19287352012845793,0.10756991585610287
PER,-0.05292201612672143,0.06362669204431604,0.19670228591484495,0.4357164891256371,0.19242848869297602,0.09564320864908338,-0.0823751157362993,0.33826228720460505,-0.27664615040339857,0.07080303732904836,0.03251793434986294,0.5006955672140633,-0.049904181399035075,0.24238135019426998,-0.33783540511470944,-0.3293332044583688,0.20490060324637416,-0.5928994172271294,0.49488623672619836,0.3787868231624617,0.010570101833843104,-0.10019383053113651,-0.2696903779801072,0.2469221007733161,-0.0016448384030871566,0.020463737771621693,0.4413470050138014,0.3901125791672746,0.023596619273962616,0.14104093588649613,0.1293060558688569,0.06379144703086437,0.6530247064855633,-0.09277922390275783,-0.42620811744522613,-0.09960322763059515,-0.4379372806980468,-0.07008245123159562,0.17380480820878508,-0.48891802853738553,-0.2148013376948139,0.533562973522164,0.11964628201172922,0.7552465336182395,0.21879196649401178,-0.11709777095727691,-0.2232881091252097,0.08278992125878593,-0.16760549530075908,-0.32034499340619615,-0.09825083975789473,0.12466066526585473,-0.06273123180866325,-0.1504535797794404,0.2016488518810522,-0.005104492845347641,-0.1448082875813579,-0.05616206785877775,0.004844508540737036,-0.3072418779258532,0.343668969256575,-0.15075430309356097,-0.3125747270266639,0.2659839776246944,-0.19544366459571982,0.6605484258768256,0.33266002149328167,-0.3736477563836793,0.34965350115375016,0.1443714638203809,-0.2084867256843821,-0.1265518093858513,-0.02616640472009535,0.18658606644005793,0.256466022884938,0.1123967681198309,-0.1301006876467632,0.27515154142232245,0.2556244324133954,0.10215331911651915,-0.1590657162351694,-0.21172894858249913,0.22968037537225994,-0.47309864862554796,-0.051351651904792295,-0.3797373935077786,-0.16199296737139424,-0.007842634534147574,-0.006857442905669364,0.011936023963030618,-0.6969485493592322,0.5523160616459832,-0.372574959480263,0.02734340483545572,-0.28404007056996194,-0.4581650779638413,0.2563735473574209,-0.11719398792715174,0.04924578803034185,-0.2955715095715128,-0.1620364559583074,0.23800823980527275,-0.4531072933389082,0.03547464196269157,0.13305550455923054,-0.18866070799041745,0.08618590500181889,0.292323155872078,-0.033386312850152366,-0.15183363782544612,0.33359759829601865,-0.009093018836591416,1.0,0.4469172167333706,0.050071396370858334,-0.2322802368616721,0.5568166541178492,-0.30180417564000606,0.3882147495971704,0.4250527646747272,0.27256544044244,-0.01929761815261566,0.10037330503210606,0.011539491724256501,-0.011251544832268756,-0.2979399334860027,0.1945452762353439,0.30138789437399327,-0.209605479616636,-0.5183065194286718,-0.2788846805833438,-0.31559881204511964,-0.10786916447139716,-0.3175449125726042,0.1918299786957186,0.15288139126972244,0.02977063049703732,0.206358565616364,-0.044000875984417265,-0.5613148335977165,-0.145842999780182,-0.31547885795805364,0.2922571678108903,0.2229790142253275,0.04771365978853126,0.09232263544278774,0.3989573783969397,0.09499017162421974,0.3423590234913997,0.37412452226126924,-0.19512787333841963,0.05793064221424005,-0.08625698713720231
PHL,0.25067256707454266,-0.08500018684792465,-0.2111262385238022,-0.14643563059804765,-0.2508668429426393,-0.3360594395333485,-0.5229964880949263,0.042120553687129414,-0.5587906297526373,0.6246038144369557,0.5795101156737811,0.7660480463659158,-0.5806585159545001,-0.5517202550055167,-0.432141239758816,-0.6235814678099598,-0.33361238299707696,-0.29276341506571946,0.3605535859415625,0.02655059239957036,-0.561249750815902,-0.06554210608768818,-0.2672025616577094,0.5345917617035619,-0.4034117451842112,-0.2631942564702281,-0.2614098392378903,0.4181860287481707,0.520018139556157,0.6868311649738603,0.6783215593018838,0.1701326341735544,0.1286624072018503,0.39682696452125177,-0.38979252009930754,-0.3156788854135524,-0.546043587242222,-0.4750500177914727,-0.39637116518143056,-0.23104341590796462,-0.5914783161338453,0.20909455299650181,0.010582519562787995,0.348612661587984,0.4831229240137538,-0.3702848376469847,-0.701817946390024,0.6039759365069881,-0.5810523464278083,-0.27903302750458603,-0.36869967723387975,-0.03826396938471022,-0.3454132925686173,-0.4084702625533596,0.5278075265687148,0.467096303576124,0.4045951734854385,0.37396495638612204,0.19059981141795757,-0.4558613936810447,0.7056401152096576,0.40456760437314454,-0.6257175094952814,0.5754141387211726,-0.5925564488279047,0.718202062116034,0.7117601970200761,-0.6121748609106681,0.005119767195692737,0.10982728536965791,-0.6926650983292473,-0.4314882880068489,-0.3420078215591742,-0.12509175475234868,-0.06375858700241932,0.696352534337468,0.06344279715322187,0.7133867713762063,-0.23226156219864946,-0.16276131492378254,-0.3345347209873717,-0.24693898362728728,0.523610352892568,-0.03067842174598545,-0.6501121594155934,-0.535611050198695,-0.6681898768628309,0.24136755219091954,-0.17196373012530075,0.6397161341519851,-0.33032318853181386,0.22856971061711984,-0.6570213412134072,0.5914831964636352,-0.6799976237995082,-0.6441685431214963,-0.06975567216713285,0.5007492600449098,0.4300044068435014,-0.48273253562552787,0.4552334712914239,0.0002638874560696447,0.011331822493698684,0.5796369164288113,0.23310599820754518,-0.47950210967420714,-0.44958682064581645,0.3865714132517539,-0.45086598684403434,0.08701309756318432,0.727794249913904,-0.12226906349353017,0.4469172167333706,1.0,-0.4151567604395443,-0.4640944665673561,0.40073847171944266,-0.2185555405118187,-0.3619611097337736,-0.18902549237804855,-0.23798217362283336,0.49890799631798366,-0.15962990677138267,0.5760062231847797,-0.3401346734632189,0.30752798348314514,0.5884180086771403,0.04829026871076547,-0.6517815211491658,-0.19221432753733314,-0.5822127247041893,-0.6213361949569469,-0.5153309347716002,-0.026624878143883368,0.5872412166906296,0.5877494128546078,0.5997574814397306,0.25631479405090274,0.38823312706415236,-0.1677672991130823,-0.053035458491224485,-0.31341897009589714,0.1153179907575046,0.7618072195400578,0.7101008239972992,-0.3875532687308987,-0.37145282727723417,-0.12985690810017636,0.3174936162583597,0.4461003125199232,-0.10541048385435614,0.6074367359782075,0.33278965643438163
POL,-0.657475062545043,0.3689126568282237,0.40601820626835816,0.3626930186556313,0.42891375951850064,0.7004690583886933,0.8531201098484894,0.10577712549043206,0.7018420252964841,-0.8821996140941115,-0.8409132147900169,-0.402919023786374,0.7487538057770159,0.5332107559510587,0.3894605871954404,0.6280486511448377,0.2938586275234709,-0.2244036142961905,-0.5463623418557066,0.3220717667838202,0.3284260126290266,-0.4818858972517397,-0.26459795059848257,-0.7230050671673307,0.8518416113861009,0.6925892844886213,0.7379985416104337,0.28002192447870367,-0.7662795956387638,-0.8142451920269818,-0.7703191699855281,-0.4716228105809126,0.31235907236857063,-0.7651575378075699,-0.2073327252535162,0.349699176498403,0.5368641831411008,0.8670139281623199,0.9216786773168595,-0.31614493678901034,0.7565457551074489,-0.09349288106644771,-0.12591795581032383,0.05352911255581361,-0.14483296803294188,0.7543739133082538,0.7854826370999604,-0.7279799447348454,0.8338185338830828,-0.23190551479828025,0.7593278093936235,-0.32918027493048485,0.7681329640625842,0.48614441434324285,-0.7069919363942168,-0.8429113488304443,-0.8072199208880861,-0.8594159191293143,-0.47817471613835005,0.5868162492008318,-0.7532224375350927,-0.7353256875563257,0.8068171428879745,-0.6190835461356605,0.8574207648047556,-0.14071840934477597,-0.27695953759203107,0.7379814549690107,0.2657059047784436,-0.30270164471569916,0.6114633130297829,0.6240405261391007,0.8031740609319047,0.7095148352831369,0.3914236415842388,-0.7539332132667123,-0.22314434051808218,-0.6234310730098986,0.828750864471709,0.09069224475152704,0.3324495288657644,0.01651230238135304,-0.021743527680200936,-0.4472925690303231,0.7772581466476985,0.45087810464343914,0.7513616412292827,-0.03259372310448083,0.2744538235799048,-0.8307622143948916,-0.19360229934296358,0.41161289523005573,0.6074279464389433,-0.8653272746720138,0.5160179260073302,0.5150480134742087,-0.0889977212178541,-0.7598879841894544,-0.8125994710709032,0.43376085429535394,-0.7548762959489002,0.46948570253138333,-0.5133775504371416,-0.7951103455394408,-0.47859691494866174,0.7340642991935065,0.6895856447545873,-0.5421750654572037,0.7084028002635081,-0.19142039932064314,-0.608922094958563,0.10636290561325323,0.050071396370858334,-0.4151567604395443,1.0,0.7138899685243898,-0.28281381895332824,-0.13314628461489497,0.3903886996830328,0.7570244032756592,0.6652321163057344,-0.6947805465237546,0.23208039412907,-0.8646901645821812,0.5197398195931336,-0.7144022197738853,-0.8359518468414295,-0.27648885749374297,0.7147356042751594,-0.6381422986233027,0.8463055451913957,0.7969746902265304,0.7782103421779596,-0.38346195359157376,-0.5215941569698448,-0.7990928059933176,-0.8546811018682943,0.2063856448240584,-0.3861250722002285,-0.42054487792639494,-0.15218216674280916,0.2618448103019384,0.33829851278285705,-0.7842085322256915,-0.75407035679869,0.714346749037801,0.3461165057087652,0.6918500213745332,-0.05672128050040559,-0.08184824465977236,0.205750262557155,-0.7946788643379332,-0.46473361899320365
PRT,-0.7183171913456785,0.369567918865191,0.09518930857711116,0.057782039030080945,0.286968136561335,0.5956702537650499,0.7926460330117564,-0.3145646525348298,0.725542648479793,-0.6274077314245272,-0.7143759337779889,-0.41263518508158525,0.6048351808908141,0.3408569418879681,0.7223124042180379,0.7321311610245388,-0.19494135916249933,0.12228060080520287,-0.8373296591692965,0.32529967572722684,0.044920282032591685,-0.4072375759823825,-0.3328595002321424,-0.638933983057117,0.7028325116902308,0.7233667126668558,0.5830758139342287,-0.06704080418625602,-0.5484492741440021,-0.6170621924858608,-0.7671613121104965,-0.5924538940593052,0.19237659553812914,-0.3951873701481674,0.30371916951201716,0.6395826825226691,0.7913319052764024,0.7756693432253378,0.7467760385788943,0.06176038763733138,0.8114141277606892,0.003960761745976593,-0.28230645718784064,-0.27431885263895506,-0.30420248685166884,0.9305312630013837,0.561264577203852,-0.6730267990175687,0.771937131392911,-0.10304453440135242,0.8576657379836667,-0.5138690579144221,0.7741892461130914,0.36250807524867434,-0.8412286441345551,-0.7345551845967333,-0.3521095118279165,-0.6518368863558042,-0.6292124392946818,0.8883372880932919,-0.5113451235149498,-0.5186016862521021,0.9042851584002292,-0.45480307274411524,0.7461824450688255,-0.4400967047383144,-0.410824173552768,0.7780782883576776,-0.10187093202739828,-0.5976840747855432,0.6152492142707903,0.6708498143605984,0.8927222870032957,0.794575330747853,-0.1746850531577484,-0.657757872739869,-0.5564389184922589,-0.606451793823815,0.6117684274720361,-0.12298838221673103,0.6374156447480106,0.2345402994223018,-0.09599335501248185,-0.39782439802144554,0.5698132062045531,0.5499813185931784,0.673188797573787,0.24256088153019806,0.08516657252240767,-0.6625625472803045,0.12186400222739358,0.27774380387840325,0.6445296983284006,-0.7387354767639764,0.6902758329010031,0.753881956958785,-0.5376024300177349,-0.5660845669922312,-0.7954035563929023,0.5982933396383177,-0.6111717444597065,0.08108255297081834,-0.3225265414920244,-0.641790445830559,-0.5382402495600118,0.7666995134623685,0.5171696737932642,-0.4419407432597673,0.6971998114332242,-0.2447162372461018,-0.5964013374279822,0.13237474332852361,-0.2322802368616721,-0.4640944665673561,0.7138899685243898,1.0,-0.33584146648981017,0.04655622470580889,0.015761585586204885,0.3801213506186716,0.2250428880962687,-0.5099324759961834,-0.15207600865864546,-0.5255969184904457,0.49244520110392687,-0.524613215942265,-0.7590669161147132,0.003945025661217794,0.5842718621071153,-0.21065144159610072,0.7334344366494238,0.790434933768838,0.7893995937614696,-0.27881519458287873,-0.5399455628894918,-0.7780220405376133,-0.6488947054762311,0.05044334667669037,-0.5734802841251307,-0.22275440697410254,-0.0056425349501023625,0.5060940984484162,0.09754780823402875,-0.8032709399497491,-0.7101319029959945,0.2915527207051394,0.35032730998754635,0.6686291493931293,-0.44243721040469275,-0.47110347940082176,0.19160238485283498,-0.7522760441505856,-0.4612418750237932
PRY,0.06324672802313835,0.42032266828907283,0.01466589916700678,-0.10501851031323106,0.37964069619796814,-0.4131603619075981,-0.35201877168413764,0.4411537098665922,-0.5403696307322283,0.3246647321579681,0.298685248268602,0.5174752396311858,-0.3384857621088515,0.005518497933869493,-0.31824131692564617,-0.24701880239088925,0.003009670921865437,-0.07072317672365891,0.46287730092331036,-0.16881697650190897,-0.014801154329156851,0.2736383967688456,-0.3098785996848339,0.5126945142490771,-0.4824788746817221,-0.17855645747061533,0.08031919471858207,0.04476397264086751,0.34070804453460335,0.31256849971539347,0.3075148363703555,0.27972934219134626,0.2023447083969252,0.3103578918845167,-0.2556177798399848,-0.1565997266447785,-0.4419678360486905,-0.2577572365137062,-0.3068492421028215,-0.27282089490370676,-0.5003535914776895,0.4145194424486769,0.09489274151131499,0.5771504054312661,0.35726209682388543,-0.393953742032497,-0.32046126442336376,0.22647061543841973,-0.45385850596037525,-0.0011446768507128446,-0.5120589500567319,0.25358897740391195,-0.5406723556977071,-0.09503886129166195,0.30596749237349696,0.29215374011312567,0.19739963757775691,0.2337534258801981,0.14613011343034865,-0.4465974406300479,0.5031342005754643,0.18310901386164358,-0.3722560065514764,0.45556325548422105,-0.28422952001970025,0.5565402391145422,0.2617793551816656,-0.41919508384912296,0.019513162750904645,0.14241162893683157,-0.3195544923926361,-0.48028456637851713,-0.4093405662247722,-0.27095080342007716,0.050979932438612985,0.21949988797244024,0.2185156070841534,0.5347893592494339,-0.13273914549866417,-0.04034762218576482,-0.23756875007966993,-0.21387938689834263,0.20984191952980713,-0.2986923820443994,-0.1786943206996856,-0.4447880846890768,-0.2540094576969911,0.14629458322733102,0.1968940496782472,0.2321007685876686,-0.314970924668303,0.06722479150255511,-0.18624531156511837,0.24672752205815118,-0.3131858773397105,-0.31582902212912933,0.16785310061618974,0.13823055166814135,0.38772821836197924,0.011684282802463142,0.020790429499823238,0.175771188704538,-0.17679779348119906,0.301264760775504,0.4466491261640393,-0.4873258313865949,-0.25897346432481116,0.3194215067083488,-0.32187519099152606,-0.059528244718810575,0.3374377168078275,-0.11823646644047292,0.5568166541178492,0.40073847171944266,-0.28281381895332824,-0.33584146648981017,1.0,-0.2379351405511081,0.12046088606285377,0.23520552689731855,-0.34327337926308177,0.23171615311848603,-0.09776900079083561,0.22787521116483633,-0.13190314505281409,0.10215189281358117,0.41533568302206425,0.29060536963563044,-0.2884109882505883,-0.2411936222806319,-0.32067382570054237,-0.30839436944719756,-0.44530865866851155,0.011531351501580467,0.2570433049046843,0.4183230905548574,0.3252509366537091,0.27418531397304224,0.409910653997555,-0.3612273869731566,0.22456140671814806,-0.03139847597962531,-0.02126046144548166,0.37734120176465746,0.16113418597835916,-0.162070985842389,0.14966437001366495,-0.4596129197887371,0.3628809137307535,0.4917942052774005,-0.6050521550695704,0.2581399460654208,-0.02680150673813886
PSE,0.137631194575198,-0.0022844492535549765,-0.35727924828926994,0.14647159377935526,0.06860122558317017,0.013717141909827979,-0.10934118111985724,-0.4554964525175438,0.11795616997560465,0.005672135714034021,0.005765004492660708,-0.394589410823005,-0.1561790732142705,-0.3342769342930987,0.24703700473274992,0.07660201099046471,-0.2863394455617909,0.1566511628036814,-0.25336088386001276,0.17543059150586204,-0.22615171913717336,-0.1444003481278584,0.26657231524108627,-0.07602514474572675,0.02788680948792477,-0.13921687935589322,-0.01244747094032106,-0.20963083822623996,-0.07794072296724686,0.030675755340643596,-0.06410773269673009,-0.02525578866678191,0.10929927252751159,0.11429976529154351,0.4137536129050017,0.462918994132272,0.13688950979667414,-0.12628799103661947,-0.11508423886152008,0.37756092639945515,0.17076503121034614,-0.09195604798105683,0.12182174103882226,-0.22305801096654654,-0.0978659532310393,0.16988862788558656,0.02626256646348024,-0.0036923657271143995,0.0623184715125521,0.07200611867179185,0.20524947576377706,0.10869605075682776,0.12667008034983018,0.3009740302274345,0.10282686190780965,-0.002256664124981267,0.16604676767002768,0.1666320027340381,-0.12786067501454124,0.12021952115596857,-0.18881648176024313,0.04675371547851037,0.09043174993907421,-0.024393083868490484,-0.014882637340184468,-0.38902521687561786,-0.26638763990719916,0.05471751631585953,-0.13741915401099458,0.0911210957111932,0.1948629733381554,0.3454445258766027,-0.0011335160856360549,-0.005588302966380354,-0.38973866827141723,-0.08100571094465647,-0.026581912045487988,-0.39089605806978645,-0.2909645457526373,-0.11735479509158186,0.24254115093968787,-0.12912848239889074,-0.20195249679818894,0.17138783803560353,0.006371045446467938,0.02656405114672089,0.07193520484701532,0.1985277715467898,-0.1818381205468762,-0.013323604075025086,0.33953694108880395,-0.23047053874478163,0.20265329907939256,-0.02676065031873409,0.13347943353264813,0.32560748721200383,-0.1266437704274741,0.12967657359512474,-0.011223079862726637,-0.1588459978564598,0.1559489558295024,-0.32636041516455117,0.25390917839894267,-0.06908119944468094,0.036944182611546084,0.09121842476295017,-0.10965350754430214,0.031824649475510114,0.19160317902405433,0.01523179877017633,-0.20547848014089576,0.022432366094947365,-0.30180417564000606,-0.2185555405118187,-0.13314628461489497,0.04655622470580889,-0.2379351405511081,1.0,-0.3653288781213262,-0.47601256029655326,-0.19191562603354373,0.11977692240521387,-0.0248612048449961,0.02825811373159115,-0.14655140602013317,0.11281088377804238,-0.04859969021407573,-0.009021209365506877,0.05008242284399733,0.5574011554378715,-0.060760327247157964,-0.09425217163723087,0.20035630276832128,0.014433872241058854,0.029449964216687885,-0.17562542454757923,-0.030141114936813596,-0.5733017282451682,0.15434028920208598,0.38837788118202776,0.02258424185146135,0.24768587168740885,0.18717412943886869,-0.09576856089406816,0.08477733225208617,-0.12106999807051166,0.18186653932176977,0.018193067953071296,-0.09415652447204526,-0.5263705222304667,0.1127001556131243,0.05052949810341667,0.1253733996773596
QAT,-0.18915827134826269,-0.015504109150414891,0.8227276756335471,0.3743467696734557,-0.004659873481699828,0.4623587666883764,0.4656500617963564,0.5016407802530638,0.32697182322623664,-0.4925764792063594,-0.44226386379675686,-0.2963208298903517,0.3014657570610372,0.8082867075545135,-0.051749280619466154,-0.0510739913103897,0.5169310683554711,-0.38500274548582847,0.23922878422682436,0.029546811173259635,0.8185119990196279,0.04847301796248771,-0.0894162670903711,-0.352965164088197,0.4069552098534499,0.35713864533448403,0.5634395061977805,0.21786536168540105,-0.5171892799035414,-0.5182605430908418,-0.42170211020878123,-0.0071289336503499445,0.14123162810127066,-0.5695992527212959,-0.4158729573809554,-0.047365561528124545,0.053822691759632946,0.4192734647735873,0.41516005182524585,-0.4396967620508383,0.2908235182138912,0.14412189268081588,0.15254643273166768,0.5075554516200488,-0.1979695684266689,0.015628991387635627,0.44308284276957277,-0.4536836136879574,0.4032770417851337,-0.23245407673144358,0.11267717071719174,0.27472393251758165,0.2005404342835424,-0.12533644187653015,-0.29017225616468467,-0.4044328099879504,-0.6592933352434813,-0.4808100287875843,0.24812466661360244,-0.11142099438673281,-0.30374727376523447,-0.48863895253223344,0.061991223406369866,-0.5054021492940106,0.24433257746006143,0.01896038753269902,-0.3696398145429125,0.25883331092737283,0.31444079696001004,0.2608781425710617,0.3837955594122757,0.2862405483145781,0.17507226842283807,0.18106390724078936,0.6615757198924137,-0.5453363446196116,-0.08315955956250898,-0.15032395832900258,0.5969276840363243,0.701387993999709,-0.00321124617212476,-0.14634969549073906,-0.24481178332178377,-0.3994496712250122,0.3242618831578912,0.29954500565149234,0.18123325174425775,-0.36613974585971665,0.05151436356274397,-0.5891580357312018,-0.24095194625902217,0.33654370927020727,-0.045923341944384966,-0.40238130265176997,0.29217252434120855,-0.12571595875714414,0.42131121179952213,-0.5922711318376441,-0.19259114063272054,0.07057674913418854,-0.6342950393568678,0.5880370439918192,-0.5134360668571039,-0.3885852046794527,-0.33619326856944776,0.2947122815761225,0.658958284597028,-0.41595082741388456,0.29071851639465685,0.26366958558702513,-0.3003772625702381,0.1744577862308041,0.3882147495971704,-0.3619611097337736,0.3903886996830328,0.015761585586204885,0.12046088606285377,-0.3653288781213262,1.0,0.4811199115210443,0.44988167628802,-0.6387714923998731,0.6683748028669617,-0.50699643493723,0.4810940697885546,-0.37040949860123273,-0.38528268122163234,-0.14032813022176893,0.1103008391501088,-0.5624342523489188,0.28408392770914126,0.31703328105570194,0.322180184484963,-0.41988269898178543,-0.19563898069738905,-0.2339157446433504,-0.4614339371487701,0.24995665344531592,-0.4226289162734913,-0.4595393442650475,-0.13423914011045213,-0.2498127424967842,0.2256398543664211,-0.393277713770221,-0.439525097861891,0.295715634201803,0.3717272101871465,0.15521888462366695,0.011676325208625604,0.23261591445425867,-0.2504643710967258,-0.4652192798310193,-0.4513596571617038
ROU,-0.4408606229317209,0.5178648885482487,0.30160641273312083,0.25966491522163815,0.6326332676719781,0.308941064757549,0.49854877381632234,0.4388633596684197,0.18447655762435822,-0.5940173082716389,-0.5011667789323364,0.003069009618720142,0.5736688171833361,0.5331012651717437,-0.006894693590118184,0.5087314095751195,0.38338278182391816,-0.3213034934952421,-0.12871461778068616,0.19029233084507968,0.38250642313720384,-0.12181289926072059,-0.20232075534835414,-0.25008752769707887,0.42746314139220387,0.35708273477711283,0.5888951222245947,0.3158738948328408,-0.43357584340013866,-0.524852831915072,-0.45357011392428337,-0.12293962290380356,0.42495190263526106,-0.5288285566046187,-0.35154381061452433,-0.001332144979800276,0.05281584358890934,0.5892684100485086,0.6694488506104953,-0.49785958498506844,0.29319949425681857,0.01708198652230919,-0.0006995455953773266,0.3367409010759064,0.08728395865202532,0.3672466495270157,0.4967697492076302,-0.49341561075768325,0.4297891021516469,-0.1983945547175625,0.2823587615890779,-0.07104462875158335,0.27443287390319326,0.3595767204684537,-0.4059944212986131,-0.4844876744137472,-0.6689947235783196,-0.5920351035574904,-0.25044213169234397,0.20145645357483621,-0.42781240578760515,-0.6046901079056641,0.5007808972045165,-0.22222746222980128,0.5711327110745038,0.29443152962020247,0.030346271175782258,0.32858663045461634,0.3416344221615447,-0.11997699735766121,0.26243720659970726,0.10415475165619248,0.4266044896414021,0.4197345338118812,0.42351826181100405,-0.5017515418974017,-0.05766815498576783,-0.2331034313964735,0.5933474192127961,-0.026812872432169232,-0.10785079782356943,0.005552622743176139,0.20899685088318876,-0.3808887746734453,0.6547432428129146,-0.02347606952466652,0.5399743855416194,-0.004634760950300798,0.36841776131009996,-0.5715827556674826,-0.5553638306031092,0.32285366969494445,0.43375346279504634,-0.5712198248083658,0.13279068275851347,0.21506811280052585,0.1355687519250175,-0.5649085680506061,-0.44487447823044546,0.34851533181772,-0.5721969704181769,0.39370980813476497,-0.40292079626974475,-0.49708669302969644,-0.1325070026469739,0.2547081432493802,0.42125549464571077,-0.2444628157714166,0.31255072397386297,-0.34574791867779364,-0.3334989333441194,-0.1171936149113344,0.4250527646747272,-0.18902549237804855,0.7570244032756592,0.3801213506186716,0.23520552689731855,-0.47601256029655326,0.4811199115210443,1.0,0.5115309355338423,-0.4027851142423826,0.1346726531143192,-0.6306883802699161,0.2163158827992785,-0.5985835572905351,-0.46432084013718744,-0.04978956722393879,0.5812681993216349,-0.7590795821194769,0.5512015825826471,0.5003750923089121,0.3287905482248421,-0.10878820442228365,-0.3126153989799849,-0.38469329233103267,-0.5663442252098974,0.3269331435182089,-0.15016394490497587,-0.5395329382280558,0.0012824729325655593,0.10032972922017003,0.19030759994090463,-0.4212872089214523,-0.5392145064213651,0.6062729725818388,0.27745630237376817,0.2970280295623333,0.1576014008667106,0.21751260859003319,0.006402479019344098,-0.5043911523576774,-0.3107332331542241
RUS,-0.23872776029154497,-0.10938713934447208,0.3697596057541337,0.8119041550940536,0.15573213962214916,0.6960433280656254,0.4636612304389469,0.3329789733209021,0.3608123411830799,-0.6077331729901263,-0.577443187099592,-0.17683944043561173,0.4809746699904226,0.4145415621311217,-0.042026713786186054,0.21059087574076862,0.5840276680489088,-0.5080366618647536,-0.061526172429387405,0.6218834300249437,0.3483858191793736,-0.48824765207814536,-0.1058128920337773,-0.48151647816170606,0.6742375442236231,0.26759442126271593,0.49267524705433186,0.4388697127923661,-0.49289304850858096,-0.5551855249308453,-0.44951356958363897,-0.3374723855355397,0.4637995339984404,-0.6578849538301077,-0.4772507869304017,0.07817142921331921,0.13884976344939226,0.3462199824274306,0.6532381138789016,-0.5418686762103544,0.38253688580919243,0.14515090558054822,0.2383177358651063,0.13718060077729666,0.18303746757334616,0.3800086102565028,0.4032415707401037,-0.35484987995923944,0.5075417170798597,-0.3042996617678062,0.48554290748892903,-0.15436416749337045,0.5870006054842124,0.2889109720427835,-0.36164170229725623,-0.5862196914627469,-0.5956576501685067,-0.5822348098904477,-0.2511871303361115,0.3259414153450342,-0.4853400239918084,-0.6710900052864548,0.35727757912706026,-0.4486864843862144,0.3700261902006986,0.13529805242329263,0.0022771132728180987,0.24470224400175877,0.7115647521308314,0.09025976790283252,0.305164013859511,0.36735078257781706,0.5549386628493433,0.41531226632010054,0.677969538592439,-0.3901991932749329,-0.0771055818562385,-0.531437830873402,0.5364453089033904,0.20983067036447967,0.08405524059768332,0.15179162727034157,-0.09213254710415653,-0.3694308570051994,0.42519092715895157,0.15628348011191784,0.385029537615336,-0.4454679687825962,0.11025110009496353,-0.5091423529820356,-0.35145382964157523,0.5512022148345477,0.16222322459897065,-0.47671831819292976,0.09313546057848443,-0.036734432937659545,0.030907950372685233,-0.6321254261435993,-0.5422038127810023,-0.05174060776554423,-0.4248651206862686,0.2745648310194775,-0.5350028925048855,-0.5585822483949381,-0.4340487438992999,0.35162512195172724,0.5666819929865277,-0.095568721090878,0.46656509430032056,-0.08054394351808702,-0.11305010284585637,-0.11187013239698751,0.27256544044244,-0.23798217362283336,0.6652321163057344,0.2250428880962687,-0.34327337926308177,-0.19191562603354373,0.44988167628802,0.5115309355338423,1.0,-0.5029830071450556,0.37455914536522095,-0.6369027631228685,0.14957219810546207,-0.7141890515174905,-0.44098187511573417,-0.2700368532835631,0.5668125490078645,-0.5263654356426615,0.3147070262904246,0.2575528255743852,0.42301738692550783,-0.37413289606546485,-0.16254515355886712,-0.4951083218222665,-0.694974038823863,0.06110523774075016,-0.28290555894495717,-0.37024704026043387,-0.4807693568436231,-0.033061093291760546,0.48965042718646556,-0.42896402521643306,-0.4419171111495488,0.7444272026723862,0.4228648363502929,0.6732714906539945,0.343756127447018,0.1039927327159853,0.37057923343850296,-0.49067020169649167,-0.4174299481410526
RWA,0.4779310786809847,-0.10673728760208423,-0.7186471290880561,-0.3144226258738614,-0.05516155116957644,-0.7218526873047746,-0.8429972850482779,-0.21252434803144604,-0.8486508690912364,0.8212863544503456,0.8629269154414968,0.6740801596084912,-0.6567545986033185,-0.7451900281477783,-0.43184314911242017,-0.23472608973085318,-0.38938324750158215,0.10814345485074128,0.2653392855205603,-0.09888944751050355,-0.5904753547252088,0.3787259187874026,0.15958296470518274,0.8305550082166707,-0.7884499069883719,-0.7676755679183536,-0.6977519833227741,-0.08187507802284255,0.7335556855881006,0.776566610620134,0.7018968044257428,0.32175299758886466,0.009024140379951584,0.8297349608105932,0.2036973709393115,-0.3860836724316403,-0.6112808076949197,-0.8239120112142579,-0.7267091038908107,0.20835491215479662,-0.7990178334490023,-0.012622994234665175,0.03647143340842596,-0.051184310474999606,0.4157804509869528,-0.5340087451902615,-0.7142393972429755,0.8407666094520242,-0.785074616220629,0.08973652278271715,-0.6042393314251786,0.08895638118659355,-0.6913264635603609,-0.12172414839082268,0.7257658697588039,0.8059063566119838,0.7116351518330196,0.8410009364597856,0.12965285614072541,-0.4900770756798325,0.6355827151272149,0.5264312686519345,-0.5496820608918855,0.8430021083938193,-0.7421846043690781,0.38341392146393627,0.6330670320155307,-0.7322225997109737,-0.17246607892865318,0.1191129691302415,-0.749862055090496,-0.7027734122658527,-0.612011842441841,-0.5503310053119495,-0.3731939861849076,0.8290056438762844,0.20779041795378972,0.5359185502797024,-0.8360194494496749,-0.5228442971644869,-0.5020898162183032,-0.19101198978320233,0.41387637820713286,0.4236847811355695,-0.5621417158674964,-0.73593649055173,-0.5570991318816567,0.28581067748540157,-0.10885053313953197,0.8459326734785338,0.03670338619216107,-0.4009246414853942,-0.31918214876872475,0.7829116812652538,-0.7487892803733343,-0.354983478415519,0.04338722385185401,0.8111753310589982,0.6198210875507955,-0.27466178852016077,0.8794397595584391,-0.6780931268905235,0.53968953512678,0.7445344165566647,0.5280707331653717,-0.8219894625327853,-0.8410162173949534,0.7111635318566752,-0.7119459599412845,-0.21773524565362545,0.6479844601108538,-0.2636518592498205,-0.01929761815261566,0.49890799631798366,-0.6947805465237546,-0.5099324759961834,0.23171615311848603,0.11977692240521387,-0.6387714923998731,-0.4027851142423826,-0.5029830071450556,1.0,-0.4694200923396292,0.772214324450774,-0.7878677840466133,0.5442634728739212,0.850532444681129,0.18252763430383012,-0.4020561860753369,0.454427056207686,-0.7069387678814514,-0.7220985659165167,-0.7831043757319707,0.5670948765384436,0.43653135883652516,0.7141847017424584,0.7759910963437479,-0.3280850039612131,0.6192717915207093,0.33447233715638447,0.23707054792578142,-0.22899748581745505,-0.15418152852054434,0.8332888612397213,0.7579915643697704,-0.5106003146910896,-0.4171861975743738,-0.5075742088986908,0.3026696751990765,0.09080442255484722,0.06718028677994803,0.789467871298183,0.6685561976167625
SAU,0.2717356864475906,-0.18181111769045355,0.7633729548361576,0.3666170375954392,-0.27082879750828814,0.4096263691808142,0.21233105837595323,0.45761277622461005,0.2635759324030429,-0.3553239675463107,-0.23003257041557368,-0.40245219870351967,-0.03235021353211165,0.2375758278032084,-0.23954793550583164,-0.2687299065637243,0.30921327500869034,-0.44282742661103947,0.13503117901202333,0.08684235631762505,0.7460473791280305,-0.06675297644504474,0.16591123617980874,-0.35535787465595003,0.36511191360296347,0.11380836872419331,0.3509064355922279,0.4412788291727052,-0.36145438737819235,-0.3215713660811137,-0.13924481961924373,0.2830901957452636,0.1386219899851514,-0.612169334119351,-0.6336279249095391,-0.042216472501030555,-0.06684891863509934,0.2274420717709662,0.09409584703626639,-0.42439157842105435,0.15109117339072298,-0.1451720677425561,0.5601931410542681,0.34266472175201534,0.14734948730388786,0.020114551096747646,0.16577441126925418,-0.31408369930980307,0.26590056327427725,-0.5999479572416462,0.06280522522223131,0.5485429650630724,0.15118124134685118,-0.3461074150997352,-0.13101095397078244,-0.23360557022181538,-0.5022157011711932,-0.40365499554985673,0.5426278068132754,-0.15811623253443075,-0.31070886976446266,-0.3217186166213093,-0.12508977698274037,-0.5030972450462983,0.03177701969988489,0.1231434628097795,-0.14356291614601013,0.13227583185242542,0.48117889278669135,0.6835325914827689,0.16375057051672892,0.2862446676942002,0.09372460220150791,0.05221238161068187,0.5596819191761607,-0.39637661158877924,-0.07757123072154437,-0.18941244791529543,0.37425955093460406,0.8934735923998836,-0.230894121469563,-0.11726313372039976,-0.23115808947784622,-0.153009842180301,-0.08174593279014575,0.15022351021660907,-0.20913292046308563,-0.23925867275973212,-0.3836198601804792,-0.4003564490171285,-0.13023158984723593,0.29243176667174464,-0.20295924947716149,-0.18643188323805981,-0.017409676962323317,-0.28868917361684265,0.25857768861204045,-0.4010903657461904,0.09368844238828511,-0.3944119543994369,-0.3669193602800964,0.5479934862909758,-0.22880238731456548,-0.245111711503893,-0.3868367880438477,0.16217458673294272,0.5156915123869737,-0.44940979333213815,0.13104782131934056,0.7519671816084881,-0.22899104413835847,-0.11936422007740788,0.10037330503210606,-0.15962990677138267,0.23208039412907,-0.15207600865864546,-0.09776900079083561,-0.0248612048449961,0.6683748028669617,0.1346726531143192,0.37455914536522095,-0.4694200923396292,1.0,-0.35429512817799225,0.27006884288191324,-0.16898088187510862,-0.3449501294953592,-0.5296393214107169,-0.007359667593226815,-0.4557715628103749,0.09954455218539193,0.08315572029705254,0.22471935926761488,-0.3526990968503958,0.2192514259888787,-0.09722830365378621,-0.3853742262508064,0.11610189905700341,-0.24912199769692167,-0.2756684649563539,-0.48342318588943445,-0.07085426101384185,0.4433885412001717,-0.18156867404296917,-0.08771691167750584,0.11599591820786281,-0.021818145107249665,0.14782249010795712,0.026297874507755892,0.12674768086453714,-0.029194489977918403,-0.15803800868559237,-0.3939275618983127
SEN,0.5172480738207874,-0.4056299683637339,-0.5513815287364809,-0.44370194143131547,-0.49355649886072195,-0.6465435081667228,-0.7749556614977076,-0.256381256966848,-0.6999745930768251,0.9492343842468105,0.9158996997248889,0.538929481888338,-0.813488215082474,-0.5720918622792139,-0.42043346510675983,-0.5261203876842484,-0.5511547795935741,0.03936858082993833,0.4308763668699237,-0.13873455739892582,-0.5361053056625487,0.42120839674169974,0.08374248083802305,0.7609894074284215,-0.7688519314489732,-0.6533555644685318,-0.7124352565650696,-0.09443115843829375,0.7909017483931295,0.911873179402683,0.8134603757681447,0.3064172800943388,-0.20027615659415976,0.779417773035757,0.14363755686936708,-0.4366237089866578,-0.5739520742937385,-0.7523450173867388,-0.7582690156596352,0.23633446088138044,-0.7126104953002743,0.029067114962205598,0.08886832309724058,0.026280436455613176,0.2316612144526249,-0.5835627274354973,-0.892292032747348,0.7736458010340481,-0.7918858655860777,0.050202492786109,-0.5771787159941173,0.05898988906164393,-0.6515311721263406,-0.5901769402161352,0.65809559896159,0.872126119879153,0.7730008655775745,0.8345662345588059,0.24262620381923783,-0.47969874022775283,0.8111858806657418,0.7097733889587184,-0.7096143447088235,0.6344183876578988,-0.8205680394398791,0.2978495678577844,0.5031297646110809,-0.752877104412593,-0.3429081402553029,0.19445853654620127,-0.7156697692381113,-0.5969320466803474,-0.6054829058808582,-0.43502757594829733,-0.5153275491283478,0.8587677023007293,0.0956871014339542,0.6319401040965821,-0.706554067458995,-0.2682801322946575,-0.375109234403167,0.014999058664463827,0.1934279574417852,0.3914044938453417,-0.8098038274819277,-0.5977301960663655,-0.7921291644523993,0.339400842308349,-0.2770967375105835,0.9104390055250817,-0.01446477080541464,-0.23970238931888121,-0.6724233982548204,0.9186957986892632,-0.620910907867972,-0.5468550874857678,-0.1315428336513189,0.8932443690222884,0.6328423622732041,-0.43684071201960384,0.834866114855058,-0.48406258614957776,0.442351879821957,0.9325351352963925,0.3340245191875453,-0.6521362290575325,-0.7111438476620009,0.48567698860035446,-0.6950326596576986,0.01743134174824601,0.7550684246438741,-0.22688097126565854,0.011539491724256501,0.5760062231847797,-0.8646901645821812,-0.5255969184904457,0.22787521116483633,0.02825811373159115,-0.50699643493723,-0.6306883802699161,-0.6369027631228685,0.772214324450774,-0.35429512817799225,1.0,-0.6155517728811044,0.6792964676988502,0.7831038223486466,0.32887714922177214,-0.7370812871879102,0.442771801028345,-0.8188418880505668,-0.7558537901928495,-0.7214021890054199,0.3545496019398078,0.4325646975222057,0.8547510534815904,0.9263432645875351,-0.00884017935410597,0.3292740220473469,0.43270712321641047,0.20306693018437727,-0.26649244992054877,-0.3270604219720463,0.8117331148290339,0.7792800319723598,-0.7167355207494475,-0.4900755279956821,-0.5093845660571499,0.008139444217200698,0.1074399150622295,-0.11422534026854558,0.7371101459745261,0.5786799568838954
SGP,-0.5166100536898743,0.09819429593015339,0.6994874408028834,-0.014163758016027428,-0.02551043098545014,0.4766657377001817,0.7380820567050731,-0.03251720259955815,0.808463055678314,-0.6451823508210706,-0.7301412199476291,-0.41137025911730785,0.5801188839299776,0.5965169316310557,0.5779136864888731,0.11957301035629242,0.22704182492149216,0.06762468810343836,-0.3437332541891758,-0.15958066437375273,0.33387401880631984,-0.3444675143580076,-0.25397988786776593,-0.7175425395512245,0.5731834395517734,0.8584339436463465,0.6543986652716509,-0.10085480001756686,-0.607631965882891,-0.6281282289701182,-0.6076850949885393,-0.2842227114561773,-0.12429474629100401,-0.6067740907813779,0.00916234557873341,0.4078571022527566,0.673444321907324,0.7250453370252836,0.5581879862397571,0.16187587314165797,0.6723446246624396,0.13675541087196263,-0.3542702633203447,0.04217978172416725,-0.5478744300335969,0.45872732586734344,0.6487501652563281,-0.6520323280850062,0.5900987293199431,-0.009085387847087345,0.49599991485158834,-0.12391543537774252,0.5674930892475316,0.09069072831704883,-0.5613689083732061,-0.6671292775605875,-0.5280816233448169,-0.7080094798216883,-0.11668966893879928,0.348827687264575,-0.3688415046842368,-0.2679845851503775,0.39138558880119323,-0.5818405415722696,0.6541959552478039,-0.40916626544580303,-0.5661163678683461,0.7642301327717598,-0.13434384939199218,-0.3287445523982333,0.56258647412241,0.6063820523596178,0.478489250663652,0.4122257789720274,0.20021045230369094,-0.6505288417429589,-0.29529952671354676,-0.26374696600037395,0.7485343724671017,0.4462882499945793,0.666684771855527,-0.12811494834373494,-0.3617345470797415,-0.4413885670642719,0.461631368452735,0.8576386820248929,0.47585451900982123,-0.1459702621386112,0.03699805403095979,-0.7172944685718821,0.25940844681581954,0.3614935976918283,0.2755940431761864,-0.7429447024381528,0.8052974763839846,0.3995437826176029,0.07584335486552363,-0.6308092310309459,-0.47184622051472336,0.4565442421153145,-0.831951211279466,0.6244747546995213,-0.4410105108189353,-0.6708403707844879,-0.3141931658644259,0.7459091544391653,0.5845266517627974,-0.6037250236498606,0.5112627777597983,0.21895919856071022,-0.6358407654115945,0.6653571367534546,-0.011251544832268756,-0.3401346734632189,0.5197398195931336,0.49244520110392687,-0.13190314505281409,-0.14655140602013317,0.4810940697885546,0.2163158827992785,0.14957219810546207,-0.7878677840466133,0.27006884288191324,-0.6155517728811044,1.0,-0.4105677202714286,-0.6437944135939411,-0.10584897225962742,0.11987313676062017,-0.32487269116034456,0.6755335403700083,0.6557808951399329,0.6511210066799382,-0.5364768116973146,-0.5021720242187255,-0.6514106549212539,-0.5408247423537138,0.24192954714687898,-0.580665004422835,-0.4035832385594875,-0.17865857386395967,0.17735423102825476,0.07520326816369738,-0.6680928303199449,-0.6839835600187594,0.2656385249317109,0.30168681470112835,0.36210273883918975,-0.4441373722937576,-0.07876623153786566,-0.13152664831381622,-0.5749609381112659,-0.46770971371780945
SLB,0.3458115247992246,-0.18305805872270398,-0.36251725877317487,-0.5788476737920325,-0.4368749641096703,-0.6038383700039007,-0.5352969715551201,-0.271142079369572,-0.46813152651056367,0.6661612613393013,0.6913973055397713,0.15936205223660072,-0.6344770716809065,-0.5250390683064015,-0.342911177869506,-0.4228426923195632,-0.3300822813660851,0.37790868641248965,0.3710024911167179,-0.5376057495830722,-0.2924656581282017,0.6315391240722956,0.1561039505362506,0.4412392069540003,-0.6610666094180271,-0.5227635778348938,-0.7623495277301275,-0.17748936677092564,0.43182602783156787,0.5494156144323189,0.5305190699430828,0.21040764448122207,-0.589261638146571,0.6599059418946999,0.24011325055542054,-0.26927610382468314,-0.2724835742004692,-0.5331727315005188,-0.7413470031279603,0.2073417782717888,-0.49972364467502506,-0.48159233116935285,-0.1030737966971238,-0.05171289597818873,-0.1624745423072529,-0.6500205622733732,-0.4922059916689592,0.6173955660720505,-0.5248773809214957,0.3700227752388172,-0.5854507299098533,0.034276809528751784,-0.6429222771243575,-0.39224568558315753,0.5843507314575277,0.638684512140461,0.46695727431786205,0.7559444851132673,0.31955759906354153,-0.5225895836157382,0.4569186002429746,0.7510943857092075,-0.5216939066784496,0.23390687446404734,-0.5615617708028728,-0.07169720892810694,0.10388351003708629,-0.5079937570154986,-0.5428822907306365,0.10608037237588486,-0.3500661012221393,-0.4339031965956548,-0.6415713489691004,-0.5617205261559761,-0.46929781893717926,0.6072013732349719,0.4269099008254028,0.6409186464513474,-0.6122633909380228,-0.08748472815222352,-0.41917968422932383,-0.21811453634355593,0.33698438293170485,0.4993379282261188,-0.6012847918909932,-0.26506133639964213,-0.5950356867787403,0.13536376832536579,0.08566190443591093,0.7233092888797299,0.3596228687610483,-0.7066247521608391,-0.46072012526174766,0.7269035774561976,-0.34857419634001996,-0.23576876285791148,0.1601536544495199,0.7396117614298023,0.5499402933901593,-0.2497658481937668,0.7084098931424283,-0.22994113111431913,0.46650177182121255,0.7503759896805267,0.48496761818176615,-0.44781986391698414,-0.4839641975732767,0.14432240112395767,-0.5102403625260097,0.21368081976687603,0.3834598418800793,-0.02833541619937119,-0.2979399334860027,0.30752798348314514,-0.7144022197738853,-0.524613215942265,0.10215189281358117,0.11281088377804238,-0.37040949860123273,-0.5985835572905351,-0.7141890515174905,0.5442634728739212,-0.16898088187510862,0.6792964676988502,-0.4105677202714286,1.0,0.49838896221876994,0.18957781868745915,-0.6212665887311022,0.5033943198441005,-0.5487870618723449,-0.404361994682201,-0.5241481470238596,0.24600921841586354,0.345745074907011,0.6521409768734671,0.7480223680030473,0.11079141575073292,0.47129153951291813,0.6674774117601437,0.5357822365088692,-0.428216700833719,-0.4049012135434289,0.6185989461915324,0.7219392742215925,-0.600639539995449,-0.5445610002681467,-0.698086974579935,-0.009450659651393911,0.1849444894293033,-0.45003598128518885,0.4799783904764283,0.5082016722027071
SLE,0.5404731048992633,-0.2460089193521442,-0.4849248676425524,-0.21951270581383153,-0.15845939207056237,-0.7222622352790427,-0.9130648359591786,-0.006712150027871289,-0.8962648765241807,0.901117933974445,0.8691887881218182,0.7342838649327152,-0.6955550626066571,-0.5570170785433013,-0.479141914091338,-0.5557985060851827,-0.20553160064069842,0.012505322067370428,0.5870255101993591,-0.1708077808527919,-0.46134799505161084,0.35637445776690246,0.11635624716241943,0.9078709051655302,-0.8571945531793164,-0.7442672175284006,-0.650893328572147,-0.09255724048293468,0.8106753756407584,0.8621494949588031,0.7832629185366946,0.393126082247959,-0.06098713517913201,0.81118225722214,0.022716288400273732,-0.5289879247690887,-0.7204662567044275,-0.907091932891176,-0.7997634184155902,0.13650033120181593,-0.8966021267549116,0.24952640757574152,0.022510730735789575,0.09597628787694112,0.3919312571831637,-0.7699604425341642,-0.7629264770045898,0.8657797795925317,-0.9071584168407811,0.13986178921052606,-0.7907235318448758,0.23932334657512033,-0.7935225283775984,-0.2700520105841735,0.8271861713569041,0.8406246617536667,0.7377202690897761,0.8670261186170589,0.33411686293426235,-0.6859587928444033,0.7747202323936588,0.5414194460485838,-0.8098226779930469,0.8607677595794025,-0.8589359025618659,0.47629073069611527,0.5693743083260709,-0.8619073814163061,-0.10766938118008951,0.21554227219353095,-0.7822543268743407,-0.768228013407521,-0.7950818793382202,-0.6656407391903041,-0.13302300872884265,0.8630708478205075,0.24826699759879112,0.6891753923138978,-0.7824375382622963,-0.2998111702215511,-0.4496730974829728,-0.23410963690554443,0.21830194297315564,0.3308114597391246,-0.6556494207578383,-0.6642908418908204,-0.66785914051619,0.07235837952806035,-0.11321757801451637,0.8453932058927773,-0.052775103704053805,-0.2550491597567268,-0.5527411810905383,0.8448084284751437,-0.7353629255784104,-0.5954590031781677,0.2309762090037577,0.7647897729863505,0.7224736181887127,-0.3710464456917064,0.7695915662101324,-0.4850873663009445,0.4129453290883971,0.7744764647629312,0.5294646683294367,-0.8802998216359366,-0.8043618826540786,0.7532778176419638,-0.7591000928713587,-0.08709157484605701,0.7683030738898631,-0.15068607964869996,0.1945452762353439,0.5884180086771403,-0.8359518468414295,-0.7590669161147132,0.41533568302206425,-0.04859969021407573,-0.38528268122163234,-0.46432084013718744,-0.44098187511573417,0.850532444681129,-0.3449501294953592,0.7831038223486466,-0.6437944135939411,0.49838896221876994,1.0,0.21421576035823908,-0.6160334545035533,0.3895845586999076,-0.8487211222244313,-0.8828140229591157,-0.8995672931739178,0.4531437668152285,0.49781753182349764,0.8316859762888812,0.8602238433105079,-0.23237534946382143,0.5557325867970244,0.1642197301477345,0.13897409975653907,-0.4009595443465388,-0.14500054414368369,0.9030638345991878,0.7623335124276766,-0.4960603581432663,-0.2857956057887052,-0.5760891776515473,0.40783853549471094,0.2569563770291332,-0.04529330541010035,0.8490888387406859,0.612510885765845
SLV,-0.12370897001415626,-0.03228127929430724,-0.4073120605890008,-0.1604590134069177,0.0900694039235711,-0.3306806235203943,-0.17966473868459398,-0.31264259285425977,-0.2477589558501505,0.23558991058218437,0.19717932692263185,0.31379586915977287,-0.02227140764009472,0.10779837330468256,-0.08700682809273896,0.08842098572972745,-0.021433948437741268,0.02925763004809334,0.21427165171675133,0.09030485856707549,-0.3416570834540087,0.4611220801829051,-0.020906821874554504,0.18848617582327443,-0.3771000426812341,-0.19257312428292406,-0.07340309585621574,-0.11479602973679204,0.07567999095325273,0.197470378303093,0.06505285108881353,-0.1926662891466473,0.12097942309514786,0.31002542756748663,0.4878418095257704,0.20198312390519102,-0.10604110491661012,-0.21387381057944554,-0.09852611133443379,0.2934549834572413,-0.20713730737648106,0.2247608654062223,-0.07511756037040729,0.24877836471849135,-0.31297842481622884,-0.1477184201862869,-0.24824717012219333,0.18805409564613984,-0.32492752776474365,0.41779695465343636,-0.1676565927665319,-0.2954708718112382,-0.2851341525936135,0.0668412992941273,0.2349548123977916,0.2482968699629201,0.14218165080946155,0.29541035694442463,-0.314513670862123,-0.09528609485753581,0.4741083468647961,0.4626263729063689,-0.10209774228133384,0.2519023283621653,-0.13350273523845968,0.03733111115790588,0.06733238895403615,-0.28429019075114303,-0.2044889679952715,-0.2274932317794096,-0.1771542333908669,-0.287203129390426,-0.10352034128012111,-0.06929627534040028,-0.5021339337248898,0.23378998179861266,0.06820384752512254,0.289375089494037,-0.22392258675779408,-0.3740119595843734,0.08278433974352384,0.03128284107700341,0.22265673294793498,0.10008048709216166,0.01855609058413099,-0.2304391390950591,0.015639089538017625,0.11965412249624441,0.30691303757335553,0.2454507033456823,0.017708149111100302,-0.03600964618570823,-0.1104450229526166,0.17048521599000654,0.0428979016634945,0.03313057863037372,0.055563215531900134,0.2566825342085406,0.0030686194223700225,0.20867893694689832,0.18463579386504836,-0.27275964075876136,0.04792363547323886,0.19444131438111545,0.43193632991239594,-0.17961379468990724,-0.33268533371278486,0.3610802661107264,-0.2427768836365678,-0.499106264692494,0.21228341767349712,0.16216752735745543,0.30138789437399327,0.04829026871076547,-0.27648885749374297,0.003945025661217794,0.29060536963563044,-0.009021209365506877,-0.14032813022176893,-0.04978956722393879,-0.2700368532835631,0.18252763430383012,-0.5296393214107169,0.32887714922177214,-0.10584897225962742,0.18957781868745915,0.21421576035823908,1.0,-0.12579023646119958,0.2608452504997285,-0.2880313198326043,-0.2108092710171745,-0.22480428045127132,0.06020626690030084,-0.07883735680541526,0.1358426645274564,0.31436596998838306,0.22884176159556013,-0.03270043797977196,0.25766710731843034,0.29507143586922835,-0.05529646052190018,-0.18602465873333074,0.12218917955691055,0.0702942180925955,-0.009666636796520578,0.26785499783511424,-0.2937746052689869,-0.09847831878021474,0.08218496848605983,-0.2940079189090523,0.028077826709532627,0.22745344104270826
SRB,-0.3555570407788693,0.44049453348800915,0.039060380869628486,0.3805069685818535,0.6506793938718343,0.4210213059816288,0.4988796689897512,0.15860765780681485,0.4062621234284485,-0.7454083785095214,-0.6721134374160973,-0.4210348991942021,0.7483056151592864,0.3542129776356706,0.2715838764459806,0.8556063294785548,0.4442835159831432,0.06279192137822365,-0.5259483891212058,0.27768660475915075,0.3223890190039218,-0.271605424265267,0.030590751877832778,-0.5026222952576149,0.5284138792030738,0.24893001417498217,0.39827713076049864,-0.005175847639255604,-0.4962298302647268,-0.7405875031686766,-0.6314195704029593,-0.2595970730788302,0.2589251014219207,-0.5137593724769582,0.08880673088993496,0.3533387000063386,0.42291190556980607,0.5087494474458314,0.5889101825530957,-0.1427755185886519,0.4990531680468627,-0.11478842903128861,0.11217844685960277,-0.29277523836309327,0.009549225185760624,0.597114933437378,0.6736151156371742,-0.5894682399847246,0.5936449176755004,0.04178346931531007,0.4776483336771735,-0.16121786685947814,0.46388867889456464,0.70143257364643,-0.6137305909741833,-0.6149644773020664,-0.45163049719177173,-0.5894827957047608,-0.4534501623536682,0.6433300887060527,-0.7348682078755107,-0.5713007902135852,0.7972482832173117,-0.3730769279805015,0.6956908640620038,-0.25834264961835496,-0.26489767667886,0.5615015744625094,0.4175291614605785,-0.18876298670069014,0.5352212338037281,0.31264246644744853,0.56076920773228,0.31144293917092314,0.23119739181348586,-0.6625276540507912,-0.029658318924307814,-0.7173462396368273,0.32613333279148693,-0.17239370148497835,0.22007821637614655,0.3899499155323016,-0.15208338569344426,-0.13841024008207925,0.7689467993933072,0.2343782006662718,0.7876224059776281,-0.20330476629778826,0.26806161569171105,-0.6338820141054202,-0.03980842095391357,0.04007024155792571,0.8405569045071896,-0.7015042627603614,0.38534554385415554,0.6056714856425319,-0.13298280084846836,-0.6459025421894486,-0.5415621893949725,0.4334138898785721,-0.4694012070793381,0.030309653091909583,-0.18659951771493977,-0.7278319218446385,-0.18618030526303597,0.376756665275668,0.3824448420526634,-0.1434722616795996,0.49362633507705467,-0.34461057522850824,-0.583267062827086,-0.2010434547924147,-0.209605479616636,-0.6517815211491658,0.7147356042751594,0.5842718621071153,-0.2884109882505883,0.05008242284399733,0.1103008391501088,0.5812681993216349,0.5668125490078645,-0.4020561860753369,-0.007359667593226815,-0.7370812871879102,0.11987313676062017,-0.6212665887311022,-0.6160334545035533,-0.12579023646119958,1.0,-0.1573265117649052,0.6521441547603073,0.6139083363184912,0.4774411014740274,0.021395569608424814,-0.34631534549635257,-0.7151181646294131,-0.7907569567243296,-0.14236872928299338,-0.16473307623037647,-0.16204937832278765,-0.14225612122658093,0.5417740903491659,0.15324469262545382,-0.689772043759648,-0.6791405517717504,0.7179227230266826,0.3958015911384424,0.39499842509143157,0.060782836810492014,-0.2445252870768415,0.3064637693277561,-0.5934839618436767,-0.46969932612192267
STP,0.3255319540152186,-0.24598934462727473,-0.5876124363312958,-0.28450287954033016,-0.16017342363937925,-0.4181275810744338,-0.4497597270171556,-0.5150538584962168,-0.21327645901118708,0.4226016670117112,0.3603772513588621,-0.13250155670173913,-0.22723310546773012,-0.4062679456267493,0.16050162331808782,-0.04799626732591378,-0.22657774304505907,0.6271898331499639,-0.018074439892711514,-0.2777633712829699,-0.3494591463919636,0.2679812775617465,0.42802022028565556,0.2733404451812287,-0.46832361917390286,-0.42011681042656734,-0.6073483027618434,-0.6754855541303135,0.35199869372248904,0.35189573476691116,0.24023880320423596,0.12483909983749775,-0.4051098375436033,0.5935742398983817,0.7388203777990704,0.09752081023773906,0.05259909535053675,-0.5069258003870698,-0.5541561413402405,0.6647331696908461,-0.20134116751912945,-0.11119123801720399,-0.15048256166309848,-0.5526984000775323,-0.27391369711409475,-0.27715966877612375,-0.22109993986531085,0.3162457994478429,-0.3331889396120773,0.5731467980363774,-0.2781727680879893,0.053717656361179755,-0.32578324439332507,0.08848768861029499,0.2986355056609289,0.4110377218303962,0.6412129018614052,0.6019604571208879,0.02993853713857264,-0.03510177071408371,0.19685888008358066,0.501124829280181,-0.173032731134668,0.29923419008305774,-0.3340292258816444,-0.5295607691333442,-0.23330882711081324,-0.1951158793139285,-0.4161679609761526,-0.1052132579044125,-0.04168437388899715,-0.1526535799820321,-0.41773052967922286,-0.4673792386529634,-0.5740519643011581,0.3328528959728142,0.13335001575279282,-0.008350780770988386,-0.729134877842224,-0.3406368278046352,0.12323400699319687,0.15268030334729144,-0.2056011474597872,0.5279664166599203,-0.22500212373385264,0.002358441415280854,-0.10461799518223147,-0.05729772386368159,-0.09708064146216744,0.4269039667081287,0.5646051983506316,-0.6492038722720501,0.035571964319845883,0.3649932441892725,0.036677456069893366,0.20907962876543995,-0.027615830978625633,0.4641844154222874,0.33263732417974534,-0.023243716651436097,0.5337032855847367,-0.6629481203788878,0.6196894611819741,0.2954586674147166,0.35756634772246687,-0.2685805381424493,-0.47883271608108635,0.3262899376728108,-0.219575979329667,-0.0973656616862768,0.03835276644228347,0.1016239480705472,-0.5183065194286718,-0.19221432753733314,-0.6381422986233027,-0.21065144159610072,-0.2411936222806319,0.5574011554378715,-0.5624342523489188,-0.7590795821194769,-0.5263654356426615,0.454427056207686,-0.4557715628103749,0.442771801028345,-0.32487269116034456,0.5033943198441005,0.3895845586999076,0.2608452504997285,-0.1573265117649052,1.0,-0.3468739796280089,-0.29468808417398806,-0.2792700520650113,0.44587687911032603,0.056798029648353454,0.19674686288089194,0.4184109934718313,-0.585380397635082,0.18496587045084545,0.6746804804752334,0.28132853537085944,0.052338272825151466,-0.43378331627919886,0.2120413823883308,0.2918572728784181,-0.42033533524258115,-0.07012104297540733,-0.4105090473872144,-0.21214898652457737,-0.4826586474721526,0.08019062245286146,0.38231464319738406,0.3710537052045527
SVK,-0.5972444655105456,0.3970242040161881,0.3940539584123026,-0.026602895382011216,0.3669310140806985,0.4893646858909758,0.8541783111309876,0.04125471709616335,0.8030600235204993,-0.8687813074403787,-0.8183784253010176,-0.5917986997043241,0.7856784723832775,0.5536398838925719,0.5992971532055387,0.6653474232977379,0.21155733085493145,0.17404839391144766,-0.6460660994014074,-0.09553115811449686,0.3669375300773269,-0.3404012298410839,-0.08773771973142108,-0.7430119249134925,0.707053970798174,0.7686610571959381,0.5559603283527891,-0.1138176993253377,-0.7101534163391807,-0.812305621193711,-0.7366975676011118,-0.31312642727422113,-0.0741473870399807,-0.6847395519625734,0.08193258290868632,0.35247534732327024,0.6894966726208084,0.8993115434020551,0.7675860874289289,0.06036323094562979,0.8088423782551952,-0.19801283951273208,-0.322343699323306,-0.23555839509888776,-0.396086400441928,0.6779193101888767,0.8887523282884359,-0.829355102500112,0.816049589121225,0.05563176677305137,0.6491112285775582,-0.23756462316547422,0.6673365056678136,0.4747738602005891,-0.7696436141715535,-0.7488691430086056,-0.6772627574295984,-0.819153586050605,-0.34666138139765845,0.5830149303555692,-0.7953113669601972,-0.5498567661136389,0.8399021955703028,-0.6333624338645334,0.9449062289617469,-0.48893753152122166,-0.5422049465276875,0.93009900139099,-0.06746364197237464,-0.4175018717244423,0.7020707277155684,0.5866880994062565,0.6276236676273679,0.5164621735620326,0.1921031639436851,-0.8137658525129521,-0.16082507815641822,-0.6179314197417209,0.6997220727020022,0.07364109754494463,0.4532043160049386,0.105936927582018,-0.22620941227818947,-0.21155945826846123,0.8318439744694431,0.672099264138209,0.8483955729139468,-0.03679791054910053,0.27070382863598086,-0.8389034183250321,0.10332315018402094,0.11053557897230981,0.7509463266039735,-0.8821396626114737,0.747705001534889,0.6994171722017879,-0.129787229446368,-0.6949086666540456,-0.6795946583986796,0.6461360960018151,-0.7584437737949252,0.4158555603248999,-0.24756266968687157,-0.7908142465829995,-0.4147057568925898,0.7806450653616772,0.6210786859578862,-0.707191279486699,0.6377262497982833,-0.12386295260513691,-0.8389575231436366,0.2834033957039612,-0.2788846805833438,-0.5822127247041893,0.8463055451913957,0.7334344366494238,-0.32067382570054237,-0.060760327247157964,0.28408392770914126,0.5512015825826471,0.3147070262904246,-0.7069387678814514,0.09954455218539193,-0.8188418880505668,0.6755335403700083,-0.5487870618723449,-0.8487211222244313,-0.2880313198326043,0.6521441547603073,-0.3468739796280089,1.0,0.9385823730348266,0.7787373574884423,-0.1536660723399732,-0.6796506137834863,-0.7904659793424922,-0.7659827622861191,0.1033904944636519,-0.39759591784751414,-0.24691708247128363,0.001285622665264663,0.4265384216673884,-0.022201159436006312,-0.855354130447707,-0.8138455263194357,0.49523604567794344,0.1825187020925293,0.4372746319538413,-0.4053061163846563,-0.23549886266761755,0.13492856619412985,-0.7110627796269502,-0.40598682235978023
SVN,-0.6931090912768303,0.3856753515600486,0.3919173350929578,-0.030714736984570834,0.2841096566357637,0.5663409984039881,0.9093442246315138,-0.018834941482049672,0.8174878730875127,-0.832201100686675,-0.827918224130888,-0.6407359402349777,0.7158296099623648,0.5769271694558386,0.6175226943709347,0.6496675987910586,0.1612673550787147,0.28881504835015304,-0.6384758498459677,-0.10714332224985923,0.39649713081552174,-0.2676962903487783,-0.20188039350402565,-0.7694083782035226,0.7204571590436903,0.7938020865952455,0.5204302360917873,-0.1811137654813577,-0.7337082570524114,-0.8331408736206569,-0.7960804441357214,-0.432079814969764,-0.16051206486496739,-0.5806284610919108,0.13163492116506925,0.4229643608332707,0.8030169227072483,0.9071379326464865,0.7483539664112353,-0.0410645203938258,0.8486933933351956,-0.255471551088706,-0.36233892750843055,-0.2084952369309836,-0.4765121178124474,0.6738340458455505,0.8584195318011435,-0.8170596277708961,0.8806070308653304,0.12743955906449345,0.6793872368054211,-0.3470361704309255,0.680206790908454,0.39696442931532583,-0.8437244382269711,-0.7948608016349454,-0.6291584057848496,-0.7638363840249724,-0.40097236397571123,0.656380705098117,-0.7437729508537871,-0.5208212765834705,0.8809820995420042,-0.7275697625895012,0.8897787790319902,-0.58438734726681,-0.6603020811087157,0.9136141574875694,-0.14040911887562713,-0.4746407641479724,0.8011193658307179,0.6572063272834571,0.6851760132422348,0.5652826540548997,0.1259943819769367,-0.7971153544233687,-0.15340137822658106,-0.5849722199360896,0.7049558293739434,0.10575640003168774,0.4786671668344451,0.16034577066648903,-0.14288475646044496,-0.3066219019754586,0.7569491127062326,0.7245397885956377,0.79145087071698,-0.09858426582528601,0.341944141393163,-0.7908700867882508,0.1785421747002105,0.03403616313208557,0.6793275826012488,-0.8316847961970633,0.7966556825136133,0.7401604813305688,-0.19081204391654638,-0.701053117317346,-0.7217416493873454,0.6745698137144451,-0.72760070046426,0.39364268093175125,-0.3384385446872755,-0.7157964968473054,-0.4309694649180065,0.8109607286607529,0.7154159732831441,-0.7434812833180464,0.7183046821614021,-0.07598598017039859,-0.793882937351466,0.2697059875843364,-0.31559881204511964,-0.6213361949569469,0.7969746902265304,0.790434933768838,-0.30839436944719756,-0.09425217163723087,0.31703328105570194,0.5003750923089121,0.2575528255743852,-0.7220985659165167,0.08315572029705254,-0.7558537901928495,0.6557808951399329,-0.404361994682201,-0.8828140229591157,-0.2108092710171745,0.6139083363184912,-0.29468808417398806,0.9385823730348266,1.0,0.8171802362899221,-0.26399712821186605,-0.6748584101263759,-0.7752329623886922,-0.7448592478878191,0.18024483765968669,-0.42052183841920465,-0.16777143506089587,0.1828281024486781,0.32600867615531326,-0.11937620719625408,-0.8744432702844032,-0.8019178033598786,0.4079852774279913,0.23220855298058485,0.4383559441669638,-0.4111436696229629,-0.24597995591612554,-0.04691383071235289,-0.8084263742144211,-0.49332744407100426
SWE,-0.6345607558711566,0.2037766217345256,0.4052066699144947,0.317856649106963,0.11773981484428908,0.8158352743899782,0.9287516537404261,-0.168696198622315,0.9221458768276732,-0.8021362894696691,-0.8573096187417573,-0.7000708792402914,0.617896090620891,0.5033283665271141,0.6475402869072922,0.4460208742951749,0.04496260847312461,-0.0016516040247851471,-0.6041701013722964,0.2980946924554133,0.2957758248687615,-0.5127197756635349,-0.2265180161279825,-0.8306067626288045,0.9074383049336504,0.8338651323032941,0.7039269249943508,-0.015355868797180205,-0.7760274125647841,-0.7638503303928141,-0.820296069061242,-0.5334109252780299,0.15561888052044215,-0.6614376827133734,0.08047514708161585,0.6157036907878275,0.7763130720039686,0.8634323655982536,0.839944023337338,-0.10701034473153115,0.9794690574625223,-0.08684951656638495,-0.24332064192652725,-0.1263318446451167,-0.45585227438369236,0.8293229045650653,0.7284568782412273,-0.7971972403200758,0.9579354066087199,-0.12873798091126232,0.9129049111500995,-0.3282183015793867,0.9132486670968977,0.2757001706039801,-0.7980857850564864,-0.8728705385360178,-0.6053511887992533,-0.7687073854769924,-0.43684462911448296,0.7139174997679113,-0.71438529431224,-0.6309155085615687,0.7969417324098885,-0.7608927715907916,0.7951291851840849,-0.5543455100639716,-0.6448301574359867,0.8362901912487237,-0.04620881072398997,-0.394615187926866,0.8513581088274909,0.9100305178226058,0.8306653240212459,0.7896636972252812,0.06732955365818927,-0.789980025521325,-0.4390209298805283,-0.7195262071957864,0.7912473923863536,0.23172341765698623,0.6066365696634917,0.091739225942431,-0.2561057764503838,-0.4518058994949734,0.6134518456605544,0.7175183148234631,0.6728584730119176,0.0011204960700752498,0.05491729586733496,-0.8166474146072278,0.06743071738905515,0.28955986804479217,0.4967189348054757,-0.8162110424377687,0.7754063412567439,0.6133509238877657,-0.3175999629178521,-0.7210688819906359,-0.8019994622936331,0.3279900760893827,-0.7460194372308728,0.3818751539367419,-0.4539377576276633,-0.7471718875967683,-0.6291503188540197,0.9442816728435935,0.841085965253237,-0.6740978535190709,0.8989824584325867,0.015345432771285528,-0.7097641539476132,0.2673503757995712,-0.10786916447139716,-0.5153309347716002,0.7782103421779596,0.7893995937614696,-0.44530865866851155,0.20035630276832128,0.322180184484963,0.3287905482248421,0.42301738692550783,-0.7831043757319707,0.22471935926761488,-0.7214021890054199,0.6511210066799382,-0.5241481470238596,-0.8995672931739178,-0.22480428045127132,0.4774411014740274,-0.2792700520650113,0.7787373574884423,0.8171802362899221,1.0,-0.5110869586914693,-0.537779507830431,-0.8351107482622551,-0.7987919681490983,0.018185518275751766,-0.6223855419970439,-0.2117900430909656,-0.08183929186849959,0.2714386851137387,0.188791422527532,-0.8775857124937065,-0.7251110059791772,0.33889117524353396,0.45711887365566595,0.7053047353397629,-0.43269599919513424,-0.4146207162776254,0.07839351272537987,-0.835349929424865,-0.5490137012539347
SWZ,0.5137971298702462,-0.03319679181999202,-0.5515966535899528,-0.4973938129222488,0.13013952509374616,-0.676363902701125,-0.525976020193127,0.0086924437241781,-0.518996573954781,0.36861417733929613,0.5236633011358249,0.13784873607586168,-0.18220203417582903,-0.3437235164092409,-0.17021113646686548,0.13204485313093584,-0.15498351740435035,0.31150675942838024,0.051162046830913965,-0.36518066055026877,-0.10554493110186436,0.4473199883309521,0.6618481580957273,0.5552954905138593,-0.5845999296075912,-0.5526913491879886,-0.6319643194636502,-0.3597661732442323,0.46905860551893075,0.4432349230260899,0.4397459072555554,0.5488450195543523,-0.22683703495247487,0.3989075250238725,0.2878421954990993,-0.44683366296070637,-0.4185993977245934,-0.38977661885119397,-0.4664225920512264,0.40636798866925383,-0.4539181434995343,-0.23645446889675092,0.019060165282877017,-0.40983366733812643,0.15971705554764548,-0.36303482991201697,-0.23758040036928874,0.22201684249588705,-0.4646677125822185,0.2835319286273964,-0.5193780286549963,0.3347130200669389,-0.5696604910726002,0.060040835678505045,0.33247071290864283,0.6205794438072457,0.3680280016364419,0.43811735707199917,0.3087682118851445,-0.29277633661759306,0.11478021987161935,0.2496438610568532,-0.15157588184031212,0.5290260176221285,-0.24410107902277645,0.025546510663741473,0.20161415076358358,-0.27363070139972323,-0.1880529372320372,0.13396648460748484,-0.4071762358919273,-0.6069796800009704,-0.5368533523264252,-0.5028123832315934,-0.259116486652502,0.3324043437827271,0.17718608673195912,0.09830442495880853,-0.6742611856213854,-0.4298123250237984,-0.5059882049521107,0.17840984632162837,0.06566210676901407,0.7873639154354652,-0.04081180625927083,-0.46638748584867407,-0.061560959660651005,0.11874415607851974,-0.04076969455818369,0.3486204855150101,-0.03693815797272082,-0.5456451932849995,0.12072726908425724,0.3914219202126912,-0.37986030302200335,-0.007185129873725327,0.03705536834068379,0.468628615504737,0.4712937999270381,0.0465550506241208,0.5162915222470724,-0.5828407364746331,0.8667222171937284,0.33855741367002645,0.2542370003601042,-0.5472625427758349,-0.5728114293936328,0.206934719738046,-0.5699631289062916,-0.2544323149029286,0.04181464604607188,-0.3132936636654122,-0.3175449125726042,-0.026624878143883368,-0.38346195359157376,-0.27881519458287873,0.011531351501580467,0.014433872241058854,-0.41988269898178543,-0.10878820442228365,-0.37413289606546485,0.5670948765384436,-0.3526990968503958,0.3545496019398078,-0.5364768116973146,0.24600921841586354,0.4531437668152285,0.06020626690030084,0.021395569608424814,0.44587687911032603,-0.1536660723399732,-0.26399712821186605,-0.5110869586914693,1.0,0.04855831777426267,0.457994320458867,0.42252326792764894,-0.38242056946608516,0.2992696469690249,0.36185747214112496,0.2030683208180074,0.10159793097463188,-0.45375024153001675,0.34416294472284525,0.32071523016854997,-0.2769686977375203,-0.47595162209471953,-0.5303087443124026,-0.15885168055232812,-0.2228143422152653,0.3542527798503613,0.5873298234129438,0.5939897732168383
SYR,0.5891088800915744,0.04009523673412396,-0.08937414196299565,0.10215825802986633,-0.18721755485637948,-0.2580649825925918,-0.6387410888607095,0.19683309630033996,-0.5812681608400654,0.4958505379008533,0.5260471460856433,0.4058079725698899,-0.50103806352308,-0.5502019739094459,-0.5696549169942946,-0.4363437005481092,-0.07730659065594447,-0.30045879156085453,0.3089316616937958,0.07487108797715258,-0.10172019481653205,0.1468459289285392,0.02453029465769041,0.4409420206221375,-0.41050839496382796,-0.5618461913860933,-0.2935120877269759,0.4807053272602737,0.45385853488676897,0.4531124491967454,0.5343089479147174,0.3910240618899542,0.1793192639022665,0.28689183413114194,-0.3150945726669634,-0.10929547979666099,-0.5653445744180403,-0.6084364016505033,-0.6077230667490663,-0.30711928488773177,-0.6124989832439502,0.035122483880378086,0.5250086869503925,0.1525823694731574,0.5641227569490532,-0.36915035557511744,-0.6191255745191913,0.5062858471260906,-0.5171917880042782,-0.40747238293075383,-0.4813315113039278,0.3868209047803448,-0.4738910017580382,-0.37371296253461916,0.4568030015780642,0.4304952759788936,0.43330763197405264,0.3810170645278934,0.5064343668325356,-0.37934048439198076,0.4735150415514041,0.32781986901413396,-0.6098003908829348,0.4586651663668293,-0.676914822133631,0.549324619402976,0.5130342008446276,-0.6035898378755342,0.34434120560238446,0.498757181496149,-0.5052767530483862,-0.4231513298529246,-0.40777958358318656,-0.3762629219195093,0.019942289568294802,0.39450964116315357,0.0029159466164678793,0.5246105101064809,-0.43502934298075036,0.14676605958713096,-0.4748909885173551,-0.04107910811046134,0.27349958311441225,0.13513716950310073,-0.6719275471496153,-0.5380305751077676,-0.7064397731479162,0.06192132843822684,-0.4811656759728433,0.48280768467177637,-0.13327186405111546,-0.037798825323706264,-0.4438610735667039,0.5591759934218206,-0.6895915868158955,-0.5804348667034671,0.011315675872794806,0.3057393256069729,0.6834657987521923,-0.6964860745090105,0.4086358253612046,-0.07709547502900671,0.17942404686524216,0.3970581960798205,0.2031568767780063,-0.5926459895615117,-0.3657784575931158,0.49029438807897063,-0.44520681427683195,0.38729485630212246,0.4804758461595783,-0.45155348659272376,0.1918299786957186,0.5872412166906296,-0.5215941569698448,-0.5399455628894918,0.2570433049046843,0.029449964216687885,-0.19563898069738905,-0.3126153989799849,-0.16254515355886712,0.43653135883652516,0.2192514259888787,0.4325646975222057,-0.5021720242187255,0.345745074907011,0.49781753182349764,-0.07883735680541526,-0.34631534549635257,0.056798029648353454,-0.6796506137834863,-0.6748584101263759,-0.537779507830431,0.04855831777426267,1.0,0.4777511760039548,0.3546914854092784,-0.04862531733623099,0.2734443862591045,-0.0897955557204626,-0.30255615632776056,-0.0650897932601493,0.3567341357833469,0.6460071883807266,0.7407659018188698,-0.3707814880287523,-0.20843301466182762,-0.27324643712064,0.3419013255713387,0.24141402459081918,-0.09049584989074955,0.5432852948110322,-0.019029045778528264
TCD,0.6543454023353514,-0.33812479628741654,-0.34590102583270954,-0.38622818141508475,-0.38718684716797935,-0.7255484609908776,-0.820015880622186,0.14982813942652862,-0.8330317866420485,0.8834008654950792,0.944781528935349,0.547949294993084,-0.8331955426268545,-0.46388126747225966,-0.676479882282671,-0.6338964835415128,-0.26968735244818953,-0.08757957601397992,0.709521803657906,-0.2820173768301275,-0.23835426558301887,0.531645297480342,0.18575627875979595,0.8563378130643258,-0.8310661228765608,-0.7438883744651026,-0.716780566055347,0.02281610454507388,0.7886791819070125,0.8687044438179586,0.8873114647583873,0.543348275027665,-0.21685311623854386,0.6468793030811398,-0.20424096515502166,-0.7286641253866812,-0.8103910148787432,-0.7487310063676782,-0.7894727018975554,-0.021297973428392014,-0.8467839920693327,-0.06930015139308288,0.19142772474732084,0.19459826347230824,0.37481055143376485,-0.8221327134242107,-0.8168544929832584,0.7616461069910784,-0.8358797696477991,0.019585424391862172,-0.8072093349244898,0.3277611796112716,-0.8266560172002446,-0.6068236819223269,0.7714997595051074,0.9214685345000823,0.5716802562862507,0.7994470177599851,0.5079796187717723,-0.7698428076406727,0.7041201998418504,0.5863741107038882,-0.8267971454481549,0.6002710607902974,-0.8145627709446606,0.5030440824961958,0.5510303589936235,-0.8443260012726406,-0.1879979539237404,0.4428448706231145,-0.7683989824120152,-0.7764811138440555,-0.8093370625788741,-0.6195768188792767,-0.1715684487988689,0.8261698355308283,0.3283623415595216,0.7188539223531486,-0.6641987577024528,-0.08952011617823086,-0.7079532376693054,-0.10239658201149604,0.2283757759241697,0.4405024289096101,-0.7374010110322535,-0.7242157702258392,-0.8092054967754398,0.17863559484000202,-0.14537326097539305,0.8507928589181395,-0.2281551841908933,-0.2925443121919673,-0.7166117133273804,0.9423327215845346,-0.7882796005889612,-0.7383788268467175,0.13217258283110533,0.8273774920986259,0.7679887093490098,-0.5143695085191231,0.7832641734887769,-0.26360551126057463,0.43590246708894975,0.94001190355269,0.3877094332905173,-0.7998523509732602,-0.6309930162956461,0.41508456915227876,-0.8085123241711614,0.12216339256350506,0.7508935479495684,-0.3579170964234226,0.15288139126972244,0.5877494128546078,-0.7990928059933176,-0.7780220405376133,0.4183230905548574,-0.17562542454757923,-0.2339157446433504,-0.38469329233103267,-0.4951083218222665,0.7141847017424584,-0.09722830365378621,0.8547510534815904,-0.6514106549212539,0.6521409768734671,0.8316859762888812,0.1358426645274564,-0.7151181646294131,0.19674686288089194,-0.7904659793424922,-0.7752329623886922,-0.8351107482622551,0.457994320458867,0.4777511760039548,1.0,0.8919903023636405,0.08915977630419936,0.4984506139378304,0.2953068949164377,0.20046753644719284,-0.43175330649819754,-0.3015459410172605,0.8917423234251214,0.8010117080571142,-0.5853879454617219,-0.5628206907731703,-0.6828049479453311,0.2133856709156262,0.3805158814004239,-0.21338374187754128,0.7973754441768885,0.5925559739196898
TGO,0.46060598488197546,-0.3208420522707387,-0.5247097407126871,-0.5593325810185901,-0.38255441048834915,-0.7822565417143876,-0.802382312043211,-0.22805620606855115,-0.7505588817821638,0.9533130711163789,0.925334339007569,0.5836811475995647,-0.7644366879487379,-0.5517845720857781,-0.40287425034452795,-0.5687670581134769,-0.46185768134223526,0.11316677677165976,0.5260118933661608,-0.35186842695090625,-0.5431424368556024,0.4844983149642105,0.11117192408171184,0.8252294057661183,-0.8582562150911528,-0.6486324002537729,-0.7437113020814234,-0.14616957077407977,0.7796849142015907,0.9230222536168319,0.8179107344043945,0.3387355158057308,-0.3286978824180642,0.8199358676397951,0.13790812716495038,-0.5434905640490268,-0.6062798077498397,-0.7381589669897033,-0.788154962459914,0.29205800669788196,-0.7697916604307462,-0.02628513239274688,-0.10442785300558244,0.059602361933991266,0.12709790777556362,-0.7369877243858536,-0.7816431757205304,0.8108235817680692,-0.8541163209302742,0.21678107513365363,-0.7206252301677223,0.09517984007487446,-0.7723420572629649,-0.4716778107317019,0.7827442218258562,0.8969665854297847,0.7044325708896298,0.8875387597668539,0.29969022565606407,-0.6564194921285744,0.775530638430961,0.7395547735683157,-0.7645126179658204,0.683363464959523,-0.7692924543862669,0.3106622604918372,0.46813238548598957,-0.7698401025957773,-0.45941290058434214,0.1257874988733798,-0.731793633502746,-0.6808580005698202,-0.7660989334900026,-0.5554427336244574,-0.42606628073984365,0.8761458132515103,0.2520087861130109,0.7577827946967322,-0.711298268355486,-0.29658348682154667,-0.4201047117939707,-0.21070941180607394,0.2469014099864083,0.46095604887735386,-0.7165849357041605,-0.5634169758976244,-0.7239095690870534,0.30663859122937076,-0.08083452562873572,0.9002092798408987,0.013570779352049311,-0.3633785381792465,-0.6374052230637548,0.8968382059481719,-0.6009984069658914,-0.5055308536070544,0.12114809284988914,0.9358354163593167,0.65339144697792,-0.33026310756674104,0.8092903285819473,-0.3920760091081572,0.49958605351906593,0.9247206441619356,0.4877609791516204,-0.695559239579826,-0.7887975204767086,0.45952571648006235,-0.7541346810324385,-0.03483399927303643,0.7043537941912213,-0.08549743669565224,0.02977063049703732,0.5997574814397306,-0.8546811018682943,-0.6488947054762311,0.3252509366537091,-0.030141114936813596,-0.4614339371487701,-0.5663442252098974,-0.694974038823863,0.7759910963437479,-0.3853742262508064,0.9263432645875351,-0.5408247423537138,0.7480223680030473,0.8602238433105079,0.31436596998838306,-0.7907569567243296,0.4184109934718313,-0.7659827622861191,-0.7448592478878191,-0.7987919681490983,0.42252326792764894,0.3546914854092784,0.8919903023636405,1.0,0.02212043009089415,0.47086016978075895,0.41379327241093966,0.34581395906134316,-0.4154768806410192,-0.36863818320259245,0.858540861215756,0.7913283264860143,-0.6441823332518188,-0.5301773610123668,-0.6496314480687551,0.10047564836753209,0.214496041503333,-0.18077768883771883,0.778998033735889,0.7349921779082697
THA,-0.2581165976330837,0.037646779991605706,0.2865447574867026,-0.1906177763261645,-0.1738167455712527,0.025271838335645613,0.25468830820976907,0.21962705232066915,0.10606063003829169,-0.09254916029950144,-0.05714247729356159,0.14936347124823324,0.009212777750338352,0.27525321325609675,-0.2940086391697794,-0.07689850579574298,0.13292848268336344,-0.26892756852510336,0.22046493630945296,-0.09271247160875418,0.04856236424097726,0.20576551178251545,-0.43095954555406335,-0.21357287456507734,0.0611630250954065,0.20080559285391253,0.0975394367438508,0.4495638531374553,-0.15392146136472684,-0.11159698915255434,-0.0006672648176802021,-0.23974916056727458,-0.16747685502540555,-0.26089178527550794,-0.4090349981420116,-0.14093379843329634,-0.01827822979514493,0.2820835877146767,0.184779080375701,-0.3394265492317712,0.014244101648442475,-0.15157553348937625,0.048761670806929835,0.43749111988272293,-0.040277431075157466,-0.057200036736521964,-0.02395362582555194,-0.04036333439175266,0.037797730776762295,-0.039343741392494413,0.0049298461755376,-0.3630861333388786,-0.011914005764095181,-0.286954446849214,-0.05281167453259661,-0.06730689623454622,-0.37966476086598977,-0.2227146151774182,-0.11396306690428593,-0.09062282694843793,0.15401189496845702,0.2167373478889172,-0.021318592352653765,-0.3505697849123379,0.18701732366420587,0.29509459473753086,0.19663990601245762,0.0213871289232459,-0.03550330108155353,-0.027155300144369177,-0.06471363021046872,-0.11734418388231527,0.13717138922290684,0.14279563868014533,0.10027600454967411,0.012045828893781696,0.26158194453308614,0.3721895022968116,0.41209749340805735,0.1498030657919338,-0.11119286250867488,0.002533246373435105,0.2646464779549563,-0.20557486012228043,-0.02111845433326187,0.024012174619238436,-0.09573610841770908,0.08561801703344318,0.36976999342477646,0.0034213740163003825,-0.1879984498644771,0.2584406820194042,-0.24622205791637253,0.007415083380007181,0.01077816983809654,-0.24272969234857666,-0.026701840295223933,-0.02572582192550721,-0.17684900404887327,0.09574300738104269,-0.16528498467116481,0.6227738941079703,-0.41242421465275325,0.12072333255511358,0.01980873975467856,0.18458398649897423,0.16826622721126105,-0.28377863482032817,-0.05046851558232257,0.05190935383670903,0.19011107842251662,0.018880184065339867,0.206358565616364,0.25631479405090274,0.2063856448240584,0.05044334667669037,0.27418531397304224,-0.5733017282451682,0.24995665344531592,0.3269331435182089,0.06110523774075016,-0.3280850039612131,0.11610189905700341,-0.00884017935410597,0.24192954714687898,0.11079141575073292,-0.23237534946382143,0.22884176159556013,-0.14236872928299338,-0.585380397635082,0.1033904944636519,0.18024483765968669,0.018185518275751766,-0.38242056946608516,-0.04862531733623099,0.08915977630419936,0.02212043009089415,1.0,-0.0351219112372676,-0.04186568121508971,0.07332881715543382,-0.1052485100231837,-0.006515620977975534,-0.01326193870545267,-0.04957402563747326,0.25371207443993715,-0.17825573782690585,-0.04223305248104681,0.03696024396977571,0.6773547104902207,-0.49528783388627895,-0.2874382009311691,-0.14524626171719057
TJK,0.2810830231791446,0.15086600318847165,-0.45017421902969246,-0.1662893026213208,0.21764656572744334,-0.6084279807568671,-0.6096505269195904,0.193927974254829,-0.6577723923299037,0.4400686491493879,0.5242370669405043,0.42368380084060975,-0.4978548824117428,-0.5488810692123156,-0.4642283311112112,-0.21386274320909315,0.013314080086661573,0.2006468779074152,0.3831386599421879,-0.28925402854257753,-0.34242017530463853,0.22165978146184195,0.03669013747954086,0.5360422326181904,-0.6080666910356629,-0.5774705138863345,-0.5408667163794714,-0.021862637497724435,0.4555935188583984,0.4061760497629747,0.5464893267733781,0.26897333999808315,-0.17401877196386195,0.5118559797158011,-0.12809007252493387,-0.3504038534797953,-0.46506605496789,-0.5747849937859435,-0.5469876630086556,-0.07131902255342859,-0.6470317196751258,-0.15714284797722344,0.06032234299191286,0.09077974846064629,0.43212693839574623,-0.6070930460274901,-0.34716056268398,0.6128801366871174,-0.5717100589707256,0.3083599286946326,-0.5946195723708909,0.0895090417293789,-0.5871077795457207,0.2067279538999398,0.5972118419188283,0.4903902255452002,0.32757866401432056,0.5516974684724876,0.0973424414907974,-0.5204459400748023,0.2706011215062565,0.3751148237757501,-0.38380232499072475,0.43384429554591164,-0.4065474642557563,0.344393767865414,0.41383076264312657,-0.5385557184693841,-0.002386628732109708,0.2138598011707301,-0.49333491914494787,-0.5721133786374724,-0.6006245420745566,-0.6161516967549385,0.0021390692440342862,0.562563761557704,0.7685796520805349,0.42152691883341187,-0.5990558478168873,-0.3839911686783082,-0.47262389226025725,-0.252310977563702,0.42750021383158066,0.255543668524453,-0.2622282794237798,-0.5464679819538905,-0.29090537231558433,-0.06056964779598473,0.3985881357102534,0.6037134424876319,0.045755897608663276,-0.43181364336147854,-0.1461586888814228,0.5105017960649714,-0.5708996868910581,-0.24989973004583454,0.21307993398150837,0.5053571117070716,0.4435534235756724,-0.12134288935009896,0.6139654116028492,-0.24127134953881413,0.20549901672668425,0.5035304479052235,0.641884322118714,-0.6635899452157976,-0.5676635885906887,0.431171362315933,-0.494046851214051,-0.10912419522727856,0.47239943578330545,-0.23531562683733975,-0.044000875984417265,0.38823312706415236,-0.3861250722002285,-0.5734802841251307,0.409910653997555,0.15434028920208598,-0.4226289162734913,-0.15016394490497587,-0.28290555894495717,0.6192717915207093,-0.24912199769692167,0.3292740220473469,-0.580665004422835,0.47129153951291813,0.5557325867970244,-0.03270043797977196,-0.16473307623037647,0.18496587045084545,-0.39759591784751414,-0.42052183841920465,-0.6223855419970439,0.2992696469690249,0.2734443862591045,0.4984506139378304,0.47086016978075895,-0.0351219112372676,1.0,0.2668760392233894,0.3620745889474001,-0.20526631529599126,-0.13450373363420276,0.6192275572481447,0.5185560983286085,-0.054164871976932316,-0.3412255983974164,-0.5455953374610982,0.6435229826918644,0.4561562316434511,-0.26885335641828223,0.5299254771348141,0.42650953374432643
TLS,0.28879094785741266,-0.40902053936579086,-0.5673075964613701,-0.35763412261663063,-0.3540426906016301,-0.40180628738540736,-0.27917116880340265,-0.4765432771950726,-0.1363845082477495,0.3205769168792907,0.40549807210003275,-0.21573927440354423,-0.29042826079140993,-0.34363359953360106,-0.1593633495850897,-0.020695165833515494,-0.1874665367169297,0.38701656518200456,0.11016997124964867,-0.2540657921660614,-0.3015395171308959,0.5047460433109568,0.44938164434852723,0.08942162892886008,-0.36563688821687634,-0.46364110006357984,-0.7149756591592764,-0.3321671265447872,0.16346517505132208,0.2768537370419154,0.24500524175769656,-0.0042325723203064936,-0.522828202417849,0.3639597326304528,0.47884085297980716,-0.12116196364574616,-0.05349897662649705,-0.3387044924382434,-0.3880215699135774,0.4602222154298339,-0.14472571121841682,-0.5624649252021854,-0.0007582311215030835,-0.33699377893037585,-0.30413025710014563,-0.32570909756362987,-0.20869670351906322,0.3325154920193941,-0.24319862820481375,0.5391205387396752,-0.19451576635543644,-0.17294036617895903,-0.29143124011860855,-0.04112696985354658,0.37870830680422785,0.44886710377834804,0.22481098089498253,0.5348366205940983,-0.046529802788259245,-0.16229557543704964,0.0863935421990436,0.5738071236403637,-0.11916140702409228,-0.07114728901614087,-0.19521258884324344,-0.41338984014065816,-0.054298413853073546,-0.20165214896993144,-0.45031786972287935,0.036286578904207945,-0.0907252690373559,-0.1867078386406913,-0.32102430502091805,-0.3870206932861793,-0.5399370932217091,0.39219590771251434,0.4493077152702347,0.030510744502991072,-0.5671921886241071,-0.3109227758852391,-0.20481329153478445,0.09692231912730787,0.05580965597694054,0.6613482914626708,-0.18375990011984666,-0.1151276364881173,-0.15041543172879468,0.04938871363919195,0.1895795882363378,0.4631226425224213,0.4228149954373386,-0.6536252531005591,-0.11006300764063948,0.4453064521358898,-0.08031710423864569,0.07214733789907546,0.009582735008223153,0.5790929203350058,0.15046628706503684,-0.07386154105004716,0.6375740098997684,-0.41297620774894517,0.5620647523582163,0.45141645106954675,0.3150121968498013,-0.12964629379534598,-0.36464127760505294,0.013082863611275752,-0.2603840527103034,-0.12193824629177197,0.14184755923613235,0.0012111184061708302,-0.5613148335977165,-0.1677672991130823,-0.42054487792639494,-0.22275440697410254,-0.3612273869731566,0.38837788118202776,-0.4595393442650475,-0.5395329382280558,-0.37024704026043387,0.33447233715638447,-0.2756684649563539,0.43270712321641047,-0.4035832385594875,0.6674774117601437,0.1642197301477345,0.25766710731843034,-0.16204937832278765,0.6746804804752334,-0.24691708247128363,-0.16777143506089587,-0.2117900430909656,0.36185747214112496,-0.0897955557204626,0.2953068949164377,0.41379327241093966,-0.04186568121508971,0.2668760392233894,1.0,0.39359796646564726,-0.14789139138733676,-0.42464773568569414,0.20717662940221793,0.3460614244632483,-0.18398832169205948,-0.3872591713027218,-0.41760480011676027,-0.18954939556293926,-0.1365383747191078,-0.037019863418303656,0.19819384823911212,0.5422093208943425
TON,-0.3477818418582732,0.236253483546905,-0.3805605687034652,-0.4513796947703965,0.16890330280822075,-0.2853840399273142,-0.005679011583655802,-0.2763350483501861,-0.18712907358014585,0.21518281593774458,0.1725729066550774,0.0022722663400061016,-0.13891394523473077,0.009744198739459198,0.1444170613186634,0.10979780746603185,-0.25808332886832686,0.551654393693744,0.06079266147023166,-0.4673047148478424,-0.1995795368373765,0.39987343235199346,-0.1049311189544142,0.2510028528526492,-0.2715727352988939,-0.04101199258018018,-0.31472358802456224,-0.45779697403251696,0.02807673310675496,0.13664741549704162,-0.022037714630484873,-0.20007263230204164,-0.44481089491279713,0.5410472181854549,0.41251520847487766,-0.07750472355739202,0.10744585134815454,-0.0028104155734995917,-0.09857501825148485,0.07545973085922786,-0.036547675592944584,-0.2939717500233887,-0.5749280190460409,0.01554479883444193,-0.39524988797548355,-0.2635773666376724,0.08499940262135819,0.1348401626908221,-0.023294615667626806,0.645006953288897,-0.1757950711250862,-0.3112627645683652,-0.2594081305591158,0.18956680454757024,0.10006763703976207,0.1348653856033375,0.11953912622812424,0.38615886484238615,-0.21705902999672655,-0.1394382844717139,0.07388211391303379,0.18254229336358874,0.1169526015066723,0.06976639689040487,-0.02350071035977086,-0.28612664213292227,-0.2960865160211743,-0.07743635938005422,-0.6518281759031725,-0.4199520388316895,0.15440210015887912,-0.07559047355642168,-0.22971564677000544,-0.08504660342526082,-0.3041820589536899,0.18070218377897584,0.35595576305559173,0.2312091629830062,-0.20943674682025915,-0.4172087008875631,-0.07504230529163403,-0.21305062537291075,0.3910972854824839,0.11621586784901683,0.11637696505812445,-0.03981174407460397,0.1251802559485079,0.0779348908642038,0.6252876910845094,0.22942691912429058,0.15748379171176485,-0.6104859009739427,0.05922074025142188,0.17788071380710102,0.09995955522279987,0.3215413684788908,0.13922582812899453,0.29806446816774934,-0.07077230880718677,0.40007413255301905,0.24841217982397557,-0.20685843845382412,0.14632571033623576,0.3233974813612026,0.3066124714975841,-0.07467619471466391,-0.12417662404053886,-0.1108711503848101,0.02978738515667656,-0.3729506057105674,0.02123752169635007,0.16027315670085807,-0.145842999780182,-0.053035458491224485,-0.15218216674280916,-0.0056425349501023625,0.22456140671814806,0.02258424185146135,-0.13423914011045213,0.0012824729325655593,-0.4807693568436231,0.23707054792578142,-0.48342318588943445,0.20306693018437727,-0.17865857386395967,0.5357822365088692,0.13897409975653907,0.29507143586922835,-0.14225612122658093,0.28132853537085944,0.001285622665264663,0.1828281024486781,-0.08183929186849959,0.2030683208180074,-0.30255615632776056,0.20046753644719284,0.34581395906134316,0.07332881715543382,0.3620745889474001,0.39359796646564726,1.0,-0.3875793906628777,-0.5564351184328244,0.09065901734609816,0.10785464853091198,-0.22931062668523028,-0.07052668340308044,-0.3591701506931133,-0.0034810401411915493,-0.013350128727145583,-0.4667517388608402,-0.04255936369710178,0.3730533815297068
TUN,-0.012831986255539052,0.3956988750203455,-0.02122780988061357,-0.04967808564968612,0.37734119427091617,0.09471653185628703,0.18760031900753038,0.0620342723548335,0.30895221364341663,-0.35743965982745984,-0.33186305497003343,-0.30137972192736995,0.3520992634971569,0.03275516868672834,0.31865877511215457,0.5631906532361626,-0.05445556741628277,0.14323190112245832,-0.572026931727418,0.11335799172742567,0.06785017296330687,-0.24607857943934341,0.014676315295730102,-0.296894836733836,0.20571846033686625,0.1973484538971858,0.2734980628231829,-0.0963597038770907,-0.09201378634186508,-0.30661143186676654,-0.21007519722657886,0.06852018133580207,0.16706272978226533,-0.32935821866640214,0.17764526984321505,0.414241754604437,0.30174489761385404,0.30908716072605946,0.1579795806050437,0.24078013606119186,0.28910367266589576,0.11158696239566634,0.2825659798515705,-0.3602778703827687,0.17146741804319143,0.5576028037024725,0.2227460767479541,-0.48206508547001237,0.23010196174231845,-0.17480077419523044,0.29393191050913836,0.05891339190583689,0.24130221344252112,0.24444949013327932,-0.4991458690592383,-0.2448163504546801,0.0299283763435636,-0.4378692599230045,-0.22193113432288936,0.5723819394530312,-0.29915951503819693,-0.10252165865499263,0.465162128269758,-0.08605531979467584,0.44906216843057734,-0.19073411315541366,-0.1109381736612487,0.4611596937974055,0.17529643048594634,-0.05444856772581397,0.23306880622458004,0.14971076732955435,0.33096655959047594,0.17891026706851543,-0.2214510991966201,-0.46708865063685523,-0.2515750206951701,-0.46881905889679687,0.11583224081684917,-0.08512542059082695,0.36559885781967405,0.5319133128758068,-0.4283077219747322,-0.04335304262073181,0.2899664913738864,0.1602999327439989,0.3748005814270172,0.24398275291409144,-0.25248140993001966,-0.36227024234343297,0.08968383209758723,0.14088577278595182,0.6308402532185694,-0.4280604399846111,0.3181438361649406,0.4096270018441672,-0.5151977275280779,-0.32079331039820236,-0.12406000160072428,0.2364939278845306,-0.3371707254827401,0.03700550084587295,0.042978225244915125,-0.4314502379325029,-0.15223114012932393,0.2442750342268416,0.05231194575015374,-0.09817952879909098,0.1961117863987658,-0.012045467090698425,-0.45064952190178187,-0.23139932948554787,-0.31547885795805364,-0.31341897009589714,0.2618448103019384,0.5060940984484162,-0.03139847597962531,0.24768587168740885,-0.2498127424967842,0.10032972922017003,-0.033061093291760546,-0.22899748581745505,-0.07085426101384185,-0.26649244992054877,0.17735423102825476,-0.428216700833719,-0.4009595443465388,-0.05529646052190018,0.5417740903491659,0.052338272825151466,0.4265384216673884,0.32600867615531326,0.2714386851137387,0.10159793097463188,-0.0650897932601493,-0.43175330649819754,-0.4154768806410192,-0.1052485100231837,-0.20526631529599126,-0.14789139138733676,-0.3875793906628777,1.0,0.05283827060875124,-0.4551481441378007,-0.44483615343632144,0.16956492414432356,0.12793141113882334,0.1522571544311463,-0.32012467982464865,-0.3315663151783135,0.212382522924361,-0.2026725049176672,-0.46234417553091967
TUR,-0.08203287888839572,0.15346405975122468,0.26546186305071173,0.6061234174162916,0.1336045268036251,0.40899652995303437,0.1252853771663318,0.03797620498974563,0.10428739952331134,-0.251494366742556,-0.22152264604504657,0.10447756126974772,0.06125359328150981,-0.04269280849073165,-0.09394854201380198,0.0540811832938749,0.11228388046789961,-0.6895019307085919,-0.17124710746493577,0.6272439516104017,0.05823704295040377,-0.2826391042350598,-0.2599791166009693,-0.24481474288574656,0.36310829904823816,0.0690959471230349,0.5121026635135787,0.7589788495695075,-0.33371350249142573,-0.2482326264906649,-0.3067027806298557,-0.27232550768585395,0.661877130467695,-0.3414994239969942,-0.3524311460173086,0.37361172880712334,-0.06148416297365289,0.05202304370752164,0.25737705296747637,-0.3514965891964845,0.08970667183243952,0.25025223056316537,0.3939477664601396,0.3657160884874855,0.35934621482546936,0.32646209819665706,0.07163817168939612,-0.006206430605049329,0.1702907377557008,-0.6360155992703964,0.3172337141631303,0.006399923790470163,0.28907102119048167,0.18136492734856924,0.01563767489949852,-0.3150081556340163,-0.3497394868096739,-0.2846265262513348,-0.06892325910240871,0.04660326877702348,-0.08948820862015805,-0.3638660252800281,0.023475143540597987,-0.06601222734234602,0.029081462543127268,0.3856699119960666,0.2676802598157273,0.019541426031686182,0.5409284424076771,0.20505297537763534,-0.01727455648733267,0.24938516462134608,0.3641666517579488,0.27578839124326393,0.3938704355496747,-0.2357545138021777,-0.2991030346174919,-0.10306801491586182,0.2952179237321654,0.26854887891753787,0.059101136645055896,-0.43255758925948595,0.11206065486313388,-0.37774759244995404,0.02800012541483432,-0.06130659643737757,-0.025247458931483946,0.13530940375370926,-0.22456827277040747,-0.3129210091885126,-0.07374048782170806,0.5286356393932006,0.03947196339700132,-0.2353479041501252,-0.13516739954999402,-0.12782086786507363,0.06168238262988435,-0.31310916847991077,-0.19325947149681588,-0.2094978063464379,-0.2813652675853864,0.24979950455749833,-0.3746954504788935,-0.353306486783562,-0.27358760859267983,0.11475307073828589,0.1618100982394407,0.1375542072110043,0.19892429081572494,0.12617854011475593,0.024310952127977847,-0.0390774536934928,0.2922571678108903,0.1153179907575046,0.33829851278285705,0.09754780823402875,-0.02126046144548166,0.18717412943886869,0.2256398543664211,0.19030759994090463,0.48965042718646556,-0.15418152852054434,0.4433885412001717,-0.3270604219720463,0.07520326816369738,-0.4049012135434289,-0.14500054414368369,-0.18602465873333074,0.15324469262545382,-0.43378331627919886,-0.022201159436006312,-0.11937620719625408,0.188791422527532,-0.45375024153001675,0.3567341357833469,-0.3015459410172605,-0.36863818320259245,-0.006515620977975534,-0.13450373363420276,-0.42464773568569414,-0.5564351184328244,0.05283827060875124,1.0,-0.08562954300845549,0.014921954073410126,0.3447836801197288,0.35662992818365336,0.45914884633130537,0.37324494048559886,0.1331181897389313,0.16041702709449845,-0.21841968917347443,-0.26229333468858274
TZA,0.6241011901407764,-0.2641885876365728,-0.4242413732473689,-0.25833338237098435,-0.31258874513457013,-0.7159605583954798,-0.8936340179564075,0.040484394757016484,-0.8767780887915433,0.8797311934106954,0.9224518887533926,0.7452664675637016,-0.7791516947467017,-0.6551880107026622,-0.6922065562760338,-0.6440061635594092,-0.21434660491318502,-0.13810226862242136,0.62536489166298,-0.18947568036330464,-0.45914585104464956,0.36547807738670346,0.09818002990653696,0.8314760447789941,-0.821883221565654,-0.7566867756975477,-0.6814718905317187,0.16091948421028235,0.7809493880923029,0.8544182031712783,0.8903969999860627,0.46121334008871084,-0.08105572708169007,0.6840536318385108,-0.18554604388237061,-0.5825390479804853,-0.803145331170023,-0.8628349118271581,-0.7944633852073468,-0.010982259876284983,-0.9164897462679766,0.006273364079475985,0.15968718906869872,0.20041546785006525,0.4650039194081713,-0.7779384730114318,-0.838917375383349,0.9082042649301649,-0.8930431663818688,-0.019348634604926307,-0.7682256550365694,0.23707497714843018,-0.7758709342613048,-0.4230092240533656,0.8729817202182892,0.8625973935066117,0.6144262572242543,0.8041725588059238,0.422973073162378,-0.7590397339623194,0.7734272646703768,0.6287388805404652,-0.8673450395159641,0.7397103448219019,-0.8717848023484116,0.6125298261235723,0.7211172749228627,-0.8731995286327492,-0.06632946874386669,0.3673155255969164,-0.8666931582673656,-0.7695227216639635,-0.7642600103846857,-0.6414864072975099,-0.14635817442641885,0.9093751371788034,0.3369856276895149,0.7987318793964969,-0.7150145288725749,-0.2182553585168534,-0.6377478831134105,-0.25897977678562456,0.4193991594675306,0.3594615907732115,-0.7575724252266927,-0.7413955842007423,-0.8160589050054758,0.12958160900225324,-0.1664207594882272,0.9071649569995215,-0.1361597073270191,-0.22812779365716107,-0.6938794570893132,0.9092968549428161,-0.8716210009746952,-0.7297196534220021,0.20048881066260016,0.8117433257546931,0.7860612564058506,-0.5601204220346716,0.8233848479707158,-0.3254528894057904,0.38158701263741146,0.8524390271071643,0.536548876184796,-0.8558163049245935,-0.7519058656022617,0.6326596866727903,-0.819118475982449,0.058177980115927785,0.8183206347517898,-0.236953763454109,0.2229790142253275,0.7618072195400578,-0.7842085322256915,-0.8032709399497491,0.37734120176465746,-0.09576856089406816,-0.393277713770221,-0.4212872089214523,-0.42896402521643306,0.8332888612397213,-0.18156867404296917,0.8117331148290339,-0.6680928303199449,0.6185989461915324,0.9030638345991878,0.12218917955691055,-0.689772043759648,0.2120413823883308,-0.855354130447707,-0.8744432702844032,-0.8775857124937065,0.34416294472284525,0.6460071883807266,0.8917423234251214,0.858540861215756,-0.01326193870545267,0.6192275572481447,0.20717662940221793,0.09065901734609816,-0.4551481441378007,-0.08562954300845549,1.0,0.9102287517072248,-0.5094362110457162,-0.5119159105739899,-0.5841922471618783,0.39362554328154076,0.4300208697791945,-0.13650693448895823,0.8730784234877688,0.6030552499124986
UGA,0.6098352245689824,-0.2579462336701912,-0.4359812536496308,-0.2663040292502543,-0.42736853701027244,-0.5914106699040667,-0.8027815542534,-0.10278308752024756,-0.7501174407626872,0.8155948271044157,0.8738420695174255,0.5382583607565631,-0.7894770415938199,-0.7372083123242223,-0.5951131352005952,-0.6013569178763813,-0.3536178890753414,-0.11785439305628342,0.45583587879760334,-0.13987415598359543,-0.4288889069465158,0.39000486122645595,0.18816882100919097,0.6806676012258853,-0.6929434808420294,-0.7187599994840581,-0.705641748769225,0.2543825098363821,0.6296298756209009,0.791213045987154,0.7788072233805692,0.3660328271314439,-0.12645972771886038,0.639555843480582,-0.09123778413660144,-0.38899351560230433,-0.6821392369742054,-0.7979289356299866,-0.7731903420100212,-0.006667117029148351,-0.7684485589201093,-0.16882103771745394,0.19635410128269615,0.09360887343160496,0.35782381192094403,-0.6611998599987983,-0.7975825981102067,0.8208615270957447,-0.746260399204018,-0.06714384419382524,-0.633480848411577,0.19768014659537414,-0.6596286721387754,-0.4334219997082076,0.783662647033839,0.7802525272203967,0.5559449906187681,0.7672046019916382,0.4713875778159562,-0.6600022173092248,0.6570831902828772,0.5966470543210607,-0.7666421879976426,0.5905660605857864,-0.8481753063604465,0.4520992523628168,0.5867770333673532,-0.7919915113768905,-0.11036317829162967,0.36437954648319026,-0.74329147787022,-0.5976898557095964,-0.6598890331292149,-0.5298510730803967,-0.23434453775013053,0.8011273364847127,0.24013076137810196,0.7170588512551719,-0.7057103708176018,-0.13973844649271028,-0.6277175955486922,-0.26950514712497475,0.4870816123238817,0.4806854773740137,-0.7890668522160607,-0.6604510288886147,-0.822592625053715,0.18101881994733593,-0.23682512995637284,0.8360403082839345,-0.013685584046789767,-0.3166809793286409,-0.6740973198558613,0.8899401980246526,-0.8054507397897317,-0.6259417467247499,0.08574153432803389,0.7780292549188657,0.7200012183207144,-0.6097786541320667,0.825609415264806,-0.3637827461208274,0.4765042997948459,0.7977895427104224,0.34918776933649953,-0.7217943733806917,-0.6472690606334428,0.47045241729287923,-0.6954952350351489,0.18126251316431208,0.7021725445092482,-0.27345115834492395,0.04771365978853126,0.7101008239972992,-0.75407035679869,-0.7101319029959945,0.16113418597835916,0.08477733225208617,-0.439525097861891,-0.5392145064213651,-0.4419171111495488,0.7579915643697704,-0.08771691167750584,0.7792800319723598,-0.6839835600187594,0.7219392742215925,0.7623335124276766,0.0702942180925955,-0.6791405517717504,0.2918572728784181,-0.8138455263194357,-0.8019178033598786,-0.7251110059791772,0.32071523016854997,0.7407659018188698,0.8010117080571142,0.7913283264860143,-0.04957402563747326,0.5185560983286085,0.3460614244632483,0.10785464853091198,-0.44483615343632144,0.014921954073410126,0.9102287517072248,1.0,-0.5895553377676892,-0.5541687233594388,-0.4964289375013413,0.2541135781360574,0.26312936058838376,-0.08455829231090473,0.787462483492483,0.5822655025493962
UKR,-0.38176053190207737,0.16762013637015738,0.18212971030379665,0.49388966950827884,0.4752398333296296,0.37606011502470693,0.45346187400245286,0.18793723826143982,0.36776302290551754,-0.6761002255850377,-0.6187602347006029,-0.1949142867806608,0.6743801517468835,0.45140026942108913,0.024542372774915222,0.4994193563074619,0.6708176099262668,-0.2790035629139862,-0.1353312149222603,0.2980333704129172,0.1963181314967598,-0.301356711772796,-0.11694903006702861,-0.5124148739647043,0.4797905597529949,0.23336919840853165,0.44388674468941136,0.278575142980348,-0.5136237509425476,-0.6432568647650185,-0.5118794585191608,-0.3742367885457365,0.22990676885938366,-0.6124323371233173,-0.2324049986544332,0.1351850018531381,0.2319138175069052,0.4450361378053399,0.6327585271918906,-0.22336497153573576,0.3577155725104284,-0.02767514566657847,0.09628024890997533,0.0827540656337713,-0.006775699366465604,0.3359737872908557,0.6006911292094141,-0.37354521533776563,0.4115600959725949,0.07326764125662943,0.37238918119314646,-0.27201768369990953,0.4006819237431909,0.6326373442369967,-0.27817553673615714,-0.5538125340207853,-0.6599855703899737,-0.5516427836546176,-0.45701077176428373,0.31206156465059964,-0.5470165958567685,-0.4138439406314858,0.48200727605513394,-0.4446205124532656,0.6300524637907301,0.03177657588467242,-0.0435441681352966,0.37211939865100785,0.46965190135324564,-0.08273352792572686,0.3321806035402509,0.23485578617143443,0.4512248801480684,0.23586716634391713,0.47739939860049585,-0.4530175664508933,0.24003117003990793,-0.451248353745517,0.4580815825154232,-0.07944043491567965,0.1908567920650991,0.06076820343988776,-0.076304335151127,-0.24499315966516,0.6983914482305139,0.2159514998804546,0.6369657909201155,-0.30633355166802856,0.47448491914251445,-0.5347148860301292,-0.15104481224956845,0.3086837634763935,0.48191266078409933,-0.6079447483285543,0.27728016046357884,0.2852505093855855,0.2229613861538916,-0.5320518631509941,-0.5855495592718041,0.3020688945637511,-0.47271978638092427,0.36288620434707786,-0.421512832025857,-0.6188478142350813,-0.015845530371770167,0.36835637584271796,0.30425853164766914,-0.1040105762008745,0.36547821066040853,-0.36312505112777504,-0.29440800773239806,0.053967308676529324,0.09232263544278774,-0.3875532687308987,0.714346749037801,0.2915527207051394,-0.162070985842389,-0.12106999807051166,0.295715634201803,0.6062729725818388,0.7444272026723862,-0.5106003146910896,0.11599591820786281,-0.7167355207494475,0.2656385249317109,-0.600639539995449,-0.4960603581432663,-0.009666636796520578,0.7179227230266826,-0.42033533524258115,0.49523604567794344,0.4079852774279913,0.33889117524353396,-0.2769686977375203,-0.3707814880287523,-0.5853879454617219,-0.6441823332518188,0.25371207443993715,-0.054164871976932316,-0.18398832169205948,-0.22931062668523028,0.16956492414432356,0.3447836801197288,-0.5094362110457162,-0.5895553377676892,1.0,0.3853194197513873,0.38764273201103805,0.35151975603296737,0.20760227803926878,0.16643095050691015,-0.5693455661384967,-0.27719584044083523
URY,-0.49332764647053917,0.2831132009057673,0.20017565008996352,0.6799691740611368,0.473963160094654,0.5482930316163391,0.40376258514749674,0.01193798814556335,0.30796330047275444,-0.4303736598780856,-0.5872030201858722,-0.17221875694168665,0.4360714513056959,0.4922451821414795,0.35884114316656257,0.27350476786600875,0.3294930377457408,-0.09359308851554693,-0.10914295575870869,0.4975578338920632,0.1695560039082742,-0.29042032011687446,-0.3542264964616997,-0.3157201394391751,0.4385412123227741,0.37138369496708834,0.6759714872940336,-0.07344647308705943,-0.4500130065289849,-0.47845690900206983,-0.6337228783874507,-0.48960897124682656,0.5285943661385266,-0.21409037462306824,0.1481191433771838,0.597487051308614,0.3615970790609928,0.2614860055431645,0.48138239807595185,-0.22647254495172198,0.4243036997498215,0.5608125563222445,-0.07491190153383576,0.23437028472565813,-0.1747380941740322,0.40562358209531246,0.40460578002025827,-0.37930909097161125,0.4362982667628854,0.04605770809873,0.42427856745790116,-0.17801244613479028,0.42094207942980155,0.4391381423091426,-0.3621805409607646,-0.5942265004860732,-0.22669708342773798,-0.32744538500969966,-0.47544011706196665,0.38844369062043627,-0.1989094975089598,-0.4684832078871677,0.37452441560376215,-0.18308380559089676,0.3164870903234632,-0.1787923965056608,-0.41716809895676343,0.23854672064704452,0.2588314836783805,-0.29759484583761764,0.5750104913989067,0.45511559232342613,0.4351523106750047,0.3936827164258909,0.1952247416243299,-0.4750287448815307,-0.2866912194427884,-0.41344787016449125,0.3937328901468664,0.0661822388188551,0.5524331022731757,-0.015825349798104238,-0.25290387555269156,-0.6521004799202061,0.45260453469523476,0.29354229395403064,0.49929111808223925,-0.21242148987586051,0.18535643668805424,-0.5136231068255666,-0.038673640466297954,0.3330226063594708,0.3529819848388853,-0.5323504001092378,0.4612318263582571,0.31768396494906437,0.02302498289965338,-0.6020469056555802,-0.4874486803860938,0.2424065950009866,-0.5471357248700492,0.12970695497668738,-0.5794926299913796,-0.564495027572206,-0.1231350214150877,0.34545197946164286,0.4479675150992326,0.13274200055747842,0.6274549837973615,-0.2648267889902989,-0.24979932760926693,0.21292279128444003,0.3989573783969397,-0.37145282727723417,0.3461165057087652,0.35032730998754635,0.14966437001366495,0.18186653932176977,0.3717272101871465,0.27745630237376817,0.4228648363502929,-0.4171861975743738,-0.021818145107249665,-0.4900755279956821,0.30168681470112835,-0.5445610002681467,-0.2857956057887052,0.26785499783511424,0.3958015911384424,-0.07012104297540733,0.1825187020925293,0.23220855298058485,0.45711887365566595,-0.47595162209471953,-0.20843301466182762,-0.5628206907731703,-0.5301773610123668,-0.17825573782690585,-0.3412255983974164,-0.3872591713027218,-0.07052668340308044,0.12793141113882334,0.35662992818365336,-0.5119159105739899,-0.5541687233594388,0.3853194197513873,1.0,0.41074750510233726,0.16905516592443037,-0.1792423462646764,-0.14202233008513176,-0.571218015792831,-0.5352511263529418
USA,-0.5489321722422278,-0.018434951448662362,0.25695768044345946,0.5698008930251288,0.04949907064649728,0.8739892250956993,0.661701185115573,-0.1732063890171054,0.6230771515173222,-0.5373097887955254,-0.6717098936758275,-0.23087282695596034,0.4402542847165921,0.24632471988098237,0.5072767147111062,0.2740278252871998,-0.06446492690800931,-0.2896502391325866,-0.5777255353951234,0.6720001882792301,0.012352022160929899,-0.7735435601168756,-0.3565236434789423,-0.590341453140454,0.8723459347954966,0.6414994473117168,0.6439556835977431,0.2761457247233272,-0.520559812621479,-0.4567529230928793,-0.6034758766090809,-0.6046882213599805,0.4440459231394598,-0.4878877558736685,-0.16107972148720973,0.4453155061178855,0.5402346971819129,0.5594601537157153,0.7713273556746261,-0.2924694222532991,0.6797645860912023,0.26725095991578396,-0.09278426017049224,-0.0354673124431355,0.02032133270628711,0.8027480003681968,0.37349331803849606,-0.48979000508935666,0.6948676939294901,-0.43868928753112524,0.8695847912403146,-0.42766879117445367,0.9023254855647561,0.22034221665978915,-0.6437071700555872,-0.752339372154863,-0.3748978619021197,-0.6508967279018747,-0.4837139506029309,0.7170488985501826,-0.4026685130958898,-0.7002105067143751,0.5798053729126533,-0.4087586606775502,0.4388326322277627,-0.0999708073346941,-0.15355489140451462,0.49966690659336976,0.3268343427474584,-0.31757109011730456,0.4450445694956222,0.760644308447055,0.8823859515884408,0.8573626580997852,0.28436844931140937,-0.4496189963960593,-0.5721744582746779,-0.6157956731707168,0.6670905937073306,0.08777243923431466,0.5461704676585694,0.11823896016292101,-0.07630511693258724,-0.574993411968113,0.3102092569425987,0.41895644708765234,0.3861994926489509,-0.03851499133561198,-0.12979992856918043,-0.5633135220623184,-0.1535224568492377,0.6793292961335057,0.221466156417217,-0.5946460813589274,0.36771923493369707,0.2989626198832738,-0.37870445120516916,-0.6065381306161908,-0.766892274258627,0.12363961836899962,-0.5300060673823377,0.14744301208562516,-0.5376800579629175,-0.5892857310068265,-0.7160795476223636,0.6667048695033928,0.5888052216245001,-0.29408282671378405,0.7469604514498656,-0.05793493286564333,-0.22829746087842273,0.10937337942283687,0.09499017162421974,-0.12985690810017636,0.6918500213745332,0.6686291493931293,-0.4596129197887371,0.018193067953071296,0.15521888462366695,0.2970280295623333,0.6732714906539945,-0.5075742088986908,0.14782249010795712,-0.5093845660571499,0.36210273883918975,-0.698086974579935,-0.5760891776515473,-0.2937746052689869,0.39499842509143157,-0.4105090473872144,0.4372746319538413,0.4383559441669638,0.7053047353397629,-0.5303087443124026,-0.27324643712064,-0.6828049479453311,-0.6496314480687551,-0.04223305248104681,-0.5455953374610982,-0.41760480011676027,-0.3591701506931133,0.1522571544311463,0.45914884633130537,-0.5841922471618783,-0.4964289375013413,0.38764273201103805,0.41074750510233726,1.0,-0.03504625154260066,-0.3429563645518465,0.47280466533058263,-0.5893557376227838,-0.4344341368141771
UZB,0.025259750223584954,0.1253021963206037,-0.10215467896342312,0.4804538142310584,0.3245085116475577,-0.06132186053441124,-0.3670726815189931,0.3537806801919332,-0.5158824255296284,0.20022275497770903,0.17461597101473147,0.4782819159993853,-0.22628438656210115,-0.21975163864296343,-0.45151800862140945,-0.17436839318722663,0.32190002485014757,-0.2559225529104878,0.41148588036386724,0.24819277238209647,-0.12637724493149505,-0.09087454941854434,-0.29242927522639217,0.3391717548770521,-0.18499800136979117,-0.40983622123833685,-0.06820151877348746,0.3546730920154394,0.20536232134024446,0.13611568979573385,0.1922209900735804,-0.07700651697477046,0.2797201115250212,0.2273042272910868,-0.4438789247099868,-0.23519809493463484,-0.3917436000797534,-0.42106921589998936,-0.17162878803924486,-0.5396668007538024,-0.4720233909475917,0.2146803918603707,0.2061659502135169,0.3546696276791794,0.569143655036389,-0.35914882530748327,-0.19766270701570776,0.4761327284158423,-0.31618155898375777,-0.04732541999637707,-0.3211129174519294,-0.016783215007486696,-0.2647001988065558,0.2549639505216248,0.3880226048148716,0.08496389972541984,0.08139283777574224,0.26805500232456136,-0.08149217624208438,-0.2997110094198032,0.16314575916001484,-0.08370729119492148,-0.2875906319571251,0.28589132025535613,-0.3318261203482238,0.5677709255713216,0.45290814124146916,-0.5326527406009838,0.4993453193964771,0.2090063640536569,-0.30532985451315175,-0.3223950249093521,-0.22041341541761272,-0.26319937332794785,0.48830916910988154,0.32755989760104853,0.46110630346432646,0.24031956358181494,-0.18536455417592945,-0.12780903775276764,-0.2934658144882383,-0.2570079744953646,0.3081349802326425,-0.25507312110253033,-0.1598770357567738,-0.44632302722056383,-0.20138306856915622,-0.25738818987364764,0.33676802694380237,0.297206548076824,-0.22355002126737622,0.08668931654755407,-0.1626389191924249,0.2450644393319864,-0.5216860116546491,-0.35727914366673863,0.31992809211890516,0.0813937420779135,0.10180929742528155,-0.2153031650010142,0.25078512191699476,-0.005394278934199193,-0.3289868341031461,0.18372567658211958,0.3456584386831538,-0.483923581287411,-0.2287440547295967,0.5591330393505896,-0.1490963618021337,-0.11644396322440098,0.5405911663322066,-0.2769186302578497,0.3423590234913997,0.3174936162583597,-0.05672128050040559,-0.44243721040469275,0.3628809137307535,-0.09415652447204526,0.011676325208625604,0.1576014008667106,0.343756127447018,0.3026696751990765,0.026297874507755892,0.008139444217200698,-0.4441373722937576,-0.009450659651393911,0.40783853549471094,-0.09847831878021474,0.060782836810492014,-0.21214898652457737,-0.4053061163846563,-0.4111436696229629,-0.43269599919513424,-0.15885168055232812,0.3419013255713387,0.2133856709156262,0.10047564836753209,0.03696024396977571,0.6435229826918644,-0.18954939556293926,-0.0034810401411915493,-0.32012467982464865,0.37324494048559886,0.39362554328154076,0.2541135781360574,0.35151975603296737,0.16905516592443037,-0.03504625154260066,1.0,0.5318819190792627,-0.11542528960480647,0.15361367658490732,0.028714128028412667
VNM,0.0684824510475932,0.025261296708010694,0.2263179172091404,0.0018282684189893095,-0.07373645534814699,-0.26715381306763497,-0.19420225583302675,0.5192860854433037,-0.34894166155803874,0.14924217341978552,0.2568359940665894,0.517224339681386,-0.2460285330589247,0.05967549173092468,-0.6778661438565892,-0.3214048118062647,0.41072784328065115,-0.35724987408698494,0.5998137570998673,-0.1407996850642006,0.017706282498256787,0.2853298203932466,-0.36817513970030635,0.17078378517854054,-0.30303565269070565,-0.20178806996836895,-0.12444310630132471,0.49035838733589243,0.129825948105177,0.06743271377824478,0.3219503597790795,0.03607425797975228,-0.050943424420042405,-0.017981719887900205,-0.5675562174596114,-0.41084551102901345,-0.45141549658295665,-0.2379406592843578,-0.17295391939995008,-0.43226675983920737,-0.469101821186539,0.022953887649575178,0.17105674947260985,0.5528086311451642,0.3162218888575572,-0.5143951918702925,-0.2137060371360091,0.41900020918109093,-0.3470751203818081,-0.0037409113147333084,-0.42686065534723694,-0.08409071225766507,-0.3748700218927654,-0.17979621923934053,0.4038137676875617,0.2379013101034979,-0.18017192663082304,0.10641678729700732,0.11756450631267945,-0.5593662963737671,0.34483985514039717,0.29398019318680824,-0.43211315817900475,0.04374123939410868,-0.1968878990264591,0.5844899801299274,0.4972713652987357,-0.35875655648885396,0.20620801856532966,0.23422416294692983,-0.41172540265462576,-0.5202398095274141,-0.31488374849385203,-0.377205025947555,0.3940485150450983,0.33256195309953007,0.592798091343163,0.6218362684569313,0.04178803134742071,0.10758749898681075,-0.41578136321129944,-0.2733020650449953,0.34053604053159736,-0.1411682107591128,-0.17656464058342913,-0.3029329706424644,-0.294324885497097,-0.15666315190089808,0.3884408608533041,0.30190919050665554,-0.1669034142760919,0.11704554757731678,-0.3777031229801766,0.2992038329309823,-0.4130470318914834,-0.6145028559468408,0.2865969061586109,0.14964074449772946,0.24072050456398864,-0.1140461945659188,0.1435321388400974,0.4542276076455817,-0.37071843831402185,0.3085056530069725,0.3635978301967886,-0.33623079480328366,-0.12068408700483646,0.21935364488286502,-0.4085845346231669,0.05189084270857758,0.5050738031272758,-0.038508977203602246,0.37412452226126924,0.4461003125199232,-0.08184824465977236,-0.47110347940082176,0.4917942052774005,-0.5263705222304667,0.23261591445425867,0.21751260859003319,0.1039927327159853,0.09080442255484722,0.12674768086453714,0.1074399150622295,-0.07876623153786566,0.1849444894293033,0.2569563770291332,0.08218496848605983,-0.2445252870768415,-0.4826586474721526,-0.23549886266761755,-0.24597995591612554,-0.4146207162776254,-0.2228143422152653,0.24141402459081918,0.3805158814004239,0.214496041503333,0.6773547104902207,0.4561562316434511,-0.1365383747191078,-0.013350128727145583,-0.3315663151783135,0.1331181897389313,0.4300208697791945,0.26312936058838376,0.20760227803926878,-0.1792423462646764,-0.3429563645518465,0.5318819190792627,1.0,-0.5421563550636086,0.13083692773802857,0.008871989484381615
ZAF,0.16119358008504603,-0.2867176366916526,-0.19772492779987472,0.17400025161404997,0.008124454556607486,0.17457429900945454,-0.01401976108229741,-0.20070338435118407,0.10162669492828191,-0.10848407657440151,-0.09235574304262495,-0.062427660981019706,0.252050833342111,-0.1801241365474895,0.23706418704496335,0.2154567252091556,-0.12324213682718477,-0.13998556365178128,-0.40673582431614497,0.35532234516063244,-0.11482040009813166,-0.4083927403933949,0.44486758486874,-0.058096959163069783,0.2597931032802756,-0.03708790241806148,-0.004268569848333126,0.03400364201716888,0.01383142707998708,0.05296587042048306,-0.03397054179330139,0.07341653954164806,0.24170770702634825,-0.17882196688637064,0.07229599532483089,-0.06390084097629645,0.018890850108734147,0.03163323183114408,0.19511398991726536,0.24665124615429856,0.12393449205209794,0.06026989671660343,0.08640853440653451,-0.4470540322785317,0.175309913504184,0.3427939999232118,0.04087654194091428,-0.1428737453818214,0.0735915523228784,-0.27962845972806183,0.2660944580935556,0.07183083285012193,0.2994154144692327,0.17819780793818918,-0.13632225859871383,-0.057077168966784164,0.02440451345141137,-0.16508685885532337,-0.019073845126848177,0.31471672498536807,-0.25897461642713404,-0.33433636017978396,0.18958279281811308,0.14359468961033017,0.07198905513690557,-0.005691912426179169,0.17820597870174304,0.11593787304125724,0.29592295704170657,0.019412579022473953,-0.11597259031033835,0.13469915695124612,0.2469696511999282,0.229905688754504,0.07371208261458007,-0.05069325162244076,-0.3941329813976129,-0.47854078422477464,-0.059635301176261146,-0.17812971179274584,0.059023131034078635,0.24172353657300538,-0.16836744628956013,0.2931634794970819,0.10636775015751987,-0.029690545523769707,0.15102065756657224,0.0209742882424927,-0.3973388470351078,-0.14309006964794757,-0.1479739527804067,0.24001963890024114,0.1855593440095944,-0.15352457285796683,-0.07302243398316088,0.13348435623665267,-0.13667538398710954,-0.06561406403915493,-0.16797122049326818,-0.07776217821434672,0.033089777294906586,-0.4152423082566319,0.35350138574202483,-0.24662221119445915,-0.36775604921510396,0.06420194993025219,-0.1121342099575442,0.03163832510404463,0.04438383343675978,-0.14038052615843166,-0.1254960130877043,-0.12960783774097484,-0.19512787333841963,-0.10541048385435614,0.205750262557155,0.19160238485283498,-0.6050521550695704,0.1127001556131243,-0.2504643710967258,0.006402479019344098,0.37057923343850296,0.06718028677994803,-0.029194489977918403,-0.11422534026854558,-0.13152664831381622,-0.45003598128518885,-0.04529330541010035,-0.2940079189090523,0.3064637693277561,0.08019062245286146,0.13492856619412985,-0.04691383071235289,0.07839351272537987,0.3542527798503613,-0.09049584989074955,-0.21338374187754128,-0.18077768883771883,-0.49528783388627895,-0.26885335641828223,-0.037019863418303656,-0.4667517388608402,0.212382522924361,0.16041702709449845,-0.13650693448895823,-0.08455829231090473,0.16643095050691015,-0.14202233008513176,0.47280466533058263,-0.11542528960480647,-0.5421563550636086,1.0,0.12996895347769533,0.20888726604516195
ZMB,0.7824419603663183,-0.3319658517611972,-0.41257988390854794,-0.35404690302361197,-0.27909751807442085,-0.7546677195371656,-0.907242745263479,0.046142144486813086,-0.7852713044438153,0.7800070563394725,0.8510005477533594,0.5712602094595699,-0.6846942005424905,-0.6661362135047058,-0.5034808092037117,-0.5886573285794447,-0.23237989870254339,0.039943475949467344,0.4522373618895874,-0.29939529744508153,-0.3624545780646473,0.27685993016255717,0.4198189617888869,0.779879976514786,-0.807727872026609,-0.7037883437745167,-0.6784470632433846,-0.0781735620314794,0.7669482272921625,0.8396265233361059,0.9048477460385775,0.6973272694835552,-0.12417347425339864,0.586660212652529,-0.06528873039556382,-0.541752830106959,-0.7271071446638926,-0.8185837153144999,-0.8306723506408349,0.25895180230385173,-0.8557097345529419,0.06011414650057245,0.19546584086862984,-0.008237942417305577,0.44177239914556177,-0.7020493005358674,-0.751561196886414,0.6929150846868516,-0.8792293108390365,-0.007219335187222731,-0.7704577275395468,0.4714699873781135,-0.7458122920325343,-0.3591287535175507,0.7570700768055403,0.8672317308335434,0.6582388128719368,0.6839724798871155,0.5640181405397046,-0.6776726745957937,0.6613398424739478,0.5939828647596195,-0.8003571836495187,0.7714637986921267,-0.7984330783228675,0.4456530592529352,0.5679077098359586,-0.7137285183769193,-0.034945152792343226,0.4450379370877309,-0.8323320441907054,-0.7163783532457355,-0.7966063863961346,-0.6857952588269325,-0.1816228450922348,0.7829913913465986,0.24675492618717487,0.568460058599481,-0.792974280168365,-0.17601308750405997,-0.5483867925583881,-0.09462423975812673,0.1976486135630109,0.5437381763093617,-0.6671380308136201,-0.642833491261368,-0.7061766122030899,0.0493780234776201,-0.3560127000460591,0.7746196109242836,-0.06354972393968894,-0.24005639036363924,-0.5463466629177378,0.7822050694024862,-0.7531498043529821,-0.5896247800543826,0.16540598081380276,0.7239935028554809,0.8646359920871057,-0.4873530768893821,0.7518107386105649,-0.45331266903927103,0.6296928541991439,0.6949836796655722,0.4619935544495386,-0.8431595150009756,-0.7748502072023502,0.5131189040107454,-0.8351697343454705,0.1448155530195553,0.5780194300485559,-0.19287352012845793,0.05793064221424005,0.6074367359782075,-0.7946788643379332,-0.7522760441505856,0.2581399460654208,0.05052949810341667,-0.4652192798310193,-0.5043911523576774,-0.49067020169649167,0.789467871298183,-0.15803800868559237,0.7371101459745261,-0.5749609381112659,0.4799783904764283,0.8490888387406859,0.028077826709532627,-0.5934839618436767,0.38231464319738406,-0.7110627796269502,-0.8084263742144211,-0.835349929424865,0.5873298234129438,0.5432852948110322,0.7973754441768885,0.778998033735889,-0.2874382009311691,0.5299254771348141,0.19819384823911212,-0.04255936369710178,-0.2026725049176672,-0.21841968917347443,0.8730784234877688,0.787462483492483,-0.5693455661384967,-0.571218015792831,-0.5893557376227838,0.15361367658490732,0.13083692773802857,0.12996895347769533,1.0,0.621237932873997
ZWE,0.3314881983518976,-0.3638654625469142,-0.6290173356733304,-0.4773358803472143,-0.19446744119432813,-0.6797261018242597,-0.5606545679735593,-0.4213443817020224,-0.5283866079163766,0.6042804921639003,0.6877725938981002,0.3893464936639599,-0.43322268625921234,-0.4673315779156859,-0.24714926805531068,-0.2569904195529604,-0.34285241072845674,0.06440596339523896,0.26987286898561347,-0.27504246148568257,-0.5435235594200543,0.3960564309567558,0.4199057899924783,0.5771524830718213,-0.6041521887017649,-0.5344708042686175,-0.6396378308354334,-0.14036534051356564,0.4299542844141304,0.6770952185074588,0.5364457611998231,0.22143513483822874,-0.24642391294382704,0.5610476763918766,0.24896009925093,-0.49573060202822883,-0.487966847757479,-0.4945808633179789,-0.4310452521954149,0.46386158088686225,-0.5124752931790373,-0.24341855724885053,-0.23055526983855734,-0.04043289346786261,-0.04045293205435252,-0.5243172415966346,-0.40728727173605983,0.5985611592386434,-0.6062069905472525,0.3111116082275235,-0.4482445965952748,-0.0009256457520050443,-0.5251240282475453,-0.0373222845272545,0.7352076627787308,0.7070809821185253,0.29143098739738793,0.6737744367070116,0.12597476878500624,-0.5754978360381475,0.39238797655309954,0.48098159818301944,-0.4448349349189402,0.5168161217060827,-0.4302219213601346,0.16409370644268573,0.3944190533461035,-0.4912230830560451,-0.4483253176086348,0.030118341791204317,-0.5924362416694886,-0.48174917748854007,-0.5582950351862781,-0.4030441795172901,-0.3297164464051625,0.6883017256759653,0.2938212130742581,0.39570541912129586,-0.6084790737082919,-0.4851470239263693,-0.42352490005171295,-0.3921155110371821,0.3469726122464445,0.6515705542533647,-0.25663514522765163,-0.47050612084262067,-0.3130514375463638,0.27322422085293496,0.11433813630315925,0.6016566003698576,0.021592529385042858,-0.38377423646254494,-0.3303315780288878,0.5861551325543254,-0.464019571861394,-0.19140882923727598,0.31425048701453506,0.7971690225205924,0.33144712808586263,-0.10494632324108899,0.7013774730187813,-0.4795246962761748,0.6720239229780577,0.606264501013815,0.4062917353010488,-0.4721046970782621,-0.7168084060584481,0.24024841745444314,-0.598338558561504,-0.33661736722445146,0.393943151353523,0.10756991585610287,-0.08625698713720231,0.33278965643438163,-0.46473361899320365,-0.4612418750237932,-0.02680150673813886,0.1253733996773596,-0.4513596571617038,-0.3107332331542241,-0.4174299481410526,0.6685561976167625,-0.3939275618983127,0.5786799568838954,-0.46770971371780945,0.5082016722027071,0.612510885765845,0.22745344104270826,-0.46969932612192267,0.3710537052045527,-0.40598682235978023,-0.49332744407100426,-0.5490137012539347,0.5939897732168383,-0.019029045778528264,0.5925559739196898,0.7349921779082697,-0.14524626171719057,0.42650953374432643,0.5422093208943425,0.3730533815297068,-0.46234417553091967,-0.26229333468858274,0.6030552499124986,0.5822655025493962,-0.27719584044083523,-0.5352511263529418,-0.4344341368141771,0.028714128028412667,0.008871989484381615,0.20888726604516195,0.621237932873997,1.0
