,AGO,ALB,ARE,ARG,ARM,AUS,AUT,AZE,BEL,BEN,BFA,BGD,BGR,BHR,BHS,BIH,BLR,BLZ,BOL,BRA,BRN,BTN,BWA,CAF,CAN,CHE,CHL,CHN,CIV,CMR,COD,COG,COL,COM,CPV,CRI,CYP,CZE,DEU,DJI,DNK,DOM,DZA,ECU,EGY,ESP,EST,ETH,FIN,FJI,FRA,GAB,GBR,GEO,GHA,GIN,GMB,GNB,GNQ,GRC,GTM,HND,HRV,HTI,HUN,IDN,IND,IRL,IRN,IRQ,ISL,ISR,ITA,JPN,KAZ,KEN,KGZ,KHM,KOR,KWT,LBN,LBY,LKA,LSO,LTU,LUX,LVA,MAR,MDA,MDG,MDV,MEX,MKD,MLI,MLT,MNE,MNG,MOZ,MRT,MUS,MWI,MYS,NAM,NER,NIC,NLD,NOR,NPL,NZL,OMN,PAK,PAN,PER,PHL,POL,PRT,PRY,PSE,QAT,ROU,RUS,RWA,SAU,SEN,SGP,SLB,SLE,SLV,SRB,STP,SVK,SVN,SWE,SWZ,SYR,TCD,TGO,THA,TJK,TLS,TON,TUN,TUR,TZA,UGA,UKR,URY,USA,UZB,VNM,ZAF,ZMB,ZWE
AGO,1.0,-0.5056231324139457,-0.3977576886798684,-0.13856691780469643,-0.2913990134632021,-0.5872939998315299,-0.7322319069642009,-0.02762213116180523,-0.6802680665940177,0.5874697404448778,0.6084329949823852,0.2687294459935341,-0.7634840042399251,-0.3424145802671117,-0.706769797289029,-0.630276070869624,-0.5021515136839032,-0.4281065427055173,0.14314945873030505,0.037286401254629786,-0.1587405737198846,-0.08175093229483532,0.29200068127621437,0.6969314064642026,-0.5769191879567797,-0.5937542598525642,-0.5625980532655777,-0.25477783026105216,0.6508146103617678,0.7319982888737899,0.8584303506530176,0.9138439089756147,-0.06747839621687302,0.3499416050895431,-0.22480426243985274,-0.5113688316584484,-0.7206063584230478,-0.7588190153024117,-0.6565780732845026,0.2765569217271484,-0.7110649315828175,-0.1290190781131082,0.5435187158706883,-0.5268829905504939,0.2563999145605902,-0.6074801581990819,-0.7532371275069081,0.7167573525740628,-0.6748553691308168,-0.13489987588231522,-0.635765913243558,0.7220188543881845,-0.7196692690715456,-0.5119764505732212,0.6698082804427362,0.7904261925562847,0.6694898685562027,0.5470375241711711,0.6986419921621518,-0.7401913870453285,0.12349856255793601,0.3732508710604334,-0.8428559110610787,0.7173373985607345,-0.7569526450316308,0.30000250110057614,0.27387932039443474,-0.5748758505882843,0.15701703539556267,0.627573638305838,-0.5027016652535532,-0.5222631820779644,-0.7281795960155177,-0.6483686122764702,0.022680028599339486,0.5443372123548922,0.17245512259354656,0.2569475620744468,-0.7066431270464806,-0.29239259912904636,-0.055527317620833294,0.13501151620440877,0.009507463398594096,0.5235070176351133,-0.696021049032481,-0.5575363318967397,-0.7720852402295284,0.007859987195284801,-0.6070959515380177,0.6996618425155248,-0.46859857059322363,-0.23833841486424134,-0.5341975511732215,0.7614316830945872,-0.7143768647282012,-0.6258220362961973,0.28409303613029724,0.7555793589637174,0.8987470459319401,-0.6064095013705493,0.6663204502451002,-0.2960698918358793,0.6132621537072239,0.647029598783931,0.2738036106363195,-0.6615455134529351,-0.46416262756958315,0.4707237190762851,-0.6914634963772142,-0.3739879888216342,0.623127051395502,-0.41042053339631734,0.06648536014315187,0.06721534142483032,-0.7841161274768202,-0.7782092213290159,0.44856221466147517,0.273509791663326,-0.5457381832365629,-0.7346374576569408,-0.40059931614885924,0.6694243931101641,-0.4067169046139725,0.6164086834872768,-0.6885837693173045,0.2813741662516759,0.6805771143443774,-0.3304310943460862,-0.7248904344849294,0.19501162391973126,-0.7276732627421933,-0.7689652576293278,-0.5968410381382379,0.38511081049056595,0.689438420830987,0.7517255148348703,0.6212838259564231,-0.44193751159434935,0.4690898487987514,0.42106372053716434,-0.2580768427716251,-0.04401003013746396,-0.0715631329543589,0.6396631456007494,0.7020700105659864,-0.3226000762821444,-0.471379581714926,-0.49657311022883976,0.3280301516807418,0.03539339294810995,0.2796886643881642,0.7872867821908347,0.7922281356324248
ALB,-0.5056231324139457,1.0,-0.08259134248383893,0.25679947710592366,0.7840576099510099,0.06687335834707009,0.17503104229989552,0.3164784297617067,0.06949523498627264,-0.3688315018349071,-0.3840820284980673,0.048204348925038,0.3839511307901675,-0.19983535947609443,0.3153978128361523,0.7343522414864064,0.36604016452762456,0.48187910709318915,-0.04851262745735796,0.07760804063489035,-0.006988509977572166,0.2662021554298857,-0.2071871452498215,-0.29079581027230095,0.06014414429106274,0.05509615293412229,0.4538884055762329,0.050359287428954014,-0.4656896129841406,-0.4831773033740059,-0.5460320623775647,-0.35267329834548367,0.2619392799841864,-0.09758230178960248,0.19908483528507814,0.451929995529747,0.21188968848059586,0.2938547812045258,0.01756783329917444,-0.17825268790740445,0.13587913317492017,0.23825382304215414,-0.1709355418882872,0.354117786161092,-0.034321532285925604,0.310141571418334,0.3084286277194369,-0.3049100925507229,0.24088952648164852,0.07713466287617576,0.08822056991709326,-0.19784200070957203,0.07044785493878947,0.679381513191229,-0.2927994533616909,-0.34782541878403794,-0.2730433600188751,-0.2434877895270613,-0.572060864473686,0.5079873876001902,-0.24474136460773477,-0.08084484928165403,0.5835793369386303,-0.16101190468971582,0.3455229689642445,-0.05426904332559612,-0.002951330433463628,0.2502947997566414,0.03953293917351275,-0.3476496239160731,0.10429985223369476,-0.10627752728525452,0.36897626919980053,0.06548674694363465,-0.23916221115765057,-0.2497545379183872,-0.021329837080826586,-0.1349059069690901,0.23336544079317967,-0.020402894217090184,-0.03717415000379409,0.07206991432301701,0.12164079281253881,-0.29796531245650826,0.36848326112628516,0.007660615806663995,0.5166476049684965,0.2588191557252074,0.46198781466949224,-0.44831369576243474,0.2234497207290378,-0.10836916594160151,0.7016461771487138,-0.41227818286747664,0.21107961657739782,0.5619865149999858,-0.0828300222759284,-0.44180857370860505,-0.4301114211136823,0.34183855744096237,-0.36945972169218577,0.07991062299949292,-0.4020037334919657,-0.4419770186372656,0.21535050329621386,0.027835901047684852,0.13025463936627635,0.015439106327164276,0.21715397115961022,0.016356573700473387,-0.2979202218160828,0.22965112888586114,0.127836014051385,-0.24037998374880853,0.37224902572446594,0.26752326478566535,0.044382861454947076,-0.08603731771614487,0.4635327989450576,0.48200069780430643,0.11533118487159566,-0.3238614692251338,0.3306337221789596,-0.47546688822973326,0.43964693338120275,-0.27637867507034564,-0.26559192691971467,0.16606437773017857,0.6597742609091638,-0.13907180963099375,0.30464205872964256,0.3192819659688082,0.13961032170647125,-0.018306777970164667,-0.08239170651929562,-0.43874640410633425,-0.37289402813069383,-0.015751911738096425,0.09361390505396694,-0.12975850184373128,0.2811804022305183,0.300957196663598,0.19513576702409796,-0.34354594159736696,-0.4218225359787735,0.4944177963575951,0.46726917171167603,-0.04227943918344357,-0.005175892865288301,-0.03745035990551915,-0.25447168787305596,-0.5846580250150901,-0.21684469697627873
ARE,-0.3977576886798684,-0.08259134248383893,1.0,0.21868385761326792,0.09458983803595689,0.5702046583069956,0.7114750873713419,0.4619861453773213,0.6645770674182931,-0.6606195227870482,-0.6871756167563525,-0.45059345137253204,0.4858192134787864,0.9210839424477784,0.10146822445584658,0.20400428386220426,0.7005420781957249,-0.2751381454476449,-0.3879812784718337,-0.0337634778694067,0.7673196952203054,-0.045247130046573325,-0.13384147853751438,-0.7106339411629614,0.6897711963320046,0.7258026234513091,0.566528486336876,0.24109784438663695,-0.6391146972708666,-0.6660048062843342,-0.4871344450438735,-0.32928244806531737,-0.11935088366824509,-0.7258574921045682,-0.30773002715301656,0.1108039915019402,0.4511309540305013,0.6139981173364456,0.6697590049043269,-0.28788664690180266,0.6353304957569589,0.05242355749284622,-0.01460649703798178,-0.10945779349257645,-0.22522618850397813,0.3945531078292698,0.6739131988136018,-0.6393092352727054,0.6182149831165794,-0.2926578070130421,0.3334146615558712,0.07146564183770832,0.41988363174722987,0.14007004924419586,-0.40000949721707957,-0.5631277289061298,-0.7203836278828826,-0.7640454916424522,-0.012214540393193474,0.21446112828780273,-0.4695414212811895,-0.5334194580319394,0.2724221019663371,-0.6289463716645187,0.6460681652884909,-0.12044509903361789,-0.39945663873567283,0.6989801427181661,0.35849786839997466,0.1492650910024632,0.578752989115103,0.4494565657008325,0.3506261979218177,0.43890998870062203,0.5405092043793086,-0.8128224793666745,-0.1150431332970987,-0.05597570165392263,0.7602652596510644,0.691252101696023,0.04759475030598059,0.22701711742406572,-0.19266678058680498,-0.4006701492507381,0.688975897072459,0.6566814041868945,0.42925470912129116,-0.27999810129775593,-0.01890733731890948,-0.7064642633020046,-0.0029962611678977513,0.4398183151487456,0.2555480961573908,-0.6101776551175604,0.4511607105466787,0.16620984113946302,0.46583740299348064,-0.600719398868887,-0.4509096087584452,0.17284305125013677,-0.7554873484085753,0.8156559171292511,-0.46618750719585633,-0.6342561193007568,-0.4239332561404523,0.664915247457213,0.7885782803257604,-0.6643804368618977,0.4649317621052569,0.7365534416952142,-0.7061205359180671,0.07313981131320879,0.09395413869761615,-0.31227813513717306,0.5959469910782531,0.466974549276739,-0.019078982298190272,-0.21842017967654814,0.342041463950435,0.37155303200385326,0.5477753450754295,-0.651741654732729,0.4995618568592153,-0.5637888823305648,0.5566464243180829,-0.49972091535534613,-0.6881557378144336,-0.19873358281486575,0.4185851600751074,-0.5329705346729532,0.6160437549348552,0.6691335941736567,0.570466670738021,-0.4906463031965582,-0.2891903371428506,-0.5475088160785568,-0.7021318642030778,0.48625035600384847,-0.3822257433791787,-0.12452380702898358,-0.2891630233744167,-0.10434638692548437,0.4244202696744901,-0.5438726725672742,-0.5876488042204269,0.2902111471425163,0.22158133956552395,0.35274858511371154,-0.040542941193976834,0.26380073498816303,-0.06724399427609118,-0.3472638269415711,-0.46719735186898603
ARG,-0.13856691780469643,0.25679947710592366,0.21868385761326792,1.0,0.34341488746619886,0.45206306812064945,0.13320137565242474,0.4128212303128943,0.15194567845176898,-0.46126730098176005,-0.6299663707071121,-0.009696186725290934,0.302417691239355,0.10947861449381235,-0.023241906494822162,0.2174192222589666,0.3799395205120949,-0.282345239289,0.08656085296833205,0.747807646424824,0.05430901440138558,-0.1837781967418588,-0.0781495257646525,-0.4220465606625967,0.5388111767797671,0.12157451763616678,0.6914374832525647,0.4729011746160092,-0.37341529289668784,-0.3755730586734811,-0.29986488397994804,-0.22881905428235627,0.7259156864065153,-0.5382359715809675,-0.17865579823387168,0.27005716363836174,0.034757237201640256,0.19145243464113648,0.3370428668834735,-0.46005996332155275,0.2503958662138974,0.4692116704238425,0.4188889791250352,0.20397205332051171,0.14647964625252263,0.43951420654492346,0.11782971298113165,-0.1777840964974633,0.24521357131820642,-0.6523559579414204,0.30498584399996664,0.025542524659257437,0.32237922289892573,0.3605013943968327,-0.16989946034700765,-0.4708181273360055,-0.3022628432203782,-0.4555097488564439,-0.22536490900381234,0.30031800676394826,-0.24306297550309575,-0.3814849923284931,0.18184156216932434,-0.10771700765334269,0.22539337947157456,0.18454999600669464,0.14659802313094028,-0.02124500199599244,0.7769946648080353,0.24401570518509608,0.26602669431032633,0.29146975782453377,0.37004596938836753,0.3157949107079536,0.3110282907775348,-0.26726789154884845,-0.1580949775156788,-0.4966156941991753,0.4130937778285113,0.39471153356371547,0.24237237646695675,0.31519034856462036,-0.03212322567790826,-0.544206724909648,0.17279275146713613,0.019207071150508015,0.15195198691390233,0.041795984140930775,0.06915551250715724,-0.4717052343757864,-0.00826873228181868,0.3009099047634598,0.051151670194189425,-0.49459159107649064,0.06593844597360699,0.21906510876993823,-0.0019092138577123663,-0.5701335042561477,-0.4844907860312033,-0.2978725622193725,-0.42896126124699885,0.1936388695956116,-0.5439365719293259,-0.4786561354560832,-0.3765835556006163,0.19368162941135247,0.5086154739460584,-0.022194475237722555,0.44325704508546093,0.2526293513550575,-0.06760325563257519,-0.0006038601783717734,0.5940812414025455,-0.1540889419370406,0.3224042861413572,0.12066467333086173,0.05702819740222431,0.1454519374926715,0.33843644842502996,0.3036158593035839,0.7248209874021128,-0.4477718317279227,0.6270304360571679,-0.5670102253063654,0.29731923464579935,-0.7290949025839291,-0.35244476870795993,0.011033049241574444,0.32220819228912345,-0.27115591114945503,-0.057243650306258775,-0.0030812055121831605,0.2904696122337216,-0.580584705573086,0.19542330234271577,-0.4377483055748188,-0.4925714950439848,-0.1120447866162122,-0.202586221975527,-0.1697811828907918,-0.3450032965677847,0.11225993179455918,0.822929521178195,-0.35210686868430674,-0.4688959074167207,0.6758894591838008,0.6439469034562388,0.549301301814712,0.24313413649116833,-0.3560486599038435,0.16144012095298965,-0.3597434506371231,0.07071204016638233
ARM,-0.2913990134632021,0.7840576099510099,0.09458983803595689,0.34341488746619886,1.0,0.13550049295010103,0.23104168731855945,0.38983005066429244,0.15109594721816033,-0.561277708296742,-0.5600951704397445,-0.11604135679759042,0.3569789364154641,-0.052479370751482346,0.27789724021881146,0.6950665963399019,0.41224020376641746,0.3123628155581548,-0.07902114394988491,0.18754942336783698,0.16779757523775918,0.18283634774414548,0.028758234628069257,-0.2868232274467073,0.21275086714434577,0.1680729857792791,0.49123307028161667,-0.11262677817597488,-0.5849664222281543,-0.5175305759050213,-0.5007118408643554,-0.07552393632292542,0.35991254239227555,-0.2260886289988313,0.1884455057547314,0.5453547895197073,0.2702925337278088,0.20413863983636005,0.035939745897741404,0.0028028279020113622,0.19071791730718235,0.21856661436469715,0.07700380640710125,0.10033245695800974,0.03819064092118851,0.3717531485072273,0.38777102943819375,-0.4436537041855788,0.3326356719987449,-0.008781241139619755,0.07694162568990959,0.187200258660569,0.041420539518287836,0.7667466276137727,-0.34980102190077167,-0.4246682501542509,-0.2918520995000815,-0.42933097553061783,-0.29325307515921906,0.4721904662824954,-0.5132986292752695,-0.15582320030517405,0.41215265055350503,-0.04516370475680498,0.29497250536388764,-0.15302488261683012,-0.18693253298266566,0.21117899791357364,0.266540141012382,-0.01241894607770977,0.29160136952535864,-0.014616892519929925,0.26213744300613606,-0.012230060697763445,0.0466554387907786,-0.36912628785920454,0.0950595046475684,-0.39359251601288814,0.19792380302031498,0.04228842722930115,0.18879327532774903,0.07551305400905961,0.05786721482986046,-0.1475349015497518,0.5039455482918824,0.15011617865445914,0.5437907521184854,0.16209674389257733,0.08187914902493665,-0.562806178830142,0.023288747085603467,-0.096628431755019,0.7913066798748412,-0.5070933600209457,0.19497562940749258,0.6180809003760753,0.19865542906502343,-0.4961461936566538,-0.3233439186532916,0.3700655660458496,-0.46952135657051497,0.22633336997692366,-0.179789883268187,-0.614136523729218,-0.0017087194295462016,0.07263367420940836,0.23521945092435248,-0.03720044359993491,0.2316902930030924,0.04731757094374356,-0.4067792553745204,0.17730586488129885,0.0022690016505545474,-0.37896468117587245,0.23348601033809224,0.22447914262088575,0.2692204951727085,0.2743458162264014,0.2329088273192531,0.3933933118745112,0.1679521997712261,-0.3373677119583611,0.29428419266041783,-0.6355599397654346,0.352833317281283,-0.4724201046485965,-0.39609073254203264,-0.12029630950756709,0.6414234288818206,-0.06703366056671811,0.35279347649457404,0.28550867415355086,0.2530930287704507,0.12739786697661515,0.05709534855821907,-0.5198171545680847,-0.5273777500751451,-0.21383431542595233,0.07455875549912316,-0.16626403424889347,0.12770886328874886,0.5086852818632995,0.31892093859075565,-0.5154998708241951,-0.5166127985595312,0.5705850617956071,0.5815248269722448,0.01282265248649117,0.032371093661177186,-0.1666078367834931,0.13831075923441205,-0.49956000604535133,-0.14975297490136508
AUS,-0.5872939998315299,0.06687335834707009,0.5702046583069956,0.45206306812064945,0.13550049295010103,1.0,0.8058068204658572,0.0569722345030127,0.720628339846124,-0.7025357639951508,-0.7132847133828073,-0.36019673069926483,0.5379701939991439,0.5256934924378402,0.38975177065531663,0.3417219410143826,0.4891738287220221,-0.2345056055904462,-0.20924721167255833,0.42309025852701576,0.3788946860215968,-0.18987103756029922,-0.17959287393228696,-0.775635898519734,0.9249024563918169,0.6420486778312535,0.6472618972415877,0.4875152377357711,-0.672796452833275,-0.6069949240266759,-0.7262466760552764,-0.5980690507247277,0.2910082118907097,-0.575223331814857,0.011164411354421921,0.4303079547522599,0.4690730229938359,0.6860272991591492,0.8921941463442071,-0.44683569011144275,0.7914501171841376,0.05351794615947736,0.10117691375021864,0.2594328004816191,-0.06338931650862567,0.7929143294727343,0.5874750426126545,-0.6640841198886167,0.865815918501965,-0.03596009018228341,0.825699958419006,-0.2992549084274103,0.836615355208138,0.1280386298179198,-0.66548654032434,-0.8613705631344017,-0.6928634627485484,-0.6832929815791804,-0.2795962192412864,0.6397247852608869,-0.3679707244937074,-0.7512799521184776,0.4823503014776841,-0.5875561791978261,0.5601906550765884,-0.13723300678189987,-0.34270486639219455,0.350578724277293,0.33799597138644366,-0.06606998106333095,0.7283868267739295,0.812111205716697,0.7727358854460565,0.9014488958473691,0.38492062289485585,-0.6259607633077415,-0.3709591423629739,-0.5290086298661016,0.8570631226107696,0.6191947779464625,0.09630104250504057,-0.10564644886203056,-0.10853909328729783,-0.5863373119179438,0.5222552611996799,0.47861033467961833,0.5160189926938661,-0.07108125126022458,-0.03379636323244606,-0.7360976050143142,-0.06956993205495254,0.33612555155213786,0.22218314902388525,-0.7556768330704291,0.4209438431385122,0.3169157543317579,-0.026823400046120716,-0.7870973255151847,-0.6886149385618552,0.15839625251533873,-0.690518642987159,0.4375661078124746,-0.48657015535666703,-0.6660807093274668,-0.6864288147653497,0.7456705858354633,0.7888597555968806,-0.5158667051981696,0.9041591036618898,0.5982444814671488,-0.5269425645965513,0.16389934420323649,0.019570023347191823,-0.16280242016084046,0.6418881183849603,0.7218542389077798,-0.35216060362693513,-0.019860089052954555,0.43633402200076765,0.5793131668897119,0.693713334924839,-0.6931729830239055,0.662124173223938,-0.6519176192707685,0.46771373482893075,-0.44943951549850913,-0.780966091674975,-0.12569611056607188,0.4681514388003104,-0.269222486108293,0.5093011837767737,0.5591402489648502,0.8148765955353957,-0.5221253156598022,-0.4748253891431211,-0.7341861239105725,-0.7537175299167251,0.37072603142251825,-0.6699894200741459,-0.5164567635313788,-0.04736525411913739,0.09159653537193269,0.3444640342382277,-0.5929179919884429,-0.662748697610944,0.3814161822814429,0.5613733983902357,0.820757768033736,-0.13708309354984505,-0.25561281077835996,0.09931389932927659,-0.7209245458476168,-0.67163690572499
AUT,-0.7322319069642009,0.17503104229989552,0.7114750873713419,0.13320137565242474,0.23104168731855945,0.8058068204658572,1.0,0.06877869588694085,0.9230116673072737,-0.8394210151248083,-0.7244401329402264,-0.5574466850856816,0.6894817813942369,0.6133567758760474,0.5311403172404575,0.54017622020622,0.5797606242686022,0.0793934527306519,-0.4072634705833831,0.08562477883930253,0.4992130943100488,-0.05584774679979909,-0.03572447608263851,-0.8971356213566319,0.8487115552446223,0.8325998913564823,0.6314978258884528,0.25110584182627427,-0.8532737226892566,-0.8348383878497465,-0.811828944447432,-0.6333789027573311,0.05358961464794365,-0.6564681597988467,0.1439348255653432,0.540776145679537,0.7683761629564415,0.8061446594900289,0.8878853240582315,-0.18388621018964102,0.9291697708362133,-0.06725655440129996,-0.21017980812070158,0.11640671558074078,-0.35500526286162515,0.8071279882960203,0.8758708918071026,-0.8787132147769765,0.9548613063374499,0.05829271930419477,0.8152329445174974,-0.33969335753441476,0.8195639782354789,0.3392956575311352,-0.8333333834863386,-0.8348415939992522,-0.8741900957389581,-0.7951746978688778,-0.3278262756392747,0.7316773185638127,-0.5306533086672465,-0.544116696772794,0.7265840588913899,-0.8151169209352642,0.8045506314052204,-0.42409540486896535,-0.5213651169804858,0.7204684325449616,0.009146678727238955,-0.2089469406350617,0.7534774092619666,0.743211121961746,0.7957886883939144,0.7443406302385513,0.21314839090129167,-0.8090222932524123,-0.2516674750548553,-0.45405045374941144,0.8467573595736655,0.53562580798309,0.000221507536214971,0.021333114261686492,-0.15791923646177253,-0.4093224918242424,0.8330592036809907,0.7586660800557458,0.7773776200842011,-0.07299020858909322,0.07494122182764718,-0.8370357536694795,0.18918274785851663,0.24126766098549357,0.5353212736750349,-0.839863369028623,0.6885960765595603,0.560199202137146,-0.0004672703888666252,-0.777707500971156,-0.7138530827136937,0.509497989906637,-0.7831563005751667,0.5076811066475381,-0.3929342525284991,-0.8095694970469205,-0.48451680962397514,0.8894270633356958,0.783166009660889,-0.7081455027354417,0.7529025741886662,0.5546160324172875,-0.8174311606540172,0.3625777240171668,-0.16332717124328666,-0.3009183793858914,0.7464740627979373,0.8932615588667538,-0.3884687809585201,-0.019873242074341047,0.3853284990297656,0.672392408410982,0.47980692037160555,-0.6660544746542127,0.5048897152663732,-0.7051860606436566,0.655003471047322,-0.42861335667039935,-0.9323979191045111,0.00848236794545476,0.6716052841591809,-0.3238299988016893,0.86329525509727,0.8942796858188059,0.9251369308505121,-0.30539878752322425,-0.6738743586058771,-0.8594667166806302,-0.8683817618366401,0.44296152574352665,-0.6338683491150929,-0.4338404887921863,0.007361614256285565,0.1821773077423563,0.21783501507465808,-0.7796299781955733,-0.7807682351030141,0.3035936151015908,0.4491852187283989,0.55787643077526,-0.33419386895967795,-0.06342717825483524,0.006346786066014909,-0.7186651211650377,-0.8476243910425096
AZE,-0.02762213116180523,0.3164784297617067,0.4619861453773213,0.4128212303128943,0.38983005066429244,0.0569722345030127,0.06877869588694085,1.0,-0.11861374228246935,-0.3834662710191621,-0.3585189834163769,0.09642008529997992,0.07226844801741916,0.3443103426127815,-0.33666526880381165,0.26161223038673054,0.5490902266535282,-0.30281427284582474,0.038867567875093045,0.11368863908456739,0.5856964570194231,0.2947831113443604,-0.1184688715003046,-0.22349484856976076,0.15160918727254868,0.007405319843563407,0.38994402375299764,0.24239112850227662,-0.3411275281530288,-0.3092298977122969,-0.06440966270786008,0.06311729423145829,0.07983499591420595,-0.5031609619071471,-0.5689466699198724,-0.18545991805227047,-0.2670004551881131,0.19177813766700025,0.08808315706059167,-0.49429757359977833,-0.056569185495737084,0.26357128981151967,0.31080195203047367,0.01171895070391371,0.2170175656528004,-0.06259162883589031,0.08531472721123734,-0.1044997269260517,0.08111915934208702,-0.3922718020003735,-0.27230662783594006,0.3426928197378547,-0.1928679831679314,0.1954412077627442,0.06616403586121444,-0.09963365739265129,-0.3991120372766299,-0.42293334036439956,0.13270616422480463,-0.2042111002214173,-0.34858970541332646,-0.39060202599937677,0.008806505367900175,-0.12313332109728115,0.22862016147956588,0.40178667103471133,0.1367934306666474,0.20175389392351528,0.6448814482803769,0.471414226144212,-0.02529008746241357,-0.26663215189213885,-0.04157496251545334,-0.05629033900965541,0.4003336636394106,-0.36138645859391927,0.22672221019717087,0.15596510218749526,0.3295291546596455,0.46209597122338675,-0.22170688328311972,0.3783728589989017,0.14816004563447294,-0.1620039651758618,0.21019752673217984,-0.18743960387115144,0.07909745366066079,-0.0020299495906443976,0.17210180258866992,-0.3359597332830959,-0.30431823802274494,0.25144228239433897,0.1472932816345447,-0.20099597306427963,-0.2477056317269546,-0.09515574368637991,0.49828036799454,-0.28499276798548334,-0.18001254907959208,-0.11380656438777459,-0.3532567356466614,0.5052346996595545,-0.4069214183142216,-0.2644467304504736,-0.06464388540371391,-0.13138211749076767,0.44928844499076503,-0.3230984881407075,-0.046360432639563465,0.5329515015220451,-0.22496576229206,-0.27946945564580217,0.38356744989792557,-0.10833044923767532,0.34987955102360246,-0.13620136931905225,0.4730843596720471,-0.28126612457458755,0.4047137313331083,0.2895708089958464,0.48946579151575575,-0.3997529505858304,0.5426807998394817,-0.41578732624163894,0.18689217798451185,-0.4421396276523115,-0.22961758807901123,-0.27316287208301415,0.3136128437124881,-0.72889516880305,0.17816045041437378,0.16779754391808543,-0.0477842972187017,-0.17195802039517205,0.09470446141918099,-0.1168141189119869,-0.3362455341600543,0.20168488403466256,0.31372202639767444,0.46375195830859806,-0.08324678061286606,-0.10731934076936245,0.43828878056819387,-0.12929568595066776,-0.24690464803450496,0.4925240627228865,0.02699717923486966,-0.060001067401618924,0.4707477417258392,0.3371445449440149,-0.07033024716293634,-0.05176226094999414,0.20998676287457607
BEL,-0.6802680665940177,0.06949523498627264,0.6645770674182931,0.15194567845176898,0.15109594721816033,0.720628339846124,0.9230116673072737,-0.11861374228246935,1.0,-0.7683667252865214,-0.7212277589041651,-0.6785722683338227,0.7766092199930137,0.5964212139475626,0.5645922702744912,0.45043151956879,0.5341834809226458,0.09598759997766315,-0.44045784743253624,0.11237214226662662,0.36955849144904074,-0.20843778308022043,0.04375193505654362,-0.8402108190951956,0.8106676784637156,0.8212598357821834,0.5783250231220651,0.1224338235619633,-0.7804044996949779,-0.8039544538362708,-0.7440241975395843,-0.6034434589971425,0.04545890095314453,-0.6322718600559369,0.2516688347222742,0.5593601303554699,0.8610138260721512,0.7834461275227476,0.8482381721561252,0.03630418003132796,0.9608923389794793,-0.055705521663735436,-0.2773161997980875,0.013934121388414322,-0.5161788437426473,0.776663715727894,0.8725116933072016,-0.8929564680893214,0.8517008230592937,-0.002771104776411182,0.8316063706412393,-0.34560017048437497,0.8266895410059355,0.38216960125272126,-0.8040880593845376,-0.7753700136625614,-0.7711705846386245,-0.7273146518417937,-0.31976436660510155,0.7740397985017602,-0.5007980134759276,-0.40644718437054106,0.6959026919634039,-0.7872968295441425,0.823279098190813,-0.5703751241658566,-0.5678749049678082,0.6606308753060206,-0.07028221755665753,-0.27252909026126404,0.7425147036019439,0.7745134147673807,0.7242010015090365,0.6604295469761131,0.1046677845877797,-0.7850357799722962,-0.2731652552591488,-0.5079692163859,0.7339713828707103,0.4953496598385605,0.18352123182854696,0.058730675218591544,-0.36799372089584415,-0.37115790908265467,0.8168225114700381,0.8869546067579172,0.7744127927308438,-0.10215689043612852,0.07086907950692167,-0.7844458619265577,0.28563272751340973,0.2672186230258363,0.5156260962845802,-0.8360515635243879,0.8324917949886277,0.6003224141424184,-0.0700100717196519,-0.7093919072861552,-0.6847941923326935,0.5057265850993018,-0.7611465409724973,0.4329696724276588,-0.3622443154126298,-0.7982290994059837,-0.4566246593686656,0.9786633998281914,0.6696814120684716,-0.6149094620004407,0.7221977298018667,0.47002997186966655,-0.7957321580496015,0.3984452907128442,-0.16006270656426946,-0.31043844744885174,0.6802474212394011,0.8298274632307684,-0.4933424917800304,0.1152259165951004,0.34953880373420376,0.5822343296235979,0.40446264117454667,-0.6443070678541338,0.4103436958311619,-0.6547738233274301,0.7275016811847422,-0.46322359869504437,-0.8814612359974305,0.13784262737997832,0.626647250216593,-0.14324736528524196,0.8131816261978773,0.8134454548112416,0.9107028319976614,-0.3795020863106999,-0.5940126969603639,-0.8631883572387267,-0.8006914083095924,0.34259795627479406,-0.7408323577965024,-0.509385133036552,-0.07192141234043148,0.24422877013029365,0.2593826084242762,-0.8353186098597924,-0.8070016183682576,0.297644963468886,0.522738584195977,0.538954868764419,-0.46686711726864183,-0.1601040644521281,0.03836728169871928,-0.6566533469905169,-0.8552367980326905
BEN,0.5874697404448778,-0.3688315018349071,-0.6606195227870482,-0.46126730098176005,-0.561277708296742,-0.7025357639951508,-0.8394210151248083,-0.3834662710191621,-0.7683667252865214,1.0,0.8649601904954355,0.49558128925882516,-0.71960135644687,-0.4840571125412718,-0.3493570184125936,-0.7298388013404034,-0.7066819335181795,-0.015881409978451666,0.35928634543604177,-0.30102361768206753,-0.5236026984639637,0.003203179400185885,-0.10490259087798459,0.8756581100822044,-0.8382767985729409,-0.6485818160740189,-0.7681118702363943,-0.2625999264412797,0.9647279426325904,0.924697761505387,0.7229950399486904,0.42769924676611704,-0.2925477399825467,0.8293415770376944,-0.05275373641510095,-0.5622586901631439,-0.618416455823998,-0.7473675804520674,-0.7434861849761942,0.2007975863593381,-0.7788556062916467,-0.09614036239284185,-0.04381640442387513,-0.04956518628889173,0.2781489887489822,-0.7874522536108324,-0.8092809600887598,0.8470519920586224,-0.8500824279058692,0.2546351132388047,-0.6488457154336724,0.11900642313184673,-0.626843842944909,-0.6083714382340464,0.8027286234979709,0.8065891631984087,0.8899897245804396,0.9097723379236464,0.2582193014426941,-0.7189189675517973,0.7259910140382242,0.5048475948852005,-0.6997448576459007,0.6552795218364882,-0.7800468397708982,0.34530216736622465,0.39881208944293955,-0.5865394473652457,-0.368305741106564,-0.06746148492464865,-0.6635912204941952,-0.5462346110768119,-0.7290023933632408,-0.5558128130393414,-0.2674592588336837,0.8261773533093161,0.10188897346421566,0.6117741406166957,-0.7711785042139572,-0.6119004786112325,-0.06705325021130082,-0.2801764592938092,0.11221714771760583,0.3641383392991473,-0.8374968641040297,-0.5871780011454808,-0.7839503357536448,0.013306837047324827,-0.07536156016253259,0.8887580579768501,-0.09090913189052219,-0.20959107466051718,-0.6752714996066418,0.9169719091435131,-0.5281758525889264,-0.6458856725138578,-0.11565072467284954,0.8367571434813683,0.7180841343044748,-0.4362110635254113,0.8054881189399147,-0.4928861045812458,0.45921933452986263,0.9325733514875983,0.45888082714631984,-0.706605327989859,-0.8158778720383553,0.6546472560257143,-0.6454453186268809,-0.573041743674509,0.7761795571073961,-0.2801816700272277,-0.020900730207162432,0.39654236594849557,-0.7490502217433086,-0.7070552387416944,0.20923659525807325,-0.12404919211665821,-0.4891986563359003,-0.7381672101079486,-0.6321627171223687,0.7008129076295139,-0.6927167234269913,0.9111036828858209,-0.697142382789175,0.7219407632033082,0.9523334584200871,0.03603602372828085,-0.8239640366861316,0.442306366218881,-0.7962601792145105,-0.7792900763283512,-0.8197627814744497,0.2812187057534784,0.42564149215422487,0.918024370397188,0.9606258472473429,-0.21978458972402581,0.44958842209170846,0.24977870532052382,0.055241714820243204,-0.37139521980191903,-0.5120172945327153,0.8887360763788461,0.8868146103949994,-0.6420605174380185,-0.5933266285310239,-0.48875017874437887,0.15517562828845144,0.17592279556981483,-0.1639955923016292,0.6529862548704207,0.5763480272534017
BFA,0.6084329949823852,-0.3840820284980673,-0.6871756167563525,-0.6299663707071121,-0.5600951704397445,-0.7132847133828073,-0.7244401329402264,-0.3585189834163769,-0.7212277589041651,0.8649601904954355,1.0,0.4013241280264317,-0.7387658048792973,-0.5620772985224582,-0.3438202448883563,-0.5443357208441006,-0.7465807413969969,0.060889660520564104,0.3408292156964876,-0.32026950550654587,-0.4309880240881625,0.1367255106530405,0.17989622507025926,0.8188984171191892,-0.816336935948283,-0.7111652079344457,-0.7997664994882578,-0.21027595025290502,0.8278264261433056,0.842121725904112,0.7732339287380289,0.5250942040371307,-0.30529999731746327,0.691394089959034,0.046137644848685766,-0.5216671220515963,-0.6357736110158401,-0.7017460694578306,-0.7109467801206233,0.3085061405096947,-0.7678640526614842,-0.2595889238431206,0.026520334171078463,-0.10957632172304366,0.13686499523082762,-0.6992730956427264,-0.7683446503298779,0.763651809132761,-0.7482608016785028,0.37107799266582564,-0.5834132426394179,0.1046759001372134,-0.6221267804049271,-0.6410916209015485,0.5845089818361301,0.8734144980678115,0.7115858572451723,0.8516137234021651,0.3984184725524247,-0.649062645426935,0.533448967019872,0.6131306866884375,-0.5768486414623157,0.5420970692879216,-0.7418500662806109,0.23648000565677085,0.38481453217693273,-0.5383208914616286,-0.446161261478093,0.05766957491311642,-0.70111426141703,-0.6027362608036362,-0.6217506234635573,-0.5415188340933135,-0.4148016948882236,0.7708711822145419,0.10603940616255325,0.4923695273198574,-0.7613858928962216,-0.5708324405685414,-0.397843070319432,-0.09973269058815837,0.07813086804680447,0.6614777015606962,-0.8044106065819314,-0.6588751322256177,-0.7144789705923247,0.18189461374018445,-0.16531882957905575,0.9260367831309335,-0.11188569987813524,-0.338447131196425,-0.5793278099631531,0.9083282453464792,-0.6083692165544492,-0.6025811765865561,-0.14186656887649196,0.9101866282946334,0.764867486767906,-0.32953622292540974,0.8834637673220636,-0.5600650499061179,0.6679005010800967,0.8957412983977675,0.5193244877387402,-0.69884937165666,-0.8140529532476184,0.462127320647,-0.7542600245189917,-0.5499723616314505,0.6938421895502508,-0.23033661226083568,-0.1374785479852505,0.4271925615787734,-0.6955464515105969,-0.6361444988037637,0.09037684560403725,-0.06387055301594202,-0.5143512691983843,-0.6616140314627765,-0.6744890093550815,0.8112143937211739,-0.6521648171858614,0.908224462716783,-0.7545133598356024,0.7713232511273181,0.8150586406553461,0.08660215821904726,-0.7106090725864773,0.26649939899534614,-0.6178289389246179,-0.6595640183690077,-0.7316200896613876,0.5812082607911851,0.2088719231109477,0.8494113468402047,0.8769959857957103,-0.17083867864167046,0.46915900956324696,0.39934388459052583,0.11056306177579323,-0.15464285273411638,-0.6038097982696113,0.7871771475499567,0.8564177132898122,-0.6466206084852164,-0.7580275348791266,-0.5981870909740765,0.0999123697655444,0.17098074320544665,0.002871514255597174,0.6866572064534721,0.5156339579784684
BGD,0.2687294459935341,0.048204348925038,-0.45059345137253204,-0.009696186725290934,-0.11604135679759042,-0.36019673069926483,-0.5574466850856816,0.09642008529997992,-0.6785722683338227,0.49558128925882516,0.4013241280264317,1.0,-0.5796609441074976,-0.5194779375485359,-0.33765861014546616,-0.3249606691111071,-0.43753245626668713,-0.15696461377205795,0.25084900933376963,0.13396542718905513,-0.529808326824422,-0.10183086658807783,-0.42580723165201384,0.44739728983134874,-0.425745698860335,-0.3447314304098321,-0.18559221162135708,0.3596657037221098,0.5883198176183297,0.5476944742594649,0.39824139894164723,0.1433258652461037,0.24449746113264614,0.39348659942842357,-0.4104052329682455,-0.21879860178408528,-0.5994462753774048,-0.49130068248036496,-0.39346000616861665,-0.2809177788421253,-0.6747095815719446,0.2935309338992025,0.17493026239791165,0.4517160489069708,0.82502480697029,-0.3193282613123183,-0.7000083774000201,0.7060908553345883,-0.5824777929690397,-0.15166858231520153,-0.36592549875258173,-0.04155240995360532,-0.32693617099462013,-0.2500708179260551,0.6178343262555003,0.299598394603686,0.4243999893623127,0.28598728034791676,-0.2313844703463901,-0.425314472272575,0.668322246231957,0.20973956129589377,-0.46719263306280356,0.5845958336981562,-0.6072719710162604,0.7973783706492792,0.8205484815772364,-0.3192543899470002,0.15967167166494867,0.11152088977018526,-0.742981003652333,-0.4835462971987412,-0.17103133465769926,-0.13775630595097144,0.02230464446252378,0.6653659475369259,0.0576393597678152,0.45811903280731325,-0.2625895123315036,-0.4724743650808787,0.05710030216227746,-0.34631897547244384,0.7331087058405372,-0.1638142252210404,-0.6150175195548453,-0.6946781927135528,-0.6469548155156537,0.1482362086155271,-0.015817108882931308,0.45807745590692117,-0.21211344244557595,0.26911958131993385,-0.43492420903898266,0.4746634059807351,-0.5966925767996656,-0.5548928352858811,-0.2536044729594309,0.2997216253999637,0.20238119253264797,-0.3278267002881412,0.4197559608271433,-0.18938185523923456,-0.10492187838464417,0.4765506829660685,0.14792609956380443,-0.6819437021706043,-0.49028616450420737,0.5890350699851633,-0.4404658691912555,-0.4704967664597992,0.7635731679864561,-0.09505079688526874,0.24284309779522983,0.548187945803588,-0.29111868363318827,-0.3408002449005012,0.33014422510141694,-0.332513201157409,-0.1998928156775599,-0.20997017125026862,-0.09191741114205043,0.3494567247626058,-0.2702449173922805,0.3629276697359989,-0.37900213314089304,0.130242018245049,0.588831876750969,-0.11732003551156311,-0.44609808552668895,-0.1068921358392585,-0.5794490701890087,-0.5784495875328934,-0.6082999497158079,0.03274197783923272,0.40279235440752115,0.5196420150885587,0.46030304455971816,-0.010734166661716227,0.5558817968549956,0.0889973640105074,-0.17213489909979995,-0.2516750781559831,0.008564120712516887,0.6800576264277437,0.6239615255282369,-0.14449857575371006,-0.3787706436545095,-0.0014902276567090311,0.31284292102574807,0.3541264640860248,-0.07314316256918296,0.4053985939643686,0.5007104342426164
BGR,-0.7634840042399251,0.3839511307901675,0.4858192134787864,0.302417691239355,0.3569789364154641,0.5379701939991439,0.6894817813942369,0.07226844801741916,0.7766092199930137,-0.71960135644687,-0.7387658048792973,-0.5796609441074976,1.0,0.4116887904185311,0.5294687750689223,0.6814285607910441,0.7293624047204099,0.23108344702507067,-0.17689916294705776,0.04906079095156035,0.3070959901145345,-0.11169890248863257,0.0148036706304423,-0.6616146062010406,0.6229691171240391,0.5136564554728356,0.5297100345858551,0.06658830983306507,-0.7394662187481935,-0.8239620924658693,-0.7402743185077176,-0.6316190019770631,0.027712447785922856,-0.5807890018911546,0.14138399014798053,0.390877527827973,0.7132993540220661,0.8846613578927374,0.6528801804872068,-0.08084370053397727,0.7579910301915747,0.04808865838210907,-0.4365139926994204,0.13014999846032416,-0.4980322457092776,0.5603138298635947,0.8411053039435413,-0.8411367154825591,0.6477896539791506,-0.08548446920470121,0.5773251301839613,-0.4367897564556593,0.6058203015925562,0.6652845595436817,-0.7203613896469596,-0.7061233565132417,-0.7245330962913612,-0.6462123932559907,-0.41990695901483543,0.7690824294400483,-0.4112822161879137,-0.37648771873032194,0.8162224370091989,-0.7129575540102859,0.9161447754404037,-0.4599379750193835,-0.4238622951585458,0.5092248242385778,0.008663504880455752,-0.40116274163857146,0.5535318240703627,0.4897375827238668,0.6213977108751462,0.48179308056562553,0.04407614279577776,-0.6602429495207303,-0.1995029429328854,-0.43785195734743776,0.6110794267511034,0.49938982811507604,0.16753999037419798,0.15028961461509371,-0.3224215024092265,-0.3778232890746229,0.8217392173684532,0.680356594299776,0.8893140623092637,-0.1952591268472621,0.4972005320312134,-0.7610858818029806,0.31540507485965397,0.2401437209202243,0.6637013756985098,-0.8472144613608041,0.7306866346616876,0.7172894878311479,-0.12311916786364852,-0.7350286861147115,-0.8041425611569013,0.5378953658300831,-0.7483738259900901,0.3330820178773759,-0.554189102805148,-0.7710128175238902,-0.2993319705543618,0.764388085374412,0.5476957325877089,-0.5740368380012482,0.6284598313306279,0.5292220188702972,-0.7349333982267097,0.292512487488529,-0.03503785208035248,-0.27905238808768207,0.8301992630740184,0.6023658420205786,-0.4741920632793235,-0.13831546705148212,0.6834319072071594,0.7951102417911182,0.5430695368347743,-0.7736742470579947,0.5876363169914384,-0.7884407015927262,0.86323517492634,-0.530628062920349,-0.7646121942247324,0.30418660774662365,0.8548736726718218,-0.18309989594076348,0.7890586133644505,0.7428170131462465,0.6300423513660438,-0.3970947957124633,-0.5277861277457676,-0.8064720264879179,-0.6967799509133237,0.21791045409103893,-0.5798998587183752,-0.3238445397421259,0.16186447342006183,0.18183214611543852,0.2750838018466363,-0.8460344693415349,-0.8771043213855811,0.5607275916129439,0.5883543421465377,0.4346305535544748,-0.37600181749157113,-0.23177631257904374,-0.08712595636086884,-0.6712990362984921,-0.6717584303598776
BHR,-0.3424145802671117,-0.19983535947609443,0.9210839424477784,0.10947861449381235,-0.052479370751482346,0.5256934924378402,0.6133567758760474,0.3443103426127815,0.5964212139475626,-0.4840571125412718,-0.5620772985224582,-0.5194779375485359,0.4116887904185311,1.0,0.16255364501125324,0.054182348511605305,0.5701438461046083,-0.23507622225717317,-0.26834637288195595,-0.17365395584979626,0.8088030729533865,0.006578210463240697,-0.09539943795076478,-0.5670129311806003,0.5595274897325052,0.6507747195262796,0.4215550665373189,0.05264877438289173,-0.4876946644896387,-0.5173134706195359,-0.4210825862376457,-0.28300990798332637,-0.2596399413339143,-0.5576363451536652,-0.20718193966574905,0.03661050299533364,0.39626243977092646,0.5478515692099203,0.564792127108727,-0.2154159662268471,0.6058682172599947,0.0658729046589035,-0.0512372099579097,-0.12399981161404927,-0.31254714164815045,0.22422765071069117,0.6124325716146176,-0.5913736717176845,0.5337486997193704,-0.1739180411215444,0.24375862726269193,0.13979202394662726,0.34914992254073496,-0.014684902371383535,-0.3320064020303606,-0.47062258005526436,-0.5373548333308662,-0.577048899505821,0.15399371772283177,0.10187598572066492,-0.343360781802001,-0.5271683398236457,0.1809589391859463,-0.5980310117108805,0.5337385450858713,-0.2133443340416432,-0.5641600638875159,0.6081230034263694,0.19504281893162823,0.13506852759168964,0.6231187771533854,0.5001073746246955,0.19208568594027908,0.3896463411903158,0.5011746620985177,-0.7899442473499039,-0.17275714092802463,0.001473195235232816,0.6184701938469631,0.752532006503955,0.030361921783230605,0.19575932636374127,-0.33191370601856995,-0.3438996527248861,0.5522182167919361,0.6390788946213217,0.34373653919765146,-0.3370565602697675,-0.008707777143506679,-0.6065557700745754,0.008248459738203096,0.34104351003894573,0.12457862200902592,-0.4819576795759266,0.4666913925675005,0.10719360753968077,0.4842733820517957,-0.5140749870404568,-0.3274946909552756,0.1109671093233019,-0.6911506022451075,0.658949475210939,-0.3839199114271572,-0.4830430108546069,-0.4350739042130982,0.6097573096905236,0.7273001119840551,-0.6575617277357415,0.4560446846277637,0.7868824774227019,-0.6842933202559709,0.05473615040549196,0.053979203680927124,-0.39002434880628734,0.43523611454889977,0.3582914902374308,0.007174204280025465,-0.16991907267898898,0.3477167195771702,0.19995297532168343,0.3796429009743134,-0.6158629596186369,0.4318538960543514,-0.3974774955363678,0.47282103636540973,-0.3162307160128628,-0.55728252347149,-0.10474486916147985,0.2483382801847016,-0.362084615678242,0.48999762455967777,0.5932668578125462,0.5010455956659168,-0.47228036482552316,-0.3199781968415305,-0.4147752629576964,-0.5374964910252116,0.38746119660559963,-0.4238061813328704,-0.04578920204238601,-0.16190559763415413,-0.22164758720508293,0.2532752711806183,-0.4475345659509209,-0.5092003695286569,0.03911655266285896,0.19704172698808653,0.2552006047703679,-0.10277543656605181,0.139034984310893,-0.1833099649915697,-0.27336685444619624,-0.4651190427852725
BHS,-0.706769797289029,0.3153978128361523,0.10146822445584658,-0.023241906494822162,0.27789724021881146,0.38975177065531663,0.5311403172404575,-0.33666526880381165,0.5645922702744912,-0.3493570184125936,-0.3438202448883563,-0.33765861014546616,0.5294687750689223,0.16255364501125324,1.0,0.45863104759433293,0.005401445806490712,0.6746038032678856,0.1211583929115746,-0.06089828246409157,-0.04925059965425027,-0.13375388352687723,0.21418528354987598,-0.3662325987385415,0.3944749431373751,0.49004838375532245,0.41001519175991286,-0.08940613868734126,-0.3955204218973396,-0.43169364195074333,-0.6743843383603592,-0.5786651076846683,0.18405419023050007,-0.0994218351827334,0.5437065323320044,0.6620011746070824,0.6990023231395305,0.38193692280102165,0.3869510373044732,0.18219787479346194,0.5865077114902935,0.3259901253552071,-0.5081760517793763,0.37726236148180536,-0.29814751909033554,0.5112807783454351,0.5857020042746613,-0.6493588124877525,0.47805524751557293,0.35249710724777517,0.574114257839921,-0.4045896232808297,0.6396724893228947,0.4598962052824416,-0.630735874550568,-0.6166352952475389,-0.32321154920257644,-0.30311952204058734,-0.374011599036032,0.7132948017742688,-0.10395614253506236,-0.07166749834020125,0.6997218292771642,-0.4660578464658762,0.3890825395374544,-0.5330967190507123,-0.43597506944805975,0.45960888297544655,-0.44273321836285806,-0.598795726812337,0.46312479087903313,0.5612464240754321,0.5564093572616288,0.44828827303194885,-0.15166856730020473,-0.32660452083681246,-0.41000351719692296,-0.5004386958899771,0.3194584326749341,0.023136933692698092,0.08853598783167282,-0.07751185130637372,-0.3021666455989167,-0.1639044019800504,0.4827919386067725,0.5207994293050817,0.6112002550196072,0.005684814848710418,0.26580520257499196,-0.5295297117850135,0.5592623982900877,0.015592754169531653,0.4316900329683804,-0.5689629539682926,0.7060092008849629,0.7013984440591209,-0.40779323721554994,-0.5656076551308133,-0.5880802857003311,0.5197894592981266,-0.4960090822235981,-0.08355298938122457,-0.0718144122146922,-0.5477675894325955,-0.18650759356853408,0.5069061188228061,0.13376247699716104,-0.2538607698345461,0.4808443202284234,0.02388908301216275,-0.5002715631675443,0.7287384281586491,-0.09549969721049356,-0.16092515681260533,0.33227977145424925,0.5592349194508743,-0.43097151225876207,0.1214236255827067,0.18630806041362635,0.3347586115506912,0.03203028344154457,-0.33942648332151637,0.11518512517762813,-0.37374696683807374,0.4435545537382849,-0.195978370141499,-0.46546941122016205,0.38462143749975763,0.4691745331255436,0.16642964060369891,0.5059460621119788,0.49198712825622204,0.5135056514485872,0.07591212096033306,-0.6647996448812141,-0.6212166033631332,-0.42625928228548693,-0.09413826834203709,-0.5092624152329392,-0.6057174876601481,0.09098180537300582,0.16002225759903443,-0.05784228137751812,-0.5545047779810468,-0.5416556137780852,-0.08039381277829771,0.4351029316488353,0.4040076112841591,-0.5424034660107369,-0.43413671321589575,0.14274979158660983,-0.5849022185888746,-0.6645237111276789
BIH,-0.630276070869624,0.7343522414864064,0.20400428386220426,0.2174192222589666,0.6950665963399019,0.3417219410143826,0.54017622020622,0.26161223038673054,0.45043151956879,-0.7298388013404034,-0.5443357208441006,-0.3249606691111071,0.6814285607910441,0.054182348511605305,0.45863104759433293,1.0,0.5199493937984259,0.42662979392709466,-0.23601479755083843,0.07105410120591216,0.29040771643957763,0.17477103073996147,0.1479043359191372,-0.5362499852305462,0.4266012141455724,0.23123440528325612,0.49432906963383727,0.09040810160001445,-0.7945234327970585,-0.7930714213423662,-0.6659438571213907,-0.38020083629175216,0.16541759552937074,-0.4360458594798282,0.26235465836125327,0.47961116001340653,0.48064812073664664,0.6101077665127836,0.3380522010902929,-0.05390180503163844,0.430116018528228,0.037065362114533484,-0.17902315967759375,0.09488121367713842,-0.30744755667730983,0.5440451473055723,0.6472423290366289,-0.640078048104461,0.5640094096454384,-0.007862822782749745,0.3728057523513162,-0.2733940132249786,0.316341947477048,0.7508107056386291,-0.7400923558171557,-0.5461892833921365,-0.6444946442388697,-0.55308739399235,-0.3798620821106806,0.7410123822643108,-0.5910553488214092,-0.2365085703250298,0.81434662867411,-0.4569233761396079,0.6157738322276105,-0.37482059395731904,-0.23447293000257075,0.40896566936884327,0.0785101379454971,-0.19125395333216622,0.33338741178947906,0.1465631721510211,0.60399083590725,0.25300246603841037,-0.06843764305999578,-0.532113328309471,-0.09381512585641083,-0.4893583928535141,0.43760198055599764,0.30344595030756594,-0.05349100406803542,0.26227601542050505,-0.07147763072283064,-0.10851568468579953,0.6519345467229803,0.3135905554791384,0.7635866403490488,0.11379375452173934,0.3330141215498621,-0.6459798676605257,0.24973560146544393,-0.12198363522814226,0.8555043075695566,-0.6806418780635788,0.36552761341946716,0.7741312892944505,-0.020657527110721663,-0.6010856043246182,-0.5978013204285308,0.5837243884808,-0.5295630081455269,0.128670122651381,-0.31981686038665824,-0.7018659960115268,-0.14200653331617352,0.3498985325551458,0.37491779900285227,-0.40029815607531427,0.34915203970952324,0.29591161073243444,-0.5764284888370057,0.2843473044619296,-0.14836500943956055,-0.4135671466585702,0.6436851954849321,0.5128508436971616,-0.31253830466598576,-0.02930863508034509,0.5721990443809434,0.7058580706125329,0.34975456779744685,-0.44896357776505047,0.5713288650030113,-0.7336014371790418,0.6179222072869998,-0.4678790263028598,-0.6545881158947631,0.11682297888064008,0.9296310550507253,-0.2573099194093902,0.701420101251952,0.6335644295782497,0.44188487531396337,0.06440396027797546,-0.39478041159571253,-0.7214807297622827,-0.6768410397293732,-0.002099167764127774,-0.209172469402906,-0.17169432794535933,0.2482196445189666,0.44477969398716244,0.21914490187967406,-0.7251137992194518,-0.721276754241905,0.5932271392368581,0.426991603000627,0.18079220612207636,-0.2184842889867158,-0.1964074988700737,0.0964646387090371,-0.6297856689310151,-0.438153170652988
BLR,-0.5021515136839032,0.36604016452762456,0.7005420781957249,0.3799395205120949,0.41224020376641746,0.4891738287220221,0.5797606242686022,0.5490902266535282,0.5341834809226458,-0.7066819335181795,-0.7465807413969969,-0.43753245626668713,0.7293624047204099,0.5701438461046083,0.005401445806490712,0.5199493937984259,1.0,-0.2218509493745442,-0.22711671939445588,0.08872067165492115,0.6045794383487132,0.060471673358151845,-0.26634699525249195,-0.6149724727073154,0.5402969299227895,0.4354445683661665,0.543334390725372,0.2075729009176812,-0.7329354073992993,-0.7424918734212114,-0.5595925224277831,-0.38966309373285224,-0.06886069577111575,-0.6710932995008883,-0.24862462772036165,0.08978451390564968,0.3324226101350032,0.7919158317497375,0.5866739886615371,-0.38719276576621775,0.5519243974892828,-0.1252089184527394,-0.1266215421134127,-0.01758733572296256,-0.27723318913231165,0.380057190508601,0.6745426146268079,-0.6485756934147004,0.5986725527822471,-0.1959420226396007,0.2633335174696787,-0.0866271603692248,0.31323279456255015,0.42937930163785665,-0.41510454064962476,-0.5562365348251683,-0.7177691599123794,-0.6764746308545386,-0.2559967571123929,0.3838730716787542,-0.5280880729294406,-0.5629235497150156,0.4652953150145285,-0.5579265197252974,0.8300269654938324,-0.05012362214188815,-0.30751641404890173,0.4268934440503558,0.4028663062440363,-0.02837664374213955,0.4666357438191908,0.22543460769591017,0.38347033376974093,0.38149329867821935,0.29329021011651113,-0.7277777643310785,0.00010143064177237093,-0.07835069657361515,0.703190366497898,0.6350653257782019,0.030130779602838054,0.18822237373695105,-0.13347918135493164,-0.3965672863422327,0.7502654012702898,0.4409459018562273,0.6817018162555301,-0.19294640187017742,0.31729438074188787,-0.7039976607283793,-0.1388847171572376,0.34241371207752347,0.5634835676523736,-0.6758301051456357,0.35258320164334855,0.35789538372735263,0.33659449331167923,-0.6082120013673857,-0.5743931746280277,0.22332589101496858,-0.7196946466393146,0.7036001668090466,-0.6454149318562052,-0.6518327084803515,-0.2034111084321475,0.5563793676926894,0.7245379141581038,-0.5613812812042056,0.4907743798325661,0.7174267590136522,-0.7069999743557791,-0.18656255803791066,0.12323444959021701,-0.2657405527693504,0.7797463920031842,0.4000493749711398,-0.012203499860940381,-0.26894117989513777,0.6653168559496818,0.6775028469650779,0.6738460985606975,-0.7772691591033749,0.6656171927962629,-0.734586656270398,0.6853105603242726,-0.4915586077076375,-0.6777936792338766,-0.03150515178049784,0.7290617032963671,-0.48697255053489896,0.6429381258042083,0.6427442904904717,0.4907914610317483,-0.507716124443258,-0.21722892176859054,-0.585160838112101,-0.6683159150821278,0.45507683596547077,-0.29763823843706083,-0.031618337459913715,0.07948692702391258,0.04801131436840045,0.3757333869926842,-0.6050727275208079,-0.6979618882878587,0.7147346595575763,0.44873769751572823,0.23474124955473663,0.028416658503638725,0.16078872620378548,-0.23395183533632857,-0.5277983604265333,-0.42150591591955955
BLZ,-0.4281065427055173,0.48187910709318915,-0.2751381454476449,-0.282345239289,0.3123628155581548,-0.2345056055904462,0.0793934527306519,-0.30281427284582474,0.09598759997766315,-0.015881409978451666,0.060889660520564104,-0.15696461377205795,0.23108344702507067,-0.23507622225717317,0.6746038032678856,0.42662979392709466,-0.2218509493745442,1.0,0.089570301412504,-0.4149466175170857,-0.23610362738473945,0.26165743203731506,0.2763523731553532,-0.035767437198094054,-0.1852518458064707,0.014554725752735753,0.03332090747413863,-0.38110429390408584,-0.12203889588116024,-0.2065268405422822,-0.305763458010603,-0.27460637213640604,-0.012662635709220549,0.244823694815671,0.6014306191462331,0.42495555404343754,0.482959493515715,-0.006267156448680922,-0.22641987678123177,0.35537651223785793,0.10058128360158991,0.2004936488000506,-0.5591325691350986,0.2370077339798291,-0.3540044876036177,0.0705083450584647,0.31618733554311285,-0.2358076151173778,0.02577354067223503,0.2947050522424597,0.041294672628404694,-0.34474958773978126,0.048483886072661075,0.49584861206930986,-0.3149505953163747,-0.08311397283532607,0.036688521042082645,0.11905775196327029,-0.3151555869936262,0.37081846066905255,0.04054825999560663,0.4666900026836972,0.5576189980904444,-0.19169063536319064,0.12252083779794687,-0.5601100882849093,-0.24447321206256523,0.30702933949517286,-0.6270453485307539,-0.6089944239786202,0.11322108555490473,0.024102362294139867,0.1331931758201934,-0.1780568067385495,-0.4744144452358037,0.012293012609214005,0.01263206660945404,-0.17285139748956024,-0.19280500646019405,-0.35796139570285446,-0.11303390105568378,0.10937983368425486,-0.08722726099382627,0.13937672089922237,0.23032911392364763,0.2120243830776315,0.3951298584388375,0.13621578626244468,0.42134912485800424,-0.09356311430128494,0.7811591106921303,-0.45044571150782553,0.42796214545772715,-0.14476756172377425,0.44995736186982116,0.6526785128402794,-0.3513624375421245,-0.11468330990215159,-0.19558718982432732,0.520452766019892,-0.014269598379754056,-0.37345933284466604,0.17412121569188233,-0.15891660147829922,0.3634600149052992,0.016903802953258884,-0.2575473019342094,-0.001321356137974794,-0.011282855240356104,-0.33216169628002845,-0.23217466238534046,0.6406068688811013,-0.15477004362547842,-0.2064869430669376,-0.011640033012211948,0.22018170062144993,-0.28364419826318876,0.1112866734170378,-0.05794984334173581,0.0899100611213618,-0.4329293469112372,0.09877671591750203,-0.2532485613597495,-0.02927059965488832,0.15320484328162176,0.13935555354493268,-0.04499531014753422,0.48171536026272066,0.3141737871083292,0.3222209183149981,0.25768932827343827,0.3035303252255267,0.030349075108920043,0.38298358806203603,-0.34567907540485265,-0.23290484286185476,-0.022606980291177914,-0.2935229997714508,0.014762670998979988,-0.1387690031496076,0.33203274336258404,0.17486245258001953,-0.2746336285440376,-0.242278045806416,-0.1858829977981975,-0.22702689900868855,0.11904857010207859,-0.23452773519759185,-0.33642361831501555,-0.2792995474500397,-0.11296680642946022,-0.24896192319916466,-0.24337615427426362
BOL,0.14314945873030505,-0.04851262745735796,-0.3879812784718337,0.08656085296833205,-0.07902114394988491,-0.20924721167255833,-0.4072634705833831,0.038867567875093045,-0.44045784743253624,0.35928634543604177,0.3408292156964876,0.25084900933376963,-0.17689916294705776,-0.26834637288195595,0.1211583929115746,-0.23601479755083843,-0.22711671939445588,0.089570301412504,1.0,0.06574903744655192,-0.2937268014963721,-0.05658447480229567,0.1749134909729737,0.4625693903206016,-0.29447910480184025,-0.37870766525897537,-0.08343380028790981,0.06199076451826191,0.40585790105132924,0.43069300235287455,0.27885181417796745,0.06936251421781092,0.24897942810209472,0.17065875873776748,-0.13238056440839951,-0.20462803369335525,-0.4561519327481425,-0.25214896401368025,-0.23550171942889664,-0.19266185905875188,-0.3295665800844221,0.30975245320215117,0.017871639651391602,0.4391160624030087,0.2618099535410404,-0.33205076768787833,-0.351108529026261,0.21231570909424957,-0.3663456760472745,0.2107673768907976,-0.24166465059150832,0.05821261588339666,-0.1208706438063043,-0.100987821223961,0.28384539747123205,0.1893341769585527,0.2560196882554462,0.2869517427311783,0.13989449041481594,-0.25838373923062496,0.35522640634310276,0.2097057232431483,-0.128761514444528,0.12340367600609425,-0.26393807297878324,0.3637637092159429,0.25295626279662553,-0.30064854130585816,-0.03939199414809558,-0.024587095339468457,-0.2919846540613935,-0.12408333466765087,-0.22736865420547647,-0.05668327938386386,-0.005924481596674802,0.3930607754762998,-0.09187965977258883,0.03488975121982252,-0.2813136052058618,-0.20055799677606023,-0.40454436266180904,0.05963340253079541,-0.05961690900528982,0.19181139749877008,-0.34371025422541557,-0.5450046174875072,-0.1936125294382518,0.1362840479264945,0.2257589585296339,0.25664005454742655,-0.03452904991169081,0.1395969872659144,-0.36065218856990944,0.26626098929069175,-0.3316154968677836,-0.17307257056584335,-0.1923178533755392,0.16946512100154587,0.06085358422371956,-0.45763661874384853,0.1783279216977005,-0.24083346983777876,0.15203715803012496,0.2631579415443692,0.24357977795185803,-0.37215088250844386,-0.3191371417673501,0.06989388670802843,-0.2179785645028105,-0.10226893029944661,0.28087550250533067,0.005373033769977331,0.4590160992979726,0.45094012108187054,-0.18573094561548986,-0.47634363353367526,0.27732257655072035,-0.008483609194774866,-0.06541456261676393,-0.1534625594955683,0.04314492823799809,0.12875491558526253,-0.037048239677210715,0.24053901192598692,-0.3469390353372046,0.16962858271217296,0.2931170679338331,0.30190282431675275,-0.2028876049937045,-0.10210408722610231,-0.34085808208412605,-0.3856072360365823,-0.3312363799388198,0.21437764311463203,-0.15979190202888516,0.3000675705653678,0.3364236090573457,-0.18149617292218823,0.2325200887095924,0.14165642686226088,0.012405178965581465,-0.21381428357924737,-0.10603258856294895,0.30848997694269187,0.2414380886701757,-0.19999307730036042,-0.1324955144624207,-0.03933929671825598,0.2865964807118311,-0.18109696224839933,0.0987872546284232,0.15890259014289143,0.271093687773043
BRA,0.037286401254629786,0.07760804063489035,-0.0337634778694067,0.747807646424824,0.18754942336783698,0.42309025852701576,0.08562477883930253,0.11368863908456739,0.11237214226662662,-0.30102361768206753,-0.32026950550654587,0.13396542718905513,0.04906079095156035,-0.17365395584979626,-0.06089828246409157,0.07105410120591216,0.08872067165492115,-0.4149466175170857,0.06574903744655192,1.0,-0.17530530786876275,-0.25631257679952135,-0.05193923785788557,-0.24650810064495032,0.43929814997375694,0.009960463531968222,0.5076381060834847,0.6043276998404682,-0.2009458705841758,-0.13205998385950446,-0.1758176341975719,-0.11248193513148075,0.838374389938915,-0.38912256531757694,0.007534423309144445,0.3955660915140409,-0.11449604419897663,0.002903148787225529,0.31590180511607,-0.1773639059269585,0.14277083482131858,0.2418234396566039,0.5864450011729524,0.23166336489593342,0.2700618726191546,0.5638209827358738,-0.16605961302283845,-0.04313400964900649,0.19264227182585736,-0.3222825338527824,0.44541323883901707,-0.009887104708160122,0.3711986690650111,0.017450696208405225,-0.13459338129899057,-0.30463163965893525,-0.18418816767268043,-0.29796789410307967,-0.1979706534859229,0.3268549603443467,-0.12370661898448287,-0.27842439177744716,-0.017835120690743445,0.10091960449500037,-0.005697799332481157,0.2971020450292483,0.34814741606440236,-0.25720645838571965,0.6189543031491642,0.3373108191291305,0.027124615183959366,0.18982122137611968,0.43546164957972633,0.40057018614563267,0.047640973351163796,-0.06657104093041855,-0.3367413922654745,-0.5098249658972922,0.31891261179458097,0.19023446257085297,0.20594880924007875,0.04295284512139752,-0.06554130868173846,-0.29500183849900785,-0.09037384268008886,-0.14080945821452695,-0.04978399119965493,0.4116820584994819,-0.32344402167924313,-0.2413314238845301,-0.2686154407481922,0.3972795998242651,-0.03183685318596852,-0.28105762080405783,-0.12435748391916834,-0.034175988620118725,-0.18512877767364277,-0.3077345780149512,-0.2805491233019479,-0.30171076460583146,-0.20222236243557212,0.10024719770297208,-0.21170736709530624,-0.29608332238557455,-0.4285855881512086,0.14801596056307798,0.21752600081932905,0.24022300113003525,0.28582856268772794,-0.05278527891834006,0.1749821449176987,-0.11555776957083697,0.3545828979414568,0.1768682123308305,0.12391482171454538,0.17577974212779768,0.011987889251070527,0.30945529196803556,0.07779510166229353,0.1819359974705126,0.5547314830655853,-0.20785997693663227,0.38549897637058317,-0.28713007082800734,0.05636459384861492,-0.5479123028096864,-0.2467074850304738,-0.021818507545222632,0.11566314009904644,-0.16017116363933015,-0.16689478211979125,-0.25004471763831804,0.292771077165898,-0.3067890708309493,0.17854802144684767,-0.3147915786597144,-0.3668190425988187,-0.005385811154708486,-0.3129177161223997,-0.32152310310906906,-0.43867123388243057,0.45312815437380727,0.6645769683554202,-0.2219666191923635,-0.2697397564834012,0.5847355081941433,0.5158540350507805,0.5611738453983499,0.04738179336775761,-0.2969580658219879,0.42715716520707403,-0.30300197997384903,-0.04265947530394887
BRN,-0.1587405737198846,-0.006988509977572166,0.7673196952203054,0.05430901440138558,0.16779757523775918,0.3788946860215968,0.4992130943100488,0.5856964570194231,0.36955849144904074,-0.5236026984639637,-0.4309880240881625,-0.529808326824422,0.3070959901145345,0.8088030729533865,-0.04925059965425027,0.29040771643957763,0.6045794383487132,-0.23610362738473945,-0.2937268014963721,-0.17530530786876275,1.0,0.329413879776429,0.08262078574409226,-0.4307310822978436,0.3927485358689191,0.31835293770423045,0.2669098872236645,-0.046721521746557526,-0.5583244269873222,-0.5109980679226205,-0.3375834852693278,-0.008776991441864501,-0.31728737234505844,-0.518853479186566,-0.19127036542645026,-0.06601325715547146,0.16154175533286586,0.46745871659299154,0.34306195760965996,-0.17742840428288065,0.3886734556024436,-0.12254719453557872,0.15927328414793673,-0.3368880793294895,-0.3078553370510897,0.11414977343283483,0.5010227220266734,-0.4993834998008717,0.4958753869176715,-0.08151533625356122,0.023336719315836363,0.34320763019694667,0.03916153452271798,0.0031636435646603678,-0.35851951419662376,-0.2530318379159424,-0.5364985180191781,-0.4775548614287395,0.3887137075709304,0.0177558776890554,-0.5696456730456907,-0.5720861384728475,0.15914327957942664,-0.4537024772085838,0.44625377327539595,-0.19592566518898513,-0.5295878860939247,0.42947271091478467,0.28809214048908816,0.3832044313767804,0.5094198386785478,0.1677995554221341,0.06982255483482946,0.14228984827798408,0.42067093129765143,-0.7559629191098143,-0.05071858088808745,-0.031079928335178808,0.46067704670710796,0.7877237305443365,-0.1946366779057329,0.320188119221124,-0.2961714485210025,-0.040323086164539834,0.48106405570192756,0.38177175983113276,0.33829266064501895,-0.20646924067307904,-0.08305396482976524,-0.5191479903420828,-0.21774961193912024,0.03639040292320994,0.30565039133475336,-0.34971379534534863,0.15109038041018985,0.10480158538025164,0.680016935344447,-0.37130460370299234,-0.125947591589193,0.17838795564521936,-0.5359992218466796,0.5615362418634916,-0.1710585319860911,-0.398635626505768,-0.3638595631964092,0.347190438931672,0.6885807968532299,-0.6588917762672093,0.2630510054267763,0.8092032673563199,-0.6426528086417753,-0.19328485434551324,-0.1270801793779035,-0.5310049028543156,0.36905422926530984,0.21132372259814236,0.14052079409041773,-0.15721563868020172,0.4057899479844027,0.2503710111315016,0.32842620411083656,-0.5042398732288929,0.5343082752730904,-0.414955410180768,0.3229115736810031,-0.25445267786821124,-0.5067610113828087,-0.2794988172379038,0.35914622268409724,-0.4357576918668393,0.4974535122690549,0.5302258670179784,0.355267883665928,-0.12161294582252746,-0.22550447823609043,-0.30935506480107233,-0.5105531539978334,0.26040715623541555,-0.21935542758225224,0.27777602975538396,0.0673420492980823,-0.0015342937365812048,0.16330441253363226,-0.43333827055156116,-0.48047456702101066,0.19800459564513218,0.10532881563922114,-0.02010446847625902,0.0149285993449918,0.12267292265472096,-0.07108631207708882,-0.2398336332640829,-0.27860090486371103
BTN,-0.08175093229483532,0.2662021554298857,-0.045247130046573325,-0.1837781967418588,0.18283634774414548,-0.18987103756029922,-0.05584774679979909,0.2947831113443604,-0.20843778308022043,0.003203179400185885,0.1367255106530405,-0.10183086658807783,-0.11169890248863257,0.006578210463240697,-0.13375388352687723,0.17477103073996147,0.060471673358151845,0.26165743203731506,-0.05658447480229567,-0.25631257679952135,0.329413879776429,1.0,-0.06960527254461835,0.0032341638121760052,-0.2593276659166692,-0.23970393890411756,-0.16738430140870353,-0.15615311864146553,-0.09677334045208585,-0.08919216866167456,-0.10843268570618858,-0.0743392247635386,-0.19377958270411666,0.15099567767465294,0.29318687202091953,0.03611815850142108,-0.04828242544652195,-0.11934510895319783,-0.31427763161316147,0.01582688905196017,-0.13414390377353502,-0.24441753756283857,0.06021034988244933,0.03648405247777464,-0.18306492428538856,-0.189776779701325,0.008698459405337089,0.04340135155783209,0.006789240224341908,0.20079369942464675,-0.3173258008295907,-0.059202834522046555,-0.35228375968346404,-0.046344149897226794,-0.030669521838570857,0.206734839434478,0.02047674670869659,0.20413424330309526,0.10805593250086964,-0.19594732117684388,0.035842798752620864,0.03024171664741071,0.039490736921672154,-0.027950668412521695,-0.01933192700677444,-0.13974208208308259,-0.12803605891661007,-0.09317782960215437,-0.0838379897591397,0.024373033223189733,0.1077635053520114,-0.3306682374831136,-0.2526258870180258,-0.30353358473003955,-0.20508353480276353,-0.1335906566846079,0.32616004650832553,0.15149573376886527,-0.1368592169772238,0.09563033766752971,-0.3232815829508173,0.010968837754238958,0.08099868300301727,0.23988622323456776,0.03225014575304175,-0.10624319232552115,0.06453065797596935,0.2749987127190945,0.26549965275847964,0.0799817008957251,0.12862289578538388,-0.4305614166485603,0.18889468345606997,0.14535801777651103,-0.06006994974595359,0.010140576147366076,0.29189769900972595,0.08387441742084456,0.09990908083471428,0.2929652817989159,0.1405431179106872,0.0016457505010678553,0.1467633826063628,0.14757063406458482,0.06968143652459602,-0.2026975706407601,0.030254756455650678,-0.12152464235599147,-0.03838642919642976,0.0927188477956079,-0.09741246132119175,-0.2801180365998681,-0.2890275638531503,-0.09105694857702407,-0.13026988642999537,0.0038100897814967727,0.3132144219030002,-0.033259827217073656,-0.016848420952844112,-0.022604109814376994,-0.26179401116119716,0.12356602618273937,-0.10541735632319105,0.1339683045467276,-0.214248768698712,0.35652638296649863,0.040447342875165604,0.12121173875224323,0.03724435592848363,0.024844404115789698,0.03535706526513316,0.09263198268859574,-0.1445666916992101,0.2366073896958556,-0.0945573840154239,0.09900793008992326,0.05613711867295923,0.24717317781442438,0.15858640970303983,0.5574697666337141,0.4672631591950037,0.22718827188288948,-0.2746930456717238,-0.053716008986499864,-0.0277429242786269,0.0029401759333823607,0.012853985554035496,-0.48720307930883355,0.07802270978484205,0.16300326240521734,-0.38565100678598374,-0.14325478032521732,0.00795218343770121
BWA,0.29200068127621437,-0.2071871452498215,-0.13384147853751438,-0.0781495257646525,0.028758234628069257,-0.17959287393228696,-0.03572447608263851,-0.1184688715003046,0.04375193505654362,-0.10490259087798459,0.17989622507025926,-0.42580723165201384,0.0148036706304423,-0.09539943795076478,0.21418528354987598,0.1479043359191372,-0.26634699525249195,0.2763523731553532,0.1749134909729737,-0.05193923785788557,0.08262078574409226,-0.06960527254461835,1.0,0.13239919062066474,-0.021264080873576896,-0.16984027439618732,-0.08526049084193033,-0.38245118705479797,-0.06627393385257885,0.004093202203361956,0.23113917318534338,0.4654573517603775,0.036172516060574256,-0.16427591606592973,0.3308893942729385,0.0785626872989238,0.057709336513135256,-0.13442258280264507,-0.15726756005079467,0.5350451075852772,0.006890812186931661,0.08532023800448019,0.04397866033550579,-0.4402871842039604,-0.44393223870976906,-0.036618070365097566,0.06334609865911522,-0.15942149484772838,-0.0383513173242398,0.026704951082974215,-0.03401048786762706,0.3485249637617154,-0.09089245579214822,0.12887072741599026,-0.28523316349812955,0.19268462604669223,0.003447247810669296,0.04279984245289892,0.6094151548201097,0.06947312900366631,-0.4053179214366245,0.3190295691341777,0.11307023645438052,0.009076290223369865,-0.08505129500786679,-0.5184266598291796,-0.33086449885090485,-0.030468612581248333,-0.18050757726751865,0.20508600391618126,0.05900193201146475,-0.003773782953969018,-0.09389837181080862,-0.2640706937946926,-0.21518762291506377,-0.004425986193771214,-0.13106734886651772,-0.4943442729659224,-0.3075264999285512,0.03377176881603938,-0.2599874297941973,0.5690254280937052,-0.48421270710525155,0.6652906001369705,0.02126939267367456,0.027895384326034778,0.08713837604838204,-0.0933728093331172,-0.23170584683894968,0.07961507214600472,0.13071156631232106,-0.424399452837386,0.06057419082267257,-0.01663847334916224,0.038106977715948176,0.27799847235431563,-0.0948605557251132,0.12726365150725116,0.2229525656670085,0.06576604003859887,0.13751401018943965,-0.42626980385587476,0.6119846140210861,-0.1006465995666832,0.13226856701122425,-0.03368674039284025,-0.09067891520835314,-0.20700537931976193,-0.24077025986200828,-0.07151888328283396,-0.15744609690502753,0.3466344966237198,-0.009178758422149214,-0.25070375488258057,-0.19194852112272898,-0.20434715126631064,-0.23185136544139118,0.3981067803792021,-0.14067940870090023,-0.16386696475522156,-0.1895574729513989,0.24632777493221258,-5.2407876087956495e-05,-0.016495238096709608,-0.07818451178839037,-0.10205942111996213,-0.06788191149256928,0.1683723165495874,0.05546484594095624,0.08304065121198612,0.09533121865014738,-0.014380963770695754,0.061687235855497735,0.6102243612423414,-0.1765387166082053,-0.0788575227274102,-0.015720565567620248,-0.5749429764951852,-0.09480102477410646,0.14998693031122168,-0.09408364802870572,0.2438980643570432,-0.04771708222575621,-0.24346415044971348,-0.10691673365678223,-0.15840629430480568,-0.07821401106105585,-0.19465846418342503,-0.2654619412066719,-0.5639600944822543,0.6080839811893619,0.2672060431004918,0.175945939004434
CAF,0.6969314064642026,-0.29079581027230095,-0.7106339411629614,-0.4220465606625967,-0.2868232274467073,-0.775635898519734,-0.8971356213566319,-0.22349484856976076,-0.8402108190951956,0.8756581100822044,0.8188984171191892,0.44739728983134874,-0.6616146062010406,-0.5670129311806003,-0.3662325987385415,-0.5362499852305462,-0.6149724727073154,-0.035767437198094054,0.4625693903206016,-0.24650810064495032,-0.4307310822978436,0.0032341638121760052,0.13239919062066474,1.0,-0.8709923338337178,-0.7759855733843566,-0.795558343664108,-0.40939060571594377,0.873145416348064,0.894777096559364,0.7732373215528647,0.6586590417112135,-0.2608218278139267,0.7651027954307678,-0.0619614627506464,-0.5618271856795718,-0.7068695827052416,-0.7388794730673434,-0.830526441130492,0.33235821570302715,-0.8659763912517611,-0.10374218716818007,0.03613292118008293,-0.20029991020305382,0.31510476877088456,-0.8275666310404048,-0.7983395619759355,0.7700701837154089,-0.868490606663781,0.2756313886776063,-0.7654251491368087,0.3471756306934336,-0.7608773913340687,-0.4269925904940024,0.7520420750908516,0.8292253292216141,0.8656876948459964,0.8366842620035938,0.439368138310684,-0.7011738497121904,0.508264442420775,0.46600142025971447,-0.7071074854731592,0.7893005240429288,-0.77970595808765,0.32718091938801963,0.3557070244603564,-0.7043087501012304,-0.2571419159160644,0.11906278198861042,-0.7217817039251755,-0.7005468006983784,-0.8023628956997446,-0.6894644748032603,-0.21848499045571002,0.81570914948845,0.16822191610321457,0.458703412902876,-0.8662458892509646,-0.57711243513568,-0.027165481399035407,-0.20715037607527487,0.07167878267633587,0.5971860738813672,-0.7721003213040265,-0.6765927602558142,-0.6872692088752981,-0.016366062432995765,-0.16038893092167283,0.8463405410684193,-0.2985906567947274,-0.2655028574680247,-0.47197624020455686,0.8714642513538343,-0.658611159300742,-0.5413760512505403,-0.01686296827531719,0.8331491304414828,0.764083293959718,-0.3487199545409374,0.7825510040977132,-0.5264019688979256,0.5963025571785342,0.8369692391844107,0.43458199448645796,-0.8285705296061798,-0.8495772870546252,0.6284197271875231,-0.7664297952805093,-0.5450305330122518,0.7193393135103066,-0.36635508491507407,-0.10054095475041103,0.3300566407306852,-0.7446280760129032,-0.8358041640601157,0.3260531302031999,-0.005337771091425081,-0.4268850091293326,-0.6513399927591474,-0.5709432990608545,0.6696038175050334,-0.5980888685129777,0.7494319839954294,-0.6873755132137633,0.580045323494789,0.9084696265263525,-0.07389733591782877,-0.6709086095173842,0.41766057886600416,-0.7171909548548636,-0.8223931491656598,-0.8703324698259851,0.5370353087344839,0.4729636366932932,0.8874493041990865,0.9064306151894386,-0.4346545753811495,0.526392493187505,0.3389828788849649,0.11557234332696797,-0.19750206807420012,-0.5028631553185472,0.7700023901854223,0.7976459376667141,-0.4618299354476245,-0.5548857292263356,-0.5562101431055768,0.15641619027153908,0.050150798541599095,0.12043712786394156,0.7144566549879272,0.6926369306382992
CAN,-0.5769191879567797,0.06014414429106274,0.6897711963320046,0.5388111767797671,0.21275086714434577,0.9249024563918169,0.8487115552446223,0.15160918727254868,0.8106676784637156,-0.8382767985729409,-0.816336935948283,-0.425745698860335,0.6229691171240391,0.5595274897325052,0.3944749431373751,0.4266012141455724,0.5402969299227895,-0.1852518458064707,-0.29447910480184025,0.43929814997375694,0.3927485358689191,-0.2593276659166692,-0.021264080873576896,-0.8709923338337178,1.0,0.7243537695618671,0.7549180572025587,0.48358564833815865,-0.781056918068392,-0.7462621075230569,-0.7031295335919268,-0.5563372707459893,0.362881962236848,-0.7534349697381,-0.030689455756191197,0.473924562311675,0.5899481478142506,0.6896730064889679,0.9101307252438721,-0.3630480060298349,0.8297758290173829,0.13862117983411082,0.09470827904785861,0.14517823391145435,-0.1369201895623111,0.8400787949040834,0.6875460405333679,-0.7363129417427827,0.8574566589865897,-0.2503974708774701,0.8289115492156898,-0.2511111790289926,0.8429900971150956,0.3206515716959192,-0.7272590063090316,-0.87841717382635,-0.8102336204648308,-0.8332997810765503,-0.27778234077688246,0.6800899977333758,-0.5165324424453961,-0.6385571450496266,0.5561611813346137,-0.6521556410308738,0.6514384205554511,-0.2166365095152678,-0.3102082572356899,0.4955298238814301,0.4208651324410053,-0.003444274282080606,0.717643378196188,0.789725002973288,0.792647249925211,0.8008371335686222,0.4282297959555095,-0.6942251830840422,-0.2917467240134701,-0.6279952411981671,0.8696025301307433,0.5989043145190299,0.1475934564814777,0.09877257018314467,-0.14380826552512516,-0.5379569398189998,0.6636381810516913,0.5999670870674789,0.5784326474736043,-0.10645542286833787,-0.031372318829409274,-0.8140394175892731,0.07215457338907649,0.36850500593136826,0.3024919380328561,-0.8577540879738397,0.5141897312214616,0.43351062981887056,0.008187417532684593,-0.8322983080626773,-0.7466355809421912,0.21261617039283753,-0.7569650610083378,0.5003396545397741,-0.4893929440050866,-0.8104735824737959,-0.6586703749074578,0.8088822097022166,0.8212865037174858,-0.5786437921755287,0.8221538624638836,0.5656408422692877,-0.5977645504139399,0.2818245874517309,0.09342998206923603,-0.22135095368253022,0.7040069267610394,0.7246325120091591,-0.37135306420426306,0.04595595623819715,0.3809644698265109,0.6048133111767259,0.7514554486343378,-0.6794189836494398,0.6716956210465451,-0.7736595148783438,0.5668037920200603,-0.6549960464266125,-0.8778716660660413,-0.11824438931771453,0.5791786896166788,-0.3715738016150585,0.6161873689295061,0.6324231332619875,0.848980213136017,-0.5063653691391174,-0.44502512692983087,-0.8415812530854527,-0.8743909816846189,0.30668710498686447,-0.6281283008191578,-0.5039219073870813,-0.23570787766962864,0.15541260696298875,0.5273554580892466,-0.7295758103738463,-0.7581019196927987,0.4901957527452201,0.5548800247804506,0.817514318275002,-0.13223835288110508,-0.22079097286157934,0.23870549740967006,-0.6624119579351349,-0.6121191612665358
CHE,-0.5937542598525642,0.05509615293412229,0.7258026234513091,0.12157451763616678,0.1680729857792791,0.6420486778312535,0.8325998913564823,0.007405319843563407,0.8212598357821834,-0.6485818160740189,-0.7111652079344457,-0.3447314304098321,0.5136564554728356,0.6507747195262796,0.49004838375532245,0.23123440528325612,0.4354445683661665,0.014554725752735753,-0.37870766525897537,0.009960463531968222,0.31835293770423045,-0.23970393890411756,-0.16984027439618732,-0.7759855733843566,0.7243537695618671,1.0,0.6288196850981785,0.1775850192711561,-0.6117526223186136,-0.648782306180284,-0.670080275385347,-0.560117090395525,0.06313640604575477,-0.5450244874362544,0.039039331089850804,0.5432019804994238,0.7355484771549227,0.6033829830198576,0.7665710323377353,-0.12503684449732333,0.8259411009645494,0.1612541944146879,-0.2651893548186621,0.150019408474657,-0.17926242499021816,0.6549406187650594,0.7526875370677196,-0.727909453866207,0.7355151073464872,-0.07487747844953829,0.6666164083770323,-0.1863055912139977,0.7437058531560345,0.31984693222280336,-0.5292011464015225,-0.7917441497932114,-0.6445650361743742,-0.7604976298938575,-0.3636433633369265,0.5358992298665557,-0.2911849583053807,-0.3917464203945542,0.483445790223751,-0.6194146551201123,0.6191181941424586,-0.2872561965470646,-0.46557655871259573,0.7719287853357116,-0.015311275773475463,-0.2511431928894923,0.6478888047086883,0.7273239348745476,0.6132510739379988,0.6446431433197076,0.333044368152995,-0.695962124056152,-0.2597406097890289,-0.2587817449840304,0.7289684559761276,0.36076056145780033,0.2516496283760259,-0.09630487602641868,-0.040184096344445974,-0.5404553396094194,0.7585640969941254,0.7929989672406752,0.5755540896419102,-0.229500173624273,0.021950980694219746,-0.7618765495357958,0.22284874403495225,0.41711041068417176,0.36495346856496425,-0.7277345206415056,0.7425278184677847,0.40841110591821483,-0.012471575577083005,-0.728662057865527,-0.6017093294369733,0.36038253124416997,-0.776439735474435,0.5498203602129447,-0.4304437408674495,-0.7383184745431137,-0.412228939487705,0.7985225553244494,0.6615568824488128,-0.5253359344556037,0.6404982970656747,0.38343550688597505,-0.6935917052009701,0.49761977983102734,0.0213506744976113,-0.21578302594271448,0.5385607995338725,0.746048743907782,-0.13771128035436742,-0.007094800853065575,0.20705839144691995,0.4137083151894245,0.329080129414717,-0.5339778868442075,0.26369453377033425,-0.5526708598565879,0.6362140170317038,-0.4453304935618454,-0.7281207344709157,0.008154054778086728,0.3933854130626051,-0.22610702877123345,0.6429667652197133,0.7222066322186376,0.7938802331915665,-0.41208333822929033,-0.48111884177606035,-0.7130551457371652,-0.718044926750506,0.4005947741045728,-0.5490541804744336,-0.5516992706712109,-0.2774417921248207,-0.033444849122314046,0.2835739163872224,-0.5905953432976212,-0.5861291673377125,0.08707656552793475,0.42147931932591454,0.5403286695800977,-0.335842721662966,0.07666631574296756,-0.08497407640684385,-0.5029538556251105,-0.6838741393072576
CHL,-0.5625980532655777,0.4538884055762329,0.566528486336876,0.6914374832525647,0.49123307028161667,0.6472618972415877,0.6314978258884528,0.38994402375299764,0.5783250231220651,-0.7681118702363943,-0.7997664994882578,-0.18559221162135708,0.5297100345858551,0.4215550665373189,0.41001519175991286,0.49432906963383727,0.543334390725372,0.03332090747413863,-0.08343380028790981,0.5076381060834847,0.2669098872236645,-0.16738430140870353,-0.08526049084193033,-0.795558343664108,0.7549180572025587,0.6288196850981785,1.0,0.5217256998994377,-0.7300181470167248,-0.7453001838369593,-0.6887359956133239,-0.5203049366745836,0.625288954375962,-0.7664402705284916,-0.006221056565773209,0.6397715441059466,0.4380914347752147,0.5199400321404847,0.6478882485292343,-0.363167701005084,0.6344235462241523,0.5016412225265884,0.11451912799009334,0.3949276741786443,-0.08006433939771718,0.7713660322095126,0.5619662097997953,-0.6418732979516304,0.630818662233171,-0.37134420776326427,0.5922777023874269,-0.11339354955942027,0.6440466133915806,0.49113579180821887,-0.5418580087317417,-0.7971899715303612,-0.6908296310426185,-0.8125107314682771,-0.4522091194922231,0.6357342206945694,-0.41449151632846415,-0.35407401304863884,0.5619901223310498,-0.5275483158373944,0.5641169612271614,-0.037695752570716,-0.13740466773924753,0.5874172366359363,0.4609647076439529,-0.011910741916492773,0.49874585358284185,0.5251744094314067,0.7433641242156724,0.6279939356216051,0.20976070216086462,-0.6794872240657397,-0.39000024175829173,-0.4636143536979904,0.7900435071247609,0.4856799821718909,0.04433994804319452,0.33594554273403254,-0.1162515059985072,-0.6200758214182422,0.5913414414548385,0.39606567295052697,0.5229457039297767,0.13595643821464032,0.0907579715090493,-0.8390968131960177,0.21247106083490042,0.4539119498868015,0.4119846747465218,-0.8196244472726937,0.47667771235175094,0.4850099794113546,-0.03194742618987911,-0.8557999890867665,-0.7314540012739441,0.04517759434188662,-0.8200320507739429,0.4959127907352068,-0.6198717459821943,-0.8603209733073747,-0.30551857679455785,0.5691292714144105,0.694280136409972,-0.34399789482975685,0.5960643657618109,0.38653014220234305,-0.5567638682589062,0.4371306062367837,0.5273921561479858,-0.2280854412678175,0.6096872566197316,0.5768065780501475,-0.0704254898230996,0.05393942555106468,0.4327458127362107,0.5043068979862039,0.652423913886507,-0.6512244636474231,0.6496343726926718,-0.7343242545889777,0.6409678168684559,-0.7799757504302438,-0.7377429840710028,0.17186539376142584,0.6234243050088439,-0.4971824296281584,0.4390754918988353,0.515738788728067,0.6784270682261505,-0.5007894828045605,-0.2688781924350845,-0.8193003138068398,-0.8553920189505924,0.19927916657492906,-0.40693896893009107,-0.42839788294544934,-0.4020013573855885,0.2220415426614405,0.7664479958569695,-0.6523433359706146,-0.7381053490284755,0.5487958421955099,0.6702732593868833,0.5767697167298214,-0.07292270822682023,-0.16072897692532417,0.05372695364421176,-0.645678252305562,-0.46554112896236943
CHN,-0.25477783026105216,0.050359287428954014,0.24109784438663695,0.4729011746160092,-0.11262677817597488,0.4875152377357711,0.25110584182627427,0.24239112850227662,0.1224338235619633,-0.2625999264412797,-0.21027595025290502,0.3596657037221098,0.06658830983306507,0.05264877438289173,-0.08940613868734126,0.09040810160001445,0.2075729009176812,-0.38110429390408584,0.06199076451826191,0.6043276998404682,-0.046721521746557526,-0.15615311864146553,-0.38245118705479797,-0.40939060571594377,0.48358564833815865,0.1775850192711561,0.5217256998994377,1.0,-0.18991590872912223,-0.21531773091307826,-0.22270601975573823,-0.4326548497483125,0.5586150829312221,-0.4677120892852351,-0.35602267805534793,0.11230634241034143,-0.1400794625843338,0.21954961349438207,0.47744839089227487,-0.6205036010995617,0.11497027879995281,0.17999578217873613,0.3518169309214203,0.5408445446394509,0.3660081281719816,0.47490610055615334,-0.06022703456622169,-0.007401304661961872,0.23053980153494857,-0.32284379274531805,0.4107927751959374,-0.3743680580031301,0.42710337408872334,-0.14131341797449326,-0.12871880260055657,-0.35651508866078085,-0.44433647605096116,-0.4182408863940612,-0.42816529974349615,0.2003296980410676,0.10506466867167319,-0.2552308473064855,0.10708109887900386,-0.23593641426915557,0.13290035908616737,0.5677424566164503,0.5588814594396128,0.130732376133194,0.5547579651283113,0.14301715986144137,-0.08081791609071232,0.1781510402701676,0.5697345500588086,0.6132565550840562,0.24350454562100388,-0.10558831433000515,-0.3375267547345735,-0.0685503276681032,0.6011358228742789,0.2450658364175482,-0.20564465899970008,0.04349615787465244,0.2533227411437603,-0.4820357966497506,-0.017373864520585647,-0.1746455838927654,-0.08991777171137216,0.32903134201856077,-0.0038165923187005735,-0.23091577089677462,-0.08341154141837981,0.6136987399308627,-0.18117372955755973,-0.24768178578934097,-0.16281987804821485,-0.22583143163892472,-0.12886111136035838,-0.3343295035660172,-0.4394070492595974,-0.32190142238961084,-0.24512148959459523,0.3961599592309306,-0.5045263303105756,-0.2192570973098289,-0.32491228314319764,0.18394276341347937,0.29244151151618225,-0.07963399779660718,0.2671983455181337,0.18238927821044104,0.13979314190340264,-0.028106707256771113,0.43704228460539496,0.41009774730639637,0.43080313355930544,0.2946468388963641,-0.10329216207427727,-0.32877602898144853,0.21312987014838725,0.3151877828962857,0.6749880094491847,-0.22479530818454907,0.4580143652362558,-0.19865702381902284,0.11662506598195477,-0.3596585686113194,-0.29256206222633385,0.017423903131605245,0.16299493773779727,-0.6271783057956979,0.015669458363807953,0.031142951899130855,0.206446649275281,-0.4759695123325718,-0.14250074783650746,-0.25193346361168634,-0.3661856240096679,0.5356558555329749,-0.1597089682225965,-0.24126550435421645,-0.4576958832956002,0.047954800493198,0.5474562603141392,-0.04873803760174211,-0.13236766379614728,0.3981106849308247,0.06909822861649595,0.5973083709424614,0.22077010065783365,0.24858012419054265,0.051242308750629295,-0.2970046550924217,-0.1650597724054761
CIV,0.6508146103617678,-0.4656896129841406,-0.6391146972708666,-0.37341529289668784,-0.5849664222281543,-0.672796452833275,-0.8532737226892566,-0.3411275281530288,-0.7804044996949779,0.9647279426325904,0.8278264261433056,0.5883198176183297,-0.7394662187481935,-0.4876946644896387,-0.3955204218973396,-0.7945234327970585,-0.7329354073992993,-0.12203889588116024,0.40585790105132924,-0.2009458705841758,-0.5583244269873222,-0.09677334045208585,-0.06627393385257885,0.873145416348064,-0.781056918068392,-0.6117526223186136,-0.7300181470167248,-0.18991590872912223,1.0,0.9575348954381356,0.780783924690764,0.4680513363965013,-0.19623503407570175,0.7380492282054943,-0.16895987847541516,-0.5588991998115156,-0.6647001518042255,-0.7575834150474547,-0.7011815724290891,0.1803346838837382,-0.7906810448237724,0.026111125157772364,0.0314042061491322,-0.012280503724224845,0.4059170662917093,-0.7656538143748626,-0.8585338033279053,0.8649603192011399,-0.8799362098333685,0.1271485459033188,-0.6235364936464598,0.16328103340842093,-0.5896106667984453,-0.6092114884595721,0.8473536980225717,0.7747896558666436,0.8686681949540702,0.8184824716896846,0.29913510115373976,-0.7530800681416394,0.7694842988097568,0.4832405084701006,-0.7639142089952498,0.7054220173776606,-0.8115363356666792,0.437740908489728,0.4787667330209968,-0.5987994980187854,-0.2648072428917969,0.03786793957271295,-0.716452091358176,-0.5206793026622694,-0.7078145151430943,-0.5149435311467796,-0.16412936422549107,0.8611191891207944,0.09025375341648045,0.5698025438557177,-0.7562285343374904,-0.578252922240885,-0.0038881170120326214,-0.2799395149509645,0.18678816773316664,0.318865526762969,-0.8636126051559847,-0.62501918072424,-0.8385428014195981,-0.023461517876321114,-0.12817506062095818,0.8773061198911027,-0.15959037685055621,-0.07642919046179686,-0.7524456664566674,0.8910675188678067,-0.5744410185775122,-0.7148838850800425,-0.17396380057789584,0.7907211235656323,0.6888159772908796,-0.4839668466189826,0.7834565807421663,-0.47913267993541586,0.43636683011471844,0.902675025476521,0.35794471742621126,-0.7249997380915825,-0.7918801702910927,0.638708656392702,-0.6560980511631236,-0.5628938295891905,0.8354766076601564,-0.23968695858431177,0.05736545500836687,0.49023469652189267,-0.7373700706230992,-0.7305344349936655,0.24773587038539757,-0.12268255237175563,-0.4932563875189071,-0.698882034277595,-0.5366818490861307,0.6720621804912615,-0.6534458661052627,0.8690000889267281,-0.6859192357400905,0.5951298559971184,0.9382074772327132,0.000675318439085304,-0.8721456595848902,0.37522382388132847,-0.8241176139134485,-0.8323034575860928,-0.8174460129445711,0.255745807075515,0.44169420949745364,0.9114456119977531,0.9380334545107296,-0.24234615676124638,0.43747176993005,0.2418186580817563,-0.05978198659788081,-0.39953752577346235,-0.4108939345819176,0.8852184653729279,0.8866522132800817,-0.6219777132718514,-0.594549446379999,-0.3753528912108761,0.17074938326607125,0.1503938229310342,-0.05809603300151012,0.7347823132573045,0.6419560800964107
CMR,0.7319982888737899,-0.4831773033740059,-0.6660048062843342,-0.3755730586734811,-0.5175305759050213,-0.6069949240266759,-0.8348383878497465,-0.3092298977122969,-0.8039544538362708,0.924697761505387,0.842121725904112,0.5476944742594649,-0.8239620924658693,-0.5173134706195359,-0.43169364195074333,-0.7930714213423662,-0.7424918734212114,-0.2065268405422822,0.43069300235287455,-0.13205998385950446,-0.5109980679226205,-0.08919216866167456,0.004093202203361956,0.894777096559364,-0.7462621075230569,-0.648782306180284,-0.7453001838369593,-0.21531773091307826,0.9575348954381356,1.0,0.8132812911020432,0.5817872396503685,-0.17457617004862525,0.7461866115547953,-0.15015194925015485,-0.5570957928066753,-0.7373908091455808,-0.7926299670216417,-0.6774395030973621,0.16574833177724257,-0.7911664930206288,-0.06618284999508384,0.15156966532868765,-0.07598453049709364,0.4447866274112251,-0.7335065161956362,-0.8918181984284783,0.854201361941121,-0.8050532629455751,0.24478068495255378,-0.603484401139857,0.280705009427608,-0.5896284030616843,-0.6658889699150139,0.8130337819350881,0.7722405427022627,0.8680544242583951,0.8317785543841505,0.4135089008189501,-0.7610612513268307,0.6363461414927729,0.3984974645766094,-0.8165049884232496,0.7565366990822588,-0.8674198844367478,0.44475401573518947,0.41845880350228504,-0.7004290182574908,-0.2089017076834312,0.1379683261601934,-0.6583454647856655,-0.5004308499296086,-0.7182213634782659,-0.48275327890948017,-0.14829815862731333,0.8644488322961014,0.13409192043103402,0.48722817371158667,-0.7513195374952144,-0.578026218545697,-0.06519007161737767,-0.3155854075625819,0.1827068344744016,0.41785830630866316,-0.8899283721925675,-0.7012837159766692,-0.8445655466926203,0.0026879652746574223,-0.26988459350167027,0.8919091522231929,-0.33801221248739743,-0.15932822077614173,-0.7548736517976855,0.9010186113731669,-0.6758123182942049,-0.740087137521042,-0.11330630641796735,0.8227154905714249,0.7625779700591327,-0.5174874142116337,0.823809846145685,-0.4886622918952175,0.5513918861847608,0.9073270621206074,0.35409150613843543,-0.7517347322682175,-0.7524394403317394,0.6261267730557752,-0.6244615305075936,-0.5453510651981355,0.8172997531145246,-0.32332001819183454,0.007692919716305702,0.4828126095089357,-0.7881278284571329,-0.7507079798647263,0.2948767370590515,-0.0010977951153980925,-0.5520498147822215,-0.7264177478553,-0.5372819079221705,0.6938092976144866,-0.6394286362987609,0.8499507428858916,-0.8036007052470895,0.6400419238623939,0.9113463436239142,-0.13569057400626505,-0.8930262977052132,0.3751947653513056,-0.8298769330666076,-0.8614039564195859,-0.7645798361937464,0.3639857280611396,0.45118257339355006,0.9155333568301034,0.9236655748847777,-0.28011804018401953,0.4709574249823931,0.25801684107102774,0.0032070087605217124,-0.33298415465713127,-0.47141430309999555,0.9002345062460775,0.913232896859282,-0.6004926078086223,-0.5888121272535174,-0.38081062065664883,0.2394168239277309,0.08883191504555266,0.06566587441219829,0.7276013523543047,0.6603897220260092
COD,0.8584303506530176,-0.5460320623775647,-0.4871344450438735,-0.29986488397994804,-0.5007118408643554,-0.7262466760552764,-0.811828944447432,-0.06440966270786008,-0.7440241975395843,0.7229950399486904,0.7732339287380289,0.39824139894164723,-0.7402743185077176,-0.4210825862376457,-0.6743843383603592,-0.6659438571213907,-0.5595925224277831,-0.305763458010603,0.27885181417796745,-0.1758176341975719,-0.3375834852693278,-0.10843268570618858,0.23113917318534338,0.7732373215528647,-0.7031295335919268,-0.670080275385347,-0.6887359956133239,-0.22270601975573823,0.780783924690764,0.8132812911020432,1.0,0.7818269581298531,-0.2343417567383037,0.42359540385846106,-0.3218443845169672,-0.7074521717016751,-0.7469968311459687,-0.7012485612281651,-0.6677669814357197,0.1930664892976799,-0.7942988658657977,-0.1312000685139798,0.26440561159956877,-0.34345008976640523,0.24362274238764803,-0.7802564994526624,-0.7888369540511009,0.799821127936,-0.8233337148001509,-0.10120481788498537,-0.6986118981831972,0.4323239892955564,-0.7130316134109389,-0.520510592432742,0.7415168073770941,0.8677447523709577,0.6749484906939304,0.6487992205312129,0.5770797219640004,-0.8203659321514649,0.32628551198063793,0.5355236484044913,-0.7717563080549437,0.62604512439161,-0.715072238254165,0.36220753996401955,0.4227653711122513,-0.5745045347830855,-0.02332538116452665,0.4183673362337419,-0.704215928238209,-0.5912715587257535,-0.767449541543014,-0.6490479625981644,-0.09421576031571477,0.7049625580830283,0.35160579677520576,0.4542268646939964,-0.7483324876703832,-0.41375645072246114,-0.1882704238272317,0.12258206569348773,0.13000053818344703,0.5655754288120526,-0.7664968965140768,-0.6654042769475701,-0.7987292780424844,-0.03765925930262237,-0.2766766163385841,0.8734635403075856,-0.31766350161547097,-0.18574833067374263,-0.6842487008445244,0.8350969899949657,-0.7073923045375026,-0.688094087123265,0.0721088152192777,0.8732177670596065,0.8044438660183556,-0.5674752787786024,0.8094038434391131,-0.41112814813933074,0.5051635450494597,0.8014008315758473,0.4654187760072852,-0.7227378371209268,-0.623065231591236,0.3970766350700091,-0.8049690754794747,-0.3870661015045944,0.6960325846194696,-0.363105879984263,0.11940359412324109,0.33468948657740083,-0.6714536987754773,-0.8436847390019875,0.2749995589758416,0.0675484627847649,-0.48807905684918707,-0.6828691987855986,-0.44395607594706044,0.7060502350166986,-0.4951765519932261,0.7191869505368735,-0.6909894848140472,0.4462422013884494,0.7735491864765159,-0.13495105726090628,-0.7455164417640541,0.10173771822014177,-0.6886259073175776,-0.7288145889379205,-0.7479629746292069,0.35010129685689717,0.5191734160082538,0.8495028318411733,0.804531662428277,-0.30924617340846017,0.6253364470764077,0.545872145893391,-0.11364100836777147,-0.2829974889499074,-0.2705649059745452,0.7702495570573495,0.8297986138098169,-0.436006411655564,-0.7270832591568834,-0.5484119497702271,0.37820418502570075,0.18549976761596043,0.11960216473154717,0.9277912395637643,0.8112714991673863
COG,0.9138439089756147,-0.35267329834548367,-0.32928244806531737,-0.22881905428235627,-0.07552393632292542,-0.5980690507247277,-0.6333789027573311,0.06311729423145829,-0.6034434589971425,0.42769924676611704,0.5250942040371307,0.1433258652461037,-0.6316190019770631,-0.28300990798332637,-0.5786651076846683,-0.38020083629175216,-0.38966309373285224,-0.27460637213640604,0.06936251421781092,-0.11248193513148075,-0.008776991441864501,-0.0743392247635386,0.4654573517603775,0.6586590417112135,-0.5563372707459893,-0.560117090395525,-0.5203049366745836,-0.4326548497483125,0.4680513363965013,0.5817872396503685,0.7818269581298531,1.0,-0.1848094662002835,0.29284214171389933,-0.15131067222953742,-0.45456016488321715,-0.6186944567991974,-0.6280652190541067,-0.6525325877379164,0.38686942153520554,-0.6548242999529874,-0.1459605461269482,0.41417383353747905,-0.6338387705132809,0.11688738755477113,-0.5898680525580751,-0.5757759575155559,0.5372181248716422,-0.5750122762855643,-0.055279654874698325,-0.6694579366644224,0.8114884911672154,-0.7537420812533673,-0.3250647646001208,0.4955484763777549,0.7213711436019383,0.5682163540431243,0.45007368957879945,0.7624429807186013,-0.6224801943080434,-0.10240381584243585,0.3574642246978519,-0.6944911349098417,0.6741098055006892,-0.6457764816630644,0.12446852555912136,0.08053152043734801,-0.46846945196771705,0.09170820979525263,0.6054523220985114,-0.433844362263909,-0.5606959746271825,-0.6874409714011778,-0.6810846877458776,-0.04231004418633577,0.4178532272822322,0.18941811260782093,0.18903831662475978,-0.6712671473554448,-0.23355115606082566,-0.07476035293605898,0.23309062811007697,-0.03829576989006411,0.6478161511865389,-0.5254778106240059,-0.4761149145316592,-0.581316225977806,-0.11418740478144351,-0.5868599388675046,0.5866937454023685,-0.48525906868468427,-0.36658842499184763,-0.28832118531427575,0.6207388357451544,-0.6306300595892176,-0.42114600911129996,0.3262251639236069,0.6793626485548971,0.8639059643508376,-0.390775952111182,0.5747449639890568,-0.3139103428773806,0.6442031903635576,0.4934191154873422,0.35929963447253166,-0.6428278492762356,-0.41567689994621837,0.35745389617723156,-0.7070233711871774,-0.2910028508212428,0.4064786117900211,-0.3049662651555247,-0.028958819490150223,-0.11649140450153017,-0.6829047764421339,-0.7343994231713427,0.36732221487594097,0.2736039252691831,-0.4183022264908114,-0.633532523307182,-0.4386258857344252,0.5712051317724717,-0.3347586228840731,0.43569587608004157,-0.5452083361503437,0.22113645636993196,0.5712058110874648,-0.34393817339863597,-0.5143769818099155,0.16685338137171357,-0.5201469348475976,-0.5935421146244211,-0.5419956092528098,0.547303306579131,0.6225351103263475,0.6238021747137997,0.5158952619438024,-0.5624818047979578,0.5017959335143631,0.4539959203466819,-0.1222178881025,0.022106146210080335,-0.14546400533462833,0.48636181153181535,0.5723375312324677,-0.26365595463174984,-0.45279142370243686,-0.5888197675157316,0.21150603525262146,-0.046499713589099434,0.3587190073558102,0.7728950066933705,0.7357809833894163
COL,-0.06747839621687302,0.2619392799841864,-0.11935088366824509,0.7259156864065153,0.35991254239227555,0.2910082118907097,0.05358961464794365,0.07983499591420595,0.04545890095314453,-0.2925477399825467,-0.30529999731746327,0.24449746113264614,0.027712447785922856,-0.2596399413339143,0.18405419023050007,0.16541759552937074,-0.06886069577111575,-0.012662635709220549,0.24897942810209472,0.838374389938915,-0.31728737234505844,-0.19377958270411666,0.036172516060574256,-0.2608218278139267,0.362881962236848,0.06313640604575477,0.625288954375962,0.5586150829312221,-0.19623503407570175,-0.17457617004862525,-0.2343417567383037,-0.1848094662002835,1.0,-0.3200628052629626,0.10760812658758945,0.5755494741358755,0.003847635312846265,-0.12262603059183541,0.17078190214747102,-0.18840027725369657,0.09659159180184806,0.49194883946425605,0.4861435437231456,0.47652844704664465,0.30654729360959343,0.5563828975104884,-0.09580417049989176,-0.0591086558980094,0.13071256445169044,-0.3602107491429283,0.39437591901904656,-0.050787641028733566,0.3497233704110225,0.2550267171203162,-0.18757648487441125,-0.35925954990237097,-0.149450109236424,-0.3116139521978514,-0.35241308221674106,0.3795617177481385,-0.02830946311814042,0.014308587949539708,0.1422466190142435,0.03543944767471474,-0.06836799372785185,0.22491711450415464,0.3686280354525444,-0.046689671299583235,0.49414276793345846,0.1983176769883933,0.044722803896644736,0.22513280391271162,0.47244572323938083,0.31398940735146663,0.01879013579045896,-0.014788190921456001,-0.3143344341159131,-0.5721566109347145,0.22211478186644995,-0.022573525297012065,0.0987131101971015,0.15215920930175164,0.0754117880319376,-0.33955487085642533,-0.033333640347181115,-0.14218824610771486,-0.0028945245096339,0.467254714567664,-0.18498409082842304,-0.2832683321042504,0.11786996591413745,0.29943063698226746,0.039563835918607015,-0.31501102946466797,-0.014715853129480427,0.1885735681422379,-0.2608009423473099,-0.38510665672565203,-0.34048122833141203,-0.2650148850641181,-0.2267501914553689,-0.006294409444789872,-0.1923164635066068,-0.3738474014538882,-0.24568832368886784,0.05509501008546425,0.12150065109982677,0.25010041239141834,0.228960105280561,-0.23569450290979854,0.16672214075075054,0.25869583793005124,0.4941202152792168,0.11286450777479384,0.037658219633669554,0.19100201626147184,0.09247586074709158,0.3809194514311762,-0.07076729612252786,0.11870039953134348,0.4009783804144763,-0.09129586762000153,0.25513199002620013,-0.29618677031871377,0.029873414644381202,-0.5506629120140367,-0.22844826190109835,0.1644219900469932,0.16334966410153262,-0.1515999009108593,-0.17533535346776397,-0.18113132556988631,0.2511807954106793,-0.18193275264816955,0.10733648078668179,-0.36872464896134804,-0.3882071774825917,-0.17140041230903003,-0.12487064466187325,-0.34852376351862757,-0.4704735776565232,0.4552494485122909,0.6994711542992966,-0.22926704729828584,-0.2536764006512946,0.41476904821742666,0.5192600034431994,0.4859069759797814,0.10042289242020963,-0.3527526398394316,0.3631015776468485,-0.32149165576673444,-0.013251582922546357
COM,0.3499416050895431,-0.09758230178960248,-0.7258574921045682,-0.5382359715809675,-0.2260886289988313,-0.575223331814857,-0.6564681597988467,-0.5031609619071471,-0.6322718600559369,0.8293415770376944,0.691394089959034,0.39348659942842357,-0.5807890018911546,-0.5576363451536652,-0.0994218351827334,-0.4360458594798282,-0.6710932995008883,0.244823694815671,0.17065875873776748,-0.38912256531757694,-0.518853479186566,0.15099567767465294,-0.16427591606592973,0.7651027954307678,-0.7534349697381,-0.5450244874362544,-0.7664402705284916,-0.4677120892852351,0.7380492282054943,0.7461866115547953,0.42359540385846106,0.29284214171389933,-0.3200628052629626,1.0,0.2375653003222794,-0.29418748629307423,-0.32836675202364485,-0.6565123649932909,-0.7053508540782294,0.2633704155504373,-0.6205652213311375,-0.24850446576476704,-0.1828809488801093,-0.035260709336463414,0.2524002655852895,-0.61124499036208,-0.5784255830711835,0.6633154443178587,-0.5978588176888073,0.47750512294579384,-0.502748591378416,-0.002090454818955312,-0.5254268048831001,-0.3430680672826485,0.5386501731757106,0.5827707681060414,0.8468412316347679,0.8787453474207952,0.06790488275503836,-0.44430762953929137,0.5904915538557421,0.3704336126776868,-0.46805886807517716,0.6292427649300888,-0.6905891260948596,0.08331093551606061,0.17503480704473973,-0.570720460745755,-0.5046329831070486,-0.27292732388987995,-0.4069264445907239,-0.42274505914841476,-0.5906213237498346,-0.5087517932244503,-0.32073749922287353,0.7515166547757433,0.23121688217242453,0.39415718527664334,-0.7402002653224944,-0.7255086130265591,0.1317344488279698,-0.5550088724458795,0.25514832199907156,0.322937204864288,-0.6179881027403349,-0.40352678285478416,-0.5056733074081123,-0.0253112616837059,-0.03060769550179021,0.725885921634055,-0.007974163175545446,-0.48225683254456975,-0.3296063503627016,0.7327486813098965,-0.34037225234601687,-0.3014705975217282,-0.13135471510916363,0.6731083460284334,0.5863623973781512,-0.03654519628439834,0.7339861224789922,-0.5790572469546029,0.4822526729372013,0.7771433567878782,0.3660942511574059,-0.619301978432738,-0.7642463698892439,0.6713776743925242,-0.41060704292569916,-0.6516344932773199,0.6174339809490847,-0.2102129279818712,-0.396545011696096,0.17510548881219945,-0.7102042926708962,-0.4381228782428561,0.1425288843504816,0.029202567468052054,-0.5073911326872615,-0.5827866486791,-0.7421925530308227,0.6351960957950609,-0.7557804626472193,0.6990778136701638,-0.6479749481537271,0.7838368545869809,0.8109666051745796,-0.07191591182966572,-0.6116057479529529,0.7109643320198572,-0.598352653232672,-0.5798282225832225,-0.6513567870267074,0.4037127383126411,0.36442755083536094,0.7232552830479788,0.8224287092190409,-0.3204086163687445,0.4261379262086411,0.10171526996747349,0.40177222474025887,-0.17967053538440125,-0.7027546428504325,0.701620166044251,0.7359247547960153,-0.5693089202743045,-0.36910913592990013,-0.45017470049063535,0.0386661685524865,0.02747489932146152,-0.1708234113835838,0.37844957353960074,0.37462103187753626
CPV,-0.22480426243985274,0.19908483528507814,-0.30773002715301656,-0.17865579823387168,0.1884455057547314,0.011164411354421921,0.1439348255653432,-0.5689466699198724,0.2516688347222742,-0.05275373641510095,0.046137644848685766,-0.4104052329682455,0.14138399014798053,-0.20718193966574905,0.5437065323320044,0.26235465836125327,-0.24862462772036165,0.6014306191462331,-0.13238056440839951,0.007534423309144445,-0.19127036542645026,0.29318687202091953,0.3308893942729385,-0.0619614627506464,-0.030689455756191197,0.039039331089850804,-0.006221056565773209,-0.35602267805534793,-0.16895987847541516,-0.15015194925015485,-0.3218443845169672,-0.15131067222953742,0.10760812658758945,0.2375653003222794,1.0,0.6384177290681192,0.46777114111781337,-0.07031033978515078,-0.10228835643376577,0.6198980630684451,0.2564333640489245,-0.17542622874485025,-0.24482396570134202,-0.024772973188029512,-0.5686581077565624,0.29856588472422174,0.21718422361069745,-0.2592541699253239,0.21356455934431706,0.41454200957141407,0.26789807884167527,-0.2296062718452494,0.17068983359172363,0.15622235158982,-0.44182714357238684,-0.09921037870445626,0.14445450567541196,0.21077978742215886,-0.10836089328334042,0.46305282684974525,-0.05971640084211027,0.2746217734120122,0.3209301076561418,-0.010266476333062657,0.006689830553369802,-0.7216368896859753,-0.46626150783514175,-0.09271523899027367,-0.5257855564171612,-0.40444912553197065,0.3370370436452683,0.17414349214364666,0.16432734346775157,0.0008296189438667945,-0.6439950114816417,-0.10183476146397519,-0.23918363724638314,-0.4548110068564073,-0.1558145833776976,-0.1619819943319576,0.115519794635775,-0.06898011300652729,-0.36265515328123055,0.2906049943852538,0.13823409588297209,0.3227826934336606,0.3090075321278991,0.21231216600161051,-0.042029334890048675,-0.033543732280271854,0.42065514323691056,-0.5129005019196118,0.3725710645699012,-0.14874678719546974,0.47999738635662825,0.5165783585243936,-0.33269624875849346,-0.04653480420141287,-0.03216092588145192,0.4563984626629598,0.06110756535913475,-0.4463724608366648,0.3796561567735931,-0.13908833899112039,0.049028454949257005,0.20913622947115296,-0.14922510499654473,0.16346511326401192,0.20299556110952588,-0.3604579212069927,-0.22051562158605198,0.317836156802239,-0.3692938902901002,-0.2542853023325975,-0.21992311955853228,0.3391607017417646,-0.30894710022028615,0.4960759873371051,-0.17066168389940883,-0.1257338072230203,-0.45564886569854357,0.19036671886538226,-0.3030688792158047,0.06185582789848565,0.028319224516964336,0.22327874638123524,-0.09608550318476894,0.49581642028080575,0.11750046727727037,0.6361315628667099,0.08577018744205034,0.10237244548246993,0.28366655807524466,0.3203954173613549,-0.21377906910515487,-0.27333749930021733,-0.05938619739828721,-0.23070058585772402,-0.42762351728345616,-0.26176569982874565,0.24290628459884778,0.5521277553913756,-0.2767680125843244,-0.3507083076607649,-0.22451227275774976,-0.12807643246774902,0.4321029079057206,-0.13272488778867508,-0.6489698983135708,-0.5444657666614834,0.05854456632282656,-0.3059448146908559,-0.36390566083171905
CRI,-0.5113688316584484,0.451929995529747,0.1108039915019402,0.27005716363836174,0.5453547895197073,0.4303079547522599,0.540776145679537,-0.18545991805227047,0.5593601303554699,-0.5622586901631439,-0.5216671220515963,-0.21879860178408528,0.390877527827973,0.03661050299533364,0.6620011746070824,0.47961116001340653,0.08978451390564968,0.42495555404343754,-0.20462803369335525,0.3955660915140409,-0.06601325715547146,0.03611815850142108,0.0785626872989238,-0.5618271856795718,0.473924562311675,0.5432019804994238,0.6397715441059466,0.11230634241034143,-0.5588991998115156,-0.5570957928066753,-0.7074521717016751,-0.45456016488321715,0.5755494741358755,-0.29418748629307423,0.6384177290681192,1.0,0.6442637718764056,0.2485834207093499,0.3648474434187129,0.24516904214573132,0.5848420290346353,0.2799561130606323,-0.050061285036072434,0.3497092471334955,-0.20324246063207818,0.7922262225432427,0.47617150630802607,-0.589825356225818,0.5600155328922714,0.06373916446616645,0.6428268474701792,-0.22712922227301613,0.5866699468042909,0.47869281680321996,-0.6215548401624373,-0.6454546514642125,-0.3516113549379356,-0.47203054952823686,-0.47528399045536385,0.7716159198224366,-0.21440548534460668,-0.050653575541445894,0.5480061741691066,-0.26751928944008774,0.31937296768676293,-0.4290082773698327,-0.3011763064981725,0.3647849593575818,-0.0865038158622542,-0.2552273651269972,0.48606912029303584,0.4719004404306466,0.6645173518915426,0.43921559092287565,-0.24526233428617483,-0.45200315714586403,-0.3901856754862476,-0.6263135505904136,0.3905646995579293,0.08153182239708079,0.2655428811280113,-0.05702498170778081,-0.11829149041971831,-0.29958007445855706,0.4857756745540429,0.4908621840924916,0.5362190474323814,0.31132787397267503,-0.07003409206055644,-0.60808229348546,0.36830174327515874,0.07677756679959591,0.5851206372654397,-0.6462851012170834,0.6333572160575822,0.6399091564530555,-0.32196248214201084,-0.635512521372203,-0.5171724342378703,0.4613034543022604,-0.5279592522449974,0.05371139256231405,-0.13066290851902496,-0.6934525605712616,-0.28332814854739574,0.49821739405944254,0.28460870731222765,-0.029761913508793203,0.515913274180342,-0.12631329028302396,-0.4293050568737453,0.5871209189704808,-0.027219315762798235,-0.21803932706884321,0.21185014033186556,0.703872830497595,-0.14384851476895277,0.4250960769001022,0.06561004078491472,0.3193643571064293,0.06886548905488576,-0.29027377854338865,0.11547171000545298,-0.46508187697973336,0.4411447186320041,-0.42476937634118883,-0.5565461601945829,0.3347717299810793,0.4478727135408519,0.14351906460100017,0.369752793990862,0.3819016847621881,0.663192583162448,-0.03931538787258426,-0.30242995990451327,-0.7417956180719678,-0.6341178551392992,-0.01718637188422356,-0.5265198938676612,-0.563355958981365,-0.13413920045299776,0.6229893994212656,0.32527354524523067,-0.6646610665528834,-0.6097216127478788,0.2468119111396283,0.7498072044552891,0.37190637462499887,-0.5274773002063791,-0.3987477400580757,0.13592074063140946,-0.6391035353764192,-0.6010615285948431
CYP,-0.7206063584230478,0.21188968848059586,0.4511309540305013,0.034757237201640256,0.2702925337278088,0.4690730229938359,0.7683761629564415,-0.2670004551881131,0.8610138260721512,-0.618416455823998,-0.6357736110158401,-0.5994462753774048,0.7132993540220661,0.39626243977092646,0.6990023231395305,0.48064812073664664,0.3324226101350032,0.482959493515715,-0.4561519327481425,-0.11449604419897663,0.16154175533286586,-0.04828242544652195,0.057709336513135256,-0.7068695827052416,0.5899481478142506,0.7355484771549227,0.4380914347752147,-0.1400794625843338,-0.6647001518042255,-0.7373908091455808,-0.7469968311459687,-0.6186944567991974,0.003847635312846265,-0.32836675202364485,0.46777114111781337,0.6442637718764056,1.0,0.5728981401376468,0.5654771640208595,0.1943467015840621,0.8292659809881034,-0.0009123697112540796,-0.4990715996249582,0.034366324010708826,-0.5188759562543988,0.6425073099763896,0.8653079440357753,-0.7770084655590677,0.6957765346779428,0.02672157889123139,0.672139738586958,-0.4383432661922635,0.6740076330939906,0.5699788370590512,-0.7337352582158085,-0.6907305230090279,-0.5392722328893944,-0.5253946374914831,-0.4459730806994058,0.7470921040032115,-0.3434924880710144,-0.1601286053584905,0.7400694888972591,-0.6434625613175431,0.6939554968634704,-0.7384493855088836,-0.5841978922702062,0.6387799666196488,-0.29230591394163974,-0.5127901952327878,0.7106037930343878,0.6601791850240445,0.5811811132792817,0.39421454625118924,-0.03419925845147542,-0.595264034274466,-0.08978964523511745,-0.487132074656631,0.47765064090591947,0.17047885639342464,0.33057306142819154,-0.033473446339956636,-0.21313748438328473,-0.31846399155560223,0.8050783482590017,0.9169711351133529,0.7787916191842538,-0.15664255541763406,0.22515689772084235,-0.6700057465697542,0.6082365518075482,-0.02117119522138511,0.594939762475976,-0.7419136311212813,0.9290172755890272,0.7880532790532837,-0.17470996580076115,-0.6346158721765289,-0.6364906694794057,0.7046552167005963,-0.5962683727043667,0.19765035159339828,-0.24027865001654614,-0.7018252673880776,-0.28872547991388076,0.8065808257266448,0.44949713009984205,-0.4168291421284662,0.6274853807927606,0.15961440498672141,-0.7092272607287944,0.5570442258932712,-0.29369264902738834,-0.3975350746504971,0.4874542764078962,0.8015378346915936,-0.47845542060088686,0.17771263223377964,0.14643368524609124,0.46884123938116096,0.11429658064004067,-0.44982784164566114,0.10906142359657955,-0.5639157894041014,0.6314803652806835,-0.317383406579137,-0.6960360887498767,0.22416262696878397,0.5824368552739148,0.17145507627167844,0.7303646272583431,0.7761346673336085,0.7401001453232825,-0.22151185612022983,-0.49567106866016664,-0.7766383188034465,-0.6393254806947752,0.11970290604753886,-0.5791108591215353,-0.5074407142970636,0.08524128742523152,0.2268213554770926,0.09145498243723837,-0.7687763483535943,-0.7063632546446306,0.1537827590477555,0.5298554431913411,0.36877840702592546,-0.5175226189614819,-0.2338627263035944,-0.046140971667269826,-0.6130336398154648,-0.743815358079563
CZE,-0.7588190153024117,0.2938547812045258,0.6139981173364456,0.19145243464113648,0.20413863983636005,0.6860272991591492,0.8061446594900289,0.19177813766700025,0.7834461275227476,-0.7473675804520674,-0.7017460694578306,-0.49130068248036496,0.8846613578927374,0.5478515692099203,0.38193692280102165,0.6101077665127836,0.7919158317497375,-0.006267156448680922,-0.25214896401368025,0.002903148787225529,0.46745871659299154,-0.11934510895319783,-0.13442258280264507,-0.7388794730673434,0.6896730064889679,0.6033829830198576,0.5199400321404847,0.21954961349438207,-0.7575834150474547,-0.7926299670216417,-0.7012485612281651,-0.6280652190541067,-0.12262603059183541,-0.6565123649932909,-0.07031033978515078,0.2485834207093499,0.5728981401376468,1.0,0.8153199269693139,-0.2947013243383012,0.7893678518819591,-0.0506136859916706,-0.36605709353036087,0.1562663510502318,-0.3860940092476901,0.5667306803014895,0.8138250746044196,-0.8199908431203573,0.7604326728983588,-0.014943064807411366,0.6196137369499986,-0.4167638707017818,0.6608029765554095,0.4264745097359435,-0.6910840700848961,-0.734532262042999,-0.8379622842651173,-0.7225878506597767,-0.35240562110610174,0.6679808288391001,-0.4289421515088616,-0.573510774643919,0.7432685401984128,-0.7800464134215737,0.9239125560579937,-0.28224760544316196,-0.41857163245136997,0.5690090766047449,0.050153279506759296,-0.28927766398875465,0.5396751149622299,0.5395891503032483,0.6835202169585036,0.6741263369326538,0.16239865656906216,-0.7287450292825428,-0.20682707353802643,-0.2553720512223683,0.7861223448144221,0.6565581052549805,-0.0064686139324672265,0.0796546227594257,-0.1820002802192371,-0.4462892286193716,0.7744273790366956,0.5848794182840131,0.8161201977577799,-0.220493214143912,0.4221258292855634,-0.7575987358913887,0.061168323116934875,0.34387040651467005,0.5439967717097252,-0.8114501536716685,0.5898015301570222,0.4965320808632099,-0.06114842472464033,-0.7304562606659335,-0.7726809928391498,0.4511407058062642,-0.7636935087747341,0.4616589022371712,-0.6426355488609383,-0.7138911597872091,-0.35186178174475913,0.7755420528442754,0.7025459386605497,-0.7357343565593415,0.6676224335916253,0.7380940040916754,-0.7664283195156696,0.18531369749622761,-0.03605834966963273,-0.20164044100222323,0.9307876895082691,0.6617984187685493,-0.4522442036377581,-0.31385298198891576,0.7872204963005663,0.8508742602118459,0.6144412646603656,-0.8354949927915643,0.7021364752598075,-0.752959150946596,0.8403921092610722,-0.44425482374369096,-0.8158613887050521,0.14439511543872918,0.7813158177552951,-0.41163336700363007,0.8402915704012134,0.8312315245438076,0.6969184221717046,-0.4585003027547325,-0.6295655167848557,-0.7566565029786445,-0.7121442228187091,0.4583978870459977,-0.5553589602145652,-0.25141364888545437,0.20167942289009577,0.001993033653319265,0.18489499742057725,-0.7219998147131665,-0.7887811868127512,0.4756209812437818,0.409216022693099,0.4778016101856739,-0.28204199291319565,-0.03680304266699119,-0.1940204134080854,-0.6297390465434636,-0.7252617763304707
DEU,-0.6565780732845026,0.01756783329917444,0.6697590049043269,0.3370428668834735,0.035939745897741404,0.8921941463442071,0.8878853240582315,0.08808315706059167,0.8482381721561252,-0.7434861849761942,-0.7109467801206233,-0.39346000616861665,0.6528801804872068,0.564792127108727,0.3869510373044732,0.3380522010902929,0.5866739886615371,-0.22641987678123177,-0.23550171942889664,0.31590180511607,0.34306195760965996,-0.31427763161316147,-0.15726756005079467,-0.830526441130492,0.9101307252438721,0.7665710323377353,0.6478882485292343,0.47744839089227487,-0.7011815724290891,-0.6774395030973621,-0.6677669814357197,-0.6525325877379164,0.17078190214747102,-0.7053508540782294,-0.10228835643376577,0.3648474434187129,0.5654771640208595,0.8153199269693139,1.0,-0.3977563032915512,0.8710537889856973,0.006082259012033631,-0.11754397637598046,0.2289475349474116,-0.16629803167083734,0.7735813221939044,0.6885658741170155,-0.7411834579886469,0.855901587518921,-0.06080937279571885,0.8625480487245741,-0.39426779014249913,0.906647381205524,0.19839928895786796,-0.6720676576310058,-0.837303629041251,-0.8399867149263502,-0.7753520110273939,-0.34951060300070513,0.6463198290786388,-0.3879510132517916,-0.6558715047925969,0.5805454409939986,-0.7477593670908991,0.7529084459515555,-0.14142830339354417,-0.2954331302991098,0.528462054758851,0.20424992059093228,-0.15409278878090538,0.6157267397099387,0.7812370740825632,0.8041502938134313,0.8921299247805208,0.31301595564404683,-0.656080208415659,-0.2922569972004332,-0.41683385389095395,0.9055931146724413,0.5645174061341334,0.046153412018425266,-0.04298609558950006,-0.11549336075120031,-0.5417826819451168,0.6600452570791571,0.5837467144304938,0.614089273605679,-0.12736601018661275,0.10009847497139368,-0.745137286863597,-0.003779193078033538,0.4970611942734332,0.2494938802966976,-0.7990339201942676,0.541030421251414,0.32624774514913546,-0.12390538973235765,-0.7485848376682389,-0.7683186172258534,0.23660862288841844,-0.7341588276041837,0.5161486744376754,-0.5541301565420844,-0.7092401357115685,-0.5523713080425705,0.8667934570624323,0.776969107802607,-0.640040874511645,0.7878849036423718,0.6015062133395636,-0.621737750902914,0.222148560250645,0.06507161653686178,-0.03527986927585269,0.8058231410704704,0.7632363764232988,-0.41789184022368797,-0.11520866245994688,0.45883837159759866,0.6837471979009909,0.7092995547151758,-0.7287069854349446,0.6078515585222646,-0.6820005688536597,0.6129243988371191,-0.4909563357524309,-0.8524646919519889,-0.013895539738437934,0.5428138941417678,-0.4299149790637822,0.6934383869079883,0.7010666868693721,0.8606473827109504,-0.5383939961546689,-0.6041257713864301,-0.7681797348752313,-0.7740673115760686,0.5140424807283233,-0.6398916062373434,-0.4715227573395069,-0.11483331183200307,0.003861165797412691,0.32795256334636913,-0.6304811777300405,-0.6821318645767831,0.392028847866297,0.4227573024533635,0.7739232778039926,-0.1917788092162982,-0.05514818011171574,0.04953339914259969,-0.6308069234522278,-0.7345693016461858
DJI,0.2765569217271484,-0.17825268790740445,-0.28788664690180266,-0.46005996332155275,0.0028028279020113622,-0.44683569011144275,-0.18388621018964102,-0.49429757359977833,0.03630418003132796,0.2007975863593381,0.3085061405096947,-0.2809177788421253,-0.08084370053397727,-0.2154159662268471,0.18219787479346194,-0.05390180503163844,-0.38719276576621775,0.35537651223785793,-0.19266185905875188,-0.1773639059269585,-0.17742840428288065,0.01582688905196017,0.5350451075852772,0.33235821570302715,-0.3630480060298349,-0.12503684449732333,-0.363167701005084,-0.6205036010995617,0.1803346838837382,0.16574833177724257,0.1930664892976799,0.38686942153520554,-0.18840027725369657,0.2633704155504373,0.6198980630684451,0.24516904214573132,0.1943467015840621,-0.2947013243383012,-0.3977563032915512,1.0,-0.09629327427795076,-0.11778702832206656,-0.18924940857739259,-0.44770679636249144,-0.4229330063781107,-0.1174219280428217,-0.059844882710629044,-0.022490848752675374,-0.2492859152624829,0.2633090435372215,-0.1452288552964094,0.2176375627475312,-0.23862293216435826,0.008852818750998304,0.0002085131166255083,0.3547338686496472,0.36694462723017673,0.28959592190256866,0.3046441985054247,0.03766788358423301,-0.031925448044468174,0.5157263686465893,-0.1280224917735644,0.3163797694910533,-0.19930746811645284,-0.5580491239147096,-0.2932352823590487,-0.12908335701171558,-0.5429255578099319,-0.061531259152697304,-0.1289054326039114,-0.22570884494474996,-0.2799285962217808,-0.4485629034505998,-0.5188357339271916,0.10059228594367842,-0.09044000291305387,-0.10538040786584046,-0.5071182135990002,-0.2684745144625149,0.25772771297105246,0.034820502972431666,-0.45040521350507534,0.6110995493900571,-0.07198065581994229,0.2218022503440561,-0.014428924405941457,0.09228362491362663,-0.32891858651279215,0.2497579221163332,0.14206472056152908,-0.3236009758907876,0.21675609766285775,0.2003434457654314,0.2080903252929187,0.14966510207362838,-0.14480864206217348,0.3502559350789759,0.3964816439348571,0.3482607610984355,0.2473854845246244,-0.3681749738658384,0.6574221747007017,0.10133265182250317,0.17910035447384198,-0.0495720467473828,-0.4828423042832175,0.2825753670440453,-0.3811561011750002,-0.4555119542924482,-0.013589658898201407,0.19758584843188753,-0.4198083484633326,-0.12826582281269316,-0.4461150420028208,-0.10516431836351248,-0.1237165864375287,0.4411098004486975,-0.3351559469257377,-0.34408814188265713,-0.6347119059125383,0.36762537905630177,-0.5171440527566049,0.3110085012062702,-0.039522148291597725,0.15156709974251548,0.20661872658183988,0.2259708340045763,-0.15671879912091913,0.5859475708075005,-0.02724690000806218,-0.17649991232956297,-0.10069167958016023,0.5615796194167431,0.08904221952883229,0.0919885096620694,0.2313071192991203,-0.39984906094552475,-0.19679789828066196,-0.07204129190327047,-0.03646679243389439,0.44476386815214686,-0.28356845773702566,-0.11986220425801064,0.05369691852241287,-0.286528585863677,-0.01702503392556598,-0.41555461601661836,-0.6245208170672756,-0.25894780773235215,0.3202645178585828,0.2732263154737835,-0.014585466326693997
DNK,-0.7110649315828175,0.13587913317492017,0.6353304957569589,0.2503958662138974,0.19071791730718235,0.7914501171841376,0.9291697708362133,-0.056569185495737084,0.9608923389794793,-0.7788556062916467,-0.7678640526614842,-0.6747095815719446,0.7579910301915747,0.6058682172599947,0.5865077114902935,0.430116018528228,0.5519243974892828,0.10058128360158991,-0.3295665800844221,0.14277083482131858,0.3886734556024436,-0.13414390377353502,0.006890812186931661,-0.8659763912517611,0.8297758290173829,0.8259411009645494,0.6344235462241523,0.11497027879995281,-0.7906810448237724,-0.7911664930206288,-0.7942988658657977,-0.6548242999529874,0.09659159180184806,-0.6205652213311375,0.2564333640489245,0.5848420290346353,0.8292659809881034,0.7893678518819591,0.8710537889856973,-0.09629327427795076,1.0,0.011726132790346733,-0.25974568482816296,0.10234327763084528,-0.4795221737322155,0.7817247243540834,0.8753388582596754,-0.8983713609309332,0.9058860815173544,0.021518864223140644,0.8462805510642933,-0.33624314470144867,0.8630693987558897,0.3833174453048841,-0.7951146235302082,-0.837505649072456,-0.7589712824398527,-0.7118568709555129,-0.3170374059579839,0.7612947436317234,-0.47981327637656124,-0.5039574474838928,0.7222493629579465,-0.8033675314792466,0.8207311992256825,-0.5466332058860488,-0.6304027662675016,0.6266312838255481,-0.044942885515976805,-0.2971658845240448,0.8343496812953536,0.8484257743256448,0.7308321905526576,0.7175353707518721,0.13049563869084402,-0.7963713003951756,-0.2647007536766104,-0.538182926235311,0.7611191790636918,0.5389815540238483,0.13391539841963296,0.03945005513845845,-0.32658813470537074,-0.45629928860349933,0.8114124311949645,0.8298522291016902,0.8030750078666559,-0.12245957682651176,0.14629877305613703,-0.8259582985712761,0.2684322459466453,0.22049333764731127,0.4771505164270381,-0.8629747439661637,0.8270287331798715,0.6208469608012381,-0.09789800339871024,-0.7876629689273285,-0.7288188614679258,0.4473231963837794,-0.789913215283019,0.392658261913041,-0.4128243495152746,-0.8035001351722824,-0.46599204718988485,0.9570853228738312,0.7693007179354374,-0.6506100443025962,0.8331615260880832,0.5280764055198169,-0.8220035178599532,0.3962629662762961,-0.06811739661225591,-0.3333584260559259,0.677948669204125,0.8344957341029556,-0.41500494001164245,0.13187525037746672,0.39727036097388835,0.606641712798521,0.43869718134441005,-0.7014214434080426,0.47052215669197694,-0.6861597621720548,0.6974726338897493,-0.44116422485597395,-0.8918132814482158,0.16003676540048528,0.6077645954865567,-0.1382118472702043,0.7685507057190191,0.8234646320892377,0.9548613014792895,-0.42567694873673756,-0.6292273413614309,-0.8732169393530815,-0.8079528271805883,0.3247013034541716,-0.7412908677406662,-0.4743290695178284,0.019630511434002407,0.1577728802014351,0.24666171960840688,-0.815476011831759,-0.8268422952124057,0.2834978921311513,0.6215066369288422,0.5693717803231705,-0.39620274306362324,-0.25530708716780626,-0.049560225973821925,-0.7253703410062542,-0.8400330994243264
DOM,-0.1290190781131082,0.23825382304215414,0.05242355749284622,0.4692116704238425,0.21856661436469715,0.05351794615947736,-0.06725655440129996,0.26357128981151967,-0.055705521663735436,-0.09614036239284185,-0.2595889238431206,0.2935309338992025,0.04808865838210907,0.0658729046589035,0.3259901253552071,0.037065362114533484,-0.1252089184527394,0.2004936488000506,0.30975245320215117,0.2418234396566039,-0.12254719453557872,-0.24441753756283857,0.08532023800448019,-0.10374218716818007,0.13862117983411082,0.1612541944146879,0.5016412225265884,0.17999578217873613,0.026111125157772364,-0.06618284999508384,-0.1312000685139798,-0.1459605461269482,0.49194883946425605,-0.24850446576476704,-0.17542622874485025,0.2799561130606323,-0.0009123697112540796,-0.0506136859916706,0.006082259012033631,-0.11778702832206656,0.011726132790346733,1.0,0.06895886543395635,0.4206864647779889,0.30668613605580686,0.11389340469982323,-0.03494144572073021,-0.07070693703013098,-0.1442063352709,-0.4031646280305381,0.030422081160457082,0.11061411188251835,0.15488208985068586,0.3083933745806441,0.11720740738624014,-0.257285676530719,-0.025768312166633223,-0.29433519954561604,-0.13028540017993806,0.09097576370239058,0.14345375251779435,0.032722322514387114,0.10321199534275216,0.02894468472624956,-0.0602035853104157,0.18360067358870058,0.16985653502216913,0.27247579747837725,0.21899446065935757,0.017450482206426976,-0.08608910664316838,0.12012595269296245,0.15944300171040737,0.09362169354822603,0.20008086538998882,-0.05248609132253512,-0.2753574701461088,-0.12014340168920024,0.10903774517760234,0.11010921311355704,0.1363401590411537,0.2813237922299504,-0.033400175725111225,-0.4010047774194174,-0.04259737362265992,-0.07353852539709038,-0.04470262289506177,0.07735661886749612,0.16116475937299102,-0.30362797722462664,0.2709397278227318,0.3601009731711058,-0.06916996777407203,-0.2268955535217183,0.10884848324662111,0.11037924979987945,-0.2248155291066969,-0.42272122102860066,-0.3090427464104808,-0.17222967716594506,-0.35290858936625247,0.010964293221304988,-0.2937013944593285,-0.29450142163665083,-0.11086321612333006,-0.08826787566499883,0.05186609222410021,0.039892748558110314,0.03863812987885484,0.030670100743036555,0.028562102089399244,0.5672528386658234,0.6336470672868865,0.026560009476133795,0.07615999656833616,-0.07833679415560102,0.12313225307519582,-0.04040776441549143,0.22389509714873057,0.08490505727618536,0.22088515905024297,-0.2524149585136821,0.2877982791293423,-0.19566030395654121,0.28451115749365885,-0.5701998509443587,-0.036971753189087186,0.14973225113852284,0.05979740286251778,-0.22135549798876908,-0.10790761469426413,-0.07754274120292548,-0.034030457965092076,-0.17563550137177142,-0.02053872896160236,-0.2137009820448339,-0.18156263433760622,-0.27971316735399054,-0.03321639253459341,-0.229030545836292,-0.4265558562452543,-0.16871818854138887,0.526644979507246,-0.10304319290352182,-0.21253402718895997,0.004072881388891614,0.24269868781661053,0.3164926311017532,0.0262573411759478,-0.21222608496260964,0.14072335892667187,-0.06500546946548491,0.10685970297965375
DZA,0.5435187158706883,-0.1709355418882872,-0.01460649703798178,0.4188889791250352,0.07700380640710125,0.10117691375021864,-0.21017980812070158,0.31080195203047367,-0.2773161997980875,-0.04381640442387513,0.026520334171078463,0.17493026239791165,-0.4365139926994204,-0.0512372099579097,-0.5081760517793763,-0.17902315967759375,-0.1266215421134127,-0.5591325691350986,0.017871639651391602,0.5864450011729524,0.15927328414793673,0.06021034988244933,0.04397866033550579,0.03613292118008293,0.09470827904785861,-0.2651893548186621,0.11451912799009334,0.3518169309214203,0.0314042061491322,0.15156966532868765,0.26440561159956877,0.41417383353747905,0.4861435437231456,-0.1828809488801093,-0.24482396570134202,-0.050061285036072434,-0.4990715996249582,-0.36605709353036087,-0.11754397637598046,-0.18924940857739259,-0.25974568482816296,0.06895886543395635,1.0,-0.10905045352233644,0.3771379544913588,0.06062948880885455,-0.4241832647707262,0.2833957130499096,-0.09445872198610394,-0.3490486565820867,-0.08606725872279064,0.5266046449216586,-0.2127226953664152,-0.2851103244936808,0.16438822789942786,0.16861788745464212,0.06832748893718565,-0.056044320055183006,0.34929647995670265,-0.2448718888968493,-0.1998341762314535,-0.11511187538573808,-0.45059466635259615,0.26121649587553997,-0.3979638345025236,0.3779413686385965,0.31204442389514875,-0.3060882050584137,0.6958016479107826,0.8451314038537375,-0.06520173341310409,-0.07343558174570752,-0.10774851189161061,-0.07453942730522978,0.33759155828220955,-0.007112996109959857,0.01781015602775282,-0.20166596319703167,-0.06354066929737967,0.21057139458329166,-0.10193738227091642,0.21809148264052458,0.013689455872103906,0.009813786570351812,-0.3848407970641188,-0.39216364218294375,-0.45962625432742477,0.4413730425334754,-0.6124099760473811,0.07550098134136707,-0.4360723084570193,0.07462470175910274,-0.25350924501886585,0.19926055028690626,-0.5611542077278768,-0.3849742046538631,0.4677418365777052,0.11352680523297742,0.3305027013640358,-0.5645019806205096,0.09225794462736636,0.13602039191958526,0.12262891975786605,0.08261781894953568,-0.2926088229565942,-0.24768207227733186,0.1041094030708738,0.15753523357511756,-0.10485381540375949,0.05856786538181091,0.34887955759776323,-0.37156450694133536,0.1933306501397284,-0.06374091143170757,-0.324418474163255,-0.26904006096512934,0.4467878119415971,0.39998475579672144,-0.2142471075035126,-0.2757661160811675,0.18933745977167238,0.17242204516404758,0.22249112030468254,0.07641740990113655,-0.3981842935257145,-0.2162219867772155,0.04439791034619334,-0.4278436267610197,-0.24780920064707423,-0.23113313160432214,-0.4113137885203648,-0.4257277963850672,-0.07100955708092482,-0.024225986232200514,0.4453553305659147,0.13875035299819083,-0.08476258044826301,-0.118526902064233,0.19786188260273552,0.20691728672158083,-0.36503494647012413,0.3535134566411444,0.4898476344387446,0.1347319170758584,0.1317165153094767,0.18673352224832562,0.016247112956117027,0.036708269429926776,0.5062328241992194,-0.003581399567663457,0.32150711218132555,0.10446867426238071,0.3404037303479611
ECU,-0.5268829905504939,0.354117786161092,-0.10945779349257645,0.20397205332051171,0.10033245695800974,0.2594328004816191,0.11640671558074078,0.01171895070391371,0.013934121388414322,-0.04956518628889173,-0.10957632172304366,0.4517160489069708,0.13014999846032416,-0.12399981161404927,0.37726236148180536,0.09488121367713842,-0.01758733572296256,0.2370077339798291,0.4391160624030087,0.23166336489593342,-0.3368880793294895,0.03648405247777464,-0.4402871842039604,-0.20029991020305382,0.14517823391145435,0.150019408474657,0.3949276741786443,0.5408445446394509,-0.012280503724224845,-0.07598453049709364,-0.34345008976640523,-0.6338387705132809,0.47652844704664465,-0.035260709336463414,-0.024772973188029512,0.3497092471334955,0.034366324010708826,0.1562663510502318,0.2289475349474116,-0.44770679636249144,0.10234327763084528,0.4206864647779889,-0.10905045352233644,1.0,0.36001465559238155,0.2831165230475958,-0.005838158264109161,-0.08679481253594479,0.09145567608405147,0.08930968579906995,0.3048312197101626,-0.5579150737441168,0.39824773045211337,0.10316829056151944,-0.08727854705366589,-0.3914964281416713,-0.1727344366090411,-0.16380543243334866,-0.6459147645715377,0.26861519960853897,0.4862452968408486,-0.008888283686528053,0.2880966349353318,-0.22385724354507497,0.0948369228695145,0.36290723974551997,0.358938213620835,0.13602624909488537,-0.0002560033774823278,-0.34833804864389717,-0.05190943840804274,0.2094875103791296,0.44762830142567467,0.5071757455229478,-0.08507327332303838,0.05487489063105033,-0.19512175494144923,0.007366843953588775,0.3224515044835373,-0.07188388978034599,-0.15395054975828537,-0.27102552794360335,0.3453051958523573,-0.5218555677266057,-0.018148915668035892,-0.18215504947481187,0.0949351899225176,0.3538348965106529,0.43102296478912683,-0.18579879965788026,0.2532810003192434,0.45917870095757163,-0.051364580472237575,-0.23202449020356797,0.12016871059562317,0.03307593222260652,-0.4510207360001468,-0.3688839302153746,-0.5374389619574866,-0.005344984930468311,-0.22631986001314863,0.06959739769286966,-0.47777899543317526,-0.1440494292272132,-0.057271300641656975,0.06027462844755127,-0.005161391569306728,0.021402178942689032,0.3031081578107153,-0.03169058676006564,0.09220565942156478,0.3147725326023121,0.3534730241325641,0.4978787787958925,0.2771675396013167,0.2911752112189392,-0.0021834055757763426,-0.22565020308885209,0.18995894948272418,0.32235742048880933,0.23567364806982327,-0.27251937244450164,0.11702362363679708,-0.11626950819152548,0.12166202100592016,-0.06149274193172216,-0.12282898440082968,0.41041844208966183,0.12923332303004764,-0.24656807882680076,0.012538554821256431,0.07265106803149401,0.096084404358733,-0.2958945381679041,-0.35667761708748325,-0.22286848597636633,-0.13600743852327257,0.3531657928167017,-0.020849922244174923,-0.22576881072516053,0.04605889438074129,-0.011173238237730754,0.1307549752156726,-0.016662946864772543,-0.10773085618583234,0.053513399425038743,0.21686865696198254,0.386983864399717,0.05984155589118978,0.0549851960832094,-0.29701421740813516,-0.38651860000822613,-0.32261378012400876
EGY,0.2563999145605902,-0.034321532285925604,-0.22522618850397813,0.14647964625252263,0.03819064092118851,-0.06338931650862567,-0.35500526286162515,0.2170175656528004,-0.5161788437426473,0.2781489887489822,0.13686499523082762,0.82502480697029,-0.4980322457092776,-0.31254714164815045,-0.29814751909033554,-0.30744755667730983,-0.27723318913231165,-0.3540044876036177,0.2618099535410404,0.2700618726191546,-0.3078553370510897,-0.18306492428538856,-0.44393223870976906,0.31510476877088456,-0.1369201895623111,-0.17926242499021816,-0.08006433939771718,0.3660081281719816,0.4059170662917093,0.4447866274112251,0.24362274238764803,0.11688738755477113,0.30654729360959343,0.2524002655852895,-0.5686581077565624,-0.20324246063207818,-0.5188759562543988,-0.3860940092476901,-0.16629803167083734,-0.4229330063781107,-0.4795221737322155,0.30668613605580686,0.3771379544913588,0.36001465559238155,1.0,-0.1619980273271986,-0.5461433523667445,0.5066250820381295,-0.33524062042339153,-0.12455367594287026,-0.2027167533448635,0.12556208276157377,-0.15606926101777985,-0.18195087379657737,0.5369739912516971,0.07635963807827617,0.25401135938105757,0.055140192631053075,-0.13403915989488557,-0.3653485864475785,0.40551900002659047,-0.14691036288913262,-0.4662682066503674,0.48179295109922093,-0.49341099360940555,0.8128397135508527,0.6848585182421494,-0.2662178994377331,0.3932915280044691,0.28085436783797635,-0.46848761625045143,-0.22989294491954104,-0.1228529994557106,-0.005286152497161911,0.454104908539668,0.4879892411919988,0.162560213521457,0.2564677173302464,-0.09793716972070055,-0.3242429326949936,0.17245827780549072,-0.45084097879184126,0.6617814601142102,-0.26975751977805285,-0.44769651531547927,-0.5617352027673657,-0.5149891705296583,0.1427077965711212,-0.1865730021756884,0.20345055219075991,-0.39625188787553034,0.36468829861102603,-0.3699083433759358,0.32020814861426006,-0.6140490250069306,-0.49918210232679017,0.02012388469057902,0.10248905590958701,0.10987254512497102,-0.34368529738001197,0.1865080455760274,0.0872735701613222,-0.09288554980868335,0.28856708743383086,-0.17769078693023932,-0.5128212831330416,-0.24551564074280074,0.4020924073504679,-0.2008575731292228,-0.24457061758608178,0.6159788606789808,-0.20710820270789454,0.14042427050821393,0.4573794900281125,-0.201238393776062,-0.26544386867693825,0.46777390556041354,-0.16803559786214306,-0.22690725898445452,-0.07191451012929884,0.1576009434447433,0.13688154791051144,-0.08014631021483942,0.1471214403753348,-0.3933135176318179,-0.05489635556968109,0.35130355897416954,-0.5257405516971698,-0.3522787200668751,-0.15659918498390324,-0.42662011536713385,-0.48288028255252646,-0.4012859220536198,-0.00952474097743905,0.35127935097081053,0.36990644957888175,0.22927812835284112,-0.012819130081936025,0.4606923644197105,-0.0688594745113178,-0.1911923576948762,-0.22728180582238,0.11615210745636895,0.5224740902976467,0.4402189868686347,-0.016729905797681965,-0.2467997690578163,0.2500856336752928,0.5203167134096253,0.31999769666752886,0.16952344365889105,0.19623458309558095,0.3959131427473426
ESP,-0.6074801581990819,0.310141571418334,0.3945531078292698,0.43951420654492346,0.3717531485072273,0.7929143294727343,0.8071279882960203,-0.06259162883589031,0.776663715727894,-0.7874522536108324,-0.6992730956427264,-0.3193282613123183,0.5603138298635947,0.22422765071069117,0.5112807783454351,0.5440451473055723,0.380057190508601,0.0705083450584647,-0.33205076768787833,0.5638209827358738,0.11414977343283483,-0.189776779701325,-0.036618070365097566,-0.8275666310404048,0.8400787949040834,0.6549406187650594,0.7713660322095126,0.47490610055615334,-0.7656538143748626,-0.7335065161956362,-0.7802564994526624,-0.5898680525580751,0.5563828975104884,-0.61124499036208,0.29856588472422174,0.7922262225432427,0.6425073099763896,0.5667306803014895,0.7735813221939044,-0.1174219280428217,0.7817247243540834,0.11389340469982323,0.06062948880885455,0.2831165230475958,-0.1619980273271986,1.0,0.6108579606643136,-0.7005825544145325,0.8268346753666005,-0.07838921623995043,0.9082909543867589,-0.3645954880920881,0.8455466836991129,0.386518044909129,-0.7665720323439824,-0.8298783797519569,-0.7037069694706628,-0.730737146465056,-0.5161450546622093,0.8691618158022385,-0.4372508538095379,-0.38633963977739816,0.6463398056748291,-0.5326229329935832,0.5763468994433775,-0.28026542374561236,-0.21493687985485121,0.4596651336464662,0.20134613283525904,-0.1438811265709672,0.5894225597785219,0.6809018602901764,0.9206118077862623,0.762303349701234,0.04323503230887227,-0.5965519107698118,-0.4066798126404094,-0.673962119325894,0.7599183123784136,0.3425152738824866,0.15409409290184162,0.016155707716075773,-0.11193307281064158,-0.47926789352027854,0.6022577447294465,0.5417193453619192,0.617632205834758,0.2398597296524897,-0.10570703335469633,-0.761097494857494,0.18431787456161608,0.2839528924559468,0.5061289097558008,-0.8138765196572941,0.5491239986812874,0.5620996687159733,-0.23455546714650755,-0.7680912032828073,-0.7084911277615777,0.3259637233821918,-0.6681422191352122,0.33148599295090964,-0.3622831039823058,-0.8117621008614997,-0.49093449356698016,0.7477176724256034,0.6012327265516211,-0.30118242206921675,0.7281707313368723,0.20310287871319121,-0.5176023347134266,0.4081094675972887,0.022007067767730426,-0.17231046880495082,0.5826502118780923,0.8601593920400433,-0.38834320916221343,0.2203342815348026,0.26197586513625637,0.5976209053446734,0.5229534254434788,-0.5262088402030052,0.4801521979726826,-0.6685561351400815,0.5537731130508435,-0.5907684563084992,-0.8240806480313698,0.08804031189899031,0.6191960805720121,-0.18953906437038093,0.5702915388999658,0.569905650544949,0.8733732454531421,-0.31800314836689214,-0.41509815504430714,-0.8840273932223992,-0.8559396123729548,0.24356359594331423,-0.6545538752176083,-0.6495856120844374,-0.2130162253114274,0.4881254179261437,0.4898191173363966,-0.7396474280690943,-0.7367808172546795,0.4959761801756425,0.6716959242017018,0.7000622734978343,-0.3328954993762987,-0.28174778654279553,0.22870056951033568,-0.76967480085202,-0.7183694932340106
EST,-0.7532371275069081,0.3084286277194369,0.6739131988136018,0.11782971298113165,0.38777102943819375,0.5874750426126545,0.8758708918071026,0.08531472721123734,0.8725116933072016,-0.8092809600887598,-0.7683446503298779,-0.7000083774000201,0.8411053039435413,0.6124325716146176,0.5857020042746613,0.6472423290366289,0.6745426146268079,0.31618733554311285,-0.351108529026261,-0.16605961302283845,0.5010227220266734,0.008698459405337089,0.06334609865911522,-0.7983395619759355,0.6875460405333679,0.7526875370677196,0.5619662097997953,-0.06022703456622169,-0.8585338033279053,-0.8918181984284783,-0.7888369540511009,-0.5757759575155559,-0.09580417049989176,-0.5784255830711835,0.21718422361069745,0.47617150630802607,0.8653079440357753,0.8138250746044196,0.6885658741170155,-0.059844882710629044,0.8753388582596754,-0.03494144572073021,-0.4241832647707262,-0.005838158264109161,-0.5461433523667445,0.6108579606643136,1.0,-0.9233956314284542,0.830369195769176,-0.006173977134537267,0.5959755936023593,-0.2826802647130877,0.629940184943608,0.6158355270246308,-0.7998851314179762,-0.7684661587538089,-0.7712733865798462,-0.7226578570484352,-0.3161901313664608,0.7092605346569516,-0.5804963788853792,-0.372977989229073,0.8129787146780366,-0.8050099857834006,0.8841168550639109,-0.6216508458879262,-0.6768953162298459,0.7469118644956333,-0.08665778266568092,-0.3465042404840488,0.78409904038896,0.6402816649481307,0.6013989034177735,0.4745156934718282,0.1744712407598813,-0.819909425267483,-0.09032989549102632,-0.42615065166825983,0.663452684765133,0.47730745220793547,0.08637051666156703,0.16657178920464888,-0.24958011770539823,-0.32680290743266616,0.9558873563589496,0.8476562393751913,0.916931883555139,-0.24076212322012247,0.30253593992002203,-0.8373909756216018,0.39215100458861696,0.057579678110778465,0.7014425722402857,-0.8528733793499168,0.8134069318253321,0.7871106079752657,0.0788099810824281,-0.7561341093342167,-0.694865066631698,0.6004942066738407,-0.7873806997315986,0.4274593779516547,-0.3963817921280579,-0.8330097210936014,-0.28226863953222425,0.8251603695607599,0.7056271554323835,-0.7211894392136924,0.6651405949294914,0.542895143692591,-0.9261928886618791,0.4123578837402533,-0.15405052692387655,-0.4968541959800927,0.7181025330491986,0.7437325687805999,-0.3540296433330983,0.009815163732936005,0.44128529391240723,0.6460750004493521,0.36353556376647544,-0.6627866016787138,0.4490544754289014,-0.7541160257450792,0.7556516853263007,-0.4230779861575382,-0.8662578411874089,0.13559908517081343,0.7863388905787264,-0.173498223964351,0.8928852622320645,0.9436617660785869,0.7942976843350728,-0.26748407892109993,-0.5959335932106675,-0.8445006984347101,-0.795432121381733,0.23492265489857478,-0.526750086040574,-0.3337946570541801,0.1414565975053822,0.12520264265470116,0.16697756381762008,-0.8474723348057323,-0.8400525890601616,0.31600159686054763,0.5022757679128901,0.3373897137476789,-0.3366416007955664,-0.14540976409024942,-0.10538962148836206,-0.6643112353746567,-0.7382104015859579
ETH,0.7167573525740628,-0.3049100925507229,-0.6393092352727054,-0.1777840964974633,-0.4436537041855788,-0.6640841198886167,-0.8787132147769765,-0.1044997269260517,-0.8929564680893214,0.8470519920586224,0.763651809132761,0.7060908553345883,-0.8411367154825591,-0.5913736717176845,-0.6493588124877525,-0.640078048104461,-0.6485756934147004,-0.2358076151173778,0.21231570909424957,-0.04313400964900649,-0.4993834998008717,0.04340135155783209,-0.15942149484772838,0.7700701837154089,-0.7363129417427827,-0.727909453866207,-0.6418732979516304,-0.007401304661961872,0.8649603192011399,0.854201361941121,0.799821127936,0.5372181248716422,-0.0591086558980094,0.6633154443178587,-0.2592541699253239,-0.589825356225818,-0.7770084655590677,-0.8199908431203573,-0.7411834579886469,-0.022490848752675374,-0.8983713609309332,-0.07070693703013098,0.2833957130499096,-0.08679481253594479,0.5066250820381295,-0.7005825544145325,-0.9233956314284542,1.0,-0.8439145961138261,-0.1045391861419922,-0.673854736957634,0.1968623132054177,-0.6996426896087979,-0.5581120798849917,0.8293372025522808,0.7943200194047645,0.7996483271853154,0.7685451730060338,0.23549713062671807,-0.776337457858391,0.6083235807973456,0.4201892203272698,-0.7751453998104143,0.7708604642000925,-0.8586956441066014,0.5639935457244027,0.659400438931011,-0.6651686506724999,0.03740179749338157,0.2487335143408903,-0.7567668380964827,-0.6531778527538052,-0.6579624374248223,-0.5766113967801556,-0.11320013542011531,0.8538700389234039,0.24542362168219212,0.5304468614442339,-0.6996524421058754,-0.5599186422104239,-0.04350936732176569,-0.16024913127025608,0.414337608477954,0.26973217868919686,-0.89302608205776,-0.7696015208397482,-0.9095992800809176,0.07086526802696136,-0.19009538846084162,0.8788535341207809,-0.2290444098135418,-0.20318260105672814,-0.7008300180790004,0.8930539320015296,-0.7734941803405884,-0.7198692561266102,-0.029839322995961037,0.7923151269353582,0.7086737103469012,-0.5550798420591896,0.8574533237974025,-0.45574228904387226,0.3349570675088793,0.8927635099037268,0.3554687640812475,-0.8529180935313991,-0.6774816513202517,0.7080872936832192,-0.6853945149779217,-0.5795747785897936,0.9263761755363106,-0.42061316279232597,0.08801363178638533,0.3630942222826785,-0.712640527940859,-0.7149443246083695,0.3172145119360219,-0.11068875818021762,-0.49637620145786676,-0.6703197795164166,-0.42034280852856387,0.7423068456031652,-0.5321947330455683,0.7709008546078283,-0.7639036356277793,0.5105103805071726,0.9144817967144359,-0.16728505799958793,-0.786808557927704,0.2328637015676076,-0.8831488449872062,-0.8473657874017224,-0.8476337062333348,0.20251974925179406,0.6628921350135414,0.9065054063780765,0.845922179098716,-0.24388129576880524,0.6377690244741352,0.3901001847324693,-0.07021714192461959,-0.30260340193731494,-0.23576775391733262,0.9191721055053794,0.9116734486755754,-0.37660029567273456,-0.5962330426207652,-0.4095117311387717,0.40550644382556145,0.235369766493008,-0.062327088461650026,0.7200548086402616,0.8131655109446045
FIN,-0.6748553691308168,0.24088952648164852,0.6182149831165794,0.24521357131820642,0.3326356719987449,0.865815918501965,0.9548613063374499,0.08111915934208702,0.8517008230592937,-0.8500824279058692,-0.7482608016785028,-0.5824777929690397,0.6477896539791506,0.5337486997193704,0.47805524751557293,0.5640094096454384,0.5986725527822471,0.02577354067223503,-0.3663456760472745,0.19264227182585736,0.4958753869176715,0.006789240224341908,-0.0383513173242398,-0.868490606663781,0.8574566589865897,0.7355151073464872,0.630818662233171,0.23053980153494857,-0.8799362098333685,-0.8050532629455751,-0.8233337148001509,-0.5750122762855643,0.13071256445169044,-0.5978588176888073,0.21356455934431706,0.5600155328922714,0.6957765346779428,0.7604326728983588,0.855901587518921,-0.2492859152624829,0.9058860815173544,-0.1442063352709,-0.09445872198610394,0.09145567608405147,-0.33524062042339153,0.8268346753666005,0.830369195769176,-0.8439145961138261,1.0,0.09897052016507268,0.8087259374986132,-0.2785020140590926,0.7868380592219029,0.3367977356606626,-0.8495772617522506,-0.8485747473857637,-0.8107645945289339,-0.7272158495810879,-0.29320314439172845,0.7445334153377727,-0.5949435013924713,-0.6284032152021801,0.6946756749739935,-0.7282552018414874,0.7435104338853765,-0.4229102145313317,-0.5677192551428165,0.5478544344401483,0.10713016014221854,-0.16537206408614957,0.8370530419736862,0.7534748028722255,0.7770761816610745,0.7504897884811751,0.2024598987689068,-0.7799852369355085,-0.22567923224135966,-0.558268743933457,0.8207015188728845,0.5399457756201537,0.006601355327959135,-0.01584629957918815,-0.13764160231031952,-0.3987864838755426,0.7916895338295898,0.6697043563990881,0.7784356484549111,-0.06947460644930725,0.02564019525715011,-0.8212434718023558,0.07807117948144304,0.10536865113406435,0.547367707677049,-0.836898145278576,0.6056765406617212,0.5868783997819741,0.03573000120995906,-0.7789291543850927,-0.6729669615236604,0.44691804155512194,-0.7315714408298142,0.4365524488260548,-0.3614240608001946,-0.7909397847352841,-0.49243855195475605,0.8319635184066222,0.8285512863658497,-0.6432525218171363,0.8397002509752849,0.5467433057435158,-0.7906995880534395,0.2445280864136199,-0.17014546316637902,-0.36811991580090186,0.6811295388757804,0.8612183423884682,-0.33460741091290624,0.08859901060788378,0.3788485273925528,0.6467994066822724,0.501029985699047,-0.6514539161827058,0.5435230153730441,-0.7383545236466744,0.5568693936032371,-0.3859111784331313,-0.9141937157250446,-0.047039993731485374,0.6658659502032428,-0.23495833394187549,0.7715973088168837,0.8222738758641234,0.9402662437277955,-0.2967758473538509,-0.5817435130715012,-0.8486970392329929,-0.8596887988045423,0.3580887077762056,-0.6165155860277782,-0.41304667866499467,0.11405635141235637,0.24488812657880032,0.2042083934223924,-0.7631841539802744,-0.7735680953741704,0.3873911826444256,0.5710553425890789,0.5570102770280713,-0.2587322101076266,-0.2055490618303757,0.02518123269777106,-0.7766258024360677,-0.7851262915187212
FJI,-0.13489987588231522,0.07713466287617576,-0.2926578070130421,-0.6523559579414204,-0.008781241139619755,-0.03596009018228341,0.05829271930419477,-0.3922718020003735,-0.002771104776411182,0.2546351132388047,0.37107799266582564,-0.15166858231520153,-0.08548446920470121,-0.1739180411215444,0.35249710724777517,-0.007862822782749745,-0.1959420226396007,0.2947050522424597,0.2107673768907976,-0.3222825338527824,-0.08151533625356122,0.20079369942464675,0.026704951082974215,0.2756313886776063,-0.2503974708774701,-0.07487747844953829,-0.37134420776326427,-0.32284379274531805,0.1271485459033188,0.24478068495255378,-0.10120481788498537,-0.055279654874698325,-0.3602107491429283,0.47750512294579384,0.41454200957141407,0.06373916446616645,0.02672157889123139,-0.014943064807411366,-0.06080937279571885,0.2633090435372215,0.021518864223140644,-0.4031646280305381,-0.3490486565820867,0.08930968579906995,-0.12455367594287026,-0.07838921623995043,-0.006173977134537267,-0.1045391861419922,0.09897052016507268,1.0,0.03780990713650023,-0.1356437782978699,0.03254250868194675,-0.22899289899664188,-0.0877153160504085,0.10591194071231713,0.15194671402219773,0.376539006248934,0.04338180740305286,0.08075762735112546,0.08450653960127497,0.008114667385258234,0.06465135950851308,0.0027688255776043835,-0.06297522844739323,-0.1777681787597052,-0.27942769542405355,-0.14401037574554443,-0.6529384511668483,-0.4444597743082417,0.050647294894208716,-0.03437223047044058,-0.07206488361232988,0.06784659035094776,-0.3842750041000824,0.14310633718588983,-0.07522081759014876,0.11512797184466672,-0.14106023804144008,-0.30958096634917665,-0.27948571118732124,-0.49862348162819314,-0.17780951884031082,0.3958307662702415,-0.03960164431371127,-0.04644104098389268,0.15028705568059164,0.14087043721935077,0.0133829617242599,0.1771358585140107,-0.14255850560320082,-0.2603120673717805,0.1223540285060234,0.19006633496430259,0.03622622157590416,-0.0006099012590210506,-0.13073189343114677,0.242650021557414,0.16663853125197714,0.29804185418072693,0.17577084109325158,-0.1395644317122562,0.454335034121212,0.21899848547901413,0.23784839224907706,0.01330343238086773,-0.31728500661874026,0.02235267949096409,0.027349207228201444,-0.15048082580276678,-0.10651691440253508,-0.031907140591360905,-0.4806574133838193,0.22848645170348192,-0.14377731481312028,0.0591102067342385,-0.07099422103963016,0.015149331881900374,-0.14215692075484698,-0.06533798723065276,-0.4416917758916641,0.1410209696207958,-0.3518367885917144,0.28834597760074887,-0.24240405505640772,0.6308675816337613,0.10938482686166773,0.030822994772368828,-0.0711054357491201,0.30849774726642487,0.13482076165515433,0.026001125503979705,0.0162627397468319,0.5134198142816628,-0.4027804596027589,0.12765109965076216,0.24733573367806805,0.15243393207941092,-0.08130189804841659,-0.13986764278718322,0.5019826085052392,0.11557967503227184,-0.7575310971731297,0.11624537329840823,0.16235035065997905,-0.35011903283643986,-0.12978402780237164,-0.22634475385926,-0.25750552354922784,0.015342991529415317,-0.02831576925510504,-0.18703250773485558,-0.34999025949765716
FRA,-0.635765913243558,0.08822056991709326,0.3334146615558712,0.30498584399996664,0.07694162568990959,0.825699958419006,0.8152329445174974,-0.27230662783594006,0.8316063706412393,-0.6488457154336724,-0.5834132426394179,-0.36592549875258173,0.5773251301839613,0.24375862726269193,0.574114257839921,0.3728057523513162,0.2633335174696787,0.041294672628404694,-0.24166465059150832,0.44541323883901707,0.023336719315836363,-0.3173258008295907,-0.03401048786762706,-0.7654251491368087,0.8289115492156898,0.6666164083770323,0.5922777023874269,0.4107927751959374,-0.6235364936464598,-0.603484401139857,-0.6986118981831972,-0.6694579366644224,0.39437591901904656,-0.502748591378416,0.26789807884167527,0.6428268474701792,0.672139738586958,0.6196137369499986,0.8625480487245741,-0.1452288552964094,0.8462805510642933,0.030422081160457082,-0.08606725872279064,0.3048312197101626,-0.2027167533448635,0.9082909543867589,0.5959755936023593,-0.673854736957634,0.8087259374986132,0.03780990713650023,1.0,-0.5154922344008084,0.9602605783130862,0.2506355124924161,-0.757325998406513,-0.7982107800516798,-0.6636548278237937,-0.6076707956196215,-0.47232111818134115,0.829747830812786,-0.29319831586667666,-0.4181370611289854,0.6504949343403188,-0.6365232178947324,0.5871307995849471,-0.32917998231675294,-0.25533943685961025,0.41087378486785897,0.0028450200213385735,-0.2701908585263615,0.5961641484434457,0.8348661308365805,0.8922281024933439,0.8426066793554838,0.043459074383289775,-0.4908859136002701,-0.38153940634256056,-0.6503349668170306,0.7063989849613361,0.30999911032454397,0.12951696782316935,-0.1137436078703371,-0.14803761104133129,-0.4724822656257128,0.5274848649991929,0.5727567799051644,0.5853694127027078,0.11652424609967638,-0.004010305687507598,-0.6462384606795546,0.21779305168989171,0.2973380322869652,0.2988498496824471,-0.7404848944989977,0.6048863153141639,0.48398672086648276,-0.37650751550094896,-0.67984667791844,-0.7158280655768108,0.3113656813395318,-0.5786806889666571,0.1968315243042662,-0.34430050020099845,-0.6637453431095361,-0.5336227730264733,0.8306815828189432,0.5499447445897081,-0.3888054404015846,0.7785063635368848,0.23976447593971206,-0.4601205271250295,0.41329986493358195,-0.05957152014326428,-0.057478315353895804,0.5909765451061392,0.8479283702127343,-0.5503540867438828,0.17771732654449923,0.24660997612545887,0.5819910382708766,0.47633039157024837,-0.5097917040662976,0.40812911316697087,-0.5582616667627209,0.4998490375323432,-0.4165669254352151,-0.7743250998984972,0.13808891434716997,0.48644999884388895,-0.10659619538903464,0.5690457801450296,0.5736135104842877,0.8844758589171989,-0.36623901202675624,-0.5777075071462352,-0.7942836253352406,-0.7108059247038012,0.28216778845992063,-0.7089605855941041,-0.6485693894493076,-0.09209307338915451,0.2833989183349743,0.2841868263929044,-0.6459611766286142,-0.6435108902373123,0.28977442227820804,0.5403874108892702,0.7749688395886349,-0.3573455542484494,-0.31180493610103355,0.16330299065329412,-0.7025811037961287,-0.7813997929511227
GAB,0.7220188543881845,-0.19784200070957203,0.07146564183770832,0.025542524659257437,0.187200258660569,-0.2992549084274103,-0.33969335753441476,0.3426928197378547,-0.34560017048437497,0.11900642313184673,0.1046759001372134,-0.04155240995360532,-0.4367897564556593,0.13979202394662726,-0.4045896232808297,-0.2733940132249786,-0.0866271603692248,-0.34474958773978126,0.05821261588339666,-0.009887104708160122,0.34320763019694667,-0.059202834522046555,0.3485249637617154,0.3471756306934336,-0.2511111790289926,-0.1863055912139977,-0.11339354955942027,-0.3743680580031301,0.16328103340842093,0.280705009427608,0.4323239892955564,0.8114884911672154,-0.050787641028733566,-0.002090454818955312,-0.2296062718452494,-0.22712922227301613,-0.4383432661922635,-0.4167638707017818,-0.39426779014249913,0.2176375627475312,-0.33624314470144867,0.11061411188251835,0.5266046449216586,-0.5579150737441168,0.12556208276157377,-0.3645954880920881,-0.2826802647130877,0.1968623132054177,-0.2785020140590926,-0.1356437782978699,-0.5154922344008084,1.0,-0.5450023408094411,-0.15730667810594534,0.36012527824401164,0.372692609131695,0.30583478577429823,0.07961312390914999,0.7202000442692446,-0.4783753181611132,-0.32448755583000066,0.037669290596990423,-0.5589851288973198,0.4250570857522771,-0.40228480933896815,0.11266059838042786,-0.16065593911484233,-0.13544347164272708,0.29840256640623264,0.6920473969457945,-0.08268901746415436,-0.2852019229204985,-0.5364243065013281,-0.4790894570239994,0.2789906284762673,-0.023483321814317115,0.048445014858249036,0.08240859678180301,-0.34627462521304064,0.09312112823998164,0.001482228007475661,0.30554662359387974,-0.2023108543494183,0.33678118434666304,-0.21519780273994527,-0.20726533539564507,-0.3525519170998963,-0.099318388228119,-0.6068575986818927,0.11977231765302143,-0.4892359552535779,-0.13290489265835426,-0.09297754558059168,0.308843406493967,-0.4043167053916321,-0.2666567677125846,0.6091714274184109,0.27211359433408067,0.6354932907910862,-0.4075939320746991,0.07432734370174676,0.08070518555880823,0.3990537657379787,0.11445494101878895,0.1134638127216332,-0.37429599400210134,-0.025227458425666427,0.12638130541544723,-0.4145460838483692,0.04088478369571524,0.05907664248473743,-0.21275836143157933,0.14395991078700388,-0.35788169356868904,-0.5017892589405972,-0.5563528083615399,0.6199914343688573,0.3396268071570421,-0.23607810036095844,-0.5021367758462256,-0.20160477520826925,0.21024436969143379,-0.042519776091587635,0.14188442865852335,-0.2806610583901441,-0.09888472062902176,0.250169901452409,-0.4455602305422721,-0.3167619755418807,-0.0232459616636298,-0.32625718284569327,-0.3539309126147667,-0.24182917656524583,0.3167839402455379,0.5197357850314095,0.321026890469983,0.13012533211124688,-0.46082689663554044,0.31589723751166177,0.2963006290682495,-0.29010002921721534,0.030738235416640003,0.16241223797817939,0.2101050906254892,0.2253838216113242,-0.1374985072847119,-0.1290143370247725,-0.40522045174904586,0.25924214910865695,-0.023086955067245674,0.3015855590564964,0.44781864242683134,0.5042847413058492
GBR,-0.7196692690715456,0.07044785493878947,0.41988363174722987,0.32237922289892573,0.041420539518287836,0.836615355208138,0.8195639782354789,-0.1928679831679314,0.8266895410059355,-0.626843842944909,-0.6221267804049271,-0.32693617099462013,0.6058203015925562,0.34914992254073496,0.6396724893228947,0.316341947477048,0.31323279456255015,0.048483886072661075,-0.1208706438063043,0.3711986690650111,0.03916153452271798,-0.35228375968346404,-0.09089245579214822,-0.7608773913340687,0.8429900971150956,0.7437058531560345,0.6440466133915806,0.42710337408872334,-0.5896106667984453,-0.5896284030616843,-0.7130316134109389,-0.7537420812533673,0.3497233704110225,-0.5254268048831001,0.17068983359172363,0.5866699468042909,0.6740076330939906,0.6608029765554095,0.906647381205524,-0.23862293216435826,0.8630693987558897,0.15488208985068586,-0.2127226953664152,0.39824773045211337,-0.15606926101777985,0.8455466836991129,0.629940184943608,-0.6996426896087979,0.7868380592219029,0.03254250868194675,0.9602605783130862,-0.5450023408094411,1.0,0.26123589803386293,-0.6892159403833662,-0.8575855819888569,-0.6783858620556273,-0.6439168788564491,-0.4965913841371272,0.7693532388575431,-0.21492743336707876,-0.45950995054452326,0.6520077855583489,-0.6739946112699253,0.626047388900329,-0.25644765639161626,-0.2641479450201756,0.47528351807206803,-0.0007932658376850199,-0.3584310230814636,0.5931253333904974,0.8586233657031277,0.8625588690326347,0.8897353057027019,0.12956261189883767,-0.49949316932404075,-0.3803559527967215,-0.5543054611066285,0.7701880482099793,0.33074597761715396,0.1304743446868828,-0.12902708473240843,-0.13387658020974436,-0.5378145971897592,0.5662942077341938,0.581996652337723,0.5979411033499318,0.007734397866852483,0.1272744544397294,-0.683710898611422,0.24651586596987118,0.4106772313696315,0.23009441102640316,-0.7711135821265882,0.6498622270944081,0.45672377233215256,-0.3986381731020565,-0.7435068152024444,-0.8036127270366191,0.28533623660282315,-0.6487612107151399,0.2671949335734347,-0.4375801297708446,-0.6789091234223612,-0.5171656656333776,0.8349844996948431,0.5801005928120033,-0.4512635186192355,0.8010179679108177,0.31379172493108354,-0.5088021097132691,0.4582623585244848,0.06278231244441668,0.027792860325476232,0.6580046734707752,0.8150181500570972,-0.5115772330313177,0.052235703034388736,0.3025907022251709,0.596630613807038,0.5404592076453144,-0.5901992585530329,0.4254251610130695,-0.572960319047328,0.5458291317209663,-0.43332543998675055,-0.7671083435975146,0.17634547061172812,0.4744074558864615,-0.17921379381535107,0.5861807735970914,0.6044278170159973,0.8555434424333255,-0.4415457241438008,-0.653883295142613,-0.7878545497463154,-0.6946328164762132,0.3457892783608669,-0.7062140778274082,-0.6679969908560781,-0.12470020416027583,0.08897199356930541,0.27169894109277004,-0.6169524677400677,-0.6474905075174462,0.2463150215846206,0.5183566046486189,0.8284750624372107,-0.3336134095637524,-0.2555409327898963,0.11181040813123166,-0.6875258768606374,-0.7771670276436513
GEO,-0.5119764505732212,0.679381513191229,0.14007004924419586,0.3605013943968327,0.7667466276137727,0.1280386298179198,0.3392956575311352,0.1954412077627442,0.38216960125272126,-0.6083714382340464,-0.6410916209015485,-0.2500708179260551,0.6652845595436817,-0.014684902371383535,0.4598962052824416,0.7508107056386291,0.42937930163785665,0.49584861206930986,-0.100987821223961,0.017450696208405225,0.0031636435646603678,-0.046344149897226794,0.12887072741599026,-0.4269925904940024,0.3206515716959192,0.31984693222280336,0.49113579180821887,-0.14131341797449326,-0.6092114884595721,-0.6658889699150139,-0.520510592432742,-0.3250647646001208,0.2550267171203162,-0.3430680672826485,0.15622235158982,0.47869281680321996,0.5699788370590512,0.4264745097359435,0.19839928895786796,0.008852818750998304,0.3833174453048841,0.3083933745806441,-0.2851103244936808,0.10316829056151944,-0.18195087379657737,0.386518044909129,0.6158355270246308,-0.5581120798849917,0.3367977356606626,-0.22899289899664188,0.2506355124924161,-0.15730667810594534,0.26123589803386293,1.0,-0.4753522160408883,-0.5250609927675995,-0.4314662172752086,-0.5193032344105588,-0.458484052425856,0.62055196697859,-0.4526298683381118,-0.02573183406134394,0.7051461210854701,-0.3339172010317226,0.5558979425535416,-0.37423164133620346,-0.20522663368880645,0.4212253221601572,0.07703743981549405,-0.29800490832069837,0.3126517997147408,0.19649251090116704,0.38219885410348464,0.02960892364281731,0.060243070562211454,-0.3691706251646296,0.15396785455202133,-0.4770571165391604,0.2178568084529886,0.02768470637608378,0.26681311475398006,0.22299970227399646,0.004583575708926868,-0.24850258639569756,0.6762065734989586,0.39821572320221477,0.7211022415873326,-0.06000432074204465,0.4437016854438103,-0.61091469833979,0.44005863795980216,-0.04972369715886371,0.7553633048195091,-0.6564238424040656,0.5024349248756944,0.8371175249597128,-0.0736604980008102,-0.5878574715791351,-0.5816156705102102,0.48211718401888637,-0.5243263196396195,0.09625947434456672,-0.3576394007121153,-0.6965237350293845,-0.0038703524507495146,0.3010906498312991,0.2543600136016033,-0.254132950928996,0.2916463246244646,0.08471265545591522,-0.4836672492590961,0.44839787712651313,0.06074938956623488,-0.3724917216226684,0.4745634264026306,0.320177342027407,-0.10136128897762187,0.16416311706719067,0.35196384275827874,0.5675019693386327,0.2529054870660141,-0.3911812728835864,0.33413413300725203,-0.7260803236153595,0.6128162090315217,-0.5776979672628313,-0.5075843411685388,0.1293339565107101,0.7739814182541025,-0.06260776653509037,0.5421944543228959,0.49901420617621384,0.33330816116631157,-0.0556485575120107,-0.17422540442885137,-0.652157141885247,-0.550648290949622,-0.2326699079906398,-0.043775547521841984,-0.2469466919392731,0.10126405837396546,0.2673483527120557,0.33748212797586796,-0.6530456829430493,-0.640426412288047,0.5158399258102072,0.5216181190384483,0.16685219811191043,-0.0748628899413395,-0.2260005760043342,0.062171141998599855,-0.47099102949613014,-0.2215127374236694
GHA,0.6698082804427362,-0.2927994533616909,-0.40000949721707957,-0.16989946034700765,-0.34980102190077167,-0.66548654032434,-0.8333333834863386,0.06616403586121444,-0.8040880593845376,0.8027286234979709,0.5845089818361301,0.6178343262555003,-0.7203613896469596,-0.3320064020303606,-0.630735874550568,-0.7400923558171557,-0.41510454064962476,-0.3149505953163747,0.28384539747123205,-0.13459338129899057,-0.35851951419662376,-0.030669521838570857,-0.28523316349812955,0.7520420750908516,-0.7272590063090316,-0.5292011464015225,-0.5418580087317417,-0.12871880260055657,0.8473536980225717,0.8130337819350881,0.7415168073770941,0.4955484763777549,-0.18757648487441125,0.5386501731757106,-0.44182714357238684,-0.6215548401624373,-0.7337352582158085,-0.6910840700848961,-0.6720676576310058,0.0002085131166255083,-0.7951146235302082,0.11720740738624014,0.16438822789942786,-0.08727854705366589,0.5369739912516971,-0.7665720323439824,-0.7998851314179762,0.8293372025522808,-0.8495772617522506,-0.0877153160504085,-0.757325998406513,0.36012527824401164,-0.6892159403833662,-0.4753522160408883,1.0,0.714953165403407,0.7552053471924447,0.6062931574345387,0.24994578460010386,-0.8500164165888764,0.5785675897151552,0.327672300486324,-0.8276880773023434,0.7200109249447166,-0.6842646444487221,0.6285874124338929,0.5228012608177594,-0.4878853141931734,0.05220077475549345,0.20410460193588398,-0.7042863770697139,-0.6308029048709929,-0.777102790372812,-0.5861092042682607,0.07143443046794207,0.6729420827326923,0.2889926255136973,0.7341734114286298,-0.6062939139461063,-0.4413138412656057,0.07743328339271172,-0.18116603178331747,0.2571791427705711,0.1460190518151061,-0.726298778478927,-0.626271742934692,-0.78982763776559,0.00892355373269249,-0.11144744602615253,0.698118097549331,-0.31778569754727615,0.07342958954336154,-0.6219742649369429,0.8091157543952769,-0.649391901628072,-0.7520920004129363,0.12516352724693236,0.6720665261615133,0.6461328340205327,-0.5723853884614925,0.5920103587260916,-0.1219736843130177,0.21176577669752694,0.7631683880516164,0.3755578608064243,-0.7467438174130481,-0.5915650345287311,0.5916071709089596,-0.65939655029766,-0.3839380379776496,0.7148028534118318,-0.4231908458232332,0.22805522080523366,0.4120697240966774,-0.6162303785218979,-0.7790415978257148,0.5423625112742175,-0.1714687493890792,-0.3713152627123446,-0.5981313006045639,-0.3485484629885689,0.49035278126664816,-0.47922431572009505,0.708278832893045,-0.5599743116976681,0.3672234867339975,0.8486231209336323,-0.22792876931679595,-0.7524661571819009,0.1487788249138754,-0.7699317528939877,-0.7667548274260785,-0.8216596304184445,0.07014737915902292,0.6346884275646479,0.8555113822032442,0.7849386610899559,-0.12118886395557626,0.565968543845701,0.312951058674074,-0.1625965628106103,-0.4508459348288678,-0.16416059997290766,0.8455983739944074,0.7831343240133357,-0.35432218367539203,-0.5127505125000744,-0.42393635292737386,0.42931248874406547,0.4020715282965017,-0.1504301737554834,0.6779979766518864,0.7329993208273153
GIN,0.7904261925562847,-0.34782541878403794,-0.5631277289061298,-0.4708181273360055,-0.4246682501542509,-0.8613705631344017,-0.8348415939992522,-0.09963365739265129,-0.7753700136625614,0.8065891631984087,0.8734144980678115,0.299598394603686,-0.7061233565132417,-0.47062258005526436,-0.6166352952475389,-0.5461892833921365,-0.5562365348251683,-0.08311397283532607,0.1893341769585527,-0.30463163965893525,-0.2530318379159424,0.206734839434478,0.19268462604669223,0.8292253292216141,-0.87841717382635,-0.7917441497932114,-0.7971899715303612,-0.35651508866078085,0.7747896558666436,0.7722405427022627,0.8677447523709577,0.7213711436019383,-0.35925954990237097,0.5827707681060414,-0.09921037870445626,-0.6454546514642125,-0.6907305230090279,-0.734532262042999,-0.837303629041251,0.3547338686496472,-0.837505649072456,-0.257285676530719,0.16861788745464212,-0.3914964281416713,0.07635963807827617,-0.8298783797519569,-0.7684661587538089,0.7943200194047645,-0.8485747473857637,0.10591194071231713,-0.7982107800516798,0.372692609131695,-0.8575855819888569,-0.5250609927675995,0.714953165403407,1.0,0.7296568190255565,0.8100637237766259,0.5396076915698992,-0.7872173770966444,0.3547063948216478,0.590392619446211,-0.6927769851007488,0.617789486835057,-0.687671421878632,0.2317934456449816,0.36332929555231497,-0.5562718931676582,-0.2225406146234814,0.2815621478860886,-0.709367769819182,-0.777119342577997,-0.8321078247956231,-0.815664379507993,-0.3189861343623017,0.6679930937012868,0.29626081928154324,0.5514021906285568,-0.8425096898621103,-0.4584023083590789,-0.26414370122375086,0.09297947707357657,-0.005975608086897344,0.6695648951072716,-0.7473259091867632,-0.6152409113671591,-0.7262464746884012,0.1207573790193055,-0.19231978540498362,0.8897262799373142,-0.1959921780889191,-0.36633367737558253,-0.4925037952502658,0.9230066965276879,-0.6530039742737206,-0.6144859369853766,0.14518681609611706,0.9465439165399379,0.8742588178398094,-0.38134115738764485,0.8396170634483637,-0.4233900812564553,0.6144267429354147,0.864782201943361,0.5529942626268987,-0.7513166957687765,-0.7345126907630739,0.48309524319144415,-0.8667133977874095,-0.4578238096992704,0.656196173928783,-0.4298780395339563,-0.08319469542579738,0.22476743005902367,-0.7273961551286483,-0.8063539273507889,0.28795536227750684,-0.0012420290070493945,-0.4690490217623866,-0.6919246038973894,-0.6317161500939741,0.7508025841046833,-0.5825631696256286,0.8224128374881033,-0.685800522937734,0.602658903160238,0.8391509379225072,-0.04841458427560008,-0.6706021202494195,0.23278691478514235,-0.6491626210047086,-0.7018108838046571,-0.8245352481808963,0.4918373414502317,0.5032362921486103,0.8889401562762341,0.8484561069151156,-0.2641649868660587,0.5854526423209606,0.6101624707135531,0.05323985506035278,-0.11285072083331005,-0.40198096277141215,0.73434015710826,0.7917705294924683,-0.4407423073145964,-0.6941115347419804,-0.779388498386858,0.24021180150146004,0.24462333313147466,-0.030883375538429014,0.7788943300182173,0.7078513234525541
GMB,0.6694898685562027,-0.2730433600188751,-0.7203836278828826,-0.3022628432203782,-0.2918520995000815,-0.6928634627485484,-0.8741900957389581,-0.3991120372766299,-0.7711705846386245,0.8899897245804396,0.7115858572451723,0.4243999893623127,-0.7245330962913612,-0.5373548333308662,-0.32321154920257644,-0.6444946442388697,-0.7177691599123794,0.036688521042082645,0.2560196882554462,-0.18418816767268043,-0.5364985180191781,0.02047674670869659,0.003447247810669296,0.8656876948459964,-0.8102336204648308,-0.6445650361743742,-0.6908296310426185,-0.44433647605096116,0.8686681949540702,0.8680544242583951,0.6749484906939304,0.5682163540431243,-0.149450109236424,0.8468412316347679,0.14445450567541196,-0.3516113549379356,-0.5392722328893944,-0.8379622842651173,-0.8399867149263502,0.36694462723017673,-0.7589712824398527,-0.025768312166633223,0.06832748893718565,-0.1727344366090411,0.25401135938105757,-0.7037069694706628,-0.7712733865798462,0.7996483271853154,-0.8107645945289339,0.15194671402219773,-0.6636548278237937,0.30583478577429823,-0.6783858620556273,-0.4314662172752086,0.7552053471924447,0.7296568190255565,1.0,0.8749392160103875,0.3023249507449606,-0.632210997261542,0.5832445154719057,0.5133596871315703,-0.7295185149961223,0.8358382212654681,-0.8531005759581589,0.17626743415395218,0.23510469828310343,-0.6886164577957645,-0.2671092485709654,0.02376075511525777,-0.5231120394115898,-0.5115248936194685,-0.757897551638631,-0.6463390748139703,-0.278854559045302,0.7727721494050045,0.14450667537591932,0.39530064006480514,-0.8524341358019396,-0.6093729678460902,0.1922423071973547,-0.2575516964865032,0.10226003651417104,0.37082695886050754,-0.7898431122621346,-0.5224379128432193,-0.7283791048275581,-0.01713436850128036,-0.23141209984641575,0.8108171137899952,-0.11058692570504802,-0.3806603176298333,-0.5122905486095928,0.8211680615480575,-0.4714033068007939,-0.4605121142898383,-0.07787807643435629,0.7478146987920237,0.7596828124113403,-0.37056711518818863,0.7758682616782449,-0.5959543125530686,0.5284148556723544,0.8069702980203733,0.4015181979000447,-0.7483339338044246,-0.7715981851690985,0.7842401872505368,-0.5793552400031134,-0.6663493550833122,0.7264577024148221,-0.23671714452902637,-0.06093976975459037,0.1612066974043369,-0.8892207900167095,-0.6953307773461865,0.29433223604965275,0.1739248849439805,-0.5456391317866607,-0.7981332867522166,-0.6965245752288101,0.7057005711606958,-0.7109461789320557,0.7905411583061143,-0.680311681947769,0.5904959429434069,0.9293997193023252,-0.010597788158858146,-0.7931625403106621,0.6735304076804591,-0.8618158116114625,-0.8279669137354602,-0.7578029263594697,0.32651095513837347,0.6292366012278068,0.8193508349773766,0.8845788182185199,-0.5006609958401707,0.41568165878178986,0.1854432345936894,0.06555959044192283,-0.1857581901236569,-0.41549788638116514,0.7628002672894902,0.7887693093842674,-0.5464297965076712,-0.32922101749580057,-0.5043812475329856,0.08406168919050527,-0.09028069650034198,-0.03973965216769404,0.6337954689061689,0.6518850972375226
GNB,0.5470375241711711,-0.2434877895270613,-0.7640454916424522,-0.4555097488564439,-0.42933097553061783,-0.6832929815791804,-0.7951746978688778,-0.42293334036439956,-0.7273146518417937,0.9097723379236464,0.8516137234021651,0.28598728034791676,-0.6462123932559907,-0.577048899505821,-0.30311952204058734,-0.55308739399235,-0.6764746308545386,0.11905775196327029,0.2869517427311783,-0.29796789410307967,-0.4775548614287395,0.20413424330309526,0.04279984245289892,0.8366842620035938,-0.8332997810765503,-0.7604976298938575,-0.8125107314682771,-0.4182408863940612,0.8184824716896846,0.8317785543841505,0.6487992205312129,0.45007368957879945,-0.3116139521978514,0.8787453474207952,0.21077978742215886,-0.47203054952823686,-0.5253946374914831,-0.7225878506597767,-0.7753520110273939,0.28959592190256866,-0.7118568709555129,-0.29433519954561604,-0.056044320055183006,-0.16380543243334866,0.055140192631053075,-0.730737146465056,-0.7226578570484352,0.7685451730060338,-0.7272158495810879,0.376539006248934,-0.6076707956196215,0.07961312390914999,-0.6439168788564491,-0.5193032344105588,0.6062931574345387,0.8100637237766259,0.8749392160103875,1.0,0.3064259847581554,-0.5929859432379052,0.5502835431876938,0.4856843863352108,-0.5622713525072915,0.6250920538729936,-0.7236283438073645,0.09592748647627891,0.22215162366803054,-0.7121567581631285,-0.43027622845171254,-0.11696403573069114,-0.5046970545582043,-0.5439245776786752,-0.7126484002529521,-0.6097244668741189,-0.4704461553417725,0.7837960244866334,0.19516409484627473,0.41390882953300523,-0.8214171897148672,-0.6076762741805641,-0.11988936747182599,-0.24205100078506314,0.03226347607944546,0.5179942546012,-0.7680586407582466,-0.5552198103585826,-0.6314368076005805,0.031909319633206645,-0.03541797816218484,0.890819272001595,-0.055574975856417685,-0.5281467351649229,-0.5213975482926037,0.8541042622548124,-0.4661084245711975,-0.452456124743688,-0.12852668060936412,0.8463665105947114,0.7206450786653497,-0.27171571027943675,0.8794163838971107,-0.6590477470917784,0.5733127732338924,0.9047033067436715,0.5083441873081195,-0.6746695161179996,-0.770769517485054,0.6303189517077986,-0.5502597208080053,-0.5880318514505158,0.6755892509279503,-0.34116360616810804,-0.1891379710485137,0.235802271611796,-0.7623628251642423,-0.6402535215144773,0.09830377576219185,0.03891585996214897,-0.48168005305976536,-0.6991114855121148,-0.7108173402415252,0.7208394551412148,-0.6912660551529384,0.8313597951355756,-0.73781782419946,0.8189517142176008,0.8862733666084596,0.09215108749755874,-0.7033031092429165,0.5923677771512973,-0.725721140648977,-0.707117442639722,-0.7321610600132338,0.40330161782708207,0.3989489890806527,0.8360766442641493,0.9259877682265455,-0.31864973068243296,0.4229936135406138,0.35227185805681116,0.3202746719489379,-0.18139534230419874,-0.6345101812924798,0.758506033245202,0.791057195561588,-0.5395055192638725,-0.45870804953746114,-0.597318231169742,0.09257481428539538,-0.03292927100763188,-0.15228266249662759,0.5417460281760693,0.5356848831802723
GNQ,0.6986419921621518,-0.572060864473686,-0.012214540393193474,-0.22536490900381234,-0.29325307515921906,-0.2795962192412864,-0.3278262756392747,0.13270616422480463,-0.31976436660510155,0.2582193014426941,0.3984184725524247,-0.2313844703463901,-0.41990695901483543,0.15399371772283177,-0.374011599036032,-0.3798620821106806,-0.2559967571123929,-0.3151555869936262,0.13989449041481594,-0.1979706534859229,0.3887137075709304,0.10805593250086964,0.6094151548201097,0.439368138310684,-0.27778234077688246,-0.3636433633369265,-0.4522091194922231,-0.42816529974349615,0.29913510115373976,0.4135089008189501,0.5770797219640004,0.7624429807186013,-0.35241308221674106,0.06790488275503836,-0.10836089328334042,-0.47528399045536385,-0.4459730806994058,-0.35240562110610174,-0.34951060300070513,0.3046441985054247,-0.3170374059579839,-0.13028540017993806,0.34929647995670265,-0.6459147645715377,-0.13403915989488557,-0.5161450546622093,-0.3161901313664608,0.23549713062671807,-0.29320314439172845,0.04338180740305286,-0.47232111818134115,0.7202000442692446,-0.4965913841371272,-0.458484052425856,0.24994578460010386,0.5396076915698992,0.3023249507449606,0.3064259847581554,1.0,-0.5782660451114459,-0.18781234315046658,0.03520412268753692,-0.5289572491852594,0.29886739143286667,-0.4007102154222004,-0.09059796328068814,-0.2586282357206413,-0.3174864160308506,0.037521870298280025,0.5937955177679638,-0.0854660786161936,-0.24700768387264005,-0.6081177718089623,-0.4405648618109077,0.12572608211880232,0.0971764420237704,0.06671117925519732,0.05734947448324379,-0.43588354780326455,0.20299596418721744,-0.2492226559852595,0.3164779870848644,-0.35286716833674636,0.6505205764513934,-0.34441264350200895,-0.23665718370009103,-0.3962613658422707,-0.22912991246700432,-0.4480947625114411,0.37569968521998565,-0.42392274911759187,-0.32764766559076497,-0.36843801849059044,0.4395618964780168,-0.4105068152775513,-0.39238757982310624,0.40528820694807266,0.45746402548832965,0.6617236684389671,-0.28621130144939166,0.34139832320550323,-0.19640589819453624,0.6218144213864297,0.3681008724940833,0.024976437642735494,-0.33055442664769563,-0.08613052736474902,-0.11450270484712566,-0.40823161399741914,0.16686219640132016,0.09929584081768517,-0.2866826109206113,-0.09212025461089723,-0.17414824280239216,-0.47381438171683676,-0.5797401582981117,0.2329352148600452,0.1816787796124757,-0.2095135811412101,-0.49627970268273613,-0.25669111552678925,0.3123483559627458,-0.08479408074136807,0.34141947594978794,-0.43234402426680885,0.21686910856529318,0.29646103068260055,-0.2713970697513175,-0.44805814823214707,0.04303864485615583,-0.2702127454664358,-0.3304919497659444,-0.28572508518058326,0.454115798189765,0.17446792272501843,0.4520603250049322,0.3397182206867593,-0.3503454405869244,0.13827697777653714,0.5245329418682335,-0.02854341936506488,-0.11779416110500063,-0.2208798772467775,0.23991192123595528,0.30008906163988613,-0.36334444941070654,-0.3929949119449412,-0.4109654247482748,0.08907884436947067,-0.16182543540235184,0.33881889166562007,0.5886919972846619,0.4641995935047054
GRC,-0.7401913870453285,0.5079873876001902,0.21446112828780273,0.30031800676394826,0.4721904662824954,0.6397247852608869,0.7316773185638127,-0.2042111002214173,0.7740397985017602,-0.7189189675517973,-0.649062645426935,-0.425314472272575,0.7690824294400483,0.10187598572066492,0.7132948017742688,0.7410123822643108,0.3838730716787542,0.37081846066905255,-0.25838373923062496,0.3268549603443467,0.0177558776890554,-0.19594732117684388,0.06947312900366631,-0.7011738497121904,0.6800899977333758,0.5358992298665557,0.6357342206945694,0.2003296980410676,-0.7530800681416394,-0.7610612513268307,-0.8203659321514649,-0.6224801943080434,0.3795617177481385,-0.44430762953929137,0.46305282684974525,0.7716159198224366,0.7470921040032115,0.6679808288391001,0.6463198290786388,0.03766788358423301,0.7612947436317234,0.09097576370239058,-0.2448718888968493,0.26861519960853897,-0.3653485864475785,0.8691618158022385,0.7092605346569516,-0.776337457858391,0.7445334153377727,0.08075762735112546,0.829747830812786,-0.4783753181611132,0.7693532388575431,0.62055196697859,-0.8500164165888764,-0.7872173770966444,-0.632210997261542,-0.5929859432379052,-0.5782660451114459,1.0,-0.4292218021692875,-0.26457082940330867,0.846385344155718,-0.5653385846025885,0.6681489985053811,-0.4972628411721012,-0.3349108892677797,0.43852444258370515,-0.06739613188753335,-0.42133943899074167,0.5564126226991736,0.605936629694326,0.8693710392957312,0.6294752619832966,-0.1622411049879391,-0.5393212317096787,-0.38772214488817447,-0.6941492470587574,0.5961038431124609,0.24547400029867816,0.1791338464744051,0.02071233611978962,-0.23133345785028525,-0.36904257636626703,0.6656921520740927,0.5862617073246047,0.7979215996436395,0.12908101572870356,0.17572033672782217,-0.7311517619870573,0.3507950180830359,0.10224151400797388,0.6958888496334698,-0.8360800467883052,0.6900624218559586,0.7952298357013623,-0.3536730394176526,-0.7332725405819747,-0.7496806689933657,0.5307190312698832,-0.6403878007741324,0.11531093385471747,-0.3555851240075252,-0.8000934857303523,-0.3111964474065456,0.7272181645122564,0.4228288677303569,-0.29938002462038193,0.6842325892189579,0.16541826818330185,-0.5834388775678747,0.5161585925744031,-0.095794231268999,-0.26956654352969545,0.631405544581972,0.7902764929476636,-0.5605871774148854,0.17239190829642614,0.4292818968819314,0.6717143103203729,0.3712855792387896,-0.542372394207769,0.4515398756143547,-0.7056900782198992,0.6928519972011148,-0.4962778057023072,-0.7612838495024741,0.274123261445253,0.7827756724854712,-0.013193703140839341,0.6639471224753064,0.6274207401949019,0.772599217817652,-0.20114654738463988,-0.5013193406084309,-0.8972698681091411,-0.7502943680148828,0.06980116541101655,-0.623646029247934,-0.6380863075806,0.05796086292208069,0.48945640254982403,0.2893239325922654,-0.8070705881061471,-0.7923006153312346,0.47468572962802114,0.6915456682294553,0.5554827723518344,-0.48171247127110073,-0.4143477758678189,0.139045036369571,-0.8013541506494941,-0.7572231870934898
GTM,0.12349856255793601,-0.24474136460773477,-0.4695414212811895,-0.24306297550309575,-0.5132986292752695,-0.3679707244937074,-0.5306533086672465,-0.34858970541332646,-0.5007980134759276,0.7259910140382242,0.533448967019872,0.668322246231957,-0.4112822161879137,-0.343360781802001,-0.10395614253506236,-0.5910553488214092,-0.5280880729294406,0.04054825999560663,0.35522640634310276,-0.12370661898448287,-0.5696456730456907,0.035842798752620864,-0.4053179214366245,0.508264442420775,-0.5165324424453961,-0.2911849583053807,-0.41449151632846415,0.10506466867167319,0.7694842988097568,0.6363461414927729,0.32628551198063793,-0.10240381584243585,-0.02830946311814042,0.5904915538557421,-0.05971640084211027,-0.21440548534460668,-0.3434924880710144,-0.4289421515088616,-0.3879510132517916,-0.031925448044468174,-0.47981327637656124,0.14345375251779435,-0.1998341762314535,0.4862452968408486,0.40551900002659047,-0.4372508538095379,-0.5804963788853792,0.6083235807973456,-0.5949435013924713,0.08450653960127497,-0.29319831586667666,-0.32448755583000066,-0.21492743336707876,-0.4526298683381118,0.5785675897151552,0.3547063948216478,0.5832445154719057,0.5502835431876938,-0.18781234315046658,-0.4292218021692875,1.0,0.3216615270561842,-0.4247507561207189,0.40859885719024325,-0.5046076911420649,0.4351731931704712,0.49184595669595776,-0.3555024716136579,-0.2971424515140271,-0.26651686340573866,-0.5278403839090693,-0.2758598556717513,-0.2933208797391653,-0.1089941479978298,-0.21398912998050124,0.6493998251528343,-0.0757195716098864,0.5122974548262452,-0.37491287411413965,-0.42746835029388475,0.09707655880609445,-0.4874849478309231,0.3921029428420968,-0.11475037151775891,-0.5942644880409871,-0.3927966727405805,-0.5620823297766333,0.01192787968806841,0.2043517661336529,0.5676506131513773,0.10085533300891536,0.19590411779706018,-0.5842934075430448,0.5303503187146503,-0.21681442066257772,-0.5239539797204933,-0.43458466283119135,0.37160199794014326,0.1832077877999525,-0.19604527187975918,0.4697031585686482,-0.33628862808097804,1.5834553490634562e-06,0.6316330212446307,0.1194556450625579,-0.43599408383685634,-0.5681364002115514,0.5167372297292726,-0.27686475498155083,-0.4501536046019803,0.6634938120017873,-0.04318888871702309,0.07685578939857274,0.5998385809520932,-0.3814416266794738,-0.2628974397788131,0.1081809949130178,-0.3470242006187818,-0.2453412980195846,-0.33422037994461706,-0.3165306889471542,0.33636178535227423,-0.5217376158449984,0.6121085288524419,-0.36043187938064625,0.46824338536822396,0.6611698093579977,0.3193649641132632,-0.6257842724604146,0.2867843746365042,-0.5898114068521885,-0.5264118736884411,-0.5531373551115488,-0.08308789367151181,0.14845210610805415,0.5788146335451482,0.6580725197921949,0.10893303508318275,0.17328776452633166,0.06668721080730222,0.02056425547762153,-0.36356431826640634,-0.30724783064549466,0.625133301410977,0.58945966085362,-0.4745593806552191,-0.2907157379881067,-0.05612343020735899,-0.05245960576536768,0.1752671275647676,-0.3631285739846084,0.36166984067477337,0.2391782760554787
HND,0.3732508710604334,-0.08084484928165403,-0.5334194580319394,-0.3814849923284931,-0.15582320030517405,-0.7512799521184776,-0.544116696772794,-0.39060202599937677,-0.40644718437054106,0.5048475948852005,0.6131306866884375,0.20973956129589377,-0.37648771873032194,-0.5271683398236457,-0.07166749834020125,-0.2365085703250298,-0.5629235497150156,0.4666900026836972,0.2097057232431483,-0.27842439177744716,-0.5720861384728475,0.03024171664741071,0.3190295691341777,0.46600142025971447,-0.6385571450496266,-0.3917464203945542,-0.35407401304863884,-0.2552308473064855,0.4832405084701006,0.3984974645766094,0.5355236484044913,0.3574642246978519,0.014308587949539708,0.3704336126776868,0.2746217734120122,-0.050653575541445894,-0.1601286053584905,-0.573510774643919,-0.6558715047925969,0.5157263686465893,-0.5039574474838928,0.032722322514387114,-0.11511187538573808,-0.008888283686528053,-0.14691036288913262,-0.38633963977739816,-0.372977989229073,0.4201892203272698,-0.6284032152021801,0.008114667385258234,-0.4181370611289854,0.037669290596990423,-0.45950995054452326,-0.02573183406134394,0.327672300486324,0.590392619446211,0.5133596871315703,0.4856843863352108,0.03520412268753692,-0.26457082940330867,0.3216615270561842,1.0,-0.2026992184883718,0.3160040234083106,-0.42973877417348016,-0.10593222242101241,0.25804537895523305,-0.12291855190189516,-0.42390566951173225,-0.11204706447924107,-0.49127205278210484,-0.421140933511549,-0.38477118198530746,-0.5805436638329162,-0.5169886461386586,0.48710692719064164,0.14061102158015226,0.21565138393032546,-0.6624309178483403,-0.6283356240826965,-0.20446209688557726,0.26111027562915434,-0.011908504915767448,0.4746599919513297,-0.3783499254173037,-0.26831415237209244,-0.34514010400732476,0.27110364035606027,-0.027468049026234898,0.5818772844009821,0.43592482046506265,-0.28755049170054714,-0.16033240906086488,0.49352760711677013,-0.1221524338837181,-0.057696773857778494,-0.2241468773108206,0.5901070650694401,0.4735486483050867,-0.16138484177941148,0.5584577960285501,-0.44562678349507223,0.4739278218217129,0.40244205813469125,0.6963838618851648,-0.42518340791970743,-0.7096110783544749,0.4012865484888095,-0.6599886910723578,-0.6807640429235249,0.3796319500353429,0.2740841866025523,0.12054917904482454,0.1926586697545103,-0.5516579407740798,-0.4057884299188155,0.03217333144280399,0.2402180596636414,-0.5297965412754273,-0.5290793243956062,-0.6607034433180718,0.6986673814327904,-0.6470225684398399,0.5837691627925581,-0.3450731852860194,0.3519460544597637,0.5076883235209302,0.43743300112349526,-0.3405016084891008,0.27612836879179214,-0.38200242098087056,-0.3682314833022171,-0.4742810523921783,0.43349931779560946,0.22251177430508873,0.39478527372463157,0.5124312359225411,-0.31549469350211634,0.3971844697060358,0.1728161947879242,-0.15159176166336064,0.14249961009125944,-0.17881922356693924,0.3440990649677307,0.4781096800358079,-0.42894653633793633,-0.3829759545382121,-0.5937168478763621,-0.033771565147427296,0.04068787824979225,-0.021702936469805145,0.5085646901268343,0.3679120853707375
HRV,-0.8428559110610787,0.5835793369386303,0.2724221019663371,0.18184156216932434,0.41215265055350503,0.4823503014776841,0.7265840588913899,0.008806505367900175,0.6959026919634039,-0.6997448576459007,-0.5768486414623157,-0.46719263306280356,0.8162224370091989,0.1809589391859463,0.6997218292771642,0.81434662867411,0.4652953150145285,0.5576189980904444,-0.128761514444528,-0.017835120690743445,0.15914327957942664,0.039490736921672154,0.11307023645438052,-0.7071074854731592,0.5561611813346137,0.483445790223751,0.5619901223310498,0.10708109887900386,-0.7639142089952498,-0.8165049884232496,-0.7717563080549437,-0.6944911349098417,0.1422466190142435,-0.46805886807517716,0.3209301076561418,0.5480061741691066,0.7400694888972591,0.7432685401984128,0.5805454409939986,-0.1280224917735644,0.7222493629579465,0.10321199534275216,-0.45059466635259615,0.2880966349353318,-0.4662682066503674,0.6463398056748291,0.8129787146780366,-0.7751453998104143,0.6946756749739935,0.06465135950851308,0.6504949343403188,-0.5589851288973198,0.6520077855583489,0.7051461210854701,-0.8276880773023434,-0.6927769851007488,-0.7295185149961223,-0.5622713525072915,-0.5289572491852594,0.846385344155718,-0.4247507561207189,-0.2026992184883718,1.0,-0.7738291275762221,0.7960941611961436,-0.5219507901716807,-0.36419419905875916,0.6108660594283563,-0.19007343604049343,-0.5115102794645254,0.5242510679175074,0.5103897610302613,0.7505600818346277,0.4810172176288412,-0.12660241536694317,-0.562632997499201,-0.16369813267721867,-0.514680973380933,0.5534029338657774,0.26971493480463105,-0.12484007013444143,0.2124114553825519,-0.1613395666154731,-0.3002307795641872,0.7530949643670906,0.5379370310611427,0.8846294446260828,0.0352169101130676,0.5383282203240379,-0.7066520212060516,0.5523756235636372,-0.023834945494974447,0.6816061814633636,-0.7848842353999448,0.6895637601685466,0.8477564797199013,-0.2897595178671635,-0.7029844332281436,-0.7924911097255016,0.5758997733897798,-0.6157063421822624,0.10245805979205058,-0.4121386089981103,-0.7334057792234785,-0.1213102668486683,0.6487696570475414,0.47291757013059477,-0.5695227305066464,0.5767427342455018,0.32040321081141765,-0.6890095195371764,0.5420663072788228,-0.030127453705883767,-0.29877759412623983,0.7485196309794947,0.7059169754072194,-0.521599903661643,-0.04669484150690795,0.526953377960631,0.7547619010148181,0.3435715908848833,-0.5408111438893008,0.49069896289284465,-0.6923970046752947,0.7009696161916598,-0.3803921318919379,-0.7592052873053592,0.37095592814038425,0.8645873000615742,-0.2105808684747077,0.7947185609990928,0.815957274785792,0.6668820289253795,-0.14049156641111238,-0.6959916008125868,-0.8244619432284503,-0.691141817278504,0.14372580128269608,-0.41379546371500786,-0.3236258301108099,0.25014312532080485,0.21684684501143003,0.14763801387409492,-0.7616296137685601,-0.7760770953447118,0.3684656355397231,0.471602428717817,0.3506330294064204,-0.3102051404916122,-0.26078735121985197,-0.09783937910411011,-0.7392284304168182,-0.678975616641678
HTI,0.7173373985607345,-0.16101190468971582,-0.6289463716645187,-0.10771700765334269,-0.04516370475680498,-0.5875561791978261,-0.8151169209352642,-0.12313332109728115,-0.7872968295441425,0.6552795218364882,0.5420970692879216,0.5845958336981562,-0.7129575540102859,-0.5980310117108805,-0.4660578464658762,-0.4569233761396079,-0.5579265197252974,-0.19169063536319064,0.12340367600609425,0.10091960449500037,-0.4537024772085838,-0.027950668412521695,0.009076290223369865,0.7893005240429288,-0.6521556410308738,-0.6194146551201123,-0.5275483158373944,-0.23593641426915557,0.7054220173776606,0.7565366990822588,0.62604512439161,0.6741098055006892,0.03543944767471474,0.6292427649300888,-0.010266476333062657,-0.26751928944008774,-0.6434625613175431,-0.7800464134215737,-0.7477593670908991,0.3163797694910533,-0.8033675314792466,0.02894468472624956,0.26121649587553997,-0.22385724354507497,0.48179295109922093,-0.5326229329935832,-0.8050099857834006,0.7708604642000925,-0.7282552018414874,0.0027688255776043835,-0.6365232178947324,0.4250570857522771,-0.6739946112699253,-0.3339172010317226,0.7200109249447166,0.617789486835057,0.8358382212654681,0.6250920538729936,0.29886739143286667,-0.5653385846025885,0.40859885719024325,0.3160040234083106,-0.7738291275762221,1.0,-0.8395147143161563,0.3829148833718783,0.40278580347157855,-0.7384431128266575,0.07031868240575434,0.25043093022790797,-0.6253858635248899,-0.6601122500546746,-0.617649141592246,-0.5694619377454131,-0.1584765579495837,0.7285580584796689,0.10208162201114235,0.29923881408613784,-0.6833530825419252,-0.5143193621981954,0.3144134722396903,-0.27084237986908866,0.2738898649117689,0.35726440951070715,-0.7176444781520643,-0.6180384837339312,-0.7117518844235953,-0.0146879802389841,-0.3984438836205486,0.6798943635962099,-0.4230627755696488,-0.22428864400347193,-0.3598455933619662,0.6798656681242626,-0.6404095887169445,-0.5032605377057884,-0.04906926560521829,0.6083046903063916,0.6774117359012526,-0.30402072468271246,0.6790753440248626,-0.4392760692281015,0.46273666265461466,0.6281367699892866,0.23478861334716483,-0.8084997173715687,-0.661663088519703,0.8221646678969923,-0.590697977134615,-0.631911634812033,0.7353265572236589,-0.33210544400521314,-0.04559324856514446,0.22421223091007403,-0.743526857141759,-0.6457404160167046,0.3729208083501129,0.1009910123041593,-0.42953929333978036,-0.6005930801939705,-0.4319942789352196,0.6004928027301487,-0.510777533560071,0.5477646608423532,-0.587408144223442,0.28496773762810945,0.8119136056288909,-0.24302936809443265,-0.6384052450638,0.46208569499736074,-0.7865450003057659,-0.8606233306573752,-0.7252028525640073,0.37451107151267404,0.7487243113202814,0.7019300187393758,0.6894962205075105,-0.47313455178996455,0.4136018160416892,0.14121030901208376,-0.09140923551661029,-0.019342489319527756,-0.19526453404356037,0.6556630967436755,0.6863933443765027,-0.19370926405942268,-0.24852999926094843,-0.34289916766968287,0.08199927303070365,-0.04327450180591019,0.24542163390943428,0.6202682935360617,0.7395740452737303
HUN,-0.7569526450316308,0.3455229689642445,0.6460681652884909,0.22539337947157456,0.29497250536388764,0.5601906550765884,0.8045506314052204,0.22862016147956588,0.823279098190813,-0.7800468397708982,-0.7418500662806109,-0.6072719710162604,0.9161447754404037,0.5337385450858713,0.3890825395374544,0.6157738322276105,0.8300269654938324,0.12252083779794687,-0.26393807297878324,-0.005697799332481157,0.44625377327539595,-0.01933192700677444,-0.08505129500786679,-0.77970595808765,0.6514384205554511,0.6191181941424586,0.5641169612271614,0.13290035908616737,-0.8115363356666792,-0.8674198844367478,-0.715072238254165,-0.6457764816630644,-0.06836799372785185,-0.6905891260948596,0.006689830553369802,0.31937296768676293,0.6939554968634704,0.9239125560579937,0.7529084459515555,-0.19930746811645284,0.8207311992256825,-0.0602035853104157,-0.3979638345025236,0.0948369228695145,-0.49341099360940555,0.5763468994433775,0.8841168550639109,-0.8586956441066014,0.7435104338853765,-0.06297522844739323,0.5871307995849471,-0.40228480933896815,0.626047388900329,0.5558979425535416,-0.6842646444487221,-0.687671421878632,-0.8531005759581589,-0.7236283438073645,-0.4007102154222004,0.6681489985053811,-0.5046076911420649,-0.42973877417348016,0.7960941611961436,-0.8395147143161563,1.0,-0.38352593452507877,-0.4313465545348709,0.6473396602323477,0.026084296379176086,-0.3231846285211841,0.5817213157109088,0.4985812171799029,0.6184398976973385,0.5150341980571448,0.10052172966327877,-0.7674702745919935,-0.06118084262751178,-0.283399608538075,0.7289681675732544,0.5433106633706616,-0.004855705797419008,0.1857197614565811,-0.26035757717567476,-0.39143777640542776,0.8829850896887891,0.6893896605585221,0.8934692357335823,-0.12004135496138679,0.46425454993898696,-0.78653527377744,0.2444330970708537,0.28966322218183893,0.630233268134796,-0.8240028335141174,0.693632601936088,0.6133008438009704,0.002547221325912563,-0.7056814114793475,-0.7749146302456591,0.4889718116792744,-0.7764378012215092,0.5252583474587829,-0.5788854660868252,-0.7663433899117713,-0.2324258415875311,0.8215693178811084,0.6875038905523554,-0.716058367215272,0.6125535480027826,0.6295539957251148,-0.832298759804817,0.20038199944608892,-0.0056087523261794114,-0.24056271630549042,0.890027498634405,0.6675033932906232,-0.3656737810067463,-0.1697870189921109,0.6304553890783287,0.8153532705933645,0.556702665146776,-0.7899524195914149,0.5844752997433732,-0.7573311711713606,0.8257256749633117,-0.4777094599230929,-0.8486964949221192,0.20473267536555595,0.8323119145629659,-0.3788911303055802,0.883345603763957,0.8728978208241415,0.7189106521622141,-0.4293917351280836,-0.5876231804580652,-0.7967902908545814,-0.755029909420035,0.4434105569815263,-0.5053086362641357,-0.21412058316575733,0.1482160553787949,0.10487788505037221,0.2584407544603047,-0.8006426183503645,-0.8460129773256049,0.5369714087119322,0.46717143068651246,0.35570584813999373,-0.2318001514644854,0.011403798275906984,-0.2015302172279081,-0.6687704520014175,-0.7179928274571152
IDN,0.30000250110057614,-0.05426904332559612,-0.12044509903361789,0.18454999600669464,-0.15302488261683012,-0.13723300678189987,-0.42409540486896535,0.40178667103471133,-0.5703751241658566,0.34530216736622465,0.23648000565677085,0.7973783706492792,-0.4599379750193835,-0.2133443340416432,-0.5330967190507123,-0.37482059395731904,-0.05012362214188815,-0.5601100882849093,0.3637637092159429,0.2971020450292483,-0.19592566518898513,-0.13974208208308259,-0.5184266598291796,0.32718091938801963,-0.2166365095152678,-0.2872561965470646,-0.037695752570716,0.5677424566164503,0.437740908489728,0.44475401573518947,0.36220753996401955,0.12446852555912136,0.22491711450415464,0.08331093551606061,-0.7216368896859753,-0.4290082773698327,-0.7384493855088836,-0.28224760544316196,-0.14142830339354417,-0.5580491239147096,-0.5466332058860488,0.18360067358870058,0.3779413686385965,0.36290723974551997,0.8128397135508527,-0.28026542374561236,-0.6216508458879262,0.5639935457244027,-0.4229102145313317,-0.1777681787597052,-0.32917998231675294,0.11266059838042786,-0.25644765639161626,-0.37423164133620346,0.6285874124338929,0.2317934456449816,0.17626743415395218,0.09592748647627891,-0.09059796328068814,-0.4972628411721012,0.4351731931704712,-0.10593222242101241,-0.5219507901716807,0.3829148833718783,-0.38352593452507877,1.0,0.7929279531785669,-0.28274772441687523,0.4824355049688728,0.32694385285476923,-0.6151686855810554,-0.4141319316100429,-0.17205942607054836,0.016633260688742713,0.31243976439704757,0.4220205616731516,0.02460940341711715,0.5084838360959831,0.002859259772140077,-0.14465339538277444,-0.12221869197668989,-0.21791704265306122,0.5052031919863134,-0.22307282269428774,-0.4947845524302308,-0.6862087512953323,-0.5789654277449681,0.16715972579347638,-0.06347687414957615,0.28786037137283516,-0.5129248930221941,0.5371911075097366,-0.4808195360273777,0.3908229083849174,-0.7047187889749227,-0.7122527412442108,0.08386469327013435,0.21856417859040167,0.1460020622197209,-0.5902670368813805,0.19561900400199317,0.23734280948519793,-0.2463930542894055,0.37287778828318474,0.03491518329033527,-0.5023383468483802,-0.1994933880724299,0.3361545580649705,-0.31889005496703726,-0.070941346662039,0.5923866630216233,-0.4248094700292946,0.4226429996142864,0.5917625213996938,-0.07414242984683983,-0.4022382089119847,0.48156279097306076,-0.42538456590343876,-0.02618872006825601,-0.09706557563263307,0.28745785074167396,0.0931011926324824,0.05059373763341313,0.23915184256564026,-0.3269032281685338,-0.0024511983149173577,0.3937735648834839,-0.294444798241946,-0.34401650481694146,-0.4489383531719138,-0.47579841164598236,-0.5138407353741044,-0.483628733155232,-0.18345928365475417,0.35147608650613105,0.46610431997430335,0.285917150725848,0.26592095519480385,0.45835946455874665,0.14735301018968283,-0.2969083103454859,-0.31185177853230006,0.20203709418881044,0.6053270248540913,0.4793577935531641,0.1023381411663884,-0.3482271437782085,0.09825346306174532,0.563118058969178,0.5242990578683567,-0.050590118120301675,0.2759577869059435,0.4373003038402452
IND,0.27387932039443474,-0.002951330433463628,-0.39945663873567283,0.14659802313094028,-0.18693253298266566,-0.34270486639219455,-0.5213651169804858,0.1367934306666474,-0.5678749049678082,0.39881208944293955,0.38481453217693273,0.8205484815772364,-0.4238622951585458,-0.5641600638875159,-0.43597506944805975,-0.23447293000257075,-0.30751641404890173,-0.24447321206256523,0.25295626279662553,0.34814741606440236,-0.5295878860939247,-0.12803605891661007,-0.33086449885090485,0.3557070244603564,-0.3102082572356899,-0.46557655871259573,-0.13740466773924753,0.5588814594396128,0.4787667330209968,0.41845880350228504,0.4227653711122513,0.08053152043734801,0.3686280354525444,0.17503480704473973,-0.46626150783514175,-0.3011763064981725,-0.5841978922702062,-0.41857163245136997,-0.2954331302991098,-0.2932352823590487,-0.6304027662675016,0.16985653502216913,0.31204442389514875,0.358938213620835,0.6848585182421494,-0.21493687985485121,-0.6768953162298459,0.659400438931011,-0.5677192551428165,-0.27942769542405355,-0.25533943685961025,-0.16065593911484233,-0.2641479450201756,-0.20522663368880645,0.5228012608177594,0.36332929555231497,0.23510469828310343,0.22215162366803054,-0.2586282357206413,-0.3349108892677797,0.49184595669595776,0.25804537895523305,-0.36419419905875916,0.40278580347157855,-0.4313465545348709,0.7929279531785669,1.0,-0.3383775112122094,0.3206658598970251,0.20398693532513368,-0.7860676366916048,-0.5091254731461796,-0.10064539939375172,-0.16448329347182256,0.011991619037969747,0.6156967428027089,0.11231922883678214,0.32230235069088764,-0.20868431601327786,-0.4194306912196013,-0.0728065308117023,-0.10987426191681027,0.4952553913073021,-0.07109949609798538,-0.5728914941361944,-0.672740135587703,-0.5891691224449769,0.3841247463726445,0.013881297994794206,0.443327973535409,-0.13283719663091098,0.35229977039999083,-0.4194621774828946,0.43819908920353345,-0.6304210328097519,-0.5313645915969829,-0.1823533611469319,0.3530624631699544,0.12201692385841856,-0.41824481583829654,0.41463068590972174,-0.0662080498386719,-0.10752508927637505,0.4259830342931342,0.12431187795785736,-0.5351950623144408,-0.4831281322980734,0.5091122857694172,-0.4746431895174441,-0.42386185338749893,0.7791497747791415,-0.251201513363811,0.2903456731115096,0.6330546553376045,-0.14033696654954353,-0.3565241835905275,0.18376299881103864,-0.2738975487433497,-0.19364435069997832,-0.10047916149466474,0.12961587667135932,0.3346715396057942,-0.1263147174110566,0.3163296403118723,-0.359119347776254,-0.006104206109903032,0.4528903153988839,-0.09285066411434695,-0.27709650883745574,-0.27340425599760887,-0.48468938069225875,-0.5750927408412867,-0.5665749909138031,-0.03626578721095375,0.37003323143319233,0.43362989061449575,0.35093975565367364,0.09605877591925027,0.49690888287814605,0.1198466823379406,-0.30437040226151924,-0.04817689014168991,0.21850974500278242,0.5364245977225736,0.49320017707119135,0.13447799348659084,-0.4006058272617272,0.045598775593122975,0.4432408871089806,0.4188595014328437,0.08552634193351061,0.3066708559604753,0.4685272263469884
IRL,-0.5748758505882843,0.2502947997566414,0.6989801427181661,-0.02124500199599244,0.21117899791357364,0.350578724277293,0.7204684325449616,0.20175389392351528,0.6606308753060206,-0.5865394473652457,-0.5383208914616286,-0.3192543899470002,0.5092248242385778,0.6081230034263694,0.45960888297544655,0.40896566936884327,0.4268934440503558,0.30702933949517286,-0.30064854130585816,-0.25720645838571965,0.42947271091478467,-0.09317782960215437,-0.030468612581248333,-0.7043087501012304,0.4955298238814301,0.7719287853357116,0.5874172366359363,0.130732376133194,-0.5987994980187854,-0.7004290182574908,-0.5745045347830855,-0.46846945196771705,-0.046689671299583235,-0.570720460745755,-0.09271523899027367,0.3647849593575818,0.6387799666196488,0.5690090766047449,0.528462054758851,-0.12908335701171558,0.6266312838255481,0.27247579747837725,-0.3060882050584137,0.13602624909488537,-0.2662178994377331,0.4596651336464662,0.7469118644956333,-0.6651686506724999,0.5478544344401483,-0.14401037574554443,0.41087378486785897,-0.13544347164272708,0.47528351807206803,0.4212253221601572,-0.4878853141931734,-0.5562718931676582,-0.6886164577957645,-0.7121567581631285,-0.3174864160308506,0.43852444258370515,-0.3555024716136579,-0.12291855190189516,0.6108660594283563,-0.7384431128266575,0.6473396602323477,-0.28274772441687523,-0.3383775112122094,1.0,-0.10321008036682011,-0.2011077309264202,0.43583144957784703,0.4596632457886407,0.5223999555754447,0.35982093513189306,0.2551602051332109,-0.6889454972171152,-0.19116959304218994,-0.06481197451234255,0.5952156939936099,0.33080477491658833,-0.11789893738068535,0.29435869605385623,-0.09877349417195314,-0.4100438070863379,0.7170629839783317,0.6551270694016996,0.5661267688595054,-0.06343070995827915,0.18382166240443976,-0.7109002297788236,0.4646292383355548,0.29629407426801513,0.4591901716141845,-0.5945370086381931,0.6155615082458703,0.474304245952618,0.1229029087122504,-0.6046891739469933,-0.5059902124950422,0.33126060988751016,-0.7311302062178346,0.5433861783417591,-0.39338443617352414,-0.6768533598959907,-0.10413367214389013,0.6083621422533222,0.5304764001245412,-0.6090581833669204,0.3155738960874732,0.40401711072690005,-0.6963175691479364,0.601950731583145,0.12284466218700807,-0.3447820444380947,0.56936131789128,0.5858125765659843,-0.1435112648478174,-0.18293927043784475,0.27930431350421003,0.43438709298470124,0.23006395730586682,-0.4707545659986616,0.3279307342335689,-0.4784738292253199,0.6580023633947271,-0.43940688032875874,-0.6559062585788602,0.08307020733358894,0.5399409398326819,-0.4579180743826705,0.7122859973274214,0.8059006926465024,0.5680584445571925,-0.22484834952958965,-0.5033594693941725,-0.6219641483148859,-0.6716598451475573,0.3038824509541236,-0.2606942486771846,-0.28962014321031826,-0.23623812236448738,-0.05895954755066746,0.31622186620245063,-0.5330210692943484,-0.5563652957085377,0.02650896680844983,0.13986465161585726,0.21992002768036734,-0.17173562364151462,0.2315066443994026,-0.180839563536217,-0.4219455286347171,-0.5757843068158308
IRN,0.15701703539556267,0.03953293917351275,0.35849786839997466,0.7769946648080353,0.266540141012382,0.33799597138644366,0.009146678727238955,0.6448814482803769,-0.07028221755665753,-0.368305741106564,-0.446161261478093,0.15967167166494867,0.008663504880455752,0.19504281893162823,-0.44273321836285806,0.0785101379454971,0.4028663062440363,-0.6270453485307539,-0.03939199414809558,0.6189543031491642,0.28809214048908816,-0.0838379897591397,-0.18050757726751865,-0.2571419159160644,0.4208651324410053,-0.015311275773475463,0.4609647076439529,0.5547579651283113,-0.2648072428917969,-0.2089017076834312,-0.02332538116452665,0.09170820979525263,0.49414276793345846,-0.5046329831070486,-0.5257855564171612,-0.0865038158622542,-0.29230591394163974,0.050153279506759296,0.20424992059093228,-0.5429255578099319,-0.044942885515976805,0.21899446065935757,0.6958016479107826,-0.0002560033774823278,0.3932915280044691,0.20134613283525904,-0.08665778266568092,0.03740179749338157,0.10713016014221854,-0.6529384511668483,0.0028450200213385735,0.29840256640623264,-0.0007932658376850199,0.07703743981549405,0.05220077475549345,-0.2225406146234814,-0.2671092485709654,-0.43027622845171254,0.037521870298280025,-0.06739613188753335,-0.2971424515140271,-0.42390566951173225,-0.19007343604049343,0.07031868240575434,0.026084296379176086,0.4824355049688728,0.3206658598970251,-0.10321008036682011,1.0,0.6226122301277891,0.06760707213587258,0.002139235579769694,0.11483716009646228,0.15494479482070866,0.5755404452300146,-0.20543650464251595,0.04972126529883947,-0.1904056385435149,0.36022836998899366,0.41894957736801763,0.1190485425297313,0.2579597523468361,0.1563580010529909,-0.3541896768769772,0.019940619273958293,-0.18568894180139717,-0.13672886513138716,0.042731286422514336,-0.21429617875852847,-0.2763312210111297,-0.39073025151899965,0.3519335964297079,-0.07512637609172645,-0.22741415021392442,-0.3408026270955664,-0.17593697375878703,0.4260018832033511,-0.30200870914271016,-0.16456680673207758,-0.4197612474363037,-0.26190134374779017,0.4532103152306166,-0.4086920646914831,-0.26452797378538273,-0.3813868739730535,-0.03646372485894256,0.44269130639444554,-0.035579819935432244,0.17456572088798206,0.3514706834841379,0.07953464923781062,-0.3567625906648597,0.42629302580253037,-0.05928060079706032,0.20324997857055527,-0.0989580239968002,0.30498165578886627,-0.0035444023787978285,0.19205570127097216,0.14790939349925614,0.7054779228769537,-0.2902996205119033,0.567522794574631,-0.4088653349969993,0.03788348494898752,-0.5920250944336765,-0.21461263685849685,-0.41785182473681437,0.14787330687832723,-0.491114824839217,-0.1288895814661304,-0.13456953617044665,0.04487905774355061,-0.44543452622160706,0.39754249293425137,-0.15552633044140163,-0.37025043996445284,0.06548331416912256,0.09655590325900287,0.0783171150354206,-0.403085416566056,0.08453706543288853,0.7433551953062149,-0.1101102289677176,-0.19459585164890658,0.6435537397865957,0.24299364534788825,0.36327381913146195,0.524769250003991,0.06147029865063203,0.2402265976448139,-0.08881915975637678,0.2784557198292359
IRQ,0.627573638305838,-0.3476496239160731,0.1492650910024632,0.24401570518509608,-0.01241894607770977,-0.06606998106333095,-0.2089469406350617,0.471414226144212,-0.27252909026126404,-0.06746148492464865,0.05766957491311642,0.11152088977018526,-0.40116274163857146,0.13506852759168964,-0.598795726812337,-0.19125395333216622,-0.02837664374213955,-0.6089944239786202,-0.024587095339468457,0.3373108191291305,0.3832044313767804,0.024373033223189733,0.20508600391618126,0.11906278198861042,-0.003444274282080606,-0.2511431928894923,-0.011910741916492773,0.14301715986144137,0.03786793957271295,0.1379683261601934,0.4183673362337419,0.6054523220985114,0.1983176769883933,-0.27292732388987995,-0.40444912553197065,-0.2552273651269972,-0.5127901952327878,-0.28927766398875465,-0.15409278878090538,-0.061531259152697304,-0.2971658845240448,0.017450482206426976,0.8451314038537375,-0.34833804864389717,0.28085436783797635,-0.1438811265709672,-0.3465042404840488,0.2487335143408903,-0.16537206408614957,-0.4444597743082417,-0.2701908585263615,0.6920473969457945,-0.3584310230814636,-0.29800490832069837,0.20410460193588398,0.2815621478860886,0.02376075511525777,-0.11696403573069114,0.5937955177679638,-0.42133943899074167,-0.26651686340573866,-0.11204706447924107,-0.5115102794645254,0.25043093022790797,-0.3231846285211841,0.32694385285476923,0.20398693532513368,-0.2011077309264202,0.6226122301277891,1.0,-0.17150883602876021,-0.2062785094356383,-0.26252964780499766,-0.22982228631402846,0.3972102865623619,-0.0719774508190194,0.108178557408937,-0.05001817244207141,-0.11991644156192627,0.3332765236496308,-0.09232358179522704,0.3517086187267835,0.008075215946172665,0.1914177290461433,-0.3034853965369242,-0.32387062438282355,-0.44540946858715413,0.184507980706613,-0.6197629808711056,0.10344522304674908,-0.5239778473193841,0.11010880973830972,-0.23426469330681665,0.2348413467330781,-0.5711725287730636,-0.4179940792983732,0.5614616907354077,0.19163224495903908,0.41309225789870574,-0.4593611171623375,0.083755051985825,0.1456265279794119,0.1636103201494905,0.10243038070127908,-0.2732420560127422,-0.29800990248998627,0.1342353148768186,0.0012154770675062432,-0.3344900193696654,0.1892644686865832,0.23166641423594325,-0.4253626691879566,0.11780634578877924,-0.1583521336659124,-0.27149605720888825,-0.3528604714695256,0.47636443368929715,0.2821195872254223,-0.15049184640346303,-0.26109193825114607,0.1648408540515628,0.12104586418482532,0.2085278734290621,0.045988390612311414,-0.30974878395322514,-0.25370140683260267,0.05166166968516561,-0.43728650975260686,-0.23865743645141135,-0.33459496411838696,-0.2756124155337638,-0.3187260811658228,-0.1446212581369839,0.08343407936631231,0.42822920160655686,0.22636924465053065,-0.046377739560062414,-0.18020430558227418,0.2727587567096561,0.44996567675683863,-0.3440543667402105,0.18425140056399014,0.39859695599226075,0.1298448238007207,0.1395594013162189,0.10863033823052426,-0.19798113267056094,-0.12031879207117768,0.4144926643498804,0.08180928832150225,0.350654343402762,0.38816665239719517,0.4249333670200719
ISL,-0.5027016652535532,0.10429985223369476,0.578752989115103,0.26602669431032633,0.29160136952535864,0.7283868267739295,0.7534774092619666,-0.02529008746241357,0.7425147036019439,-0.6635912204941952,-0.70111426141703,-0.742981003652333,0.5535318240703627,0.6231187771533854,0.46312479087903313,0.33338741178947906,0.4666357438191908,0.11322108555490473,-0.2919846540613935,0.027124615183959366,0.5094198386785478,0.1077635053520114,0.05900193201146475,-0.7217817039251755,0.717643378196188,0.6478888047086883,0.49874585358284185,-0.08081791609071232,-0.716452091358176,-0.6583454647856655,-0.704215928238209,-0.433844362263909,0.044722803896644736,-0.4069264445907239,0.3370370436452683,0.48606912029303584,0.7106037930343878,0.5396751149622299,0.6157267397099387,-0.1289054326039114,0.8343496812953536,-0.08608910664316838,-0.06520173341310409,-0.05190943840804274,-0.46848761625045143,0.5894225597785219,0.78409904038896,-0.7567668380964827,0.8370530419736862,0.050647294894208716,0.5961641484434457,-0.08268901746415436,0.5931253333904974,0.3126517997147408,-0.7042863770697139,-0.709367769819182,-0.5231120394115898,-0.5046970545582043,-0.0854660786161936,0.5564126226991736,-0.5278403839090693,-0.49127205278210484,0.5242510679175074,-0.6253858635248899,0.5817213157109088,-0.6151686855810554,-0.7860676366916048,0.43583144957784703,0.06760707213587258,-0.17150883602876021,1.0,0.7917198172144573,0.4520347212066851,0.49969878464397866,0.24342628006284073,-0.7368059107949203,-0.11148448400403033,-0.5626927868495835,0.5653248624436127,0.5032182557108583,0.11133915751345136,0.04756739306856628,-0.3079762788762366,-0.345463456283678,0.7047314662543777,0.7398603393463652,0.66811505671221,-0.21319616938312014,0.020675871274942192,-0.7060527320511238,0.23216130702788318,-0.1292341543307154,0.40596196178762955,-0.7058134055378631,0.6810782046494774,0.5977428945316544,0.2073807778894602,-0.6714832945171181,-0.4723681701640823,0.3342767649010492,-0.631464932057578,0.3273996593187678,-0.21579890387024792,-0.6595656019855718,-0.4154449906446378,0.7573398342598376,0.7653277191074023,-0.5683891975413424,0.8428640077724809,0.5127319927248439,-0.7623114524753891,0.24984826339753063,-0.14377470113557722,-0.5575282895881135,0.37417366751095904,0.6349282850160759,-0.2056333642685404,0.2870045269889421,0.1984667586584985,0.325565571084903,0.27809926284582076,-0.530532866000891,0.3630820199726995,-0.58389422219422,0.4000770489411548,-0.2439697823839495,-0.7281529276715442,-0.01606881906577695,0.44350712399588055,0.06646894432353467,0.5449176438916263,0.6789213689658177,0.8094865798141354,-0.3253461170065699,-0.3977017183871929,-0.702129725929433,-0.6775592847363414,0.12977989920562594,-0.5701455748537811,-0.31588386438537097,0.1550535668911155,0.15851939047888153,0.15215079168713874,-0.6925616760432642,-0.6870946364269956,0.18001614326339255,0.6440177268312136,0.37656753977693724,-0.19205436852201352,-0.3787086307621941,-0.07246156448301244,-0.6644306158464843,-0.6205764775172997
ISR,-0.5222631820779644,-0.10627752728525452,0.4494565657008325,0.29146975782453377,-0.014616892519929925,0.812111205716697,0.743211121961746,-0.26663215189213885,0.7745134147673807,-0.5462346110768119,-0.6027362608036362,-0.4835462971987412,0.4897375827238668,0.5001073746246955,0.5612464240754321,0.1465631721510211,0.22543460769591017,0.024102362294139867,-0.12408333466765087,0.18982122137611968,0.1677995554221341,-0.3306682374831136,-0.003773782953969018,-0.7005468006983784,0.789725002973288,0.7273239348745476,0.5251744094314067,0.1781510402701676,-0.5206793026622694,-0.5004308499296086,-0.5912715587257535,-0.5606959746271825,0.22513280391271162,-0.42274505914841476,0.17414349214364666,0.4719004404306466,0.6601791850240445,0.5395891503032483,0.7812370740825632,-0.22570884494474996,0.8484257743256448,0.12012595269296245,-0.07343558174570752,0.2094875103791296,-0.22989294491954104,0.6809018602901764,0.6402816649481307,-0.6531778527538052,0.7534748028722255,-0.03437223047044058,0.8348661308365805,-0.2852019229204985,0.8586233657031277,0.19649251090116704,-0.6308029048709929,-0.777119342577997,-0.5115248936194685,-0.5439245776786752,-0.24700768387264005,0.605936629694326,-0.2758598556717513,-0.421140933511549,0.5103897610302613,-0.6601122500546746,0.4985812171799029,-0.4141319316100429,-0.5091254731461796,0.4596632457886407,0.002139235579769694,-0.2062785094356383,0.7917198172144573,1.0,0.6418528043162645,0.7438375263625887,0.309702848962788,-0.5408013100877787,-0.2624532877688188,-0.5794419322913364,0.598332264576412,0.3945443483208717,0.1457804177411941,-0.04257378067002282,-0.20381288905266115,-0.5205408245409071,0.5072095725398285,0.6400427285450109,0.5049794419068475,-0.12865849430345055,-0.010552553953092403,-0.6282249381089386,0.27951250689492246,0.1916714870841396,0.1190083890188911,-0.6635259312065083,0.638160548759906,0.4595164011460473,-0.13995898057400868,-0.6638542509359198,-0.5776838180534352,0.12949932036012468,-0.596866279341866,0.20186372675618647,-0.32128620065280167,-0.5895572100162276,-0.5230407261669232,0.7942025550769802,0.642906544085039,-0.5138277646668983,0.8199262695333185,0.39651684908324625,-0.5259317501470586,0.44384073609149444,0.02687612716368415,-0.2629185638733844,0.4185475519844699,0.6731260560311484,-0.38147900281462066,0.2669493298401464,0.16145975662453604,0.35043172223357755,0.37496669337388,-0.49448687966365346,0.3613799501772026,-0.4773085854609447,0.39909803792096565,-0.3155110646846493,-0.6937627724114326,0.06268295393839862,0.2940397246318984,-0.006247794634275383,0.4496480719935487,0.5760517942946737,0.8363713898846782,-0.4549313247641298,-0.5209318127901039,-0.6740998486851457,-0.6086965423924555,0.13467419769924593,-0.6224526931250205,-0.5542514659213262,-0.06348916118147185,-0.016276030296426436,0.22294852697964795,-0.5418526674361033,-0.560212266186245,0.004718691123521079,0.4958518058971433,0.6918884649344105,-0.1839592292613128,-0.3829707616647524,0.027613241040613246,-0.5663946823225423,-0.6616701154425397
ITA,-0.7281795960155177,0.36897626919980053,0.3506261979218177,0.37004596938836753,0.26213744300613606,0.7727358854460565,0.7957886883939144,-0.04157496251545334,0.7242010015090365,-0.7290023933632408,-0.6217506234635573,-0.17103133465769926,0.6213977108751462,0.19208568594027908,0.5564093572616288,0.60399083590725,0.38347033376974093,0.1331931758201934,-0.22736865420547647,0.43546164957972633,0.06982255483482946,-0.2526258870180258,-0.09389837181080862,-0.8023628956997446,0.792647249925211,0.6132510739379988,0.7433641242156724,0.5697345500588086,-0.7078145151430943,-0.7182213634782659,-0.767449541543014,-0.6874409714011778,0.47244572323938083,-0.5906213237498346,0.16432734346775157,0.6645173518915426,0.5811811132792817,0.6835202169585036,0.8041502938134313,-0.2799285962217808,0.7308321905526576,0.15944300171040737,-0.10774851189161061,0.44762830142567467,-0.1228529994557106,0.9206118077862623,0.6013989034177735,-0.6579624374248223,0.7770761816610745,-0.07206488361232988,0.8922281024933439,-0.5364243065013281,0.8625588690326347,0.38219885410348464,-0.777102790372812,-0.8321078247956231,-0.757897551638631,-0.7126484002529521,-0.6081177718089623,0.8693710392957312,-0.2933208797391653,-0.38477118198530746,0.7505600818346277,-0.617649141592246,0.6184398976973385,-0.17205942607054836,-0.10064539939375172,0.5223999555754447,0.11483716009646228,-0.26252964780499766,0.4520347212066851,0.6418528043162645,1.0,0.8428652012033041,0.004776481322234849,-0.5131132250694246,-0.4754532058511596,-0.5529785696704459,0.800200561913955,0.3464181242517912,0.013690242999383484,0.019848422166025892,0.020267417192386894,-0.5470811522266272,0.5643812346029905,0.4384964836331404,0.6161589276911615,0.1366773320947745,0.11209884744765608,-0.7200294735401522,0.2321335699745718,0.34963153822702164,0.44549769519316684,-0.8051571306430654,0.5157197247725491,0.5334341840534923,-0.38785981524502344,-0.7761192450439314,-0.8037783431113183,0.3336067275103678,-0.6481237374722735,0.24866966921454292,-0.515521873109759,-0.7518748911503463,-0.41764995437970165,0.6935351918040468,0.5641347282829022,-0.3683812810018454,0.6870974399883933,0.2620488321273815,-0.4692964272168927,0.4836616874408154,0.0923269754949172,-0.08273603031836219,0.7311248297828264,0.8547244045912744,-0.5226423589964346,-0.0646875659496613,0.44069542613903945,0.7138843442254615,0.575945918464863,-0.5747839020868901,0.5595570224703112,-0.6779288910653474,0.6300305334003237,-0.5406906133833369,-0.7811936925780669,0.20581570166740093,0.6694698492842308,-0.3322319812624026,0.6079247881505123,0.6283289480501097,0.7885936568755652,-0.3546689769057425,-0.5430269497949691,-0.8389969365881871,-0.7908492765514232,0.2999024056577866,-0.5749614421371472,-0.5848260006879165,-0.1196162040806863,0.2909087905185215,0.41069989595541245,-0.6494483953826129,-0.6815079897908529,0.4404574568618437,0.5221854362446945,0.7321087003193328,-0.33581623220936097,-0.2239490924620997,0.09370486592141847,-0.7232803055830268,-0.7196826662668703
JPN,-0.6483686122764702,0.06548674694363465,0.43890998870062203,0.3157949107079536,-0.012230060697763445,0.9014488958473691,0.7443406302385513,-0.05629033900965541,0.6604295469761131,-0.5558128130393414,-0.5415188340933135,-0.13775630595097144,0.48179308056562553,0.3896463411903158,0.44828827303194885,0.25300246603841037,0.38149329867821935,-0.1780568067385495,-0.05668327938386386,0.40057018614563267,0.14228984827798408,-0.30353358473003955,-0.2640706937946926,-0.6894644748032603,0.8008371335686222,0.6446431433197076,0.6279939356216051,0.6132565550840562,-0.5149435311467796,-0.48275327890948017,-0.6490479625981644,-0.6810846877458776,0.31398940735146663,-0.5087517932244503,0.0008296189438667945,0.43921559092287565,0.39421454625118924,0.6741263369326538,0.8921299247805208,-0.4485629034505998,0.7175353707518721,0.09362169354822603,-0.07453942730522978,0.5071757455229478,-0.005286152497161911,0.762303349701234,0.4745156934718282,-0.5766113967801556,0.7504897884811751,0.06784659035094776,0.8426066793554838,-0.4790894570239994,0.8897353057027019,0.02960892364281731,-0.5861092042682607,-0.815664379507993,-0.6463390748139703,-0.6097244668741189,-0.4405648618109077,0.6294752619832966,-0.1089941479978298,-0.5805436638329162,0.4810172176288412,-0.5694619377454131,0.5150341980571448,0.016633260688742713,-0.16448329347182256,0.35982093513189306,0.15494479482070866,-0.22982228631402846,0.49969878464397866,0.7438375263625887,0.8428652012033041,1.0,0.17863846589249566,-0.4676833515165326,-0.49649000044351244,-0.3621910209121759,0.8535200569032751,0.4637928717106836,-0.006794779777187898,-0.1969959091915996,0.004285913177723311,-0.593708607030395,0.41605127461637026,0.3550023984599091,0.43979488775201847,-0.01892441777168763,0.06508460755684564,-0.6061996229864528,-0.04100517839464235,0.5108148379854501,0.11355452532344168,-0.6814138853548268,0.41421481788085035,0.20353316848673497,-0.31110631348813444,-0.702239524790921,-0.7207331407766824,0.11884967626063347,-0.6069310500664615,0.35279313253616906,-0.53807808066875,-0.5659386439894665,-0.5149055492110075,0.6932255484568699,0.6147980358483704,-0.4219458027089673,0.7884614100126437,0.4480376706866853,-0.4162186640308707,0.27446255520843876,0.14380667265439262,0.12524453250700973,0.6630169284990522,0.7301116395635161,-0.4136641159942531,-0.1714170842628766,0.4338546585316666,0.5696026681211797,0.6236129539382288,-0.6255037595881696,0.5318511558779477,-0.5143421719155197,0.4727613074778594,-0.3389510437145651,-0.6731469283288574,0.11788698833534694,0.3847789409276816,-0.33614826488165384,0.45575951433828865,0.503469707718513,0.7451048875624984,-0.5133992220965093,-0.5792363297241483,-0.6555293637954656,-0.6232917991813804,0.49773064239948095,-0.6359939911136412,-0.5592553142779497,-0.09528365065230315,0.0069112213943698375,0.24934266275171568,-0.44513340903709575,-0.5173080079566499,0.260176431917005,0.4345474424311224,0.8176414265092664,-0.24547191587638917,-0.14835981764322725,-0.004585174629306188,-0.6239050324759834,-0.7106514986930816
KAZ,0.022680028599339486,-0.23916221115765057,0.5405092043793086,0.3110282907775348,0.0466554387907786,0.38492062289485585,0.21314839090129167,0.4003336636394106,0.1046677845877797,-0.2674592588336837,-0.4148016948882236,0.02230464446252378,0.04407614279577776,0.5011746620985177,-0.15166856730020473,-0.06843764305999578,0.29329021011651113,-0.4744144452358037,-0.005924481596674802,0.047640973351163796,0.42067093129765143,-0.20508353480276353,-0.21518762291506377,-0.21848499045571002,0.4282297959555095,0.333044368152995,0.20976070216086462,0.24350454562100388,-0.16412936422549107,-0.14829815862731333,-0.09421576031571477,-0.04231004418633577,0.01879013579045896,-0.32073749922287353,-0.6439950114816417,-0.24526233428617483,-0.03419925845147542,0.16239865656906216,0.31301595564404683,-0.5188357339271916,0.13049563869084402,0.20008086538998882,0.33759155828220955,-0.08507327332303838,0.454104908539668,0.04323503230887227,0.1744712407598813,-0.11320013542011531,0.2024598987689068,-0.3842750041000824,0.043459074383289775,0.2789906284762673,0.12956261189883767,0.060243070562211454,0.07143443046794207,-0.3189861343623017,-0.278854559045302,-0.4704461553417725,0.12572608211880232,-0.1622411049879391,-0.21398912998050124,-0.5169886461386586,-0.12660241536694317,-0.1584765579495837,0.10052172966327877,0.31243976439704757,0.011991619037969747,0.2551602051332109,0.5755404452300146,0.3972102865623619,0.24342628006284073,0.309702848962788,0.004776481322234849,0.17863846589249566,1.0,-0.26131483174021586,0.14661614776937948,-0.03155570668463126,0.31191640743805915,0.3508707154475246,0.1707241251167635,-0.009900058338655038,0.17311343627768816,-0.37287211980644286,0.2000022781600539,0.1262765585952369,-0.02555178768305577,-0.2490171847341014,-0.1481354520723508,-0.35683696385147057,-0.22068801694416695,0.35689897159708983,-0.11135475582571841,-0.16125909721338827,-0.1508885855658062,-0.11660425636016636,0.5575405029030106,-0.32692282565178465,-0.14625305345474127,-0.24987397042802817,-0.3848383364169963,0.5466651184089291,-0.27892914119502343,-0.22317146813293354,-0.5430377922309562,0.11410603753705828,0.44535952565470527,-0.3695089728487695,0.22305469291975566,0.49156758662464806,-0.09780785515666413,-0.14778867149148867,0.09644983787315886,-0.14844267386528487,0.20397131887955555,-0.020638950988260074,0.3321853360201428,-0.10923504065306089,0.07020255783977503,0.1358711958690182,0.5247290304188512,-0.27340697255004964,0.40255671932270287,-0.29467059391769945,0.04698738075880404,-0.38608921283361486,-0.2607736606711295,-0.650607128165337,0.045049981244628556,-0.3676806348254762,0.11364735362539313,0.13304229205855134,0.11201033897351342,-0.315324539613125,0.030410531027944665,-0.08561655659745493,-0.3070915844526607,0.1001444072163612,0.04251897079118572,-0.11115442901828243,-0.2977314826984785,-0.350479935498375,0.3537248305888039,-0.05187778886020378,-0.12988752652844915,0.10026080474293708,-0.049895569516666294,0.42649198436362956,0.5023526652967337,0.23687018939513083,0.17113286001769445,-0.0681445593465222,0.08052731944910918
KEN,0.5443372123548922,-0.2497545379183872,-0.8128224793666745,-0.26726789154884845,-0.36912628785920454,-0.6259607633077415,-0.8090222932524123,-0.36138645859391927,-0.7850357799722962,0.8261773533093161,0.7708711822145419,0.6653659475369259,-0.6602429495207303,-0.7899442473499039,-0.32660452083681246,-0.532113328309471,-0.7277777643310785,0.012293012609214005,0.3930607754762998,-0.06657104093041855,-0.7559629191098143,-0.1335906566846079,-0.004425986193771214,0.81570914948845,-0.6942251830840422,-0.695962124056152,-0.6794872240657397,-0.10558831433000515,0.8611191891207944,0.8644488322961014,0.7049625580830283,0.4178532272822322,-0.014788190921456001,0.7515166547757433,-0.10183476146397519,-0.45200315714586403,-0.595264034274466,-0.7287450292825428,-0.656080208415659,0.10059228594367842,-0.7963713003951756,-0.05248609132253512,-0.007112996109959857,0.05487489063105033,0.4879892411919988,-0.5965519107698118,-0.819909425267483,0.8538700389234039,-0.7799852369355085,0.14310633718588983,-0.4908859136002701,-0.023483321814317115,-0.49949316932404075,-0.3691706251646296,0.6729420827326923,0.6679930937012868,0.7727721494050045,0.7837960244866334,0.0971764420237704,-0.5393212317096787,0.6493998251528343,0.48710692719064164,-0.562632997499201,0.7285580584796689,-0.7674702745919935,0.4220205616731516,0.6156967428027089,-0.6889454972171152,-0.20543650464251595,-0.0719774508190194,-0.7368059107949203,-0.5408013100877787,-0.5131132250694246,-0.4676833515165326,-0.26131483174021586,1.0,0.21325435981279317,0.33565039511449224,-0.7269782589036393,-0.7827259792670698,0.0011518403691780366,-0.3312185251251112,0.4039275683823609,0.34494790378855034,-0.7898399525171547,-0.7117985518312269,-0.6989569162195082,0.0006080020328906866,-0.05218731521334319,0.8607088521580984,-0.11888210283896528,-0.2272827611435313,-0.5998392946545241,0.7670049901359596,-0.6186732597596836,-0.5025174689368563,-0.37039515970426784,0.7326756463639067,0.5393453989528504,-0.3337618301136227,0.8658721612544945,-0.6230086658289031,0.4384946851712932,0.8137221845209862,0.4149730368211825,-0.7590599098710897,-0.8190393802286957,0.702768515198971,-0.5910496679539605,-0.7358258384000105,0.8832744042809004,-0.18912728273304524,-0.014072701312520586,0.5362260430130471,-0.6182533474766227,-0.6163780979389955,0.0733641604113131,-0.07765755420380716,-0.5192654030650621,-0.4958158061408513,-0.4361412171327026,0.7015570069990683,-0.6240926150751429,0.6718490786544515,-0.7116421886276099,0.535180129393079,0.857131237943633,-0.04899729021846522,-0.6615240310540129,0.3863813171488013,-0.730807259148033,-0.7870854071357605,-0.767504385926288,0.3732962478560966,0.4344044125056705,0.7854972751042721,0.8550679470660002,-0.3490501818046359,0.5433826973765833,0.16360444103972138,0.07839782357132008,-0.2542362055065137,-0.4183251076124819,0.8121073562157188,0.8422969943832784,-0.38278063507957993,-0.5292607394827087,-0.26099550485800194,0.22716745295095597,0.02357673302474972,0.12106323967074373,0.6221298245859248,0.6718158302673088
KGZ,0.17245512259354656,-0.021329837080826586,-0.1150431332970987,-0.1580949775156788,0.0950595046475684,-0.3709591423629739,-0.2516674750548553,0.22672221019717087,-0.2731652552591488,0.10188897346421566,0.10603940616255325,0.0576393597678152,-0.1995029429328854,-0.17275714092802463,-0.41000351719692296,-0.09381512585641083,0.00010143064177237093,0.01263206660945404,-0.09187965977258883,-0.3367413922654745,-0.05071858088808745,0.32616004650832553,-0.13106734886651772,0.16822191610321457,-0.2917467240134701,-0.2597406097890289,-0.39000024175829173,-0.3375267547345735,0.09025375341648045,0.13409192043103402,0.35160579677520576,0.18941811260782093,-0.3143344341159131,0.23121688217242453,-0.23918363724638314,-0.3901856754862476,-0.08978964523511745,-0.20682707353802643,-0.2922569972004332,-0.09044000291305387,-0.2647007536766104,-0.2753574701461088,0.01781015602775282,-0.19512175494144923,0.162560213521457,-0.4066798126404094,-0.09032989549102632,0.24542362168219212,-0.22567923224135966,-0.07522081759014876,-0.38153940634256056,0.048445014858249036,-0.3803559527967215,0.15396785455202133,0.2889926255136973,0.29626081928154324,0.14450667537591932,0.19516409484627473,0.06671117925519732,-0.38772214488817447,-0.0757195716098864,0.14061102158015226,-0.16369813267721867,0.10208162201114235,-0.06118084262751178,0.02460940341711715,0.11231922883678214,-0.19116959304218994,0.04972126529883947,0.108178557408937,-0.11148448400403033,-0.2624532877688188,-0.4754532058511596,-0.49649000044351244,0.14661614776937948,0.21325435981279317,1.0,0.22552018955296615,-0.34003649048604845,-0.3050040327409076,0.028274141009996367,-0.09452295638377084,0.3718363402893379,0.1834620403759114,-0.04290058038127964,-0.16509562238219977,-0.07177533580690554,0.0037220252925416197,0.21857172242597522,0.2849808589412741,0.0021665086939363087,-0.31965954486491555,-0.048839052194986854,0.2558248875839182,-0.22425506272156226,-0.06947967728293958,0.30160411563201583,0.3282279449936941,0.19640950579757765,0.10128511158513787,0.34446662699003405,-0.012644978826471753,0.08587069663371949,0.2885267813974388,0.24386865737103225,-0.2848815870596608,-0.13899788062013885,-0.041731661833923406,-0.23068263578808357,-0.0686537934324698,0.13381973676641234,-0.36710607543189555,-0.25840773570550324,0.06427012581107316,-0.1515398073775054,-0.27383871606161736,0.28019341327176983,0.1726514988510841,-0.29607787002054264,-0.0473232780898567,-0.21413958806188216,0.19956520235355768,-0.29292253982570426,0.08550132806192678,-0.3371597507078685,0.26292016952951935,0.1701443149194275,-0.35065227656821674,-0.10320603502131864,0.06457957053387475,-0.011346572821125278,-0.021122961683301078,-0.2988046759605991,0.10901957084358382,0.23315236010818563,0.27651456957080733,0.2616896928781397,-0.010334984880779219,0.6347439382789021,0.5024400109963411,0.4321797640195414,-0.12583843464022015,-0.27658134951055424,0.20497994807718123,0.2517721214833156,0.017527201679492732,-0.31184045625001033,-0.40049537147932246,0.5836366167656363,0.33664834120507203,-0.1694369564014051,0.2526283064763877,0.34235236606095454
KHM,0.2569475620744468,-0.1349059069690901,-0.05597570165392263,-0.4966156941991753,-0.39359251601288814,-0.5290086298661016,-0.45405045374941144,0.15596510218749526,-0.5079692163859,0.6117741406166957,0.4923695273198574,0.45811903280731325,-0.43785195734743776,0.001473195235232816,-0.5004386958899771,-0.4893583928535141,-0.07835069657361515,-0.17285139748956024,0.03488975121982252,-0.5098249658972922,-0.031079928335178808,0.15149573376886527,-0.4943442729659224,0.458703412902876,-0.6279952411981671,-0.2587817449840304,-0.4636143536979904,-0.0685503276681032,0.5698025438557177,0.48722817371158667,0.4542268646939964,0.18903831662475978,-0.5721566109347145,0.39415718527664334,-0.4548110068564073,-0.6263135505904136,-0.487132074656631,-0.2553720512223683,-0.41683385389095395,-0.10538040786584046,-0.538182926235311,-0.12014340168920024,-0.20166596319703167,0.007366843953588775,0.2564677173302464,-0.673962119325894,-0.42615065166825983,0.5304468614442339,-0.558268743933457,0.11512797184466672,-0.6503349668170306,0.08240859678180301,-0.5543054611066285,-0.4770571165391604,0.7341734114286298,0.5514021906285568,0.39530064006480514,0.41390882953300523,0.05734947448324379,-0.6941492470587574,0.5122974548262452,0.21565138393032546,-0.514680973380933,0.29923881408613784,-0.283399608538075,0.5084838360959831,0.32230235069088764,-0.06481197451234255,-0.1904056385435149,-0.05001817244207141,-0.5626927868495835,-0.5794419322913364,-0.5529785696704459,-0.3621910209121759,-0.03155570668463126,0.33565039511449224,0.22552018955296615,1.0,-0.25833436763695294,-0.22239433889632743,-0.16509771076038393,-0.19647712461748346,0.27505875073101804,0.046951764426174325,-0.3919276827530964,-0.3586008335976538,-0.4817220085592093,-0.07260787853689332,0.14385259364129532,0.49204984475877,-0.21278987389566262,0.1516955151736442,-0.36578759026125485,0.6101346711144732,-0.3841842033664129,-0.6501615449184017,0.18652566984461927,0.5233400223357327,0.4327811114853678,-0.24261961074934635,0.3551531744428267,0.16334621413213068,-0.03617280343991114,0.6087140360331703,0.4597684063220395,-0.46216186328596076,-0.377899565296957,0.23660072231207874,-0.5303887585694855,-0.06985112396091608,0.3246240168232155,-0.3605947814136057,0.060399843847937285,0.346254977501382,-0.223276831981559,-0.4352326818299783,0.33472741922557836,-0.5769670925347667,-0.07167247768827689,-0.3166002285096825,-0.3312896438716302,0.22840641274300377,-0.3691079040433196,0.5819660194523405,-0.2359220553429573,0.48933529996433167,0.5912106165589147,-0.08931468225298422,-0.4624202157385311,-0.10924205922614116,-0.3239872230596952,-0.2679928187392664,-0.6282719357080644,-0.03396541997453606,0.27281175654416556,0.667605883365209,0.5930344208914594,0.3406152548123924,0.4602808194564423,0.36604278975308924,0.058976741743904326,-0.5371462803361415,-0.35251855384122033,0.680643671177392,0.6030359240298494,-0.3677678169793954,-0.6214273831638168,-0.5064058052430456,0.23776363738577833,0.7278592283330038,-0.5401646407323621,0.47706783050956947,0.3145480227788515
KOR,-0.7066431270464806,0.23336544079317967,0.7602652596510644,0.4130937778285113,0.19792380302031498,0.8570631226107696,0.8467573595736655,0.3295291546596455,0.7339713828707103,-0.7711785042139572,-0.7613858928962216,-0.2625895123315036,0.6110794267511034,0.6184701938469631,0.3194584326749341,0.43760198055599764,0.703190366497898,-0.19280500646019405,-0.2813136052058618,0.31891261179458097,0.46067704670710796,-0.1368592169772238,-0.3075264999285512,-0.8662458892509646,0.8696025301307433,0.7289684559761276,0.7900435071247609,0.6011358228742789,-0.7562285343374904,-0.7513195374952144,-0.7483324876703832,-0.6712671473554448,0.22211478186644995,-0.7402002653224944,-0.1558145833776976,0.3905646995579293,0.47765064090591947,0.7861223448144221,0.9055931146724413,-0.5071182135990002,0.7611191790636918,0.10903774517760234,-0.06354066929737967,0.3224515044835373,-0.09793716972070055,0.7599183123784136,0.663452684765133,-0.6996524421058754,0.8207015188728845,-0.14106023804144008,0.7063989849613361,-0.34627462521304064,0.7701880482099793,0.2178568084529886,-0.6062939139461063,-0.8425096898621103,-0.8524341358019396,-0.8214171897148672,-0.43588354780326455,0.5961038431124609,-0.37491287411413965,-0.6624309178483403,0.5534029338657774,-0.6833530825419252,0.7289681675732544,0.002859259772140077,-0.20868431601327786,0.5952156939936099,0.36022836998899366,-0.11991644156192627,0.5653248624436127,0.598332264576412,0.800200561913955,0.8535200569032751,0.31191640743805915,-0.7269782589036393,-0.34003649048604845,-0.25833436763695294,1.0,0.6251466286006596,-0.006122152455797059,0.03624192407442506,-0.031944725577826905,-0.6332154494847226,0.665188466656532,0.5021096997720254,0.5765592823575582,-0.05913917883207098,0.13673887037219445,-0.8074054634268457,-0.007384732459781329,0.5292943020269885,0.3357855090603683,-0.8113071783381978,0.46892405802452175,0.29454626662863537,0.008843422230757514,-0.8158855710227297,-0.785422359264845,0.21611792769418026,-0.8010045366476519,0.6727136673487795,-0.6825308515891084,-0.7519607331722604,-0.47286204987134295,0.7471652649063182,0.8152273227354337,-0.5616391390287845,0.7461984274122396,0.636957382090289,-0.6403817928179585,0.1863824158489169,0.1918911299703263,-0.08093026651745538,0.8350607879750795,0.7495701077858054,-0.2868591046393836,-0.28626848243128267,0.5509257918305841,0.6807862970943701,0.7556154708779307,-0.7841489980325163,0.6828986322429819,-0.7139691181062944,0.6566552536622605,-0.5503109159132844,-0.8194294219167952,-0.017777324755011925,0.6151383517214128,-0.5669804073767266,0.6523094920588092,0.7003715892991278,0.7570774856666541,-0.5950620478764903,-0.4823298854985658,-0.7701354713318058,-0.8283558319704523,0.5981237134045362,-0.5468902536169016,-0.41515689754991314,-0.1697202549411374,0.024181582564855808,0.45471210583969834,-0.6069381372048501,-0.7002724393714259,0.5113531003751532,0.45946987172264453,0.6900911051870254,-0.13281640227128566,0.08051364765257163,-0.06574966637920632,-0.6870301179460014,-0.6837471751657949
KWT,-0.29239259912904636,-0.020402894217090184,0.691252101696023,0.39471153356371547,0.04228842722930115,0.6191947779464625,0.53562580798309,0.46209597122338675,0.4953496598385605,-0.6119004786112325,-0.5708324405685414,-0.4724743650808787,0.49938982811507604,0.752532006503955,0.023136933692698092,0.30344595030756594,0.6350653257782019,-0.35796139570285446,-0.20055799677606023,0.19023446257085297,0.7877237305443365,0.09563033766752971,0.03377176881603938,-0.57711243513568,0.5989043145190299,0.36076056145780033,0.4856799821718909,0.2450658364175482,-0.578252922240885,-0.578026218545697,-0.41375645072246114,-0.23355115606082566,-0.022573525297012065,-0.7255086130265591,-0.1619819943319576,0.08153182239708079,0.17047885639342464,0.6565581052549805,0.5645174061341334,-0.2684745144625149,0.5389815540238483,0.11010921311355704,0.21057139458329166,-0.07188388978034599,-0.3242429326949936,0.3425152738824866,0.47730745220793547,-0.5599186422104239,0.5399457756201537,-0.30958096634917665,0.30999911032454397,0.09312112823998164,0.33074597761715396,0.02768470637608378,-0.4413138412656057,-0.4584023083590789,-0.6093729678460902,-0.6076762741805641,0.20299596418721744,0.24547400029867816,-0.42746835029388475,-0.6283356240826965,0.26971493480463105,-0.5143193621981954,0.5433106633706616,-0.14465339538277444,-0.4194306912196013,0.33080477491658833,0.41894957736801763,0.3332765236496308,0.5032182557108583,0.3945443483208717,0.3464181242517912,0.4637928717106836,0.3508707154475246,-0.7827259792670698,-0.3050040327409076,-0.22239433889632743,0.6251466286006596,1.0,-0.0752258932351697,0.380421112357478,-0.37261417643684847,-0.309369469323886,0.4112262422139512,0.3544031720366678,0.3665642934068679,-0.13271709995560732,0.03667492691349139,-0.6062427877457193,-0.18647416319164445,0.29972876184443453,0.20119339562675786,-0.54556181453089,0.25330154303296193,0.11899546221913271,0.32040288811951845,-0.581891631659599,-0.4025273290842748,0.03994691300167463,-0.6502001845274896,0.44973133001236354,-0.46779038907581594,-0.5181662186263065,-0.560210145539362,0.5023602799739617,0.7792778033965316,-0.6580881046711025,0.4861511198178867,0.8971424661457308,-0.5764838944008206,-0.08110655236920938,0.14724599455693754,-0.3726768912171037,0.5555292192758641,0.31613567378500895,-0.10603973345046547,-0.15462689044781386,0.697221650923919,0.43337163273877954,0.6009792357594534,-0.6965963585457509,0.8002223873210346,-0.5214067582698352,0.5547971991759352,-0.4920797438770128,-0.6177898097192251,0.01834416150912621,0.41226958523974144,-0.4690103173922522,0.42829925484086995,0.4771902135880537,0.49914081758086615,-0.46632351472152256,-0.31050304075824675,-0.4972295256105066,-0.6033116861365717,0.2961167995680354,-0.5244712508636622,0.09922903189284615,-0.05708807780355163,0.016634253842777946,0.41687057011025064,-0.562159260473023,-0.653481200975309,0.35837331612254064,0.3602886167262098,0.3280437417224493,-0.12350945788397594,-0.13623223781125238,-0.08284859055543636,-0.343644561474705,-0.37643978754016394
LBN,-0.055527317620833294,-0.03717415000379409,0.04759475030598059,0.24237237646695675,0.18879327532774903,0.09630104250504057,0.000221507536214971,-0.22170688328311972,0.18352123182854696,-0.06705325021130082,-0.397843070319432,0.05710030216227746,0.16753999037419798,0.030361921783230605,0.08853598783167282,-0.05349100406803542,0.030130779602838054,-0.11303390105568378,-0.40454436266180904,0.20594880924007875,-0.1946366779057329,-0.3232815829508173,-0.2599874297941973,-0.027165481399035407,0.1475934564814777,0.2516496283760259,0.04433994804319452,-0.20564465899970008,-0.0038881170120326214,-0.06519007161737767,-0.1882704238272317,-0.07476035293605898,0.0987131101971015,0.1317344488279698,0.115519794635775,0.2655428811280113,0.33057306142819154,-0.0064686139324672265,0.046153412018425266,0.25772771297105246,0.13391539841963296,0.1363401590411537,-0.10193738227091642,-0.15395054975828537,0.17245827780549072,0.15409409290184162,0.08637051666156703,-0.04350936732176569,0.006601355327959135,-0.27948571118732124,0.12951696782316935,0.001482228007475661,0.1304743446868828,0.26681311475398006,0.07743328339271172,-0.26414370122375086,0.1922423071973547,-0.11988936747182599,-0.2492226559852595,0.1791338464744051,0.09707655880609445,-0.20446209688557726,-0.12484007013444143,0.3144134722396903,-0.004855705797419008,-0.12221869197668989,-0.0728065308117023,-0.11789893738068535,0.1190485425297313,-0.09232358179522704,0.11133915751345136,0.1457804177411941,0.013690242999383484,-0.006794779777187898,0.1707241251167635,0.0011518403691780366,0.028274141009996367,-0.16509771076038393,-0.006122152455797059,-0.0752258932351697,1.0,-0.42761164321140166,0.10320832561975024,-0.34270136469216483,0.12881312082370266,0.39017500269350913,0.04671694874064769,-0.29277880775296117,-0.14351273212997828,-0.1745870666924807,-0.021180066978253587,0.15720864867871576,0.16509234154756514,-0.2012838931657095,0.29741595500693774,0.16446030966703773,-0.0879387067719073,-0.22066160148776293,-0.15310715005979292,0.27432575235667245,-0.16448289284884887,0.0023522305037523283,-0.19532353135496128,-0.17386047312375008,-0.4219434286303927,0.13622523567852385,-0.008556870918310144,0.38162162145883904,0.20815144426014953,-0.20442392494635464,0.059806297518915974,-0.0035768438568264393,-0.24639896524827698,-0.17484095386086795,-0.053509066225782,0.16928835005977305,-0.012412214649127673,0.19540877544199775,-0.03674328920626402,0.02740531586989503,0.046300148552893106,-0.17486334389212144,-0.13324772303112065,-0.22304363599468102,0.25444509493795175,-0.3257971300200304,0.01861832635256233,-0.19596925799827258,-0.02027080124183045,0.5184274436606207,-0.0656808353094831,-0.10659915903883621,0.0667095825746431,-0.31332777571739867,0.3989957519748667,-0.13945194224646107,-0.0758716605483225,-0.245452764349104,-0.2535800847680445,-0.4385741326736592,-0.127292819219482,0.06323611256176864,0.18405864007072692,-0.16510089853576226,-0.15431745248685336,0.20065392971525742,0.43199025657688517,0.3348601048413261,-0.30033193911253253,-0.17465574783565896,0.13310443932225113,-0.05209879527280403,-0.03139066345920938
LBY,0.13501151620440877,0.07206991432301701,0.22701711742406572,0.31519034856462036,0.07551305400905961,-0.10564644886203056,0.021333114261686492,0.3783728589989017,0.058730675218591544,-0.2801764592938092,-0.09973269058815837,-0.34631897547244384,0.15028961461509371,0.19575932636374127,-0.07751185130637372,0.26227601542050505,0.18822237373695105,0.10937983368425486,0.05963340253079541,0.04295284512139752,0.320188119221124,0.010968837754238958,0.5690254280937052,-0.20715037607527487,0.09877257018314467,-0.09630487602641868,0.33594554273403254,0.04349615787465244,-0.2799395149509645,-0.3155854075625819,0.12258206569348773,0.23309062811007697,0.15215920930175164,-0.5550088724458795,-0.06898011300652729,-0.05702498170778081,-0.033473446339956636,0.0796546227594257,-0.04298609558950006,0.034820502972431666,0.03945005513845845,0.2813237922299504,0.21809148264052458,-0.27102552794360335,-0.45084097879184126,0.016155707716075773,0.16657178920464888,-0.16024913127025608,-0.01584629957918815,-0.49862348162819314,-0.1137436078703371,0.30554662359387974,-0.12902708473240843,0.22299970227399646,-0.18116603178331747,0.09297947707357657,-0.2575516964865032,-0.24205100078506314,0.3164779870848644,0.02071233611978962,-0.4874849478309231,0.26111027562915434,0.2124114553825519,-0.27084237986908866,0.1857197614565811,-0.21791704265306122,-0.10987426191681027,0.29435869605385623,0.2579597523468361,0.3517086187267835,0.04756739306856628,-0.04257378067002282,0.019848422166025892,-0.1969959091915996,-0.009900058338655038,-0.3312185251251112,-0.09452295638377084,-0.19647712461748346,0.03624192407442506,0.380421112357478,-0.42761164321140166,1.0,-0.4394264576908149,0.18787482811659661,0.12381754020252955,0.0055533058243297795,0.09635023988262648,0.08521202394712013,0.017081959325405904,-0.16300786984823534,0.2673337447452746,-0.12335210219706316,0.09104060914501289,-0.15128129178821093,0.011000511482836428,0.23286318906396541,0.21188527884303165,-0.0822863525798474,0.01572357599611318,-0.27987694468620194,-0.1583774791843937,0.020910289221514056,-0.009947508206960887,-0.2651262656781621,0.2305144904056745,0.03133672359361106,0.24572002456270647,-0.3405596223398446,-0.1994809161042479,0.2764683832781969,-0.26687597960295184,0.217322518921647,0.5151813940551833,-0.39686006901663107,0.1259219482221513,-0.18231018040918667,-0.08125316526036452,0.119284910532099,0.2136078441291387,-0.01820397734194157,0.1773900087314555,-0.03386817937793807,0.4162984371519738,-0.16480853007062857,0.21554703942717024,-0.39984399006365745,-0.21825585167773243,0.24726916479502747,0.28086694181777816,-0.4266169293733464,0.10593413026545084,0.16763994356732037,0.06490810509880063,0.018400533477659353,-0.013393620313042254,-0.19796798231967982,-0.25777104262285033,-0.2565957036654407,0.03646068693285853,0.30240674340741125,-0.3283645643653934,0.07663161118428641,0.4847223643574894,-0.26646249541173583,-0.27416868774661185,0.16200517840923623,-0.01835176539669825,-0.2142318037814519,0.12698679123080947,-0.19002164617459383,0.1408859514670644,0.11299898002121767,0.19786804632328658
LKA,0.009507463398594096,0.12164079281253881,-0.19266678058680498,-0.03212322567790826,0.05786721482986046,-0.10853909328729783,-0.15791923646177253,0.14816004563447294,-0.36799372089584415,0.11221714771760583,0.07813086804680447,0.7331087058405372,-0.3224215024092265,-0.33191370601856995,-0.3021666455989167,-0.07147763072283064,-0.13347918135493164,-0.08722726099382627,-0.05961690900528982,-0.06554130868173846,-0.2961714485210025,0.08099868300301727,-0.48421270710525155,0.07167878267633587,-0.14380826552512516,-0.040184096344445974,-0.1162515059985072,0.2533227411437603,0.18678816773316664,0.1827068344744016,0.13000053818344703,-0.03829576989006411,0.0754117880319376,0.25514832199907156,-0.36265515328123055,-0.11829149041971831,-0.21313748438328473,-0.1820002802192371,-0.11549336075120031,-0.45040521350507534,-0.32658813470537074,-0.033400175725111225,0.013689455872103906,0.3453051958523573,0.6617814601142102,-0.11193307281064158,-0.24958011770539823,0.414337608477954,-0.13764160231031952,-0.17780951884031082,-0.14803761104133129,-0.2023108543494183,-0.13387658020974436,0.004583575708926868,0.2571791427705711,-0.005975608086897344,0.10226003651417104,0.03226347607944546,-0.35286716833674636,-0.23133345785028525,0.3921029428420968,-0.011908504915767448,-0.1613395666154731,0.2738898649117689,-0.26035757717567476,0.5052031919863134,0.4952553913073021,-0.09877349417195314,0.1563580010529909,0.008075215946172665,-0.3079762788762366,-0.20381288905266115,0.020267417192386894,0.004285913177723311,0.17311343627768816,0.4039275683823609,0.3718363402893379,0.27505875073101804,-0.031944725577826905,-0.37261417643684847,0.10320832561975024,-0.4394264576908149,1.0,-0.28727517036313643,-0.1610158891293072,-0.35683799628983426,-0.25401420822397314,-0.12277419632490183,0.1128297790055921,0.20543420804939094,-0.11216966958898378,0.044449304176686466,-0.15636176374006383,0.15922747733613307,-0.3357315929983442,-0.22226894927986152,-0.15393320268855115,0.053057624902229206,-0.020354853542095208,0.031279135835276306,0.26599130285663986,-0.07462751806181389,-0.2347419399399815,0.22507362716563384,0.029020869778475955,-0.39739326297013156,-0.08720832893108521,0.22714557477599695,-0.09744586637983965,-0.27444010641713557,0.4069532021771145,-0.08400950838629373,-0.050279488172791265,0.2801638739257285,-0.033552137494690326,0.044541170580285394,0.23689208233753667,-0.2923626500289054,-0.1792416242587096,0.09045474640687812,0.0027717860028050323,0.18173835373907732,-0.21048640040556887,0.008286390507066588,-0.24571686304683826,0.13792993516742968,0.22697835036457237,-0.24328486469978428,-0.17493422977230066,-0.10265633902412175,-0.18793971591614267,-0.09821393058011596,-0.2510126213996109,-0.04677590077556326,0.23208065832812708,0.24444820639241138,0.17024530784357228,0.12272276135301585,0.5291609658948486,0.1482909451147355,0.15094884135611752,-0.26278050141048026,-0.10696741404104282,0.40524073613292944,0.39575646717384494,-0.01625246319255491,-0.24310597833725578,0.06958974949824115,0.34201749065245746,0.34186976817381287,-0.2341009426053846,0.20311525228220317,0.2969537644296816
LSO,0.5235070176351133,-0.29796531245650826,-0.4006701492507381,-0.544206724909648,-0.1475349015497518,-0.5863373119179438,-0.4093224918242424,-0.1620039651758618,-0.37115790908265467,0.3641383392991473,0.6614777015606962,-0.1638142252210404,-0.3778232890746229,-0.3438996527248861,-0.1639044019800504,-0.10851568468579953,-0.3965672863422327,0.13937672089922237,0.19181139749877008,-0.29500183849900785,-0.040323086164539834,0.23988622323456776,0.6652906001369705,0.5971860738813672,-0.5379569398189998,-0.5404553396094194,-0.6200758214182422,-0.4820357966497506,0.318865526762969,0.41785830630866316,0.5655754288120526,0.6478161511865389,-0.33955487085642533,0.322937204864288,0.2906049943852538,-0.29958007445855706,-0.31846399155560223,-0.4462892286193716,-0.5417826819451168,0.6110995493900571,-0.45629928860349933,-0.4010047774194174,0.009813786570351812,-0.5218555677266057,-0.26975751977805285,-0.47926789352027854,-0.32680290743266616,0.26973217868919686,-0.3987864838755426,0.3958307662702415,-0.4724822656257128,0.33678118434666304,-0.5378145971897592,-0.24850258639569756,0.1460190518151061,0.6695648951072716,0.37082695886050754,0.5179942546012,0.6505205764513934,-0.36904257636626703,-0.11475037151775891,0.4746599919513297,-0.3002307795641872,0.35726440951070715,-0.39143777640542776,-0.22307282269428774,-0.07109949609798538,-0.4100438070863379,-0.3541896768769772,0.1914177290461433,-0.345463456283678,-0.5205408245409071,-0.5470811522266272,-0.593708607030395,-0.37287211980644286,0.34494790378855034,0.1834620403759114,0.046951764426174325,-0.6332154494847226,-0.309369469323886,-0.34270136469216483,0.18787482811659661,-0.28727517036313643,1.0,-0.30916429632713416,-0.3077726644329195,-0.2443550084332422,0.0700700719507561,-0.2569918504277864,0.5784318395491468,-0.15541121748919373,-0.5239393306960789,-0.08615278705525142,0.5246217366037295,-0.35592204569601593,-0.15940633748479005,0.0945085351689956,0.6837194645451552,0.6347530697798938,0.024669752163702374,0.5984342017030735,-0.4253857585327119,0.8486540491674287,0.44362797461412773,0.39758248332681945,-0.41896008998969503,-0.53300764139563,0.10653262177117073,-0.6374669346324526,-0.3144936038856827,0.17433827136783253,-0.20803874130057198,-0.33595062301651146,0.08187991482280599,-0.4950424456747382,-0.5015311873686055,0.04780429571702138,0.2491507510970662,-0.4038544222422624,-0.4574562676042855,-0.5370152927394485,0.6264929608715702,-0.43926774693379667,0.4788076029095254,-0.5099543578506207,0.47128733968747105,0.3802571633228585,0.023838513331494227,-0.2673142777836979,0.2257797262160517,-0.1597659335474939,-0.33584654581692774,-0.4009233850920837,0.8339933216260549,0.03494418386679965,0.45055268621377254,0.47458855616838114,-0.3147181907882286,0.25426888027076755,0.41586909346896517,0.1440199655013359,0.21148804534623844,-0.5236448801784235,0.22749520981273663,0.3895356944658397,-0.3109753724606166,-0.4962119461055994,-0.6354400756457481,-0.1008749582764672,-0.06644968460227374,0.3986491122525757,0.5226106969299634,0.36825261326174985
LTU,-0.696021049032481,0.36848326112628516,0.688975897072459,0.17279275146713613,0.5039455482918824,0.5222552611996799,0.8330592036809907,0.21019752673217984,0.8168225114700381,-0.8374968641040297,-0.8044106065819314,-0.6150175195548453,0.8217392173684532,0.5522182167919361,0.4827919386067725,0.6519345467229803,0.7502654012702898,0.23032911392364763,-0.34371025422541557,-0.09037384268008886,0.48106405570192756,0.03225014575304175,0.02126939267367456,-0.7721003213040265,0.6636381810516913,0.7585640969941254,0.5913414414548385,-0.017373864520585647,-0.8636126051559847,-0.8899283721925675,-0.7664968965140768,-0.5254778106240059,-0.033333640347181115,-0.6179881027403349,0.13823409588297209,0.4857756745540429,0.8050783482590017,0.7744273790366956,0.6600452570791571,-0.07198065581994229,0.8114124311949645,-0.04259737362265992,-0.3848407970641188,-0.018148915668035892,-0.44769651531547927,0.6022577447294465,0.9558873563589496,-0.89302608205776,0.7916895338295898,-0.03960164431371127,0.5274848649991929,-0.21519780273994527,0.5662942077341938,0.6762065734989586,-0.726298778478927,-0.7473259091867632,-0.7898431122621346,-0.7680586407582466,-0.34441264350200895,0.6656921520740927,-0.5942644880409871,-0.3783499254173037,0.7530949643670906,-0.7176444781520643,0.8829850896887891,-0.4947845524302308,-0.5728914941361944,0.7170629839783317,0.019940619273958293,-0.3034853965369242,0.7047314662543777,0.5072095725398285,0.5643812346029905,0.41605127461637026,0.2000022781600539,-0.7898399525171547,-0.04290058038127964,-0.3919276827530964,0.665188466656532,0.4112262422139512,0.12881312082370266,0.12381754020252955,-0.1610158891293072,-0.30916429632713416,1.0,0.8018421468742449,0.911483837096547,-0.24106654483596213,0.29200298356779597,-0.8446051816811722,0.2868551087201796,0.13948786461795426,0.7540364330708017,-0.8533910539696308,0.7537819161000434,0.7381334214219726,0.11934173059938902,-0.7499097373818313,-0.6874800543691213,0.6020423161797437,-0.7968723101406052,0.5299758169368785,-0.4041817252149038,-0.8614073574260575,-0.24798677484219,0.7742994022843036,0.6901248608853514,-0.6631609860348069,0.6034644846231526,0.486567313389223,-0.8978495140733216,0.3364735248426971,-0.11218518383436127,-0.40466969096114447,0.724736672285449,0.6960716269305722,-0.19746502115193199,-0.017338383655831402,0.40834438750283397,0.6711440496028824,0.41510202166183896,-0.6454045939968593,0.42240101110462525,-0.8006325556884779,0.7508416558325777,-0.4917940928549529,-0.8510928084039189,0.0763743444628554,0.8044555134597581,-0.24660474039469116,0.8836578380964644,0.8852396232323544,0.7497378725018815,-0.23845766465491725,-0.5079979440278035,-0.8280411274771904,-0.8137299066354406,0.29035361118411984,-0.4544049130092629,-0.310110766562286,0.05716247478751346,0.1818934245103967,0.23855511316700706,-0.8422720661336018,-0.8236859336506124,0.45211643883971797,0.5263276121030598,0.3130796696280188,-0.29050248131011736,-0.030883851944861318,-0.06279231241877126,-0.6415696623252951,-0.6543436214485276
LUX,-0.5575363318967397,0.007660615806663995,0.6566814041868945,0.019207071150508015,0.15011617865445914,0.47861033467961833,0.7586660800557458,-0.18743960387115144,0.8869546067579172,-0.5871780011454808,-0.6588751322256177,-0.6946781927135528,0.680356594299776,0.6390788946213217,0.5207994293050817,0.3135905554791384,0.4409459018562273,0.2120243830776315,-0.5450046174875072,-0.14080945821452695,0.38177175983113276,-0.10624319232552115,0.027895384326034778,-0.6765927602558142,0.5999670870674789,0.7929989672406752,0.39606567295052697,-0.1746455838927654,-0.62501918072424,-0.7012837159766692,-0.6654042769475701,-0.4761149145316592,-0.14218824610771486,-0.40352678285478416,0.3227826934336606,0.4908621840924916,0.9169711351133529,0.5848794182840131,0.5837467144304938,0.2218022503440561,0.8298522291016902,-0.07353852539709038,-0.39216364218294375,-0.18215504947481187,-0.5617352027673657,0.5417193453619192,0.8476562393751913,-0.7696015208397482,0.6697043563990881,-0.04644104098389268,0.5727567799051644,-0.20726533539564507,0.581996652337723,0.39821572320221477,-0.626271742934692,-0.6152409113671591,-0.5224379128432193,-0.5552198103585826,-0.23665718370009103,0.5862617073246047,-0.3927966727405805,-0.26831415237209244,0.5379370310611427,-0.6180384837339312,0.6893896605585221,-0.6862087512953323,-0.672740135587703,0.6551270694016996,-0.18568894180139717,-0.32387062438282355,0.7398603393463652,0.6400427285450109,0.4384964836331404,0.3550023984599091,0.1262765585952369,-0.7117985518312269,-0.16509562238219977,-0.3586008335976538,0.5021096997720254,0.3544031720366678,0.39017500269350913,0.0055533058243297795,-0.35683799628983426,-0.3077726644329195,0.8018421468742449,1.0,0.6795722513336145,-0.28406195124729305,0.054067078151130876,-0.6762470301957297,0.41531529310932147,0.09844649412817363,0.5150320799855997,-0.679518150817596,0.892095312526081,0.6070045825575406,0.07610522678572029,-0.5792637931197424,-0.4913797139468128,0.5741254659319823,-0.6612578223452246,0.3859885027663661,-0.23835251282914216,-0.6707560246683597,-0.3771155394181409,0.8546070346589973,0.5375437502308216,-0.45907193091711984,0.5828430383900802,0.32405738467579837,-0.7511753662825933,0.38522956705518285,-0.2860370385925586,-0.4823593064460714,0.441847851686878,0.7002448218608996,-0.350929798909025,0.1316239248060168,0.1664319988626345,0.34493445635515607,0.1517719699391673,-0.4909185888962613,0.14666750839435394,-0.5122662057589213,0.6522510857935763,-0.34467719111061546,-0.6711034221336125,0.09894411826486715,0.4708644274699493,0.12215893206009176,0.6860614652600137,0.730194055783263,0.7230034987773041,-0.32286753581221683,-0.3772660613443679,-0.6876030480050597,-0.6298895920077872,0.18901164946811289,-0.6481185512357657,-0.45153581285876343,-0.06730674802974335,0.15297847370132267,0.15976555219108035,-0.7350046046238754,-0.6820133070274454,0.12712750547463192,0.483279983184726,0.32390985944878226,-0.5183239403023419,-0.11844576876000179,-0.06269884808475923,-0.5017009068164184,-0.705957766847527
LVA,-0.7720852402295284,0.5166476049684965,0.42925470912129116,0.15195198691390233,0.5437907521184854,0.5160189926938661,0.7773776200842011,0.07909745366066079,0.7744127927308438,-0.7839503357536448,-0.7144789705923247,-0.6469548155156537,0.8893140623092637,0.34373653919765146,0.6112002550196072,0.7635866403490488,0.6817018162555301,0.3951298584388375,-0.1936125294382518,-0.04978399119965493,0.33829266064501895,0.06453065797596935,0.08713837604838204,-0.6872692088752981,0.5784326474736043,0.5755540896419102,0.5229457039297767,-0.08991777171137216,-0.8385428014195981,-0.8445655466926203,-0.7987292780424844,-0.581316225977806,-0.0028945245096339,-0.5056733074081123,0.3090075321278991,0.5362190474323814,0.7787916191842538,0.8161201977577799,0.614089273605679,-0.014428924405941457,0.8030750078666559,-0.04470262289506177,-0.45962625432742477,0.0949351899225176,-0.5149891705296583,0.617632205834758,0.916931883555139,-0.9095992800809176,0.7784356484549111,0.15028705568059164,0.5853694127027078,-0.3525519170998963,0.5979411033499318,0.7211022415873326,-0.78982763776559,-0.7262464746884012,-0.7283791048275581,-0.6314368076005805,-0.3962613658422707,0.7979215996436395,-0.5620823297766333,-0.34514010400732476,0.8846294446260828,-0.7117518844235953,0.8934692357335823,-0.5789654277449681,-0.5891691224449769,0.5661267688595054,-0.13672886513138716,-0.44540946858715413,0.66811505671221,0.5049794419068475,0.6161589276911615,0.43979488775201847,-0.02555178768305577,-0.6989569162195082,-0.07177533580690554,-0.4817220085592093,0.5765592823575582,0.3665642934068679,0.04671694874064769,0.09635023988262648,-0.25401420822397314,-0.2443550084332422,0.911483837096547,0.6795722513336145,1.0,-0.09997755381434859,0.4241360599231164,-0.7913716004752511,0.3126087129947326,0.014997273288538282,0.8150987077028089,-0.843207697193225,0.7401766368011795,0.8436472047413731,-0.08613221253502545,-0.7250869519480607,-0.7300668646286952,0.6543977535287699,-0.7222573471717366,0.3034332288011712,-0.35883510443471955,-0.8104679822960683,-0.17264053412429048,0.7324908074756092,0.5741770705466782,-0.6187997540468211,0.6378986797150012,0.4391335527924526,-0.8665279774884014,0.35567729482986,-0.15505972078625363,-0.3580219437813905,0.7392049751300361,0.6888682555754194,-0.3465744403284987,0.04103021938012219,0.5273222647849657,0.771815449125659,0.3592441429695412,-0.6720208001025325,0.46350601564449234,-0.777950119177305,0.7495470425090276,-0.4002667397391382,-0.8227018806088398,0.22652851042340183,0.8793378558241797,-0.12204460259007832,0.8791018271891023,0.8523321717042237,0.7372493774339123,-0.14164977231920428,-0.6162554457100646,-0.8455271555227073,-0.7380014684380687,0.18560238209384106,-0.49845528986075016,-0.3208305709993571,0.30583198061581274,0.2692528453539519,0.09850853072462395,-0.8606407366818123,-0.8620093591048157,0.46597403716760444,0.5988770549088008,0.289642489321037,-0.35407722039096634,-0.23963622552581043,-0.07127450866854401,-0.7457631662264603,-0.7210661517226313
MAR,0.007859987195284801,0.2588191557252074,-0.27999810129775593,0.041795984140930775,0.16209674389257733,-0.07108125126022458,-0.07299020858909322,-0.0020299495906443976,-0.10215689043612852,0.013306837047324827,0.18189461374018445,0.1482362086155271,-0.1952591268472621,-0.3370565602697675,0.005684814848710418,0.11379375452173934,-0.19294640187017742,0.13621578626244468,0.1362840479264945,0.4116820584994819,-0.20646924067307904,0.2749987127190945,-0.0933728093331172,-0.016366062432995765,-0.10645542286833787,-0.229500173624273,0.13595643821464032,0.32903134201856077,-0.023461517876321114,0.0026879652746574223,-0.03765925930262237,-0.11418740478144351,0.467254714567664,-0.0253112616837059,0.21231216600161051,0.31132787397267503,-0.15664255541763406,-0.220493214143912,-0.12736601018661275,0.09228362491362663,-0.12245957682651176,0.07735661886749612,0.4413730425334754,0.3538348965106529,0.1427077965711212,0.2398597296524897,-0.24076212322012247,0.07086526802696136,-0.06947460644930725,0.14087043721935077,0.11652424609967638,-0.099318388228119,0.007734397866852483,-0.06000432074204465,0.00892355373269249,0.1207573790193055,-0.01713436850128036,0.031909319633206645,-0.22912991246700432,0.12908101572870356,0.01192787968806841,0.27110364035606027,0.0352169101130676,-0.0146879802389841,-0.12004135496138679,0.16715972579347638,0.3841247463726445,-0.06343070995827915,0.042731286422514336,0.184507980706613,-0.21319616938312014,-0.12865849430345055,0.1366773320947745,-0.01892441777168763,-0.2490171847341014,0.0006080020328906866,0.0037220252925416197,-0.07260787853689332,-0.05913917883207098,-0.13271709995560732,-0.29277880775296117,0.08521202394712013,-0.12277419632490183,0.0700700719507561,-0.24106654483596213,-0.28406195124729305,-0.09997755381434859,1.0,-0.15224151269028008,0.03592826328983734,0.09696447256689422,0.10834801647906867,0.1066767820775566,0.13849619296823923,-0.20928198363530703,-0.05625396119874648,0.013397644584170476,0.10524401510509407,0.032002632654509755,-0.1461480669867139,0.04878137059047427,0.06130795204757922,0.12641843681378528,0.023629416453147756,0.04113408776274985,-0.09205797353533418,-0.24142022923159656,0.20042909871368075,-0.1520350599112863,-0.23866065234474565,0.20038765466606356,-0.06179701979082308,0.05398970363307165,0.2483747737909623,-0.13612117922511469,0.05239180144246469,0.18787136742366617,0.3631270080580704,-0.17466716461314613,-0.014960534414047322,-0.08546332089601139,0.16126814971605297,-0.01828281229589268,0.21701395800145618,-0.1958640673786669,-0.007708994808280023,-0.0444713775450325,0.11819827591536924,0.04844673400543564,-0.12492151903072313,-0.09532428107339697,-0.17236073225775228,-0.0009108266605002413,0.16096592581414138,-0.043580693555697936,-0.056831224488263166,-0.08166831429185728,0.15205624443011523,0.07112891334031779,-0.03125388055616374,-0.10935042318672195,0.6021962612830616,0.1989642552592673,-0.02448444101985836,-0.022240703050649957,0.11439690428107085,0.04088059596892535,-0.11271476552938697,0.18823028920119467,0.1531614008454466,0.07375871005058365,-0.26929616846484716,-0.1606559140557129
MDA,-0.6070959515380177,0.46198781466949224,-0.01890733731890948,0.06915551250715724,0.08187914902493665,-0.03379636323244606,0.07494122182764718,0.17210180258866992,0.07086907950692167,-0.07536156016253259,-0.16531882957905575,-0.015817108882931308,0.4972005320312134,-0.008707777143506679,0.26580520257499196,0.3330141215498621,0.31729438074188787,0.42134912485800424,0.2257589585296339,-0.32344402167924313,-0.08305396482976524,0.26549965275847964,-0.23170584683894968,-0.16038893092167283,-0.031372318829409274,0.021950980694219746,0.0907579715090493,-0.0038165923187005735,-0.12817506062095818,-0.26988459350167027,-0.2766766163385841,-0.5868599388675046,-0.18498409082842304,-0.03060769550179021,-0.042029334890048675,-0.07003409206055644,0.22515689772084235,0.4221258292855634,0.10009847497139368,-0.32891858651279215,0.14629877305613703,0.16116475937299102,-0.6124099760473811,0.43102296478912683,-0.1865730021756884,-0.10570703335469633,0.30253593992002203,-0.19009538846084162,0.02564019525715011,0.0133829617242599,-0.004010305687507598,-0.6068575986818927,0.1272744544397294,0.4437016854438103,-0.11144744602615253,-0.19231978540498362,-0.23141209984641575,-0.03541797816218484,-0.4480947625114411,0.17572033672782217,0.2043517661336529,-0.027468049026234898,0.5383282203240379,-0.3984438836205486,0.46425454993898696,-0.06347687414957615,0.013881297994794206,0.18382166240443976,-0.21429617875852847,-0.6197629808711056,0.020675871274942192,-0.010552553953092403,0.11209884744765608,0.06508460755684564,-0.1481354520723508,-0.05218731521334319,0.21857172242597522,0.14385259364129532,0.13673887037219445,0.03667492691349139,-0.14351273212997828,0.017081959325405904,0.1128297790055921,-0.2569918504277864,0.29200298356779597,0.054067078151130876,0.4241360599231164,-0.15224151269028008,1.0,-0.15666891509625414,0.4535051282118234,0.017293679509704396,0.17754337903360629,-0.2527339419759691,0.330832819544453,0.30965133561703495,-0.29924344040617434,-0.267015320988639,-0.5403852797958844,0.30904845087179433,-0.1681303154382514,-0.042818131958008765,-0.5121568591716263,-0.10210373582386567,0.2017201194892002,0.10719454579280518,0.06646354702771817,-0.30943419723178756,0.2062187916295174,0.23580725328131158,-0.2106468996274944,0.1507640335324406,0.15949096472768975,0.15438373027441887,0.4987597785152551,0.09169310179296053,-0.20476672978335753,-0.471838717106172,0.5212178311404899,0.4821701565489791,0.1620966132312036,-0.3267217679280152,0.20227217468343517,-0.23956336355332186,0.3871531210639574,0.030949456676866993,-0.11302730959096308,0.45902470129284345,0.39941952434019046,-0.1588399899599724,0.30210579703849016,0.3506656713419376,-0.05155529744598519,-0.2650757995814925,-0.4146318824695483,-0.178583357269831,-0.013455241743493662,0.2614726645688662,0.05090154271751057,0.1639577917935211,0.4568400899317556,-0.32949904653712436,-0.14416261743358794,-0.16633357503817336,-0.25344731443016233,0.17146103072163332,0.10143638154611945,0.002804065379232279,0.027038310686189004,0.08621927303354715,-0.5503757036185544,-0.2805371721185044,-0.15228731667672912
MDG,0.6996618425155248,-0.44831369576243474,-0.7064642633020046,-0.4717052343757864,-0.562806178830142,-0.7360976050143142,-0.8370357536694795,-0.3359597332830959,-0.7844458619265577,0.8887580579768501,0.9260367831309335,0.45807745590692117,-0.7610858818029806,-0.6065557700745754,-0.5295297117850135,-0.6459798676605257,-0.7039976607283793,-0.09356311430128494,0.25664005454742655,-0.2413314238845301,-0.5191479903420828,0.0799817008957251,0.07961507214600472,0.8463405410684193,-0.8140394175892731,-0.7618765495357958,-0.8390968131960177,-0.23091577089677462,0.8773061198911027,0.8919091522231929,0.8734635403075856,0.5866937454023685,-0.2832683321042504,0.725885921634055,-0.033543732280271854,-0.60808229348546,-0.6700057465697542,-0.7575987358913887,-0.745137286863597,0.2497579221163332,-0.8259582985712761,-0.30362797722462664,0.07550098134136707,-0.18579879965788026,0.20345055219075991,-0.761097494857494,-0.8373909756216018,0.8788535341207809,-0.8212434718023558,0.1771358585140107,-0.6462384606795546,0.11977231765302143,-0.683710898611422,-0.61091469833979,0.698118097549331,0.8897262799373142,0.8108171137899952,0.890819272001595,0.37569968521998565,-0.7311517619870573,0.5676506131513773,0.5818772844009821,-0.7066520212060516,0.6798943635962099,-0.78653527377744,0.28786037137283516,0.443327973535409,-0.7109002297788236,-0.2763312210111297,0.10344522304674908,-0.7060527320511238,-0.6282249381089386,-0.7200294735401522,-0.6061996229864528,-0.35683696385147057,0.8607088521580984,0.2849808589412741,0.49204984475877,-0.8074054634268457,-0.6062427877457193,-0.1745870666924807,-0.16300786984823534,0.20543420804939094,0.5784318395491468,-0.8446051816811722,-0.6762470301957297,-0.7913716004752511,0.03592826328983734,-0.15666891509625414,1.0,-0.18327511288384546,-0.35149080013590006,-0.6666400730398261,0.9174797040860705,-0.6433148210263848,-0.6555705211636069,-0.13095763038508923,0.9433546443345777,0.7803496358854123,-0.3848933036380624,0.9695097711110979,-0.5858269003775272,0.572923398640826,0.9509949487147149,0.4989371800653676,-0.7471762528687982,-0.7960824834624143,0.5789936067200292,-0.7218566622875542,-0.5905451711167777,0.7987903249873484,-0.37593466101341044,-0.11056683542863821,0.4349527307088483,-0.7390028185275503,-0.7123631248548974,0.11869928088873871,-0.0185492208436131,-0.5548477745441425,-0.7015331951092074,-0.6189786089327534,0.8148352303105779,-0.6939335102307598,0.8687707244482937,-0.7928149569570626,0.7377888911095628,0.8944730978415283,0.011376335346479527,-0.7894754002656876,0.36679082383157113,-0.7457168108675067,-0.767065086508935,-0.7988039729160992,0.41002942740563797,0.44525329217639276,0.9088528492388437,0.9453983982246744,-0.2218937588554868,0.543104096691878,0.4490250068776642,0.12068781656275107,-0.21545384144381607,-0.539750527261444,0.8432655301043946,0.9145630859321079,-0.5238714405645077,-0.6898074068901499,-0.5652760240852857,0.20023669838476643,0.14569612514437957,-0.026088020627867525,0.7862578561402906,0.6780511596658969
MDV,-0.46859857059322363,0.2234497207290378,-0.0029962611678977513,-0.00826873228181868,0.023288747085603467,-0.06956993205495254,0.18918274785851663,-0.30431823802274494,0.28563272751340973,-0.09090913189052219,-0.11188569987813524,-0.21211344244557595,0.31540507485965397,0.008248459738203096,0.5592623982900877,0.24973560146544393,-0.1388847171572376,0.7811591106921303,-0.03452904991169081,-0.2686154407481922,-0.21774961193912024,0.12862289578538388,0.13071156631232106,-0.2985906567947274,0.07215457338907649,0.22284874403495225,0.21247106083490042,-0.08341154141837981,-0.15959037685055621,-0.33801221248739743,-0.31766350161547097,-0.48525906868468427,0.11786996591413745,-0.007974163175545446,0.42065514323691056,0.36830174327515874,0.6082365518075482,0.061168323116934875,-0.003779193078033538,0.14206472056152908,0.2684322459466453,0.2709397278227318,-0.4360723084570193,0.2532810003192434,-0.39625188787553034,0.18431787456161608,0.39215100458861696,-0.2290444098135418,0.07807117948144304,-0.14255850560320082,0.21779305168989171,-0.4892359552535779,0.24651586596987118,0.44005863795980216,-0.31778569754727615,-0.1959921780889191,-0.11058692570504802,-0.055574975856417685,-0.42392274911759187,0.3507950180830359,0.10085533300891536,0.43592482046506265,0.5523756235636372,-0.4230627755696488,0.2444330970708537,-0.5129248930221941,-0.13283719663091098,0.4646292383355548,-0.39073025151899965,-0.5239778473193841,0.23216130702788318,0.27951250689492246,0.2321335699745718,-0.04100517839464235,-0.22068801694416695,-0.11888210283896528,0.0021665086939363087,-0.21278987389566262,-0.007384732459781329,-0.18647416319164445,-0.021180066978253587,0.2673337447452746,-0.11216966958898378,-0.15541121748919373,0.2868551087201796,0.41531529310932147,0.3126087129947326,0.09696447256689422,0.4535051282118234,-0.18327511288384546,1.0,-0.20840153675369777,0.19382428347421854,-0.23873667712912705,0.5910626920140425,0.5765691805060804,-0.28560901802061145,-0.22963980415160812,-0.3517758598813179,0.29900399159876034,-0.13354935712096294,-0.1851356085773721,-0.09506739586931978,-0.22941887134624195,0.14400296512170518,0.26201897089513637,-0.03686961896657026,-0.12119654196374552,0.13772687677158058,-0.201551309698635,-0.20211183359952334,0.643519419166077,0.06319117350053216,-0.20829687235856076,0.10084393330624053,0.31633406235881056,-0.35393803779080746,0.09041672040106874,-0.09089393138782653,0.06232298597737096,-0.18163941917259407,0.048128793867248554,-0.14447539786293295,-0.05621614666571362,0.24175738173927597,-0.047522631310235486,-0.1721988897121769,0.5346848603946618,0.2526408812883889,0.17781999160878392,0.2191294635523301,0.36074116586852134,0.16051230883810264,-0.07371357021556713,-0.3163207644327377,-0.3178956434989846,-0.15669131377328993,-0.10153914770964723,-0.12289695023620428,-0.19295950534718886,-0.008564783141639332,0.03163377384411581,0.07041363387220001,-0.2987545548027051,-0.2581971671674699,-0.17936830323183806,0.15093982861041555,0.011135100734559256,-0.20768194706246268,-0.16692433322189482,-0.22017876876311382,-0.2621730820486041,-0.26224052933146713
MEX,-0.23833841486424134,-0.10836916594160151,0.4398183151487456,0.3009099047634598,-0.096628431755019,0.33612555155213786,0.24126766098549357,0.25144228239433897,0.2672186230258363,-0.20959107466051718,-0.338447131196425,0.26911958131993385,0.2401437209202243,0.34104351003894573,0.015592754169531653,-0.12198363522814226,0.34241371207752347,-0.45044571150782553,0.1395969872659144,0.3972795998242651,0.03639040292320994,-0.4305614166485603,-0.424399452837386,-0.2655028574680247,0.36850500593136826,0.41711041068417176,0.4539119498868015,0.6136987399308627,-0.07642919046179686,-0.15932822077614173,-0.18574833067374263,-0.36658842499184763,0.29943063698226746,-0.48225683254456975,-0.5129005019196118,0.07677756679959591,-0.02117119522138511,0.34387040651467005,0.4970611942734332,-0.3236009758907876,0.22049333764731127,0.3601009731711058,0.07462470175910274,0.45917870095757163,0.36468829861102603,0.2839528924559468,0.057579678110778465,-0.20318260105672814,0.10536865113406435,-0.2603120673717805,0.2973380322869652,-0.13290489265835426,0.4106772313696315,-0.04972369715886371,0.07342958954336154,-0.36633367737558253,-0.3806603176298333,-0.5281467351649229,-0.32764766559076497,0.10224151400797388,0.19590411779706018,-0.28755049170054714,-0.023834945494974447,-0.22428864400347193,0.28966322218183893,0.5371911075097366,0.35229977039999083,0.29629407426801513,0.3519335964297079,0.11010880973830972,-0.1292341543307154,0.1916714870841396,0.34963153822702164,0.5108148379854501,0.35689897159708983,-0.2272827611435313,-0.31965954486491555,0.1516955151736442,0.5292943020269885,0.29972876184443453,0.15720864867871576,-0.12335210219706316,0.044449304176686466,-0.5239393306960789,0.13948786461795426,0.09844649412817363,0.014997273288538282,0.10834801647906867,0.017293679509704396,-0.35149080013590006,-0.20840153675369777,1.0,-0.09760067012772033,-0.2890888253179946,0.08187844535686573,-0.2649196691712341,-0.06070775466138012,-0.365292393292719,-0.435414640028974,-0.1912229905828351,-0.5071255838367823,0.6035251830446603,-0.5626206481564577,-0.30036195887439465,-0.3628214180503835,0.31337813461090613,0.2178454728161323,-0.11985092732573022,0.1549043496602267,0.2894250621462384,-0.04267303079377105,0.015207806751010411,0.4073912618380364,0.45302113329589244,0.4454858941668237,0.19125093133953697,0.12065410173884061,-0.3139352979261034,0.29132626276327667,0.3313613067200587,0.5877539055426249,-0.4950306647293756,0.32770218310582266,-0.2353471080830729,0.3912418638430215,-0.49667302536332825,-0.2739384053983085,0.030917626064977943,0.10659483057175068,-0.538356188994427,0.15039288159407627,0.0650865396973832,0.1892472228097265,-0.5360413786795104,-0.14739735235884655,-0.22977357403163134,-0.3194860324363151,0.5084693581653678,-0.24910931679777604,-0.3050936536500086,-0.5250658725860196,-0.10027407613253092,0.5046358811078474,-0.12439535484598818,-0.22360181446724026,0.2732415668131427,0.10811365542865736,0.5384718324291408,0.012521962681295351,0.3743432938255369,0.005367859119515428,-0.14875700486985988,-0.2867870914652968
MKD,-0.5341975511732215,0.7016461771487138,0.2555480961573908,0.051151670194189425,0.7913066798748412,0.22218314902388525,0.5353212736750349,0.1472932816345447,0.5156260962845802,-0.6752714996066418,-0.5793278099631531,-0.43492420903898266,0.6637013756985098,0.12457862200902592,0.4316900329683804,0.8555043075695566,0.5634835676523736,0.42796214545772715,-0.36065218856990944,-0.03183685318596852,0.30565039133475336,0.18889468345606997,0.06057419082267257,-0.47197624020455686,0.3024919380328561,0.36495346856496425,0.4119846747465218,-0.18117372955755973,-0.7524456664566674,-0.7548736517976855,-0.6842487008445244,-0.28832118531427575,0.039563835918607015,-0.3296063503627016,0.3725710645699012,0.5851206372654397,0.594939762475976,0.5439967717097252,0.2494938802966976,0.21675609766285775,0.4771505164270381,-0.06916996777407203,-0.25350924501886585,-0.051364580472237575,-0.3699083433759358,0.5061289097558008,0.7014425722402857,-0.7008300180790004,0.547367707677049,0.1223540285060234,0.2988498496824471,-0.09297754558059168,0.23009441102640316,0.7553633048195091,-0.6219742649369429,-0.4925037952502658,-0.5122905486095928,-0.5213975482926037,-0.36843801849059044,0.6958888496334698,-0.5842934075430448,-0.16033240906086488,0.6816061814633636,-0.3598455933619662,0.630233268134796,-0.4808195360273777,-0.4194621774828946,0.4591901716141845,-0.07512637609172645,-0.23426469330681665,0.40596196178762955,0.1190083890188911,0.44549769519316684,0.11355452532344168,-0.11135475582571841,-0.5998392946545241,-0.048839052194986854,-0.36578759026125485,0.3357855090603683,0.20119339562675786,0.16509234154756514,0.09104060914501289,-0.15636176374006383,-0.08615278705525142,0.7540364330708017,0.5150320799855997,0.8150987077028089,0.1066767820775566,0.17754337903360629,-0.6666400730398261,0.19382428347421854,-0.09760067012772033,1.0,-0.6336162881113867,0.5054755498399203,0.7823873268391093,0.10866207400698624,-0.534425793869068,-0.442973421939145,0.6759553312412528,-0.5849901057771549,0.27081583524863184,-0.19740002714169713,-0.7138466341433478,-0.07272749855719907,0.4184044428587057,0.3144081957490802,-0.2833557537456586,0.3078327845895572,0.18238163369840166,-0.6766035463646625,0.24237476170562522,-0.29519273767923115,-0.4836997933610463,0.4793621455921513,0.529743261072781,-0.09510286195131767,0.13448071184180077,0.4027549701278348,0.5892442535349587,0.12834324888395998,-0.4352189716037551,0.31862247494084994,-0.6527450602151168,0.6446712220181895,-0.40407893152207475,-0.6098970533576973,0.07477833785337862,0.8378035326785417,-0.026178771559360436,0.7075335830470659,0.6276180648067774,0.4781297739561313,0.10446433157788215,-0.2589237343960207,-0.6844019926574907,-0.6431020915089043,0.007676295709345138,-0.2679194792005708,-0.25754852756462565,0.22634856031534556,0.5512601387612602,0.14835687902518413,-0.7458070518377127,-0.7109105706292635,0.5145953999334787,0.5328028279044719,0.007095292179410739,-0.3505439707606399,-0.1036478326195871,0.008444958889720966,-0.6178925786648093,-0.521366025933903
MLI,0.7614316830945872,-0.41227818286747664,-0.6101776551175604,-0.49459159107649064,-0.5070933600209457,-0.7556768330704291,-0.839863369028623,-0.20099597306427963,-0.8360515635243879,0.9169719091435131,0.9083282453464792,0.4746634059807351,-0.8472144613608041,-0.4819576795759266,-0.5689629539682926,-0.6806418780635788,-0.6758301051456357,-0.14476756172377425,0.26626098929069175,-0.28105762080405783,-0.34971379534534863,0.14535801777651103,-0.01663847334916224,0.8714642513538343,-0.8577540879738397,-0.7277345206415056,-0.8196244472726937,-0.24768178578934097,0.8910675188678067,0.9010186113731669,0.8350969899949657,0.6207388357451544,-0.31501102946466797,0.7327486813098965,-0.14874678719546974,-0.6462851012170834,-0.7419136311212813,-0.8114501536716685,-0.7990339201942676,0.2003434457654314,-0.8629747439661637,-0.2268955535217183,0.19926055028690626,-0.23202449020356797,0.32020814861426006,-0.8138765196572941,-0.8528733793499168,0.8930539320015296,-0.836898145278576,0.19006633496430259,-0.7404848944989977,0.308843406493967,-0.7711135821265882,-0.6564238424040656,0.8091157543952769,0.9230066965276879,0.8211680615480575,0.8541042622548124,0.4395618964780168,-0.8360800467883052,0.5303503187146503,0.49352760711677013,-0.7848842353999448,0.6798656681242626,-0.8240028335141174,0.3908229083849174,0.43819908920353345,-0.5945370086381931,-0.22741415021392442,0.2348413467330781,-0.7058134055378631,-0.6635259312065083,-0.8051571306430654,-0.6814138853548268,-0.16125909721338827,0.7670049901359596,0.2558248875839182,0.6101346711144732,-0.8113071783381978,-0.54556181453089,-0.2012838931657095,-0.15128129178821093,0.15922747733613307,0.5246217366037295,-0.8533910539696308,-0.679518150817596,-0.843207697193225,0.13849619296823923,-0.2527339419759691,0.9174797040860705,-0.23873667712912705,-0.2890888253179946,-0.6336162881113867,1.0,-0.7292066387400675,-0.7206046158261126,0.12014813684402637,0.9311994875688978,0.8699403717436566,-0.48031723369839074,0.8620783272965221,-0.41523119121288343,0.5852100484533368,0.9532945570309811,0.4304686396701336,-0.7985450427926151,-0.7595033803837827,0.5683627644694537,-0.7855270287813796,-0.5149193123460418,0.7815392296153437,-0.44564359004786613,-0.10569786248128854,0.3202138973393349,-0.7996627497181339,-0.7651252427207129,0.36573473091217956,-0.02959873260625323,-0.5675823714019983,-0.7585358938449811,-0.6276069375383013,0.799391930491051,-0.6457727940076214,0.9216065979517309,-0.81683619118359,0.7023257293148308,0.9079947056488047,-0.1619039185927631,-0.8175780029118545,0.29585538771763686,-0.766370249675993,-0.7763112799552649,-0.8357260727712428,0.4324733376912735,0.4909425045821645,0.9688543518925771,0.9097161637339677,-0.2108256160087303,0.5888850266457902,0.4484293637988832,0.033721243922287036,-0.2520477564668915,-0.47318432469233196,0.8951465579690662,0.9207007707883605,-0.5885126160857799,-0.7287554327583046,-0.6245763114843492,0.32177196946038755,0.296349123210661,-0.06094465360404966,0.7378910786393886,0.683816971319633
MLT,-0.7143768647282012,0.21107961657739782,0.4511607105466787,0.06593844597360699,0.19497562940749258,0.4209438431385122,0.6885960765595603,-0.2477056317269546,0.8324917949886277,-0.5281758525889264,-0.6083692165544492,-0.5966925767996656,0.7306866346616876,0.4666913925675005,0.7060092008849629,0.36552761341946716,0.35258320164334855,0.44995736186982116,-0.3316154968677836,-0.12435748391916834,0.15109038041018985,-0.06006994974595359,0.038106977715948176,-0.658611159300742,0.5141897312214616,0.7425278184677847,0.47667771235175094,-0.16281987804821485,-0.5744410185775122,-0.6758123182942049,-0.7073923045375026,-0.6306300595892176,-0.014715853129480427,-0.34037225234601687,0.47999738635662825,0.6333572160575822,0.9290172755890272,0.5898015301570222,0.541030421251414,0.2080903252929187,0.8270287331798715,0.10884848324662111,-0.5611542077278768,0.12016871059562317,-0.6140490250069306,0.5491239986812874,0.8134069318253321,-0.7734941803405884,0.6056765406617212,0.03622622157590416,0.6048863153141639,-0.4043167053916321,0.6498622270944081,0.5024349248756944,-0.649391901628072,-0.6530039742737206,-0.4714033068007939,-0.4661084245711975,-0.4105068152775513,0.6900624218559586,-0.21681442066257772,-0.1221524338837181,0.6895637601685466,-0.6404095887169445,0.693632601936088,-0.7047187889749227,-0.6304210328097519,0.6155615082458703,-0.3408026270955664,-0.5711725287730636,0.6810782046494774,0.638160548759906,0.5157197247725491,0.41421481788085035,-0.1508885855658062,-0.6186732597596836,-0.22425506272156226,-0.3841842033664129,0.46892405802452175,0.25330154303296193,0.29741595500693774,0.011000511482836428,-0.3357315929983442,-0.35592204569601593,0.7537819161000434,0.892095312526081,0.7401766368011795,-0.20928198363530703,0.330832819544453,-0.6433148210263848,0.5910626920140425,0.08187844535686573,0.5054755498399203,-0.7292066387400675,1.0,0.7007549568995447,-0.239820785028098,-0.6315917803134774,-0.6311869226321147,0.6055688525465424,-0.6335631643424011,0.18089464128552657,-0.32816530292476576,-0.6693089451298695,-0.19477038613919184,0.8124980115285705,0.4363271996975919,-0.40342577060343876,0.622924577627526,0.22161389621312222,-0.7275690771058998,0.5857785541321184,-0.09939212335443348,-0.3333503599397327,0.46855394754915125,0.7039826546467517,-0.42681403040868915,0.11274935364390148,0.2661869133241519,0.391533419120087,0.0787249997235393,-0.5040838957282445,0.1163298356775403,-0.5005632537956666,0.7075435442152758,-0.29092136925443324,-0.6203236639288665,0.4398847890512855,0.5004337556788877,0.15229630434550956,0.6376390474022369,0.7108465646049297,0.6996957260414963,-0.3322922350197288,-0.5067885874810176,-0.7367688458385002,-0.5612650746332613,0.16986330466466892,-0.6356096908397597,-0.4496527530552268,0.04497167445246708,0.1408968489068526,0.10764437207105748,-0.7324547617610615,-0.6954561544900977,0.09637054965106262,0.5918202041986602,0.30775910495147973,-0.6049739789902051,-0.2526771015994653,-0.20994520148479867,-0.5619022782498471,-0.7379359911689121
MNE,-0.6258220362961973,0.5619865149999858,0.16620984113946302,0.21906510876993823,0.6180809003760753,0.3169157543317579,0.560199202137146,-0.09515574368637991,0.6003224141424184,-0.6458856725138578,-0.6025811765865561,-0.5548928352858811,0.7172894878311479,0.10719360753968077,0.7013984440591209,0.7741312892944505,0.35789538372735263,0.6526785128402794,-0.17307257056584335,-0.034175988620118725,0.10480158538025164,0.010140576147366076,0.27799847235431563,-0.5413760512505403,0.43351062981887056,0.40841110591821483,0.4850099794113546,-0.22583143163892472,-0.7148838850800425,-0.740087137521042,-0.688094087123265,-0.42114600911129996,0.1885735681422379,-0.3014705975217282,0.5165783585243936,0.6399091564530555,0.7880532790532837,0.4965320808632099,0.32624774514913546,0.14966510207362838,0.6208469608012381,0.11037924979987945,-0.3849742046538631,0.03307593222260652,-0.49918210232679017,0.5620996687159733,0.7871106079752657,-0.7198692561266102,0.5868783997819741,-0.0006099012590210506,0.48398672086648276,-0.2666567677125846,0.45672377233215256,0.8371175249597128,-0.7520920004129363,-0.6144859369853766,-0.4605121142898383,-0.452456124743688,-0.39238757982310624,0.7952298357013623,-0.5239539797204933,-0.057696773857778494,0.8477564797199013,-0.5032605377057884,0.6133008438009704,-0.7122527412442108,-0.5313645915969829,0.474304245952618,-0.17593697375878703,-0.4179940792983732,0.5977428945316544,0.4595164011460473,0.5334341840534923,0.20353316848673497,-0.11660425636016636,-0.5025174689368563,-0.06947967728293958,-0.6501615449184017,0.29454626662863537,0.11899546221913271,0.16446030966703773,0.23286318906396541,-0.22226894927986152,-0.15940633748479005,0.7381334214219726,0.6070045825575406,0.8436472047413731,-0.05625396119874648,0.30965133561703495,-0.6555705211636069,0.5765691805060804,-0.2649196691712341,0.7823873268391093,-0.7206046158261126,0.7007549568995447,1.0,-0.15901064095844997,-0.6205604997415004,-0.581370961157035,0.5820558667709911,-0.5316807390639271,-0.03848890617983303,-0.18279222136905782,-0.7311996111927459,-0.07573546402434883,0.5153925042626363,0.36361077659143093,-0.3388877888050392,0.4800695301275746,0.09925962408118005,-0.6650404487597048,0.5454427344213962,-0.12287821756300721,-0.5672110470768748,0.44173319792867805,0.573175401661261,-0.3682211066277099,0.2972536579327948,0.28360994759117664,0.5078208971671039,0.14024321024899067,-0.3848943022996727,0.2883897543455247,-0.6696021829922449,0.586279970120525,-0.4020521609351342,-0.631899614645326,0.284405765114666,0.7791721571677921,0.14377235158501356,0.6354315286361177,0.6663831311842906,0.590328612883017,0.010304906178688178,-0.3866939956055626,-0.7629106219169621,-0.6207201579861987,-0.25641720842127924,-0.34922696011564436,-0.37260606373766003,0.21877462437556983,0.34735129715112634,0.15956227573403647,-0.7681489389117968,-0.734927690265224,0.32989253566236565,0.6104588505081102,0.20381612834945506,-0.34839384366318127,-0.49002358746358965,0.07139085201615814,-0.6186857983555647,-0.4962753385981362
MNG,0.28409303613029724,-0.0828300222759284,0.46583740299348064,-0.0019092138577123663,0.19865542906502343,-0.026823400046120716,-0.0004672703888666252,0.49828036799454,-0.0700100717196519,-0.11565072467284954,-0.14186656887649196,-0.2536044729594309,-0.12311916786364852,0.4842733820517957,-0.40779323721554994,-0.020657527110721663,0.33659449331167923,-0.3513624375421245,-0.1923178533755392,-0.18512877767364277,0.680016935344447,0.29189769900972595,-0.0948605557251132,-0.01686296827531719,0.008187417532684593,-0.012471575577083005,-0.03194742618987911,-0.12886111136035838,-0.17396380057789584,-0.11330630641796735,0.0721088152192777,0.3262251639236069,-0.2608009423473099,-0.13135471510916363,-0.33269624875849346,-0.32196248214201084,-0.17470996580076115,-0.06114842472464033,-0.12390538973235765,-0.14480864206217348,-0.09789800339871024,-0.2248155291066969,0.4677418365777052,-0.4510207360001468,0.02012388469057902,-0.23455546714650755,0.0788099810824281,-0.029839322995961037,0.03573000120995906,-0.13073189343114677,-0.37650751550094896,0.6091714274184109,-0.3986381731020565,-0.0736604980008102,0.12516352724693236,0.14518681609611706,-0.07787807643435629,-0.12852668060936412,0.40528820694807266,-0.3536730394176526,-0.43458466283119135,-0.2241468773108206,-0.2897595178671635,-0.04906926560521829,0.002547221325912563,0.08386469327013435,-0.1823533611469319,0.1229029087122504,0.4260018832033511,0.5614616907354077,0.2073807778894602,-0.13995898057400868,-0.38785981524502344,-0.31110631348813444,0.5575405029030106,-0.37039515970426784,0.30160411563201583,0.18652566984461927,0.008843422230757514,0.32040288811951845,-0.0879387067719073,0.21188527884303165,-0.15393320268855115,0.0945085351689956,0.11934173059938902,0.07610522678572029,-0.08613221253502545,0.013397644584170476,-0.29924344040617434,-0.13095763038508923,-0.28560901802061145,-0.06070775466138012,0.10866207400698624,0.12014813684402637,-0.239820785028098,-0.15901064095844997,1.0,0.08236291573726051,0.3244262755106325,-0.200103564365671,-0.16634234563454586,0.5525078964077466,0.050604138706055624,-0.021865656682491075,-0.10712596266381125,-0.05444169496468376,0.2517161200952942,-0.2183897700629942,-0.1111619222325757,0.4169698500332384,-0.18479933718345465,-0.4783762416151984,-0.12133739748958927,-0.428924313511134,-0.12041552737569283,-0.2511574913602024,0.5530101089890023,0.09917696116945751,-0.07390879003686757,-0.2173010046272421,0.05319824557133512,-0.03228888848158018,0.15530948949956402,-0.032969229950957635,-0.14164447226739663,-0.03347011809083833,-0.0700115999253963,-0.5698018078631666,0.011763678783815679,-0.23444518024345395,0.03367872111039938,0.04867873709446713,-0.09023311380397225,-0.020126003704314277,0.2963992969975937,0.1225700220010778,-0.13641923552306023,0.08560120425682594,0.27079892304749953,0.33020768682372936,-0.07782519539483901,0.05123401278176054,0.16456421300482404,-0.006718449100036494,-0.01789462912776929,0.0927051260329328,-0.1318280029740848,-0.31771849939552865,0.4893168895171651,0.39579819879699496,-0.042569022194223205,0.026954844118431853,0.14640447390537603
MOZ,0.7555793589637174,-0.44180857370860505,-0.600719398868887,-0.5701335042561477,-0.4961461936566538,-0.7870973255151847,-0.777707500971156,-0.28499276798548334,-0.7093919072861552,0.8367571434813683,0.9101866282946334,0.2997216253999637,-0.7350286861147115,-0.5140749870404568,-0.5656076551308133,-0.6010856043246182,-0.6082120013673857,-0.11468330990215159,0.16946512100154587,-0.3077345780149512,-0.37130460370299234,0.08387441742084456,0.12726365150725116,0.8331491304414828,-0.8322983080626773,-0.728662057865527,-0.8557999890867665,-0.3343295035660172,0.7907211235656323,0.8227154905714249,0.8732177670596065,0.6793626485548971,-0.38510665672565203,0.6731083460284334,-0.04653480420141287,-0.635512521372203,-0.6346158721765289,-0.7304562606659335,-0.7485848376682389,0.3502559350789759,-0.7876629689273285,-0.42272122102860066,0.11352680523297742,-0.3688839302153746,0.10248905590958701,-0.7680912032828073,-0.7561341093342167,0.7923151269353582,-0.7789291543850927,0.242650021557414,-0.67984667791844,0.27211359433408067,-0.7435068152024444,-0.5878574715791351,0.6720665261615133,0.9465439165399379,0.7478146987920237,0.8463665105947114,0.45746402548832965,-0.7332725405819747,0.37160199794014326,0.5901070650694401,-0.7029844332281436,0.6083046903063916,-0.7056814114793475,0.21856417859040167,0.3530624631699544,-0.6046891739469933,-0.30200870914271016,0.19163224495903908,-0.6714832945171181,-0.6638542509359198,-0.7761192450439314,-0.702239524790921,-0.32692282565178465,0.7326756463639067,0.3282279449936941,0.5233400223357327,-0.8158855710227297,-0.581891631659599,-0.22066160148776293,-0.0822863525798474,0.053057624902229206,0.6837194645451552,-0.7499097373818313,-0.5792637931197424,-0.7250869519480607,0.10524401510509407,-0.267015320988639,0.9433546443345777,-0.22963980415160812,-0.365292393292719,-0.534425793869068,0.9311994875688978,-0.6315917803134774,-0.6205604997415004,0.08236291573726051,1.0,0.8746601656665833,-0.3698380048454668,0.901753481807186,-0.44297127634198463,0.6573842200927018,0.9016668347799865,0.5509996346062075,-0.6800865863179519,-0.7778920153830893,0.5170165635161861,-0.8027323500116772,-0.5408919742853784,0.6781773454834189,-0.4486299677665724,-0.19548282974106868,0.3096973384285462,-0.742163315614486,-0.7252578686873496,0.19839808587530483,0.0684415952971622,-0.5933703491395581,-0.7267812265829274,-0.6679428892394341,0.8123311258125219,-0.697836725395176,0.8631417879830225,-0.7663041872825176,0.7253273862725701,0.8280818158606092,-0.09397737772452674,-0.7183503343596302,0.3232048246863264,-0.6351221745519178,-0.6924303129088103,-0.7537040058317546,0.49194036561364385,0.4608478933746445,0.8917709137596208,0.8800198585342109,-0.2090980274568348,0.5672443943441127,0.47028693554850876,0.0893715743336736,-0.11552417099071621,-0.5307801675398225,0.7836439573317946,0.869245410083194,-0.5025296386601255,-0.7360019381360958,-0.6997343169448773,0.22979904722941014,0.26288222647311665,0.008529252555952382,0.7653230104780205,0.619804118111461
MRT,0.8987470459319401,-0.4301114211136823,-0.4509096087584452,-0.4844907860312033,-0.3233439186532916,-0.6886149385618552,-0.7138530827136937,-0.18001254907959208,-0.6847941923326935,0.7180841343044748,0.764867486767906,0.20238119253264797,-0.8041425611569013,-0.3274946909552756,-0.5880802857003311,-0.5978013204285308,-0.5743931746280277,-0.19558718982432732,0.06085358422371956,-0.2805491233019479,-0.125947591589193,0.09990908083471428,0.2229525656670085,0.764083293959718,-0.7466355809421912,-0.6017093294369733,-0.7314540012739441,-0.4394070492595974,0.6888159772908796,0.7625779700591327,0.8044438660183556,0.8639059643508376,-0.34048122833141203,0.5863623973781512,-0.03216092588145192,-0.5171724342378703,-0.6364906694794057,-0.7726809928391498,-0.7683186172258534,0.3964816439348571,-0.7288188614679258,-0.3090427464104808,0.3305027013640358,-0.5374389619574866,0.10987254512497102,-0.7084911277615777,-0.694865066631698,0.7086737103469012,-0.6729669615236604,0.16663853125197714,-0.7158280655768108,0.6354932907910862,-0.8036127270366191,-0.5816156705102102,0.6461328340205327,0.8742588178398094,0.7596828124113403,0.7206450786653497,0.6617236684389671,-0.7496806689933657,0.1832077877999525,0.4735486483050867,-0.7924911097255016,0.6774117359012526,-0.7749146302456591,0.1460020622197209,0.12201692385841856,-0.5059902124950422,-0.16456680673207758,0.41309225789870574,-0.4723681701640823,-0.5776838180534352,-0.8037783431113183,-0.7207331407766824,-0.14625305345474127,0.5393453989528504,0.19640950579757765,0.4327811114853678,-0.785422359264845,-0.4025273290842748,-0.15310715005979292,0.01572357599611318,-0.020354853542095208,0.6347530697798938,-0.6874800543691213,-0.4913797139468128,-0.7300668646286952,0.032002632654509755,-0.5403852797958844,0.7803496358854123,-0.3517758598813179,-0.435414640028974,-0.442973421939145,0.8699403717436566,-0.6311869226321147,-0.581370961157035,0.3244262755106325,0.8746601656665833,1.0,-0.4360598013618431,0.7454791885381107,-0.3447718298731326,0.7264022966350874,0.7606576197351231,0.43614258995573585,-0.6763814844424445,-0.5901079692819322,0.4794559735431305,-0.7349889502117333,-0.42919631455370055,0.5479104228869881,-0.3834319143274363,-0.16538049203819982,-0.003817567275475886,-0.8622514329396744,-0.7264403856563484,0.3990064753436722,0.21125591783969222,-0.5972998377074399,-0.8289405562503329,-0.6907029225066181,0.7711102515298438,-0.5975999792811924,0.7821677249806465,-0.7350939879929252,0.5871020692832662,0.7613494632854725,-0.27355654894022785,-0.7460873086881687,0.3451175521453953,-0.6672946635067645,-0.6723111142725167,-0.6471553035953916,0.5278580271279398,0.5874974179664886,0.8279500148858169,0.7382805300110714,-0.3691684862741038,0.5023113896367137,0.4315262251793799,-0.036122545133280504,-0.05838728755380007,-0.38548012004530974,0.7081302569649968,0.7892993451174314,-0.5460685687194431,-0.5893722686011373,-0.7173745764505677,0.2143053998773835,0.14255246730415583,0.07933209854371459,0.7470148166219177,0.6555620685656532
MUS,-0.6064095013705493,0.34183855744096237,0.17284305125013677,-0.2978725622193725,0.3700655660458496,0.15839625251533873,0.509497989906637,-0.11380656438777459,0.5057265850993018,-0.4362110635254113,-0.32953622292540974,-0.3278267002881412,0.5378953658300831,0.1109671093233019,0.5197894592981266,0.5837243884808,0.22332589101496858,0.520452766019892,-0.45763661874384853,-0.30171076460583146,0.17838795564521936,0.2929652817989159,0.06576604003859887,-0.3487199545409374,0.21261617039283753,0.36038253124416997,0.04517759434188662,-0.32190142238961084,-0.4839668466189826,-0.5174874142116337,-0.5674752787786024,-0.390775952111182,-0.2650148850641181,-0.03654519628439834,0.4563984626629598,0.4613034543022604,0.7046552167005963,0.4511407058062642,0.23660862288841844,0.3482607610984355,0.4473231963837794,-0.17222967716594506,-0.5645019806205096,-0.005344984930468311,-0.34368529738001197,0.3259637233821918,0.6004942066738407,-0.5550798420591896,0.44691804155512194,0.29804185418072693,0.3113656813395318,-0.4075939320746991,0.28533623660282315,0.48211718401888637,-0.5723853884614925,-0.38134115738764485,-0.37056711518818863,-0.27171571027943675,-0.28621130144939166,0.5307190312698832,-0.19604527187975918,-0.16138484177941148,0.5758997733897798,-0.30402072468271246,0.4889718116792744,-0.5902670368813805,-0.41824481583829654,0.33126060988751016,-0.4197612474363037,-0.4593611171623375,0.3342767649010492,0.12949932036012468,0.3336067275103678,0.11884967626063347,-0.24987397042802817,-0.3337618301136227,0.10128511158513787,-0.24261961074934635,0.21611792769418026,0.03994691300167463,0.27432575235667245,-0.27987694468620194,0.031279135835276306,0.024669752163702374,0.6020423161797437,0.5741254659319823,0.6543977535287699,-0.1461480669867139,0.30904845087179433,-0.3848933036380624,0.29900399159876034,-0.1912229905828351,0.6759553312412528,-0.48031723369839074,0.6055688525465424,0.5820558667709911,-0.200103564365671,-0.3698380048454668,-0.4360598013618431,1.0,-0.2959823822427301,0.010297329800078914,-0.04307411433334618,-0.41521301643801567,-0.19529108714310928,0.3971353251261953,0.1345424761119025,-0.2718786271382396,0.3087667833579617,0.061710608644051534,-0.5079507393184999,0.296441143336581,-0.6499039961285207,-0.20024642129929449,0.389426836575125,0.5977671207504102,-0.3696314639158613,-0.060154795060022304,0.21928790742256965,0.5190299375693429,-0.10271392933760315,-0.3181770984669061,-0.033782394183085485,-0.4369047663114536,0.46427425878752804,-0.06651248674529464,-0.42117411640386626,0.11097994886173346,0.530426589632899,0.20525245542640325,0.6961422828216528,0.5962916030410479,0.35829139274181787,0.1903673097707631,-0.43730518766986526,-0.49155574467211394,-0.353424392033592,0.12347937656499819,-0.30500180975575253,-0.14948756806684393,0.4703488894915939,0.309366040582186,-0.29737818933019855,-0.5864945880067496,-0.49198533107235276,0.16593385944053907,0.27126800347602387,0.06066725266811501,-0.5846814856887554,-0.08024920785187617,-0.03024605711844086,-0.4029077557652987,-0.5551474187636685
MWI,0.6663204502451002,-0.36945972169218577,-0.7554873484085753,-0.42896126124699885,-0.46952135657051497,-0.690518642987159,-0.7831563005751667,-0.3532567356466614,-0.7611465409724973,0.8054881189399147,0.8834637673220636,0.4197559608271433,-0.7483738259900901,-0.6911506022451075,-0.4960090822235981,-0.5295630081455269,-0.7196946466393146,-0.014269598379754056,0.1783279216977005,-0.20222236243557212,-0.5359992218466796,0.1405431179106872,0.13751401018943965,0.7825510040977132,-0.7569650610083378,-0.776439735474435,-0.8200320507739429,-0.24512148959459523,0.7834565807421663,0.823809846145685,0.8094038434391131,0.5747449639890568,-0.2267501914553689,0.7339861224789922,0.06110756535913475,-0.5279592522449974,-0.5962683727043667,-0.7636935087747341,-0.7341588276041837,0.2473854845246244,-0.789913215283019,-0.35290858936625247,0.09225794462736636,-0.22631986001314863,0.1865080455760274,-0.6681422191352122,-0.7873806997315986,0.8574533237974025,-0.7315714408298142,0.17577084109325158,-0.5786806889666571,0.07432734370174676,-0.6487612107151399,-0.5243263196396195,0.5920103587260916,0.8396170634483637,0.7758682616782449,0.8794163838971107,0.34139832320550323,-0.6403878007741324,0.4697031585686482,0.5584577960285501,-0.6157063421822624,0.6790753440248626,-0.7764378012215092,0.19561900400199317,0.41463068590972174,-0.7311302062178346,-0.26190134374779017,0.083755051985825,-0.631464932057578,-0.596866279341866,-0.6481237374722735,-0.6069310500664615,-0.3848383364169963,0.8658721612544945,0.34446662699003405,0.3551531744428267,-0.8010045366476519,-0.6502001845274896,-0.16448289284884887,-0.1583774791843937,0.26599130285663986,0.5984342017030735,-0.7968723101406052,-0.6612578223452246,-0.7222573471717366,0.04878137059047427,-0.1681303154382514,0.9695097711110979,-0.13354935712096294,-0.5071255838367823,-0.5849901057771549,0.8620783272965221,-0.6335631643424011,-0.5316807390639271,-0.16634234563454586,0.901753481807186,0.7454791885381107,-0.2959823822427301,1.0,-0.6626927787734398,0.6192445674739344,0.9024663937216011,0.4778535626719138,-0.742571269754015,-0.7525022905835876,0.5809709941761163,-0.6578406901466778,-0.6453576772447915,0.7796932725185206,-0.349348497239645,-0.19242014047537825,0.3510944314227198,-0.7287060501954707,-0.6272222447342717,0.04971498578131317,0.05697293216478738,-0.5921533395034775,-0.6456374591405183,-0.6156089106753868,0.8446745871366467,-0.6817219880662275,0.7932988779313811,-0.8196337483775533,0.7245197974118942,0.8366753831779544,-0.03771509562742481,-0.7135135805907342,0.42375008816663806,-0.7016655936427512,-0.7154210070924365,-0.7340558682638214,0.47555244426232746,0.44427976735793284,0.8382631221715331,0.8834898794888225,-0.29610508040383277,0.5462261119554183,0.4283592172995757,0.1979820776322122,-0.1364897379143557,-0.5508559394508168,0.7815913262307514,0.8690901895335513,-0.4583115518209524,-0.6304744951623884,-0.5377369547456317,0.20475784952388187,0.04651656612107091,0.04273668876089398,0.7132882820671389,0.6792509322451421
MYS,-0.2960698918358793,0.07991062299949292,0.8156559171292511,0.1936388695956116,0.22633336997692366,0.4375661078124746,0.5076811066475381,0.5052346996595545,0.4329696724276588,-0.4928861045812458,-0.5600650499061179,-0.18938185523923456,0.3330820178773759,0.658949475210939,-0.08355298938122457,0.128670122651381,0.7036001668090466,-0.37345933284466604,-0.24083346983777876,0.10024719770297208,0.5615362418634916,0.0016457505010678553,-0.42626980385587476,-0.5264019688979256,0.5003396545397741,0.5498203602129447,0.4959127907352068,0.3961599592309306,-0.47913267993541586,-0.4886622918952175,-0.41112814813933074,-0.3139103428773806,-0.006294409444789872,-0.5790572469546029,-0.4463724608366648,0.05371139256231405,0.19765035159339828,0.4616589022371712,0.5161486744376754,-0.3681749738658384,0.392658261913041,0.010964293221304988,0.13602039191958526,0.06959739769286966,0.0872735701613222,0.33148599295090964,0.4274593779516547,-0.45574228904387226,0.4365524488260548,-0.1395644317122562,0.1968315243042662,0.08070518555880823,0.2671949335734347,0.09625947434456672,-0.1219736843130177,-0.4233900812564553,-0.5959543125530686,-0.6590477470917784,-0.19640589819453624,0.11531093385471747,-0.33628862808097804,-0.44562678349507223,0.10245805979205058,-0.4392760692281015,0.5252583474587829,0.23734280948519793,-0.0662080498386719,0.5433861783417591,0.4532103152306166,0.1456265279794119,0.3273996593187678,0.20186372675618647,0.24866966921454292,0.35279313253616906,0.5466651184089291,-0.6230086658289031,-0.012644978826471753,0.16334621413213068,0.6727136673487795,0.44973133001236354,0.0023522305037523283,0.020910289221514056,-0.07462751806181389,-0.4253857585327119,0.5299758169368785,0.3859885027663661,0.3034332288011712,0.06130795204757922,-0.042818131958008765,-0.5858269003775272,-0.1851356085773721,0.6035251830446603,0.27081583524863184,-0.41523119121288343,0.18089464128552657,-0.03848890617983303,0.5525078964077466,-0.44297127634198463,-0.3447718298731326,0.010297329800078914,-0.6626927787734398,1.0,-0.4524288079352088,-0.49205827571150285,-0.2716805889972249,0.47809149801392525,0.5465406863375342,-0.422007394940322,0.3256458650431593,0.5647887297129769,-0.4800190732337164,-0.1487389935943395,0.13613062803982512,-0.00219800273393167,0.5059372307584267,0.30938574183151557,0.25590285612194363,-0.24660244835835066,0.24169623518931393,0.3599834034322613,0.5364443465592915,-0.557415083425354,0.40090950476716114,-0.405312223990272,0.39561730296760933,-0.4142074889822256,-0.5256010592813802,-0.3385966981450763,0.36059773036369924,-0.579601770644897,0.46036911072022824,0.4318305758970937,0.3632785380880752,-0.44944913683560905,-0.12747917700326106,-0.3855543612981793,-0.5737102342708251,0.6500418644227718,-0.18644645055671538,-0.18574579055345875,-0.32098388925270926,0.03155826726673494,0.43988207979352856,-0.34829691275694885,-0.4177740152501599,0.41390343021970133,0.16743378468833137,0.2629665148278325,0.21373559776025308,0.555696916670772,-0.10466983683855147,-0.4106658634371698,-0.39488481368085937
NAM,0.6132621537072239,-0.4020037334919657,-0.46618750719585633,-0.5439365719293259,-0.179789883268187,-0.48657015535666703,-0.3929342525284991,-0.4069214183142216,-0.3622443154126298,0.45921933452986263,0.6679005010800967,-0.10492187838464417,-0.554189102805148,-0.3839199114271572,-0.0718144122146922,-0.31981686038665824,-0.6454149318562052,0.17412121569188233,0.15203715803012496,-0.21170736709530624,-0.1710585319860911,0.1467633826063628,0.6119846140210861,0.5963025571785342,-0.4893929440050866,-0.4304437408674495,-0.6198717459821943,-0.5045263303105756,0.43636683011471844,0.5513918861847608,0.5051635450494597,0.6442031903635576,-0.1923164635066068,0.4822526729372013,0.3796561567735931,-0.13066290851902496,-0.24027865001654614,-0.6426355488609383,-0.5541301565420844,0.6574221747007017,-0.4128243495152746,-0.2937013944593285,0.12262891975786605,-0.47777899543317526,-0.09288554980868335,-0.3622831039823058,-0.3963817921280579,0.3349570675088793,-0.3614240608001946,0.454335034121212,-0.34430050020099845,0.3990537657379787,-0.4375801297708446,-0.3576394007121153,0.21176577669752694,0.6144267429354147,0.5284148556723544,0.5733127732338924,0.6218144213864297,-0.3555851240075252,1.5834553490634562e-06,0.4739278218217129,-0.4121386089981103,0.46273666265461466,-0.5788854660868252,-0.2463930542894055,-0.10752508927637505,-0.39338443617352414,-0.4086920646914831,0.1636103201494905,-0.21579890387024792,-0.32128620065280167,-0.515521873109759,-0.53807808066875,-0.27892914119502343,0.4384946851712932,0.08587069663371949,-0.03617280343991114,-0.6825308515891084,-0.46779038907581594,-0.19532353135496128,-0.009947508206960887,-0.2347419399399815,0.8486540491674287,-0.4041817252149038,-0.23835251282914216,-0.35883510443471955,0.12641843681378528,-0.5121568591716263,0.572923398640826,-0.09506739586931978,-0.5626206481564577,-0.19740002714169713,0.5852100484533368,-0.32816530292476576,-0.18279222136905782,0.050604138706055624,0.6573842200927018,0.7264022966350874,-0.04307411433334618,0.6192445674739344,-0.4524288079352088,1.0,0.4755413736895857,0.279299916059068,-0.39865793522754256,-0.5579839299957357,0.278119591782666,-0.5165804528767488,-0.5111022985907201,0.2870026079216341,-0.05455528262977971,-0.39064226831702387,0.04270399791803681,-0.7225675704221186,-0.40918120760432797,0.10041952402532073,0.4242083751022312,-0.6859006079080521,-0.6043897513702348,-0.6589538377864668,0.7192027206576777,-0.6102382434660367,0.5934072932049907,-0.6652697988974519,0.5077036860738572,0.44247878046319455,-0.13324200904336525,-0.4814277808158711,0.4683835651104806,-0.3131971673603142,-0.4344483261409544,-0.3209548295082012,0.8464770242431752,0.1239197383545132,0.4763996283541012,0.49234956885145564,-0.4348346459110779,0.16334256988351026,0.15096207608631063,0.03406353507284743,0.22526966833972661,-0.5067613115465681,0.3144020871887333,0.47719628074749654,-0.5191972145821204,-0.4032733482054107,-0.4942861959474403,-0.11005120213851849,-0.1875147085700275,0.4786145986480428,0.45425050263730604,0.3297417841629231
NER,0.647029598783931,-0.4419770186372656,-0.6342561193007568,-0.4786561354560832,-0.614136523729218,-0.6660807093274668,-0.8095694970469205,-0.2644467304504736,-0.7982290994059837,0.9325733514875983,0.8957412983977675,0.4765506829660685,-0.7710128175238902,-0.4830430108546069,-0.5477675894325955,-0.7018659960115268,-0.6518327084803515,-0.15891660147829922,0.2631579415443692,-0.29608332238557455,-0.398635626505768,0.14757063406458482,-0.1006465995666832,0.8369692391844107,-0.8104735824737959,-0.7383184745431137,-0.8603209733073747,-0.2192570973098289,0.902675025476521,0.9073270621206074,0.8014008315758473,0.4934191154873422,-0.3738474014538882,0.7771433567878782,-0.13908833899112039,-0.6934525605712616,-0.7018252673880776,-0.7138911597872091,-0.7092401357115685,0.10133265182250317,-0.8035001351722824,-0.29450142163665083,0.08261781894953568,-0.1440494292272132,0.28856708743383086,-0.8117621008614997,-0.8330097210936014,0.8927635099037268,-0.7909397847352841,0.21899848547901413,-0.6637453431095361,0.11445494101878895,-0.6789091234223612,-0.6965237350293845,0.7631683880516164,0.864782201943361,0.8069702980203733,0.9047033067436715,0.3681008724940833,-0.8000934857303523,0.6316330212446307,0.40244205813469125,-0.7334057792234785,0.6281367699892866,-0.7663433899117713,0.37287778828318474,0.4259830342931342,-0.6768533598959907,-0.26452797378538273,0.10243038070127908,-0.6595656019855718,-0.5895572100162276,-0.7518748911503463,-0.5659386439894665,-0.22317146813293354,0.8137221845209862,0.2885267813974388,0.6087140360331703,-0.7519607331722604,-0.5181662186263065,-0.17386047312375008,-0.2651262656781621,0.22507362716563384,0.44362797461412773,-0.8614073574260575,-0.6707560246683597,-0.8104679822960683,0.023629416453147756,-0.10210373582386567,0.9509949487147149,-0.22941887134624195,-0.30036195887439465,-0.7138466341433478,0.9532945570309811,-0.6693089451298695,-0.7311996111927459,-0.021865656682491075,0.9016668347799865,0.7606576197351231,-0.41521301643801567,0.9024663937216011,-0.49205827571150285,0.4755413736895857,1.0,0.39375427586258893,-0.7408983139983731,-0.7205913179156398,0.5400747824324307,-0.6501219335225987,-0.46184073429352535,0.7948408866847602,-0.4813777941660782,-0.1437465107770377,0.39912729105079503,-0.7077490472999068,-0.699079299033412,0.2034441562154251,-0.1324676962850595,-0.4802759556121614,-0.6733031055737622,-0.5750796894368575,0.7153324148623275,-0.6295810224792451,0.8885976073744882,-0.7961315272943101,0.7845152912186648,0.9066311148279188,-0.08991817925583745,-0.8223260441891833,0.3432301761111154,-0.7525089753070091,-0.7394859102068807,-0.8115894078227575,0.3049768746320918,0.4243989367442591,0.9595445708569755,0.9540293642168691,-0.13209249541246315,0.5364677493453599,0.470143432713352,0.1988433184318169,-0.35333769545929883,-0.5740298174061294,0.9044676232124922,0.9163659770534808,-0.5703350031241239,-0.6999731448229949,-0.5317972651702623,0.28495191080620175,0.2367295426930811,-0.16817321743003655,0.7057630368794163,0.6285074251113073
NIC,0.2738036106363195,0.21535050329621386,-0.4239332561404523,-0.3765835556006163,-0.0017087194295462016,-0.6864288147653497,-0.48451680962397514,-0.06464388540371391,-0.4566246593686656,0.45888082714631984,0.5193244877387402,0.14792609956380443,-0.2993319705543618,-0.4350739042130982,-0.18650759356853408,-0.14200653331617352,-0.2034111084321475,0.3634600149052992,0.24357977795185803,-0.4285855881512086,-0.3638595631964092,0.06968143652459602,0.13226856701122425,0.43458199448645796,-0.6586703749074578,-0.412228939487705,-0.30551857679455785,-0.32491228314319764,0.35794471742621126,0.35409150613843543,0.4654187760072852,0.35929963447253166,-0.24568832368886784,0.3660942511574059,0.049028454949257005,-0.28332814854739574,-0.28872547991388076,-0.35186178174475913,-0.5523713080425705,0.17910035447384198,-0.46599204718988485,-0.11086321612333006,-0.2926088229565942,-0.057271300641656975,-0.17769078693023932,-0.49093449356698016,-0.28226863953222425,0.3554687640812475,-0.49243855195475605,0.23784839224907706,-0.5336227730264733,0.1134638127216332,-0.5171656656333776,-0.0038703524507495146,0.3755578608064243,0.5529942626268987,0.4015181979000447,0.5083441873081195,0.024976437642735494,-0.3111964474065456,0.1194556450625579,0.6963838618851648,-0.1213102668486683,0.23478861334716483,-0.2324258415875311,0.03491518329033527,0.12431187795785736,-0.10413367214389013,-0.3813868739730535,-0.2732420560127422,-0.4154449906446378,-0.5230407261669232,-0.41764995437970165,-0.5149055492110075,-0.5430377922309562,0.4149730368211825,0.24386865737103225,0.4597684063220395,-0.47286204987134295,-0.560210145539362,-0.4219434286303927,0.2305144904056745,0.029020869778475955,0.39758248332681945,-0.24798677484219,-0.3771155394181409,-0.17264053412429048,0.04113408776274985,0.2017201194892002,0.4989371800653676,0.14400296512170518,-0.3628214180503835,-0.07272749855719907,0.4304686396701336,-0.19477038613919184,-0.07573546402434883,-0.10712596266381125,0.5509996346062075,0.43614258995573585,-0.19529108714310928,0.4778535626719138,-0.2716805889972249,0.279299916059068,0.39375427586258893,1.0,-0.4359861414209416,-0.5045518460701677,0.2791072020244374,-0.54727817694542,-0.42215732117973026,0.1626042476306423,0.06776289238670374,0.2502586313968965,0.14400885756719828,-0.3198265555128379,-0.46656716317927227,0.08594357469430969,-0.05932481304214554,-0.23717565141534092,-0.3599178415676829,-0.5437379288720507,0.45128716129482016,-0.4573385963649055,0.42423470714382017,-0.2591696191027786,0.46274233763459927,0.4883734021583126,0.27761672789100045,-0.1824593580277809,0.07247526959149675,-0.2580694172721678,-0.2094953906694781,-0.46306805343739477,0.35044853717861546,0.21600192707578525,0.4136964663195202,0.512224002388431,-0.16256087896129556,0.5592367378442983,0.3016034473279434,0.15098626738082666,-0.1402081776926798,-0.33297716917434217,0.4420050790977871,0.472155722223087,-0.253316528201891,-0.3802159620398089,-0.7167902027011848,0.1645908522212255,0.18027436974348265,-0.2750549833919882,0.3894730848679735,0.3782020889530089
NLD,-0.6615455134529351,0.027835901047684852,0.664915247457213,0.19368162941135247,0.07263367420940836,0.7456705858354633,0.8894270633356958,-0.13138211749076767,0.9786633998281914,-0.706605327989859,-0.69884937165666,-0.6819437021706043,0.764388085374412,0.6097573096905236,0.5069061188228061,0.3498985325551458,0.5563793676926894,0.016903802953258884,-0.37215088250844386,0.14801596056307798,0.347190438931672,-0.2026975706407601,-0.03368674039284025,-0.8285705296061798,0.8088822097022166,0.7985225553244494,0.5691292714144105,0.18394276341347937,-0.7249997380915825,-0.7517347322682175,-0.7227378371209268,-0.6428278492762356,0.05509501008546425,-0.619301978432738,0.20913622947115296,0.49821739405944254,0.8065808257266448,0.7755420528442754,0.8667934570624323,-0.0495720467473828,0.9570853228738312,-0.08826787566499883,-0.24768207227733186,0.06027462844755127,-0.5128212831330416,0.7477176724256034,0.8251603695607599,-0.8529180935313991,0.8319635184066222,0.01330343238086773,0.8306815828189432,-0.37429599400210134,0.8349844996948431,0.3010906498312991,-0.7467438174130481,-0.7513166957687765,-0.7483339338044246,-0.6746695161179996,-0.33055442664769563,0.7272181645122564,-0.43599408383685634,-0.42518340791970743,0.6487696570475414,-0.8084997173715687,0.8215693178811084,-0.5023383468483802,-0.5351950623144408,0.6083621422533222,-0.03646372485894256,-0.29800990248998627,0.7573398342598376,0.7942025550769802,0.6935351918040468,0.6932255484568699,0.11410603753705828,-0.7590599098710897,-0.2848815870596608,-0.46216186328596076,0.7471652649063182,0.5023602799739617,0.13622523567852385,0.03133672359361106,-0.39739326297013156,-0.41896008998969503,0.7742994022843036,0.8546070346589973,0.7324908074756092,-0.09205797353533418,0.10719454579280518,-0.7471762528687982,0.26201897089513637,0.31337813461090613,0.4184044428587057,-0.7985450427926151,0.8124980115285705,0.5153925042626363,-0.05444169496468376,-0.6800865863179519,-0.6763814844424445,0.3971353251261953,-0.742571269754015,0.47809149801392525,-0.39865793522754256,-0.7408983139983731,-0.4359861414209416,1.0,0.6788026580487847,-0.6067480645344243,0.7671552975031037,0.49843207000214007,-0.7557610128314387,0.32384838355321244,-0.08872170097162368,-0.2335728880797867,0.6709285535966761,0.7870105671308923,-0.46643912721097713,0.08225510333392305,0.3439106548807138,0.5489682023851573,0.4402205993285113,-0.6490222816507107,0.41051386214900276,-0.6014467847997884,0.681949822766427,-0.4056914197522534,-0.8470159138590478,0.1617659052687146,0.5647191768469647,-0.1557494016176333,0.744362409465338,0.7610671516547145,0.8957280197661152,-0.47556242783274616,-0.5826175770066033,-0.8162930774385082,-0.7555638424188396,0.4296002451005001,-0.7540569753887854,-0.49802011113238587,-0.08218182760351733,0.19873729472584034,0.2688470980402413,-0.7799629293544252,-0.7686222129722071,0.3010051196059682,0.5344001002538421,0.5522456902042241,-0.39762128038142364,-0.12706167254699707,-0.040751638249320044,-0.6777164379743184,-0.8495105696570127
NOR,-0.46416262756958315,0.13025463936627635,0.7885782803257604,0.5086154739460584,0.23521945092435248,0.7888597555968806,0.783166009660889,0.44928844499076503,0.6696814120684716,-0.8158778720383553,-0.8140529532476184,-0.49028616450420737,0.5476957325877089,0.7273001119840551,0.13376247699716104,0.37491779900285227,0.7245379141581038,-0.2575473019342094,-0.3191371417673501,0.21752600081932905,0.6885807968532299,0.030254756455650678,-0.09067891520835314,-0.8495772870546252,0.8212865037174858,0.6615568824488128,0.694280136409972,0.29244151151618225,-0.7918801702910927,-0.7524394403317394,-0.623065231591236,-0.41567689994621837,0.12150065109982677,-0.7642463698892439,-0.14922510499654473,0.28460870731222765,0.44949713009984205,0.7025459386605497,0.776969107802607,-0.4828423042832175,0.7693007179354374,0.05186609222410021,0.1041094030708738,-0.005161391569306728,-0.24551564074280074,0.6012327265516211,0.7056271554323835,-0.6774816513202517,0.8285512863658497,-0.31728500661874026,0.5499447445897081,-0.025227458425666427,0.5801005928120033,0.2543600136016033,-0.5915650345287311,-0.7345126907630739,-0.7715981851690985,-0.770769517485054,-0.08613052736474902,0.4228288677303569,-0.5681364002115514,-0.7096110783544749,0.47291757013059477,-0.661663088519703,0.6875038905523554,-0.1994933880724299,-0.4831281322980734,0.5304764001245412,0.44269130639444554,0.1342353148768186,0.7653277191074023,0.642906544085039,0.5641347282829022,0.6147980358483704,0.44535952565470527,-0.8190393802286957,-0.13899788062013885,-0.377899565296957,0.8152273227354337,0.7792778033965316,-0.008556870918310144,0.24572002456270647,-0.08720832893108521,-0.53300764139563,0.6901248608853514,0.5375437502308216,0.5741770705466782,-0.24142022923159656,0.06646354702771817,-0.7960824834624143,-0.03686961896657026,0.2178454728161323,0.3144081957490802,-0.7595033803837827,0.4363271996975919,0.36361077659143093,0.2517161200952942,-0.7778920153830893,-0.5901079692819322,0.1345424761119025,-0.7525022905835876,0.5465406863375342,-0.5579839299957357,-0.7205913179156398,-0.5045518460701677,0.6788026580487847,1.0,-0.6987317433637541,0.7408480146611206,0.7683308615818719,-0.7190952370996366,0.08157897761754707,0.1691727110163237,-0.4458872084130183,0.6600932822947242,0.6035906885877682,-0.09464441237768195,-0.04887671002954286,0.49860784471936626,0.5538882671474498,0.6698941842704957,-0.7236180473443716,0.7186816370168008,-0.7429174399079381,0.5583994947691375,-0.5420010194206533,-0.811415432539631,-0.11237594493802883,0.5292521494996941,-0.45766427526139664,0.5771463244144274,0.7123443719145187,0.7774410918547797,-0.5466270849228536,-0.3393523716496285,-0.6979005146970017,-0.8107791408436174,0.3354251190692463,-0.46320119593533127,-0.10891097596573629,-0.05051511170759393,-0.03792592398108363,0.4614167699099445,-0.6325823680481351,-0.7148833061262279,0.4410210464010733,0.517627379704689,0.49477588712333,0.004538675313332963,-0.12150336876270385,-0.11530440105880158,-0.5485892400987957,-0.46607494075981504
NPL,0.4707237190762851,0.015439106327164276,-0.6643804368618977,-0.022194475237722555,-0.03720044359993491,-0.5158667051981696,-0.7081455027354417,-0.3230984881407075,-0.6149094620004407,0.6546472560257143,0.462127320647,0.5890350699851633,-0.5740368380012482,-0.6575617277357415,-0.2538607698345461,-0.40029815607531427,-0.5613812812042056,-0.001321356137974794,0.06989388670802843,0.24022300113003525,-0.6588917762672093,-0.12152464235599147,-0.20700537931976193,0.6284197271875231,-0.5786437921755287,-0.5253359344556037,-0.34399789482975685,-0.07963399779660718,0.638708656392702,0.6261267730557752,0.3970766350700091,0.35745389617723156,0.25010041239141834,0.6713776743925242,0.16346511326401192,-0.029761913508793203,-0.4168291421284662,-0.7357343565593415,-0.640040874511645,0.2825753670440453,-0.6506100443025962,0.039892748558110314,0.15753523357511756,0.021402178942689032,0.4020924073504679,-0.30118242206921675,-0.7211894392136924,0.7080872936832192,-0.6432525218171363,0.02235267949096409,-0.3888054404015846,0.12638130541544723,-0.4512635186192355,-0.254132950928996,0.5916071709089596,0.48309524319144415,0.7842401872505368,0.6303189517077986,-0.11450270484712566,-0.29938002462038193,0.5167372297292726,0.4012865484888095,-0.5695227305066464,0.8221646678969923,-0.716058367215272,0.3361545580649705,0.5091122857694172,-0.6090581833669204,-0.035579819935432244,0.0012154770675062432,-0.5683891975413424,-0.5138277646668983,-0.3683812810018454,-0.4219458027089673,-0.3695089728487695,0.702768515198971,-0.041731661833923406,0.23660072231207874,-0.5616391390287845,-0.6580881046711025,0.38162162145883904,-0.3405596223398446,0.22714557477599695,0.10653262177117073,-0.6631609860348069,-0.45907193091711984,-0.6187997540468211,0.20042909871368075,-0.30943419723178756,0.5789936067200292,-0.12119654196374552,-0.11985092732573022,-0.2833557537456586,0.5683627644694537,-0.40342577060343876,-0.3388877888050392,-0.2183897700629942,0.5170165635161861,0.4794559735431305,-0.2718786271382396,0.5809709941761163,-0.422007394940322,0.278119591782666,0.5400747824324307,0.2791072020244374,-0.6067480645344243,-0.6987317433637541,1.0,-0.45216478592659715,-0.8148011033716065,0.7469140537276477,-0.20497373361702387,0.009045400463465136,0.22349334968536994,-0.6633233936174872,-0.39730286400176684,0.20669034811099563,0.1515718212972843,-0.4768297636201697,-0.5565528134600484,-0.42779264085007984,0.5294781634039852,-0.5781974971021206,0.5206008107583189,-0.4788723406358981,0.2630204844638917,0.7447301229613766,-0.0193823767878476,-0.5277041192756304,0.546304347946286,-0.7650405351380625,-0.7876379214236986,-0.5865897747610247,0.15408043043312614,0.7353350724142268,0.5490641240046764,0.5870308522065518,-0.3910538037459117,0.3153553129541511,-0.1026858375530928,-0.14418698303972466,0.12577040737807177,-0.06235237021885909,0.5868178972424677,0.5925298851239149,-0.11883407693831005,-0.0636035461630775,-0.2251802837359247,-0.00213387244519625,-0.03592423391850419,0.08710407976850942,0.3511910490540916,0.4795233562402922
NZL,-0.6914634963772142,0.21715397115961022,0.4649317621052569,0.44325704508546093,0.2316902930030924,0.9041591036618898,0.7529025741886662,-0.046360432639563465,0.7221977298018667,-0.6454453186268809,-0.7542600245189917,-0.4404658691912555,0.6284598313306279,0.4560446846277637,0.4808443202284234,0.34915203970952324,0.4907743798325661,-0.011282855240356104,-0.2179785645028105,0.28582856268772794,0.2630510054267763,-0.03838642919642976,-0.24077025986200828,-0.7664297952805093,0.8221538624638836,0.6404982970656747,0.5960643657618109,0.2671983455181337,-0.6560980511631236,-0.6244615305075936,-0.8049690754794747,-0.7070233711871774,0.228960105280561,-0.41060704292569916,0.20299556110952588,0.515913274180342,0.6274853807927606,0.6676224335916253,0.7878849036423718,-0.3811561011750002,0.8331615260880832,0.03863812987885484,-0.10485381540375949,0.3031081578107153,-0.2008575731292228,0.7281707313368723,0.6651405949294914,-0.6853945149779217,0.8397002509752849,0.027349207228201444,0.7785063635368848,-0.4145460838483692,0.8010179679108177,0.2916463246244646,-0.65939655029766,-0.8667133977874095,-0.5793552400031134,-0.5502597208080053,-0.40823161399741914,0.6842325892189579,-0.27686475498155083,-0.6599886910723578,0.5767427342455018,-0.590697977134615,0.6125535480027826,-0.31889005496703726,-0.4746431895174441,0.3155738960874732,0.17456572088798206,-0.3344900193696654,0.8428640077724809,0.8199262695333185,0.6870974399883933,0.7884614100126437,0.22305469291975566,-0.5910496679539605,-0.23068263578808357,-0.5303887585694855,0.7461984274122396,0.4861511198178867,0.20815144426014953,-0.1994809161042479,-0.09744586637983965,-0.6374669346324526,0.6034644846231526,0.5828430383900802,0.6378986797150012,-0.1520350599112863,0.2062187916295174,-0.7218566622875542,0.13772687677158058,0.1549043496602267,0.3078327845895572,-0.7855270287813796,0.622924577627526,0.4800695301275746,-0.1111619222325757,-0.8027323500116772,-0.7349889502117333,0.3087667833579617,-0.6578406901466778,0.3256458650431593,-0.5165804528767488,-0.6501219335225987,-0.54727817694542,0.7671552975031037,0.7408480146611206,-0.45216478592659715,1.0,0.49915378950972067,-0.5766159018406749,0.2255410456876743,-0.02702661665128203,-0.22189725897606483,0.5874367519956308,0.7367942497064971,-0.3498939887130026,0.03632033005958468,0.4142756312061442,0.568131976724539,0.5295470738272877,-0.6884615747954892,0.5084345014715663,-0.655439837585214,0.5005343732489077,-0.32938095733337325,-0.719877183824086,0.032932246270733545,0.48038915048057673,-0.027063593802731267,0.49390391832855696,0.5947283921723694,0.7961867955925854,-0.5681271476511607,-0.44997103444301456,-0.7490825255634901,-0.6753654924781092,0.32284671159169,-0.653572052331358,-0.4934850433825637,0.1621225057821959,0.08089850131061804,0.22640571272173582,-0.6309719202962478,-0.691398812622873,0.36280757738934066,0.7266623673124298,0.703296338535797,-0.19350095134550038,-0.3418358834673021,-0.1268107594551351,-0.801887228596635,-0.6883880241581162
OMN,-0.3739879888216342,0.016356573700473387,0.7365534416952142,0.2526293513550575,0.04731757094374356,0.5982444814671488,0.5546160324172875,0.5329515015220451,0.47002997186966655,-0.573041743674509,-0.5499723616314505,-0.4704967664597992,0.5292220188702972,0.7868824774227019,0.02388908301216275,0.29591161073243444,0.7174267590136522,-0.33216169628002845,-0.10226893029944661,-0.05278527891834006,0.8092032673563199,0.0927188477956079,-0.07151888328283396,-0.5450305330122518,0.5656408422692877,0.38343550688597505,0.38653014220234305,0.18238927821044104,-0.5628938295891905,-0.5453510651981355,-0.3870661015045944,-0.2910028508212428,-0.23569450290979854,-0.6516344932773199,-0.3604579212069927,-0.12631329028302396,0.15961440498672141,0.7380940040916754,0.6015062133395636,-0.4555119542924482,0.5280764055198169,0.030670100743036555,0.05856786538181091,-0.03169058676006564,-0.24457061758608178,0.20310287871319121,0.542895143692591,-0.5795747785897936,0.5467433057435158,-0.15048082580276678,0.23976447593971206,0.04088478369571524,0.31379172493108354,0.08471265545591522,-0.3839380379776496,-0.4578238096992704,-0.6663493550833122,-0.5880318514505158,0.16686219640132016,0.16541826818330185,-0.4501536046019803,-0.6807640429235249,0.32040321081141765,-0.631911634812033,0.6295539957251148,-0.070941346662039,-0.42386185338749893,0.40401711072690005,0.3514706834841379,0.1892644686865832,0.5127319927248439,0.39651684908324625,0.2620488321273815,0.4480376706866853,0.49156758662464806,-0.7358258384000105,-0.0686537934324698,-0.06985112396091608,0.636957382090289,0.8971424661457308,-0.20442392494635464,0.2764683832781969,-0.27444010641713557,-0.3144936038856827,0.486567313389223,0.32405738467579837,0.4391335527924526,-0.23866065234474565,0.23580725328131158,-0.5905451711167777,-0.201551309698635,0.2894250621462384,0.18238163369840166,-0.5149193123460418,0.22161389621312222,0.09925962408118005,0.4169698500332384,-0.5408919742853784,-0.42919631455370055,0.061710608644051534,-0.6453576772447915,0.5647887297129769,-0.5111022985907201,-0.46184073429352535,-0.42215732117973026,0.49843207000214007,0.7683308615818719,-0.8148011033716065,0.49915378950972067,1.0,-0.6312865508445218,-0.12222503716380362,0.10931097492702713,-0.27495605927012634,0.6544485686322988,0.24315380007437293,-0.06690661354602656,-0.2988552931296482,0.7081148138767344,0.5090987792075067,0.6045173494730337,-0.731219223563315,0.7808288412058454,-0.5346907657404363,0.5122638891705615,-0.35189836180726597,-0.6144238408689762,-0.1336667774295941,0.4500123604958983,-0.5716980753430128,0.5442161036591224,0.5804199669631764,0.43900992366236913,-0.44700702393873026,-0.4272686374207204,-0.43612555122678875,-0.5380222536764103,0.41677855975815536,-0.3302961190211604,0.14924776408495444,0.11983154141745522,-0.19922987034102113,0.23195488597899172,-0.4715268871936056,-0.5791898852918704,0.3036456843876426,0.18623853411436408,0.28031186390439067,0.10398331368291203,0.06691591534519026,-0.19042445945539233,-0.3607912699520299,-0.37851469865263354
PAK,0.623127051395502,-0.2979202218160828,-0.7061205359180671,-0.06760325563257519,-0.4067792553745204,-0.5269425645965513,-0.8174311606540172,-0.22496576229206,-0.7957321580496015,0.7761795571073961,0.6938421895502508,0.7635731679864561,-0.7349333982267097,-0.6842933202559709,-0.5002715631675443,-0.5764284888370057,-0.7069999743557791,-0.23217466238534046,0.28087550250533067,0.1749821449176987,-0.6426528086417753,-0.09741246132119175,-0.15744609690502753,0.7193393135103066,-0.5977645504139399,-0.6935917052009701,-0.5567638682589062,0.13979314190340264,0.8354766076601564,0.8172997531145246,0.6960325846194696,0.4064786117900211,0.16672214075075054,0.6174339809490847,-0.22051562158605198,-0.4293050568737453,-0.7092272607287944,-0.7664283195156696,-0.621737750902914,-0.013589658898201407,-0.8220035178599532,0.028562102089399244,0.34887955759776323,0.09220565942156478,0.6159788606789808,-0.5176023347134266,-0.9261928886618791,0.9263761755363106,-0.7906995880534395,-0.10651691440253508,-0.4601205271250295,0.05907664248473743,-0.5088021097132691,-0.4836672492590961,0.7148028534118318,0.656196173928783,0.7264577024148221,0.6755892509279503,0.09929584081768517,-0.5834388775678747,0.6634938120017873,0.3796319500353429,-0.6890095195371764,0.7353265572236589,-0.832298759804817,0.5923866630216233,0.7791497747791415,-0.6963175691479364,0.07953464923781062,0.23166641423594325,-0.7623114524753891,-0.5259317501470586,-0.4692964272168927,-0.4162186640308707,-0.09780785515666413,0.8832744042809004,0.13381973676641234,0.3246240168232155,-0.6403817928179585,-0.5764838944008206,0.059806297518915974,-0.26687597960295184,0.4069532021771145,0.17433827136783253,-0.8978495140733216,-0.7511753662825933,-0.8665279774884014,0.20038765466606356,-0.2106468996274944,0.7987903249873484,-0.20211183359952334,-0.04267303079377105,-0.6766035463646625,0.7815392296153437,-0.7275690771058998,-0.6650404487597048,-0.18479933718345465,0.6781773454834189,0.5479104228869881,-0.5079507393184999,0.7796932725185206,-0.4800190732337164,0.2870026079216341,0.7948408866847602,0.1626042476306423,-0.7557610128314387,-0.7190952370996366,0.7469140537276477,-0.5766159018406749,-0.6312865508445218,1.0,-0.3291390474176439,0.06256335379429057,0.48770947382762553,-0.6385952923701605,-0.6088068421672022,0.21386303708070042,-0.0347868745401807,-0.4756200212433659,-0.5402369653663903,-0.2956101634059851,0.664987220359125,-0.4651858207179962,0.6747925675636162,-0.7090764676946824,0.3718762540627971,0.8208649111577792,-0.13740903617558597,-0.714544000881598,0.24714936395553044,-0.8487457507208611,-0.883908037740393,-0.7602632711994031,0.16708696591789718,0.5806150176973648,0.7766571327922394,0.7491653386717351,-0.25747010382110047,0.51642492766118,0.2054256053392065,-0.13001364312618024,-0.1372922109972845,-0.12672426412203608,0.8059499117863117,0.8092628356997276,-0.2811078479381335,-0.47792515368249733,-0.16689574189386525,0.3425432822912451,0.1279618593753321,0.09876764048318987,0.5885302975333692,0.6880879859914348
PAN,-0.41042053339631734,0.22965112888586114,0.07313981131320879,-0.0006038601783717734,0.17730586488129885,0.16389934420323649,0.3625777240171668,-0.27946945564580217,0.3984452907128442,-0.2801816700272277,-0.23033661226083568,-0.09505079688526874,0.292512487488529,0.05473615040549196,0.7287384281586491,0.2843473044619296,-0.18656255803791066,0.6406068688811013,0.005373033769977331,-0.11555776957083697,-0.19328485434551324,-0.2801180365998681,0.3466344966237198,-0.36635508491507407,0.2818245874517309,0.49761977983102734,0.4371306062367837,-0.028106707256771113,-0.23968695858431177,-0.32332001819183454,-0.363105879984263,-0.3049662651555247,0.25869583793005124,-0.2102129279818712,0.317836156802239,0.5871209189704808,0.5570442258932712,0.18531369749622761,0.222148560250645,0.19758584843188753,0.3962629662762961,0.5672528386658234,-0.37156450694133536,0.3147725326023121,-0.20710820270789454,0.4081094675972887,0.4123578837402533,-0.42061316279232597,0.2445280864136199,-0.031907140591360905,0.41329986493358195,-0.21275836143157933,0.4582623585244848,0.44839787712651313,-0.4231908458232332,-0.4298780395339563,-0.23671714452902637,-0.34116360616810804,-0.2866826109206113,0.5161585925744031,-0.04318888871702309,0.2740841866025523,0.5420663072788228,-0.33210544400521314,0.20038199944608892,-0.4248094700292946,-0.251201513363811,0.601950731583145,-0.3567625906648597,-0.4253626691879566,0.24984826339753063,0.44384073609149444,0.4836616874408154,0.27446255520843876,-0.14778867149148867,-0.18912728273304524,-0.36710607543189555,-0.3605947814136057,0.1863824158489169,-0.08110655236920938,-0.0035768438568264393,0.217322518921647,-0.08400950838629373,-0.20803874130057198,0.3364735248426971,0.38522956705518285,0.35567729482986,-0.06179701979082308,0.1507640335324406,-0.37593466101341044,0.643519419166077,0.015207806751010411,0.24237476170562522,-0.44564359004786613,0.5857785541321184,0.5454427344213962,-0.4783762416151984,-0.4486299677665724,-0.3834319143274363,0.296441143336581,-0.349348497239645,-0.1487389935943395,-0.05455528262977971,-0.4813777941660782,0.06776289238670374,0.32384838355321244,0.08157897761754707,-0.20497373361702387,0.2255410456876743,-0.12222503716380362,-0.3291390474176439,1.0,0.21746965287344722,-0.15307266398334685,0.18178973016025524,0.3926590017606387,-0.3752646409832854,0.08599585003503218,0.05250622739967348,0.17351552230565148,-0.09397868138720167,-0.11133707497623724,0.02933472450378316,-0.25543826531591796,0.42035318865800597,-0.30733117280397426,-0.3147321670810075,0.38882454355406737,0.2652870467067855,0.004952209070455904,0.32233907409355234,0.39294686041375704,0.3762806555785312,0.08038469452215358,-0.4375508741470975,-0.4993491766579299,-0.3340498018771949,-0.21629133092746677,-0.26719615918441164,-0.4724446341324584,-0.2217189060242606,0.03049336309445705,0.15499500952543777,-0.37195370495810565,-0.3234029884067189,-0.23546633067666622,0.222646661904212,0.26557382766684434,-0.42554236530200384,-0.3428330011801113,0.10763794865053167,-0.21918651095638575,-0.3364492908955379
PER,0.06648536014315187,0.127836014051385,0.09395413869761615,0.5940812414025455,0.0022690016505545474,0.019570023347191823,-0.16332717124328666,0.38356744989792557,-0.16006270656426946,-0.020900730207162432,-0.1374785479852505,0.24284309779522983,-0.03503785208035248,0.053979203680927124,-0.09549969721049356,-0.14836500943956055,0.12323444959021701,-0.15477004362547842,0.4590160992979726,0.3545828979414568,-0.1270801793779035,-0.2890275638531503,-0.009178758422149214,-0.10054095475041103,0.09342998206923603,0.0213506744976113,0.5273921561479858,0.43704228460539496,0.05736545500836687,0.007692919716305702,0.11940359412324109,-0.028958819490150223,0.4941202152792168,-0.396545011696096,-0.3692938902901002,-0.027219315762798235,-0.29369264902738834,-0.03605834966963273,0.06507161653686178,-0.4198083484633326,-0.06811739661225591,0.6336470672868865,0.1933306501397284,0.3534730241325641,0.14042427050821393,0.022007067767730426,-0.15405052692387655,0.08801363178638533,-0.17014546316637902,-0.4806574133838193,-0.05957152014326428,0.14395991078700388,0.06278231244441668,0.06074938956623488,0.22805522080523366,-0.08319469542579738,-0.06093976975459037,-0.1891379710485137,-0.09212025461089723,-0.095794231268999,0.07685578939857274,0.12054917904482454,-0.030127453705883767,-0.04559324856514446,-0.0056087523261794114,0.4226429996142864,0.2903456731115096,0.12284466218700807,0.42629302580253037,0.11780634578877924,-0.14377470113557722,0.02687612716368415,0.0923269754949172,0.14380667265439262,0.09644983787315886,-0.014072701312520586,-0.25840773570550324,0.060399843847937285,0.1918911299703263,0.14724599455693754,-0.24639896524827698,0.5151813940551833,-0.050279488172791265,-0.33595062301651146,-0.11218518383436127,-0.2860370385925586,-0.15505972078625363,0.05398970363307165,0.15949096472768975,-0.11056683542863821,0.06319117350053216,0.4073912618380364,-0.29519273767923115,-0.10569786248128854,-0.09939212335443348,-0.12287821756300721,-0.12133739748958927,-0.19548282974106868,-0.16538049203819982,-0.6499039961285207,-0.19242014047537825,0.13613062803982512,-0.39064226831702387,-0.1437465107770377,0.2502586313968965,-0.08872170097162368,0.1691727110163237,0.009045400463465136,-0.02702661665128203,0.10931097492702713,0.06256335379429057,0.21746965287344722,1.0,0.1682224046601346,0.11336638573508107,-0.2473611117671659,0.18732897855921293,-0.12130171656953892,0.2050646282810229,-0.04760475676734033,0.37668749524605327,-0.14722545165044365,0.3343308250589645,-0.07970810788920724,0.13467337896318565,-0.3967830050399559,0.01733116830569781,0.29905516550577804,-0.022220525879671493,-0.4851437809966108,-0.27470450961251536,-0.15598988429602234,-0.04625352557243656,-0.3940762649739735,0.11325601373785366,-0.054143509801544365,-0.08653028312288735,-0.02077893960120525,0.09812970675910315,0.0026390777711305935,-0.5285219273283732,-0.2821077150699429,0.6036699278214868,0.10547584441346203,-0.026308926898508833,0.155739432763498,0.13220628340516982,0.1528718586717761,0.31034427846163304,-0.04396887973471553,-0.07885570212893578,0.07204843242190773,0.2738566873028794
PHL,0.06721534142483032,-0.24037998374880853,-0.31227813513717306,-0.1540889419370406,-0.37896468117587245,-0.16280242016084046,-0.3009183793858914,-0.10833044923767532,-0.31043844744885174,0.39654236594849557,0.4271925615787734,0.548187945803588,-0.27905238808768207,-0.39002434880628734,-0.16092515681260533,-0.4135671466585702,-0.2657405527693504,-0.2064869430669376,0.45094012108187054,0.1768682123308305,-0.5310049028543156,-0.09105694857702407,-0.25070375488258057,0.3300566407306852,-0.22135095368253022,-0.21578302594271448,-0.2280854412678175,0.41009774730639637,0.49023469652189267,0.4828126095089357,0.33468948657740083,-0.11649140450153017,0.11286450777479384,0.17510548881219945,-0.2542853023325975,-0.21803932706884321,-0.3975350746504971,-0.20164044100222323,-0.03527986927585269,-0.12826582281269316,-0.3333584260559259,0.026560009476133795,-0.06374091143170757,0.4978787787958925,0.4573794900281125,-0.17231046880495082,-0.4968541959800927,0.3630942222826785,-0.36811991580090186,0.22848645170348192,-0.057478315353895804,-0.35788169356868904,0.027792860325476232,-0.3724917216226684,0.4120697240966774,0.22476743005902367,0.1612066974043369,0.235802271611796,-0.17414824280239216,-0.26956654352969545,0.5998385809520932,0.1926586697545103,-0.29877759412623983,0.22421223091007403,-0.24056271630549042,0.5917625213996938,0.6330546553376045,-0.3447820444380947,-0.05928060079706032,-0.1583521336659124,-0.5575282895881135,-0.2629185638733844,-0.08273603031836219,0.12524453250700973,-0.14844267386528487,0.5362260430130471,0.06427012581107316,0.346254977501382,-0.08093026651745538,-0.3726768912171037,-0.17484095386086795,-0.39686006901663107,0.2801638739257285,0.08187991482280599,-0.40466969096114447,-0.4823593064460714,-0.3580219437813905,0.2483747737909623,0.15438373027441887,0.4349527307088483,-0.20829687235856076,0.45302113329589244,-0.4836997933610463,0.3202138973393349,-0.3333503599397327,-0.5672110470768748,-0.428924313511134,0.3096973384285462,-0.003817567275475886,-0.20024642129929449,0.3510944314227198,-0.00219800273393167,0.04270399791803681,0.39912729105079503,0.14400885756719828,-0.2335728880797867,-0.4458872084130183,0.22349334968536994,-0.22189725897606483,-0.27495605927012634,0.48770947382762553,-0.15307266398334685,0.1682224046601346,1.0,-0.040283217844244934,-0.21317744436975916,0.03926585949398442,-0.2948765896105343,-0.18192235861460793,-0.01644975992047737,0.046074165272172896,0.19144766764502297,-0.28424234445433405,0.3825040328801399,-0.3197184522553269,0.26319146517186687,0.3179580852163636,0.1316982251670521,-0.3548189608970864,-0.16931601957992326,-0.2550627376536869,-0.40750250038056324,-0.3325296833806817,0.03392767302660682,-0.12361780311647741,0.3366342823111883,0.3994201745184982,0.42881494634834083,0.1435103531795604,-0.0009839711858417033,-0.09844641429830481,-0.14041378733072785,-0.20187207161266962,0.41206028332567435,0.41474725612213137,-0.08066217139899878,-0.35049492237485014,0.1197905608181179,0.12876257184489726,0.3553767100065569,0.04492466509800774,0.22336130050152514,0.11560349130183034
POL,-0.7841161274768202,0.37224902572446594,0.5959469910782531,0.3224042861413572,0.23348601033809224,0.6418881183849603,0.7464740627979373,0.34987955102360246,0.6802474212394011,-0.7490502217433086,-0.6955464515105969,-0.29111868363318827,0.8301992630740184,0.43523611454889977,0.33227977145424925,0.6436851954849321,0.7797463920031842,-0.011640033012211948,-0.18573094561548986,0.12391482171454538,0.36905422926530984,-0.13026988642999537,-0.19194852112272898,-0.7446280760129032,0.7040069267610394,0.5385607995338725,0.6096872566197316,0.43080313355930544,-0.7373700706230992,-0.7881278284571329,-0.6714536987754773,-0.6829047764421339,0.037658219633669554,-0.7102042926708962,-0.21992311955853228,0.21185014033186556,0.4874542764078962,0.9307876895082691,0.8058231410704704,-0.4461150420028208,0.677948669204125,0.07615999656833616,-0.324418474163255,0.2771675396013167,-0.201238393776062,0.5826502118780923,0.7181025330491986,-0.712640527940859,0.6811295388757804,-0.14377731481312028,0.5909765451061392,-0.5017892589405972,0.6580046734707752,0.4745634264026306,-0.6162303785218979,-0.7273961551286483,-0.8892207900167095,-0.7623628251642423,-0.47381438171683676,0.631405544581972,-0.3814416266794738,-0.5516579407740798,0.7485196309794947,-0.743526857141759,0.890027498634405,-0.07414242984683983,-0.14033696654954353,0.56936131789128,0.20324997857055527,-0.27149605720888825,0.37417366751095904,0.4185475519844699,0.7311248297828264,0.6630169284990522,0.20397131887955555,-0.6182533474766227,-0.1515398073775054,-0.223276831981559,0.8350607879750795,0.5555292192758641,-0.053509066225782,0.1259219482221513,-0.033552137494690326,-0.4950424456747382,0.724736672285449,0.441847851686878,0.7392049751300361,-0.13612117922511469,0.4987597785152551,-0.7390028185275503,0.10084393330624053,0.4454858941668237,0.4793621455921513,-0.7996627497181339,0.46855394754915125,0.44173319792867805,-0.12041552737569283,-0.742163315614486,-0.8622514329396744,0.389426836575125,-0.7287060501954707,0.5059372307584267,-0.7225675704221186,-0.7077490472999068,-0.3198265555128379,0.6709285535966761,0.6600932822947242,-0.6633233936174872,0.5874367519956308,0.6544485686322988,-0.6385952923701605,0.18178973016025524,0.11336638573508107,-0.040283217844244934,1.0,0.6262809975887408,-0.4320759873170572,-0.43155118404963977,0.7611818345484256,0.9075469100586911,0.7543128160460351,-0.8111847877810816,0.7393156454887062,-0.7832572354956246,0.7966984164333466,-0.550178647956785,-0.7857171511676524,0.10546593976073027,0.8180452714919246,-0.5861712258647687,0.8023185896604552,0.7666364989336307,0.5973012604001897,-0.4785827768205777,-0.5871850368488705,-0.7401622617527541,-0.7252719484575594,0.5026263880772945,-0.41976012238332294,-0.2431413966427225,0.07888504929984552,-0.03582724124927239,0.3192876590637982,-0.6568636929188019,-0.7470129729107842,0.6072243276188583,0.33717845733466145,0.5563566401071541,-0.13251399079544468,0.08067117503929999,-0.11086201556217556,-0.6204140675237029,-0.6087639937550586
PRT,-0.7782092213290159,0.26752326478566535,0.466974549276739,0.12066467333086173,0.22447914262088575,0.7218542389077798,0.8932615588667538,-0.13620136931905225,0.8298274632307684,-0.7070552387416944,-0.6361444988037637,-0.3408002449005012,0.6023658420205786,0.3582914902374308,0.5592349194508743,0.5128508436971616,0.4000493749711398,0.22018170062144993,-0.47634363353367526,0.17577974212779768,0.21132372259814236,0.0038100897814967727,-0.20434715126631064,-0.8358041640601157,0.7246325120091591,0.746048743907782,0.5768065780501475,0.2946468388963641,-0.7305344349936655,-0.7507079798647263,-0.8436847390019875,-0.7343994231713427,0.19100201626147184,-0.4381228782428561,0.3391607017417646,0.703872830497595,0.8015378346915936,0.6617984187685493,0.7632363764232988,-0.10516431836351248,0.8344957341029556,-0.07833679415560102,-0.26904006096512934,0.2911752112189392,-0.26544386867693825,0.8601593920400433,0.7437325687805999,-0.7149443246083695,0.8612183423884682,0.0591102067342385,0.8479283702127343,-0.5563528083615399,0.8150181500570972,0.320177342027407,-0.7790415978257148,-0.8063539273507889,-0.6953307773461865,-0.6402535215144773,-0.5797401582981117,0.7902764929476636,-0.2628974397788131,-0.4057884299188155,0.7059169754072194,-0.6457404160167046,0.6675033932906232,-0.4022382089119847,-0.3565241835905275,0.5858125765659843,-0.0989580239968002,-0.3528604714695256,0.6349282850160759,0.6731260560311484,0.8547244045912744,0.7301116395635161,-0.020638950988260074,-0.6163780979389955,-0.27383871606161736,-0.4352326818299783,0.7495701077858054,0.31613567378500895,0.16928835005977305,-0.18231018040918667,0.044541170580285394,-0.5015311873686055,0.6960716269305722,0.7002448218608996,0.6888682555754194,0.05239180144246469,0.09169310179296053,-0.7123631248548974,0.31633406235881056,0.19125093133953697,0.529743261072781,-0.7651252427207129,0.7039826546467517,0.573175401661261,-0.2511574913602024,-0.7252578686873496,-0.7264403856563484,0.5977671207504102,-0.6272222447342717,0.30938574183151557,-0.40918120760432797,-0.699079299033412,-0.46656716317927227,0.7870105671308923,0.6035906885877682,-0.39730286400176684,0.7367942497064971,0.24315380007437293,-0.6088068421672022,0.3926590017606387,-0.2473611117671659,-0.21317744436975916,0.6262809975887408,1.0,-0.4485886320564205,0.008961499317842625,0.26695827997892074,0.634709386861536,0.3396605101924084,-0.5479655194222515,0.2981553884837974,-0.5949690592400942,0.5872820524098138,-0.33132129877131433,-0.7845484849468778,0.15885917424294616,0.5839580601872079,-0.08666404899565738,0.7039033973298534,0.7711503516221748,0.8503631864978437,-0.32900007036222734,-0.5480627219094276,-0.8033891536930415,-0.7561523863430897,0.40701890952534325,-0.6302281067777686,-0.5180384194181826,0.0702409850182445,0.28968564627343496,0.17054800585560315,-0.6861423924084002,-0.678748055956824,0.28495166056994914,0.531855669477544,0.5683009751448638,-0.462644448224786,-0.1174152538069142,-0.09454494519308887,-0.7357301479022351,-0.8529852312832702
PRY,0.44856221466147517,0.044382861454947076,-0.019078982298190272,0.05702819740222431,0.2692204951727085,-0.35216060362693513,-0.3884687809585201,0.4730843596720471,-0.4933424917800304,0.20923659525807325,0.09037684560403725,0.33014422510141694,-0.4741920632793235,0.007174204280025465,-0.43097151225876207,-0.31253830466598576,-0.012203499860940381,-0.28364419826318876,0.27732257655072035,0.011987889251070527,0.14052079409041773,0.3132144219030002,-0.23185136544139118,0.3260531302031999,-0.37135306420426306,-0.13771128035436742,-0.0704254898230996,-0.10329216207427727,0.24773587038539757,0.2948767370590515,0.2749995589758416,0.36732221487594097,0.09247586074709158,0.1425288843504816,-0.30894710022028615,-0.14384851476895277,-0.47845542060088686,-0.4522442036377581,-0.41789184022368797,-0.1237165864375287,-0.41500494001164245,0.12313225307519582,0.4467878119415971,-0.0021834055757763426,0.46777390556041354,-0.38834320916221343,-0.3540296433330983,0.3172145119360219,-0.33460741091290624,-0.07099422103963016,-0.5503540867438828,0.6199914343688573,-0.5115772330313177,-0.10136128897762187,0.5423625112742175,0.28795536227750684,0.29433223604965275,0.09830377576219185,0.2329352148600452,-0.5605871774148854,0.1081809949130178,0.03217333144280399,-0.521599903661643,0.3729208083501129,-0.3656737810067463,0.48156279097306076,0.18376299881103864,-0.1435112648478174,0.30498165578886627,0.47636443368929715,-0.2056333642685404,-0.38147900281462066,-0.5226423589964346,-0.4136641159942531,0.3321853360201428,0.0733641604113131,0.28019341327176983,0.33472741922557836,-0.2868591046393836,-0.10603973345046547,-0.012412214649127673,-0.08125316526036452,0.23689208233753667,0.04780429571702138,-0.19746502115193199,-0.350929798909025,-0.3465744403284987,0.18787136742366617,-0.20476672978335753,0.11869928088873871,-0.35393803779080746,0.12065410173884061,-0.09510286195131767,0.36573473091217956,-0.42681403040868915,-0.3682211066277099,0.5530101089890023,0.19839808587530483,0.3990064753436722,-0.3696314639158613,0.04971498578131317,0.25590285612194363,0.10041952402532073,0.2034441562154251,0.08594357469430969,-0.46643912721097713,-0.09464441237768195,0.20669034811099563,-0.3498939887130026,-0.06690661354602656,0.21386303708070042,-0.3752646409832854,0.18732897855921293,0.03926585949398442,-0.4320759873170572,-0.4485886320564205,1.0,0.17025929498835257,-0.28377885643235645,-0.3611919862981028,-0.14955386016588545,0.20879364863437178,-0.18588759783443765,0.21442356987225697,-0.3679157134081339,0.05221404048615508,0.2985381623132448,-0.2926385143841064,-0.3320794431068794,-0.11995910765958673,-0.3824667945519018,-0.3683928066541995,-0.34556458992898453,0.12884371927236493,0.4186304077976948,0.38688495189968375,0.1761238660462381,-0.01863966755610269,0.493802574683892,0.3583096027245807,-0.16437596068782478,-0.01498973551053484,0.11834703049739381,0.3344671785432616,0.3004894269740346,-0.0715444395773146,-0.0747423580065576,-0.3811259305589898,0.4936003065851161,0.3837297736305929,-0.1344505632816484,0.23591085361276465,0.4253319499665962
PSE,0.273509791663326,-0.08603731771614487,-0.21842017967654814,0.1454519374926715,0.2743458162264014,-0.019860089052954555,-0.019873242074341047,-0.28126612457458755,0.1152259165951004,-0.12404919211665821,-0.06387055301594202,-0.332513201157409,-0.13831546705148212,-0.16991907267898898,0.1214236255827067,-0.02930863508034509,-0.26894117989513777,0.1112866734170378,-0.008483609194774866,0.30945529196803556,-0.15721563868020172,-0.033259827217073656,0.3981067803792021,-0.005337771091425081,0.04595595623819715,-0.007094800853065575,0.05393942555106468,-0.32877602898144853,-0.12268255237175563,-0.0010977951153980925,0.0675484627847649,0.2736039252691831,0.3809194514311762,0.029202567468052054,0.4960759873371051,0.4250960769001022,0.17771263223377964,-0.31385298198891576,-0.11520866245994688,0.4411098004486975,0.13187525037746672,-0.04040776441549143,0.39998475579672144,-0.22565020308885209,-0.16803559786214306,0.2203342815348026,0.009815163732936005,-0.11068875818021762,0.08859901060788378,0.015149331881900374,0.17771732654449923,0.3396268071570421,0.052235703034388736,0.16416311706719067,-0.1714687493890792,-0.0012420290070493945,0.1739248849439805,0.03891585996214897,0.1816787796124757,0.17239190829642614,-0.3470242006187818,0.2402180596636414,-0.04669484150690795,0.1009910123041593,-0.1697870189921109,-0.42538456590343876,-0.2738975487433497,-0.18293927043784475,-0.0035444023787978285,0.2821195872254223,0.2870045269889421,0.2669493298401464,-0.0646875659496613,-0.1714170842628766,-0.10923504065306089,-0.07765755420380716,0.1726514988510841,-0.5769670925347667,-0.28626848243128267,-0.15462689044781386,0.19540877544199775,0.119284910532099,-0.2923626500289054,0.2491507510970662,-0.017338383655831402,0.1316239248060168,0.04103021938012219,0.3631270080580704,-0.471838717106172,-0.0185492208436131,0.09041672040106874,-0.3139352979261034,0.13448071184180077,-0.02959873260625323,0.11274935364390148,0.2972536579327948,0.09917696116945751,0.0684415952971622,0.21125591783969222,-0.060154795060022304,0.05697293216478738,-0.24660244835835066,0.4242083751022312,-0.1324676962850595,-0.05932481304214554,0.08225510333392305,-0.04887671002954286,0.1515718212972843,0.03632033005958468,-0.2988552931296482,-0.0347868745401807,0.08599585003503218,-0.12130171656953892,-0.2948765896105343,-0.43155118404963977,0.008961499317842625,0.17025929498835257,1.0,-0.4768003055936745,-0.3048018655702074,-0.28312450682907375,0.24346300891187722,-0.22300696508313478,0.012251733638366846,-0.2406046702512914,-0.06944591988352333,-0.1133381753353131,-0.01565075896316337,-0.08496803748960824,0.4212272184105178,-0.11750392306613344,-0.13263098936627982,0.26553279357865545,0.2425277648813664,0.1711584628162326,-0.15527442034515615,-0.11161223650133012,-0.47481186366342243,-0.04117180460631298,-0.10874602409265721,-0.07176634802950144,0.564900071474314,0.12042649541398265,-0.21690587639081604,-0.09556716322746639,-0.04398780539506131,0.3304844154343174,-0.09990198401298023,0.014783240774880357,-0.4511482570686174,0.36861490713818446,-0.043356232589669474,-0.00818874612758691
QAT,-0.5457381832365629,0.4635327989450576,0.342041463950435,0.33843644842502996,0.2329088273192531,0.43633402200076765,0.3853284990297656,0.4047137313331083,0.34953880373420376,-0.4891986563359003,-0.5143512691983843,-0.1998928156775599,0.6834319072071594,0.3477167195771702,0.18630806041362635,0.5721990443809434,0.6653168559496818,-0.05794984334173581,-0.06541456261676393,0.07779510166229353,0.4057899479844027,-0.016848420952844112,-0.14067940870090023,-0.4268850091293326,0.3809644698265109,0.20705839144691995,0.4327458127362107,0.21312987014838725,-0.4932563875189071,-0.5520498147822215,-0.48807905684918707,-0.4183022264908114,-0.07076729612252786,-0.5073911326872615,-0.17066168389940883,0.06561004078491472,0.14643368524609124,0.7872204963005663,0.45883837159759866,-0.3351559469257377,0.39727036097388835,0.22389509714873057,-0.2142471075035126,0.18995894948272418,-0.22690725898445452,0.26197586513625637,0.44128529391240723,-0.49637620145786676,0.3788485273925528,-0.14215692075484698,0.24660997612545887,-0.23607810036095844,0.3025907022251709,0.35196384275827874,-0.3713152627123446,-0.4690490217623866,-0.5456391317866607,-0.48168005305976536,-0.2095135811412101,0.4292818968819314,-0.2453412980195846,-0.5297965412754273,0.526953377960631,-0.42953929333978036,0.6304553890783287,-0.02618872006825601,-0.19364435069997832,0.27930431350421003,0.19205570127097216,-0.15049184640346303,0.1984667586584985,0.16145975662453604,0.44069542613903945,0.4338546585316666,0.07020255783977503,-0.5192654030650621,-0.29607787002054264,-0.07167247768827689,0.5509257918305841,0.697221650923919,-0.03674328920626402,0.2136078441291387,-0.1792416242587096,-0.4038544222422624,0.40834438750283397,0.1664319988626345,0.5273222647849657,-0.17466716461314613,0.5212178311404899,-0.5548477745441425,-0.09089393138782653,0.29132626276327667,0.4027549701278348,-0.5675823714019983,0.2661869133241519,0.28360994759117664,-0.07390879003686757,-0.5933703491395581,-0.5972998377074399,0.21928790742256965,-0.5921533395034775,0.24169623518931393,-0.6859006079080521,-0.4802759556121614,-0.23717565141534092,0.3439106548807138,0.49860784471936626,-0.4768297636201697,0.4142756312061442,0.7081148138767344,-0.4756200212433659,0.05250622739967348,0.2050646282810229,-0.18192235861460793,0.7611818345484256,0.26695827997892074,-0.28377885643235645,-0.4768003055936745,1.0,0.7066947929479452,0.5703934199745655,-0.7476834706555633,0.8139205661806298,-0.5938136361717259,0.7658387542814155,-0.453098944614309,-0.46652916391983856,0.19881570727511066,0.642344200312844,-0.42971752185295653,0.47595537036465296,0.4660169241160148,0.28951718359065715,-0.4242720756806633,-0.3625641983989569,-0.4886278325471789,-0.4485378427372604,0.24588213397696146,-0.36507048348000204,-0.021771484251608797,0.2067746326328327,-0.102922135048237,0.25153016521520954,-0.47368218002886087,-0.6182369809838488,0.4999334194182039,0.362338992659633,0.30097128591864064,-0.19034156668173852,-0.09999582599369705,-0.25796053260321883,-0.4385433755200232,-0.3509420480826415
ROU,-0.7346374576569408,0.48200069780430643,0.37155303200385326,0.3036158593035839,0.3933933118745112,0.5793131668897119,0.672392408410982,0.2895708089958464,0.5822343296235979,-0.7381672101079486,-0.6616140314627765,-0.20997017125026862,0.7951102417911182,0.19995297532168343,0.3347586115506912,0.7058580706125329,0.6775028469650779,0.0899100611213618,-0.1534625594955683,0.1819359974705126,0.2503710111315016,-0.022604109814376994,-0.16386696475522156,-0.6513399927591474,0.6048133111767259,0.4137083151894245,0.5043068979862039,0.3151877828962857,-0.698882034277595,-0.7264177478553,-0.6828691987855986,-0.633532523307182,0.11870039953134348,-0.5827866486791,-0.1257338072230203,0.3193643571064293,0.46884123938116096,0.8508742602118459,0.6837471979009909,-0.34408814188265713,0.606641712798521,0.08490505727618536,-0.2757661160811675,0.32235742048880933,-0.07191451012929884,0.5976209053446734,0.6460750004493521,-0.6703197795164166,0.6467994066822724,-0.06533798723065276,0.5819910382708766,-0.5021367758462256,0.596630613807038,0.5675019693386327,-0.5981313006045639,-0.6919246038973894,-0.7981332867522166,-0.6991114855121148,-0.49627970268273613,0.6717143103203729,-0.33422037994461706,-0.5290793243956062,0.7547619010148181,-0.6005930801939705,0.8153532705933645,-0.09706557563263307,-0.10047916149466474,0.43438709298470124,0.14790939349925614,-0.26109193825114607,0.325565571084903,0.35043172223357755,0.7138843442254615,0.5696026681211797,0.1358711958690182,-0.4958158061408513,-0.0473232780898567,-0.3166002285096825,0.6807862970943701,0.43337163273877954,0.02740531586989503,-0.01820397734194157,0.09045474640687812,-0.4574562676042855,0.6711440496028824,0.34493445635515607,0.771815449125659,-0.014960534414047322,0.4821701565489791,-0.7015331951092074,0.06232298597737096,0.3313613067200587,0.5892442535349587,-0.7585358938449811,0.391533419120087,0.5078208971671039,-0.2173010046272421,-0.7267812265829274,-0.8289405562503329,0.5190299375693429,-0.6456374591405183,0.3599834034322613,-0.6043897513702348,-0.6733031055737622,-0.3599178415676829,0.5489682023851573,0.5538882671474498,-0.5565528134600484,0.568131976724539,0.5090987792075067,-0.5402369653663903,0.17351552230565148,-0.04760475676734033,-0.01644975992047737,0.9075469100586911,0.634709386861536,-0.3611919862981028,-0.3048018655702074,0.7066947929479452,1.0,0.665964930951444,-0.7743592675360738,0.670829406934255,-0.7918590552653044,0.7229945100227486,-0.5346503705551799,-0.7404697937297904,0.055296165873476966,0.8238183082067482,-0.42271036335276513,0.7741349248615496,0.6928444061566326,0.5573414528301468,-0.30454745086438617,-0.5445696497360428,-0.7195183714133357,-0.6821936675805831,0.3599322725304729,-0.37231250592835874,-0.2216871481965912,0.25972956306818884,0.12666974016965715,0.24107906189994643,-0.6690071310514378,-0.744555353057426,0.6383307464695849,0.4176319899628499,0.5230522212839464,-0.14121725528936224,-0.044373444472118884,-0.047964362704083996,-0.6560612461756623,-0.5745063605964049
RUS,-0.40059931614885924,0.11533118487159566,0.5477753450754295,0.7248209874021128,0.1679521997712261,0.693713334924839,0.47980692037160555,0.48946579151575575,0.40446264117454667,-0.6321627171223687,-0.6744890093550815,-0.09191741114205043,0.5430695368347743,0.3796429009743134,0.03203028344154457,0.34975456779744685,0.6738460985606975,-0.4329293469112372,0.04314492823799809,0.5547314830655853,0.32842620411083656,-0.26179401116119716,-0.1895574729513989,-0.5709432990608545,0.7514554486343378,0.329080129414717,0.652423913886507,0.6749880094491847,-0.5366818490861307,-0.5372819079221705,-0.44395607594706044,-0.4386258857344252,0.4009783804144763,-0.7421925530308227,-0.45564886569854357,0.06886548905488576,0.11429658064004067,0.6144412646603656,0.7092995547151758,-0.6347119059125383,0.43869718134441005,0.22088515905024297,0.18933745977167238,0.23567364806982327,0.1576009434447433,0.5229534254434788,0.36353556376647544,-0.42034280852856387,0.501029985699047,-0.4416917758916641,0.47633039157024837,-0.20160477520826925,0.5404592076453144,0.2529054870660141,-0.3485484629885689,-0.6317161500939741,-0.6965245752288101,-0.7108173402415252,-0.25669111552678925,0.3712855792387896,-0.3165306889471542,-0.6607034433180718,0.3435715908848833,-0.4319942789352196,0.556702665146776,0.28745785074167396,0.12961587667135932,0.23006395730586682,0.7054779228769537,0.1648408540515628,0.27809926284582076,0.37496669337388,0.575945918464863,0.6236129539382288,0.5247290304188512,-0.4361412171327026,-0.21413958806188216,-0.3312896438716302,0.7556154708779307,0.6009792357594534,0.046300148552893106,0.1773900087314555,0.0027717860028050323,-0.5370152927394485,0.41510202166183896,0.1517719699391673,0.3592441429695412,-0.08546332089601139,0.1620966132312036,-0.6189786089327534,-0.18163941917259407,0.5877539055426249,0.12834324888395998,-0.6276069375383013,0.0787249997235393,0.14024321024899067,0.05319824557133512,-0.6679428892394341,-0.6907029225066181,-0.10271392933760315,-0.6156089106753868,0.5364443465592915,-0.6589538377864668,-0.5750796894368575,-0.5437379288720507,0.4402205993285113,0.6698941842704957,-0.42779264085007984,0.5295470738272877,0.6045173494730337,-0.2956101634059851,-0.09397868138720167,0.37668749524605327,0.046074165272172896,0.7543128160460351,0.3396605101924084,-0.14955386016588545,-0.28312450682907375,0.5703934199745655,0.665964930951444,1.0,-0.7014897496012396,0.823933514307854,-0.6992991940167559,0.4790975720980364,-0.7080873193688835,-0.6153271706699728,-0.13315489793162083,0.5419674277891754,-0.6191454320176817,0.37493243156069067,0.3326451644262367,0.4365631826393379,-0.587671575963638,-0.2210586743374574,-0.5390533810334714,-0.6499709458647085,0.3283725240921932,-0.3524281296474665,-0.22763977496498478,-0.26008332791164834,-0.048610256738078395,0.6420911687926271,-0.4540126566304732,-0.5837418291154337,0.7184047612159811,0.38038604292045,0.7396746407875643,0.18384158947969087,-0.03725552989299841,0.18727157551162865,-0.46104321158010686,-0.24359918554701876
RWA,0.6694243931101641,-0.3238614692251338,-0.651741654732729,-0.4477718317279227,-0.3373677119583611,-0.6931729830239055,-0.6660544746542127,-0.3997529505858304,-0.6443070678541338,0.7008129076295139,0.8112143937211739,0.3494567247626058,-0.7736742470579947,-0.6158629596186369,-0.33942648332151637,-0.44896357776505047,-0.7772691591033749,0.09877671591750203,0.12875491558526253,-0.20785997693663227,-0.5042398732288929,0.12356602618273937,0.24632777493221258,0.6696038175050334,-0.6794189836494398,-0.5339778868442075,-0.6512244636474231,-0.22479530818454907,0.6720621804912615,0.6938092976144866,0.7060502350166986,0.5712051317724717,-0.09129586762000153,0.6351960957950609,0.19036671886538226,-0.29027377854338865,-0.44982784164566114,-0.8354949927915643,-0.7287069854349446,0.36762537905630177,-0.7014214434080426,-0.2524149585136821,0.17242204516404758,-0.27251937244450164,0.13688154791051144,-0.5262088402030052,-0.6627866016787138,0.7423068456031652,-0.6514539161827058,0.1410209696207958,-0.5097917040662976,0.21024436969143379,-0.5901992585530329,-0.3911812728835864,0.49035278126664816,0.7508025841046833,0.7057005711606958,0.7208394551412148,0.3123483559627458,-0.542372394207769,0.33636178535227423,0.6986673814327904,-0.5408111438893008,0.6004928027301487,-0.7899524195914149,0.0931011926324824,0.3346715396057942,-0.4707545659986616,-0.2902996205119033,0.12104586418482532,-0.530532866000891,-0.49448687966365346,-0.5747839020868901,-0.6255037595881696,-0.27340697255004964,0.7015570069990683,0.19956520235355768,0.22840641274300377,-0.7841489980325163,-0.6965963585457509,-0.17486334389212144,-0.03386817937793807,0.18173835373907732,0.6264929608715702,-0.6454045939968593,-0.4909185888962613,-0.6720208001025325,0.16126814971605297,-0.3267217679280152,0.8148352303105779,0.048128793867248554,-0.4950306647293756,-0.4352189716037551,0.799391930491051,-0.5040838957282445,-0.3848943022996727,-0.03228888848158018,0.8123311258125219,0.7711102515298438,-0.3181770984669061,0.8446745871366467,-0.557415083425354,0.7192027206576777,0.7153324148623275,0.45128716129482016,-0.6490222816507107,-0.7236180473443716,0.5294781634039852,-0.6884615747954892,-0.731219223563315,0.664987220359125,-0.11133707497623724,-0.14722545165044365,0.19144766764502297,-0.8111847877810816,-0.5479655194222515,0.20879364863437178,0.24346300891187722,-0.7476834706555633,-0.7743592675360738,-0.7014897496012396,1.0,-0.7266367391954693,0.7918248836556266,-0.7731415150269876,0.6073248295294821,0.7168800033053652,-0.028260541942541684,-0.6665866677566417,0.38668580160848487,-0.6426907536584019,-0.6387451143419702,-0.6000599253438064,0.5886022453002195,0.38231463521700926,0.7078018187874578,0.7088957717318992,-0.33215506460257727,0.49154271722140885,0.23931180487686732,-0.11573444568940428,0.009079294326474918,-0.3954666529958457,0.662398060809288,0.8031891543907289,-0.5605583175175699,-0.5840505448710844,-0.5480412224766931,0.1474169873323452,0.10857511834124423,0.1407670385767843,0.6404158652709289,0.6167949087372142
SAU,-0.4067169046139725,0.3306337221789596,0.4995618568592153,0.6270304360571679,0.29428419266041783,0.662124173223938,0.5048897152663732,0.5426807998394817,0.4103436958311619,-0.6927167234269913,-0.6521648171858614,-0.2702449173922805,0.5876363169914384,0.4318538960543514,0.11518512517762813,0.5713288650030113,0.6656171927962629,-0.2532485613597495,-0.037048239677210715,0.38549897637058317,0.5343082752730904,-0.10541735632319105,-5.2407876087956495e-05,-0.5980888685129777,0.6716956210465451,0.26369453377033425,0.6496343726926718,0.4580143652362558,-0.6534458661052627,-0.6394286362987609,-0.4951765519932261,-0.3347586228840731,0.25513199002620013,-0.7557804626472193,-0.3030688792158047,0.11547171000545298,0.10906142359657955,0.7021364752598075,0.6078515585222646,-0.5171440527566049,0.47052215669197694,0.2877982791293423,0.22249112030468254,0.11702362363679708,-0.08014631021483942,0.4801521979726826,0.4490544754289014,-0.5321947330455683,0.5435230153730441,-0.3518367885917144,0.40812911316697087,-0.042519776091587635,0.4254251610130695,0.33413413300725203,-0.47922431572009505,-0.5825631696256286,-0.7109461789320557,-0.6912660551529384,-0.08479408074136807,0.4515398756143547,-0.5217376158449984,-0.6470225684398399,0.49069896289284465,-0.510777533560071,0.5844752997433732,0.05059373763341313,-0.1263147174110566,0.3279307342335689,0.567522794574631,0.2085278734290621,0.3630820199726995,0.3613799501772026,0.5595570224703112,0.5318511558779477,0.40255671932270287,-0.6240926150751429,-0.29292253982570426,-0.3691079040433196,0.6828986322429819,0.8002223873210346,-0.13324772303112065,0.4162984371519738,-0.21048640040556887,-0.43926774693379667,0.42240101110462525,0.14666750839435394,0.46350601564449234,-0.01828281229589268,0.20227217468343517,-0.6939335102307598,-0.14447539786293295,0.32770218310582266,0.31862247494084994,-0.6457727940076214,0.1163298356775403,0.2883897543455247,0.15530948949956402,-0.697836725395176,-0.5975999792811924,-0.033782394183085485,-0.6817219880662275,0.40090950476716114,-0.6102382434660367,-0.6295810224792451,-0.4573385963649055,0.41051386214900276,0.7186816370168008,-0.5781974971021206,0.5084345014715663,0.7808288412058454,-0.4651858207179962,0.02933472450378316,0.3343308250589645,-0.28424234445433405,0.7393156454887062,0.2981553884837974,-0.18588759783443765,-0.22300696508313478,0.8139205661806298,0.670829406934255,0.823933514307854,-0.7266367391954693,1.0,-0.7146320032774391,0.6086880849285219,-0.686652885714472,-0.6611592364051506,-0.07750889773838421,0.6625911936046355,-0.6211035812349701,0.45701883167495394,0.45226174813398257,0.4643623338631042,-0.43939147682796653,-0.31028057161478984,-0.6055468335903864,-0.6908216038219801,0.16808014953186579,-0.35817348143145455,-0.09274118719811297,-0.07565211077571199,0.02683439509319696,0.5761279666905308,-0.5545069032003416,-0.6945768946995026,0.6190834766448994,0.40262460979154047,0.5152716942618422,0.10321884932738545,-0.175879950173512,0.07728852670953823,-0.5183769776350826,-0.2887586104836295
SEN,0.6164086834872768,-0.47546688822973326,-0.5637888823305648,-0.5670102253063654,-0.6355599397654346,-0.6519176192707685,-0.7051860606436566,-0.41578732624163894,-0.6547738233274301,0.9111036828858209,0.908224462716783,0.3629276697359989,-0.7884407015927262,-0.3974774955363678,-0.37374696683807374,-0.7336014371790418,-0.734586656270398,-0.02927059965488832,0.24053901192598692,-0.28713007082800734,-0.414955410180768,0.1339683045467276,-0.016495238096709608,0.7494319839954294,-0.7736595148783438,-0.5526708598565879,-0.7343242545889777,-0.19865702381902284,0.8690000889267281,0.8499507428858916,0.7191869505368735,0.43569587608004157,-0.29618677031871377,0.6990778136701638,0.06185582789848565,-0.46508187697973336,-0.5639157894041014,-0.752959150946596,-0.6820005688536597,0.3110085012062702,-0.6861597621720548,-0.19566030395654121,0.07641740990113655,-0.11626950819152548,0.1471214403753348,-0.6685561351400815,-0.7541160257450792,0.7709008546078283,-0.7383545236466744,0.28834597760074887,-0.5582616667627209,0.14188442865852335,-0.572960319047328,-0.7260803236153595,0.708278832893045,0.8224128374881033,0.7905411583061143,0.8313597951355756,0.34141947594978794,-0.7056900782198992,0.6121085288524419,0.5837691627925581,-0.6923970046752947,0.5477646608423532,-0.7573311711713606,0.23915184256564026,0.3163296403118723,-0.4784738292253199,-0.4088653349969993,0.045988390612311414,-0.58389422219422,-0.4773085854609447,-0.6779288910653474,-0.5143421719155197,-0.29467059391769945,0.6718490786544515,0.08550132806192678,0.5819660194523405,-0.7139691181062944,-0.5214067582698352,-0.22304363599468102,-0.16480853007062857,0.008286390507066588,0.4788076029095254,-0.8006325556884779,-0.5122662057589213,-0.777950119177305,0.21701395800145618,-0.23956336355332186,0.8687707244482937,-0.05621614666571362,-0.2353471080830729,-0.6527450602151168,0.9216065979517309,-0.5005632537956666,-0.6696021829922449,-0.032969229950957635,0.8631417879830225,0.7821677249806465,-0.4369047663114536,0.7932988779313811,-0.405312223990272,0.5934072932049907,0.8885976073744882,0.42423470714382017,-0.6014467847997884,-0.7429174399079381,0.5206008107583189,-0.655439837585214,-0.5346907657404363,0.6747925675636162,-0.25543826531591796,-0.07970810788920724,0.3825040328801399,-0.7832572354956246,-0.5949690592400942,0.21442356987225697,0.012251733638366846,-0.5938136361717259,-0.7918590552653044,-0.6992991940167559,0.7918248836556266,-0.7146320032774391,1.0,-0.7360802891242124,0.7563868355866739,0.8251445204246134,0.059145723997389266,-0.8450907859866112,0.3700132839494379,-0.7136512458018509,-0.684493381680547,-0.6754518703503958,0.36060615649485883,0.3028900524900511,0.8505775771885528,0.8625230787721061,-0.07624862157200485,0.344017670036618,0.265848995164067,-0.045005379286002345,-0.21826106600493267,-0.5040397042682163,0.8059334571370143,0.849655139972478,-0.7235585927040775,-0.6475955047658073,-0.5520320124241338,0.10892277666933459,0.24868324333096636,-0.13044316615355056,0.6311305722505058,0.46022409713518053
SGP,-0.6885837693173045,0.43964693338120275,0.5566464243180829,0.29731923464579935,0.352833317281283,0.46771373482893075,0.655003471047322,0.18689217798451185,0.7275016811847422,-0.697142382789175,-0.7545133598356024,-0.37900213314089304,0.86323517492634,0.47282103636540973,0.4435545537382849,0.6179222072869998,0.6853105603242726,0.15320484328162176,-0.3469390353372046,0.05636459384861492,0.3229115736810031,-0.214248768698712,-0.07818451178839037,-0.6873755132137633,0.5668037920200603,0.6362140170317038,0.6409678168684559,0.11662506598195477,-0.6859192357400905,-0.8036007052470895,-0.6909894848140472,-0.5452083361503437,0.029873414644381202,-0.6479749481537271,0.028319224516964336,0.4411447186320041,0.6314803652806835,0.8403921092610722,0.6129243988371191,-0.039522148291597725,0.6974726338897493,0.28451115749365885,-0.3981842935257145,0.12166202100592016,-0.3933135176318179,0.5537731130508435,0.7556516853263007,-0.7639036356277793,0.5568693936032371,-0.24240405505640772,0.4998490375323432,-0.2806610583901441,0.5458291317209663,0.6128162090315217,-0.5599743116976681,-0.685800522937734,-0.680311681947769,-0.73781782419946,-0.43234402426680885,0.6928519972011148,-0.36043187938064625,-0.3450731852860194,0.7009696161916598,-0.587408144223442,0.8257256749633117,-0.3269032281685338,-0.359119347776254,0.6580023633947271,0.03788348494898752,-0.30974878395322514,0.4000770489411548,0.39909803792096565,0.6300305334003237,0.4727613074778594,0.04698738075880404,-0.7116421886276099,-0.3371597507078685,-0.2359220553429573,0.6566552536622605,0.5547971991759352,0.25444509493795175,0.21554703942717024,-0.24571686304683826,-0.5099543578506207,0.7508416558325777,0.6522510857935763,0.7495470425090276,-0.1958640673786669,0.3871531210639574,-0.7928149569570626,0.24175738173927597,0.3912418638430215,0.6446712220181895,-0.81683619118359,0.7075435442152758,0.586279970120525,-0.14164447226739663,-0.7663041872825176,-0.7350939879929252,0.46427425878752804,-0.8196337483775533,0.39561730296760933,-0.6652697988974519,-0.7961315272943101,-0.2591696191027786,0.681949822766427,0.5583994947691375,-0.4788723406358981,0.5005343732489077,0.5122638891705615,-0.7090764676946824,0.42035318865800597,0.13467337896318565,-0.3197184522553269,0.7966984164333466,0.5872820524098138,-0.3679157134081339,-0.2406046702512914,0.7658387542814155,0.7229945100227486,0.4790975720980364,-0.7731415150269876,0.6086880849285219,-0.7360802891242124,1.0,-0.667953937860974,-0.6939482883677215,0.2769902057356881,0.7618763445721461,-0.2943764176153085,0.7121997782903442,0.7080018246465966,0.5864283308030044,-0.46453962315369846,-0.39675045282684884,-0.7794195672538746,-0.7041063326008528,0.22580101326283342,-0.5566835742502716,-0.36602872109140727,-0.0725979337317102,0.08124919300777567,0.4192556687523544,-0.7535651976104325,-0.8160457397287719,0.48125125439799865,0.5426302848033672,0.39798740049311976,-0.4585344145802608,-0.08789278178449433,-0.16494747824928102,-0.5423461420184956,-0.6019655429406399
SLB,0.2813741662516759,-0.27637867507034564,-0.49972091535534613,-0.7290949025839291,-0.4724201046485965,-0.44943951549850913,-0.42861335667039935,-0.4421396276523115,-0.46322359869504437,0.7219407632033082,0.7713232511273181,0.130242018245049,-0.530628062920349,-0.3162307160128628,-0.195978370141499,-0.4678790263028598,-0.4915586077076375,0.13935555354493268,0.16962858271217296,-0.5479123028096864,-0.25445267786821124,0.35652638296649863,-0.10205942111996213,0.580045323494789,-0.6549960464266125,-0.4453304935618454,-0.7799757504302438,-0.3596585686113194,0.5951298559971184,0.6400419238623939,0.4462422013884494,0.22113645636993196,-0.5506629120140367,0.7838368545869809,0.22327874638123524,-0.42476937634118883,-0.317383406579137,-0.44425482374369096,-0.4909563357524309,0.15156709974251548,-0.44116422485597395,-0.5701998509443587,-0.2162219867772155,-0.06149274193172216,-0.05489635556968109,-0.5907684563084992,-0.4230779861575382,0.5105103805071726,-0.3859111784331313,0.6308675816337613,-0.4165669254352151,-0.09888472062902176,-0.43332543998675055,-0.5776979672628313,0.3672234867339975,0.602658903160238,0.5904959429434069,0.8189517142176008,0.21686910856529318,-0.4962778057023072,0.46824338536822396,0.3519460544597637,-0.3803921318919379,0.28496773762810945,-0.4777094599230929,-0.0024511983149173577,-0.006104206109903032,-0.43940688032875874,-0.5920250944336765,-0.25370140683260267,-0.2439697823839495,-0.3155110646846493,-0.5406906133833369,-0.3389510437145651,-0.38608921283361486,0.535180129393079,0.26292016952951935,0.48933529996433167,-0.5503109159132844,-0.4920797438770128,-0.3257971300200304,-0.39984399006365745,0.13792993516742968,0.47128733968747105,-0.4917940928549529,-0.34467719111061546,-0.4002667397391382,-0.007708994808280023,0.030949456676866993,0.7377888911095628,-0.047522631310235486,-0.49667302536332825,-0.40407893152207475,0.7023257293148308,-0.29092136925443324,-0.4020521609351342,-0.03347011809083833,0.7253273862725701,0.5871020692832662,-0.06651248674529464,0.7245197974118942,-0.4142074889822256,0.5077036860738572,0.7845152912186648,0.46274233763459927,-0.4056914197522534,-0.5420010194206533,0.2630204844638917,-0.32938095733337325,-0.35189836180726597,0.3718762540627971,-0.30733117280397426,-0.3967830050399559,0.26319146517186687,-0.550178647956785,-0.33132129877131433,0.05221404048615508,-0.06944591988352333,-0.453098944614309,-0.5346503705551799,-0.7080873193688835,0.6073248295294821,-0.686652885714472,0.7563868355866739,-0.667953937860974,1.0,0.6153221520345454,0.06902738097193228,-0.5885029320345669,0.440042399304716,-0.3892186453052924,-0.3231933518532113,-0.45816752383002823,0.3836226567468489,0.03405366069058746,0.6803893997485485,0.7535649555005136,0.08117104229502214,0.3372670197184793,0.3357437190313406,0.5025310362302011,-0.2269783219645367,-0.8620489021353701,0.6410185672341677,0.7038490005522182,-0.6513121365377084,-0.5367778940489232,-0.5687923876157828,0.06202406967458818,0.190944902733583,-0.36113666388508525,0.3664113135252193,0.18777596809856723
SLE,0.6805771143443774,-0.26559192691971467,-0.6881557378144336,-0.35244476870795993,-0.39609073254203264,-0.780966091674975,-0.9323979191045111,-0.22961758807901123,-0.8814612359974305,0.9523334584200871,0.8150586406553461,0.588831876750969,-0.7646121942247324,-0.55728252347149,-0.46546941122016205,-0.6545881158947631,-0.6777936792338766,-0.04499531014753422,0.2931170679338331,-0.2467074850304738,-0.5067610113828087,0.040447342875165604,-0.06788191149256928,0.9084696265263525,-0.8778716660660413,-0.7281207344709157,-0.7377429840710028,-0.29256206222633385,0.9382074772327132,0.9113463436239142,0.7735491864765159,0.5712058110874648,-0.22844826190109835,0.8109666051745796,-0.09608550318476894,-0.5565461601945829,-0.6960360887498767,-0.8158613887050521,-0.8524646919519889,0.20661872658183988,-0.8918132814482158,-0.036971753189087186,0.04439791034619334,-0.12282898440082968,0.35130355897416954,-0.8240806480313698,-0.8662578411874089,0.9144817967144359,-0.9141937157250446,0.10938482686166773,-0.7743250998984972,0.250169901452409,-0.7671083435975146,-0.5075843411685388,0.8486231209336323,0.8391509379225072,0.9293997193023252,0.8862733666084596,0.29646103068260055,-0.7612838495024741,0.6611698093579977,0.5076883235209302,-0.7592052873053592,0.8119136056288909,-0.8486964949221192,0.3937735648834839,0.4528903153988839,-0.6559062585788602,-0.21461263685849685,0.05166166968516561,-0.7281529276715442,-0.6937627724114326,-0.7811936925780669,-0.6731469283288574,-0.2607736606711295,0.857131237943633,0.1701443149194275,0.5912106165589147,-0.8194294219167952,-0.6177898097192251,0.01861832635256233,-0.21825585167773243,0.22697835036457237,0.3802571633228585,-0.8510928084039189,-0.6711034221336125,-0.8227018806088398,-0.0444713775450325,-0.11302730959096308,0.8944730978415283,-0.1721988897121769,-0.2739384053983085,-0.6098970533576973,0.9079947056488047,-0.6203236639288665,-0.631899614645326,-0.0700115999253963,0.8280818158606092,0.7613494632854725,-0.42117411640386626,0.8366753831779544,-0.5256010592813802,0.44247878046319455,0.9066311148279188,0.4883734021583126,-0.8470159138590478,-0.811415432539631,0.7447301229613766,-0.719877183824086,-0.6144238408689762,0.8208649111577792,-0.3147321670810075,0.01733116830569781,0.3179580852163636,-0.7857171511676524,-0.7845484849468778,0.2985381623132448,-0.1133381753353131,-0.46652916391983856,-0.7404697937297904,-0.6153271706699728,0.7168800033053652,-0.6611592364051506,0.8251445204246134,-0.6939482883677215,0.6153221520345454,1.0,-0.03921247242678061,-0.7942850247215545,0.42684085467447486,-0.8553784940794209,-0.8459560171392579,-0.9059287907075193,0.31978984862157345,0.6121655692269822,0.932882181007145,0.9510819351543369,-0.34719835642523833,0.572493419280851,0.3421316196163262,0.040771009963460614,-0.32120922064377555,-0.41730717893411606,0.8913865502172479,0.8948090615223576,-0.5113993386415236,-0.5504029602597416,-0.5469254926048435,0.19753491886455699,0.14295555780389202,-0.10574378591394051,0.7337995852674757,0.747297109289661
SLV,-0.3304310943460862,0.16606437773017857,-0.19873358281486575,0.011033049241574444,-0.12029630950756709,-0.12569611056607188,0.00848236794545476,-0.27316287208301415,0.13784262737997832,0.03603602372828085,0.08660215821904726,-0.11732003551156311,0.30418660774662365,-0.10474486916147985,0.38462143749975763,0.11682297888064008,-0.03150515178049784,0.48171536026272066,0.30190282431675275,-0.021818507545222632,-0.2794988172379038,0.12121173875224323,0.1683723165495874,-0.07389733591782877,-0.11824438931771453,0.008154054778086728,0.17186539376142584,0.017423903131605245,0.000675318439085304,-0.13569057400626505,-0.13495105726090628,-0.34393817339863597,0.1644219900469932,-0.07191591182966572,0.49581642028080575,0.3347717299810793,0.22416262696878397,0.14439511543872918,-0.013895539738437934,0.2259708340045763,0.16003676540048528,0.14973225113852284,-0.4278436267610197,0.41041844208966183,-0.5257405516971698,0.08804031189899031,0.13559908517081343,-0.16728505799958793,-0.047039993731485374,0.030822994772368828,0.13808891434716997,-0.4455602305422721,0.17634547061172812,0.1293339565107101,-0.22792876931679595,-0.04841458427560008,-0.010597788158858146,0.09215108749755874,-0.2713970697513175,0.274123261445253,0.3193649641132632,0.43743300112349526,0.37095592814038425,-0.24302936809443265,0.20473267536555595,-0.294444798241946,-0.09285066411434695,0.08307020733358894,-0.41785182473681437,-0.43728650975260686,-0.01606881906577695,0.06268295393839862,0.20581570166740093,0.11788698833534694,-0.650607128165337,-0.04899729021846522,-0.35065227656821674,-0.08931468225298422,-0.017777324755011925,0.01834416150912621,-0.19596925799827258,0.24726916479502747,-0.24328486469978428,0.023838513331494227,0.0763743444628554,0.09894411826486715,0.22652851042340183,0.11819827591536924,0.45902470129284345,0.011376335346479527,0.5346848603946618,0.030917626064977943,0.07477833785337862,-0.1619039185927631,0.4398847890512855,0.284405765114666,-0.5698018078631666,-0.09397737772452674,-0.27355654894022785,0.11097994886173346,-0.03771509562742481,-0.3385966981450763,-0.13324200904336525,-0.08991817925583745,0.27761672789100045,0.1617659052687146,-0.11237594493802883,-0.0193823767878476,0.032932246270733545,-0.1336667774295941,-0.13740903617558597,0.38882454355406737,0.29905516550577804,0.1316982251670521,0.10546593976073027,0.15885917424294616,-0.2926385143841064,-0.01565075896316337,0.19881570727511066,0.055296165873476966,-0.13315489793162083,-0.028260541942541684,-0.07750889773838421,0.059145723997389266,0.2769902057356881,0.06902738097193228,-0.03921247242678061,1.0,0.13276691237625804,0.09058150448739044,0.03126821836581006,0.11692167532419795,0.10150772444012501,-0.0882026887377334,-0.34791712909512684,-0.1839113940810202,0.023815110640393655,0.05223903999881074,-0.2909001115102965,0.02992573651669539,0.04642312523739467,0.11920935618245498,-0.01711404619907131,-0.20811083809913322,-0.18864863946452481,-0.08080493663548638,0.2470959053981584,-0.10020120333784788,-0.49436779974411027,-0.30203841682144095,-0.3365789099364116,-0.08143617419071791,-0.24252351214688406
SRB,-0.7248904344849294,0.6597742609091638,0.4185851600751074,0.32220819228912345,0.6414234288818206,0.4681514388003104,0.6716052841591809,0.3136128437124881,0.626647250216593,-0.8239640366861316,-0.7106090725864773,-0.44609808552668895,0.8548736726718218,0.2483382801847016,0.4691745331255436,0.9296310550507253,0.7290617032963671,0.3141737871083292,-0.2028876049937045,0.11566314009904644,0.35914622268409724,0.03724435592848363,0.05546484594095624,-0.6709086095173842,0.5791786896166788,0.3933854130626051,0.6234243050088439,0.16299493773779727,-0.8721456595848902,-0.8930262977052132,-0.7455164417640541,-0.5143769818099155,0.16334966410153262,-0.6116057479529529,0.11750046727727037,0.4478727135408519,0.5824368552739148,0.7813158177552951,0.5428138941417678,-0.15671879912091913,0.6077645954865567,0.05979740286251778,-0.24780920064707423,0.12923332303004764,-0.3522787200668751,0.6191960805720121,0.7863388905787264,-0.786808557927704,0.6658659502032428,-0.0711054357491201,0.48644999884388895,-0.3167619755418807,0.4744074558864615,0.7739814182541025,-0.7524661571819009,-0.6706021202494195,-0.7931625403106621,-0.7033031092429165,-0.44805814823214707,0.7827756724854712,-0.6257842724604146,-0.3405016084891008,0.8645873000615742,-0.6384052450638,0.8323119145629659,-0.34401650481694146,-0.27709650883745574,0.5399409398326819,0.14787330687832723,-0.23865743645141135,0.44350712399588055,0.2940397246318984,0.6694698492842308,0.3847789409276816,0.045049981244628556,-0.6615240310540129,-0.10320603502131864,-0.4624202157385311,0.6151383517214128,0.41226958523974144,-0.02027080124183045,0.28086694181777816,-0.17493422977230066,-0.2673142777836979,0.8044555134597581,0.4708644274699493,0.8793378558241797,0.04844673400543564,0.39941952434019046,-0.7894754002656876,0.2526408812883889,0.10659483057175068,0.8378035326785417,-0.8175780029118545,0.5004337556788877,0.7791721571677921,0.011763678783815679,-0.7183503343596302,-0.7460873086881687,0.530426589632899,-0.7135135805907342,0.36059773036369924,-0.4814277808158711,-0.8223260441891833,-0.1824593580277809,0.5647191768469647,0.5292521494996941,-0.5277041192756304,0.48038915048057673,0.4500123604958983,-0.714544000881598,0.2652870467067855,-0.022220525879671493,-0.3548189608970864,0.8180452714919246,0.5839580601872079,-0.3320794431068794,-0.08496803748960824,0.642344200312844,0.8238183082067482,0.5419674277891754,-0.6665866677566417,0.6625911936046355,-0.8450907859866112,0.7618763445721461,-0.5885029320345669,-0.7942850247215545,0.13276691237625804,1.0,-0.3672575142249157,0.8180183475157559,0.7499567565748894,0.5758990264838162,-0.16263209436405468,-0.4596828534740962,-0.8271424228386923,-0.792475974477447,0.15129717456809955,-0.32795955976443425,-0.251200018161601,0.15999612761971627,0.3534202225156784,0.34307820476232287,-0.8213307711515401,-0.8529736194171915,0.6933961118614014,0.5089682695069693,0.31215518137134335,-0.18103123037773194,-0.13036811782355429,0.04524640279239622,-0.7193290194722048,-0.5652368903401939
STP,0.19501162391973126,-0.13907180963099375,-0.5329705346729532,-0.27115591114945503,-0.06703366056671811,-0.269222486108293,-0.3238299988016893,-0.72889516880305,-0.14324736528524196,0.442306366218881,0.26649939899534614,-0.1068921358392585,-0.18309989594076348,-0.362084615678242,0.16642964060369891,-0.2573099194093902,-0.48697255053489896,0.3222209183149981,-0.10210408722610231,-0.16017116363933015,-0.4357576918668393,0.024844404115789698,0.08304065121198612,0.41766057886600416,-0.3715738016150585,-0.22610702877123345,-0.4971824296281584,-0.6271783057956979,0.37522382388132847,0.3751947653513056,0.10173771822014177,0.16685338137171357,-0.1515999009108593,0.7109643320198572,0.6361315628667099,0.14351906460100017,0.17145507627167844,-0.41163336700363007,-0.4299149790637822,0.5859475708075005,-0.1382118472702043,-0.22135549798876908,-0.23113313160432214,-0.24656807882680076,-0.15659918498390324,-0.18953906437038093,-0.173498223964351,0.2328637015676076,-0.23495833394187549,0.30849774726642487,-0.10659619538903464,-0.0232459616636298,-0.17921379381535107,-0.06260776653509037,0.1487788249138754,0.23278691478514235,0.6735304076804591,0.5923677771512973,0.04303864485615583,-0.013193703140839341,0.2867843746365042,0.27612836879179214,-0.2105808684747077,0.46208569499736074,-0.3788911303055802,-0.4489383531719138,-0.27340425599760887,-0.4579180743826705,-0.491114824839217,-0.33459496411838696,0.06646894432353467,-0.006247794634275383,-0.3322319812624026,-0.33614826488165384,-0.3676806348254762,0.3863813171488013,0.06457957053387475,-0.10924205922614116,-0.5669804073767266,-0.4690103173922522,0.5184274436606207,-0.4266169293733464,-0.10265633902412175,0.2257797262160517,-0.24660474039469116,0.12215893206009176,-0.12204460259007832,-0.12492151903072313,-0.1588399899599724,0.36679082383157113,0.17781999160878392,-0.538356188994427,-0.026178771559360436,0.29585538771763686,0.15229630434550956,0.14377235158501356,-0.23444518024345395,0.3232048246863264,0.3451175521453953,0.20525245542640325,0.42375008816663806,-0.579601770644897,0.4683835651104806,0.3432301761111154,0.07247526959149675,-0.1557494016176333,-0.45766427526139664,0.546304347946286,-0.027063593802731267,-0.5716980753430128,0.24714936395553044,0.004952209070455904,-0.4851437809966108,-0.16931601957992326,-0.5861712258647687,-0.08666404899565738,-0.11995910765958673,0.4212272184105178,-0.42971752185295653,-0.42271036335276513,-0.6191454320176817,0.38668580160848487,-0.6211035812349701,0.3700132839494379,-0.2943764176153085,0.440042399304716,0.42684085467447486,0.09058150448739044,-0.3672575142249157,1.0,-0.36003255584744,-0.33388364785936453,-0.17622223282343863,0.23730326135004387,0.29848603945428165,0.2626997623690943,0.45078392755583463,-0.49352538801950097,-0.12096163303983554,-0.21134412424161586,0.3083796194778434,0.12329642435256627,-0.4663934932568625,0.1665612929155018,0.2527045904568983,-0.35998519667937545,0.17001853940382528,-0.20087018162890669,-0.3688439831137704,-0.45083000317474986,0.017986115414669435,0.11695451518710342,0.08067531148285711
SVK,-0.7276732627421933,0.30464205872964256,0.6160437549348552,-0.057243650306258775,0.35279347649457404,0.5093011837767737,0.86329525509727,0.17816045041437378,0.8131816261978773,-0.7962601792145105,-0.6178289389246179,-0.5794490701890087,0.7890586133644505,0.48999762455967777,0.5059460621119788,0.701420101251952,0.6429381258042083,0.25768932827343827,-0.34085808208412605,-0.16689478211979125,0.4974535122690549,0.03535706526513316,0.09533121865014738,-0.7171909548548636,0.6161873689295061,0.6429667652197133,0.4390754918988353,0.015669458363807953,-0.8241176139134485,-0.8298769330666076,-0.6886259073175776,-0.5201469348475976,-0.17533535346776397,-0.598352653232672,0.08577018744205034,0.369752793990862,0.7303646272583431,0.8402915704012134,0.6934383869079883,-0.02724690000806218,0.7685507057190191,-0.10790761469426413,-0.4113137885203648,0.012538554821256431,-0.42662011536713385,0.5702915388999658,0.8928852622320645,-0.8831488449872062,0.7715973088168837,0.13482076165515433,0.5690457801450296,-0.32625718284569327,0.5861807735970914,0.5421944543228959,-0.7699317528939877,-0.6491626210047086,-0.8618158116114625,-0.725721140648977,-0.2702127454664358,0.6639471224753064,-0.5898114068521885,-0.38200242098087056,0.7947185609990928,-0.7865450003057659,0.883345603763957,-0.47579841164598236,-0.48468938069225875,0.7122859973274214,-0.1288895814661304,-0.2756124155337638,0.5449176438916263,0.4496480719935487,0.6079247881505123,0.45575951433828865,0.11364735362539313,-0.730807259148033,-0.011346572821125278,-0.3239872230596952,0.6523094920588092,0.42829925484086995,-0.0656808353094831,0.10593413026545084,-0.18793971591614267,-0.1597659335474939,0.8836578380964644,0.6860614652600137,0.8791018271891023,-0.09532428107339697,0.30210579703849016,-0.7457168108675067,0.2191294635523301,0.15039288159407627,0.7075335830470659,-0.766370249675993,0.6376390474022369,0.6354315286361177,0.03367872111039938,-0.6351221745519178,-0.6672946635067645,0.6961422828216528,-0.7016655936427512,0.46036911072022824,-0.3131971673603142,-0.7525089753070091,-0.2580694172721678,0.744362409465338,0.5771463244144274,-0.7650405351380625,0.49390391832855696,0.5442161036591224,-0.8487457507208611,0.32233907409355234,-0.27470450961251536,-0.2550627376536869,0.8023185896604552,0.7039033973298534,-0.3824667945519018,-0.11750392306613344,0.47595537036465296,0.7741349248615496,0.37493243156069067,-0.6426907536584019,0.45701883167495394,-0.7136512458018509,0.7121997782903442,-0.3892186453052924,-0.8553784940794209,0.03126821836581006,0.8180183475157559,-0.36003255584744,1.0,0.9215311080563212,0.7046470761407849,-0.07265470337435276,-0.7051970953937099,-0.7789278338799783,-0.7490099172940208,0.3706837321908518,-0.42236230224124993,-0.22625978157054183,0.20248404894167593,0.1931053257338845,0.055697143692006845,-0.7975499104752588,-0.7736273167502223,0.3611482948710787,0.27101976447187515,0.29108511012388827,-0.3096344744072774,0.0518611274109575,0.017860613400800363,-0.596660501010049,-0.7447579065368257
SVN,-0.7689652576293278,0.3192819659688082,0.6691335941736567,-0.0030812055121831605,0.28550867415355086,0.5591402489648502,0.8942796858188059,0.16779754391808543,0.8134454548112416,-0.7792900763283512,-0.6595640183690077,-0.5784495875328934,0.7428170131462465,0.5932668578125462,0.49198712825622204,0.6335644295782497,0.6427442904904717,0.3035303252255267,-0.3856072360365823,-0.25004471763831804,0.5302258670179784,0.09263198268859574,-0.014380963770695754,-0.8223931491656598,0.6324231332619875,0.7222066322186376,0.515738788728067,0.031142951899130855,-0.8323034575860928,-0.8614039564195859,-0.7288145889379205,-0.5935421146244211,-0.18113132556988631,-0.5798282225832225,0.10237244548246993,0.3819016847621881,0.7761346673336085,0.8312315245438076,0.7010666868693721,-0.17649991232956297,0.8234646320892377,-0.07754274120292548,-0.4257277963850672,0.07265106803149401,-0.48288028255252646,0.569905650544949,0.9436617660785869,-0.8473657874017224,0.8222738758641234,0.026001125503979705,0.5736135104842877,-0.3539309126147667,0.6044278170159973,0.49901420617621384,-0.7667548274260785,-0.7018108838046571,-0.8279669137354602,-0.707117442639722,-0.3304919497659444,0.6274207401949019,-0.5264118736884411,-0.3682314833022171,0.815957274785792,-0.8606233306573752,0.8728978208241415,-0.5138407353741044,-0.5750927408412867,0.8059006926465024,-0.13456953617044665,-0.3187260811658228,0.6789213689658177,0.5760517942946737,0.6283289480501097,0.503469707718513,0.13304229205855134,-0.7870854071357605,-0.021122961683301078,-0.2679928187392664,0.7003715892991278,0.4771902135880537,-0.10659915903883621,0.16763994356732037,-0.09821393058011596,-0.33584654581692774,0.8852396232323544,0.730194055783263,0.8523321717042237,-0.17236073225775228,0.3506656713419376,-0.767065086508935,0.36074116586852134,0.0650865396973832,0.6276180648067774,-0.7763112799552649,0.7108465646049297,0.6663831311842906,0.04867873709446713,-0.6924303129088103,-0.6723111142725167,0.5962916030410479,-0.7154210070924365,0.4318305758970937,-0.4344483261409544,-0.7394859102068807,-0.2094953906694781,0.7610671516547145,0.7123443719145187,-0.7876379214236986,0.5947283921723694,0.5804199669631764,-0.883908037740393,0.39294686041375704,-0.15598988429602234,-0.40750250038056324,0.7666364989336307,0.7711503516221748,-0.3683928066541995,-0.13263098936627982,0.4660169241160148,0.6928444061566326,0.3326451644262367,-0.6387451143419702,0.45226174813398257,-0.684493381680547,0.7080018246465966,-0.3231933518532113,-0.8459560171392579,0.11692167532419795,0.7499567565748894,-0.33388364785936453,0.9215311080563212,1.0,0.7591708555622648,-0.2439907398051806,-0.6684688692151264,-0.775302645511089,-0.753386183593078,0.37634345972432137,-0.40408218400585727,-0.19224514450874253,0.22158539824681478,0.03597476245509168,0.08327617070909032,-0.7345280157702265,-0.742657609916691,0.24080775759618833,0.3160183101176286,0.2713759480934832,-0.25381167011392414,0.01914179151166162,-0.22901260669384338,-0.6093707117773555,-0.7396704585252829
SWE,-0.5968410381382379,0.13961032170647125,0.570466670738021,0.2904696122337216,0.2530930287704507,0.8148765955353957,0.9251369308505121,-0.0477842972187017,0.9107028319976614,-0.8197627814744497,-0.7316200896613876,-0.6082999497158079,0.6300423513660438,0.5010455956659168,0.5135056514485872,0.44188487531396337,0.4907914610317483,0.030349075108920043,-0.3312363799388198,0.292771077165898,0.355267883665928,-0.1445666916992101,0.061687235855497735,-0.8703324698259851,0.848980213136017,0.7938802331915665,0.6784270682261505,0.206446649275281,-0.8174460129445711,-0.7645798361937464,-0.7479629746292069,-0.5419956092528098,0.2511807954106793,-0.6513567870267074,0.28366655807524466,0.663192583162448,0.7401001453232825,0.6969184221717046,0.8606473827109504,-0.10069167958016023,0.9548613014792895,-0.034030457965092076,-0.07100955708092482,0.096084404358733,-0.4012859220536198,0.8733732454531421,0.7942976843350728,-0.8476337062333348,0.9402662437277955,0.0162627397468319,0.8844758589171989,-0.24182917656524583,0.8555434424333255,0.33330816116631157,-0.8216596304184445,-0.8245352481808963,-0.7578029263594697,-0.7321610600132338,-0.28572508518058326,0.772599217817652,-0.5531373551115488,-0.4742810523921783,0.6668820289253795,-0.7252028525640073,0.7189106521622141,-0.483628733155232,-0.5665749909138031,0.5680584445571925,0.04487905774355061,-0.1446212581369839,0.8094865798141354,0.8363713898846782,0.7885936568755652,0.7451048875624984,0.11201033897351342,-0.767504385926288,-0.2988046759605991,-0.6282719357080644,0.7570774856666541,0.49914081758086615,0.0667095825746431,0.06490810509880063,-0.2510126213996109,-0.4009233850920837,0.7497378725018815,0.7230034987773041,0.7372493774339123,-0.0009108266605002413,-0.05155529744598519,-0.7988039729160992,0.16051230883810264,0.1892472228097265,0.4781297739561313,-0.8357260727712428,0.6996957260414963,0.590328612883017,-0.09023311380397225,-0.7537040058317546,-0.6471553035953916,0.35829139274181787,-0.7340558682638214,0.3632785380880752,-0.3209548295082012,-0.8115894078227575,-0.46306805343739477,0.8957280197661152,0.7774410918547797,-0.5865897747610247,0.7961867955925854,0.43900992366236913,-0.7602632711994031,0.3762806555785312,-0.04625352557243656,-0.3325296833806817,0.5973012604001897,0.8503631864978437,-0.34556458992898453,0.26553279357865545,0.28951718359065715,0.5573414528301468,0.4365631826393379,-0.6000599253438064,0.4643623338631042,-0.6754518703503958,0.5864283308030044,-0.45816752383002823,-0.9059287907075193,0.10150772444012501,0.5758990264838162,-0.17622223282343863,0.7046470761407849,0.7591708555622648,1.0,-0.33001565025182034,-0.5634585961798175,-0.8728625512093116,-0.848275725982166,0.2798986529443419,-0.6939865119794366,-0.4804826705276597,-0.05634624133177235,0.29758896937493984,0.3070359767309834,-0.7843485260624188,-0.7738064406629075,0.3129372339000226,0.6247043675613162,0.5704580008163471,-0.3464666396345635,-0.29083288917783556,0.06854664343425165,-0.7027551875097342,-0.7902426824511519
SWZ,0.38511081049056595,-0.018306777970164667,-0.4906463031965582,-0.580584705573086,0.12739786697661515,-0.5221253156598022,-0.30539878752322425,-0.17195802039517205,-0.3795020863106999,0.2812187057534784,0.5812082607911851,0.03274197783923272,-0.3970947957124633,-0.47228036482552316,0.07591212096033306,0.06440396027797546,-0.507716124443258,0.38298358806203603,0.21437764311463203,-0.3067890708309493,-0.12161294582252746,0.2366073896958556,0.6102243612423414,0.5370353087344839,-0.5063653691391174,-0.41208333822929033,-0.5007894828045605,-0.4759695123325718,0.255745807075515,0.3639857280611396,0.35010129685689717,0.547303306579131,-0.18193275264816955,0.4037127383126411,0.3203954173613549,-0.03931538787258426,-0.22151185612022983,-0.4585003027547325,-0.5383939961546689,0.5615796194167431,-0.42567694873673756,-0.17563550137177142,-0.024225986232200514,-0.2958945381679041,-0.00952474097743905,-0.31800314836689214,-0.26748407892109993,0.20251974925179406,-0.2967758473538509,0.5134198142816628,-0.36623901202675624,0.3167839402455379,-0.4415457241438008,-0.0556485575120107,0.07014737915902292,0.4918373414502317,0.32651095513837347,0.40330161782708207,0.454115798189765,-0.20114654738463988,-0.08308789367151181,0.43349931779560946,-0.14049156641111238,0.37451107151267404,-0.4293917351280836,-0.18345928365475417,-0.03626578721095375,-0.22484834952958965,-0.44543452622160706,0.08343407936631231,-0.3253461170065699,-0.4549313247641298,-0.3546689769057425,-0.5133992220965093,-0.315324539613125,0.3732962478560966,0.10901957084358382,-0.03396541997453606,-0.5950620478764903,-0.46632351472152256,-0.31332777571739867,0.018400533477659353,-0.04677590077556326,0.8339933216260549,-0.23845766465491725,-0.32286753581221683,-0.14164977231920428,0.16096592581414138,-0.2650757995814925,0.41002942740563797,-0.07371357021556713,-0.5360413786795104,0.10446433157788215,0.4324733376912735,-0.3322922350197288,0.010304906178688178,-0.020126003704314277,0.49194036561364385,0.5278580271279398,0.1903673097707631,0.47555244426232746,-0.44944913683560905,0.8464770242431752,0.3049768746320918,0.35044853717861546,-0.47556242783274616,-0.5466270849228536,0.15408043043312614,-0.5681271476511607,-0.44700702393873026,0.16708696591789718,0.08038469452215358,-0.3940762649739735,0.03392767302660682,-0.4785827768205777,-0.32900007036222734,0.12884371927236493,0.2425277648813664,-0.4242720756806633,-0.30454745086438617,-0.587671575963638,0.5886022453002195,-0.43939147682796653,0.36060615649485883,-0.46453962315369846,0.3836226567468489,0.31978984862157345,-0.0882026887377334,-0.16263209436405468,0.23730326135004387,-0.07265470337435276,-0.2439907398051806,-0.33001565025182034,1.0,-0.0530932403466533,0.333834311177968,0.35217831254033216,-0.42576299726223765,0.3159654217420427,0.2134069664300392,0.19245298619406337,0.26551796655529536,-0.5248331003436078,0.19810918133282407,0.3429926373569213,-0.3732135216533845,-0.41601087154960825,-0.5234691404336194,-0.12021017632243303,-0.10472424683301762,0.4451833166189414,0.3429232508885941,0.2733587242242601
SYR,0.689438420830987,-0.08239170651929562,-0.2891903371428506,0.19542330234271577,0.05709534855821907,-0.4748253891431211,-0.6738743586058771,0.09470446141918099,-0.5940126969603639,0.42564149215422487,0.2088719231109477,0.40279235440752115,-0.5277861277457676,-0.3199781968415305,-0.6647996448812141,-0.39478041159571253,-0.21722892176859054,-0.34567907540485265,-0.15979190202888516,0.17854802144684767,-0.22550447823609043,-0.0945573840154239,-0.1765387166082053,0.4729636366932932,-0.44502512692983087,-0.48111884177606035,-0.2688781924350845,-0.14250074783650746,0.44169420949745364,0.45118257339355006,0.5191734160082538,0.6225351103263475,0.10733648078668179,0.36442755083536094,-0.21377906910515487,-0.30242995990451327,-0.49567106866016664,-0.6295655167848557,-0.6041257713864301,0.08904221952883229,-0.6292273413614309,-0.02053872896160236,0.4453553305659147,-0.35667761708748325,0.35127935097081053,-0.41509815504430714,-0.5959335932106675,0.6628921350135414,-0.5817435130715012,-0.4027804596027589,-0.5777075071462352,0.5197357850314095,-0.653883295142613,-0.17422540442885137,0.6346884275646479,0.5032362921486103,0.6292366012278068,0.3989489890806527,0.17446792272501843,-0.5013193406084309,0.14845210610805415,0.22251177430508873,-0.6959916008125868,0.7487243113202814,-0.5876231804580652,0.35147608650613105,0.37003323143319233,-0.5033594693941725,0.39754249293425137,0.42822920160655686,-0.3977017183871929,-0.5209318127901039,-0.5430269497949691,-0.5792363297241483,0.030410531027944665,0.4344044125056705,0.23315236010818563,0.27281175654416556,-0.4823298854985658,-0.31050304075824675,0.3989957519748667,-0.013393620313042254,0.23208065832812708,0.03494418386679965,-0.5079979440278035,-0.3772660613443679,-0.6162554457100646,-0.043580693555697936,-0.4146318824695483,0.44525329217639276,-0.3163207644327377,-0.14739735235884655,-0.2589237343960207,0.4909425045821645,-0.5067885874810176,-0.3866939956055626,0.2963992969975937,0.4608478933746445,0.5874974179664886,-0.43730518766986526,0.44427976735793284,-0.12747917700326106,0.1239197383545132,0.4243989367442591,0.21600192707578525,-0.5826175770066033,-0.3393523716496285,0.7353350724142268,-0.44997103444301456,-0.4272686374207204,0.5806150176973648,-0.4375508741470975,0.11325601373785366,-0.12361780311647741,-0.5871850368488705,-0.5480627219094276,0.4186304077976948,0.1711584628162326,-0.3625641983989569,-0.5445696497360428,-0.2210586743374574,0.38231463521700926,-0.31028057161478984,0.3028900524900511,-0.39675045282684884,0.03405366069058746,0.6121655692269822,-0.34791712909512684,-0.4596828534740962,0.29848603945428165,-0.7051970953937099,-0.6684688692151264,-0.5634585961798175,-0.0530932403466533,1.0,0.5341292195224316,0.4254504562035206,-0.4198066359154127,0.4839848962685205,0.21055733571663993,-0.21788016782028752,0.0166336041620474,0.21200701216762685,0.5052753703404631,0.4962927721355185,0.08226061988287148,-0.08460497345282492,-0.33413154575349013,0.33743165618233406,0.07937816839905609,0.03436447223565808,0.4916818538647927,0.7023737797949892
TCD,0.7517255148348703,-0.43874640410633425,-0.5475088160785568,-0.4377483055748188,-0.5198171545680847,-0.7341861239105725,-0.8594667166806302,-0.1168141189119869,-0.8631883572387267,0.918024370397188,0.8494113468402047,0.5196420150885587,-0.8064720264879179,-0.4147752629576964,-0.6212166033631332,-0.7214807297622827,-0.585160838112101,-0.23290484286185476,0.3000675705653678,-0.3147915786597144,-0.30935506480107233,0.09900793008992326,-0.0788575227274102,0.8874493041990865,-0.8415812530854527,-0.7130551457371652,-0.8193003138068398,-0.25193346361168634,0.9114456119977531,0.9155333568301034,0.8495028318411733,0.6238021747137997,-0.36872464896134804,0.7232552830479788,-0.27333749930021733,-0.7417956180719678,-0.7766383188034465,-0.7566565029786445,-0.7681797348752313,0.0919885096620694,-0.8732169393530815,-0.2137009820448339,0.13875035299819083,-0.22286848597636633,0.36990644957888175,-0.8840273932223992,-0.8445006984347101,0.9065054063780765,-0.8486970392329929,0.12765109965076216,-0.7942836253352406,0.321026890469983,-0.7878545497463154,-0.652157141885247,0.8555113822032442,0.8889401562762341,0.8193508349773766,0.8360766442641493,0.4520603250049322,-0.8972698681091411,0.5788146335451482,0.39478527372463157,-0.8244619432284503,0.7019300187393758,-0.7967902908545814,0.46610431997430335,0.43362989061449575,-0.6219641483148859,-0.15552633044140163,0.22636924465053065,-0.702129725929433,-0.6740998486851457,-0.8389969365881871,-0.6555293637954656,-0.08561655659745493,0.7854972751042721,0.27651456957080733,0.667605883365209,-0.7701354713318058,-0.4972295256105066,-0.13945194224646107,-0.19796798231967982,0.24444820639241138,0.45055268621377254,-0.8280411274771904,-0.6876030480050597,-0.8455271555227073,-0.056831224488263166,-0.178583357269831,0.9088528492388437,-0.3178956434989846,-0.22977357403163134,-0.6844019926574907,0.9688543518925771,-0.7367688458385002,-0.7629106219169621,0.1225700220010778,0.8917709137596208,0.8279500148858169,-0.49155574467211394,0.8382631221715331,-0.3855543612981793,0.4763996283541012,0.9595445708569755,0.4136964663195202,-0.8162930774385082,-0.6979005146970017,0.5490641240046764,-0.7490825255634901,-0.43612555122678875,0.7766571327922394,-0.4993491766579299,-0.054143509801544365,0.3366342823111883,-0.7401622617527541,-0.8033891536930415,0.38688495189968375,-0.15527442034515615,-0.4886278325471789,-0.7195183714133357,-0.5390533810334714,0.7078018187874578,-0.6055468335903864,0.8505775771885528,-0.7794195672538746,0.6803893997485485,0.932882181007145,-0.1839113940810202,-0.8271424228386923,0.2626997623690943,-0.7789278338799783,-0.775302645511089,-0.8728625512093116,0.333834311177968,0.5341292195224316,1.0,0.9324600970631485,-0.1978889389831351,0.6186402987629483,0.4989043954400648,0.06828354010288396,-0.3979262090503628,-0.47373185613227653,0.9287039296733881,0.9311800705855661,-0.5461302377371235,-0.7189176446386547,-0.5787523343542369,0.3477867578648519,0.3008241702612704,-0.11592972642449784,0.7915121070177572,0.7427437047119825
TGO,0.6212838259564231,-0.37289402813069383,-0.7021318642030778,-0.4925714950439848,-0.5273777500751451,-0.7537175299167251,-0.8683817618366401,-0.3362455341600543,-0.8006914083095924,0.9606258472473429,0.8769959857957103,0.46030304455971816,-0.6967799509133237,-0.5374964910252116,-0.42625928228548693,-0.6768410397293732,-0.6683159150821278,-0.022606980291177914,0.3364236090573457,-0.3668190425988187,-0.5105531539978334,0.05613711867295923,-0.015720565567620248,0.9064306151894386,-0.8743909816846189,-0.718044926750506,-0.8553920189505924,-0.3661856240096679,0.9380334545107296,0.9236655748847777,0.804531662428277,0.5158952619438024,-0.3882071774825917,0.8224287092190409,-0.05938619739828721,-0.6341178551392992,-0.6393254806947752,-0.7121442228187091,-0.7740673115760686,0.2313071192991203,-0.8079528271805883,-0.18156263433760622,-0.08476258044826301,-0.13600743852327257,0.22927812835284112,-0.8559396123729548,-0.795432121381733,0.845922179098716,-0.8596887988045423,0.24733573367806805,-0.7108059247038012,0.13012533211124688,-0.6946328164762132,-0.550648290949622,0.7849386610899559,0.8484561069151156,0.8845788182185199,0.9259877682265455,0.3397182206867593,-0.7502943680148828,0.6580725197921949,0.5124312359225411,-0.691141817278504,0.6894962205075105,-0.755029909420035,0.285917150725848,0.35093975565367364,-0.6716598451475573,-0.37025043996445284,-0.046377739560062414,-0.6775592847363414,-0.6086965423924555,-0.7908492765514232,-0.6232917991813804,-0.3070915844526607,0.8550679470660002,0.2616896928781397,0.5930344208914594,-0.8283558319704523,-0.6033116861365717,-0.0758716605483225,-0.25777104262285033,0.17024530784357228,0.47458855616838114,-0.8137299066354406,-0.6298895920077872,-0.7380014684380687,-0.08166831429185728,-0.013455241743493662,0.9453983982246744,-0.15669131377328993,-0.3194860324363151,-0.6431020915089043,0.9097161637339677,-0.5612650746332613,-0.6207201579861987,-0.13641923552306023,0.8800198585342109,0.7382805300110714,-0.353424392033592,0.8834898794888225,-0.5737102342708251,0.49234956885145564,0.9540293642168691,0.512224002388431,-0.7555638424188396,-0.8107791408436174,0.5870308522065518,-0.6753654924781092,-0.5380222536764103,0.7491653386717351,-0.3340498018771949,-0.08653028312288735,0.3994201745184982,-0.7252719484575594,-0.7561523863430897,0.1761238660462381,-0.11161223650133012,-0.4485378427372604,-0.6821936675805831,-0.6499709458647085,0.7088957717318992,-0.6908216038219801,0.8625230787721061,-0.7041063326008528,0.7535649555005136,0.9510819351543369,0.023815110640393655,-0.792475974477447,0.45078392755583463,-0.7490099172940208,-0.753386183593078,-0.848275725982166,0.35217831254033216,0.4254504562035206,0.9324600970631485,1.0,-0.2594642698673435,0.520286506008904,0.39008416866626905,0.20160900971610962,-0.38017360409541623,-0.607710727850542,0.8682658099982892,0.8917919152716945,-0.5945765029867627,-0.6302698042707013,-0.5653638954743248,0.16885525979504923,0.13381049827602998,-0.1496006992147778,0.7413894084506062,0.6536951061912277
THA,-0.44193751159434935,-0.015751911738096425,0.48625035600384847,-0.1120447866162122,-0.21383431542595233,0.37072603142251825,0.44296152574352665,0.20168488403466256,0.34259795627479406,-0.21978458972402581,-0.17083867864167046,-0.010734166661716227,0.21791045409103893,0.38746119660559963,-0.09413826834203709,-0.002099167764127774,0.45507683596547077,-0.2935229997714508,-0.18149617292218823,-0.005385811154708486,0.26040715623541555,0.24717317781442438,-0.5749429764951852,-0.4346545753811495,0.30668710498686447,0.4005947741045728,0.19927916657492906,0.5356558555329749,-0.24234615676124638,-0.28011804018401953,-0.30924617340846017,-0.5624818047979578,-0.17140041230903003,-0.3204086163687445,-0.23070058585772402,-0.01718637188422356,0.11970290604753886,0.4583978870459977,0.5140424807283233,-0.39984906094552475,0.3247013034541716,-0.27971316735399054,-0.118526902064233,0.3531657928167017,-0.012819130081936025,0.24356359594331423,0.23492265489857478,-0.24388129576880524,0.3580887077762056,0.15243393207941092,0.28216778845992063,-0.46082689663554044,0.3457892783608669,-0.2326699079906398,-0.12118886395557626,-0.2641649868660587,-0.5006609958401707,-0.31864973068243296,-0.3503454405869244,0.06980116541101655,0.10893303508318275,-0.31549469350211634,0.14372580128269608,-0.47313455178996455,0.4434105569815263,0.26592095519480385,0.09605877591925027,0.3038824509541236,0.06548331416912256,-0.18020430558227418,0.12977989920562594,0.13467419769924593,0.2999024056577866,0.49773064239948095,0.1001444072163612,-0.3490501818046359,-0.010334984880779219,0.3406152548123924,0.5981237134045362,0.2961167995680354,-0.245452764349104,-0.2565957036654407,0.12272276135301585,-0.3147181907882286,0.29035361118411984,0.18901164946811289,0.18560238209384106,0.15205624443011523,0.2614726645688662,-0.2218937588554868,-0.10153914770964723,0.5084693581653678,0.007676295709345138,-0.2108256160087303,0.16986330466466892,-0.25641720842127924,0.08560120425682594,-0.2090980274568348,-0.3691684862741038,0.12347937656499819,-0.29610508040383277,0.6500418644227718,-0.4348346459110779,-0.13209249541246315,-0.16256087896129556,0.4296002451005001,0.3354251190692463,-0.3910538037459117,0.32284671159169,0.41677855975815536,-0.25747010382110047,-0.21629133092746677,-0.02077893960120525,0.42881494634834083,0.5026263880772945,0.40701890952534325,-0.01863966755610269,-0.47481186366342243,0.24588213397696146,0.3599322725304729,0.3283725240921932,-0.33215506460257727,0.16808014953186579,-0.07624862157200485,0.22580101326283342,0.08117104229502214,-0.34719835642523833,0.05223903999881074,0.15129717456809955,-0.49352538801950097,0.3706837321908518,0.37634345972432137,0.2798986529443419,-0.42576299726223765,-0.4198066359154127,-0.1978889389831351,-0.2594642698673435,1.0,-0.23240058168414923,-0.01673866571465865,-0.0036761314516216004,-0.06740168012541448,-0.009319681051156437,-0.12573660488320093,-0.1628485517170104,0.18225853592132601,-0.046887760236014264,0.19959724961252123,0.023834987436240684,0.6419083746259857,-0.4355433637460482,-0.34154368425216,-0.49364613731436324
TJK,0.4690898487987514,0.09361390505396694,-0.3822257433791787,-0.202586221975527,0.07455875549912316,-0.6699894200741459,-0.6338683491150929,0.31372202639767444,-0.7408323577965024,0.44958842209170846,0.46915900956324696,0.5558817968549956,-0.5798998587183752,-0.4238061813328704,-0.5092624152329392,-0.209172469402906,-0.29763823843706083,0.014762670998979988,0.2325200887095924,-0.3129177161223997,-0.21935542758225224,0.15858640970303983,-0.09480102477410646,0.526392493187505,-0.6281283008191578,-0.5490541804744336,-0.40693896893009107,-0.1597089682225965,0.43747176993005,0.4709574249823931,0.6253364470764077,0.5017959335143631,-0.12487064466187325,0.4261379262086411,-0.42762351728345616,-0.5265198938676612,-0.5791108591215353,-0.5553589602145652,-0.6398916062373434,-0.19679789828066196,-0.7412908677406662,-0.03321639253459341,0.19786188260273552,-0.020849922244174923,0.4606923644197105,-0.6545538752176083,-0.526750086040574,0.6377690244741352,-0.6165155860277782,-0.08130189804841659,-0.7089605855941041,0.31589723751166177,-0.7062140778274082,-0.043775547521841984,0.565968543845701,0.5854526423209606,0.41568165878178986,0.4229936135406138,0.13827697777653714,-0.623646029247934,0.17328776452633166,0.3971844697060358,-0.41379546371500786,0.4136018160416892,-0.5053086362641357,0.45835946455874665,0.49690888287814605,-0.2606942486771846,0.09655590325900287,0.2727587567096561,-0.5701455748537811,-0.6224526931250205,-0.5749614421371472,-0.6359939911136412,0.04251897079118572,0.5433826973765833,0.6347439382789021,0.4602808194564423,-0.5468902536169016,-0.5244712508636622,-0.2535800847680445,0.03646068693285853,0.5291609658948486,0.25426888027076755,-0.4544049130092629,-0.6481185512357657,-0.49845528986075016,0.07112891334031779,0.05090154271751057,0.543104096691878,-0.12289695023620428,-0.24910931679777604,-0.2679194792005708,0.5888850266457902,-0.6356096908397597,-0.34922696011564436,0.27079892304749953,0.5672443943441127,0.5023113896367137,-0.30500180975575253,0.5462261119554183,-0.18644645055671538,0.16334256988351026,0.5364677493453599,0.5592367378442983,-0.7540569753887854,-0.46320119593533127,0.3153553129541511,-0.653572052331358,-0.3302961190211604,0.51642492766118,-0.26719615918441164,0.09812970675910315,0.1435103531795604,-0.41976012238332294,-0.6302281067777686,0.493802574683892,-0.04117180460631298,-0.36507048348000204,-0.37231250592835874,-0.3524281296474665,0.49154271722140885,-0.35817348143145455,0.344017670036618,-0.5566835742502716,0.3372670197184793,0.572493419280851,-0.2909001115102965,-0.32795955976443425,-0.12096163303983554,-0.42236230224124993,-0.40408218400585727,-0.6939865119794366,0.3159654217420427,0.4839848962685205,0.6186402987629483,0.520286506008904,-0.23240058168414923,1.0,0.5796496374387218,0.15944617177074139,-0.21989460558165086,-0.1853685018711153,0.6427682649972817,0.6495309188316568,-0.1824582603388072,-0.5905000793000736,-0.5762078473243748,0.6977429055111221,0.42047453538647606,-0.1392444248916136,0.5469677573932104,0.6903321793019078
TLS,0.42106372053716434,-0.12975850184373128,-0.12452380702898358,-0.1697811828907918,-0.16626403424889347,-0.5164567635313788,-0.4338404887921863,0.46375195830859806,-0.509385133036552,0.24977870532052382,0.39934388459052583,0.0889973640105074,-0.3238445397421259,-0.04578920204238601,-0.6057174876601481,-0.17169432794535933,-0.031618337459913715,-0.1387690031496076,0.14165642686226088,-0.32152310310906906,0.27777602975538396,0.5574697666337141,0.14998693031122168,0.3389828788849649,-0.5039219073870813,-0.5516992706712109,-0.42839788294544934,-0.24126550435421645,0.2418186580817563,0.25801684107102774,0.545872145893391,0.4539959203466819,-0.34852376351862757,0.10171526996747349,-0.26176569982874565,-0.563355958981365,-0.5074407142970636,-0.25141364888545437,-0.4715227573395069,-0.07204129190327047,-0.4743290695178284,-0.229030545836292,0.20691728672158083,-0.22576881072516053,-0.0688594745113178,-0.6495856120844374,-0.3337946570541801,0.3901001847324693,-0.41304667866499467,-0.13986764278718322,-0.6485693894493076,0.2963006290682495,-0.6679969908560781,-0.2469466919392731,0.312951058674074,0.6101624707135531,0.1854432345936894,0.35227185805681116,0.5245329418682335,-0.6380863075806,0.06668721080730222,0.1728161947879242,-0.3236258301108099,0.14121030901208376,-0.21412058316575733,0.14735301018968283,0.1198466823379406,-0.28962014321031826,0.0783171150354206,0.44996567675683863,-0.31588386438537097,-0.5542514659213262,-0.5848260006879165,-0.5592553142779497,-0.11115442901828243,0.16360444103972138,0.5024400109963411,0.36604278975308924,-0.41515689754991314,0.09922903189284615,-0.4385741326736592,0.30240674340741125,0.1482909451147355,0.41586909346896517,-0.310110766562286,-0.45153581285876343,-0.3208305709993571,-0.03125388055616374,0.1639577917935211,0.4490250068776642,-0.19295950534718886,-0.3050936536500086,-0.25754852756462565,0.4484293637988832,-0.4496527530552268,-0.37260606373766003,0.33020768682372936,0.47028693554850876,0.4315262251793799,-0.14948756806684393,0.4283592172995757,-0.18574579055345875,0.15096207608631063,0.470143432713352,0.3016034473279434,-0.49802011113238587,-0.10891097596573629,-0.1026858375530928,-0.4934850433825637,0.14924776408495444,0.2054256053392065,-0.4724446341324584,0.0026390777711305935,-0.0009839711858417033,-0.2431413966427225,-0.5180384194181826,0.3583096027245807,-0.10874602409265721,-0.021771484251608797,-0.2216871481965912,-0.22763977496498478,0.23931180487686732,-0.09274118719811297,0.265848995164067,-0.36602872109140727,0.3357437190313406,0.3421316196163262,0.02992573651669539,-0.251200018161601,-0.21134412424161586,-0.22625978157054183,-0.19224514450874253,-0.4804826705276597,0.2134069664300392,0.21055733571663993,0.4989043954400648,0.39008416866626905,-0.01673866571465865,0.5796496374387218,1.0,0.3478217355588047,-0.13969758552037237,-0.21852576587614037,0.3212377668272379,0.33364245076664245,-0.10279080058279777,-0.4445457104240811,-0.6649431344342522,0.38294027995888047,0.22288914042778596,-0.3017556137359996,0.5223576071288434,0.510733026376325
TON,-0.2580768427716251,0.2811804022305183,-0.2891630233744167,-0.3450032965677847,0.12770886328874886,-0.04736525411913739,0.007361614256285565,-0.08324678061286606,-0.07192141234043148,0.055241714820243204,0.11056306177579323,-0.17213489909979995,0.16186447342006183,-0.16190559763415413,0.09098180537300582,0.2482196445189666,0.07948692702391258,0.33203274336258404,0.012405178965581465,-0.43867123388243057,0.0673420492980823,0.4672631591950037,-0.09408364802870572,0.11557234332696797,-0.23570787766962864,-0.2774417921248207,-0.4020013573855885,-0.4576958832956002,-0.05978198659788081,0.0032070087605217124,-0.11364100836777147,-0.1222178881025,-0.4704735776565232,0.40177222474025887,0.24290628459884778,-0.13413920045299776,0.08524128742523152,0.20167942289009577,-0.11483331183200307,-0.03646679243389439,0.019630511434002407,-0.4265558562452543,-0.36503494647012413,0.04605889438074129,-0.1911923576948762,-0.2130162253114274,0.1414565975053822,-0.07021714192461959,0.11405635141235637,0.5019826085052392,-0.09209307338915451,-0.29010002921721534,-0.12470020416027583,0.10126405837396546,-0.1625965628106103,0.05323985506035278,0.06555959044192283,0.3202746719489379,-0.02854341936506488,0.05796086292208069,0.02056425547762153,-0.15159176166336064,0.25014312532080485,-0.09140923551661029,0.1482160553787949,-0.2969083103454859,-0.30437040226151924,-0.23623812236448738,-0.403085416566056,-0.3440543667402105,0.1550535668911155,-0.06348916118147185,-0.1196162040806863,-0.09528365065230315,-0.2977314826984785,0.07839782357132008,0.4321797640195414,0.058976741743904326,-0.1697202549411374,-0.05708807780355163,-0.127292819219482,-0.3283645643653934,0.15094884135611752,0.1440199655013359,0.05716247478751346,-0.06730674802974335,0.30583198061581274,-0.10935042318672195,0.4568400899317556,0.12068781656275107,-0.008564783141639332,-0.5250658725860196,0.22634856031534556,0.033721243922287036,0.04497167445246708,0.21877462437556983,-0.07782519539483901,0.0893715743336736,-0.036122545133280504,0.4703488894915939,0.1979820776322122,-0.32098388925270926,0.03406353507284743,0.1988433184318169,0.15098626738082666,-0.08218182760351733,-0.05051511170759393,-0.14418698303972466,0.1621225057821959,0.11983154141745522,-0.13001364312618024,-0.2217189060242606,-0.5285219273283732,-0.09844641429830481,0.07888504929984552,0.0702409850182445,-0.16437596068782478,-0.07176634802950144,0.2067746326328327,0.25972956306818884,-0.26008332791164834,-0.11573444568940428,-0.07565211077571199,-0.045005379286002345,-0.0725979337317102,0.5025310362302011,0.040771009963460614,0.04642312523739467,0.15999612761971627,0.3083796194778434,0.20248404894167593,0.22158539824681478,-0.05634624133177235,0.19245298619406337,-0.21788016782028752,0.06828354010288396,0.20160900971610962,-0.0036761314516216004,0.15944617177074139,0.3478217355588047,1.0,-0.03792991550582969,-0.6741261027988437,-0.004807076806328858,-0.013522479732926751,-0.0452396822022787,7.174346559823963e-05,-0.2901571528304929,-0.0008540423637914962,-0.14333500901122131,-0.3909115331167521,-0.16429045885115245,-0.15310797017457922
TUN,-0.04401003013746396,0.300957196663598,-0.10434638692548437,0.11225993179455918,0.5086852818632995,0.09159653537193269,0.1821773077423563,-0.10731934076936245,0.24422877013029365,-0.37139521980191903,-0.15464285273411638,-0.2516750781559831,0.18183214611543852,-0.22164758720508293,0.16002225759903443,0.44477969398716244,0.04801131436840045,0.17486245258001953,-0.21381428357924737,0.45312815437380727,-0.0015342937365812048,0.22718827188288948,0.2438980643570432,-0.19750206807420012,0.15541260696298875,-0.033444849122314046,0.2220415426614405,0.047954800493198,-0.39953752577346235,-0.33298415465713127,-0.2829974889499074,0.022106146210080335,0.4552494485122909,-0.17967053538440125,0.5521277553913756,0.6229893994212656,0.2268213554770926,0.001993033653319265,0.003861165797412691,0.44476386815214686,0.1577728802014351,-0.16871818854138887,0.3535134566411444,-0.011173238237730754,-0.22728180582238,0.4881254179261437,0.12520264265470116,-0.30260340193731494,0.24488812657880032,0.11557967503227184,0.2833989183349743,0.030738235416640003,0.08897199356930541,0.2673483527120557,-0.4508459348288678,-0.11285072083331005,-0.1857581901236569,-0.18139534230419874,-0.11779416110500063,0.48945640254982403,-0.36356431826640634,0.14249961009125944,0.21684684501143003,-0.019342489319527756,0.10487788505037221,-0.31185177853230006,-0.04817689014168991,-0.05895954755066746,0.08453706543288853,0.18425140056399014,0.15851939047888153,-0.016276030296426436,0.2909087905185215,0.0069112213943698375,-0.350479935498375,-0.2542362055065137,-0.12583843464022015,-0.5371462803361415,0.024181582564855808,0.016634253842777946,0.06323611256176864,0.07663161118428641,-0.26278050141048026,0.21148804534623844,0.1818934245103967,0.15297847370132267,0.2692528453539519,0.6021962612830616,-0.32949904653712436,-0.21545384144381607,0.03163377384411581,-0.10027407613253092,0.5512601387612602,-0.2520477564668915,0.1408968489068526,0.34735129715112634,0.05123401278176054,-0.11552417099071621,-0.05838728755380007,0.309366040582186,-0.1364897379143557,0.03155826726673494,0.22526966833972661,-0.35333769545929883,-0.1402081776926798,0.19873729472584034,-0.03792592398108363,0.12577040737807177,0.08089850131061804,-0.19922987034102113,-0.1372922109972845,0.03049336309445705,-0.2821077150699429,-0.14041378733072785,-0.03582724124927239,0.28968564627343496,-0.01498973551053484,0.564900071474314,-0.102922135048237,0.12666974016965715,-0.048610256738078395,0.009079294326474918,0.02683439509319696,-0.21826106600493267,0.08124919300777567,-0.2269783219645367,-0.32120922064377555,0.11920935618245498,0.3534202225156784,0.12329642435256627,0.1931053257338845,0.03597476245509168,0.29758896937493984,0.26551796655529536,0.0166336041620474,-0.3979262090503628,-0.38017360409541623,-0.06740168012541448,-0.21989460558165086,-0.13969758552037237,-0.03792991550582969,1.0,0.24796025065714244,-0.502964194753404,-0.3707407845008541,0.4162982055100384,0.4343822743848845,-0.044456697230166986,-0.26711798366666617,-0.22542997997266712,0.3392414264763086,-0.37080937531459623,-0.30864686222123927
TUR,-0.0715631329543589,0.19513576702409796,0.4244202696744901,0.822929521178195,0.31892093859075565,0.3444640342382277,0.21783501507465808,0.43828878056819387,0.2593826084242762,-0.5120172945327153,-0.6038097982696113,0.008564120712516887,0.2750838018466363,0.2532752711806183,-0.05784228137751812,0.21914490187967406,0.3757333869926842,-0.2746336285440376,-0.10603258856294895,0.6645769683554202,0.16330441253363226,-0.2746930456717238,-0.04771708222575621,-0.5028631553185472,0.5273554580892466,0.2835739163872224,0.7664479958569695,0.5474562603141392,-0.4108939345819176,-0.47141430309999555,-0.2705649059745452,-0.14546400533462833,0.6994711542992966,-0.7027546428504325,-0.2767680125843244,0.32527354524523067,0.09145498243723837,0.18489499742057725,0.32795256334636913,-0.28356845773702566,0.24666171960840688,0.526644979507246,0.4898476344387446,0.1307549752156726,0.11615210745636895,0.4898191173363966,0.16697756381762008,-0.23576775391733262,0.2042083934223924,-0.7575310971731297,0.2841868263929044,0.16241223797817939,0.27169894109277004,0.33748212797586796,-0.16416059997290766,-0.40198096277141215,-0.41549788638116514,-0.6345101812924798,-0.2208798772467775,0.2893239325922654,-0.30724783064549466,-0.17881922356693924,0.14763801387409492,-0.19526453404356037,0.2584407544603047,0.20203709418881044,0.21850974500278242,0.31622186620245063,0.7433551953062149,0.39859695599226075,0.15215079168713874,0.22294852697964795,0.41069989595541245,0.24934266275171568,0.3537248305888039,-0.4183251076124819,-0.27658134951055424,-0.35251855384122033,0.45471210583969834,0.41687057011025064,0.18405864007072692,0.4847223643574894,-0.10696741404104282,-0.5236448801784235,0.23855511316700706,0.15976555219108035,0.09850853072462395,0.1989642552592673,-0.14416261743358794,-0.539750527261444,0.07041363387220001,0.5046358811078474,0.14835687902518413,-0.47318432469233196,0.10764437207105748,0.15956227573403647,0.16456421300482404,-0.5307801675398225,-0.38548012004530974,-0.29737818933019855,-0.5508559394508168,0.43988207979352856,-0.5067613115465681,-0.5740298174061294,-0.33297716917434217,0.2688470980402413,0.4614167699099445,-0.06235237021885909,0.22640571272173582,0.23195488597899172,-0.12672426412203608,0.15499500952543777,0.6036699278214868,-0.20187207161266962,0.3192876590637982,0.17054800585560315,0.11834703049739381,0.12042649541398265,0.25153016521520954,0.24107906189994643,0.6420911687926271,-0.3954666529958457,0.5761279666905308,-0.5040397042682163,0.4192556687523544,-0.8620489021353701,-0.41730717893411606,-0.01711404619907131,0.34307820476232287,-0.4663934932568625,0.055697143692006845,0.08327617070909032,0.3070359767309834,-0.5248331003436078,0.21200701216762685,-0.47373185613227653,-0.607710727850542,-0.009319681051156437,-0.1853685018711153,-0.21852576587614037,-0.6741261027988437,0.24796025065714244,1.0,-0.4002861896273908,-0.47555967782129693,0.589812797851972,0.47022166673214594,0.4426203376792519,0.1710155133989134,-0.06696525806356912,0.19685165922441672,-0.2740189624605196,-0.01948748721034077
TZA,0.6396631456007494,-0.34354594159736696,-0.5438726725672742,-0.35210686868430674,-0.5154998708241951,-0.5929179919884429,-0.7796299781955733,-0.12929568595066776,-0.8353186098597924,0.8887360763788461,0.7871771475499567,0.6800576264277437,-0.8460344693415349,-0.4475345659509209,-0.5545047779810468,-0.7251137992194518,-0.6050727275208079,-0.242278045806416,0.30848997694269187,-0.2219666191923635,-0.43333827055156116,-0.053716008986499864,-0.24346415044971348,0.7700023901854223,-0.7295758103738463,-0.5905953432976212,-0.6523433359706146,-0.04873803760174211,0.8852184653729279,0.9002345062460775,0.7702495570573495,0.48636181153181535,-0.22926704729828584,0.701620166044251,-0.3507083076607649,-0.6646610665528834,-0.7687763483535943,-0.7219998147131665,-0.6304811777300405,-0.11986220425801064,-0.815476011831759,-0.10304319290352182,0.1347319170758584,-0.016662946864772543,0.5224740902976467,-0.7396474280690943,-0.8474723348057323,0.9191721055053794,-0.7631841539802744,0.11624537329840823,-0.6459611766286142,0.2101050906254892,-0.6169524677400677,-0.6530456829430493,0.8455983739944074,0.73434015710826,0.7628002672894902,0.758506033245202,0.23991192123595528,-0.8070705881061471,0.625133301410977,0.3440990649677307,-0.7616296137685601,0.6556630967436755,-0.8006426183503645,0.6053270248540913,0.5364245977225736,-0.5330210692943484,-0.1101102289677176,0.1298448238007207,-0.6925616760432642,-0.5418526674361033,-0.6494483953826129,-0.44513340903709575,-0.05187778886020378,0.8121073562157188,0.20497994807718123,0.680643671177392,-0.6069381372048501,-0.562159260473023,-0.16510089853576226,-0.26646249541173583,0.40524073613292944,0.22749520981273663,-0.8422720661336018,-0.7350046046238754,-0.8606407366818123,-0.02448444101985836,-0.16633357503817336,0.8432655301043946,-0.2987545548027051,-0.12439535484598818,-0.7458070518377127,0.8951465579690662,-0.7324547617610615,-0.7681489389117968,-0.006718449100036494,0.7836439573317946,0.7081302569649968,-0.5864945880067496,0.7815913262307514,-0.34829691275694885,0.3144020871887333,0.9044676232124922,0.4420050790977871,-0.7799629293544252,-0.6325823680481351,0.5868178972424677,-0.6309719202962478,-0.4715268871936056,0.8059499117863117,-0.37195370495810565,0.10547584441346203,0.41206028332567435,-0.6568636929188019,-0.6861423924084002,0.3344671785432616,-0.21690587639081604,-0.47368218002886087,-0.6690071310514378,-0.4540126566304732,0.662398060809288,-0.5545069032003416,0.8059334571370143,-0.7535651976104325,0.6410185672341677,0.8913865502172479,-0.20811083809913322,-0.8213307711515401,0.1665612929155018,-0.7975499104752588,-0.7345280157702265,-0.7843485260624188,0.19810918133282407,0.5052753703404631,0.9287039296733881,0.8682658099982892,-0.12573660488320093,0.6427682649972817,0.3212377668272379,-0.004807076806328858,-0.502964194753404,-0.4002861896273908,1.0,0.962484522095072,-0.5507471470118075,-0.6949843554043138,-0.40487693721996987,0.42651598870041363,0.3395801394154796,-0.16807816472955217,0.6978344997926389,0.6849571546362461
UGA,0.7020700105659864,-0.4218225359787735,-0.5876488042204269,-0.4688959074167207,-0.5166127985595312,-0.662748697610944,-0.7807682351030141,-0.24690464803450496,-0.8070016183682576,0.8868146103949994,0.8564177132898122,0.6239615255282369,-0.8771043213855811,-0.5092003695286569,-0.5416556137780852,-0.721276754241905,-0.6979618882878587,-0.1858829977981975,0.2414380886701757,-0.2697397564834012,-0.48047456702101066,-0.0277429242786269,-0.10691673365678223,0.7976459376667141,-0.7581019196927987,-0.5861291673377125,-0.7381053490284755,-0.13236766379614728,0.8866522132800817,0.913232896859282,0.8297986138098169,0.5723375312324677,-0.2536764006512946,0.7359247547960153,-0.22451227275774976,-0.6097216127478788,-0.7063632546446306,-0.7887811868127512,-0.6821318645767831,0.05369691852241287,-0.8268422952124057,-0.21253402718895997,0.1317165153094767,-0.10773085618583234,0.4402189868686347,-0.7367808172546795,-0.8400525890601616,0.9116734486755754,-0.7735680953741704,0.16235035065997905,-0.6435108902373123,0.2253838216113242,-0.6474905075174462,-0.640426412288047,0.7831343240133357,0.7917705294924683,0.7887693093842674,0.791057195561588,0.30008906163988613,-0.7923006153312346,0.58945966085362,0.4781096800358079,-0.7760770953447118,0.6863933443765027,-0.8460129773256049,0.4793577935531641,0.49320017707119135,-0.5563652957085377,-0.19459585164890658,0.1395594013162189,-0.6870946364269956,-0.560212266186245,-0.6815079897908529,-0.5173080079566499,-0.12988752652844915,0.8422969943832784,0.2517721214833156,0.6030359240298494,-0.7002724393714259,-0.653481200975309,-0.15431745248685336,-0.27416868774661185,0.39575646717384494,0.3895356944658397,-0.8236859336506124,-0.6820133070274454,-0.8620093591048157,-0.022240703050649957,-0.25344731443016233,0.9145630859321079,-0.2581971671674699,-0.22360181446724026,-0.7109105706292635,0.9207007707883605,-0.6954561544900977,-0.734927690265224,-0.01789462912776929,0.869245410083194,0.7892993451174314,-0.49198533107235276,0.8690901895335513,-0.4177740152501599,0.47719628074749654,0.9163659770534808,0.472155722223087,-0.7686222129722071,-0.7148833061262279,0.5925298851239149,-0.691398812622873,-0.5791898852918704,0.8092628356997276,-0.3234029884067189,-0.026308926898508833,0.41474725612213137,-0.7470129729107842,-0.678748055956824,0.3004894269740346,-0.09556716322746639,-0.6182369809838488,-0.744555353057426,-0.5837418291154337,0.8031891543907289,-0.6945768946995026,0.849655139972478,-0.8160457397287719,0.7038490005522182,0.8948090615223576,-0.18864863946452481,-0.8529736194171915,0.2527045904568983,-0.7736273167502223,-0.742657609916691,-0.7738064406629075,0.3429926373569213,0.4962927721355185,0.9311800705855661,0.8917919152716945,-0.1628485517170104,0.6495309188316568,0.33364245076664245,-0.013522479732926751,-0.3707407845008541,-0.47555967782129693,0.962484522095072,1.0,-0.6074386242261656,-0.7400435773945371,-0.4792384913958614,0.34105111794081167,0.32001748082490233,-0.07550352948665062,0.7714561528523518,0.6887931186792939
UKR,-0.3226000762821444,0.4944177963575951,0.2902111471425163,0.6758894591838008,0.5705850617956071,0.3814161822814429,0.3035936151015908,0.4925240627228865,0.297644963468886,-0.6420605174380185,-0.6466206084852164,-0.14449857575371006,0.5607275916129439,0.03911655266285896,-0.08039381277829771,0.5932271392368581,0.7147346595575763,-0.22702689900868855,-0.19999307730036042,0.5847355081941433,0.19800459564513218,0.0029401759333823607,-0.15840629430480568,-0.4618299354476245,0.4901957527452201,0.08707656552793475,0.5487958421955099,0.3981106849308247,-0.6219777132718514,-0.6004926078086223,-0.436006411655564,-0.26365595463174984,0.41476904821742666,-0.5693089202743045,-0.12807643246774902,0.2468119111396283,0.1537827590477555,0.4756209812437818,0.392028847866297,-0.286528585863677,0.2834978921311513,0.004072881388891614,0.18673352224832562,0.053513399425038743,-0.016729905797681965,0.4959761801756425,0.31600159686054763,-0.37660029567273456,0.3873911826444256,-0.35011903283643986,0.28977442227820804,-0.1374985072847119,0.2463150215846206,0.5158399258102072,-0.35432218367539203,-0.4407423073145964,-0.5464297965076712,-0.5395055192638725,-0.36334444941070654,0.47468572962802114,-0.4745593806552191,-0.42894653633793633,0.3684656355397231,-0.19370926405942268,0.5369714087119322,0.1023381411663884,0.13447799348659084,0.02650896680844983,0.6435537397865957,0.10863033823052426,0.18001614326339255,0.004718691123521079,0.4404574568618437,0.260176431917005,0.10026080474293708,-0.38278063507957993,0.017527201679492732,-0.3677678169793954,0.5113531003751532,0.35837331612254064,0.20065392971525742,0.16200517840923623,-0.01625246319255491,-0.3109753724606166,0.45211643883971797,0.12712750547463192,0.46597403716760444,0.11439690428107085,0.17146103072163332,-0.5238714405645077,-0.17936830323183806,0.2732415668131427,0.5145953999334787,-0.5885126160857799,0.09637054965106262,0.32989253566236565,0.0927051260329328,-0.5025296386601255,-0.5460685687194431,0.16593385944053907,-0.4583115518209524,0.41390343021970133,-0.5191972145821204,-0.5703350031241239,-0.253316528201891,0.3010051196059682,0.4410210464010733,-0.11883407693831005,0.36280757738934066,0.3036456843876426,-0.2811078479381335,-0.23546633067666622,0.155739432763498,-0.08066217139899878,0.6072243276188583,0.28495166056994914,-0.0715444395773146,-0.04398780539506131,0.4999334194182039,0.6383307464695849,0.7184047612159811,-0.5605583175175699,0.6190834766448994,-0.7235585927040775,0.48125125439799865,-0.6513121365377084,-0.5113993386415236,-0.08080493663548638,0.6933961118614014,-0.35998519667937545,0.3611482948710787,0.24080775759618833,0.3129372339000226,-0.3732135216533845,0.08226061988287148,-0.5461302377371235,-0.5945765029867627,0.18225853592132601,-0.1824582603388072,-0.10279080058279777,-0.0452396822022787,0.4162982055100384,0.589812797851972,-0.5507471470118075,-0.6074386242261656,1.0,0.5584732671661833,0.3525202678758391,0.08817218585009479,-0.046199596133822185,0.15410545233848838,-0.5023594925791126,-0.16339903129751598
URY,-0.471379581714926,0.46726917171167603,0.22158133956552395,0.6439469034562388,0.5815248269722448,0.5613733983902357,0.4491852187283989,0.02699717923486966,0.522738584195977,-0.5933266285310239,-0.7580275348791266,-0.3787706436545095,0.5883543421465377,0.19704172698808653,0.4351029316488353,0.426991603000627,0.44873769751572823,0.11904857010207859,-0.1324955144624207,0.5158540350507805,0.10532881563922114,0.012853985554035496,-0.07821401106105585,-0.5548857292263356,0.5548800247804506,0.42147931932591454,0.6702732593868833,0.06909822861649595,-0.594549446379999,-0.5888121272535174,-0.7270832591568834,-0.45279142370243686,0.5192600034431994,-0.36910913592990013,0.4321029079057206,0.7498072044552891,0.5298554431913411,0.409216022693099,0.4227573024533635,-0.01702503392556598,0.6215066369288422,0.24269868781661053,0.016247112956117027,0.21686865696198254,-0.2467997690578163,0.6716959242017018,0.5022757679128901,-0.5962330426207652,0.5710553425890789,-0.12978402780237164,0.5403874108892702,-0.1290143370247725,0.5183566046486189,0.5216181190384483,-0.5127505125000744,-0.6941115347419804,-0.32922101749580057,-0.45870804953746114,-0.3929949119449412,0.6915456682294553,-0.2907157379881067,-0.3829759545382121,0.471602428717817,-0.24852999926094843,0.46717143068651246,-0.3482271437782085,-0.4006058272617272,0.13986465161585726,0.24299364534788825,-0.19798113267056094,0.6440177268312136,0.4958518058971433,0.5221854362446945,0.4345474424311224,-0.049895569516666294,-0.5292607394827087,-0.31184045625001033,-0.6214273831638168,0.45946987172264453,0.3602886167262098,0.43199025657688517,-0.01835176539669825,-0.24310597833725578,-0.4962119461055994,0.5263276121030598,0.483279983184726,0.5988770549088008,0.04088059596892535,0.10143638154611945,-0.6898074068901499,0.15093982861041555,0.10811365542865736,0.5328028279044719,-0.7287554327583046,0.5918202041986602,0.6104588505081102,-0.1318280029740848,-0.7360019381360958,-0.5893722686011373,0.27126800347602387,-0.6304744951623884,0.16743378468833137,-0.4032733482054107,-0.6999731448229949,-0.3802159620398089,0.5344001002538421,0.517627379704689,-0.0636035461630775,0.7266623673124298,0.18623853411436408,-0.47792515368249733,0.222646661904212,0.13220628340516982,-0.35049492237485014,0.33717845733466145,0.531855669477544,-0.0747423580065576,0.3304844154343174,0.362338992659633,0.4176319899628499,0.38038604292045,-0.5840505448710844,0.40262460979154047,-0.6475955047658073,0.5426302848033672,-0.5367778940489232,-0.5504029602597416,0.2470959053981584,0.5089682695069693,0.17001853940382528,0.27101976447187515,0.3160183101176286,0.6247043675613162,-0.41601087154960825,-0.08460497345282492,-0.7189176446386547,-0.6302698042707013,-0.046887760236014264,-0.5905000793000736,-0.4445457104240811,7.174346559823963e-05,0.4343822743848845,0.47022166673214594,-0.6949843554043138,-0.7400435773945371,0.5584732671661833,1.0,0.45046992357125426,-0.33333146344452635,-0.5362102392856505,-0.012008827989218096,-0.712531841022368,-0.46562942546760144
USA,-0.49657311022883976,-0.04227943918344357,0.35274858511371154,0.549301301814712,0.01282265248649117,0.820757768033736,0.55787643077526,-0.060001067401618924,0.538954868764419,-0.48875017874437887,-0.5981870909740765,-0.0014902276567090311,0.4346305535544748,0.2552006047703679,0.4040076112841591,0.18079220612207636,0.23474124955473663,-0.23452773519759185,-0.03933929671825598,0.5611738453983499,-0.02010446847625902,-0.48720307930883355,-0.19465846418342503,-0.5562101431055768,0.817514318275002,0.5403286695800977,0.5767697167298214,0.5973083709424614,-0.3753528912108761,-0.38081062065664883,-0.5484119497702271,-0.5888197675157316,0.4859069759797814,-0.45017470049063535,-0.13272488778867508,0.37190637462499887,0.36877840702592546,0.4778016101856739,0.7739232778039926,-0.41555461601661836,0.5693717803231705,0.3164926311017532,0.036708269429926776,0.386983864399717,0.2500856336752928,0.7000622734978343,0.3373897137476789,-0.4095117311387717,0.5570102770280713,-0.22634475385926,0.7749688395886349,-0.40522045174904586,0.8284750624372107,0.16685219811191043,-0.42393635292737386,-0.779388498386858,-0.5043812475329856,-0.597318231169742,-0.4109654247482748,0.5554827723518344,-0.05612343020735899,-0.5937168478763621,0.3506330294064204,-0.34289916766968287,0.35570584813999373,0.09825346306174532,0.045598775593122975,0.21992002768036734,0.36327381913146195,-0.12031879207117768,0.37656753977693724,0.6918884649344105,0.7321087003193328,0.8176414265092664,0.42649198436362956,-0.26099550485800194,-0.40049537147932246,-0.5064058052430456,0.6900911051870254,0.3280437417224493,0.3348601048413261,-0.2142318037814519,0.06958974949824115,-0.6354400756457481,0.3130796696280188,0.32390985944878226,0.289642489321037,-0.11271476552938697,0.002804065379232279,-0.5652760240852857,0.011135100734559256,0.5384718324291408,0.007095292179410739,-0.6245763114843492,0.30775910495147973,0.20381612834945506,-0.31771849939552865,-0.6997343169448773,-0.7173745764505677,0.06066725266811501,-0.5377369547456317,0.2629665148278325,-0.4942861959474403,-0.5317972651702623,-0.7167902027011848,0.5522456902042241,0.49477588712333,-0.2251802837359247,0.703296338535797,0.28031186390439067,-0.16689574189386525,0.26557382766684434,0.1528718586717761,0.1197905608181179,0.5563566401071541,0.5683009751448638,-0.3811259305589898,-0.09990198401298023,0.30097128591864064,0.5230522212839464,0.7396746407875643,-0.5480412224766931,0.5152716942618422,-0.5520320124241338,0.39798740049311976,-0.5687923876157828,-0.5469254926048435,-0.10020120333784788,0.31215518137134335,-0.20087018162890669,0.29108511012388827,0.2713759480934832,0.5704580008163471,-0.5234691404336194,-0.33413154575349013,-0.5787523343542369,-0.5653638954743248,0.19959724961252123,-0.5762078473243748,-0.6649431344342522,-0.2901571528304929,-0.044456697230166986,0.4426203376792519,-0.40487693721996987,-0.4792384913958614,0.3525202678758391,0.45046992357125426,1.0,-0.13424288546069096,-0.2579142055429293,0.30411974163339484,-0.512822790767244,-0.44070538028191986
UZB,0.3280301516807418,-0.005175892865288301,-0.040542941193976834,0.24313413649116833,0.032371093661177186,-0.13708309354984505,-0.33419386895967795,0.4707477417258392,-0.46686711726864183,0.15517562828845144,0.0999123697655444,0.31284292102574807,-0.37600181749157113,-0.10277543656605181,-0.5424034660107369,-0.2184842889867158,0.028416658503638725,-0.33642361831501555,0.2865964807118311,0.04738179336775761,0.0149285993449918,0.07802270978484205,-0.2654619412066719,0.15641619027153908,-0.13223835288110508,-0.335842721662966,-0.07292270822682023,0.22077010065783365,0.17074938326607125,0.2394168239277309,0.37820418502570075,0.21150603525262146,0.10042289242020963,0.0386661685524865,-0.6489698983135708,-0.5274773002063791,-0.5175226189614819,-0.28204199291319565,-0.1917788092162982,-0.6245208170672756,-0.39620274306362324,0.0262573411759478,0.5062328241992194,0.05984155589118978,0.5203167134096253,-0.3328954993762987,-0.3366416007955664,0.40550644382556145,-0.2587322101076266,-0.25750552354922784,-0.3573455542484494,0.25924214910865695,-0.3336134095637524,-0.0748628899413395,0.42931248874406547,0.24021180150146004,0.08406168919050527,0.09257481428539538,0.08907884436947067,-0.48171247127110073,-0.05245960576536768,-0.033771565147427296,-0.3102051404916122,0.08199927303070365,-0.2318001514644854,0.563118058969178,0.4432408871089806,-0.17173562364151462,0.524769250003991,0.4144926643498804,-0.19205436852201352,-0.1839592292613128,-0.33581623220936097,-0.24547191587638917,0.5023526652967337,0.22716745295095597,0.5836366167656363,0.23776363738577833,-0.13281640227128566,-0.12350945788397594,-0.30033193911253253,0.12698679123080947,0.34201749065245746,-0.1008749582764672,-0.29050248131011736,-0.5183239403023419,-0.35407722039096634,0.18823028920119467,0.027038310686189004,0.20023669838476643,-0.20768194706246268,0.012521962681295351,-0.3505439707606399,0.32177196946038755,-0.6049739789902051,-0.34839384366318127,0.4893168895171651,0.22979904722941014,0.2143053998773835,-0.5846814856887554,0.20475784952388187,0.21373559776025308,-0.11005120213851849,0.28495191080620175,0.1645908522212255,-0.39762128038142364,0.004538675313332963,-0.00213387244519625,-0.19350095134550038,0.10398331368291203,0.3425432822912451,-0.42554236530200384,0.31034427846163304,0.12876257184489726,-0.13251399079544468,-0.462644448224786,0.4936003065851161,0.014783240774880357,-0.19034156668173852,-0.14121725528936224,0.18384158947969087,0.1474169873323452,0.10321884932738545,0.10892277666933459,-0.4585344145802608,0.06202406967458818,0.19753491886455699,-0.49436779974411027,-0.18103123037773194,-0.3688439831137704,-0.3096344744072774,-0.25381167011392414,-0.3464666396345635,-0.12021017632243303,0.33743165618233406,0.3477867578648519,0.16885525979504923,0.023834987436240684,0.6977429055111221,0.38294027995888047,-0.0008540423637914962,-0.26711798366666617,0.1710155133989134,0.42651598870041363,0.34105111794081167,0.08817218585009479,-0.33333146344452635,-0.13424288546069096,1.0,0.3799256952963139,-0.08611859168709213,0.16387210905902427,0.4934260038002569
VNM,0.03539339294810995,-0.03745035990551915,0.26380073498816303,-0.3560486599038435,-0.1666078367834931,-0.25561281077835996,-0.06342717825483524,0.3371445449440149,-0.1601040644521281,0.17592279556981483,0.17098074320544665,0.3541264640860248,-0.23177631257904374,0.139034984310893,-0.43413671321589575,-0.1964074988700737,0.16078872620378548,-0.2792995474500397,-0.18109696224839933,-0.2969580658219879,0.12267292265472096,0.16300326240521734,-0.5639600944822543,0.050150798541599095,-0.22079097286157934,0.07666631574296756,-0.16072897692532417,0.24858012419054265,0.1503938229310342,0.08883191504555266,0.18549976761596043,-0.046499713589099434,-0.3527526398394316,0.02747489932146152,-0.5444657666614834,-0.3987477400580757,-0.2338627263035944,-0.03680304266699119,-0.05514818011171574,-0.25894780773235215,-0.25530708716780626,-0.21222608496260964,-0.003581399567663457,0.0549851960832094,0.31999769666752886,-0.28174778654279553,-0.14540976409024942,0.235369766493008,-0.2055490618303757,0.015342991529415317,-0.31180493610103355,-0.023086955067245674,-0.2555409327898963,-0.2260005760043342,0.4020715282965017,0.24462333313147466,-0.09028069650034198,-0.03292927100763188,-0.16182543540235184,-0.4143477758678189,0.1752671275647676,0.04068787824979225,-0.26078735121985197,-0.04327450180591019,0.011403798275906984,0.5242990578683567,0.4188595014328437,0.2315066443994026,0.06147029865063203,0.08180928832150225,-0.3787086307621941,-0.3829707616647524,-0.2239490924620997,-0.14835981764322725,0.23687018939513083,0.02357673302474972,0.33664834120507203,0.7278592283330038,0.08051364765257163,-0.13623223781125238,-0.17465574783565896,-0.19002164617459383,0.34186976817381287,-0.06644968460227374,-0.030883851944861318,-0.11844576876000179,-0.23963622552581043,0.1531614008454466,0.08621927303354715,0.14569612514437957,-0.16692433322189482,0.3743432938255369,-0.1036478326195871,0.296349123210661,-0.2526771015994653,-0.49002358746358965,0.39579819879699496,0.26288222647311665,0.14255246730415583,-0.08024920785187617,0.04651656612107091,0.555696916670772,-0.1875147085700275,0.2367295426930811,0.18027436974348265,-0.12706167254699707,-0.12150336876270385,-0.03592423391850419,-0.3418358834673021,0.06691591534519026,0.1279618593753321,-0.3428330011801113,-0.04396887973471553,0.3553767100065569,0.08067117503929999,-0.1174152538069142,0.3837297736305929,-0.4511482570686174,-0.09999582599369705,-0.044373444472118884,-0.03725552989299841,0.10857511834124423,-0.175879950173512,0.24868324333096636,-0.08789278178449433,0.190944902733583,0.14295555780389202,-0.30203841682144095,-0.13036811782355429,-0.45083000317474986,0.0518611274109575,0.01914179151166162,-0.29083288917783556,-0.10472424683301762,0.07937816839905609,0.3008241702612704,0.13381049827602998,0.6419083746259857,0.42047453538647606,0.22288914042778596,-0.14333500901122131,-0.22542997997266712,-0.06696525806356912,0.3395801394154796,0.32001748082490233,-0.046199596133822185,-0.5362102392856505,-0.2579142055429293,0.3799256952963139,1.0,-0.3625402670954161,0.16458350449251968,0.05404505022498041
ZAF,0.2796886643881642,-0.25447168787305596,-0.06724399427609118,0.16144012095298965,0.13831075923441205,0.09931389932927659,0.006346786066014909,-0.07033024716293634,0.03836728169871928,-0.1639955923016292,0.002871514255597174,-0.07314316256918296,-0.08712595636086884,-0.1833099649915697,0.14274979158660983,0.0964646387090371,-0.23395183533632857,-0.11296680642946022,0.0987872546284232,0.42715716520707403,-0.07108631207708882,-0.38565100678598374,0.6080839811893619,0.12043712786394156,0.23870549740967006,-0.08497407640684385,0.05372695364421176,0.051242308750629295,-0.05809603300151012,0.06566587441219829,0.11960216473154717,0.3587190073558102,0.3631015776468485,-0.1708234113835838,0.05854456632282656,0.13592074063140946,-0.046140971667269826,-0.1940204134080854,0.04953339914259969,0.3202645178585828,-0.049560225973821925,0.14072335892667187,0.32150711218132555,-0.29701421740813516,0.16952344365889105,0.22870056951033568,-0.10538962148836206,-0.062327088461650026,0.02518123269777106,-0.02831576925510504,0.16330299065329412,0.3015855590564964,0.11181040813123166,0.062171141998599855,-0.1504301737554834,-0.030883375538429014,-0.03973965216769404,-0.15228266249662759,0.33881889166562007,0.139045036369571,-0.3631285739846084,-0.021702936469805145,-0.09783937910411011,0.24542163390943428,-0.2015302172279081,-0.050590118120301675,0.08552634193351061,-0.180839563536217,0.2402265976448139,0.350654343402762,-0.07246156448301244,0.027613241040613246,0.09370486592141847,-0.004585174629306188,0.17113286001769445,0.12106323967074373,-0.1694369564014051,-0.5401646407323621,-0.06574966637920632,-0.08284859055543636,0.13310443932225113,0.1408859514670644,-0.2341009426053846,0.3986491122525757,-0.06279231241877126,-0.06269884808475923,-0.07127450866854401,0.07375871005058365,-0.5503757036185544,-0.026088020627867525,-0.22017876876311382,0.005367859119515428,0.008444958889720966,-0.06094465360404966,-0.20994520148479867,0.07139085201615814,-0.042569022194223205,0.008529252555952382,0.07933209854371459,-0.03024605711844086,0.04273668876089398,-0.10466983683855147,0.4786145986480428,-0.16817321743003655,-0.2750549833919882,-0.040751638249320044,-0.11530440105880158,0.08710407976850942,-0.1268107594551351,-0.19042445945539233,0.09876764048318987,0.10763794865053167,-0.07885570212893578,0.04492466509800774,-0.11086201556217556,-0.09454494519308887,-0.1344505632816484,0.36861490713818446,-0.25796053260321883,-0.047964362704083996,0.18727157551162865,0.1407670385767843,0.07728852670953823,-0.13044316615355056,-0.16494747824928102,-0.36113666388508525,-0.10574378591394051,-0.3365789099364116,0.04524640279239622,0.017986115414669435,0.017860613400800363,-0.22901260669384338,0.06854664343425165,0.4451833166189414,0.03436447223565808,-0.11592972642449784,-0.1496006992147778,-0.4355433637460482,-0.1392444248916136,-0.3017556137359996,-0.3909115331167521,0.3392414264763086,0.19685165922441672,-0.16807816472955217,-0.07550352948665062,0.15410545233848838,-0.012008827989218096,0.30411974163339484,-0.08611859168709213,-0.3625402670954161,1.0,0.1027057228575996,0.14780459722110495
ZMB,0.7872867821908347,-0.5846580250150901,-0.3472638269415711,-0.3597434506371231,-0.49956000604535133,-0.7209245458476168,-0.7186651211650377,-0.05176226094999414,-0.6566533469905169,0.6529862548704207,0.6866572064534721,0.4053985939643686,-0.6712990362984921,-0.27336685444619624,-0.5849022185888746,-0.6297856689310151,-0.5277983604265333,-0.24896192319916466,0.15890259014289143,-0.30300197997384903,-0.2398336332640829,-0.14325478032521732,0.2672060431004918,0.7144566549879272,-0.6624119579351349,-0.5029538556251105,-0.645678252305562,-0.2970046550924217,0.7347823132573045,0.7276013523543047,0.9277912395637643,0.7728950066933705,-0.32149165576673444,0.37844957353960074,-0.3059448146908559,-0.6391035353764192,-0.6130336398154648,-0.6297390465434636,-0.6308069234522278,0.2732263154737835,-0.7253703410062542,-0.06500546946548491,0.10446867426238071,-0.38651860000822613,0.19623458309558095,-0.76967480085202,-0.6643112353746567,0.7200548086402616,-0.7766258024360677,-0.18703250773485558,-0.7025811037961287,0.44781864242683134,-0.6875258768606374,-0.47099102949613014,0.6779979766518864,0.7788943300182173,0.6337954689061689,0.5417460281760693,0.5886919972846619,-0.8013541506494941,0.36166984067477337,0.5085646901268343,-0.7392284304168182,0.6202682935360617,-0.6687704520014175,0.2759577869059435,0.3066708559604753,-0.4219455286347171,-0.08881915975637678,0.38816665239719517,-0.6644306158464843,-0.5663946823225423,-0.7232803055830268,-0.6239050324759834,-0.0681445593465222,0.6221298245859248,0.2526283064763877,0.47706783050956947,-0.6870301179460014,-0.343644561474705,-0.05209879527280403,0.11299898002121767,0.20311525228220317,0.5226106969299634,-0.6415696623252951,-0.5017009068164184,-0.7457631662264603,-0.26929616846484716,-0.2805371721185044,0.7862578561402906,-0.2621730820486041,-0.14875700486985988,-0.6178925786648093,0.7378910786393886,-0.5619022782498471,-0.6186857983555647,0.026954844118431853,0.7653230104780205,0.7470148166219177,-0.4029077557652987,0.7132882820671389,-0.4106658634371698,0.45425050263730604,0.7057630368794163,0.3894730848679735,-0.6777164379743184,-0.5485892400987957,0.3511910490540916,-0.801887228596635,-0.3607912699520299,0.5885302975333692,-0.21918651095638575,0.07204843242190773,0.22336130050152514,-0.6204140675237029,-0.7357301479022351,0.23591085361276465,-0.043356232589669474,-0.4385433755200232,-0.6560612461756623,-0.46104321158010686,0.6404158652709289,-0.5183769776350826,0.6311305722505058,-0.5423461420184956,0.3664113135252193,0.7337995852674757,-0.08143617419071791,-0.7193290194722048,0.11695451518710342,-0.596660501010049,-0.6093707117773555,-0.7027551875097342,0.3429232508885941,0.4916818538647927,0.7915121070177572,0.7413894084506062,-0.34154368425216,0.5469677573932104,0.5223576071288434,-0.16429045885115245,-0.37080937531459623,-0.2740189624605196,0.6978344997926389,0.7714561528523518,-0.5023594925791126,-0.712531841022368,-0.512822790767244,0.16387210905902427,0.16458350449251968,0.1027057228575996,1.0,0.7731946093346108
ZWE,0.7922281356324248,-0.21684469697627873,-0.46719735186898603,0.07071204016638233,-0.14975297490136508,-0.67163690572499,-0.8476243910425096,0.20998676287457607,-0.8552367980326905,0.5763480272534017,0.5156339579784684,0.5007104342426164,-0.6717584303598776,-0.4651190427852725,-0.6645237111276789,-0.438153170652988,-0.42150591591955955,-0.24337615427426362,0.271093687773043,-0.04265947530394887,-0.27860090486371103,0.00795218343770121,0.175945939004434,0.6926369306382992,-0.6121191612665358,-0.6838741393072576,-0.46554112896236943,-0.1650597724054761,0.6419560800964107,0.6603897220260092,0.8112714991673863,0.7357809833894163,-0.013251582922546357,0.37462103187753626,-0.36390566083171905,-0.6010615285948431,-0.743815358079563,-0.7252617763304707,-0.7345693016461858,-0.014585466326693997,-0.8400330994243264,0.10685970297965375,0.3404037303479611,-0.32261378012400876,0.3959131427473426,-0.7183694932340106,-0.7382104015859579,0.8131655109446045,-0.7851262915187212,-0.34999025949765716,-0.7813997929511227,0.5042847413058492,-0.7771670276436513,-0.2215127374236694,0.7329993208273153,0.7078513234525541,0.6518850972375226,0.5356848831802723,0.4641995935047054,-0.7572231870934898,0.2391782760554787,0.3679120853707375,-0.678975616641678,0.7395740452737303,-0.7179928274571152,0.4373003038402452,0.4685272263469884,-0.5757843068158308,0.2784557198292359,0.4249333670200719,-0.6205764775172997,-0.6616701154425397,-0.7196826662668703,-0.7106514986930816,0.08052731944910918,0.6718158302673088,0.34235236606095454,0.3145480227788515,-0.6837471751657949,-0.37643978754016394,-0.03139066345920938,0.19786804632328658,0.2969537644296816,0.36825261326174985,-0.6543436214485276,-0.705957766847527,-0.7210661517226313,-0.1606559140557129,-0.15228731667672912,0.6780511596658969,-0.26224052933146713,-0.2867870914652968,-0.521366025933903,0.683816971319633,-0.7379359911689121,-0.4962753385981362,0.14640447390537603,0.619804118111461,0.6555620685656532,-0.5551474187636685,0.6792509322451421,-0.39488481368085937,0.3297417841629231,0.6285074251113073,0.3782020889530089,-0.8495105696570127,-0.46607494075981504,0.4795233562402922,-0.6883880241581162,-0.37851469865263354,0.6880879859914348,-0.3364492908955379,0.2738566873028794,0.11560349130183034,-0.6087639937550586,-0.8529852312832702,0.4253319499665962,-0.00818874612758691,-0.3509420480826415,-0.5745063605964049,-0.24359918554701876,0.6167949087372142,-0.2887586104836295,0.46022409713518053,-0.6019655429406399,0.18777596809856723,0.747297109289661,-0.24252351214688406,-0.5652368903401939,0.08067531148285711,-0.7447579065368257,-0.7396704585252829,-0.7902426824511519,0.2733587242242601,0.7023737797949892,0.7427437047119825,0.6536951061912277,-0.49364613731436324,0.6903321793019078,0.510733026376325,-0.15310797017457922,-0.30864686222123927,-0.01948748721034077,0.6849571546362461,0.6887931186792939,-0.16339903129751598,-0.46562942546760144,-0.44070538028191986,0.4934260038002569,0.05404505022498041,0.14780459722110495,0.7731946093346108,1.0
