"Data Source","World Development Indicators",

"Last Updated Date","2026-07-13",

Country Name,Country Code,Indicator Name,Indicator Code,1960,1961,1962,1963,1964,1965,1966,1967,1968,1969,1970,1971,1972,1973,1974,1975,1976,1977,1978,1979,1980,1981,1982,1983,1984,1985,1986,1987,1988,1989,1990,1991,1992,1993,1994,1995,1996,1997,1998,1999,2000,2001,2002,2003,2004,2005,2006,2007,2008,2009,2010,2011,2012,2013,2014,2015,2016,2017,2018,2019,2020,2021,2022,2023,2024,2025,Unnamed: 70
Aruba,ABW,"Inflation, GDP deflator (annual %)",NY.GDP.DEFL.KD.ZG,,,,,,,,,,,,,,,,,,,,,,,,,,,,3.59197006652872,3.10843918798423,3.96254301358969,5.76986990784422,5.61485982807162,3.82233511678332,5.30031405765243,6.28797536126895,3.37583749127457,3.25948642303557,3.70423775271973,6.59295050184228,2.19006066092493,1.03610080269524,-2.83550241253081,4.43468813342022,3.04904620110997,2.80990970893053,5.06749722968669,3.48434619543613,5.16689296887391,4.26244900176589,1.70328044813839,-1.22340655068425,4.00567421402882,0.184032701346126,-1.99594849465619,0.871011342731578,2.4645534438519,-0.528141045675781,0.147649480345706,2.64481426494012,0.937897399695473,-3.3421952854823,2.23569671078552,4.09505853100598,2.83604175500525,4.14429063164181,,
Africa Eastern and Southern,AFE,"Inflation, GDP deflator (annual %)",NY.GDP.DEFL.KD.ZG,,1.93394654573322,0.596607181612448,3.1500527743382,3.72697762199365,2.96282610936525,3.44451810994963,1.77938415094959,3.22709425782461,4.66069284074163,4.9375235930307,3.27935307157383,9.81457603484345,12.2244748984293,15.1283461204314,11.8844308782838,9.53063246851585,10.4081011819645,10.5402897346017,14.5712374011678,19.2052947603321,9.28188954216282,9.26424806661188,11.2297767239743,12.7347557716885,16.1443312605572,13.9165769085529,12.6940698241788,20.1526012665392,14.8392839136103,11.9939039075081,14.9789364251954,14.6406552101884,13.8705025939746,17.0164147872542,16.1027117424962,15.1761803358905,10.5450486551459,9.10917293901807,8.00644269547142,11.1173058824862,8.24338668884927,9.10241454376863,7.8067408729751,9.60039256006742,7.62368935878268,7.65225430526529,8.24576476611674,10.961412407556,8.28143239106254,5.88302203486953,9.74570998523772,6.11915429388373,5.74217145952518,5.40353538297499,5.4351166708285,6.85841639829724,6.07507209721174,4.32175867770079,4.24217010556043,5.37528980301067,6.08815281141383,9.01334146505742,7.91600183099048,6.94861729017868,5.84511682379794,
Afghanistan,AFG,"Inflation, GDP deflator (annual %)",NY.GDP.DEFL.KD.ZG,,,,,,,,,,,,,,,,,,,,,,,,,,,,,,,,,,,,-11.7745360319214,-11.7745360319214,-11.7745360319214,-11.7745360319214,-11.7745360319214,-11.7745360319214,-11.7745360319214,6.12552202910163,11.655238221181,11.2714320572149,10.9127735503048,7.19975129292388,22.5277562007029,2.09628875042125,-2.16340442746143,3.81463031545211,16.5933467401627,7.30175646760432,4.82278547876986,0.56694454253261,2.44756300147404,-2.19752646733461,2.40365618765746,2.07134857783487,6.52147984832531,6.9629462552564,2.83899625081041,9.40623933931322,2.92366213121669,-8.30513956740795,,
Africa Western and Central,AFW,"Inflation, GDP deflator (annual %)",NY.GDP.DEFL.KD.ZG,,3.2784459977796,2.48595550659356,2.78147914636031,3.38106058115134,2.40502608843418,4.1387525312238,1.22775183399891,1.62794933529351,4.21395854238529,3.35065176133496,4.18919648768647,5.14581076875683,7.61859793514425,13.4225905212843,8.5868075308184,11.3197643284877,10.8719879924002,6.61649466282473,10.7617886745716,11.0012811184527,9.18908450527577,13.4846849282177,9.16941829788771,11.3150500363978,5.63984013171798,2.19410141158399,2.35651163978967,3.69277055172387,4.2082397267161,3.30028953187186,3.3128057536516,0.96660633379912,1.78126429933232,24.79419518496,7.39692068899853,6.91042721091192,2.14440148702548,5.39959129684851,4.45269303071024,4.81543026105047,3.86179519283827,2.67339738740157,1.71882163202884,5.72415233105264,7.23052110383789,5.13410373917355,6.16324892991316,9.64445807905694,1.48940469192029,5.42501129598723,8.31363270258383,5.08156070785505,1.55402532167179,0.648899894966959,1.91155452817166,2.14211199262888,2.02599486446284,1.80058140705531,1.35862850854981,1.98495225793653,4.95604217983081,6.97625920341339,3.4850521916186,4.4282974923572,2.75384932320785,
Angola,AGO,"Inflation, GDP deflator (annual %)",NY.GDP.DEFL.KD.ZG,,,,,,,,,,,,,,,,,,,,,,-2.10030616696167,0.0,0.0127635583873342,0.0011881098994592,19.035205740794,-9.01306191994351,9.82331134996667,2.213774449487,16.2796626853839,14.0074398272594,106.30998227052,476.5157508532,917.783468423258,2175.97895508836,1825.49514901624,4800.53164412695,95.4530221798962,39.3593483236205,557.501113098209,418.018991532986,106.352125499959,236.345743405951,94.6072611329128,33.3823237218334,40.1364510961284,16.8144177393801,5.17451412383001,19.4273825039773,-14.2712785835127,28.670799910363,29.6448791405981,7.11226963719041,3.23350803752567,4.0817318808473,-2.95734582604562,20.8685538437151,23.7259625965011,24.6216242094767,20.2498562671205,16.2304798715277,35.5994929753605,18.0677653931336,19.3339813816209,27.8748539125374,20.4948074752163,
Albania,ALB,"Inflation, GDP deflator (annual %)",NY.GDP.DEFL.KD.ZG,,,,,,,,,,,,,,,,,,,,,,-2.13957198618195,-0.017719099620507,-0.0167551716366177,-0.0283602576437403,0.351222347837975,-2.41730042881592,-0.0003060929208658,-0.0005785792721297,0.003679160161127,-0.431368812605996,35.5142469536257,232.984658847733,125.650814248279,35.8424752083152,33.5170816036326,16.9344096030553,12.7559380021331,7.85515459177739,2.78507709416616,5.91957346525058,3.76594531101591,3.90388141100428,4.93749255224851,3.09536654638973,3.14370505375079,2.68476832531357,5.14956776072877,3.49863912505761,2.57034008938903,4.12744389120799,1.69479180198789,0.226739790649205,0.352563785277709,1.44342053888136,0.771576290611591,-0.864265221201691,2.72506918540461,1.45328722509015,1.00063285556122,0.0410649985799267,3.4442567503793,9.86160992016288,5.73390704564409,2.35318090275747,1.44541215871111,
Andorra,AND,"Inflation, GDP deflator (annual %)",NY.GDP.DEFL.KD.ZG,,,,,,,,,,,,7.84587099758265,8.51807767365098,11.8494338124947,15.9452014096622,16.7817953953987,16.4898572074663,23.3830925555267,20.63104141592,16.9316890399132,13.3548138413184,12.3511731944832,13.5823498012472,11.8842353012303,10.8647343940798,8.59546375926088,10.8788152026056,5.94419881956037,5.9361249975981,6.89620711872611,7.32624369631456,6.93514835426407,6.71076896051142,4.53723214675858,3.87985832158631,4.93312104936552,0.797177729321263,2.22816030666122,1.49955384331271,2.73197952535102,28.7415528975991,3.08053517916559,3.23953176987777,3.17748421556476,3.04242399802695,3.39610212995052,3.45718408670396,3.21122734131436,2.27433831984322,0.132136132405464,0.374313758110119,0.196764152031051,0.174556905779482,0.448492200194735,-0.0840193165570753,0.660588959137868,0.347795381575793,1.13650934319639,1.01247848005298,1.37475350829189,1.11378607410401,2.5588606935971,4.23665226454663,6.29560082401824,2.78151511775771,2.63499321286311,
Arab World,ARB,"Inflation, GDP deflator (annual %)",NY.GDP.DEFL.KD.ZG,,,2.01537452545222,3.29617204048334,3.19390148594043,1.50133145684521,2.75119762106486,2.38960219490593,2.75484922141703,1.06482414619673,3.91033373750788,7.35709355603809,3.14290859280182,15.2464081259903,34.6065505598652,5.59914413260866,8.62978218612457,10.3700771762442,4.16044832252977,19.271855817196,24.1580815878628,9.69022347360302,6.36523697789982,6.88749696075298,6.15154702416287,2.64308471682502,1.98493777714359,9.36808989082694,4.17732445143669,7.97612484555611,12.746316604425,7.44099981033727,5.71674375604082,3.86316291751921,7.60245219663038,7.53840293949897,6.6575593258175,2.75712224933042,-3.13108869936045,8.44338289711568,11.4595963322901,1.86769984238948,3.77082702957941,4.93219036234238,10.9375404710505,14.5852591731795,9.09689033573741,8.04654705838685,15.9501462001506,-2.78048007101317,12.0069509099953,12.3038189569919,4.66181078103054,1.752124423908,1.08243261959311,-2.11493492392434,0.896763976943191,4.81838081736047,6.86615222223973,2.36623106515972,0.361568755074615,12.6339514297121,12.5905319290861,1.99217504255009,4.16750069443527,2.70477224402343,
United Arab Emirates,ARE,"Inflation, GDP deflator (annual %)",NY.GDP.DEFL.KD.ZG,,,,,,,,,,,,7.098364562807551e-09,3.5091431982436903e-09,54.2528269904672,138.263492562272,19.0006951966339,11.774800731801,5.25465571046799,-3.66083593496607,7.05095025904427,9.51644378512439,7.05445934317814,1.31257726610939,-3.61764570610001,-6.0977967367193,0.740948106755241,-1.69898679625491,3.68594734295952,2.38132842866652,1.75093876297277,3.33606190340068,0.810754695913516,1.80673801683757,1.27827853916484,-0.262555900870481,3.90756366335978,5.77297235799217,-0.952306573699772,-4.25445865594712,8.44338289711568,11.4595963322901,-2.34924409910494,3.77082702957941,4.07257463109619,8.50114189800502,16.5264069338531,11.962186130613,12.5339471834495,18.533373509202,-15.1829798843058,19.4576082350439,12.3038189569919,1.71870142746712,-0.601859679906511,-0.857347446047513,-16.0597980539113,-5.41833849882184,6.80476909706682,7.56762608058783,-2.74219181676689,-9.85387330858988,13.1268525834757,12.5978571520875,-2.02049184324265,1.62664333887908,,
Argentina,ARG,"Inflation, GDP deflator (annual %)",NY.GDP.DEFL.KD.ZG,,20.3106975290508,28.8718416496811,25.5911543466798,28.7746173194355,21.2329349264853,25.603462425178,29.0182629355813,10.2753105598205,7.79583003393792,6.46787463920629,31.2710638842292,64.2447859149364,65.535287370144,30.630441370412,197.697364543187,438.322779739816,159.42717769645,161.372172004157,147.377044034473,95.7904246128352,105.276366380064,194.535299663443,380.158528521919,611.196303891913,607.447497830085,77.2922366864133,127.539918059086,381.24634440952,3046.09115201119,2078.31681806978,140.502378661012,16.0719935356945,-3.56109557576575,2.84933971509302,3.16512339016516,-0.0523754965904146,-0.46391313116429,-1.70527962400085,-1.83655839220664,1.03728710073175,-1.09576771833679,30.555204053903,10.4957030215496,18.3633542492033,10.3175111982406,13.7410524859152,14.9399250245835,23.1711649813124,15.3776493708921,20.915124272047,23.7034721839593,22.3148806733049,23.9487984162746,40.2829716315506,26.5799916024707,41.1193799882279,26.0063792819079,42.0336689575031,49.1955790596612,40.0830878011993,53.8020877665554,68.9938267692314,136.742358437599,207.605241734472,39.0888939191528,
Armenia,ARM,"Inflation, GDP deflator (annual %)",NY.GDP.DEFL.KD.ZG,,,,,,,,,,,,,,,,,,,,,,,,,,,,,,,,79.386104296155,568.807295439343,1391.16654315168,4107.29676994743,161.163917579159,19.5917703052133,17.7359944945837,10.6984977562983,0.0538040809325366,-1.37367599828147,4.02796948177824,2.35739901911141,4.5985157283794,6.27859410767147,3.20875666635281,4.61801250818827,4.2778755387818,5.98956236068734,2.49725307891563,7.76871548067652,4.28154999826118,5.34580441814725,3.36682464224465,2.30918242990974,1.21390990471085,0.268575076501392,2.15064189848613,2.78770951425761,1.06562263923419,1.80659270159933,6.90051365787157,7.98587852828175,3.10027629995311,1.40106081544975,3.57056205349267,
American Samoa,ASM,"Inflation, GDP deflator (annual %)",NY.GDP.DEFL.KD.ZG,,,,,,,,,,,,,,,,,,,,,,,,,,,,,,,,,,,,1.36505293715847,1.36505293715847,1.36505293715847,1.36505293715847,1.36505293715847,1.36505293715847,1.36505293715847,1.36505293715847,1.36505293715847,-3.25907462221531,-1.36558343263874,2.81367521367521,3.16061220726536,11.0593351972663,25.776397515528,-15.3648895532304,-0.52356020942409,17.3684210526316,2.24358974358974,-0.962160294226521,1.4697327650683,1.40582171236608,-1.94089005769675,1.69536107125778,1.74828930007058,6.72878072142282,4.8425556863277,14.1527648578811,14.1527648578811,14.1527648578811,,
Antigua and Barbuda,ATG,"Inflation, GDP deflator (annual %)",NY.GDP.DEFL.KD.ZG,,,,,,,,,,,,,,,,,,,8.81996229069382,15.1778796353778,11.7345572818695,8.64317843441597,11.5100019050635,5.41388116157681,4.20115727949533,7.85085132660812,8.32786636854932,9.32513579802401,12.7269772252185,5.12004519712879,2.09763423897181,3.10699169399872,2.93098407023224,2.31581033389783,3.58825349893796,3.04812389047835,3.41062587603929,2.53022449283509,2.68069567063766,2.01107899387343,1.53551541337367,2.06377797050716,1.27445123153045,-0.479330043859861,2.34864791991988,4.67849833132598,1.11767223101916,4.36932052926873,4.7383581938649,1.109636064732,1.60741690564493,1.13459175890502,2.55082056964062,-2.28757187039086,1.77707213641139,2.80180153658335,-0.475117518871471,0.31653179289151,1.44421842084309,0.712335041612306,0.781653570303064,4.91927458082348,6.83691046230426,6.49046469953581,2.66285878537451,2.98416170074209,
Australia,AUS,"Inflation, GDP deflator (annual %)",NY.GDP.DEFL.KD.ZG,,3.22083571669198,-0.0744447699706683,1.79064611647249,3.28049815181089,2.98334374511755,2.68694786678935,4.86118201297703,2.25480966219536,4.74974354281493,5.13307385938874,5.18548237066044,6.19192346173496,8.97920339219074,16.372712996926,16.4916465318592,14.0219588131671,11.4179153243185,8.2380425731523,8.63469105068195,10.0163743919369,9.52564716059261,11.7056487069934,10.1588373853176,7.86237717289235,4.68222720600157,6.54741952828913,7.03264088129119,7.17607798189694,9.22878312753963,6.10275272525965,3.0250728041124,1.47952540737002,0.867009464791877,1.02436773570732,2.29363374838722,2.71252593859086,1.26950238107841,1.13864487565532,0.481468519255969,2.55398372580686,4.6410705877846,2.84030561949049,2.98766102822479,3.23097888916325,3.82504038533557,5.11166391727404,4.98460606552011,4.56770652387168,4.99158692120147,1.16518778810975,6.19890348463792,1.79728622285839,-0.13127264372919,1.41703057182264,-0.627407934606055,-0.673417495929741,3.64623358006087,1.84617555303311,3.47660031414854,1.86583412216189,3.06066984761631,7.1995443407201,6.45944110641071,2.58838430384326,2.30765889016192,
Austria,AUT,"Inflation, GDP deflator (annual %)",NY.GDP.DEFL.KD.ZG,,5.08715400728579,3.34020372632719,3.67826587227786,3.18378849584403,5.32141583030349,3.12236606320504,3.24776295903395,2.83803233122259,2.73357300007657,4.7420973824369,6.2043731872716,7.59993232918492,8.04554332728978,9.50213882201638,6.457776038162,5.62491792598954,5.19871310605001,5.99301585188026,4.11437074998898,5.5806284791783,6.71666904622006,5.35528952975623,3.47278368657844,4.94977323362313,2.96299532966935,2.95099763334878,2.43694801180838,1.52685526836818,2.96476071992421,2.99968051452424,3.64187130431861,3.47909350597352,2.75708415524119,2.52494338617741,1.81391797405659,0.960435922758222,1.26254390282013,0.482062104538755,0.219322750162448,1.36731376651514,1.93728378622546,1.10421528982809,1.26700269317527,1.72796196359026,2.53196784657297,2.04461997957617,2.25927088756023,1.93379071320683,1.73939280154138,0.891338694909649,1.81993743804168,2.09166476490424,1.70872288191161,2.00674413208939,2.29263470154871,1.81475082333313,0.975317906732371,1.81047996133594,1.47368502823586,2.59313253599376,1.80187299270295,5.02343156333271,7.1747129124039,4.08681239792917,3.15472771366517,
Azerbaijan,AZE,"Inflation, GDP deflator (annual %)",NY.GDP.DEFL.KD.ZG,,,,,,,,,,,,,,,,,,,,,,,,,,,,,,,,83.5495126683364,1065.32923018531,747.12452012683,1386.06739767987,545.656352266205,26.4191629382316,9.24250444099582,-0.96513336719066,2.16214167529371,12.4927738128452,2.51501022581932,4.21438623360075,6.96146570847378,9.25196510735844,14.7234965182528,11.3291883280721,20.5824829861483,27.9710361142048,-18.8992282423298,13.8276658365282,24.6069496884519,2.84498268342621,0.413163922120958,-1.33020421239041,-8.80961556609952,14.6283389647903,16.226204549171,12.1844330031831,-0.221652784964604,-7.49363345867255,21.5888365787351,37.2707211293747,-9.32261504785629,-1.34423961292765,0.572911593494212,
Burundi,BDI,"Inflation, GDP deflator (annual %)",NY.GDP.DEFL.KD.ZG,,20.0774363431424,-3.56741645307069,4.68714930026979,5.4172175752595,-1.02936377839632,3.15203396174695,-5.31798617192774,3.05681315002275,5.36187983493693,5.18451180666659,1.38021894639897,4.29080997127038,5.51044247050103,12.4551776403177,21.0869057883016,8.0749482461168,14.3041256060103,12.5077052224577,26.1307076116281,16.3840243620867,-6.0633150865134,5.67202154795532,6.4285488030003,17.2161949890367,5.06883898015293,-4.25741423815771,-3.41779507858824,3.49122270126601,14.7571848169704,5.98556154520156,4.09314079275475,5.40176069954681,7.74264567579905,6.63844545647953,16.1027117424962,14.4531114060499,32.3977892307747,11.4505560048054,14.9541402608853,38.9448932030909,13.7164067920133,1.02785857373888,11.9457486448591,13.1461593314354,18.8415894769233,2.84566633376673,8.28117854828434,24.160113780108,10.1164694090146,8.95751467638721,8.3723788158744,14.0294146140309,8.22964264584481,5.30226734051318,5.99154257354965,6.33813181947818,13.2721096528668,-1.53825722983987,0.293494889306075,14.4320666058373,11.1309790626874,14.9591687062584,19.0522015163812,18.5946790364748,18.224682752781,
Belgium,BEL,"Inflation, GDP deflator (annual %)",NY.GDP.DEFL.KD.ZG,,1.31546884980634,1.66769228209647,3.02579659064443,4.64242629294338,5.10071258480824,4.08601502670803,3.19343066221288,2.62028946625423,4.02382602206764,4.54619556481131,5.35821772626441,6.31781928695352,6.80698658888768,12.1683396872217,12.8897231719682,7.57526298214688,7.47806026941859,4.42325000620166,4.50524128288701,4.12659695307862,5.13919698398449,7.57041625336508,5.61285004299388,5.43871760682222,4.62774206584977,2.79678093169639,1.68411075658794,2.16899005119461,4.79745736975174,2.81240381117954,2.87662434284985,3.42452475554731,3.99323167827308,2.09430484552642,1.22076961059385,0.476638370360092,0.757610794464298,1.80561940538095,0.598922533902964,2.01459208675317,1.98281811777269,1.63999808262712,1.85011626988718,1.91498861024229,2.08307333949642,2.26471618933262,1.93167835957435,1.90886937353629,0.781821174283053,1.70310444520605,2.29252172328242,2.20573642403188,1.41248965471736,0.840395740063599,1.12183851916816,1.89528913569444,1.98316343604859,1.71728236623039,1.85424076568934,1.59611667576401,2.69731875410955,6.69902524819976,5.50779389634111,1.88024411217241,2.55691476232489,
Benin,BEN,"Inflation, GDP deflator (annual %)",NY.GDP.DEFL.KD.ZG,,1.04143567396571,3.7805611339427,2.54904113694245,-0.363671991954803,2.05762046368159,1.13666559901029,0.141072430094951,3.27352495312587,3.4541955241058,5.04704693755775,1.57328377262995,5.31722607727731,4.82273994136393,14.9207099075904,14.2469357612696,14.0354300183818,5.17688681033776,12.3344589560374,13.0046858245988,10.1878198573196,7.4689482651344,16.148284015281,4.74620974295648,1.95358095750957,-4.8769817363666,-3.6041725823892,3.02845985259779,-0.610506907481181,2.2249344566343,2.17659692554506,0.756620150311463,3.0251344649124,2.37832182418319,35.0301127836754,15.0994519080227,6.90729366487193,3.66750917412438,5.23160474756106,48.3425433908146,4.3410556635676,1.97028558167254,3.55421325456054,3.06170412441227,0.769711003809874,4.29366413526147,2.09431707279076,0.390153238195737,6.43415220578032,2.53969206095486,0.880885670477909,3.73308304042652,7.69890807691425,1.39729839455183,-0.247782653882282,0.85150426118021,0.683591111274652,-0.367897725119164,0.670447614217636,-0.39755379308734,2.87803228859791,1.61872506665755,4.13899447875367,3.38561739537163,1.57105014461685,1.55053047705766,
Burkina Faso,BFA,"Inflation, GDP deflator (annual %)",NY.GDP.DEFL.KD.ZG,,1.90060824059779,2.01037157042501,5.14752475383766,1.8122165810679,-0.656072018182812,2.30311694399366,-4.41100840434797,-0.263878695591529,6.91315419325167,1.78342721857652,3.37747532556914,7.29664525500058,2.67785896654267,11.0147093853435,8.1761559668212,6.72550567482627,18.6619763309535,14.5323255016216,7.7535255123222,8.69436852095804,13.584619381945,9.0465164203043,5.40931696202939,6.50108528918713,0.757066710315698,-6.34567686458379,1.23732316838962,3.40855660018133,4.83162041216929,1.81001541960049,-3.96778074755804,0.227059619996879,-1.44183978328999,14.6389618841227,6.76956903796038,0.348705151128442,1.55619984983713,7.94031603070835,17.3908245064623,-0.819773185220825,3.96155291715017,3.05698609068348,1.48472881492427,0.0906485898375564,3.73938539728054,-0.662826822466556,2.49234918341701,9.15980043749074,2.40550487042772,3.77961872815705,6.73800480732596,5.82399948795916,-2.12917117768745,-0.620386925840478,-2.22395417919314,2.60429919226561,1.41629727998107,1.07396688968345,0.51290051556127,6.46559578788029,0.112863112943955,4.64258435284958,1.93326680445267,9.72565562090332,8.83883581587371,
Bangladesh,BGD,"Inflation, GDP deflator (annual %)",NY.GDP.DEFL.KD.ZG,,6.25748157867088,0.0222234958223737,5.16405902184019,-8.74322462414321,7.93170495657343,6.29618883406606,14.7919634515746,-5.7695843810757,11.8277158013198,0.510309048628059,2.96325493220053,4.40201965202864,61.4057832765998,44.5427168978939,80.5697564038071,-17.6304192925882,-3.21015592855957,25.6188855872458,12.5645059899639,17.55506709007,9.89469031190922,9.85581246334655,8.48775587837945,7.87556634908888,18.4951156996356,8.25440489427334,11.1196311686194,7.49583529710168,8.337973249846,6.53273529225868,2.72953199538708,2.58216189991052,0.155518172723973,3.96621631555998,7.14493870340395,19.1432131128285,3.80023220091314,4.73621256184072,3.78103773665002,3.44665934914798,3.26116013222439,3.8928674350377,5.81581664789621,4.5621363796936,4.58636070641845,5.87593581109938,6.47126010502515,7.86096609394262,6.76435468091874,7.14466302810841,7.85945085272492,8.16457367624635,7.17495343232414,5.66878852513904,5.87277704102323,27.8507377248339,5.04759758203714,5.80553876704575,3.65813755162172,3.84106338588026,4.1211747067957,5.04902187883131,6.89712404003441,6.88285460605802,6.52441155775195,
Bulgaria,BGR,"Inflation, GDP deflator (annual %)",NY.GDP.DEFL.KD.ZG,,,,,,,,,,,,,,,,,,,,,,2.81854100240653,1.91684638745949,-0.644105603744634,2.73642428070622,0.231543761514573,1.3463109708962,0.0611042231380594,-5.38648004013483,6.72457899305618,26.192904633964,226.534184331573,59.5778488847798,51.0909639929991,72.7051644601025,135.874689283062,62.9666231801557,913.21347211314,33.9510162199823,3.31913141503097,7.3808708124609,6.11771166629885,3.84837406969622,2.18942006609473,5.58155314251438,6.59425811725345,6.75648408182245,11.0514127879074,8.10346269439013,3.93803085232818,0.764130914968717,6.11282837292184,1.11217130423154,0.0719574385567938,1.34078607268415,2.94773984858946,3.32355888853566,4.81312201964556,4.23528219652766,5.28264348943156,4.34990779928985,6.96609956897447,15.9184610592695,7.99709199455781,7.20423580050331,7.41318494626326,
Bahrain,BHR,"Inflation, GDP deflator (annual %)",NY.GDP.DEFL.KD.ZG,,,,,,,,,,,,5.79964857386999,5.21139975174552,13.9800997035499,24.6854163593515,15.9057993765104,10.3223718714327,11.2976030457294,7.68712128208571,13.5122278303138,24.1580815878628,18.9117650195847,13.723994141722,-3.68996713845982,-0.418480086865131,-1.82499453259432,-17.3926503148808,0.659048458704106,2.00942771420604,3.97466040979498,4.82669555236323,-1.88252355847868,-3.53265265588986,-3.02581483268847,7.3311873328352,1.09066935081475,0.196719805867332,0.93171690005731,-7.05741179146182,2.65643714465511,14.3225240993621,-3.36382852821167,3.41434955253743,8.60258132069791,10.9910834144862,13.7349683516937,8.84243733151141,8.43563185022495,11.3650917395462,-12.9939410116026,12.0069509099953,9.48596325068939,2.93394725551211,0.499828956383851,-1.44043683471969,-8.75667340246945,0.35724777804711,4.61583421430929,4.21271352571605,0.164802199458762,-5.8288484641256,9.20840263580602,7.13488879900781,-4.28437217979031,-0.672760487023226,0.228045002296412,
"Bahamas, The",BHS,"Inflation, GDP deflator (annual %)",NY.GDP.DEFL.KD.ZG,,1.16060127946953,1.08963254329397,1.34376417302924,1.50530105203264,2.01172774571943,3.77131853984707,4.71307253846376,5.16348079645223,8.92537280104706,6.14534565612223,4.58255157948102,6.78665890094263,5.55102347676812,13.2327069818163,10.6563782684998,2.38966526710907,1.72870303781684,2.2478837709413,8.5540965371676,10.0068656202029,17.68832770698,3.6950075490398,5.97696702414777,3.17143545923837,8.46072715196375,4.66038702363605,6.58634765784333,1.48431064242516,1.81317132899601,5.07371104738799,2.556539887887,3.90556543657969,-0.851983747862761,2.18336657794642,0.802435337290049,0.984243640773144,73.2294702373079,3.04892132747692,4.95093892443033,0.92270742527738,0.353150704560917,3.96047432502201,1.15487905427804,1.19499759116476,5.05600839849254,0.828194507426659,2.94796581175521,1.48861068805519,-1.03638031397996,-0.392565565624793,-0.858605322784499,1.85035568558141,0.593910374696762,4.40841904386082,5.22121540880474,1.54010313518333,1.34713279397873,0.579260699451268,4.44708418228876,-2.3236661012091,-1.2201754418756,4.12416966285063,6.64011757419027,0.288421376901312,,
Bosnia and Herzegovina,BIH,"Inflation, GDP deflator (annual %)",NY.GDP.DEFL.KD.ZG,,,,,,,,,,,,,,,,,,,,,,,,,,,,,,,,48.4724084285298,1362.02878217267,7544.81359226289,49.1182695079661,13.382446378289,1.6396337371481,11.1492938928866,-2.43969517111074,8.43332396767804,30.3325929794459,4.72611600693062,5.0078690912502,1.41086322669418,2.16196667455451,6.18901375619765,7.80012794746679,6.19557247493343,7.33737064230482,0.185466125283156,1.40629600101072,2.43252743901144,0.795774138749024,-0.224120293699485,1.00033955450786,1.39548812387108,1.3333075043618,1.77870637884602,2.79015733966084,2.47296991734278,0.0621485134519162,4.96295225803046,11.8088381857197,7.29122831094762,4.31037453758105,3.01361961528796,
Belarus,BLR,"Inflation, GDP deflator (annual %)",NY.GDP.DEFL.KD.ZG,,,,,,,,,,,,,,,,,,,,,,,,,,,,,,,,110.376705510344,1030.776808094,1058.71449925772,1945.74860484377,661.504075843054,53.7143274390961,71.649574821511,76.5804464112078,316.793434976104,185.290761141273,79.5345724449118,44.8937387290633,30.6853216166234,22.6751223372571,18.9721606087981,10.7486157261219,12.8727022306595,21.2135361204443,9.25866192288667,11.3403098732787,70.76129097803,75.2416667116347,21.2630002283286,18.1925984572644,16.0224937897335,8.34191706191312,8.62314741010877,12.1392299880648,8.57698909105054,11.8774650462643,15.3265737193908,14.8848623635367,8.04676215128896,12.1668402198719,10.9160720003395,
Belize,BLZ,"Inflation, GDP deflator (annual %)",NY.GDP.DEFL.KD.ZG,,1.76302704632303,1.35696450638156,0.937659309925181,2.13617110596674,5.61061422339853,5.7739337057622,3.12244366461177,1.679358127299,0.215932315119844,7.36964236602419,5.06390361694,-1.23523507979597,14.6762708805407,21.7106229145247,16.8772914345555,1.15748444536293,2.24249533399528,7.34918198994508,3.58543427956945,51.2506539571552,0.166294336518447,-4.57697224475748,7.78637947458508,8.61083463584158,-2.03638565504288,3.70728475414255,7.59188821865718,3.44233798532821,3.11070679813454,-0.0099265339671035,-2.36749640949697,3.42873171249582,1.87017399903739,2.62372986049124,5.28702633947509,2.74285615050043,-1.51539228098294,2.44218566589667,-1.66043434615213,1.43073540943273,-1.91858784165039,0.695147126763544,-4.0947969359172,2.14303494061367,3.00593842580558,3.22248520794157,3.80971160407316,3.57663325767108,-2.46578332715363,2.16418782713863,4.85845161527571,0.697094557768622,2.01251040998318,1.12730426417622,-0.189695067261511,2.13988044008869,3.06932498276909,0.0550845795919201,-0.0851439516099362,-0.577783025389749,0.538862154868497,7.28685491123275,6.6945920915479,1.40200536796821,1.05788703835215,
Bermuda,BMU,"Inflation, GDP deflator (annual %)",NY.GDP.DEFL.KD.ZG,,0.939036548137139,0.976544491119895,1.27080143898519,0.461053047919037,1.46112298152146,2.60861104007444,3.48033559332201,8.98161462654834,6.28106312240102,6.26951942625101,9.54621154208391,9.52577077506547,12.812209651434,14.9839477362144,6.35702717701415,2.78364922323371,9.26910109909009,4.91871023947657,6.41536341744464,9.85408705621815,17.7093913080706,12.2085919697942,10.9973810679425,10.2965524860844,7.61408817849274,5.83513671152525,6.48815418331381,4.89301397274433,5.63671313382395,6.03357232192793,6.43059116205715,2.81388110098526,5.19630458908094,1.95956796770183,4.17846351515574,29.3646976052491,4.02390310161174,2.74155110645576,2.7121512028961,-4.23635614734731,-1.36919574128204,8.58044229104615,2.82473952065922,4.6921425981385,6.7623747376536,19.5791618081038,6.57489483173077,5.10891410236363,1.04358316995928,2.23622200255707,-1.15125598094265,6.69820369155734,1.65727319420499,3.01189087721518,2.95202006984243,4.37320384221451,-0.094833735989738,1.6111169764896,2.41849453612733,-0.268824160439223,1.03237589606262,0.280301699520351,6.14194850668459,4.90264646956962,,
Bolivia,BOL,"Inflation, GDP deflator (annual %)",NY.GDP.DEFL.KD.ZG,,6.54817331154334,3.56147105294085,0.824214669778399,8.38594305461058,5.89102517476312,3.31587642784554,6.23245861692163,4.58848423666308,3.71900826681726,3.96056114383558,2.53863226297418,18.9777488047166,42.9445090900202,61.5459604674599,6.69527765368767,8.59892087426037,12.5406184290032,14.1038108089388,19.7971736389827,25.0487177686461,29.4860941190974,158.283333281687,265.197668097752,1443.39713629255,12338.6601412904,230.105222297583,14.5841938205857,17.5233370983456,13.1864212723541,16.2679419830211,17.6894402570265,13.1992043702188,6.55715815517783,7.95220775448833,11.4272817101522,11.5802068491418,5.70504336744615,7.05112676491446,2.41156593423196,5.19540520201227,1.87009363968112,2.82075736907308,6.32999232406897,7.96770950778306,5.94079762147169,13.6636795543304,7.37335387903471,10.3811817593942,-2.41989433691816,8.77750811668805,14.6023542294594,7.10027548042564,5.99538838385708,2.04949774010372,-4.62060226334266,-1.35487058636205,29.8668322335728,2.47511836027346,-0.176747180072923,-1.17503822390712,2.83614784173389,2.59100275081603,0.189137413602765,6.04628385410035,19.9138522658601,
Brazil,BRA,"Inflation, GDP deflator (annual %)",NY.GDP.DEFL.KD.ZG,,34.6178049419981,50.2494544807889,78.4174334561054,89.5336653268287,58.9331842000454,37.9360979573494,26.528941929666,26.7067163627493,20.0517842311481,16.2551115402188,19.3845851134334,19.867091675534,29.5803566969394,34.6058549964615,33.9294367418917,41.2036240161754,45.3980562145509,38.227611227227,54.365960027812,92.1419446109039,100.528877121889,101.034394745721,131.484045057202,201.740282133397,248.543659125921,149.179318289698,206.208708657138,627.951470204274,1304.42420943485,2736.97067768831,416.678093932004,969.012962839962,1996.15024717719,2240.16886623198,93.9780430551367,18.4562437687673,7.72902341184411,4.92436158488788,8.0105008831072,5.60606514085735,8.22509432125631,9.79811223755975,14.0910215230394,7.75206076321267,7.43122475747793,6.77427408762492,6.43903810570731,8.77855272817531,7.31348274294028,8.42333833760436,8.31859222192008,7.94312693485261,7.50456453379576,7.84670975161919,7.56617500668908,8.10360437618169,3.67138450274919,4.4935343282916,4.22425886342708,6.47249962315726,13.0472708601388,8.57028196165616,5.15950107377019,4.07967448515818,5.727447789834,
Barbados,BRB,"Inflation, GDP deflator (annual %)",NY.GDP.DEFL.KD.ZG,,-0.947999269781022,-4.63572064136063,18.5347352010553,-5.37745249895374,-5.04522769808943,3.63346668204345,1.64735602390562,7.7730420109187,4.59091105629452,7.34403675118349,6.81246016963522,9.89330334754609,22.7741343187316,31.4213942614683,29.3607284286293,3.02098255963466,9.75033575653951,6.71750617431928,12.3783334451826,44.6781020487812,12.2002890324819,9.84576708393101,5.66428865895887,5.18324310134066,3.5143272425247,4.47349515734068,7.33777019238251,2.75735511474093,6.82357775062141,3.72830835473781,4.4952833394789,2.12239362002987,5.19536553184503,2.2098430305842,1.01614888894453,2.53841764103313,0.916897294425695,8.70325689039792,4.43342274717861,-1.32283902659012,2.25538918179618,0.90785616596915,1.1158719190808,5.82814494100754,6.66772507910736,4.09636960075596,8.61226138531543,1.80693551490043,-1.8297049421278,32.2179603905153,2.55329602162956,1.52349026013736,2.96227821724729,-0.365487083623734,1.0395508244396,-1.75274683001335,2.29477437140251,2.88823424793601,2.51249012084693,6.08460788167491,1.9244125227566,-0.156970182468754,3.0188031039614,1.75612477212653,2.74064032623448,
Brunei Darussalam,BRN,"Inflation, GDP deflator (annual %)",NY.GDP.DEFL.KD.ZG,,,,,,,,,,,,,,,,5.40841250879831,5.48367913232401,8.22370986590828,-2.9746800408402,13.3685689329452,94.7724665478483,10.3065506616772,-5.58342929839709,-12.7143643318788,-0.439743751162723,-3.02513075616653,-37.0798606330313,11.1997682582331,-10.5074011684662,9.47928387762059,9.73556985962955,-3.6334054234549,-1.99597153690328,-2.14230729384995,-2.40674394472703,9.00608895162978,-0.965394473756703,0.695853944845325,-13.9889900992923,10.4058185056936,2.37672071560635,-4.97305306003145,-0.135384319311655,6.3099703644512,16.5419528538208,20.5036164588892,9.94435194380551,4.69688845361324,16.0207674667904,-21.739266710199,4.98008972872196,20.1807687225469,1.22025216243901,-2.82348979357411,-1.84601527827432,-17.6127429803002,-9.16949538892618,4.95526866521384,9.21562476277025,-3.33372764182289,-10.8637596350162,15.4659287021718,24.2367268387765,-12.8472517283232,-2.84270585148234,-4.73664929187795,
Bhutan,BTN,"Inflation, GDP deflator (annual %)",NY.GDP.DEFL.KD.ZG,,,,,,,,,,,,4.45844432658933,5.89793371068087,13.0176970089472,17.170329640786,-0.0768638780979245,0.0416224732643826,0.0107594042819841,-15.8780630297509,6.00618397533914,12.5171777751875,3.46255527068837,7.28714919176407,7.15835942749703,10.1636889932223,6.5086147454451,7.18543787496726,1.1011726823489,14.9648718330335,5.60791537601837,6.20535307251815,8.94128443182349,8.92328949789606,8.51345079556727,12.3412550264215,8.28438258114403,8.11263279385479,12.9068748309096,10.69626709906,6.17025908404349,16.5271465816956,5.33733063358892,5.16519284946268,3.62430635824482,4.34588152352116,6.47920240139224,6.5751238535146,4.68817791442977,5.60618082505889,4.42409943446155,8.32696241504689,8.88020592126544,8.63679345640898,6.16413159810818,5.72222881975419,3.20977727445317,4.04891299347933,4.34963395866464,1.15086276370558,3.10800837414914,5.28737431349467,7.62801343058928,5.79485516979783,4.40359361110151,4.66637888315755,3.15629006816846,
Botswana,BWA,"Inflation, GDP deflator (annual %)",NY.GDP.DEFL.KD.ZG,,1.93394654573322,1.36073530511867,1.17682676860338,2.54749888017885,3.84627563139497,5.78874199620294,7.58155108394078,2.16614944689633,1.58435523727398,5.97859338189495,4.66418003521538,10.7754221855342,9.90661233608165,12.796924146026,16.4672818630996,11.3155298849017,4.93738330724686,12.4668113563582,21.8563617394272,10.1902825295163,-0.0883228377325622,3.69541837346672,8.74548539674289,15.4269850656216,22.8936594340284,14.0612498754001,12.6940698241788,22.6970595672875,13.648777260206,6.30001828340927,5.17770993695599,6.63928085355347,13.0647004889209,9.46380470158942,7.15529485253452,16.1121954488091,4.99060848779871,9.96727081881656,14.2352084945169,14.1709669143697,8.31282499951298,1.18737069613121,3.25908437200664,10.0787886535731,15.4717065693105,5.1543983602337,6.02919765064402,9.37273025563468,15.1089337480839,7.68549224444671,12.6534472954255,3.01179655429044,1.53204506036376,9.60154787882541,3.73030585629546,11.9049111318198,-2.64993320934704,0.0566218861915786,0.508004101032185,4.37886681697208,8.38154387080601,14.6176767241876,1.75130811655802,1.93467323010725,3.62768373173688,
Central African Republic,CAF,"Inflation, GDP deflator (annual %)",NY.GDP.DEFL.KD.ZG,,4.63501852407487,4.88874686844647,4.67447570130837,7.54197105015557,5.03913870121602,4.47541104842317,-0.774417229772368,16.1724010608566,-3.85268771319454,4.49087969968032,4.93826828935202,4.64423708915463,2.19949026241304,5.38099970484274,19.3262162143988,25.9966269302932,11.3724628206274,9.22839370206516,10.9266339771195,18.2653791713287,13.8727460514407,20.9142340489744,11.1028813560158,1.41940106495943,34.1451753514768,-3.42903722815151,-2.30335118277361,2.62405594015438,2.45620480015998,1.83664510564687,-0.389815607540783,2.78264702243938,-3.43302031766279,24.4125696821529,9.89797585830159,-3.54304573295389,0.823381000647387,-0.414154094982351,4.08471548975844,8.5066010783456,0.425938675009292,-2.37188170574854,1.33641863140784,-4.43978593836373,4.18843708159385,3.33404593869069,1.83823165042337,7.07707072361423,0.711628390754186,4.21130931097511,4.00911505710052,6.18103617692616,2.48748677760067,11.8938033016777,2.70826310785282,2.98011408445534,6.44370628779525,-1.22411715845705,2.32783705140642,1.98216055627785,3.18576646900353,6.01877877272452,3.57480169810107,6.03940886655974,2.34211646516978,
Canada,CAN,"Inflation, GDP deflator (annual %)",NY.GDP.DEFL.KD.ZG,,2.44442703136775,1.30987431626284,2.18222658244042,2.83181917504764,3.77503237095999,4.92090435692516,4.45413889101722,4.06513387929115,4.82678275599464,4.7220140252346,4.93143985398714,5.82604424604413,9.92880646933511,15.5694800902845,10.9977345426811,8.78342633002347,6.71753520163834,6.8265945806713,10.0700505598598,10.0558896684908,10.8709574308416,8.82707843244563,5.82447498695097,3.54539022388587,3.33838926556194,3.13237899754613,4.79160149968749,4.53999818006774,4.68125316435528,3.35230173983948,3.05676988100059,1.4708508444299,1.28904292634427,1.45563086822303,2.26332576490174,1.67527500598092,1.1442398912146,-0.176441515654361,1.92426737518214,4.37388836465915,1.57367676795823,1.25769312136237,3.24972860480695,3.26078663669816,3.11743169074026,2.57136298048086,3.29847496211374,3.99656743350745,-2.32497134111121,2.8488118363273,3.24460708125697,1.21754244738517,1.74037889737011,1.94205145924376,-0.867651110760519,0.716976402406601,2.57115294047408,1.65097171958317,1.546199357368,1.07072837279907,7.78483196279312,7.88257577548967,1.54476766162554,2.73223601603696,2.55291816703362,
Central Europe and the Baltics,CEB,"Inflation, GDP deflator (annual %)",NY.GDP.DEFL.KD.ZG,,,,,,,,,,,,,,,,,,,,,,,,,,,,,,,,99.2954217843146,199.858895609549,51.0909639929991,37.234034809391,27.4436170381266,17.9812076556664,9.92246703729838,8.17803504455942,6.17757158989451,5.53606175369798,5.37522946420054,3.84837406969622,3.88938564810275,4.9331164049614,3.11296308312666,3.87915124354652,5.43984630844872,5.53093581431412,2.73283928388418,0.920955278990149,3.06571454649757,2.18343357394524,1.13279718785073,1.34078607268415,1.23453645859612,0.987472424308564,2.70923995206107,3.59301167619761,3.8226798680774,2.40777956608554,4.29149270003289,10.689577427514,9.98912481634724,3.90248023036213,3.84288437338658,
Switzerland,CHE,"Inflation, GDP deflator (annual %)",NY.GDP.DEFL.KD.ZG,,6.44839016934202,6.36594576990272,4.40107081514915,3.76804003452267,2.08068979140651,5.18547657833832,4.14059152641755,3.03089786582791,3.18376470135495,4.61807999617207,12.5364431625062,10.7806997109152,7.18550802499624,5.12624687665138,-3.14237973920577,0.2273492800702,4.36385999447928,2.24574502820207,0.663923397236871,5.63741478970701,6.86703311988602,4.63585604972867,1.09955231530651,2.54406395386874,3.78558755356133,2.19912021464077,0.444971107932133,3.51041613492956,5.14756827483498,7.63511771073276,5.6545250458128,3.2765269408936,4.34855591637908,-1.48687293016857,-2.75924403436261,0.233413631844144,-0.479235337359057,-0.187077979004854,0.243282879623166,1.44370825386181,1.09175618329127,-0.456573843556626,1.17842438442565,0.431549079481684,0.950891406296222,2.12631357426724,2.47038366056331,1.35235403828769,0.475116413624448,0.450962932080756,0.106195288162908,0.202360443823196,-0.0298102053788796,-0.604994160396473,-1.34498887233339,-0.609327083693216,-0.335050388266879,0.749224961797083,-0.0903364764452448,-0.760827705552742,1.9347982166607,3.05129732588081,0.933967686103571,0.965863084352208,0.287330415481463,
Channel Islands,CHI,"Inflation, GDP deflator (annual %)",NY.GDP.DEFL.KD.ZG,,,,,,,,,,,,,,,,,,,,,,,,,,,,,,,,,,,,2.31458551003772,2.31458551003772,2.31458551003772,2.31458551003772,2.31458551003772,2.31458551003772,2.31458551003772,2.31458551003772,2.31458551003772,2.31458551003772,2.31458551003772,2.31458551003772,2.31458551003772,2.31458551003772,2.31458551003772,2.31458551003772,3.36234678173879,5.45465641869509,2.0381662432797,1.77877481331676,3.03415136326961,1.39650518174845,3.06230638713929,4.30931215813087,2.95476644134244,2.83334983295387,0.21684063582002,7.35832232268851,5.75258289973107,5.75258289973107,,
Chile,CHL,"Inflation, GDP deflator (annual %)",NY.GDP.DEFL.KD.ZG,,6.30329826209852,12.9653850152713,43.4628068948034,47.6564098490451,38.5831592827126,28.4245129179494,25.0862230246919,33.5922923263817,39.7205173367668,40.9271963040969,17.3488888856652,88.4041613192067,417.649800011432,686.309636808913,344.769929317899,245.652312693389,101.304430749281,56.0934636828088,47.4491046127051,28.7198100243266,11.4200504265996,7.17055540368068,31.3535130127832,16.128259518439,41.8581895450403,21.8699443542863,25.5240165195931,20.4098884071884,13.3564874893145,22.5536998320478,21.6172838175866,13.4168321758135,12.097380270755,13.8005945467807,11.0641624377782,3.2486594640559,3.33058050309059,0.778990206742662,2.18776787074258,4.56004348660028,4.27714698187522,3.34066037242444,4.30030088388355,7.02476170663786,7.12031535233233,12.3498959208792,5.08875706689086,0.311132498734963,3.57779504174319,8.85744148942345,3.26051486618304,0.763466680663043,2.26077060922354,5.85289162562634,4.95436553002575,4.56065603684756,4.82819188620873,1.59019973716229,2.56635925518241,9.67866368090178,6.88300172713348,7.54751985501458,6.55832071048555,7.12781265306492,6.80321357366999,
China,CHN,"Inflation, GDP deflator (annual %)",NY.GDP.DEFL.KD.ZG,,15.2463061119411,-0.110856633489604,-2.62824344193632,-0.379731326766191,0.86379575525622,-1.57172065913545,0.817149532085963,1.37456106239944,-3.80293610517242,-2.63019160568886,0.662354036667324,0.0760805255159482,0.207471499653408,0.277234934039754,-1.1323786731104,-0.0969292707356857,1.09261258259244,1.67384183816925,3.59544039718156,3.75767548956057,2.35855534503774,-0.135908205347818,1.15682344581683,4.94223866185146,10.2064340073031,4.67211297421785,5.0773030031697,12.1034513145421,8.606044181155,5.72843513143144,6.71294951517163,8.20202906767702,15.1876870029714,20.6298690239295,13.6508153201198,6.50865250928521,1.64784318219573,-0.829002611649813,-1.22356388356096,2.11187638852739,2.20128475337529,0.649462788236207,2.64676351508693,6.98142842957976,3.75311648081933,4.01889532312327,7.91291681177017,7.85803198166333,-0.0850724620250247,6.93288714030183,8.01535579905837,2.40362145525938,2.29827354347107,1.09193126066951,0.134600527983679,1.47921554986996,4.1460488720143,3.46684316501813,1.31658042560161,0.530673291065554,4.47357358503608,1.93460467589577,-0.50679941802575,-0.764066117400986,-0.92233523175824,
Cote d'Ivoire,CIV,"Inflation, GDP deflator (annual %)",NY.GDP.DEFL.KD.ZG,,2.99006346469766,3.0048198149284,3.01391715577817,2.906177950873,3.07886780467852,0.0416032240180328,1.22775183399891,5.79379997879829,1.85391784764981,2.99084831038685,-0.941093871223046,2.51161642845075,13.2279689683128,26.6941713348517,4.31395366224771,18.2229732475378,28.7512918339878,4.43330463446982,6.54139713343109,24.1436771091168,2.97699115837639,8.301317589562,9.0467819094663,17.9098958917756,0.343657064772017,-2.0204048360965,-4.07520680060972,-0.380926014955392,-1.01240652384017,-4.52327354283084,0.663489267146474,-0.0238371372650903,6.15419429089883,46.386069435419,11.0437898513941,56.2837762738966,3.9214742013522,5.38736139065696,-0.775911929443382,1.60101728726917,6.87596879742645,4.58213735216555,3.27812069285412,-2.50335752004385,1.21513493970562,1.3595382596009,3.08854944572292,5.37293348500339,1.20777929723688,1.5162179241976,5.70932050005679,-0.404098360740875,2.87673042852516,4.40733235572075,4.77568237270827,-1.17983243565696,-1.04167724817084,1.68197647173226,1.98335249260808,1.82838309372076,3.93090017186186,3.0000006286337,3.90243671769379,1.67910309814367,3.21232885968116,
Cameroon,CMR,"Inflation, GDP deflator (annual %)",NY.GDP.DEFL.KD.ZG,,5.06444908786447,3.10995906856846,-0.264119025473548,4.42103332668367,2.75243171318678,0.188376713871548,23.6291850819427,5.75072991629206,5.30196140186696,7.88400335930839,3.44012468602091,7.97638345748406,6.52953303975295,10.6560928613066,5.99007282435463,19.6744435133242,5.88477383366055,3.409806634349,12.8527667500476,14.2458946461921,8.80019382633151,12.4819514530964,12.76307193047,13.5521917921707,11.1871278834318,0.179235683877991,-2.39230914632165,0.813898665359304,-1.81908316337979,1.64309843091495,3.56871352957361,-1.27767102935427,55.7553793703876,5.88247234703603,6.63451403710884,0.410559080515867,6.16381105450779,1.0658698782603,2.18778850065175,1.53156295867964,2.46935891471448,2.77449284953897,1.95291444913342,0.139487834807241,1.35714195904053,2.29967497786163,0.490708034705946,4.94053681167803,3.60351518418189,0.688187082777645,2.58904424747894,1.94228536388823,3.05345916925037,2.01421263022257,0.309791677780538,0.661808977155886,1.02514116066253,1.89699162266248,1.16977181911541,0.705572037621721,2.92103933375591,6.83105473248673,3.57281742916192,5.4257265725534,2.83276716795213,
"Congo, Dem. Rep.",COD,"Inflation, GDP deflator (annual %)",NY.GDP.DEFL.KD.ZG,,6.09947816091365,21.2407719665045,87.8492013040615,3.54797755518111,38.952121511214,4.97382059920758,58.574410343497,59.8827848538421,17.7310618338501,-2.83694889969365,8.20369678861263,10.1813984597601,17.8870494878738,18.2383229928939,12.2654179764007,57.3954283832356,37.2716487302665,28.4142985200925,101.770036243827,51.4075541678596,33.2302221107946,43.4852835595134,78.2154728988512,89.6032215574206,25.8109093935626,28.4532565060463,73.7673978894286,91.5861854921036,110.262247988577,108.955307114497,2338.44967015277,3855.30764105823,1657.64158864534,26765.858251932,466.407358627712,638.188824350165,192.642834536339,26.9353763597641,441.902491872046,2630.12267444061,73.0597113604743,31.7194612303043,13.4154535196089,6.36545826269605,36.8734054097488,15.4381801684748,20.6010424182345,24.5867419307076,17.9214780811005,33.7383797553799,11.3185337043754,4.73411442893337,-1.14843026904025,3.07171655246943,-1.42088206059309,4.40590544590474,35.2227679864498,29.8390075940821,1.39696273165086,11.1110446609183,27.7920485075006,9.98907682520658,11.2860274867788,17.9932747645102,7.80225770614263,
"Congo, Rep.",COG,"Inflation, GDP deflator (annual %)",NY.GDP.DEFL.KD.ZG,,6.29395669501037,4.25381991126226,7.77389718077983,3.85594321142968,3.02548541053081,10.0273582948359,5.51605231020179,-1.04473179463645,2.99689342172202,3.71045521228307,8.31301862214025,7.42777407746635,7.83857867735158,8.11374127939854,8.30480454769906,8.67575133556515,14.5245314547647,-0.828343082522863,17.1015978757543,20.1440085365646,27.789126916474,6.04473816531285,6.3383715278553,12.1113946169474,2.4985401529201,-29.1726624817288,7.62652157852142,-6.22635298391708,12.744060178845,-1.02906827090958,-1.48063569515986,-1.56926841264638,-1.13082861109129,36.752825653822,3.39592951039056,17.9919240267205,4.96451768202839,-18.2220896614549,29.3553419281933,47.0400830761822,-13.9252081683231,-1.7389275602747,-4.2515369203041,16.807238305785,32.4987395105464,11.3803017625706,6.74011713181295,16.2692034276536,-21.1652331128962,29.4176837966296,10.953325511462,11.3640902368718,-1.10456218926858,-6.46456331292119,-17.2539875449458,-3.50248728902629,12.3656768528042,22.2344412921584,-1.31736650195613,-13.9995678950009,23.2907180099124,18.2608987808466,-7.56770228699291,0.456266219771734,-3.4227095287747,
Colombia,COL,"Inflation, GDP deflator (annual %)",NY.GDP.DEFL.KD.ZG,,8.22936825024104,6.64803608111191,23.2206195373512,16.3398794061627,8.6044794525011,15.1273473150005,10.7301835265463,8.47237596534688,8.44465758616299,11.8858042457372,10.8074005790019,12.9723107821429,20.1610993858631,25.3771500046661,22.8069631296826,25.4575581616927,29.1528170739333,17.0999313637889,24.0406255399567,27.6159360336757,22.7658772988937,24.7664573136336,20.4025756995262,22.1802266995958,24.8835080388417,29.1689263673813,23.3769365166645,27.7500562450254,24.6858161399076,52.3361031682038,27.0057740412053,22.6643849525912,24.8415782780257,22.0963782592104,18.8509572575761,16.8683787889766,16.8398529341085,14.7730454103545,12.6229408327015,33.6753705095567,6.51844829184243,5.96819057183866,6.82901484222947,7.28303340681478,4.75319610754772,5.80766087330477,5.20203381220654,7.67738291518263,4.06422546745482,3.80486029146383,6.38680337285258,3.61665506268449,1.90767643221162,2.2356323764315,2.44932842052003,5.14833430514589,5.13373589963346,4.63057967327826,4.00262054293638,1.48172462037553,7.80211309545884,14.9250366806978,6.99290653937781,6.35757117093047,5.42271681792346,
Comoros,COM,"Inflation, GDP deflator (annual %)",NY.GDP.DEFL.KD.ZG,,,,,,,,,,,,,,,,,,,,,,6.70324288332864,10.3176823113908,9.16924056947937,6.1019406101565,1.53973797000569,1.5645323013561,3.17969445409516,1.38304683795856,5.60308145064535,-2.85270740244646,10.1584873906736,-4.7585053727507,2.2174166554241,12.7131405342042,6.1897438653038,2.93561257344443,1.01682944680516,1.36170565000108,3.85504678206618,6.36680644248784,7.40100113993978,3.82246321807169,4.93219036234238,0.436096742946731,-0.407267601856589,5.95006940329704,5.03508583333026,3.14428979865365,0.986041098749581,1.6752326077458,3.0457286845164,4.27030007329266,1.752124423908,0.835126488303615,-0.522856831129232,1.71498681561535,0.402494136980508,1.83566793061196,4.20910597176336,0.669668409203567,0.355851396754005,7.9804624983289,8.13448091940927,6.21140368318602,4.30496668705833,
Cabo Verde,CPV,"Inflation, GDP deflator (annual %)",NY.GDP.DEFL.KD.ZG,,,,,,,,,,,,,,,,,,,,,,9.57797518422004,17.3933487025089,10.5638181117774,8.76659389135874,3.66665785677527,17.6933959256778,6.96238514614849,5.41160787226222,3.58485904126292,2.34531032190625,4.79241883776579,-4.11584470732596,49.3540866011071,-29.1724621557525,-1.54689929900537,-0.546135979433259,-0.835291448659234,-0.335990589768613,7.61207827777595,-7.90110347163402,5.15533499557392,-0.363208871086854,4.92109973715145,-6.3325469946369,-1.79488316970148,4.63977091870937,18.5684167934982,3.712743703679,1.95455824513613,0.654415406092099,2.74704089816066,0.677607456621359,1.42476019715654,-0.100319979407018,1.62040755881043,1.67992479299215,1.2969136763507,1.70417119144814,0.694871191088424,0.366160426431094,1.34990112558344,6.34319040438669,3.25900393210172,1.39134617417365,1.74378005730756,
Costa Rica,CRI,"Inflation, GDP deflator (annual %)",NY.GDP.DEFL.KD.ZG,,0.516213594512578,3.16880591763049,-0.0657907081124449,2.25117671768902,0.634499412707328,2.04911821248864,2.27780069623221,1.99252866901931,4.56806155593894,7.31747346139716,2.44354972167011,6.41308916654148,14.8404211422096,23.213026722833,24.540889814963,16.6017816978669,16.938778143887,7.90848153079264,9.149968219668,18.8295804083121,41.1021486140468,84.1718893960475,28.9315076925815,16.6945063131047,20.545214663164,18.0499235187228,10.1443832689496,18.8392734281975,15.2483194530393,18.5479002991781,64.774690030879,19.7288535804875,10.435571018282,15.6704774322982,21.236243002552,15.0750682987633,14.6798900009955,12.0079910041907,11.1009094744432,9.4599464704376,9.72093916314816,9.78688631341416,10.6482353954145,13.3503499305858,13.0133251990035,12.98431120495,10.5167856606157,11.4237856348202,9.70133079164069,6.62884522178744,4.59322533425421,4.73363277799726,4.59021153062247,6.20692040472896,3.9552156362404,1.95876468425999,2.85888359199826,2.19813590595039,2.56723786170842,0.77156238017848,2.41979857039784,7.00325255459006,-1.11707693307311,0.532579785738747,-0.535203079315011,
Caribbean small states,CSS,"Inflation, GDP deflator (annual %)",NY.GDP.DEFL.KD.ZG,,1.76302704632303,1.35696450638156,2.68689912429289,0.196254935101265,2.01172774571943,3.63346668204345,4.60952361478959,5.16348079645223,2.94961654585006,3.08986462201489,5.06390361694,6.78665890094263,14.6762708805407,25.447625441696,15.4691434997764,2.38966526710907,9.75033575653951,7.55455597179903,10.625525795504,11.7787932465481,7.28790694575012,5.24085069945984,5.53908491026784,5.59697512118213,4.08138902430769,4.53353840345626,6.96205892511292,4.32841536611058,6.25625717527704,6.27285074588225,4.66096984578738,3.66714857453776,2.15333031640014,3.38950820863265,3.05063726116573,2.70797033065416,1.4692841238635,2.74043862797664,2.65820624457545,1.4831254114032,2.19978306243115,1.0911536987498,1.13537548667942,3.04793706691753,4.86725336490926,3.89932133924508,5.34684883048045,3.05470339098998,0.154268366898563,3.06822012320676,2.35832924461934,1.68692297285939,1.99812933278655,1.16413036507736,2.78009679969161,1.04975057589528,2.20189112267732,0.812191409544852,2.37062969780928,-1.56608605132478,2.32589088221873,5.48054006257745,3.71350377022728,1.80600515336953,2.55779461893218,
Cuba,CUB,"Inflation, GDP deflator (annual %)",NY.GDP.DEFL.KD.ZG,,,,,,,,,,,,11.8571828061156,6.95865374747314,3.25154395706646,11.8588811241342,4.32920623109206,0.523193938382221,-4.19392437746914,9.3212150510618,2.92801401942519,5.39532857189846,-2.53694771408306,-2.22754954724425,1.59660388711069,2.58438977543176,-2.15753517247596,-3.91406104200459,0.610485387429534,1.23322040459593,0.62484395052293,5.26127457206044,-7.3878434552455,3.74572134364692,18.9754918350441,26.2820317225224,10.5086672297491,-2.6716168630164,-1.35258710918154,1.29910517540051,3.78909596676355,1.74116359273691,0.454939112139584,4.53317575927858,2.97351054323785,0.605978559202299,0.380080729225,10.3655612005023,3.58977546191458,-0.344532566813086,0.634175020657153,1.20204852948169,4.32376713223725,2.91405780485152,2.65783023966264,3.46337574129474,3.43904876302352,4.32834928458539,4.11359085673479,1.03226934180879,3.54474299047101,16.5566395702155,401.586415836903,14.0926582899991,33.5551619344254,32.2188588698224,,
Curacao,CUW,"Inflation, GDP deflator (annual %)",NY.GDP.DEFL.KD.ZG,,,,,,,,,,,,,,,,,,,,,,,,,,,,,,,,,,,,1.78999857118836,1.78999857118836,1.78999857118836,1.78999857118836,1.78999857118836,1.78999857118836,1.78999857118836,0.410001233829732,1.61999985788088,1.38000006901808,4.1000007530757,3.13000095849051,2.99999676544999,6.900002850503,1.79999792995866,2.77999992864359,-1.22227291824896,3.18400059113418,1.3323001564294,1.49869869811268,-0.476487692925147,-0.0472619991623873,1.58549917027221,2.58479965749217,2.6259017492585,2.68113194054027,3.75850144406871,4.99831128146504,2.40355188009367,3.33118931770917,,
Cayman Islands,CYM,"Inflation, GDP deflator (annual %)",NY.GDP.DEFL.KD.ZG,,,,,,,,,,,,,,,,,,,,,,,,,,,,,,,,,,,,3.07284853429965,3.07284853429965,3.07284853429965,3.07284853429965,3.07284853429965,3.07284853429965,3.07284853429965,3.07284853429965,3.07284853429965,3.07284853429965,3.07284853429965,3.07284853429965,3.07284853429965,3.04772749497712,0.610375781069393,-0.20640583789077,-0.46045298844831,1.26141317100767,1.37820331588176,0.886728378363429,0.341900567720671,1.00009233254727,1.98679824630499,2.66279949920632,3.39631203940991,0.139369661076955,2.19319791187715,3.89781092900634,3.81910359513664,2.40313404785655,,
Cyprus,CYP,"Inflation, GDP deflator (annual %)",NY.GDP.DEFL.KD.ZG,,,,,,,,,,,,,,,,,8.02874442016058,8.89688573551837,11.0730442712238,13.1367049869291,14.153343454789,12.3888522901212,10.3526003680226,5.04460411273612,8.18191973105758,5.66770863777633,4.15066893813068,3.86184870380222,3.19369265322371,4.75174393056039,5.43312494588974,3.8880059215802,6.0413829642588,4.80313269915275,5.27098176194455,13.5978516955969,2.64097308260583,2.23688549259829,1.96568053172609,2.30197579551444,2.74345132203368,3.66029151712353,0.29637825232642,5.38768406624574,2.70929887023898,2.01952513689005,3.08610638913302,4.13805436494805,4.73462416894996,0.26289894875174,1.88138203943318,1.61625502234671,1.67877418981877,-0.937738949964341,-1.33826573105922,-0.754231430452322,-0.574742494242457,1.02039376290533,1.02575360460912,1.35009076801123,-1.20792857395175,3.03406314812496,6.16482950856525,5.60068698105447,3.1220034017947,1.11247957322998,
Czechia,CZE,"Inflation, GDP deflator (annual %)",NY.GDP.DEFL.KD.ZG,,,,,,,,,,,,,,,,,,,,,,,,,,,,,,,,36.1923885973458,12.3572626077912,21.0088029151815,12.3419665602883,9.10736665909691,9.90987341579405,8.35344538788272,9.83753859660106,3.11518146884117,1.75947549849747,4.93457748171791,2.80027662669954,1.41248099345559,4.05711060020644,0.117801169135916,0.6832401672809,3.56087138745134,2.02633115006401,2.64518582869199,-0.485125297413731,-0.221133416037063,1.34339010085863,1.2715877867745,2.7067159395823,1.23453645859612,1.49123391004676,1.6836205033357,2.81335980001735,3.8413178989087,4.51623223406736,4.03442637497191,8.67110087967065,8.59789006156055,3.90248023036213,3.51261236846389,
Germany,DEU,"Inflation, GDP deflator (annual %)",NY.GDP.DEFL.KD.ZG,,5.06399489075713,3.95726642933087,3.16247038592475,3.04656691035119,3.83413671012111,3.42040620466439,1.58905534621429,2.08783589258196,4.20898797039031,7.63243440539254,7.62133644215733,4.53185709051512,6.2995136871167,7.27529025825592,5.66662373482407,3.30619445876867,3.1007181939233,3.54584181926209,4.27814060722254,5.45118943429009,4.17523875815291,4.5810586122448,2.80793853154972,1.98914629332295,2.12472573648958,2.99954313467137,1.27966357259307,1.6904613030013,2.8790667153088,3.39664351505493,3.08507975723533,5.31091407706188,3.78489366182191,1.94369887248446,1.83567781503075,0.464204193203898,0.145509780943314,0.69236719793102,0.574398400367286,-0.34311256033898,1.43338801234263,1.49925333012688,1.3216516810685,1.15534066827507,0.53452773146762,0.436413948944335,1.84053470285066,0.954758329559226,1.97300267360873,0.699760025176531,1.22973443987648,1.43633622765856,1.99569888138804,1.89470416699187,1.74443989037543,1.25424485239203,1.47661425586129,1.87085953898291,2.00929122727773,1.75745290166456,2.69677840082888,6.41315910830296,6.6911238945853,3.1102774214087,3.00895267696031,
Djibouti,DJI,"Inflation, GDP deflator (annual %)",NY.GDP.DEFL.KD.ZG,,,,,,,,,,,,,,,,,,,,,,,,,,,,,,,,,,,,1.3297387508826,1.3297387508826,1.3297387508826,1.3297387508826,1.3297387508826,1.3297387508826,1.3297387508826,1.3297387508826,1.3297387508826,1.3297387508826,1.3297387508826,1.3297387508826,1.3297387508826,1.3297387508826,1.3297387508826,1.3297387508826,1.3297387508826,1.3297387508826,1.3297387508826,1.3297387508826,1.73934880196404,0.302782333572253,0.562231530282162,0.656019048644325,0.449845161500079,0.580719548070135,3.35375272496144,-0.147758592154517,2.44653971370865,-0.441942709749782,4.58374366386158,
Dominica,DMA,"Inflation, GDP deflator (annual %)",NY.GDP.DEFL.KD.ZG,,,,,,,,,,,,,,,,,,,12.6695272344279,17.9587700780419,16.7098742344591,1.75796252431775,4.71487271219921,7.45947488558423,6.17790852596886,7.93420864188209,5.64147885246391,5.69387014072828,4.49885935044961,8.40741162752362,3.20835538066653,7.65072377579756,4.38688420641155,2.67970317646468,7.63953128383041,0.783930727106764,3.26495463088281,1.44486847921522,2.54010937552177,2.5363912937226,-1.78273066065896,13.2646663169146,2.56716035199113,-5.96041617731001,2.08292998116164,-2.2197509298713,1.95541489622745,1.29521289877526,0.766469676501245,8.65373218145456,0.929049061895853,2.30733865943149,-2.04961801902151,4.79399321200063,2.54364613182496,5.46641230976567,3.56536248291768,-0.552599854216922,8.30802203726348,-1.34582555877566,-2.60093187346024,0.988572384160591,0.261823678449417,2.08922149000234,2.38337752255535,1.96505426461715,
Denmark,DNK,"Inflation, GDP deflator (annual %)",NY.GDP.DEFL.KD.ZG,,4.30662544214266,6.63590477844605,5.7734848164431,4.61103122662306,7.43646973979963,6.83265876299855,4.10317183511751,5.33329377643987,6.87104587143999,8.75392585290354,7.26840465973642,9.7295635547807,9.92201985828399,13.0163851967255,13.2620280678487,9.28152201863095,8.77068345330214,8.83346532299592,6.99564863060338,8.57842771269863,10.5207307361755,10.0698690139261,7.35334859127894,5.90819813960519,4.21552712146477,2.43538830260796,4.70878672648345,3.85542367327491,4.83202882094524,2.48227486821597,2.58350896759923,1.65637814135803,0.577377859150815,1.567746667481,1.27912068491602,2.02364331075428,2.01316864520493,1.23236518305923,1.68744511500975,3.01337858164912,2.51734651076532,2.38932903725117,1.49453568000413,2.08488940793974,2.89794820437493,2.08855162176475,2.42481353818158,4.25425883120047,0.571749174652652,3.18685979296221,0.646380343342173,2.40784261053872,0.846911259922024,1.01870648692126,0.409102918740629,0.42651293565801,1.10061874801856,0.593022199554014,0.950878606508979,2.82692168535247,3.04435420134703,10.3984104940467,-2.12250636567327,1.45545513933037,1.665716022732,
Dominican Republic,DOM,"Inflation, GDP deflator (annual %)",NY.GDP.DEFL.KD.ZG,,-0.417940393839871,7.6401889288435,7.19040312070463,2.10625591237037,-1.05685933961423,-2.35871003871776,1.78630754240601,4.03252788669892,2.83048390810607,2.11170632360142,1.184239424824,8.02738223520308,4.50639675396067,17.7091773935643,16.9467888939134,2.86725144986887,10.5763558516076,1.04805886434815,11.1107841154808,13.8844044227521,7.242219266802,7.51202523845349,6.59639825173406,24.1842904668866,38.3672891395715,9.38727107753961,14.4229487541989,43.5358714924251,23.6088104242025,50.4592630804603,102.961441237933,5.552601184588,4.98162926671985,10.1429299506263,9.63728379072515,3.68600909129697,9.43697720656836,6.51330700198966,3.8180230121107,7.21804471469494,6.03054152848483,6.92946892508711,33.4664803488832,45.1444720430555,5.77781797326745,6.64432069580805,7.63416838812768,10.2576061830133,3.42647998492123,5.3493113436178,7.96628942136113,4.97847501671956,4.62859670880844,4.2157814645044,2.38116064893268,2.0153931389807,3.90748393888811,4.54050503974423,3.59545070493974,5.45467337342448,7.22103350242185,9.55123473466408,5.7871768273554,4.27167538984344,4.46998593987485,
Algeria,DZA,"Inflation, GDP deflator (annual %)",NY.GDP.DEFL.KD.ZG,,3.47172028312757,2.35127905149631,0.549331893043714,1.69518281504695,1.50133145684521,1.81781454211509,1.31204101872765,3.14205629857732,1.92108454415403,4.94044573035421,17.1519638475775,-4.60646101678381,9.62761164531187,48.8965904234801,5.91402210988103,10.8405927239728,11.9270994216284,10.0851210706538,13.9878379189279,25.8620387631097,14.3539994913129,1.93979420753327,6.80479588677552,8.43350556203121,4.972526402282,2.40534325293109,8.84202042232948,9.06096347700196,16.0113735157292,30.2595985375162,53.7886041752807,21.9261145249715,13.624424658719,29.07764732386,28.577037530273,24.0219040648286,7.001963050334,-3.13108869936045,10.8563363109276,22.6780091895684,8.01436296081451,1.37285594197843,8.94246223902604,11.4465037896783,12.3615933412553,10.7811837501722,7.09551578619987,15.1178821656575,-7.37374817554633,15.5569181218379,16.9087083630482,8.00244653777544,0.892752993063837,1.45036466218247,-4.98674479608955,0.856688224051865,4.93800729574315,6.16467836389162,0.882992828847023,-4.7113839171413,15.9325995902386,22.9203055988744,1.00153139964416,3.37497744499591,0.784233783400794,
East Asia & Pacific (excluding high income),EAP,"Inflation, GDP deflator (annual %)",NY.GDP.DEFL.KD.ZG,,,,,,,,,,,,3.41352952874581,6.82337121748282,15.9974512046131,14.7826810978841,8.37841166986657,8.14049887970444,7.1660473718563,5.84005652799507,11.0274036098443,12.6684664265555,7.25655290872727,7.44084757828358,6.88343792478534,4.87885742948488,3.66019517535659,2.97161708354058,7.58192030213397,8.49671037009577,6.62688138994745,7.84295439890471,7.24567350743457,7.44750696507866,6.4906547671219,7.70059550868136,5.74023614562722,6.50865250928521,5.95130751582053,7.44795430622116,6.12145266042883,2.63973022261635,4.02071687832684,4.23109181372058,5.48742913790147,5.00061899407696,6.6451868387006,5.27411064845734,7.31473017738978,7.85803198166333,1.76512587619911,6.26499886932319,5.41240809007968,3.57651375541231,2.8690452471251,3.29936912050763,2.53089781689621,2.43892408688207,2.97918318621855,3.74065383022071,1.31658042560161,1.22225156843744,3.71344836687553,6.16371648905898,2.54749432932826,4.50394354503945,2.95985755940733,
Early-demographic dividend,EAR,"Inflation, GDP deflator (annual %)",NY.GDP.DEFL.KD.ZG,,2.18302615582918,1.38092060422252,2.68689912429289,2.8242852366137,3.00249847404524,4.12723633044918,2.71034307094364,2.77871994199776,2.79636838522842,3.5653954046037,5.38437111275978,6.53921567859017,14.5007748307022,21.7106229145247,10.484570374597,9.8112146216484,10.5066658939728,7.8042388536143,14.4533866545992,14.8820201167283,9.97891438858039,7.43698791306828,8.48775587837945,10.1636889932223,6.85120009488793,7.18543787496726,11.0120447485885,9.79605539362045,8.58504801719344,11.9957500830468,13.2320883228964,10.2347484772893,10.932578373641,10.1015802307105,9.5388190224195,8.6765097553662,7.11317082800731,6.51330700198966,6.88883410122743,6.83011466821127,6.01279243381738,4.73348190482506,5.75974076655675,7.61067009640277,7.02679090996958,8.40093821601526,7.31473017738978,11.3650917395462,4.76962373514098,6.90506472366725,7.96628942136113,4.97847501671956,4.34915794313848,4.01793096140872,3.17451861482162,2.67572013051806,4.43123846750837,3.83005510109066,3.34313691610601,3.30969230794909,6.20620808118304,8.25173238489145,4.69933824010405,5.38178043316242,3.54689147852916,
East Asia & Pacific,EAS,"Inflation, GDP deflator (annual %)",NY.GDP.DEFL.KD.ZG,,,,,,,,,,,,5.11710633824711,6.70010160493972,12.2750282357594,15.5491270691601,8.37841166986657,8.37620012371483,7.71891102881709,6.6039490294196,10.6427253762926,12.5988724107745,9.31808674499499,7.68423546982923,6.95012050149637,4.94223866185146,3.85879791031894,4.67211297421785,7.49712585351415,7.32801562142795,6.44866188713232,6.67946936480641,6.41216162853393,6.79776428300121,4.3717230648643,3.80383445963645,3.40484893119679,3.35620268871028,3.2357448452377,3.64520979181331,2.87366048690365,2.5968569742116,3.36684864796393,3.12888319863409,3.1392053024637,3.41504604503294,4.0144482644542,3.99991349831785,4.55181512693805,7.21799003147346,1.79591478010284,3.20158051976917,3.90835845629041,2.88426651899299,2.1670083558869,2.27264477705273,2.52668299096356,1.93173616821974,2.72877535063135,3.46684316501813,1.31658042560161,1.46747814810814,3.1886979921222,5.46517905025054,2.65024243712615,4.00353838933305,2.48641771124112,
Europe & Central Asia (excluding high income),ECA,"Inflation, GDP deflator (annual %)",NY.GDP.DEFL.KD.ZG,,,,,,,,,,,,,,,,,,,,,,,,,,,,,,,,93.9213213804937,1030.776808094,1078.88285465085,952.307150171549,161.163917579159,40.9649508237348,17.817642355159,9.46173017171613,23.0053043493629,27.1617380473374,10.200915874305,5.80322409676619,8.32077453759527,8.4336944783275,7.93510297063291,10.7486157261219,12.8727022306595,12.0086768083348,3.30282197548095,8.90130951132168,10.0870132326537,5.69492446064828,3.49991704639481,3.74965567021992,2.22766664995987,3.50806334370899,6.28980617702843,3.37569650407377,3.70690023426105,2.22797604954881,8.47251160639347,11.9383201285083,7.96458104658577,6.37310175443858,4.70157468856577,
Europe & Central Asia,ECS,"Inflation, GDP deflator (annual %)",NY.GDP.DEFL.KD.ZG,,,,,,,,,,,,,,,,,,,,,,,,,,5.32211606479522,3.93592426362304,4.45654842817606,3.22000223006094,5.57074976578189,6.28991299918663,35.5142469536257,14.7988124741645,21.0088029151815,13.4484869825573,13.382446378289,4.52656427270235,6.16217678211544,4.24714079137719,3.34482931892298,4.47790345297889,4.09514137899559,3.28200595560844,3.49287093654767,3.49167084407532,3.1762308600518,3.6167793964112,4.28220011377768,5.14558782537284,1.87291911125374,1.95449347938568,2.74248702984097,2.3067895172853,1.46435073908128,1.44519419824019,1.35809952055551,1.32792879082846,2.06306811454616,2.14480104239298,2.36184564089451,1.80268022559748,3.73934156267561,8.19886147930275,6.50190058322224,3.92020372976988,3.59733273080924,
Ecuador,ECU,"Inflation, GDP deflator (annual %)",NY.GDP.DEFL.KD.ZG,,-11.3204429779194,-9.99376534635149,17.6854254817797,14.5277813060604,2.99457830743539,2.11715397106754,0.47318745782772,-0.775245442965272,15.1482025772984,-13.9363806309381,-9.47897032434221,10.1496457998125,7.19748416667831,52.4795588760753,5.57582893686303,9.49371359655491,19.3607180696805,2.28989724325493,14.6144609481185,21.6356921906425,15.4914458583991,-9.18217401574644,-13.6448252646202,-3.92135491695417,-2.44013964040163,-13.690424394948,-8.70101398455468,-11.613801200505,5.36797841489755,5.81362920224475,6.88932031520689,4.30322945424375,2.64177083130433,15.0087193927155,5.2225533539193,1.49015470317768,7.00617304884344,-3.78267918134335,-26.2999927835161,-11.6834509266758,26.5982167835475,11.4865624240994,11.2472798399136,6.39061997126917,8.5829912693266,8.71658582881744,7.06342171694234,15.0941160082403,-2.76912594900325,9.01371738601253,6.83751222954146,5.00323590794862,2.66686728017176,2.05296051570632,-5.47563265671535,1.17114450392724,0.932031656124835,1.81939670683758,-0.0565742583910378,-1.82595653187617,2.1747440659329,2.34806843439985,2.14029219720726,4.52354895601171,1.48376034067694,
"Egypt, Arab Rep.",EGY,"Inflation, GDP deflator (annual %)",NY.GDP.DEFL.KD.ZG,,1.60997143777944,0.396026870374854,0.915371108625678,0.862295139785658,5.46455767944256,2.75119762106486,2.83201329328801,1.80143115336028,0.806310204656143,12.5161736901605,1.32672970163317,3.39909361924914,7.35261504267174,9.42497991709395,9.66387925086825,11.5332789914898,12.3379171369074,9.5476216915936,23.4998656374623,12.4308665172017,-2.19823538128443,24.7308589706012,12.7118644063102,8.24745260850462,11.576041762999,12.8751716472274,12.4693725365398,13.4175543445101,19.1374048492684,17.7430513642449,16.1252711751501,18.350780681308,8.42910538832268,8.44887156388798,11.399741499736,7.10766744856119,9.87627742790933,2.37768148920179,0.919435418300225,3.9444069943829,1.86769984238948,3.16557906647942,6.77749360596222,11.6699083416978,6.21272950687732,7.35997773068566,12.5957398239341,12.2039844619929,11.1855422667248,10.1068646296619,11.6629763517622,19.4828774699412,8.7126745748715,11.2476245030618,9.93088973044884,6.24566313330115,29.5184798350164,21.1748208165379,13.6180959117792,6.17693409749245,4.84715643253217,10.4257892437454,24.7990758719001,33.6915042171892,24.9630903162388,
Euro area,EMU,"Inflation, GDP deflator (annual %)",NY.GDP.DEFL.KD.ZG,,2.65304043358577,3.96560537604449,3.42036812910131,5.23837688390061,4.13762040636896,4.26410187469347,3.21766068811272,3.51734735422919,4.67111937826783,5.54524371928355,6.2043731872716,6.69896435030859,9.46627685994071,12.8956526534903,13.1200014847577,11.4421210765433,8.85328523820247,8.36082750516793,9.2578533994685,11.9693278450183,11.480775951215,10.3526003680226,6.81868148898029,6.37927123866406,5.18633017364898,4.15066893813068,2.47028250226069,3.17903029390381,4.79745736975174,3.39664351505493,6.93513950036797,6.0413829642588,5.17575334233229,3.87984187647956,4.93312976632123,3.53325729668276,2.69189652065016,3.10399445027419,2.30197579551444,3.27018665605023,3.66029151712353,3.2590042864354,3.16726436365273,2.70929887023898,2.53196784657297,3.08610638913302,2.75439824542774,3.03758641607111,0.870686508232993,0.782135844537365,1.67118441203004,1.67877418981877,1.14493599899532,0.724456767129396,1.12183851916816,0.607930583315365,1.43936441864196,1.85237145416053,1.98558869883709,1.75745290166456,2.55611236501613,6.28541243425478,6.6911238945853,3.39369719128545,3.15472771366517,
Eritrea,ERI,"Inflation, GDP deflator (annual %)",NY.GDP.DEFL.KD.ZG,,,,,,,,,,,,,,,,,,,,,,,,,,,,,,,,,,-1.38317062735574,10.4321476871899,9.81004035440252,9.07483488878513,3.89715179110848,9.10917293901807,2.31856149221601,24.9775947531466,15.0772695786828,16.1486673617657,21.8728417590652,24.7992856783348,7.62368935878268,11.3940039534664,7.28820826067988,16.0762200958727,29.5045071421789,-16.2281996990874,19.5382281454081,,,,,,,,,,,,,,,
Spain,ESP,"Inflation, GDP deflator (annual %)",NY.GDP.DEFL.KD.ZG,,2.46638951957382,6.09584149915743,7.84537454723227,6.25431941258962,9.16486653205575,8.17374346969957,8.53771919291313,5.91113005610204,5.13325078614535,5.94258619853687,7.846019387144,8.51792227714836,11.8495983569851,15.9451092704638,16.7817823842656,16.4899211499741,23.3830685423693,20.6310431232925,16.9316322478676,13.3548266040901,12.3511919127025,13.5823236351368,11.8842453434335,10.8647340209194,8.59547962292207,10.8788163151549,5.94419828568171,5.93612617591543,6.89619412581477,7.32625121093244,6.93513950036797,6.71077121153706,4.53724123553553,3.87984187647956,4.93312976632123,3.53325729668276,2.46503210680234,2.63477983152434,2.618580567008,3.41275208349518,4.16231327621294,4.09170227034321,4.00396572542915,3.9116657619694,4.21292340639742,4.0724888213377,3.56123409827231,2.45204365410383,0.231283091776064,0.292837731273394,-0.145958771821014,-0.202954992229195,0.438175032697188,-0.22068679671149,0.552441816045786,0.372182539615821,1.25794431812474,1.18735470237598,1.42867123652391,1.13391454164042,2.55611236501613,4.69383953106939,6.24520480258481,2.89236477965287,2.91471341715197,
Estonia,EST,"Inflation, GDP deflator (annual %)",NY.GDP.DEFL.KD.ZG,,,,,,,,,,,,,,,,,,,,,,,,,,,,,,,,132.570433611405,873.642857194522,84.8055188143604,39.6690143204237,31.40856953495,22.5394870536946,9.92246703729838,6.89450253802639,6.46101777278878,3.68470254992069,6.84871839467411,4.80387804769032,3.88938564810275,4.68945896823254,5.92389435266909,8.97863765026128,12.3541655693122,6.79510897052367,-0.387627029587321,1.81653769106526,5.53917467550018,4.20552981379841,4.12395389036655,2.85654308393384,1.30643907694559,2.43852660721117,3.74109847269489,4.84907461768212,3.8226798680774,0.753338456718083,4.29149270003289,16.844809078341,8.6352827532792,3.98984389478063,3.84288437338658,
Ethiopia,ETH,"Inflation, GDP deflator (annual %)",NY.GDP.DEFL.KD.ZG,,,-0.342655700317735,-0.080677641911592,5.09651005791409,2.92315374468527,0.333460210288024,1.77294449289009,2.1927423706022,4.24105256872164,6.27937726396934,-0.869609635258001,-3.37743356623021,0.383063671337695,7.39299890729603,-1.23429252675152,7.8524911397498,11.2882834007544,3.58654676633935,10.7131309281986,0.0490553737813286,2.56587809392725,4.27053150514377,2.70287832316392,-2.73397994496824,31.7877631815801,-5.27315545606365,-6.11949199614257,3.10550371429643,5.58473189935052,3.27137461018907,19.0842902492679,15.5322258259661,13.3768642699096,2.93108171311198,12.706369016501,0.239138035138311,0.206655550037695,-0.150146936642244,2.22272309116569,6.79999995197096,-5.75533534225357,-3.62143421337792,12.7679783281979,3.91136245322075,9.87551190872618,11.5523498024232,17.2205794784882,30.3116730794684,24.1464152895509,1.44457232747229,20.0618750792177,33.541405015827,4.9019792971925,10.9817882891146,10.8365427851017,10.3979572690542,6.67682221960871,12.382276100107,12.8604326446626,18.2545726747735,21.7632725692023,34.6666049998359,32.9130722705635,25.5387817874959,16.6845366399813,
European Union,EUU,"Inflation, GDP deflator (annual %)",NY.GDP.DEFL.KD.ZG,,2.78215882313847,3.9739443227581,3.16247038592475,4.61103122662306,4.1970402651325,4.44218872267892,3.24189071401256,4.1966623772358,4.20898797039031,5.4455908143203,6.65733077412783,6.83606464110321,9.0765274740907,12.531996170356,13.1910147763032,10.668544343929,8.80968474088657,8.83346532299592,7.94320815543519,11.5460875895279,9.6440364094574,9.56671682731032,7.08601504012962,6.35544777173328,5.2056010396485,3.94646516305731,3.45665930097805,3.22000223006094,5.17689762155715,4.29693441438709,8.24678891717885,6.71077121153706,5.97276953608998,5.27098176194455,8.6770236540091,3.78355596995877,3.88520772369525,3.31320679022488,2.618580567008,3.27018665605023,3.66029151712353,2.95365642320316,2.28606356000492,2.96881070204127,2.62270369774085,2.89553948818457,2.96634576194943,3.37281719928582,1.73939280154138,0.920955278990149,1.67118441203004,1.70237982317502,1.14493599899532,0.902550708834269,1.23453645859612,0.885482436856336,1.49398382531361,1.87085953898291,2.33858654999968,2.03874418596244,2.69731875410955,6.47825402744266,6.91075240547165,3.46708059724392,3.15472771366517,
Finland,FIN,"Inflation, GDP deflator (annual %)",NY.GDP.DEFL.KD.ZG,,5.34177823435427,3.9739443227581,5.14661017233998,7.17576849417809,5.02328936809336,4.72384428716188,7.36206427032342,12.0637666958616,4.15032524163705,3.84859314519812,7.36410565553014,8.24406582406108,13.7720395470285,22.0714034418178,13.5679929925619,13.1246769095324,9.41866156617061,7.45419229161499,8.3049803497947,9.63558447670229,11.63545629811,9.06356464069459,8.19534159468888,8.45394073885176,5.22487190564802,4.75828774589755,4.29236874925016,7.68419879010642,6.53423251544774,5.19722531371924,1.51635686905591,0.893692245224088,1.76544079634935,1.84497580628864,4.20145595843186,-0.0813565192954115,2.08552267002284,3.10399445027419,0.931413290729381,1.63739243267639,3.30463108407764,0.943133244036815,0.189982953920136,0.602239790683768,0.929374287942778,0.920180213508985,2.75439824542774,3.03758641607111,1.77522561944836,0.348872946424805,2.60092840038482,2.94534602282646,2.56139415952232,1.64467051608914,1.63270237918134,0.05519539775689,0.836045933090816,1.98705901186365,1.48185903627636,1.63841596860614,2.49284202465265,6.17278075702792,3.92171117971077,0.717232367777584,1.48235981228764,
Fiji,FJI,"Inflation, GDP deflator (annual %)",NY.GDP.DEFL.KD.ZG,,0.608978744452671,1.40252478838146,-0.969269454354816,3.1407426456675,7.95093462201062,2.48287671232876,-3.5982175131138,3.29113480412013,6.49423183317947,6.8312878034418,3.3592606577289,14.7253719073843,15.9974512046131,29.6457126685505,24.3186486213662,7.91144720521541,-0.0320297478969707,4.43188462988944,8.14135030176475,17.3117044849995,0.959090008847724,12.1398728842098,6.81675534807431,3.00749629592532,8.21525467770255,3.05129777894693,7.34001038048933,7.32801562142795,2.84829647736041,6.67946936480641,5.99313127657138,6.3066723081612,7.23734443672474,0.828039348254507,1.13041411217547,2.86844155146851,3.29005621851097,7.44795430622116,6.73182083751693,-4.71987451344059,3.24539608403475,3.26644797936271,7.70277973020282,2.19400746488819,6.6451868387006,3.74675912400842,3.02445541765712,2.15811935495023,1.39069482875168,4.2297847294785,9.39134128198071,3.57651375541231,3.62129566799582,12.5054061344817,2.53089781689621,2.63332641507768,1.69845777309494,1.42571828371834,-0.307833387791391,-4.11799767852848,-1.81417619251238,8.07405268028066,2.75299054492405,6.10727357070493,1.99962969611909,
France,FRA,"Inflation, GDP deflator (annual %)",NY.GDP.DEFL.KD.ZG,,3.28218717578079,4.7857759737752,5.56622909728127,4.0681132611071,3.04551929078967,2.98440260782351,3.08431269009408,4.25740952779701,7.36077325071143,5.4455908143203,5.92763152412856,6.69896435030859,7.93839740535296,11.648408051032,13.7519359039847,10.668544343929,8.80968474088657,9.26746271872088,10.2107264491423,11.5460875895279,11.480775951215,12.0327134039591,9.61253720363675,7.07327476673912,5.50414182259435,5.23941497683327,2.47028250226069,3.17903029390381,3.18399410529275,2.66599580185081,2.45511567573044,2.02035040654253,1.55772419469594,0.952852945745434,1.15064618751455,1.31735744530737,0.874762059865759,0.908513586199163,0.220167673110879,1.41757333768415,1.90239797511535,2.06427792329687,1.80137944811318,1.63363930976588,1.96210336343643,1.99737953136012,2.38503020327239,2.30079918762539,0.105961139274143,1.089446423803,0.851478363204762,1.08204690089583,0.747875807422233,0.570795054388284,1.13444009013935,0.517258232209031,0.586343157961707,1.11459331332806,1.21052308336793,2.97797868174696,1.22181614073425,3.01818420778099,4.99026368272813,2.08759965215148,1.17611936604543,
Faroe Islands,FRO,"Inflation, GDP deflator (annual %)",NY.GDP.DEFL.KD.ZG,,,,,,,,,,,,,,,,,,,,,,,,,,,,,,,,,,,,1.59447437718794,1.59447437718794,1.59447437718794,1.59447437718794,1.59447437718794,1.59447437718794,1.59447437718794,1.59447437718794,1.59447437718794,1.59447437718794,1.59447437718794,1.59447437718794,1.59447437718794,1.59447437718794,1.59447437718794,6.94863066561592,-0.952002297174914,-2.40012352793522,1.51621182344519,2.67172494481022,4.87854955309814,7.86638738548197,0.375894775177869,-0.425379106897282,3.49989705671146,-0.111554948657087,3.42547658268857,5.89650354328583,2.9440297156636,1.99548547761059,,
"Micronesia, Fed. Sts.",FSM,"Inflation, GDP deflator (annual %)",NY.GDP.DEFL.KD.ZG,,,,,,,,,,,,7.07613942869409,14.014457473182,3.58083111689305,14.7826810978841,-0.0221858993029684,1.14441530559391,-1.3418875194689,7.37016072440568,9.99533053662259,14.7553918999083,8.58260113330903,7.5033046305218,3.07542948670641,4.8154761971183,3.28435878881068,1.94843660947161,2.76845107987526,4.19924612786113,4.72750458162707,4.94965000222933,5.10139302737393,3.03052258689604,3.01223019877035,2.61502332439368,1.48853184789679,1.86257452481114,0.640624280228778,3.00911344981816,-0.806439647762289,1.04444772379975,1.10844349349432,0.0921861402972439,-0.369522397402278,0.975472494489523,2.06611570247934,1.63455238799202,2.90801687763711,5.84158924079871,4.76962373514098,3.64347905227073,1.63607121069269,6.92640692640691,0.641025641025635,3.28528327187396,-5.41431762578452,3.50303223747208,8.15370080306306,8.69940673118978,-3.27074079949237,-3.61151184173897,1.85723057439542,9.44262482657663,5.4881901840749,6.16796732200359,3.20090313856205,
Gabon,GAB,"Inflation, GDP deflator (annual %)",NY.GDP.DEFL.KD.ZG,,3.2784459977796,1.38092060422252,-20.3428071749175,33.5405931722289,-3.05910721320468,4.13442612556352,6.22473460273211,6.46087509519637,4.95912491167516,-0.420199476219523,6.50416559795792,-7.27696861270599,34.7576540074799,65.4104680346323,4.3722451913092,14.6649351885911,9.7956800306458,2.8590740843683,18.9830160347647,36.7811019659279,10.4420666998509,16.9036292452086,2.92484211564717,12.0102171085344,-1.27605176980616,-20.8098140654884,0.993283233261138,2.61513440157093,7.72802479114524,15.3581413902885,-11.3661025319168,0.213866958889213,-0.509480779167674,46.5514429443013,1.33911548793357,13.5626767433953,0.946536838356195,-17.7864014784402,19.191335888387,28.0893435970034,-0.168658932431669,0.855807814236272,-0.217120395730603,7.7652785346058,20.0944728946612,9.86813727770777,4.23136164247251,20.4789590409741,-18.0745351045978,16.5643202141089,12.68122777311,-2.9419027036061,-6.15792493444491,-0.851390333321461,-8.92717245327955,-4.26975397974572,3.82030214446843,7.17665749439934,1.54748519798422,-9.00986856167656,20.3384091823719,14.7583426835175,-9.95804918444996,4.19791300217591,-3.96095213648829,
United Kingdom,GBR,"Inflation, GDP deflator (annual %)",NY.GDP.DEFL.KD.ZG,,3.36343949934377,3.3735133654952,1.60352403320334,3.28496285418676,5.60679438670375,4.98153656054234,2.77946163136882,3.9312995644712,6.02203764304696,9.24855095783134,9.57376804142478,7.90744736411204,7.61709836564329,14.1175062832133,24.761783651838,15.2318222482954,13.8153580299512,12.3208153896653,15.1792045184447,19.8845777840884,12.1749716825063,7.31547585982375,5.72895974357945,4.61899494521043,6.06984746656354,3.47068969862579,6.27818524489476,6.84082662710344,8.24839062115159,7.83749804109193,6.62319504227638,2.40945675811533,1.73971156673159,0.323782435333555,10.8089989834776,4.1415146504375,0.0361112084125352,1.32852261085725,1.39449927458722,0.975617612640008,1.71220036973506,2.08860163657185,2.38473961750429,2.73053970408219,2.86399525809389,3.07552591877121,1.99341143170845,3.30470549931354,2.00745060148992,1.3283713684016,2.47595818739667,1.54776864204749,2.15708778775598,1.5960156271688,0.669172003330104,1.73539354292218,1.54252781517637,1.96276612181809,2.46133048824501,4.84234085720969,0.711756533859329,5.67864204313082,6.34491419212233,3.93792722917763,3.69325089441037,
Georgia,GEO,"Inflation, GDP deflator (annual %)",NY.GDP.DEFL.KD.ZG,,0.696775523784282,5.25179185280902,-3.59872180117573,2.1330602798289,-0.606065024453827,-1.82170616766616,1.27804505260754,0.625857201131907,3.20053117968911,-0.174016459378734,3.13733981557884,-1.36951753449533,0.385090584947577,0.870078810268922,0.690309554885246,0.528042676369296,1.37263460379987,0.506042183370738,2.81585558442443,0.998971120970253,3.62531411893355,3.50550160200538,-2.81720237856229,1.28015120287648,-4.53224449576,6.10346627987684,2.33372501305425,-2.23111156230848,5.41600480029352,22.3590344933704,61.7520532059273,1317.6926314032,15444.4204230537,6041.47404707409,162.73388551076,43.0302705009227,6.53497517117418,6.94032134027844,9.72884175944706,4.67821081510431,5.37434640155622,5.91907467017472,3.42601021010252,8.4336944783275,7.93510297063291,8.44730526034763,9.46750810327333,9.5923273865413,-2.13576824299331,15.9058283591544,9.17171128297396,0.291166471422628,-0.650965016455302,4.58990448370156,5.37742167651898,2.27481842989697,7.54674499838114,3.48481628679124,3.99568034557234,6.84793338769904,10.229587650373,8.13545014384806,2.94809953907664,4.85867391433284,4.6366049587139,
Ghana,GHA,"Inflation, GDP deflator (annual %)",NY.GDP.DEFL.KD.ZG,,3.47084986522219,1.94014981856301,6.74564909494586,9.93481623446407,17.0065952727131,8.15251497850737,-3.87835660497238,12.6165172380079,11.0368168556395,2.88915449133818,5.18201257417248,15.4725593609425,20.8824921164568,24.5687337447089,29.4635236965055,28.0486497318527,67.2507824057327,73.3066945801153,37.9494781749506,51.1261350102795,75.6335657777325,27.8905790691127,123.0612136164,35.312424343661,20.6484149868503,41.7057955236849,39.201496901411,33.4028541879545,28.2943110771731,31.1665867346186,20.041359240014,11.150082868787,31.7572123690249,30.1289269685464,43.0453305777804,39.8377428094835,19.4581675889703,17.0484652451336,13.971165047912,27.230113843564,34.8179440663303,22.8185847230637,28.7044072059077,14.3501511250415,14.963718404163,84.6834718225876,16.1042405872748,19.4102710868683,15.6665686221496,16.5956447322347,13.9148221759821,15.2052787396605,54.0129117583926,23.9399587593999,13.2529666807363,15.7486203078991,10.6773082339139,10.5684824952629,8.48107029698721,9.36557496583738,12.1061016311773,28.1838728518082,40.105798183836,25.8753849206534,14.4336587700116,
Gibraltar,GIB,"Inflation, GDP deflator (annual %)",NY.GDP.DEFL.KD.ZG,,,,,,,,,,,,,,,,,,,,,,,,,,,,,,,,,,,,,,,,,,,,,,,,,,,,,,,,,,,,,,,,,,,
Guinea,GIN,"Inflation, GDP deflator (annual %)",NY.GDP.DEFL.KD.ZG,,,,,,,,,,,,5.62234594397708,5.5773840553355,9.96406676333521,4.14811388303909,4.82218350547832,6.19921193375721,4.61392584267801,2.16033425907771,7.63474575147927,6.23678176955913,8.63763178724368,29.6656631157964,29.3191781682752,25.2464475436293,19.0000467262398,69.6611853545174,27.259990113432,21.6536391309608,22.3155734208137,17.2791811684954,25.8186705671299,26.220213626085,0.673757277386372,1.42800163986341,5.95133830053159,1.54596823705317,1.43412666636782,3.32464044488574,4.2276753067021,6.30012395836252,1.75242631853581,0.43277237665886,15.9106965575684,16.5215833233368,27.3908453723395,37.5840614661127,13.618870145336,16.7051270191033,1.77103008660369,16.1026033748334,8.99929064251756,11.5159611123425,4.32935646096067,2.6158977058997,2.9722848994975,5.66895163278967,10.3565072127234,7.05908442039132,9.40290766328131,4.24998016732003,11.9862978624966,2.80558292389495,6.09250536857687,6.81449404284753,6.19069901228895,
"Gambia, The",GMB,"Inflation, GDP deflator (annual %)",NY.GDP.DEFL.KD.ZG,,,,,,,,8.54971500949968,-8.6860151429929,7.12847090828797,9.06913662712363,5.16335836017031,3.15677866701627,-1.04550819494324,20.9372251362204,13.0485860750663,11.6931910052415,22.5954017819315,6.46035740736792,10.5969433720237,-0.177584651213067,1.56352687341406,14.487418403339,2.68309207939261,9.00160635068991,39.419110439818,40.5167890980445,18.4980118983013,9.70614941350554,13.7365724207038,11.9645333920464,134.035872371748,1.95003083677199,5.14232248435012,3.77739655145763,3.9632505001165,8.36856956528243,-5.96911945125618,5.41182120304006,-2.43549436370589,2.2169826127346,1.80543765163377,10.3913445898093,12.8939411821531,94.1901141376152,4.11380528257159,1.30320399765218,4.41482490193262,2.47584586803727,4.51330535299645,5.64433086097335,4.57212350369147,3.84516021372072,5.93313138058191,5.21172310682789,9.72036242675256,7.82062274860979,3.92171862000133,6.95176403794258,6.25220639943007,2.18875895856547,7.3821228563862,8.81707580376896,13.719183938301,5.79689364240312,7.88836097747654,
Guinea-Bissau,GNB,"Inflation, GDP deflator (annual %)",NY.GDP.DEFL.KD.ZG,,,,,,,,,,,,1.80727370099329,4.97439546023635,10.4339034453453,8.92442665595168,7.20304453867237,1.51369032560868,3.0658374894474,6.33587998803505,4.28001400829197,11.5368356573418,1.81704016918334,16.5422954314501,23.3070672577759,59.4018208817612,32.3135050589575,112.894815383795,94.2634571902545,79.5448390329376,99.2533223283567,30.2460376903082,67.8943671135919,64.9811893213623,49.0588852863271,23.2494808479149,44.7300381994029,39.2337134878286,34.138194798626,10.340339607126,-12.4222901600091,-22.9323193799366,3.76203746852637,3.37438322483159,-0.570313376444105,-5.48079611953119,3.1144126331738,-4.24338612900782,5.99026579629418,12.7627326964103,-3.82520779013052,5.21501552229329,8.45292200371514,-0.0272211604902992,-0.932275244837825,1.2975573716642,14.5196628984565,2.71774539339231,10.528296464536,-2.53156124592356,2.86097901893625,1.98774395959522,2.63704173150228,3.79045711575634,3.98120891582747,1.32117473670696,4.3208003757871,
Equatorial Guinea,GNQ,"Inflation, GDP deflator (annual %)",NY.GDP.DEFL.KD.ZG,,,,,,,,,,,,,,,,,,,,,,14.4428282122201,40.4180066354334,24.7497739074644,25.6371717808781,52.7747865897616,-2.92340971604136,1.518170653754,3.97698450326642,-4.7958613417904,10.3525268440096,3.55211254107566,-15.4237004844106,-2.6931154191177,24.5263467390672,7.68083409226116,0.821196361917359,-13.1471736691146,-31.5659149794624,39.1576256709104,64.7350222970558,-11.9715274350058,-1.58289027139674,0.635621901563525,16.9227635071874,59.3290506697722,12.9763712005288,3.0376538593557,19.8400389323386,-20.8302309584088,24.9065341802403,17.045106569847,4.85478204392102,-1.07267375706822,-1.27384264682834,-20.1927503678985,-6.2854221112699,12.7423831594725,9.51383429692252,-3.16368983363937,-10.1685457458373,17.9386307222713,22.1004087260455,-3.74979666719064,5.22554983275714,-1.38305927171049,
Greece,GRC,"Inflation, GDP deflator (annual %)",NY.GDP.DEFL.KD.ZG,,1.09637902436619,4.69014087100359,1.11058320127798,3.40564752766717,4.07820054760542,4.92139913277347,2.1698376841794,1.47716900598193,3.18127431922461,3.79931906495332,2.97502278878564,5.04662950588227,20.9103440146027,22.7804892307246,13.1200014847577,16.4344567120675,13.7544131716417,13.7880555342912,20.1507004226434,19.2394533100485,21.6120402069128,27.2127473220199,20.61219942956,21.9184595112788,19.0259502676797,18.8819987225397,15.2526822017377,16.6798697761862,14.4989731477113,20.6905968705984,19.7877437590807,14.7988124741645,14.4287485501317,11.1818886200796,9.79183641453551,8.1968567625353,6.61834396635828,5.27870900453958,3.50943982797402,1.61880051326631,3.47068701648989,2.95365642320316,3.55858829752319,2.96881070204127,1.90041788925922,3.36453600825695,3.36710379338597,4.06288884890627,2.36843430509732,1.18092065228493,0.976657802861098,-0.334569925784251,-1.9603216018036,-1.92347455777482,-0.174753732642159,-0.489961144384012,0.2036135315862,-0.234800451317412,0.245015781395267,-0.363959702932064,1.39275644673982,6.28541243425478,6.26971104079917,3.20936406384638,2.77684627717545,
Grenada,GRD,"Inflation, GDP deflator (annual %)",NY.GDP.DEFL.KD.ZG,,,,,,,,,,,,,,,,,,,17.2732863140987,9.62158803206393,9.04926319601825,2.70869455121156,4.16360439310404,1.3934847006406,6.61240813915163,8.74808516645101,4.33505390638366,5.05935040117993,6.76144923509206,8.99639076532455,0.0159320996657328,6.66990965002674,4.01158053146258,1.88342481748877,3.19076291832734,3.05315063185311,2.6730845108079,1.78470722159389,1.73787306807156,1.12148933209397,2.86302977239589,2.14417694306613,0.372146666086891,-0.0770720974060168,2.0311480128201,2.48974192114287,4.6325878594249,2.3194437271099,7.84772902644215,-0.0098997984490267,0.479792195397422,0.224507391716472,3.92615000865237,2.92309825170382,0.775212924728535,2.75839206279986,2.64424525750435,1.5261735013888,-0.703659389914975,3.32753294754764,-0.299985587376284,2.72736924168086,1.63985185247203,4.45559777901883,-1.25813950408067,0.658072836684596,
Greenland,GRL,"Inflation, GDP deflator (annual %)",NY.GDP.DEFL.KD.ZG,,,,,,,,,,,,11.4477441108891,5.69999347724328,7.66319264977784,15.5536095463549,16.4258539377576,13.1939907223453,6.98210723504286,9.277243029464,7.50246766324653,11.5592506948923,14.9268056740014,13.0168695446477,9.71713038153248,8.87082971666764,7.42366301609702,4.12958713926213,4.62072810710197,6.35023844436813,5.34985898218569,5.09258496640497,3.22527510688253,1.54567816586948,1.04201645406883,0.468374320351145,2.0558722906533,0.98010119241836,0.496703674994151,0.978426732690068,1.06045632023837,2.11009321468467,3.40225682840818,3.10308366667165,6.53297806665232,-0.538444084879913,-3.22917708259992,2.23838314534038,-0.0475153423214891,-2.01334418011534,5.53863543152578,2.02760491933817,2.88404565929712,3.44533181192106,1.06737253143181,0.990273554004744,8.14438057205848,3.53778245812826,3.2664996424492,1.84672035174569,0.744863000194002,0.859588494283628,0.798340349268443,5.60649669091305,1.86374739406516,1.86374739406516,,
Guatemala,GTM,"Inflation, GDP deflator (annual %)",NY.GDP.DEFL.KD.ZG,,-1.08036505460578,2.58550220839071,0.805342857443534,-1.6805749792823,-1.79704928425576,-1.00285926003465,0.387597216976147,1.87142845891258,1.69624052708328,5.00118148327712,-1.26918868733271,-1.36345940966004,14.5007748307022,15.6792720426292,13.1160911508266,11.4953046485916,16.4528645451053,5.49595949916622,8.58718983031972,10.0048853297543,8.54810804647244,4.97795460699444,6.56097549698811,4.12370037811434,18.7797351038113,41.4625927752496,7.99853485175031,11.6552979490679,10.9088968745446,40.5312590935109,32.9750520555911,8.86138482809405,14.5043516282533,11.7222782032805,8.66781823897942,8.90000450953323,8.25733951685741,9.50243518490798,5.04155798311092,6.83011466821127,-5.61014528351383,6.4691750654456,4.47123467160999,6.02385881441585,5.66843562624204,4.98133297071131,7.11535054335639,9.4074918223814,3.60017527305328,5.13757298846622,6.89464340316468,3.37775084412593,3.35844634594847,2.86037216114291,2.23161308502304,2.70719500353177,1.74794495574884,1.27156098090806,3.56581578958045,2.87230731822092,3.1305504045966,6.36699144431654,6.51232599855618,3.6798816329392,3.38685024304168,
Guam,GUM,"Inflation, GDP deflator (annual %)",NY.GDP.DEFL.KD.ZG,,,,,,,,,,,,,,,,,,,,,,,,,,,,,,,,,,,,4.23956469911589,4.23956469911589,4.23956469911589,4.23956469911589,4.23956469911589,4.23956469911589,4.23956469911589,4.23956469911589,4.23956469911589,1.79534074166956,5.0644082344359,4.40688073216,3.01294733451209,3.82348519599265,3.19692668414319,0.237584677615857,0.62907025079673,3.43097913322632,0.84049308927905,2.07782277044168,2.52246816503092,1.57407577083902,0.998991461381451,1.47239079307833,2.43881496389949,4.03539008928644,3.25017571972322,5.46517905025054,5.46517905025054,5.46517905025054,,
Guyana,GUY,"Inflation, GDP deflator (annual %)",NY.GDP.DEFL.KD.ZG,,4.29350364903,3.75006064804575,2.77498341516986,-0.485362841371426,-1.78719178625894,1.92134906094627,4.86440616678965,6.94537686460902,1.4158336466819,3.03612048731136,2.14161892862323,9.88567341211393,6.26943467043036,37.4721543662906,14.6581480735867,-5.77655371021707,1.67956521026494,14.7877857427903,6.56294006878343,11.7787932465481,4.34073954664045,4.30240455114837,8.91968461045738,19.2817521956953,14.5100988981018,12.2933626905493,58.7108211163734,23.6460377170686,162.546009714862,56.4446095646669,134.53764412728,11.3007436728124,16.9508888014222,17.5214526662255,11.4444021051639,3.9305797534646,1.44325370621002,2.97009281527207,11.2105069504252,6.58604372567883,0.321971564083512,2.61875157240041,4.71856672944857,6.77523783891412,7.63242891934588,174.857704742568,8.21101038547327,9.55474858618992,1.15311395698279,3.97225241927488,2.40931982980719,4.72761506665056,-0.53668052810572,-2.10540388667033,3.00430951684523,0.898175926516998,2.10900787395214,-2.88748792539391,2.96118846307267,-26.2960990745423,22.4176972723594,12.0604489196063,-14.0864299215933,1.35888902828682,-7.93035469801254,
High income,HIC,"Inflation, GDP deflator (annual %)",NY.GDP.DEFL.KD.ZG,,,,,,,3.8521608042743,3.70849761210078,4.3627553145903,4.50073011755079,5.54524371928355,6.81246016963522,6.84700423686932,9.92880646933511,15.9451092704638,13.1910147763032,9.30693353403858,8.80968474088657,7.03393065331328,10.2107264491423,11.7787932465481,10.6381638476485,8.94532153657011,5.97696702414777,5.43871760682222,5.02610152123236,4.1401280386964,4.85267158195875,4.43718609712469,5.52176642216907,6.06816252359379,3.96163358620383,3.72906917425,3.78489366182191,3.17826457216903,3.42861751476664,2.71252593859086,2.23688549259829,2.21806605571771,2.46027818126122,2.94975875130437,2.60647542603731,2.82029112309502,2.86830914078841,3.08047501446632,2.91977381310003,3.07968132747332,3.36710379338597,4.02972814120686,1.31822663777538,1.5047865386211,2.17781560052708,1.97691484531166,1.35768173622308,1.26937455405929,1.37216081255572,0.968897449605109,1.98498084117679,1.96276612181809,1.83436824863219,1.31368166079125,2.80323919722554,6.17278075702792,4.40820443649315,3.1102774214087,2.6194783226852,
"Hong Kong SAR, China",HKG,"Inflation, GDP deflator (annual %)",NY.GDP.DEFL.KD.ZG,,,1.95550739340977,3.68559474352857,4.95618964357061,2.37963804528422,0.553216185728772,6.64314005218066,3.32636113087923,5.58757301960738,8.85450108159927,7.62340973017641,9.15072739697035,14.2619773885085,11.6120322751561,4.45851561220442,9.63685761735418,3.85825533569756,8.12233651343473,17.7598024766504,15.7452294461775,10.6160338983438,9.68484479605863,4.60265226882896,9.6419607714441,5.36131552994867,3.77070371704551,8.61131835131737,8.80195761143409,12.559338825312,7.56489522252895,9.14043339138593,9.89925896835415,8.61292081676793,6.32126938848604,4.13950507257034,5.88367506557472,5.76026274716644,1.21986998115209,-4.09569599411046,-3.39421910193202,-1.77401913676773,-3.40188995492557,-6.00776764948114,-3.59085108985262,-0.150060014532087,-0.534841194617414,3.13743739201485,1.28146224661245,-0.375463134268401,0.270621528158884,3.89791113727576,3.54479208694718,1.81243824030362,2.85027367840411,3.64354746687002,1.6382544482193,2.88058154435278,3.65957207425069,2.04495530689914,0.638324164435261,0.68361601791112,1.6885303942916,2.89214154042013,4.15884837120706,1.02447880734384,
Honduras,HND,"Inflation, GDP deflator (annual %)",NY.GDP.DEFL.KD.ZG,,4.08163265306105,3.52941176470603,2.65151515151503,5.16605166051659,7.36842105263177,7.51633986928091,4.5592705167174,9.88372093023233,2.64550264550276,2.06185567010306,1.26262626262638,3.49127182044879,4.81927710843377,0.689655172413779,1.5981735159818,2.9213483146067,10.0436681222707,11.5079365079365,4.09252669039147,1.36752136752123,2.5295109612145,-0.986842105263392,-0.830564784053479,2.51256281407039,2.61437908496767,3.02547770700666,4.94590417310657,5.44918998527251,3.91061452513925,-0.134408602150486,1.61507393639764,5.69536434748512,6.01503755757722,-2.00945619305493,4.10132693979517,3.12862092335482,5.28089890943922,2.13447172978898,-1.46290490859414,6.04453872914014,8.08434938014908,5.13193992154596,5.75974076655675,6.45198385160759,7.27916415839877,5.34866346521486,6.62550716828601,7.79051363926141,7.65373242322937,4.67604329499009,7.8072052366428,3.57978742613756,1.37403051856492,6.84935672480186,6.9327703694637,3.67806814426042,4.5128429763521,1.94721691531043,3.35874088466439,3.40198228348704,4.60572808888793,9.31239503002736,6.04752279899292,4.70034716242627,8.01663520642373,
Heavily indebted poor countries (HIPC),HPC,"Inflation, GDP deflator (annual %)",NY.GDP.DEFL.KD.ZG,,3.77624125914162,2.05096693162303,3.23554421983585,4.03251283857818,3.05217660760466,3.90207287072466,1.33299886735097,2.71222764713974,3.79167755182553,3.6154754792644,2.97053771045424,4.97439546023635,9.96406676333521,14.5043139953154,8.30480454769906,8.67575133556515,11.2882834007544,8.56215117461142,10.7131309281986,12.9883197516404,8.80019382633151,10.0000183961739,9.23064762789424,14.5698880888814,10.4054880577225,9.77680717645465,12.5231608485536,9.53403991183895,10.8804242756901,11.9116195809889,14.7945976194655,11.150082868787,10.9514006479388,25.6169624714956,12.0753855608324,9.79170146427724,5.1227082957338,7.4957213978114,5.90296091906202,7.50055209955419,5.82661894343531,3.58323851143199,6.27947337758961,9.05090240497574,9.03080654983293,7.46134453965777,7.32124731768336,10.2448853478003,3.60351518418189,5.63761163813462,8.99929064251756,5.82399948795916,3.58690582613154,2.6158977058997,3.00430951684523,4.34616383662868,4.12384905939905,2.65825855086592,3.00001181631713,3.40198228348704,5.16433588592962,8.66620854081535,5.09636214860694,6.04628385410035,5.12216904951298,
Croatia,HRV,"Inflation, GDP deflator (annual %)",NY.GDP.DEFL.KD.ZG,,,,,,,,,,,,,,,,,,,,,,,,,,,,,,,,99.2954217843146,594.846712839931,1466.78950479419,111.758750020413,23.5070354619811,3.8349085043609,6.88882205722525,8.17803504455942,3.51653348866418,4.34721297949866,4.2308870400727,3.84139132491586,4.29924885103044,3.62516941108863,3.11296308312666,3.87915124354652,4.28652468877357,5.53093581431412,2.98079381226945,0.920955278990149,1.67118441203004,1.4097508285585,0.738572400563456,0.129745689649098,0.123740124401735,0.0142096735846025,1.22924105074425,2.02671225148859,1.98558869883709,0.796428912481801,2.0810342109412,8.0097126152175,12.870303820317,4.48761487628609,4.6680876233543,
Haiti,HTI,"Inflation, GDP deflator (annual %)",NY.GDP.DEFL.KD.ZG,,2.2206246641594,-3.60740687843058,6.62505430580862,12.1560239523543,6.30088810429544,5.0483705808166,2.21212681089182,-3.38687121639593,2.57197701133911,-16.0183260014754,2.87440962006281,1.54364161360957,19.7875854535674,14.5043139953154,19.1783680523534,18.9602589781071,3.88389669512306,-3.14157908924248,3.12509055791705,19.2631974142908,10.0478587441753,3.33095824071361,9.14309279925085,11.5269242012741,9.97375895388627,15.9345984327886,-10.9759466585695,27.427621559444,7.82070964861587,11.9957500830468,14.6102588137357,20.9081659658449,18.3366424469186,56.7078918049329,15.963377388462,9.97659004101597,12.7269915008058,14.1574176285167,7.03140253670993,91.3806637936128,13.2483298704949,10.2209698640329,17.9855214217412,19.3029246947154,10.072132103637,13.5183157532254,4.11225632167309,12.6749391714258,11.6014672379655,7.39382346704139,4.32073061328364,8.20779379091175,8.07714884191483,2.21898603934831,5.20596329822199,15.7032145295515,13.7798773975934,6.5357588755091,19.8003879006213,18.6851861283427,18.2625872591215,30.0605378947089,30.5743109073361,21.284237094326,34.3943499944502,
Hungary,HUN,"Inflation, GDP deflator (annual %)",NY.GDP.DEFL.KD.ZG,,0.980850022462221,-0.586487545334265,-0.450355828382669,0.399055317460963,-30.1874928021154,2.88012520066259,0.588129485955633,4.35832239141602,3.95224539130581,1.68716631248749,2.1749050523451,2.11600393625204,2.64867397031981,-1.18184762193646,0.984560190962029,5.76608843092608,2.27554257562601,3.66343928652537,5.51245490424409,5.68664848417124,5.15179154883241,5.71035013334095,4.96090458052538,6.3316243048025,5.90976432458548,3.74226138798394,8.24957421263373,17.5260765699379,18.7365456356425,25.6660496726544,35.7154412351762,21.5091796537281,21.2784550981118,19.4910605231575,26.7327889621451,21.9654617539349,20.2614674481772,13.7610945572703,8.12344618431904,9.5965011854622,11.0275922557905,8.04647027656972,5.41081961567042,5.14275347619953,2.62270369774085,3.67229715594168,5.43984630844872,4.79998161474293,4.2136738831102,2.53120833175369,1.92745966857339,2.87712453550428,2.83480957212036,3.69012110404373,2.81115788673696,1.32255007729512,4.03729273738615,4.84538395103071,4.75293653395626,6.42661364413084,6.16694892296121,13.9678909516068,14.9923041737904,7.57999001730845,6.27131930665918,
IBRD only,IBD,"Inflation, GDP deflator (annual %)",NY.GDP.DEFL.KD.ZG,,2.01373056168983,2.79917876186334,4.31042984290496,2.75103434815173,2.87390160019978,2.97676738124157,2.83201329328801,2.73481216062201,3.33336993784386,4.35296904922554,5.94440692526648,7.1294897747527,15.4956509350935,24.3947260867885,9.89790713601175,10.8405927239728,12.1325082792679,9.01866258521586,15.7324933945043,22.1184902235648,10.4420666998509,8.02318349974612,8.64917250040826,8.12372570854754,8.09976323534082,7.49074948646498,9.32789330694088,9.06096347700196,9.29248554309839,15.4454404639221,25.6171132068911,18.350780681308,14.5043516282533,16.9523160277603,11.4272817101522,9.29387323537401,7.93322816521219,8.01016752549741,6.33463973024264,7.3808708124609,5.37434640155622,4.92118791987299,5.62319259054446,7.7652785346058,6.66772507910736,8.44730526034763,7.11535054335639,9.5923273865413,3.06968292788258,6.93288714030183,6.7457871247569,4.73363277799726,2.96227821724729,2.86037216114291,2.16912075555875,2.63616761998928,4.29267812199525,3.62664730027259,2.42322694229267,2.20392146778615,6.00397322136207,9.55123473466408,5.73390704564409,4.30181944909637,3.91692747038965,
IDA & IBRD total,IBT,"Inflation, GDP deflator (annual %)",NY.GDP.DEFL.KD.ZG,,2.59514401228143,2.01287304793861,3.09441677748327,2.86523159374335,2.83818931882472,3.63346668204345,2.24496375356201,2.73481216062201,3.4541955241058,3.85955208091333,4.8012241622837,6.35006210209588,12.5618030639405,18.8878440309372,10.1912387553044,9.17210947673549,10.5415108727902,8.48968222663754,12.4714197175732,13.9126652281183,9.11052632939737,8.11308684183778,8.52030774122654,9.68701265304514,7.85085132660812,6.19676818536649,8.84202042232948,8.95795186633018,8.42211025012657,10.6683038481873,14.4165249293652,12.9000346346116,11.2979738583905,16.9523160277603,11.0641624377782,8.79838581348434,6.94025169038684,6.96357951652334,6.33463973024264,6.79999995197096,5.69623276589313,4.1187060896649,5.61836277020632,7.09980032947256,7.03973283306698,7.55679942246153,7.30146921903483,9.50058580070023,3.09346281034794,6.20154282954809,7.83332804468386,4.91662853032029,3.5869206075494,3.28528327187396,2.9722848994975,2.97355305311282,4.1460488720143,3.62664730027259,2.79255741070172,2.87803228859791,5.75824038734594,8.38536672371339,5.4881901840749,4.85867391433284,4.02097902097962,
IDA total,IDA,"Inflation, GDP deflator (annual %)",NY.GDP.DEFL.KD.ZG,,2.99006346469766,1.46855237439873,2.73094126973137,3.02346029827025,2.83779272893602,4.30924499265362,1.74808937624435,2.71222764713974,3.72685146292747,3.61442438423254,3.44012468602091,5.55368367597153,10.4455348010364,15.9069116078978,10.484570374597,8.3268671983156,10.2068726492574,7.46235834810236,10.6550371501111,12.5171777751875,8.61011646027635,8.301317589562,8.37240783756549,10.1772044843492,6.5086147454451,5.77938189260386,7.6890065862942,8.44109442558968,7.75053870927,7.72384463055779,10.213167966538,8.92328949789606,9.3614737191623,15.8276883356884,9.67442968841101,8.37108977993856,5.00993180655377,6.18421616396624,6.45103996078021,6.35919660025058,6.01279243381738,3.8928674350377,5.53933744651502,6.79561761196699,7.27916415839877,6.79728556994954,7.31473017738978,9.15980043749074,3.11724269281331,5.63761163813462,8.45292200371514,5.82399948795916,4.32935646096067,3.79056288056664,3.52030613840677,3.26266934001773,4.102311409395,3.67458711725906,3.34313691610601,3.19453170028455,5.55625821601024,8.06035108503779,5.45199791428508,6.01739804269458,4.29419607890728,
IDA blend,IDB,"Inflation, GDP deflator (annual %)",NY.GDP.DEFL.KD.ZG,,3.05909374204561,1.37974464738151,0.210849217830663,3.02346029827025,2.72828750436445,4.09714956863442,3.27590207326922,2.48524646570957,2.97325498378604,4.68090907802329,4.22366213299097,6.77457514090587,14.6762708805407,20.2583978510694,11.8351086252531,11.5024598958441,10.5066658939728,7.34918198994508,11.4887631446863,12.7409349281657,6.59908115196326,7.43698791306828,6.81675534807431,8.61083463584158,4.45086843820029,4.33505390638366,6.96238514614849,5.93361607556052,3.76289120107454,4.05896046967123,5.99313127657138,4.01158053146258,6.15419429089883,7.25308848242234,5.28702633947509,7.68236492695678,3.29005621851097,3.87677883316961,5.8622861838065,2.99889591177187,6.01279243381738,2.77449284953897,5.22451730389426,2.19400746488819,5.13953948336605,4.6325878594249,5.19094095680781,7.25676387978855,1.76512587619911,4.2297847294785,5.70932050005679,3.92615000865237,3.62129566799582,2.54364613182496,2.86366512300171,2.16179137419846,3.45839282975224,3.29368245909905,2.27362552784307,0.705572037621721,4.3307475585662,8.04664948979492,3.90243671769379,3.16564640311221,2.83276716795213,
Indonesia,IDN,"Inflation, GDP deflator (annual %)",NY.GDP.DEFL.KD.ZG,,13.9360155113771,178.866740354512,145.841086266625,114.731159309575,228.818940763081,-98.7038313429157,164.721840659326,122.972806488692,21.3532019257833,14.2530718766209,2.72473710516689,16.1198390331289,36.8784795094045,47.3104966295127,12.4680583694691,14.456794601306,13.0123626584209,12.0648985566186,31.1871886076168,29.1454997737451,10.1507146481633,7.9505038995089,18.6127003508106,10.4218296841676,6.19136369122812,2.25377148401233,16.0038157135078,7.62910933335303,9.4850296359315,9.09394969768371,8.76703888583599,7.28885625784123,19.1525782553043,7.77657280267769,9.88204513093129,8.6765097553662,12.5713762956895,75.2711687734718,14.1611959857791,20.4474568521459,14.2957154362836,5.89605169318483,5.48742913790147,8.55072703186366,14.3317870842712,14.0874244167926,11.2585785308971,18.1497512494676,8.27475243172853,15.2642936576449,7.46594303367513,3.75387875323653,4.96599029131677,5.44317454935612,3.98024266013961,2.43892408688207,4.29267812199525,3.81832356943335,1.59848849984144,-0.401651435218994,6.00397322136207,9.56898756346934,1.53014176760928,0.8898087547351,2.36887198997495,
IDA only,IDX,"Inflation, GDP deflator (annual %)",NY.GDP.DEFL.KD.ZG,,,1.56381731861996,3.4404475126832,3.16913432768087,3.17774470918754,4.30924499265362,1.26633766945294,2.71222764713974,4.05269970277772,2.96263748932477,3.2748257335926,5.3107685754244,10.0933954080496,15.1798979729867,9.53980556654396,8.0749482461168,8.89635036300112,8.56215117461142,10.5969433720237,12.1479855108678,8.69831224790912,9.13365003427897,9.07121240513484,11.2665167832413,9.1700096592408,7.18543787496726,11.4942569451184,9.95654471340455,8.15704904770106,11.2872954615792,12.5446382094284,11.2254132707997,10.7749092715904,22.0801504946047,9.89797585830159,9.60681288753851,6.00507583241232,7.94031603070835,7.03140253670993,6.58604372567883,6.11215037516924,3.97894192194852,5.78777870722648,7.28777819242197,8.13446541575644,7.55679942246153,7.46348774937615,9.84193215340652,4.11268192976239,6.20154282954809,8.66656396249029,6.03709754749929,4.33925720204957,3.91022519271547,3.96466639608224,4.04891299347933,4.34963395866464,3.81658094506807,3.57545446932066,3.40198228348704,5.75824038734594,8.24119195502546,6.04752279899292,6.3962577960575,4.58374366386158,
Isle of Man,IMN,"Inflation, GDP deflator (annual %)",NY.GDP.DEFL.KD.ZG,,,,,,,,,,,,,,,,,,,,,,,,,,5.32211606479522,2.17153669267903,5.37077589225051,4.43718609712469,7.47887278135218,9.0493596759454,6.89045247166862,3.74245550165119,2.15636686258742,2.54138760337173,2.92003206566251,2.56971675250178,2.64422861089284,2.38711477002045,2.29396839491729,3.30467642451447,3.94179410350442,2.48308532818655,3.16682314898067,5.4488670166636,2.89669891422825,3.56126163688073,11.6230960809632,37.7329037032917,6.96588300576593,5.20678784279833,4.85475952954853,-3.68368491656447,1.53566330064135,-0.522056385874734,-0.627042437880746,2.23678683900322,3.99999643429156,1.29998640461891,1.80000437802099,-0.205802891807679,6.51491724886975,9.09998560612453,3.20002611804064,3.20002611804064,,
India,IND,"Inflation, GDP deflator (annual %)",NY.GDP.DEFL.KD.ZG,,2.14542764749895,4.40561672819551,8.35362388797338,8.55167696530259,8.3003694072501,13.2707065578568,8.61620471097953,2.4153835854182,3.34336434106307,1.5622434841201,5.32484105082047,10.8396027011866,17.8297156455608,16.6675157276954,-1.64868155033096,5.98185934265747,5.63722933950773,2.46028231978093,15.7280432051187,11.5083208083201,10.8275819817826,8.09586309998333,8.55285960407363,7.92323284836516,7.19378544433076,6.78940045150875,9.32789330694088,8.23251536498285,8.43680887272953,10.6683038481873,13.7518189431316,8.96515236042936,9.86178285285506,9.98004477183127,9.06270222190176,7.57501828980051,6.47627126037469,8.01016752549741,3.06839552128177,3.64497015962255,3.21561601883215,3.71568377753559,3.86779808578821,5.72541322687378,5.62190326344158,8.40093821601526,6.9444182543903,9.19396962607446,7.04036543547302,10.5260308557326,8.73357890528597,7.93438747794815,6.18650400086563,3.33175691698339,2.27958810853136,3.23797495083078,3.96925793347947,3.88424027199079,2.40551716106347,4.81485791893965,8.35490771482719,2.85360507817299,3.51112810294656,2.46685658180814,0.973566848768186,
Not classified,INX,"Inflation, GDP deflator (annual %)",NY.GDP.DEFL.KD.ZG,,,,,,,,,,,,,,,,,,,,,,,,,,,,,,,,,,,,,,,,,,,,,,,,,,,,,,,,,,,,,,,,,,,
Ireland,IRL,"Inflation, GDP deflator (annual %)",NY.GDP.DEFL.KD.ZG,,2.52392204403307,4.8802442027856,2.67143516952555,9.66097685204478,4.45389299649179,4.44218872267892,3.24189071401256,4.23662997005583,9.111390504189,9.72879651001392,10.53919195768,13.3851183358927,15.2725835187207,6.08761474307056,20.1333435332316,21.022926119025,13.2685997880515,10.5264466357778,13.6760608502834,14.7047957885589,17.4425475954643,15.1821540808181,10.7088797910445,6.37927123866406,5.18633017364898,6.54969589161989,2.19740999551902,3.24631180689816,5.52176642216907,-0.729184224176535,1.80139377913511,2.81222184927528,5.17575334233229,1.69452998904053,3.03399685871402,2.29225292815691,3.92925949015415,6.55277990649559,4.37619400290194,6.8749502009444,6.85968625672153,5.18690372000825,3.91173008246848,0.515336799580226,3.0732108291573,3.41989784524553,1.19848797629278,-0.504525470643273,-4.62459856272136,-2.9689268813618,1.86791206145536,2.43747909951173,1.33716015656439,0.259310565967979,8.91781250799578,0.11646501817107,1.49398382531361,0.921717914808411,3.39701463997982,-2.06419100307969,1.04875097676076,8.00407718550366,3.39258154333999,4.53690860398667,1.02079990182295,
"Iran, Islamic Rep.",IRN,"Inflation, GDP deflator (annual %)",NY.GDP.DEFL.KD.ZG,,-4.49823287158488,-1.74838598504724,-1.90010248777531,0.626693254366756,-1.5726706863673,-1.73978924473283,0.0183557037140076,-0.23719076577261,-2.18961228853523,1.55878076296581,10.029011010837,9.0994456950316,33.62089989217,58.3299552849667,13.3137238998417,15.0082371809431,21.8878191407851,10.8597474859579,31.7304708879383,35.2313134939685,26.2738370953371,7.3729440536558,15.4329899143106,17.7486479901714,4.0544881480061,12.2355433967134,21.5334190145833,20.0802993273962,17.1600078824838,22.7971969560271,25.6171132068911,29.3415325625632,49.8968148667589,33.9314865982276,37.9374945055073,28.833645728935,15.5280864927188,9.38151715819222,31.707847145119,24.9292605186771,14.8054189518948,28.2796940877293,13.1363946141701,24.7082423969632,20.1661915986707,14.5825930336829,22.9390613526636,19.4219808659436,4.59851691743872,15.8826259725109,33.4095331560984,18.9538841448278,36.7756318862083,9.75876873256342,0.197001678736953,14.0650205569588,12.7875737214138,32.9114031837064,30.9338554764076,46.5767903520112,55.8629923089886,51.0776555189838,37.2937420752896,28.3706105011951,28.7775822983826,
Iraq,IRQ,"Inflation, GDP deflator (annual %)",NY.GDP.DEFL.KD.ZG,,1.33909170745096,2.01537452545222,-1.20055600892776,3.02627391432738,-1.29240684635646,3.20586497895756,10.6374528185591,-5.01018430021941,0.574769646959481,4.35296904922554,10.6500350052637,-3.38209859381261,8.75411481809741,88.3325533887105,3.88439184209133,12.5858638209318,9.6504266429434,2.32694858460147,31.6670092509863,13.2017518235783,-27.5225895161954,8.33422038348918,14.1916947086977,17.0293500697688,1.68904839225117,-6.73151836015177,9.89415935932439,10.4312500000001,8.40158927452173,73.645391038802,111.126418152206,104.500766711271,114.467671710136,396.438017397365,295.367667143229,-12.544137451324,91.4987978380229,-15.9504339359416,71.151095297895,24.7463688646904,-19.1508057512295,8.16786888651433,13.8561168354067,17.3093408876534,35.8533892833561,23.0540605913159,14.4390436314681,30.17540867057,-19.521200513663,16.5867407502258,24.6894374235643,2.66976938276827,-0.0113328650677573,-4.80663703991596,-28.7601353853759,-11.1041709203303,14.6503597888451,18.2039920993937,-2.67444003904906,-11.2201963844719,38.8998331529519,26.9416109492506,-15.5347237850155,4.36968125765785,-7.03388567813082,
Iceland,ISL,"Inflation, GDP deflator (annual %)",NY.GDP.DEFL.KD.ZG,,13.2708470058727,11.1467443078392,8.22791224275778,16.2181321164836,12.3920387956418,10.4248181754696,2.75595676074352,13.7412169900135,20.8561469391726,16.4400087226866,12.5531964222952,18.3346123139072,31.4563622289315,37.6918449202847,41.8672803456061,32.7368249776084,32.7059575957947,46.2487878260867,40.8973823729544,52.4757913978966,49.1854136114154,53.646380909579,77.3050667660833,26.8807614050056,32.0845433333473,24.5862255227133,19.94648862157,23.1352932552481,22.8684130644372,15.1715520096252,8.36534232633734,3.44928948681178,1.83184746649474,2.6033769674458,2.997569662893,2.55949457028531,2.78590855895631,4.68099335515998,3.45375911581678,3.97091274127384,8.67651900759921,5.86327299201021,0.489371194577302,2.66209038477241,2.94159942182513,8.67872370760196,4.30435641292462,12.1842881933345,11.0281936203967,6.55205467002804,3.45265873897714,3.50731498685953,2.4929901742132,4.21244297049653,6.75163006077506,2.69882350135961,1.57374573541453,3.10462412667793,4.83678918109088,4.34111989139939,6.14860765111416,8.8329211005173,5.48749978861929,6.05506051944884,6.87216556806023,
Israel,ISR,"Inflation, GDP deflator (annual %)",NY.GDP.DEFL.KD.ZG,,8.6093444637623,8.91004348510369,7.69150869577327,5.44308173583181,-1.30786475252812,8.73082301314278,-1.68818352178468,-1.39929437775731,1.59626267967266,9.59824370964417,14.4267421509455,16.6056607894247,22.2298186388436,35.5011399375419,36.5671521952886,31.3780562620155,41.5583410710538,56.1501727107103,76.8582636892885,125.3681144358,124.621227107665,127.244157872069,149.92092243309,384.770454121498,264.536681949708,50.159936523636,20.1788707058151,19.1652275324965,18.7028665559841,15.9320657308802,20.1297700775843,12.0581276781078,11.0902474756917,12.5379292213407,9.06923943254365,9.28055623687357,8.24058016887179,6.78280540925222,6.22185259973276,1.97372858370429,1.72406719356563,4.73348190482506,-0.648350154352698,0.238394378795007,1.0393786389544,1.28170452533432,0.788254244839393,1.36500012101955,4.43293627260324,1.18942752190121,1.4455674143889,3.43266900813816,1.88331817464342,0.773465651393423,2.35883888047258,0.21600593575144,-0.0288593821728256,0.722196889708471,1.90408243415214,1.22885977110781,2.28740044336007,4.85619044785726,4.55842305298835,5.55250612227391,2.09338528472129,
Italy,ITA,"Inflation, GDP deflator (annual %)",NY.GDP.DEFL.KD.ZG,,2.78215882313847,5.793729988116,8.4578599762888,6.48980791444167,4.1970402651325,2.23239629588726,2.77525901346569,1.73445119346198,4.05131671902308,6.86503487581656,7.17883962286399,5.63297178052346,12.7386323440565,20.2463800212717,16.983089323791,17.4542759905838,18.4771576136904,13.9449743037558,15.4510270987543,20.8157944369936,18.7872261549602,17.5409500183955,15.0967394318764,10.7618450140697,9.17464253004685,7.48841786504084,6.00928293529807,6.65040253993669,6.19738799570497,8.91406328223832,7.58132865310601,4.36811567513007,3.8859517545343,3.54247355782648,4.92524452957488,4.37278843048281,2.5441505112975,2.36853682115132,1.47730124858224,1.75602880174426,3.06397974076236,3.30500762478148,3.16726436365273,2.62976042746949,2.08420453015475,2.21589142791035,2.46674492041734,2.40459496845904,1.77253535397509,0.597839702916559,1.72878370885738,1.70237982317502,1.12578403623358,0.902550708834269,0.782776477740896,1.24817184167345,0.709821715080693,1.07058151640653,1.04700690430435,1.57740278796771,1.28332187292641,3.45535917134771,6.26000409007918,1.96841034856486,1.99356072110362,
Jamaica,JAM,"Inflation, GDP deflator (annual %)",NY.GDP.DEFL.KD.ZG,,,,,,,,4.24178110994302,2.73481216062201,4.10566063066078,5.22592582093601,6.92243514850151,-4.90581290550031,26.448541353541,31.0861588853668,20.742701965804,11.1311301002111,12.4864965386378,26.5751041037213,15.7369435838898,18.2880107849138,8.32434287847963,8.31478842761348,16.9605968125078,35.9191957218217,28.5288463899541,26.8611221808266,10.8225945755829,12.0555766552993,12.3692212815601,25.1171058836009,43.8422876372491,60.0357338885633,52.8063996683113,31.1072465235653,25.186852407472,18.8721078282007,9.60869920148156,10.57507244383,6.91606081626517,10.5870802486065,7.80736939862807,9.0838484312972,11.6240551134031,12.8585995289288,11.4687438687999,8.84819293771157,11.3208103785882,13.5468095242376,11.6565049805966,9.81023516712179,5.79618846935178,6.57190361630897,8.41581565821529,6.92994588894376,12.478319848914,3.62433342172675,5.93805194018499,4.90856937919466,2.63698828375445,2.63100051026382,6.61078657393632,12.6568969893701,11.3334713237078,4.86255391750686,4.80251617772953,
Jordan,JOR,"Inflation, GDP deflator (annual %)",NY.GDP.DEFL.KD.ZG,,,,,,,,,,,,,,,,,,12.3938335895358,0.448662637372692,2.26433137301893,6.63763027888623,6.12338530533324,6.4321214527488,10.7301456603325,2.49156453400197,6.05996991063517,7.76430529168384,-0.255303258488539,1.26995012149962,15.6373185566705,14.1512702228613,5.43525695025933,6.73868115237073,2.96897921969578,6.86173225905924,1.88459153084241,2.04656660644689,1.24555949988874,6.00440267502978,-0.373208627520583,-0.413869577568917,0.773909402226124,0.9245097310598,2.14726310376446,3.09507950152906,2.00647430326812,10.649451546763,5.04891837327752,39.9538054884034,1.89604609693907,7.15189052811934,5.01734838569215,4.27473924097556,5.78226260942591,3.58595847076866,2.0126394512362,0.922232751710013,1.67813531749078,2.27703005774214,0.670284452265065,-0.307587493593047,1.95608358662869,2.72815241329238,1.68866056665853,1.84224442720932,2.21443952491217,
Japan,JPN,"Inflation, GDP deflator (annual %)",NY.GDP.DEFL.KD.ZG,,7.78571766519349,4.19957753079865,5.51046900704885,5.32870583239466,5.13685731773718,4.97086911760366,5.49539006845754,4.91886315168017,4.43339867916264,17.3964330026207,5.09135193737404,5.60442162050514,12.7053961603175,20.8100504232951,7.17744085343395,8.00788648507249,6.74910663099175,4.60375828994306,2.75163102982587,5.43798389661525,2.90828497589129,1.72730079827966,1.02521061516308,1.34117002557159,1.18982507861406,1.58008776530636,-0.241767117248443,0.493540798563401,2.13498603008453,2.51376958304559,3.00990641799753,1.73021788086956,0.587728168307947,0.276404414344952,-0.642417121723454,-0.100502015418513,0.0792835755567722,-0.181041109106644,-1.34986410486725,-1.20356003377081,-1.00923670316769,-1.39086202372104,-1.76503574515982,-1.25242228661416,-1.30950182883284,-0.939871947928296,-0.970693265644329,-0.903465345409245,-0.465229664826069,-1.89954665192971,-1.56653332931775,-0.79080486054049,-0.178007772161564,1.73355678464,2.07231814786138,0.585173227788843,0.0216801045433073,-0.119228874726346,0.782576522359648,1.22953979029026,-0.0442460376247027,0.635554490955357,4.56896444973532,3.20102026212403,3.42232881601323,
Kazakhstan,KAZ,"Inflation, GDP deflator (annual %)",NY.GDP.DEFL.KD.ZG,,,,,,,,,,,,,,,,,,,,,,,,,,,,,,,,96.3564961311478,1472.2163557256,1243.46165650541,1546.72681598429,160.888673519863,38.8996311465469,16.1357299796042,5.66284472304086,13.2801406207938,17.4264026783762,10.1564326382591,5.80322409676619,11.7385246474223,16.1316269947904,17.8748272505452,21.5517089095579,15.5270972952622,20.9365382117877,4.69108507403161,19.5422853937296,20.5429582655299,4.78556981066754,9.49908144359215,5.77123952478276,1.82354987628641,13.6384336176426,11.211105653729,9.20560599766662,7.63328623733945,4.21085829258907,13.9300750551614,19.7690064802492,9.52224688275005,8.9933163485769,9.60510910157413,
Kenya,KEN,"Inflation, GDP deflator (annual %)",NY.GDP.DEFL.KD.ZG,,8.6621766402076,0.0183081363800852,-1.87731665934527,2.69073005412181,-2.05197379851083,1.71378886704562,2.40080913829186,1.67884084901533,-0.179866673006771,15.3156610773873,-9.21915791457236,1.20524585346172,10.2038414811637,16.049272207671,11.8351086252531,18.9061718629036,16.8998206192357,3.080995548347,5.63864406355114,9.55072003641222,10.8530772679157,11.5925537512913,11.8380374880106,10.1907199754761,8.30578269594497,8.71172359110277,5.40195208383581,6.45562427885882,9.76900937253662,10.6371987367347,12.5319618961838,18.8972340828787,25.698483612532,17.0164147872542,11.2210708426678,41.9887739085188,11.4352163318294,6.93140266888905,4.19393904906435,6.07984848923864,1.57312029702597,0.93320555589554,6.19731323900996,7.12684155505391,4.89964972058961,23.5301332510109,8.12948559613378,15.1511749642626,27.6968163767013,1.63919964802533,10.0650129672316,9.52297221154848,7.3375622336044,7.63503190149002,9.23865468396285,5.84962894648808,7.58193402820181,4.21502841459056,4.2752342393575,4.94885283291357,4.3307475585662,6.95705445631218,5.41580564449526,3.16564640311221,3.4931309026987,
Kyrgyz Republic,KGZ,"Inflation, GDP deflator (annual %)",NY.GDP.DEFL.KD.ZG,,,,,,,,,,,,,,,,,,,,,,,,,,,,,-1.87730647067559,6.98603069124559,7.97569881673905,134.771573614477,830.112923037667,754.427956132085,180.874929917678,42.0310892328294,35.3429079067887,19.3095484121193,9.07750628375146,37.574440469953,27.1617380473374,7.33297415426459,2.02529559228444,3.97456242996095,5.10869478075887,7.12862226955437,9.39161779468316,14.8765522207783,22.2159884113739,4.03530386157287,10.0339035419669,22.4818422448936,8.65631680881187,3.17518813604272,8.41522543621389,3.42728750288953,6.05056427055605,6.32714586262388,3.44744511589256,9.81131194747459,5.34018553508729,15.992797923604,19.6572842421774,19.8591989518512,6.3962577960575,12.3958360997866,
Cambodia,KHM,"Inflation, GDP deflator (annual %)",NY.GDP.DEFL.KD.ZG,,,,,,,,,,,,,,,,,-1.19850187060966,15.6014728085327,-1.56290033341314,13.7012862566708,6.00902193380462,1.21891122559123,-3.5269709510986,20.3112736726045,65.3370992033915,-9.3394528114658,157.290386336782,79.5916478780445,76.621714711108,19.0183974050262,145.629862256248,107.440046569415,75.4217452008603,107.400000001633,59.9652933950774,8.0041801609478,3.03250199266697,6.00507583241232,10.3577373381924,1.26155228234967,-3.23183761779971,6.39768180690317,1.99307788083713,3.27258919409623,7.50279728095273,8.0167045733216,6.79728556994954,8.60024943029427,11.7884320279306,0.751138640296162,6.26499886932319,4.95076723151411,2.63843608534771,2.8690452471251,3.29936912050763,3.06935934141643,1.58007480575829,2.07650709154852,3.81658094506807,2.79255741070172,-0.824281402832511,2.64573403501885,3.48890016581984,1.01760752524498,2.31446297896073,3.46609922532144,
Kiribati,KIR,"Inflation, GDP deflator (annual %)",NY.GDP.DEFL.KD.ZG,,,,,,,,,,,,7.11338229255179,5.22769783035733,16.255284639578,12.9896620320748,9.46098936676918,9.17210947673549,8.89635036300112,11.856019453333,9.17443409141487,-4.52913974427868,-0.689539821395897,6.33851278203579,18.1555789328943,-0.0198072627327122,10.0193375254948,6.56853881719603,7.16337570754011,-4.89344770072843,4.81195035186872,5.01761740706553,19.9129378830518,27.560715673161,3.64918957713898,3.67033440719706,-1.80433201799201,12.5418787157576,2.61281693641631,5.64253479092361,4.60724665770411,0.999325838938006,0.323190067549888,8.01167764318924,9.44081222953122,-3.90618406449028,4.03376313815957,-5.43651976317979,7.31473017738978,9.50278674158118,1.99846395791808,-0.858180747963971,1.99868992907571,-0.542072006291406,-2.97924243453944,5.00431379686643,3.13925995519007,1.71661841384096,1.02299152323913,3.99854350151341,-3.51437699680513,4.22077922077921,9.1648478743448,-2.08876893087421,8.86450664820337,13.1379183921241,0.0087633885102178,
St. Kitts and Nevis,KNA,"Inflation, GDP deflator (annual %)",NY.GDP.DEFL.KD.ZG,,,,,,,,,,,,,,,,,,,6.91511034230714,10.625525795504,7.29119208424707,16.3563233341415,5.76682868672047,-0.194146962278353,4.25851652009244,3.71190961041509,6.19676818536649,6.10621614011968,7.01092521196738,5.68893659993266,7.60302634203465,3.43921877652862,5.29731458386074,1.99085029890244,6.27211761970925,0.783506444546504,0.645815916917087,4.91515472666765,2.80018158531561,2.7800211954283,-5.75137393409402,3.3332218722913,3.47602085514819,1.66939097961971,3.83914963846918,-1.62376578076149,14.1683305695624,6.32437713169216,1.35551501481876,3.06968292788258,0.628549213284927,5.65965351498537,-0.643441223095877,0.313904254767678,1.20095646597851,-0.156232298668698,1.20132522527356,4.75051936491064,-0.14899986700226,-0.0292580452551192,-5.79863650623996,-3.21801999787145,3.45975195657428,4.40820443649315,5.99094720553852,2.68527539642278,
"Korea, Rep.",KOR,"Inflation, GDP deflator (annual %)",NY.GDP.DEFL.KD.ZG,,12.9564975549714,16.7485744312482,30.0513315247667,30.4127020126718,4.87833254087803,14.5545294587731,12.990314864662,13.7932962356055,14.1413765519381,14.7667500937263,11.2553022748572,15.8248271764861,12.8643224863239,30.7472731054481,23.512831590718,21.190280485325,14.4572034161702,21.7478519928279,18.5303342735136,24.5701297145454,16.5272664876167,6.47486469410727,4.86555469733847,4.52083994123487,4.03181849996234,5.04954493314953,4.90101381724442,7.03460379577081,5.98441467966366,10.0578632041566,9.06327863975756,7.74737494052893,6.2566421376994,8.09441212594737,7.03173595385846,3.98297329084998,3.86063921905171,4.49828009331988,-1.35179401181682,0.933486070759599,3.54062041805084,3.00966169672061,3.56474323602103,3.26083266403592,1.13793414953496,-0.16319979295487,2.5110302298786,2.93895100382002,3.50170169282846,2.71891067295891,1.27525816333896,1.29208290653879,1.07703832086861,1.05128607800876,3.22846300743112,2.0624563522338,2.01882021582307,0.566582073981039,-0.624210765169693,1.58718957511546,3.1805178629799,1.80785031900311,2.03849717899953,4.06639736475807,3.12619088762689,
Kuwait,KWT,"Inflation, GDP deflator (annual %)",NY.GDP.DEFL.KD.ZG,,,,,,,,,,,,25.7794794622782,1.97110536893167,17.2747080856275,173.195016617387,4.24587085949966,3.29110748510455,9.732862124867,-1.95352776793767,40.8234326907511,40.4353848635587,11.3091033468676,0.766718699068207,-9.27633997463528,0.347685207436726,4.86704273009101,-25.7012348871573,10.7824858787997,2.96934017410395,-1.72186716472906,0.717414522228538,-0.0330465775887347,1.83400662216739,-7.38642077946965,-5.87047602737918,4.85050595520289,15.5102373952987,-4.71535484673295,-17.1561124601976,18.0893573873241,20.521710179026,-7.71871077505772,5.14828982462735,4.92065019374949,11.3712679311342,21.7710117887694,16.1763628454097,4.30736220673592,18.6629427337913,-17.1665374455073,11.1033505813839,17.2275371301277,7.48725236096612,0.223022545889435,-6.75796239806364,-25.958330821238,-6.83784298382099,16.2308752938419,11.2991701077361,-0.110446283802503,-16.4587787703847,29.4279300898412,17.6335216930828,-8.04648319014426,-1.45951565156486,-4.96715663139989,
Latin America & Caribbean (excluding high income),LAC,"Inflation, GDP deflator (annual %)",NY.GDP.DEFL.KD.ZG,,3.10333433194559,3.01285531533597,3.21169218676589,5.16605166051659,2.99457830743539,4.30902700596896,3.17000030055547,2.73481216062201,2.94961654585006,3.96056114383558,5.22413736484989,6.45120218477606,14.5885228556215,22.4620672114539,14.2926173253015,9.96385803170011,13.8492817159552,10.4145757794992,15.6496753910307,20.4494448024666,10.0478587441753,5.55290061909739,7.78637947458508,18.9865253150556,9.97375895388627,9.38727107753961,10.8225945755829,12.0555766552993,12.1294932421936,25.1171058836009,17.6894402570265,13.1992043702188,12.2200349582446,11.7222782032805,10.9290340708784,8.90000450953323,5.70504336744615,5.37109035742958,3.78909596676355,6.04453872914014,6.47300914928104,5.50232411377785,5.75974076655675,7.28303340681478,5.94079762147169,6.77427408762492,6.43903810570731,8.77855272817531,3.64796491881232,5.42281943230741,6.38680337285258,4.54221493127187,3.35844634594847,2.8570064335599,3.22542891110768,3.62433342172675,3.90748393888811,2.47511836027346,3.35874088466439,2.87230731822092,6.61078657393632,8.02338931276773,6.04752279899292,4.52354895601171,4.85684863130393,
Lao PDR,LAO,"Inflation, GDP deflator (annual %)",NY.GDP.DEFL.KD.ZG,,,,,,,,,,,,,,,,,,,,,,,,,,64.8146877854015,51.1154587374666,14.4277167046219,25.8491486658893,55.2665211235225,37.907380761807,12.9717603920705,5.99384147677743,11.1825793452992,7.70059550868136,19.6853644196947,13.7252122556336,19.3528167277303,84.5044589007367,127.97396639694,24.7977766095657,8.86807380365211,6.31846474098954,13.450089840918,10.6904285437007,8.64032248095118,10.8051012263872,7.43828600469453,8.86345063797221,-2.93207353184403,9.19657111138675,10.4687175993929,7.52885930495688,6.47397208343337,5.72655918174564,2.34849600685918,3.02230644256338,1.85209676121123,1.91988919391754,1.19742392109292,5.03450412544517,3.71344836687553,15.7739459226011,24.4217202066693,14.0488821191484,7.54945782695651,
Lebanon,LBN,"Inflation, GDP deflator (annual %)",NY.GDP.DEFL.KD.ZG,,,,,,,,,,,,,,,,,,,,,,,,,,,,,,72.9964555217472,15.5018483856034,47.6556598595665,97.4338199086854,24.7430178138061,7.87371706042556,10.6790055674445,1.73810973618646,11.5467672117432,4.01791826450849,0.812850465455782,-2.08798314732812,-1.52515154552069,4.92118791987299,1.58125248896708,-1.2346616322255,-1.06220705635945,0.880737586375261,3.13292372272159,7.53328390625055,10.2845410020847,0.578606723263135,2.96508062083976,7.48605187549234,2.57845109226618,0.105278623259466,3.33578444902192,0.87129520217637,2.7485363221939,5.52248710107466,4.09482315573024,85.5420423400206,150.000716803737,112.149478998819,202.907703485723,45.1609829107474,,
Liberia,LBR,"Inflation, GDP deflator (annual %)",NY.GDP.DEFL.KD.ZG,,-5.75102700812056,2.93351234585369,2.0404974950855,3.98192049017435,-0.0711752427931316,-0.996464871529469,0.0283860331695536,1.22443373162953,3.35528912320706,-1.31806816825541,0.7658739015816,3.4899796539606,7.55279815759292,20.1285236835633,22.8659605383095,-1.89827377755729,11.0302221983718,1.67503798617574,9.91159113864998,9.47952427977854,1.20342730356739,4.60261250257095,-2.8518532860636,5.26715327312898,1.18541540464065,0.472892541338069,16.8470569176321,8.95795186633018,3.27008939773434,-0.167333709077994,5.54464950008735,-1.06322322403601,7.07610747991372,5.34435624144021,6.51068108696143,5.46556253380952,-10.008826322699,-6.66669927646055,0.917752457711245,53.8122567933531,0.720025735561336,-1.39272821423994,15.5114915940543,16.8582781254993,0.490010500603105,9.13488162981633,12.0176471387966,17.3263455514491,-2.72284314110513,6.51200368905668,10.9234453589782,7.79715716365929,4.71530813283255,0.817921326764434,0.062713425558087,6.97295697153928,-2.61793415299387,-0.209872797387817,-0.560426634044902,-1.38060188980627,5.35427604467455,8.66620854081535,4.8121348688661,4.6586819825385,4.52039956646817,
Libya,LBY,"Inflation, GDP deflator (annual %)",NY.GDP.DEFL.KD.ZG,,0.569889386613113,5.3446038203175,6.6413405190743,3.6214489060585,5.00275311569196,8.02938109244052,6.13518178314088,5.48347649914098,0.606235009802575,0.0820004098746523,20.4036993165453,1.30914858930022,22.5202126576379,41.4794762030237,-6.42697471645167,5.64274382213941,7.89297342503647,-4.45892208893788,26.6051161837491,33.2021670219916,9.90997003298553,-9.71994677382469,0.835220576199063,-6.50406915528214,-1.25257319060262,-7.83798100876484,20.9059497421778,-17.7752665638337,1.05785830194884,4.70251390471344,-5.12733390102106,9.19711074483953,1.63414250962724,4.7773256999434,9.58688164580195,11.6619404433266,10.4105090393626,-6.62734026445655,29.9783598620093,13.3068623002662,7.1848746565278,27.247302775382,14.3625652729747,22.6053424951582,28.5685039972063,19.6795130437458,2.43938616827511,23.7093714962272,-24.8472677473776,19.278545342939,24.3427533511905,5.98193050372183,0.0853923422682783,-1.00660401665242,-7.04070727195378,4.69231431810404,1.80666382178316,3.59757389264269,4.17567264236536,-4.75412381683802,90.4557384467483,42.7720887426923,-7.62199522874144,8.50939917382847,-3.9380999254695,
St. Lucia,LCA,"Inflation, GDP deflator (annual %)",NY.GDP.DEFL.KD.ZG,,,,,,,,,,,,,,,,,,,,,,7.35599943990151,-7.64120612037067,2.39065813359022,18.9865253150556,4.45086843820029,4.48351415018449,6.28709619300014,0.437892653099041,3.94092336088616,8.38221709722349,5.48232034078922,1.74518377711135,1.00434947149506,2.57871402738749,5.06514405944434,0.461968849055452,2.87370178549085,2.43023787455614,2.33253225134298,1.11583405037081,-0.912140725343306,0.41171045540753,5.22451730389426,0.708134828409769,6.89693651611844,5.17561350784197,3.59090008384686,2.53277352430888,0.318436532246153,5.42281943230741,1.41240495830502,2.01336870760498,5.81547995374029,3.9669122302501,3.2366568977984,-0.0566916594951152,3.45839282975224,0.23146946975146,2.46763386777549,-5.56619124771726,10.6273067860363,3.88692833506043,1.27419180880412,1.85588553461254,2.55779461893218,
Latin America & Caribbean,LCN,"Inflation, GDP deflator (annual %)",NY.GDP.DEFL.KD.ZG,,2.74368011526142,3.10815793383432,2.99333780096787,3.36777228765735,2.52811796325457,3.63346668204345,3.83557079593484,4.26124360872247,3.59283694624261,4.1555911482715,5.38437111275978,6.78665890094263,14.6762708805407,23.213026722833,15.4691434997764,8.59892087426037,12.5406184290032,8.81996229069382,14.6144609481185,18.8295804083121,10.7339545853874,6.69382834444571,7.47821586634659,10.0688794185579,9.33049901634945,7.26231727695791,8.68422935247909,11.6552979490679,8.99639076532455,15.4888864078281,12.3376365857229,5.69536434748512,8.59328373641921,10.1429299506263,9.63728379072515,3.68600909129697,3.70423775271973,4.92436158488788,3.78909596676355,4.56004348660028,3.80518442708326,3.7182475900851,4.71856672944857,6.45198385160759,5.94079762147169,6.10715436938234,6.22608463625613,7.47647273606333,3.42647998492123,4.66587233874676,5.57367845495119,3.59822124441102,2.49004853623241,2.33403673072464,2.90305552671429,2.3482989082066,2.96410428738368,2.12212579569427,2.59656980548346,1.84282304408084,4.31502371433918,6.62559546651821,4.40820443649315,3.71197890609302,3.38685024304168,
Least developed countries: UN classification,LDC,"Inflation, GDP deflator (annual %)",NY.GDP.DEFL.KD.ZG,,2.57828873036816,1.56381731861996,3.62339192274091,3.16913432768087,3.88869201325998,4.30924499265362,0.673724706280694,1.86215426476695,5.10022041534319,3.69002391357953,3.08699222943633,5.10104664529684,8.8242322380154,14.3325629663086,12.6570020257335,8.28418384243774,8.89635036300112,9.15991019287219,10.0375718116892,10.1878198573196,8.05475828371007,9.66325843162483,9.23064762789424,10.3165387696737,10.2449257882707,7.26025166236002,11.4942569451184,9.70614941350554,9.89266494319662,11.9645333920464,12.9717603920705,13.6077075915418,11.1825793452992,22.2143675430414,12.706369016501,10.9214157521942,6.00507583241232,8.07976077066357,7.18520115234584,6.36680644248784,6.69630850135437,5.21757143904834,8.11271175819826,7.19421020570365,8.61260346119903,7.27989528597466,7.3787628610419,9.81595123110215,2.40550487042772,6.26499886932319,9.39165549203732,5.82399948795916,4.37807084310651,3.79056288056664,3.48548271905175,4.21352454525519,3.45045090310994,4.17720098477761,3.91672149655395,4.03092130332973,6.08815281141383,7.95889716410304,5.4226953719288,6.6393234022018,4.78469418468577,
Low income,LIC,"Inflation, GDP deflator (annual %)",NY.GDP.DEFL.KD.ZG,,4.63501852407487,0.767345912881368,4.68081250078908,3.94394908949027,4.69209352702309,4.7166480930889,0.673724706280694,2.28019225742947,4.80146620182929,5.60712824417494,3.37747532556914,4.64423708915463,7.55279815759292,14.1608119373017,11.7221938009908,8.28418384243774,11.3724628206274,9.22839370206516,10.9266339771195,14.8820201167283,10.0991518003354,9.83163841389938,7.79998461098248,12.7720548395078,10.5660503271742,13.5092841941685,16.7238666520472,9.70614941350554,13.7365724207038,11.9645333920464,11.3429476377147,13.1717453439967,11.6833903968359,22.7319241954781,14.7354268656722,11.1899353513483,4.19456260763183,7.34486242977191,7.31566985986627,9.77700081158603,4.53447581165479,3.37438322483159,9.79992410396942,11.0949086013458,10.7412368134121,7.46134453965777,7.43627840440044,10.2448853478003,3.29778243418981,5.64097124955398,10.6548162474329,5.85857920301579,4.7690468058012,5.15901521534254,5.58970121905625,4.59345286835512,6.56026425370198,4.15618875764052,4.42647539427077,4.83516520382132,6.82586040796782,9.58521202776937,7.59807004469499,7.7883024877172,6.27648900910243,
Liechtenstein,LIE,"Inflation, GDP deflator (annual %)",NY.GDP.DEFL.KD.ZG,,,,,,,,,,,,8.2437051827085,8.24372589275724,8.24371114019915,8.24370709171764,8.2436997153211,2.23042512371055,2.23043780662513,2.23041630949865,2.2304415869109,2.230427607572,7.01270900324123,7.17686350251816,3.21765465492794,2.95143691854962,2.85520121349667,3.69822480831714,2.51954068651507,2.50531223225421,3.14382399738243,5.40244440000993,5.87012986174227,4.02355414884856,3.30188453106945,0.852360816018248,1.79595371006631,0.815420354165212,0.514706284993991,0.0146296875332581,0.819192785901677,1.55252192703072,0.985855937188077,0.650821388246285,0.632556289875552,0.810168671611081,1.19056787026008,1.31488166385525,6.58173780950284,-2.11669284164925,-9.90066262743474,,,,,,,,,,,,,,,,,
Sri Lanka,LKA,"Inflation, GDP deflator (annual %)",NY.GDP.DEFL.KD.ZG,,,-2.34660744506223,3.31096996147278,1.5987104542955,1.16754671114469,-1.80354437387193,1.8388755588425,12.0983735353411,1.2984852011726,12.5084703962389,1.49845269631929,8.9668600238453,12.748594492614,24.378742627687,5.35029466940327,9.97557315176998,14.691083615889,10.9178858054526,15.3972960658955,19.9775120060433,20.8853013323643,12.1010603605335,16.9068302725532,20.3005158881179,0.583905559480783,5.91728493274381,7.75149159406698,10.1170340331887,10.9231572567662,20.0632752884754,10.6240231643767,9.40370611580596,9.88439431062804,9.77058482007504,9.3034396278523,10.8174557970975,8.92446881960332,9.21416012598122,4.16270115884763,7.27743020932476,13.6648001624429,8.11157025730627,8.74866439756123,8.80149246131563,10.4187267516516,11.2770294472601,14.0284428247112,16.3270160248281,5.87988263586622,26.9348761761573,3.97992934293185,10.4634471800904,6.2528852580252,1.92062880344315,3.01438080403958,5.44322171864214,5.4728452958847,4.29530619321299,3.87052761265055,3.10430535317374,8.02109164462597,47.4638849830734,16.8150738738861,4.08757566272939,3.6858730432759,
Lower middle income,LMC,"Inflation, GDP deflator (annual %)",NY.GDP.DEFL.KD.ZG,,2.46857747074409,1.94014981856301,2.54904113694245,2.906177950873,3.02548541053081,3.73700225815232,2.29684521745455,1.74713737196834,3.00252386645151,3.22927336808853,3.41352952874581,5.31722607727731,11.2003944899522,16.6675157276954,8.30480454769906,8.92393040615032,8.7031747326952,6.27580265944469,10.9383021757043,12.4308665172017,9.47047691422051,9.34740967374591,9.29205468630911,10.1636889932223,8.92292853789062,7.18543787496726,9.39994796598818,9.61756064978023,8.51092844496149,7.83502921950037,13.4924162537224,13.1570530426716,10.7749092715904,13.0284160490462,11.0640001040792,8.67813522377323,8.44979216631575,7.76810221056558,6.47775760923819,6.32590250497957,6.89494140169433,4.97452174276484,5.64953910653588,6.08869853924069,6.18903910085374,7.61397566336132,7.20723058541935,10.5107132882318,4.22970164801721,7.86039294104414,8.9397482818915,7.10627255880802,4.73250795269145,4.62269799152351,3.42728750288953,3.23797495083078,4.5128429763521,3.88424027199079,3.65868395013121,4.81485791893965,5.16433588592962,7.12146367434005,6.05369047880271,5.99538721882942,4.98564470550996,
Low & middle income,LMY,"Inflation, GDP deflator (annual %)",NY.GDP.DEFL.KD.ZG,,2.83903172734495,1.97526069449401,3.09441677748327,2.96622593260019,2.99853839074031,3.73700225815232,1.9796306041972,2.36764214425673,3.4541955241058,3.85955208091333,4.66418003521538,5.95036646868708,11.9008758075883,17.7278983638145,9.47960394130902,8.92393040615032,10.4484387533464,8.9823456958795,12.5645059899639,13.8985348254352,9.11052632939737,8.09697231319495,8.64917250040826,10.1772044843492,7.93420864188209,5.93828527555947,8.84202042232948,9.06096347700196,8.59554609917422,10.6490421268273,13.4924162537224,11.9156334507037,11.9128847721154,17.1913029018628,10.9864119611362,8.98266045295178,7.001963050334,6.93586200458375,6.75853848597491,7.51957249966893,6.01279243381738,4.58213735216555,5.75974076655675,7.25134298416322,7.05267475616438,7.80012794746679,7.11535054335639,9.5923273865413,2.73825856642382,6.89970121338396,8.19079859862242,5.00323590794862,3.63300945054496,3.39756632913907,2.99333285176854,3.05159456647036,4.13494896570668,3.80584978003358,3.08494391436621,2.91013742748055,6.19256894518882,8.61824525123576,5.61104861485949,5.11338964666228,4.28342547075624,
Lesotho,LSO,"Inflation, GDP deflator (annual %)",NY.GDP.DEFL.KD.ZG,,1.3489167049038,1.66743897610179,1.59066208702379,2.00048603963722,3.43233567368981,3.73700225815232,-5.76451552837381,4.06738176268901,5.7232020251156,1.9818205402252,5.98549623537153,13.9421219323893,6.96501754008038,9.82034432345058,24.7621720978576,4.54294727962319,7.47889361646475,16.5464442803348,2.42838552611413,41.4595008992247,12.5771157360152,-4.85264394342288,11.5568417169857,8.1029499817689,18.7077794745272,16.2532723595929,11.735783503833,20.0811009269777,14.8392839136103,11.9939039075081,17.8272220387083,13.9389902100661,11.2979738583905,7.76663619434275,12.8165188933691,6.0020440622212,9.01894091385059,9.92223369840188,8.13125258324258,6.30021825194582,11.4730549205663,14.2069324429006,2.43881282672922,9.60039256006742,5.92284320097511,9.31098848080705,-6.68245430736991,16.7198204134298,2.34503086791631,5.33711013720971,9.42640700324388,2.18204801752952,10.2798956437383,14.0351521545479,10.2030391854904,-0.292451232749613,2.01891023820184,11.7230687269439,3.57545446932066,6.54820418786271,3.12378243029553,5.53005496706199,0.322460813518347,5.99538721882942,2.99804314523104,
Late-demographic dividend,LTE,"Inflation, GDP deflator (annual %)",NY.GDP.DEFL.KD.ZG,,,,,,,,,,,,5.4455441847912,6.78665890094263,15.9974512046131,25.3771500046661,12.0818073481252,7.99564765490605,9.65330909167452,7.90848153079264,13.3685689329452,18.2880107849138,10.3065506616772,6.69382834444571,6.15081990188678,6.10593028959641,5.02668645187,4.66038702363605,6.96317901916633,3.92875254794336,5.81925475462118,9.70275066179276,10.6240231643767,9.40370611580596,10.435571018282,13.2678024515459,10.6790055674445,6.58310591755136,4.92504744735611,6.360142551571,5.73470282940465,5.96172044816086,4.15255823182673,4.00335545840822,5.08100492807139,6.81034379963132,6.77106167740952,7.09433660868777,6.88272508524723,8.35093553180521,1.76499206607248,5.50170840316412,4.58216969732225,3.46914706004292,2.03708761188699,1.83896417625855,2.08627080067058,1.73889794711164,3.56488866625072,3.21103213223728,2.42322694229267,1.46747814810814,5.60376567562626,8.8329211005173,5.15950107377019,3.71197890609302,3.65498822570085,
Lithuania,LTU,"Inflation, GDP deflator (annual %)",NY.GDP.DEFL.KD.ZG,,,,,,,,,,,,,,,,,,,,,,,,,,,,,,,,228.336786207862,942.306554020796,306.194444746143,61.6352561319349,38.0457390647234,18.9994412117243,11.3724873867045,3.31320679022488,-1.28274890358435,1.33167340047487,-0.316237571319192,0.315153589292521,-0.812341044571113,3.12114639733218,6.37315052014824,6.4850685026562,8.91210801006264,9.71607892640327,-3.08953248731058,2.12172150752954,5.62227904002557,2.50518093222925,0.833827550890589,0.609190658206288,-0.0022527821753755,0.987472424308564,4.09579153130848,3.59301167619761,2.37586014042606,2.03874418596244,6.04010883761583,15.4437711325066,9.97342076445898,3.17004636967202,3.63465757052825,
Luxembourg,LUX,"Inflation, GDP deflator (annual %)",NY.GDP.DEFL.KD.ZG,,-3.65860895813847,3.89466909221279,3.14594955458143,5.83432747485784,2.79743139994856,3.93300306870152,0.430967458747006,5.01664792241623,5.2930149186259,15.027770586246,-0.814207451714935,5.78879989005054,12.2022710843293,16.9807059673659,-0.855301205506422,12.2156978091576,1.17219751402753,5.12998834344396,6.35441407079531,7.92135414788821,7.18202191579618,10.8113801712636,6.81868148898029,4.40748957864874,3.09249049335682,-0.0837766540701068,0.0630356889192285,2.7764267950221,4.02098619564424,2.51339563114993,1.82283875717918,3.72906917425,5.97276953608998,3.54237609221019,2.332069522372,3.78355596995877,2.61964767833757,-2.03224438697369,4.76368225145964,4.60859392645912,0.790149224916064,1.4644525711298,2.18610849490426,3.11852603090568,4.81779192465545,6.45469403042769,1.89260085915181,6.61220756854782,0.870686508232993,4.64842633515492,3.44947467054639,3.26617103662434,2.2761289412073,2.79670380130254,2.22059478443452,-1.10761695881988,2.14297279304374,1.83958475950286,0.916368822113782,3.86906326889533,5.9021312602124,6.22005520174665,6.91075240547165,4.57509382798655,3.21864824595528,
Latvia,LVA,"Inflation, GDP deflator (annual %)",NY.GDP.DEFL.KD.ZG,,,,,,,,,,,,,,,,,,,,,,,,,,,,,,,,162.584740955433,932.494625574007,53.693604384778,36.2517894829549,29.3227143690762,12.9642001486318,5.78937839305671,4.66924842946901,1.3255848916173,3.77491627532211,2.62319690540396,3.2590042864354,3.64549702476506,6.92499119111602,10.4453384763468,10.2263850696837,19.5504855610846,12.3743988896519,-5.7316239303985,-0.483861317727076,4.70810709744489,2.87856729481426,1.90052969117932,1.66994918996278,0.38688741781985,0.607930583315365,2.70923995206107,3.74027873968454,4.31638188410186,2.39332693904262,3.29734326527044,9.69246570259344,10.6724737437668,2.78829342003959,3.62410340812581,
"Macao SAR, China",MAC,"Inflation, GDP deflator (annual %)",NY.GDP.DEFL.KD.ZG,,,,,,,,,,,,,,,,,,,,,,,,8.06318541637887,14.2669499175551,3.19435189192438,5.61387214400047,11.7534760385684,8.85603300839919,12.4653155371857,10.9431048294476,11.6515615039771,14.7395166222103,9.53651081883879,6.75269663959774,8.18395809958818,2.26757809477101,1.6601174987542,-1.95355741990143,-1.18581535223802,-1.74248478789717,-1.47531297320532,-1.33226165861593,0.0481055605306295,1.92858354338881,5.5655988328253,7.74302034728646,8.75722639008842,10.0718826997931,0.906420869697186,4.80735692156269,7.48533481266914,6.94550140547257,7.74264351573144,8.7271700640861,4.53106554850895,0.888319208423269,2.15867273829333,3.55161780123106,2.40193626774135,-0.260126126770089,-0.844444812034638,1.16185333991999,4.37730030836568,0.195824921934658,0.458920159293186,
St. Martin (French part),MAF,"Inflation, GDP deflator (annual %)",NY.GDP.DEFL.KD.ZG,,,,,,,,,,,,,,,,,,,,,,,,,,,,,,,,,,,,,,,,,,,,,,,,,,,,,,,,,,,,,,,,,,,
Morocco,MAR,"Inflation, GDP deflator (annual %)",NY.GDP.DEFL.KD.ZG,,,,,,,,-3.74504063248415,-2.27797986896232,3.008154311181,3.46769842579022,4.06519746462519,3.58421994209242,6.03939299478238,23.8982358439654,0.931315958903184,4.97659389252536,10.7709665319711,8.41721327866367,7.34460906362158,33.0231314376209,9.47047691422051,6.29835250305084,6.97019803473043,6.20115343816923,8.95364431973331,7.49074948646498,3.01480842258006,3.67059655165944,2.91997905557209,7.69435962226169,5.39631618672981,4.58787832075566,3.03498246332101,0.65534023011287,7.53840293949897,0.435488567247717,0.713391642504391,11.6571702137998,-0.120156156475602,-1.76759868448363,0.614522911755344,0.959559339434833,0.860408255313928,0.913545179131802,0.886221376375332,1.44536678457565,3.17154412342092,4.8303863930626,-0.452558780552764,0.647501047462967,-0.598844907171141,0.533172461926384,1.26026248256035,0.215437762428678,3.17293530967125,0.969883868049919,-0.0608910142931904,0.939181637531973,0.816805456485284,0.142417962079094,2.41520355664963,2.60335130813709,7.05168019026993,3.96532013121269,2.1002671293874,
Monaco,MCO,"Inflation, GDP deflator (annual %)",NY.GDP.DEFL.KD.ZG,,,,,,,,,,,,5.98215468961487,6.84700423686932,7.76754781352058,11.3646425499135,13.6568598021056,10.7974592802799,8.80119852038368,9.16894798535996,10.0978753685722,11.2634805473198,11.4411158120726,11.9880817872694,9.51721086261755,7.27777707141712,5.52682014282678,5.2790251732862,2.77798788412527,3.07508380638224,3.30509046816645,2.64193235512174,2.54193904724325,2.13345024311162,1.55285693569343,1.34480798288207,1.30792493544602,1.60444460738813,1.01334196553269,0.900911823943943,0.0472736583660094,1.39857560337128,1.64884532198116,2.37922080722839,1.8812838497411,-0.241252074216831,2.03440159856663,2.14692627628688,2.55669727394962,2.3632481088528,0.118994429817221,1.06946196046083,0.948018995559892,1.16156649694202,0.778354745078474,0.58684116777053,1.13341345923507,0.516331732930951,0.587452398663714,1.1147767446366,1.20921163106718,2.97930407095748,1.22173013647281,3.01745777692324,4.99251887813831,2.38664843637963,,
Moldova,MDA,"Inflation, GDP deflator (annual %)",NY.GDP.DEFL.KD.ZG,,,,,,,,,,,,,,,,,,,,,,,,,,,,,,,,139.82680693032,945.030521954821,860.457221291034,276.441127471841,38.7375203768224,27.8519773445647,12.5029398170542,9.46173017171613,39.7816660136116,27.328751985976,12.0892509733681,9.82740206371066,14.8659724616995,7.9870868570528,9.34414407593009,13.4181412403617,15.9087149618352,9.2442488257698,2.16939170451238,33.3049320977984,8.19079859862242,7.42422201997522,3.92385122182326,5.14320721702923,11.5743149591168,3.5508738308871,6.25246649143298,3.21103213223728,5.35171200346649,5.57500940096507,6.38172855134019,18.9149687443032,9.29076127122789,6.42522609005312,6.55912179798143,
Madagascar,MDG,"Inflation, GDP deflator (annual %)",NY.GDP.DEFL.KD.ZG,,1.78945574498451,3.39092839540686,3.67685878158819,1.65271309261479,4.34504835283016,5.81727051278811,0.673724706280694,0.970851321893122,3.8643468368338,6.90456285039905,3.58816843269342,3.02433495107741,11.9008758075883,22.8044350698986,4.69104614922122,9.92709445297837,8.59390754936784,6.79486762407042,11.3265227896614,47.7609079556026,30.4568527944805,31.9066147853204,19.469026551055,9.72047085372046,10.5660503271742,14.4923243761961,15.460832553855,26.3375571405737,9.01678837253515,11.8587057699314,8.54018289662375,14.5672851392356,9.98991652376216,38.9921305701247,49.0361191268476,19.7608163868213,4.49197342415518,6.2099695419688,7.18914294704696,11.5703529669413,7.9169448389373,16.498525534897,-1.70400479873007,13.9558018033899,18.3638246481935,10.7656371604386,10.287966315995,7.48630027641002,6.929159085308,10.2185410293303,10.3861871358875,5.46617486333369,5.4523024549118,6.7317708095171,6.5037166915161,8.96008072992041,4.96153975601543,8.29799331094843,6.52209064077279,4.3111451366789,6.26959795954944,9.76418471622551,8.44812492297986,7.43308181880128,8.3772121989095,
Maldives,MDV,"Inflation, GDP deflator (annual %)",NY.GDP.DEFL.KD.ZG,,,,,,,,,,,,5.61167215075959,5.30431107357148,10.1819588439988,18.0878171030072,-0.0737859596174815,31.6856890091499,-12.2127611648618,4.21781516534506,19.2797599920395,-6.29296337282541,-5.6423810673283,4.81351976717966,2.03394994342932,49.1506509195041,1.3230063571565,2.76434691938816,17.9607741560118,4.53232047835637,5.86514984488176,2.50712718211379,20.2552482877404,12.6430162265517,11.1538060127332,8.36035029527669,0.767657994127461,4.65632966339786,4.10041381255097,-1.13798285397661,2.75330651390857,2.03241243557039,50.8928278066095,0.497534984019055,3.11136684361711,10.0830588975858,6.75958616530936,9.52063392232554,10.7147275126214,11.56860462437,12.6367786764687,3.34374741403529,12.3486557934904,6.91053781151081,6.73490900673994,4.12563673010196,7.43047518664453,0.404430736497403,2.12460923464606,3.37644254214553,-0.963356983637439,-3.36532461650745,2.82866184194621,3.41301393037079,2.13856376038547,3.0695514150128,3.29183805331181,
"Middle East, North Africa, Afghanistan & Pakistan",MEA,"Inflation, GDP deflator (annual %)",NY.GDP.DEFL.KD.ZG,,,,,,,,1.85484089226112,1.56526951264568,1.06482414619673,3.58802572400478,10.029011010837,2.88672356635449,15.3014735391953,41.4794762030237,5.91402210988103,10.8405927239728,10.6388162129719,5.31268915654227,21.3858607273292,25.0100601754863,9.99365480456776,4.87002198498386,4.70205644603956,4.3463589860856,2.64308471682502,2.84867204506705,8.28955929622521,4.17732445143669,8.40158927452173,12.746316604425,6.2360295196526,6.21511300866715,3.86316291751921,7.09645979594722,7.78537880697799,7.10766744856119,2.75712224933042,-3.13108869936045,7.44219677268558,11.9091729389784,1.24898829789588,3.72711832726272,4.78194287207314,10.6799456951194,12.1558313432516,8.96966383362441,8.05263673219187,16.4792508033022,-2.4719422492373,10.8459974219042,13.803912112799,5.27748484955148,2.0692344092821,1.3297387508826,1.73934880196404,0.856688224051865,4.69875433897779,6.16467836389162,1.90408243415214,0.580719548070135,12.1410502759484,12.5978571520875,2.29568951844166,4.10303845280858,2.1963135243482,
Mexico,MEX,"Inflation, GDP deflator (annual %)",NY.GDP.DEFL.KD.ZG,,3.41805433758755,2.56077302320567,3.21169218676589,5.800203533277,1.55456605192474,4.95698720737268,3.17000030055547,1.0225336587083,6.96981159885812,2.68268097456064,6.35865050495489,6.53921567859017,13.3873680467746,23.1328483478074,15.5825972068624,19.3635456865892,30.4422357587688,16.0023785290038,19.6732980079181,41.4051371566321,25.075547620241,61.0811184729891,88.859881167231,59.2646312286776,59.1495162299007,70.8510172712463,142.025338723878,100.575986321826,27.3944004414714,28.105912393932,23.7132575125834,14.8138855781018,42.8676232290146,8.36062728702713,38.8092293997712,26.6967739975906,17.733691153468,15.7160554430069,15.3190813355821,10.6979645467813,6.47300914928104,5.50232411377785,4.27966726096906,8.11744312806697,5.88498274554523,6.10715436938234,6.12779214082011,6.31038164291063,5.24348241777102,4.3729644012068,5.66963368639802,4.54221493127187,1.70388281395313,4.3683689015276,3.22542891110768,6.07758784214809,6.56759491106902,5.2044999746979,4.31901023627729,4.6197901253924,4.48797274268482,6.66664946787341,4.67637404757288,3.74662735889912,4.63095802337195,
Marshall Islands,MHL,"Inflation, GDP deflator (annual %)",NY.GDP.DEFL.KD.ZG,,,,,,,,,,,,5.97596716798124,8.22763260507158,-13.0989393140367,13.6826213141264,9.61862176631874,8.36955055419347,8.68652666372347,4.04140944609404,12.6158605676235,12.6684664265555,9.11052632939737,7.37839052604537,3.51055516897469,4.10712382476071,3.68577732067554,2.45388100758986,2.86016652017345,4.12325129887783,4.7570268608403,4.9898768786237,5.04437403552917,3.01392706066088,3.03372401956675,2.62469056467263,2.80708815380007,2.79596467885315,5.95130751582053,2.680980274186,2.51217905582808,-1.1157329105915,-0.318215883012556,4.02302594572905,0.94633865335561,1.76653410329699,2.01041949385355,3.58585344330177,1.35910967827411,5.38222215908284,-0.508802549399022,0.955505038419616,7.49236624469398,6.2465252080586,-0.630564720016054,1.05832196696491,-3.06451612903226,7.16941051513543,2.25841782928005,-2.40704270817953,-4.15426936619718,6.78233643895216,5.75824038734594,-0.266663488511512,7.85813849279103,4.50394354503945,5.65789473684211,
Middle income,MIC,"Inflation, GDP deflator (annual %)",NY.GDP.DEFL.KD.ZG,,2.50228803457063,2.19267208535516,2.66920713790396,2.74051057715122,2.87350501031109,3.66106680456524,2.38156362401728,2.4153835854182,3.20053117968911,3.52049574624573,5.12295809555624,6.35006210209588,13.12283298863,20.296545110114,9.4702966540391,9.49371359655491,9.91967407645824,7.98588462523135,13.0153300003811,13.8844044227521,9.11052632939737,7.86516630913667,8.74548539674289,8.76659389135874,7.06077730000947,5.92778510415164,8.3413821021147,8.07837617491602,8.43680887272953,10.3525268440096,13.7518189431316,11.1882506748558,11.9128847721154,15.0087193927155,10.7586625116114,8.6765097553662,7.11317082800731,6.93586200458375,6.65186659053557,7.0240796914531,6.07488568929941,4.81005804094633,5.51338329220825,7.02709376673548,6.45270246232037,8.10464021002213,7.07946875157111,9.50058580070023,2.73825856642382,6.96532412446513,7.8072052366428,4.78556981066754,3.62129566799582,3.31556301874551,2.81102859290078,2.84037402832229,4.05525987632337,3.68365056524665,2.9272184326425,2.64017995388106,6.05975657609514,8.18832104943676,5.45199791428508,4.59496391958463,3.6858730432759,
North Macedonia,MKD,"Inflation, GDP deflator (annual %)",NY.GDP.DEFL.KD.ZG,,,,,,,,,,,,,,,,,,,,,,,,,,,,,,,,93.9213213804937,1271.66403962857,442.129422476342,151.885706190481,17.0916163109023,2.86482093164999,3.92928882813115,1.3917089531508,2.73806691562446,8.17838315960276,4.71896097213485,0.943966842274364,1.65164896737944,-0.16604205392737,4.89589936820212,3.25262417820976,4.59255256903033,5.49119403600274,0.295077614209276,2.04128302301487,3.72217234010574,1.00299826672435,4.48329315377931,1.44696785759902,2.00342084578241,3.46525285653088,2.80702703539038,3.92615528936682,0.86816868476069,1.37428071825137,4.28552531461972,8.87368732523663,7.88239994188258,3.67239415798031,4.62817432449685,
Mali,MLI,"Inflation, GDP deflator (annual %)",NY.GDP.DEFL.KD.ZG,,,,,,,,,21.0864475019902,3.58935608902114,6.0297446816833,6.69544008888757,6.47231420698655,3.95723277048157,4.81804731363165,22.9891382530013,10.9463376517339,8.06394642924,8.56215117461142,11.4212450877516,75.9706544567852,3.93291959695652,-0.716923069786532,5.72025470992247,9.4053784819895,4.35191110774778,3.9153102818299,-0.0737721493344878,-0.458951362412193,7.68036776992413,3.62463462116538,1.26449979957188,1.70615304760136,1.18420677448145,35.7488199420861,13.3681419888482,6.91356075695191,-0.0274981567784778,8.07976077066357,4.67771075471839,0.0562481103927155,4.28986804871217,3.58323851143199,-8.16495969793132,3.68302612749949,11.6915548242737,5.62843655963773,6.33623206353214,6.25748322420738,6.03559163725214,4.20663260033768,12.485597880222,4.85459786800335,-0.317559104646421,1.82208435035417,2.81854906621635,1.60005889699406,1.67388511022737,1.47979493736443,1.00124513666175,0.473313578214004,3.83078832100674,6.30157800308615,2.0382877043731,2.8071329943578,2.11795252198942,
Malta,MLT,"Inflation, GDP deflator (annual %)",NY.GDP.DEFL.KD.ZG,,,,,,,,,,,,0.633192913579947,-1.22328469989226,8.6867780882407,3.36371615766511,5.36324356652349,5.02670587451497,4.92052594971565,4.15498203849845,6.20648210260346,12.3925681005086,7.78033949277975,3.44169146691688,-0.305484132359126,-0.17664755711273,0.636513583747657,3.51770589922258,3.05146989815388,1.85956131883165,2.14703837876489,3.15104983795118,3.35087215170556,3.55441890058177,2.85450689099156,3.56174363288468,8.6770236540091,1.37991069076608,0.78395584532916,1.37865055602337,0.546880788034358,-9.89794471293378,4.37091875638278,2.63274171174021,2.03602593488445,2.51316514922331,1.96400633865674,2.27224367057772,2.24054946506193,3.37281719928582,2.24632710859547,2.76562470872177,1.48263343132071,2.16063836145139,2.25515064392079,2.27079151833954,4.20061778303513,2.12536920875499,2.13572793737509,1.79830463597945,2.50605980096239,1.93606292720301,2.46807412821946,5.08689483963084,5.16394498940494,4.10303845280858,2.17818752378423,
Myanmar,MMR,"Inflation, GDP deflator (annual %)",NY.GDP.DEFL.KD.ZG,,1.44943715299779,0.600847631912103,0.94378195626912,-3.71634039359118,1.69110336051614,3.55521125702197,15.9915903825242,1.6928435905764,2.76225286235076,-1.428609509083,-2.30943262197769,0.755485934092889,10.0048319721004,56.5208951892523,16.4966678380074,10.1287156467419,1.92179934511346,0.797356399467006,5.61664989286534,1.23518373165039,4.42518376320311,3.37446842916435,1.95733881574436,2.51788884616499,1.56725083440215,6.55450968975859,21.2384215170958,25.1956211729866,57.6844780877102,18.5395953745517,23.7488447345831,21.7454653950544,36.2494284375746,22.0801504946047,19.6008436274624,23.0374930881772,33.7942244584017,35.8252397603861,22.6404900460789,2.46177398804086,24.8444647782488,41.5089280021532,20.4965394080297,3.60112807911594,19.1635299038814,21.3004988066612,23.6439081182201,13.6186579473021,4.87859924627352,7.04321189366061,10.2545766682247,3.13009695263828,4.37807084310651,3.91022519271547,4.13669673912931,3.61567809530786,5.8734089465466,5.34109463991011,5.42293300468495,5.34411000806585,19.517209372101,6.16371648905898,10.7876664463339,12.0402384080935,12.5210646259832,
"Middle East, North Africa, Afghanistan & Pakistan (excluding high income)",MNA,"Inflation, GDP deflator (annual %)",NY.GDP.DEFL.KD.ZG,,,1.20570069791354,0.732351500834696,2.57085041374719,2.33360705505737,2.97853130001121,2.83201329328801,1.32910787193109,0.806310204656143,3.70835302221934,8.1523145570706,2.88672356635449,9.62761164531187,27.7336249167066,5.91402210988103,10.8405927239728,11.013413672971,8.69977948727158,16.629846868062,14.0418859701533,9.99365480456776,6.9025327532023,8.85017184753144,8.34047908526792,4.29471546756481,5.50670866705418,9.36808989082694,9.3392620633911,15.6373185566705,15.5018483856034,12.7429986844408,11.6865765532993,8.63382925800963,10.7386438064671,10.6790055674445,7.10766744856119,10.4105090393626,2.37768148920179,5.8622861838065,10.4416072420693,2.54669480487287,3.54347881856815,5.61657296890242,10.799033479164,8.56275152859106,8.22843403321153,8.71342018893634,15.534014182904,0.700087342965986,10.3477544460432,14.0369663096383,6.64184348566307,5.28057845831723,3.58595847076866,2.44756300147404,0.922232751710013,4.02974599325579,5.52248710107466,4.17567264236536,6.17693409749245,10.2673420806694,13.9370112392938,2.92366213121669,8.50939917382847,3.9964786317297,
Montenegro,MNE,"Inflation, GDP deflator (annual %)",NY.GDP.DEFL.KD.ZG,,,,,,,,,,,,,,,,,,,,,,,,,,,,,,,,,,,,-1.82580189807936,-1.82580189807936,-1.82580189807936,-1.82580189807936,12.159344320298,32.8965025984841,20.2047490731767,3.07515644969854,8.32077453759527,5.88572588589027,4.3345856288208,9.93705025969437,15.7775537464042,7.92331833543511,2.32161554614552,1.82373659504221,0.342477045376484,0.374220028793729,1.61820491601587,1.13546644044401,2.28621254436099,5.27643333909262,4.65729032085737,3.30394789225497,1.98448658135133,-0.460545438758615,5.07252156296406,12.0678020712969,11.6812783259558,4.82717608409683,4.02839721641351,
Mongolia,MNG,"Inflation, GDP deflator (annual %)",NY.GDP.DEFL.KD.ZG,,,,,,,,,,,,,,,,,,,,,,,1.9814211995504,0.904250240767681,-3.08759376967963,-1.44806090937669,-9.17235995070065,0.809788822239028,0.93098771431508,7.14773882778444,23.2429253085626,93.3199510815902,173.690682516447,318.897225339498,64.3193883238151,60.2724254276052,10.8075727045923,21.6721342337923,-1.93179698964558,10.8817569804571,11.999691388142,10.448544658193,6.3696873506597,10.2365745343768,16.6914730128959,20.0984387764955,21.9867715680913,11.6285676515166,21.4487537609982,1.82670368400657,39.1781879703741,15.1192654880847,12.7843788573595,2.90784833783545,7.44883659506563,0.609769217723354,2.99312676057677,10.8004464117482,7.96061586470999,9.97221325666415,3.70672176955705,14.4200654807454,17.7147124177501,21.7690280161027,8.93116519976853,4.35531630814927,
Northern Mariana Islands,MNP,"Inflation, GDP deflator (annual %)",NY.GDP.DEFL.KD.ZG,,,,,,,,,,,,,,,,,,,,,,,,,,,,,,,,,,,,-3.83468427579683,-3.83468427579683,-3.83468427579683,-3.83468427579683,-3.83468427579683,-3.83468427579683,-3.83468427579683,-3.83468427579683,-3.83468427579683,0.760795209559006,0.445425816925777,0.192919415645605,1.53403805496828,12.5675790206172,2.71484406675209,-0.880503144654085,-1.48648648648648,1.50891632373114,0.783289817232372,3.450335683769,5.79545454545456,4.60693153000844,2.97029702970298,3.59586881110062,2.33769881156505,3.54088108157822,0.545723837893178,2.80318995750133,2.80318995750133,2.80318995750133,,
Mozambique,MOZ,"Inflation, GDP deflator (annual %)",NY.GDP.DEFL.KD.ZG,,,,,,,,,,,,,,,,,,,,,,,,,,,,,,,,,37.8101700138867,42.9562967997304,50.2410537235225,51.459859010443,48.8179614287008,10.5450486551459,6.15846278596368,8.93778901279192,11.6155528700327,14.7820710914586,9.83187743515255,3.640147317501,5.79426460544603,7.33104798268296,7.46134453965777,7.43627840440044,5.15280407509312,1.47137323196516,7.64522798725267,2.34836229044998,3.17523457430677,2.60123626905104,1.0858708962558,7.05995033545015,12.1608912915425,7.97801240165271,3.7951186149991,4.67764534705535,3.17166106815796,4.5505652081862,9.15060357156561,5.09636214860694,6.46415276155608,-1.02387118549639,
Mauritania,MRT,"Inflation, GDP deflator (annual %)",NY.GDP.DEFL.KD.ZG,,,2.43266332285808,4.45523960465984,4.534007641995,-2.06544113422503,4.14307893688408,2.38156362401728,-0.011585465190791,-1.53887462592722,0.128158613696684,6.27194608576804,7.12221847052206,16.5127165484308,12.684369105267,15.0043653988354,6.03064097281553,6.38654428304868,2.4891991940504,12.2349181427923,6.54744900760826,7.26510303934755,10.0859578526503,7.25579876677919,10.912606685627,10.2449257882707,7.26025166236002,10.4621278765215,5.38319482578767,7.97612484555611,2.64247754881055,41.4131045862519,5.74194264711807,11.9128847721154,11.0926013118102,2.84192012138411,1.85706349496037,12.0770634110718,18.4516129785766,4.7745193014141,6.35158675801333,5.82661894343531,6.71479106467613,4.48547961816969,10.9375404710505,14.5852591731795,14.0910628576721,8.89558566221676,10.716317113644,-0.358928161732948,22.3431687302328,17.5477655754745,0.455837170404166,4.4879682733707,-11.8763231031193,-4.79390857827042,11.2101297508573,1.58393832604489,4.55445734309518,5.32804482668664,6.44087329235201,7.46487310663349,-0.612361651187214,3.80594627587931,3.85657660323908,3.37517823324632,
Mauritius,MUS,"Inflation, GDP deflator (annual %)",NY.GDP.DEFL.KD.ZG,,-3.70009389360642,2.29378187788927,12.7108847799375,-7.37746322959933,1.81969718289305,2.57765195235126,1.78582380900909,7.06852418993485,2.20818544376303,1.56963789834334,6.23640249617475,13.834725202495,15.4956509350935,59.5772091130584,5.26158103256719,-5.06650924969328,8.5794094162904,10.7518006105498,17.9364665966907,26.5695701693282,10.8638994703434,8.86523770159894,8.43670347885367,7.46367418796734,8.19952459698222,8.02256089268194,12.9149973356851,10.8864576106708,11.0475580898559,10.5836307032609,8.56427900364649,5.35539928981545,9.22021795623044,6.55543051122432,5.40320146391042,7.00204278057002,5.12076924128424,6.96357951652334,6.5719123435542,3.4099293453387,6.23201251547287,6.21928418894294,5.62319259054446,6.84544976034852,3.94809969963129,11.2654561535465,8.28440129685706,5.41592329043881,-0.592375566738284,1.03189655076208,3.0667541936696,2.47060103460083,3.84005596982213,2.18235402099076,1.46746416785813,2.3699653211859,1.65974275699521,1.73625196240066,-0.496769397142671,2.09333262333983,3.03342215219872,8.87607935854923,6.44739938659238,3.71155377373304,3.91692747038965,
Malawi,MWI,"Inflation, GDP deflator (annual %)",NY.GDP.DEFL.KD.ZG,,,,,,,,,,,,,,,,,,,,,,16.4057389895661,9.66325843162483,11.2297767239743,12.7720548395078,8.93083000559061,13.5092841941685,16.7238666520472,31.0918058115048,22.509486097873,10.66088551692,10.6923141602702,13.2764249730174,28.1746601102107,26.1718813121385,77.2196049780763,52.3455881106302,20.8348496663397,19.5484798605338,39.6907697256364,30.5339536745164,25.6224699758801,112.693649101367,10.3460966743703,14.8466261140582,10.7412368134121,19.967259546474,4.09972486718723,11.9646675269186,7.89982295052867,12.12722206117,13.9902377432015,17.6397644741841,27.0462909977494,20.9692813058877,19.814669261198,20.2926829285911,10.5769245148986,6.15234698561271,7.72855642393151,6.21829711958308,8.15296842929594,17.1668303930955,29.0332878003869,24.6442279905903,30.3678355701829,
Malaysia,MYS,"Inflation, GDP deflator (annual %)",NY.GDP.DEFL.KD.ZG,,-7.75858259701347,-1.1109458748822,16.8376264786486,1.12672601631671,2.65240459971436,-1.37754092046107,-2.32308568285117,-3.28069452621159,4.90596705134352,-0.509437297064892,-0.468653964725263,0.343843148390761,17.874119718934,12.7092356059606,-3.07757830077361,12.7261613347485,6.86512095967042,9.84038088229713,12.059476683066,6.87507873396989,1.06001912903547,2.55905573166896,5.91038721446897,4.79278401962098,-1.60592219898089,-8.71731986266188,7.6667147507538,3.62002625029952,4.46170354335169,3.80781497630849,3.58469869494189,2.4142424724986,3.98697131021895,3.93733451207584,3.63341955310123,3.67990338475359,3.48234958265934,8.49871999834858,0.045452820569551,8.85521685144839,-1.58187391181744,3.12888319863409,3.29893287687825,6.00928261482106,8.8625864706771,3.98093167351242,4.88132335727943,10.3889003992836,-5.99220155562196,7.26684593389439,5.41240809007968,0.999932303470885,0.17447448132144,2.46746678366378,1.21805573355338,1.65825996642414,3.77896094306453,0.624674674586643,0.0718269093121364,-0.818007729183023,5.67593848764116,6.29629950333799,-1.84898373559957,0.7901575555276,-0.44975265089235,
North America,NAC,"Inflation, GDP deflator (annual %)",NY.GDP.DEFL.KD.ZG,,1.350153896528,1.24463470429406,1.27080143898519,1.50393967513804,1.91982581021502,2.8987785263254,3.48033559332201,4.36718823776458,4.95848845306706,5.26272847572307,5.06980752362894,5.82604424604413,9.92880646933511,14.9839477362144,9.26279066161415,5.50349190215957,6.71753520163834,6.8265945806713,8.29672198559939,9.85408705621815,10.8709574308416,8.82707843244563,5.82447498695097,3.60787930535965,3.33838926556194,3.13237899754613,4.79160149968749,4.53999818006774,4.68125316435528,3.74332910731118,3.38181132034856,2.27885435733404,2.37032483509773,1.95956796770183,2.26332576490174,1.83076455481587,1.72444796080538,1.12386561603483,1.92426737518214,2.26519517479727,1.57367676795823,1.55399465247162,2.82473952065922,3.26078663669816,3.13545455758361,3.08383673617544,3.29847496211374,3.99656743350745,0.616780717599525,2.23622200255707,2.06310947777173,1.86216492571909,1.7018803654167,1.94205145924376,0.928042796992059,0.950322474901654,1.79080328683713,1.65097171958317,1.65046566880433,1.07072837279907,4.56297282631857,7.11250293584871,3.70021403026367,2.73223601603696,2.67707699014898,
Namibia,NAM,"Inflation, GDP deflator (annual %)",NY.GDP.DEFL.KD.ZG,,,,,,,,,,,,,,,,,,,,,,3.66572616781025,16.9793077492652,13.3249019060428,12.7347557716885,23.9358522602813,10.0829328723427,9.39994796598818,20.1526012665392,15.072652937011,6.38836083564102,5.98689912825148,10.2680891919767,10.3619466572142,20.4590931293184,6.68150784291885,15.1761803358905,7.11317082800731,8.26955483499275,6.78525613443288,11.2811266523565,11.2037643562035,10.0036016879863,1.27110787199547,2.04025280317994,5.59808158452238,9.40658581294605,9.28643429422758,10.961412407556,6.9454042890454,3.72589849891101,3.81487636243496,11.2603084734349,4.03979089350075,8.23489179866652,3.86457435077661,7.96867201225912,9.91903698902131,4.42848894081101,0.926315844160413,4.63153061468802,1.5343303300027,6.41674452090038,7.69752274257169,4.30181944909637,6.06154937633514,
New Caledonia,NCL,"Inflation, GDP deflator (annual %)",NY.GDP.DEFL.KD.ZG,,,,,,,7.00814312701958,4.02240593803353,4.76026105743547,11.0013057010506,11.3186488741954,7.51288431119355,7.76408639643265,6.56497740877913,12.6282710252818,7.11222400199252,6.54188132726345,5.86721749013752,-15.5109035148939,35.0575533015735,12.5988724107745,13.7443497017528,9.84347140748601,7.7690659440059,8.8396721995661,5.65058435591426,9.42290066822056,1.70288484767185,2.55924022822714,1.71843193952834,-4.63560393144327,3.63040905647243,2.84171596705869,2.71528286934424,2.89169371447235,1.33153100869158,1.42227810664085,2.05845624685195,12.8312132358374,6.11501690527531,5.96172044816086,,,,,,,,,,,,,,,,,,2.77921873100446,2.43407707398229,0.430124986833235,4.82764312909634,3.84571493490607,-3.97086700218431,1.12925884895193,,
Niger,NER,"Inflation, GDP deflator (annual %)",NY.GDP.DEFL.KD.ZG,,3.39385058695636,-0.842792525276892,0.761495904288267,-0.719001723465794,8.07681787435163,4.95788513775463,-5.21907509579771,-3.4198142218173,8.44311238449514,7.13664380039545,0.599832909912521,3.36117736823689,35.8375042561604,7.64725898697904,-6.39280247970663,12.4163541216953,15.7477949925742,11.2113515016096,4.58651993689902,21.0948215766415,11.4999913527617,10.0000183961739,7.79998461098248,11.7174933871685,-5.90018028297776,-4.20027868322548,1.68456342698155,-5.29999776973314,1.39998635545074,39.3599542768174,-2.64074327848432,-5.20193713950451,-3.86881350357649,22.2143675430414,4.24946132149574,6.96863494436168,6.99168132354842,6.07816268572259,0.37974663716507,3.17839370074471,5.01252093260362,2.57230192526417,-0.188481380924046,0.386942028282064,8.58488444144687,1.49619758117663,7.03666107458216,10.1291157206231,4.19005999795191,3.47504301438173,3.97160518256159,5.30833937178907,-0.369174082139452,-0.40567684540504,2.249426436212,2.64333285206489,1.98975578144773,0.845666844164256,-3.51254126513146,3.34246745489889,4.26969593799784,4.23137465689618,3.39728695407528,7.41778295865802,-1.60043878774678,
Nigeria,NGA,"Inflation, GDP deflator (annual %)",NY.GDP.DEFL.KD.ZG,,6.25716915400729,5.5653009001537,-3.09475245043554,2.42780898472419,0.864444953374786,13.1928714891664,-3.00670539435035,1.22054696940641,2.7063069936863,51.2784813315753,1.3480342493704,2.892868105749,5.34683656411752,43.9463679229522,23.5007902619412,14.3531853680083,10.7137537864287,13.9147450209546,11.4887631446863,12.4196622417449,219.002843997423,14.8025519155669,19.5689498879399,5.65366409471564,6.92776915568818,5.41545258428289,19.6694755984806,20.1771261186241,28.9696733926062,6.66894186986184,18.8639068015224,46.7523553581205,41.6390587198449,43.296464293552,75.4016531899547,26.4910898563722,5.05534593107915,6.00934430363269,13.4305716351211,22.6737374008154,10.076477244822,21.1090500029227,9.80432377672224,22.3683414747844,19.8584947707793,23.8643811265481,7.09973099344892,7.92138720232313,0.686098874581916,16.342766325366,9.77845809671294,9.94763670635734,4.96474571559251,4.66262291736628,2.86366512300171,9.54367006409065,11.1189180817816,10.228485086598,55.4448840534868,11.2524842438615,12.6369125090853,8.04664948979492,10.8343175330536,14.0801851089775,13.8607162138823,
Nicaragua,NIC,"Inflation, GDP deflator (annual %)",NY.GDP.DEFL.KD.ZG,,-0.0473704865959803,-0.535467332067512,-0.408188198436292,4.52064235997096,0.840469556147781,3.66106680456524,1.26633766945294,4.48995933074603,1.17181025802671,2.43873520154077,3.03165698893272,4.2507346078021,16.6642083456955,21.7912860751004,4.73203356391755,10.4340024668453,11.8524710366931,3.77126646220695,31.6584809381426,36.9786279956529,11.7211186604511,16.7457158915983,11.0019874269431,38.9619986631186,167.188970705237,281.46019588996,523.080952296512,13611.6348185375,4711.1695519693,5016.10794966853,4523.63188320193,23.6653119189304,20.3916252341633,133.704797447439,13.3926837744126,9.60681288753851,9.77799319077701,14.0284877552653,9.22623262288718,8.56622835977541,7.24150933984416,3.2483787442209,5.33107719750952,9.05090240497574,9.8670941490748,7.86791204769719,9.67391351675184,16.1991521601335,6.03630310535553,6.13808678977298,10.2148276524354,6.24335926253237,4.34915794313848,8.39274153284171,7.58848529069897,4.58973944933807,4.12384905939905,2.65825855086592,5.39538672821082,6.28533991128614,3.52198602950733,8.38536672371339,10.7817126662243,7.32953724540882,7.60232936510843,
Netherlands,NLD,"Inflation, GDP deflator (annual %)",NY.GDP.DEFL.KD.ZG,,5.26405835728664,0.758713723853148,4.69947025849953,8.6779885442208,3.37180040247813,5.98328848997754,4.20761847439675,4.1966623772358,6.40997199252018,5.64489662424681,8.7900298162062,8.16162081320763,8.48100072137805,12.8956526534903,8.09538768569567,8.99323654586325,5.34465253812746,5.33488877406525,4.77105935576789,6.2253722677538,6.39009192716887,4.62365558511193,1.38907202792052,2.30710898969726,0.865883162084273,0.211700336898161,-1.04763465931703,0.819637917589162,1.34806863279596,1.55975130001893,3.11704992832685,2.49574026216686,1.5975089743024,2.06273329364721,2.06462371250966,1.16570808803561,2.69189652065016,2.0675952902841,1.29979292691094,3.27018665605023,4.37498282502187,3.87764811554985,2.28606356000492,1.19747615783261,1.97953775664929,2.57669965105715,2.04931256295428,2.41233714558034,0.437651122078364,0.710240446809252,0.242697164111121,1.32907768194571,1.14493599899532,0.344128582413305,0.888398541092599,0.565548743031258,1.43936441864196,2.53341170885517,3.02781317575136,2.35577686266144,2.74733820576721,6.15557498292159,6.30206908032835,5.6654225778243,3.31998630270478,
Norway,NOR,"Inflation, GDP deflator (annual %)",NY.GDP.DEFL.KD.ZG,,2.64762520965145,4.76642223367377,3.3926984895067,4.7221326436911,4.77463485167445,3.97708175687714,2.96497547202861,4.4238768664198,4.19553761089379,12.8745691789077,6.40895767294818,5.54268152055757,8.71123844964643,11.3634314882715,8.89184652241326,7.87949158695824,8.18167316665512,6.26542063124916,5.7124568400985,13.1241940576503,12.8933936564428,10.5144661167532,6.96233569991807,6.21972367275691,5.18516031237371,-0.565998974136406,7.218016590874,4.88497125354155,5.61973310939472,3.80850107670199,2.21014756041981,-0.67795022745949,2.29580510802001,-0.164034289207692,3.0770889549065,4.27135411630341,2.80379774782338,-0.741805393412818,6.68134097957716,15.3991332563601,1.73519103009107,-1.50998056006931,2.9118787609176,5.77580910823218,8.8040583989782,8.71219786656788,3.04133807260342,10.4669364270484,-5.01670337647445,5.85627419945527,6.57561455466337,3.35195694253687,2.57710317590924,0.334038529335956,-2.59190190325677,-1.62579691835785,4.01666873470073,6.34132098639991,-0.477791135124974,-2.26295174179792,19.5320693903058,27.2711853860313,-10.9316680217936,0.0377903862988518,1.41140198506559,
Nepal,NPL,"Inflation, GDP deflator (annual %)",NY.GDP.DEFL.KD.ZG,,2.68799998999224,5.89709100396981,3.56992506389362,1.19471968093239,12.8851939564194,15.2188135078087,-5.66766503519297,11.0658262037731,6.56383107945592,7.04833083717027,3.17217614161606,12.5026833431901,-3.39730559511024,20.8256695328731,27.5227469848098,0.544042340123013,-3.56482156431689,9.37120691339739,9.97836342640623,7.60954655227242,7.93735640756323,9.34740967374591,12.2886910970154,6.37794997349069,11.4218327560807,14.3925700792006,12.6968018676643,11.8153101962302,11.2583729111903,10.7158851532271,12.5446382094284,18.4890946304574,10.7749092715904,4.81598620107833,6.30086155027618,7.82303556124735,7.2790929776352,4.10785067628581,8.88704742573556,4.47243371871953,11.0171482958921,3.93485789816799,3.07030496732148,4.16642715074835,6.11939040793636,7.36003927902544,7.60328894061151,5.61985452382142,15.9083302102455,15.1469324490072,26.3973066649675,7.7411500296797,7.08265099891379,8.03536619587905,4.40904543328786,7.15033478751282,8.26141254915089,4.3558584680418,4.69115593292496,3.21740233241114,6.7627121633127,8.24119195502546,5.74902859525066,3.51965570532393,3.06559710449554,
Naoero,NRU,"Inflation, GDP deflator (annual %)",NY.GDP.DEFL.KD.ZG,,,,,,,,,,,,5.14286073912018,6.52173562058225,8.16326580881113,14.6226405390997,16.8724319724951,11.9718288943433,13.5220125448977,8.03324322683576,8.71794652777147,10.8490566568507,8.72340463880963,10.7632084291663,11.1307419049493,3.97456363165121,6.57492344872375,8.46484893714742,9.25925908812415,7.14285667053134,7.57062199462332,12.6000008436337,14.4165249293652,18.6238623380688,11.1110469032527,-3.56787536658335,1.76808870305256,4.05430843247534,6.12220476769352,3.93362634307049,6.7281911468764,5.566683902751,5.38912061901173,5.8851372315637,5.61353294986817,5.62924819714425,-6.9767441860465,-10.0974025974025,-4.57264957264969,20.6896551724139,51.2605042016808,-10.0,6.55270655270654,19.4001874414244,-9.84037179228122,1.33779264214007,-8.67768595041268,26.1593526299404,15.5451555780417,17.5478927203066,-4.60327074500292,4.63787375415356,-0.208865165932508,24.5,-2.91601187358121,5.14285714285703,4.02097902097962,
New Zealand,NZL,"Inflation, GDP deflator (annual %)",NY.GDP.DEFL.KD.ZG,,0.212462033517326,4.51697969218252,2.95556207593155,3.26532594476548,1.85915107115137,-2.39768057824011,8.70035272765143,5.80988593595602,0.925707057890207,13.3055907460323,13.8802738539018,9.243588205885,8.42515825085717,3.66618933547807,14.6259071945942,21.4918700781033,16.6141001831603,12.9815129613708,14.2251500974135,14.9043159180974,16.3469691312548,12.085346107709,7.72527283787187,7.79951076827898,13.6340950608767,16.9394513041629,11.4802691997851,7.88692155835614,5.63607589214719,2.44021731998072,0.875107381815511,1.99426531205789,1.4872184794001,1.91432685909218,1.41687573459845,1.4136783112243,1.56554520589125,1.05441270617752,0.57951029267187,2.88613892095961,3.85679420024196,0.296808516989813,2.07143165453986,2.75647489818734,2.0005516968094,2.71495960953176,5.30273846107103,2.75091027007741,2.63823208018718,3.14631875010147,2.40568730588313,-0.131067185111959,4.20195741730885,0.449315394729368,1.42361070787149,2.43482614850647,3.6511970298714,1.87226165806347,3.29962753435764,1.9485485760927,4.55737807017778,6.23957400287931,4.11014517250547,4.40145560973323,3.62335754277869,
OECD members,OED,"Inflation, GDP deflator (annual %)",NY.GDP.DEFL.KD.ZG,,3.28218717578079,4.19957753079865,3.3926984895067,4.61103122662306,4.11785566096448,4.92139913277347,3.24776295903395,4.23662997005583,4.82678275599464,6.86503487581656,7.17883962286399,7.59993232918492,9.92880646933511,15.9451092704638,14.5124019270539,14.0219588131671,11.4179153243185,9.26746271872088,10.0700505598598,13.1241940576503,11.63545629811,10.5144661167532,8.19534159468888,7.07327476673912,5.50414182259435,5.23941497683327,5.94419828568171,6.65040253993669,6.19738799570497,7.32625121093244,7.91405878514243,4.83951487609598,4.85649728893391,3.54242482501834,4.56335024400337,3.65840663332077,2.79485315338984,2.86938714089926,2.05601762296236,3.14178261884967,3.38765905028377,2.89698102134683,2.64830918921095,3.04366836647348,2.75528108499904,2.98553270347789,3.00384191727643,3.17114595769232,1.77388048671173,1.20235710045188,1.99528457317256,1.82972557428874,1.70288158968491,1.50652309949572,1.31357499709277,0.968897449605109,1.72691167639501,1.87156059852319,2.35722334521287,1.83230093587876,2.89584620355712,6.68283735803659,6.26485756543917,3.43038889426469,3.14045930064603,
Oman,OMN,"Inflation, GDP deflator (annual %)",NY.GDP.DEFL.KD.ZG,,2.00213410953612,2.60017386979381,1.85247784939668,3.19390148594043,1.8062512501831,1.78241709916608,-3.54261678491228,11.5165806535114,1.11297596026634,-6.22950123380438,16.0920634078247,2.48097456677132,40.3094896084054,200.986380572789,2.37423396230683,1.30002079618959,6.00009609147114,3.80228395542908,30.5822734635355,51.1050335215514,3.67986010631085,-6.72021067534806,-9.9990244231446,-4.71829853458684,-0.512003458213925,-20.6347047658614,11.1778505668217,1.31896903735725,-2.74846726711075e-07,42.2045633705216,-8.50226815959489,1.27341918830371,-5.38734813546758,-0.451589791131724,1.75870855197356,7.41278125211353,-2.23414569391046,-11.0016868259248,10.8178845984051,17.5450242892462,-4.64092904518107,4.69302270866596,9.63837179762082,12.496505503059,21.7335605056957,14.5637976064378,8.05872640599689,32.649751638965,-25.042152466224,14.3749912143336,15.884491777402,3.60643426874947,-2.22041185302194,1.75729954907395,-19.1464725188166,-9.13627527605452,7.29794329780007,11.7322946084517,-2.66623355343535,-10.7835605977296,12.1410502759484,16.4963249993549,-4.69581131192407,-0.713474976851984,-0.0924586150308357,
Other small states,OSS,"Inflation, GDP deflator (annual %)",NY.GDP.DEFL.KD.ZG,,,,,,,,,,,,,,,,5.26158103256719,6.7562117762423,8.40155964109934,4.4339068690637,13.4781371531218,19.39666173111,8.67915733849989,8.07619344668151,4.89076277397555,8.47425681120816,2.97303454524019,6.46605778473531,5.41211692497536,4.9719641753093,5.60549841333186,6.28776527908615,8.46481066499192,5.69839112703713,6.65829174736001,5.91320613658444,7.23706322322391,3.79597111842114,2.5113970257773,2.92122968244785,5.77015898415223,3.20441262855528,6.54036545507349,3.71781228616954,5.15993721429406,4.12560759108121,3.44484956072821,6.26259662840582,6.73767112683243,7.02593642515611,2.1004426768658,2.32350337407748,3.25970646632337,3.85642240032897,3.16652307201767,2.18235402099076,1.73934880196404,1.71498681561535,2.12460923464606,2.06429914095962,1.96506170240644,0.669668409203567,3.03406314812496,7.9804624983289,5.48749978861929,3.41677858776387,3.22406406074013,
Pakistan,PAK,"Inflation, GDP deflator (annual %)",NY.GDP.DEFL.KD.ZG,,3.6464612869908,0.15994817784113,-1.14926605359558,4.48844647762694,3.16588265326953,4.60065831014529,7.93964176578655,0.469288568160579,2.33557140665688,3.70835302221934,5.87049050522882,6.77457514090587,15.3014735391953,26.0737017851048,21.0980989103114,11.5024598958441,10.5066658939728,8.9823456958795,6.53340007196972,9.00820936080011,10.07733957615,9.37164773700086,5.27408362910936,9.65355445236982,4.53494278712353,3.29200083720301,4.51820577774291,9.61756064978023,8.58504801719344,6.45199916790979,13.4924162537224,10.2014077626019,8.83855312769657,13.0284160490462,13.0064844675074,8.37360999459469,13.3835146386713,7.52603689563375,5.8622861838065,68.0104449967103,6.01279243381738,3.92137857065688,3.55265807996106,7.25134298416322,5.55608176808067,5.99763817670407,10.3313245916728,10.9204672720775,12.3746262931271,10.5886442624245,16.4109562675144,9.91831543776397,7.38310696738498,7.20976543926079,4.44198033438504,0.922163326262009,4.02974599325579,3.84178663274797,9.03633484170507,9.9444982105729,10.2673420806694,13.9370112392938,26.0156920088641,22.048079839558,4.28342547075624,
Panama,PAN,"Inflation, GDP deflator (annual %)",NY.GDP.DEFL.KD.ZG,,0.534928520506099,0.57161868134952,2.11645751616929,2.8242852366137,0.62005728096517,1.27763206158133,2.58867284859927,0.564117768165403,1.20819233814838,3.42243778698806,2.90333953616788,4.99802093781069,8.54222579057193,11.6113797580011,9.38283447304653,4.53451187762788,4.65679534190626,7.92135642514289,9.24521795149684,10.140504690486,3.64216561239235,4.87168495166068,7.49695684710896,1.62926324228283,0.809565219807482,0.338449386266504,2.28930265168405,-0.191929168114385,-1.27655819583464,0.56520537524132,0.492796081654376,5.06106012253656,3.55470432522897,3.67974533957032,0.466706992562223,-7.69633675990191,1.53748789041086,1.0733252297928,0.576570618266743,-1.5225069769965,1.42993519284018,1.91506960942129,1.11618169270888,2.61338497264867,1.67574346218669,2.17470348387079,2.85775121870825,7.47647273606333,6.3334085999842,2.55070367962715,5.48770339491702,6.31829463661421,6.15793630878711,4.69411939871949,3.01478936555419,2.47501533207914,1.7946937582834,0.700493822040499,0.538461837265629,-0.494822048141884,1.41522672908646,2.19585761538619,2.25973885580486,0.474688348674988,0.193364669690226,
Peru,PER,"Inflation, GDP deflator (annual %)",NY.GDP.DEFL.KD.ZG,,3.10333433194559,3.01285531533597,5.01379927326985,13.5575943541509,12.2779613605507,9.31690649743821,10.1151075088395,18.2957936928704,8.13843047635075,11.9810899436794,6.6403424278693,7.1294897747527,12.5755321386108,15.2334353295267,22.1915677695573,29.7129225778515,35.7413412209627,63.7382173530773,76.3498454543302,37.9299731158551,65.3305809360656,66.6633331445568,107.39685323913,108.477533234604,165.734972479311,68.3635139565209,85.6496433040751,586.278731131526,2572.32592620979,6261.2395586103,378.040578709772,69.2606176237553,46.384682865327,26.6882412349405,13.5787978771502,9.6877419612148,7.28313112865612,5.37109035742958,2.9345454117468,3.5247200388048,0.455248302902049,0.109017023785512,1.80372466534129,6.27903857710506,3.50372240049859,7.65624807889682,1.49067595453904,1.10327629202855,2.06369833440615,5.71072859407522,6.7457871247569,1.20258494022738,1.05723435149577,2.43244108501779,2.69052090074331,3.08088269037734,3.61565826105974,2.27741531762133,1.87221626775495,3.71917119669504,10.0486675817805,4.51267292897019,6.65862132809094,5.43859372340711,5.44435476677481,
Philippines,PHL,"Inflation, GDP deflator (annual %)",NY.GDP.DEFL.KD.ZG,,3.11570923765869,6.72768381636621,8.90967246210445,4.58145277400726,3.88983170140634,5.36747450436954,2.12038564955191,6.39240438553601,5.91110577625911,15.3021832828781,14.518766729625,6.57683199239662,17.1078394235249,32.8902841567233,9.47960394130902,8.3828496932362,8.36680465547079,9.35615313007767,14.9409675946119,14.2345925132413,11.7647469937479,8.64350807450943,14.2482177757951,52.9594507195583,17.0610147409175,2.89193638813423,7.49712585351415,9.75995911860829,9.09994145026529,12.956838354491,16.3951196436515,7.88186381097083,6.80962198656768,10.0602305107947,7.64230385497558,7.68896547846228,6.25981575579399,10.4056703614173,6.33463973024264,5.81693354424897,5.61886228085811,4.23109181372058,3.19213132949372,5.89075853406953,5.91089344785409,5.11158666295037,3.16428975494875,7.17921618315836,2.73825856642382,4.37088436444888,3.91880577530506,1.99417609680252,2.0610633590687,3.05305530085906,-0.719682789735927,1.28031174373962,2.32025994608939,3.74065383022071,0.697076297419486,1.65049018681367,2.28247846258142,5.48864820202009,4.60143307102079,2.90402293225671,1.43435633798678,
Palau,PLW,"Inflation, GDP deflator (annual %)",NY.GDP.DEFL.KD.ZG,,,,,,,,,,,,9.75348475785849,9.46045729712766,9.6335454712376,9.77770883572389,9.89790713601175,9.99814508278303,7.99999690059474,10.500004246271,10.4999977208706,10.5000011674145,10.4999990927424,10.4999995379367,7.99999968992644,7.99999880859046,8.00000187369943,7.99999895133847,8.00000063332985,8.00000001460842,7.99999995004433,8.00000012683606,3.96163358620383,5.04892211899181,4.97507061575662,2.55224168302091,2.81282974591386,2.91171295271549,2.27775558374488,1.59577537650641,2.2528461374518,6.47911602699686,-0.679676569790331,-2.5786184911381,-2.90893079194743,4.02015627049977,8.46861781628041,2.52349325376888,2.04309279273392,7.51859026608166,-1.4274426898768,3.25684228943686,1.29472434284345,7.90302134762875,6.75919245810266,4.0902066194185,6.28747978332866,5.34179462832185,-1.01191073437526,-0.188475549944826,-2.47012270110928,-2.27534128851714,3.42223944620068,5.37684417785252,10.2437954180977,3.94067941390803,0.962028534164844,
Papua New Guinea,PNG,"Inflation, GDP deflator (annual %)",NY.GDP.DEFL.KD.ZG,,0.0362766822397731,0.286504137513433,1.5257202941325,1.90000000259982,2.23160142315734,7.36065437378709,8.557463493269,5.24928800153106,4.93753964402212,5.65136294376352,3.41352952874581,7.13256642896076,19.7375060864035,8.92002689753244,2.26931250527028,19.7180633966565,7.43782515703944,-2.03047314024751,16.0998420454896,7.09131507200217,-1.30360236083642,3.67880154616576,18.6599603587854,7.43829290818989,1.62013834123726,1.35686908763664,7.9715999600602,7.92423698484919,-2.54065314746838,4.13823158649787,6.9948548910578,2.87598128685119,-2.4958024652146,7.25308848242234,15.8513307936034,1.81187812495239,8.42636158197807,14.5438540145621,11.0688942082222,13.1024180405978,6.91391400596221,12.2904314793296,5.53933744651502,-1.99237190163089,12.1823792582037,60.5142859522286,2.79525188570074,11.6654413222722,-4.87930996849984,9.9171611234198,8.83316822422471,-0.574719487183756,3.58693538896726,5.43739265412782,-1.23111841681596,2.51784593601241,7.69953503846061,9.79760566069545,1.06226142176442,1.63449669302058,11.6115184948157,15.0119963741639,-4.3416463861379,3.27200752802565,6.86914050913721,
Poland,POL,"Inflation, GDP deflator (annual %)",NY.GDP.DEFL.KD.ZG,,,,,,,,,,,,,,,,,,,,,,,,,,,,,,,,55.2559947974759,38.6254669474972,30.6427963969414,37.234034809391,27.4436170381266,17.9812076556664,13.705396610689,11.047610741545,6.17757158989451,6.05771219530757,3.20159779959089,1.81506961191238,0.774657560908707,4.9331164049614,2.62309460808356,1.75153451356896,3.79514149842248,3.93429626496579,3.88764838548563,1.57921733174169,3.06571454649757,2.18343357394524,0.270975789944856,0.482272387523025,1.32071091723995,0.0828624483893066,1.77020284945432,1.22699825174134,3.02644690867653,4.23859434856777,5.34023602800748,10.689577427514,9.86569270234997,3.82894765990332,2.90835386941161,
Pre-demographic dividend,PRE,"Inflation, GDP deflator (annual %)",NY.GDP.DEFL.KD.ZG,,4.01443455551561,2.09156229282105,3.17491639918836,3.02627391432738,2.05762046368159,3.20586497895756,0.950738270139802,1.67884084901533,3.8643468368338,4.35296904922554,3.37747532556914,4.97439546023635,8.75411481809741,14.9207099075904,8.86881051393773,11.6931910052415,11.0302221983718,8.56215117461142,11.3265227896614,12.4196622417449,8.80019382633151,10.3176823113908,11.5339071059925,12.4417247282276,9.58787789693068,5.47576775729313,9.85873535464553,7.7067880725945,9.39289887253588,10.4948627903721,10.1584873906736,9.50918381006773,7.74264567579905,26.1718813121385,11.0842103567644,9.07483488878513,4.49197342415518,6.74940882883548,7.18520115234584,8.5066010783456,5.41956993801946,4.20230028511862,6.23839330829978,10.3358984765316,9.66306062742948,7.33054791629083,7.06819603401554,9.64445807905694,1.86213189302369,6.51200368905668,10.0650129672316,5.82399948795916,3.23350803752567,1.82208435035417,2.81854906621635,4.0808852538817,4.64905081962502,3.86899224361679,2.86097901893625,2.94224256636319,6.26959795954944,8.04664948979492,4.51126298030606,5.69036859495615,3.9964786317297,
Puerto Rico (US),PRI,"Inflation, GDP deflator (annual %)",NY.GDP.DEFL.KD.ZG,,2.98507219595221,3.66581701786831,2.54934036694041,2.88692934845038,2.65003907360828,2.35383272010479,4.89614425841897,6.08203640282059,3.46666562566797,4.1237116599689,5.4455441847912,4.57746494926803,4.04040438967286,6.63430395912297,7.38492837092355,2.96749897995767,4.30008965001744,5.35087861369578,5.82847656708103,8.6152627356435,9.27200376979316,6.7285372110186,5.52795112993401,4.70865202774749,2.69814433019486,3.33456826427405,3.20796942386153,3.71561202913409,2.29421371079133,11.851238620666,3.12329748135211,2.57638033378456,1.88639075079658,3.17826457216903,2.7741825155899,3.91155275522435,1.33225023139383,6.360142551571,1.47277778909911,3.29507191678124,5.5049110024062,2.5497782019923,4.41747288696945,-1.29217802645888,6.59012251644049,5.49286387698859,3.78248394024867,6.56185780563183,4.98255563041872,2.49409859201761,2.36982635795601,1.17922810900293,1.18201520573919,1.20055487947226,1.97754447018805,2.22158248433406,2.09140216242223,2.04611568543814,2.41285225696176,2.38228345642378,2.79963990475235,3.89688603977281,3.31567322527798,3.09761368006652,2.32429137101792,
"Korea, Dem. People's Rep.",PRK,"Inflation, GDP deflator (annual %)",NY.GDP.DEFL.KD.ZG,,,,,,,,,,,,,,,,,,,,,,,,,,,,,,,,,,,,,,,,,,,,,,,,,,,,,,,,,,,,,,,,,,,
Portugal,PRT,"Inflation, GDP deflator (annual %)",NY.GDP.DEFL.KD.ZG,,1.41176487378021,0.676697032037083,0.567803185404884,2.00838993416875,3.87215836182206,5.26324210889322,3.93665963087955,1.67280863520173,7.39719848409115,1.9650551091904,5.016692924601,7.80460585884526,9.46627685994071,18.8652503656406,16.2303795097516,16.2741312394818,26.4000503556589,22.3482714234964,19.4374166383686,20.9030335560315,17.6089221570081,20.6903289407927,24.6052597062064,24.6757219833117,21.7345615577763,20.4511283542852,10.0967850032764,11.165390159337,10.5138044563909,13.1446517897426,10.0861855800631,11.4460312734654,7.37643088029185,7.27762724891716,3.42861751476664,2.39098604376171,3.88520772369525,3.82503315328537,3.37052722281499,3.42026964632261,3.71598298303104,4.18978090473969,3.42715357557215,2.39961481942173,3.33290389074146,3.18454148834732,2.96634576194943,1.73772487696344,1.09813466897128,0.782135844537365,-0.260435388033883,-0.376402176726515,2.27438670185343,0.724456767129396,1.96244699137272,1.8540870315521,1.53220089864148,1.85237145416053,1.83436824863219,2.10314290097442,2.01977710282455,5.32750036102243,7.48763935838595,4.86520313456742,3.92232241246668,
Paraguay,PRY,"Inflation, GDP deflator (annual %)",NY.GDP.DEFL.KD.ZG,,6.68482177239153,8.4212754654605,1.6459080523092,2.06773951862237,2.31842738872743,2.97676738124157,-3.1158749859142,0.51894364291023,2.63979153751998,1.26435113386808,5.90078043609425,8.52314979368313,20.6410911507838,23.5875248004866,6.07569282927092,4.54050690606975,10.4484387533464,9.21736287973791,19.3212663608418,16.534944617499,15.8261734027961,5.47461734334969,15.9078209005113,28.8420858784008,26.1313301184776,26.896747649867,27.9690683037033,27.2355212990878,31.454919599939,36.607531327035,25.1198370187067,14.0829206349286,12.2200349582446,12.5733704419943,11.076427188031,11.4214482360733,3.41098924066357,16.2585763328884,10.6801279115958,14.6645054427207,13.9356046926921,17.949384209928,15.144324650951,11.8350052238006,12.9528241180261,8.8558326538908,12.6355056430918,12.2247550551932,3.64796491881232,4.65570138250342,5.09571053875749,4.79827587865157,4.33767609515789,2.8570064335599,1.60388806090694,4.13475444403026,2.15920929174615,1.96024819846549,3.06187945458328,2.20392146778615,8.43442569815032,8.02338931276773,2.22199983334215,2.76771558304883,3.0833854169134,
West Bank and Gaza,PSE,"Inflation, GDP deflator (annual %)",NY.GDP.DEFL.KD.ZG,,,,,,,,,,,,,,,,,,,,,,,,,,,,,,,,,,,,7.78537880697799,2.61624355992755,-3.83424632990953,-5.37213466791881,-3.02948623928063,10.4416072420693,2.34518915603925,1.48692291117247,-2.12542725606015,-4.85459644251063,0.0562197269976821,5.39312306887525,4.77023412941875,17.0083554064538,1.85273346648474,13.1963162481764,5.41982473738784,2.86773402643237,5.7383714378646,3.67222811544951,-3.70701301671946,1.27802248372888,3.22541499220273,-0.301992725159963,3.84946930147241,2.22090183339058,8.95397174062261,1.68265652739991,-1.81291980043238,11.4171526570956,2.71861553096507,
Pacific island small states,PSS,"Inflation, GDP deflator (annual %)",NY.GDP.DEFL.KD.ZG,,,,,,,,,,,,6.3669091468048,7.94682292536971,8.89840564002436,14.1526309266131,9.53980556654396,8.14049887970444,8.3432617821591,7.30919457525319,9.58488231401873,12.6684664265555,8.9169654841035,8.11308684183778,7.99999968992644,4.8154761971183,6.57492344872375,5.09796980804673,7.34001038048933,7.32801562142795,4.81195035186872,6.67946936480641,6.11137374189623,7.34406692918725,3.03372401956675,2.61502332439368,1.73193882229008,2.97478163070434,3.17702279255161,3.41364075045701,4.60724665770411,2.17897058141287,3.36684864796393,3.42589593170757,3.08627927543368,3.76193876969846,3.99513339074883,3.74675912400842,3.02445541765712,6.42956031832458,1.99846395791808,1.49052200334019,1.99868992907571,4.28459781006418,2.34629009874605,3.28528327187396,3.35764066417947,2.97355305311282,2.57696915690993,3.99854350151341,-0.307833387791391,1.22225156843744,2.03758861131405,5.37684417785252,5.4881901840749,6.10727357070493,2.95985755940733,
Post-demographic dividend,PST,"Inflation, GDP deflator (annual %)",NY.GDP.DEFL.KD.ZG,,2.78215882313847,3.92596776077183,3.27758443771572,3.91807664781489,3.85314753597159,4.03154839179258,3.59221129495675,4.13089812826347,4.51215486772858,5.54524371928355,6.6107089212917,6.82880904889086,8.84522092091859,12.9560189251079,11.9437288573247,9.1373792822471,7.82986671803685,7.45419229161499,8.29672198559939,11.1271090045314,9.4939056223733,8.45584191603074,5.66428865895887,5.18324310134066,4.21552712146477,3.51770589922258,4.72094926909598,4.71248471680465,5.38365069211485,4.94732430959191,5.07490419264585,3.64174403741588,4.17089379732608,3.54242482501834,3.92227371405208,2.46470184239742,2.27527738841259,1.35358658344031,1.44619968518774,1.88703379262532,2.553550228718,2.07643977993436,2.05372879471216,2.70981365334506,2.57733577215691,2.64582963029446,3.21795617706429,3.17114595769232,1.42451443313669,1.19148459088331,1.87369855330753,1.53562945109243,1.34203872074593,1.37890832225339,1.40954941587128,0.968897449605109,1.88698336144286,1.91751388994078,1.99743996305741,1.7781103256301,2.72859685397275,6.34928577127887,6.26485756543917,3.33822233054515,2.98416170074209,
French Polynesia,PYF,"Inflation, GDP deflator (annual %)",NY.GDP.DEFL.KD.ZG,,,,,,,11.4861598926928,7.56690572642928,2.20922432808983,1.17915841249376,10.0227501539982,4.03134729930849,5.014463270184,8.37997103158241,17.8520661183587,16.3827458524667,9.30693353403858,9.09961223187695,5.95966963273848,9.60157930848604,7.41573142573885,17.1672183106717,19.0219329089045,17.6480229558757,15.6285981882894,13.669781865706,3.68557738747803,3.74651809381791,4.55250097556372,5.15711856377685,3.59871263211701,2.66803918686558,3.6943538228855,3.44736980312632,3.39709960718058,2.79722250633534,2.65925391091335,3.18143347196443,3.0593771199779,2.66868197482361,2.85720915835998,2.72943890799584,4.21491436348742,1.71726805884684,1.69146020964072,2.20077195397286,1.18694415765546,1.62404031539968,0.279672532219806,1.586850062683,-0.287103184096253,0.0398540381661689,0.346766937067926,2.09042696818406,1.36123772707739,1.8216153646875,1.12947790218716,-0.301253737739358,-1.17878733412931,0.832708865579917,1.69139105878146,0.228505183137401,2.48931002780384,3.28300669091963,1.849602698602,,
Qatar,QAT,"Inflation, GDP deflator (annual %)",NY.GDP.DEFL.KD.ZG,,,,,,,,,,,,16.4383205681311,9.45107005553731,27.9601323870819,182.038299074094,-1.59017451140825,21.6357630061071,18.6966564739421,0.75547479676689,28.5810020340528,36.237725045777,9.15159187850649,-5.75844537044082,-13.2147993170328,1.22868921441869,-8.49663308878571,-22.0407974667107,7.73709817012093,4.68405235121394,1.15400294316534,9.70275066179276,-4.8987420433761,-0.225764769388931,-5.14575409846844,1.60269984660293,7.76720232823074,6.6575593258175,-4.07897648277202,-18.3821762433969,15.8794740878254,32.6546149024453,-4.95190513377686,3.00864801408997,17.1765119997324,13.1071758176456,30.5427367867419,8.36148136900179,10.9698922168022,22.900240245323,-24.2185904869929,9.60105786597229,18.6404271440852,6.43542332039127,1.85335269260167,-0.332924251850741,-25.1298074959928,-8.97669905751843,7.78756965604812,12.4144035260003,-4.45591420530452,-15.1004203155136,22.4660221294737,25.8769173694679,-10.693481450613,-1.51708033159748,-3.15002110419772,
Romania,ROU,"Inflation, GDP deflator (annual %)",NY.GDP.DEFL.KD.ZG,,,,,,,,,,,,,,,,,,,,,,,,,,,,,,,,195.003978593043,199.858895609549,227.308735779621,139.023070589532,43.9334732007336,44.0022839129307,135.338399472194,48.1345197660485,49.5224630026867,43.1807891473077,37.9563154083491,22.7142690496692,23.1532554708977,15.4565958769332,12.0069901176313,10.6065793571017,15.8162274724437,16.014892178546,4.0915777131025,5.93211185989944,3.98254945792303,3.81023942192328,1.39458661535372,1.71417093292732,3.26453494332559,2.61991857394388,4.65130664700149,6.18205429510977,6.96708718391783,4.10704737847854,5.60376567562626,12.051275290788,12.3522995042078,9.58453804755844,8.20375528065679,
Russian Federation,RUS,"Inflation, GDP deflator (annual %)",NY.GDP.DEFL.KD.ZG,,,,,,,,,,,,,,,,,,,,,,,,,,,,,,,15.9029112575078,128.629771683447,1490.4184248448,887.840736234023,307.298056897061,144.006867163195,46.0363776683441,15.0585036426846,18.5389673419024,72.3866054661464,37.6979282123097,16.4796193570037,15.6619063054593,13.6571368113275,20.2551495775111,19.279432134411,15.1204066316764,13.8412392398238,18.0135183350842,1.97061260305912,14.1911095688207,24.4600860617544,8.90786842118136,5.32013887194449,7.4900711173524,7.24973590747346,2.84424213964709,5.34886821073218,9.99894458061645,3.26313281834219,0.898246022973439,18.2091007440476,18.2296132017855,6.65888697432216,10.6528462305427,4.85205314544395,
Rwanda,RWA,"Inflation, GDP deflator (annual %)",NY.GDP.DEFL.KD.ZG,,7.12471364410396,-7.97133393894356,13.5512287459481,16.025003510071,6.96386495357402,36.8592746348163,36.9664654329699,0.848491735728203,-1.2841296772342,9.93641009911921,-0.1138661392541,1.84633286505476,3.91625376991631,15.9069116078978,87.9691490777776,-1.89108756049173,13.5114663005981,3.66473890308509,6.06528570702427,3.06477515341366,7.71070181640994,4.8831803148981,2.44921264418241,16.8566892652687,4.56412999956723,-7.02173255140663,0.665276478889808,2.22537632565087,5.297086760078,13.4614689148776,14.9789364251954,7.2832831603649,13.8705025939746,17.1913029018628,51.2665830504077,10.9214157521942,15.6215024442064,2.22820064707977,11.1069367103682,3.27539722120545,-0.392589279188911,-5.22720896591929,20.3613027209027,11.0949086013458,9.03080654983293,1.05493040736384,13.0303570346015,14.6252308133498,7.02872849221508,3.25947206816244,7.17948234087469,4.63069389798191,2.6167734041515,5.25733008568992,0.667917862132981,5.3396658156171,7.54200621124477,0.898383539275144,4.17530544148619,7.55084479337765,3.73462555543675,15.9287208987392,11.7097461746956,8.14352315663311,7.35070833894682,
South Asia,SAS,"Inflation, GDP deflator (annual %)",NY.GDP.DEFL.KD.ZG,,2.68799998999224,2.21392011200894,4.3669920428669,1.39671506761395,8.11603718191176,9.78344769596144,5.22754013491102,6.74060489459566,4.95359771025949,4.30528716064519,3.8153102341027,7.43239686726309,12.8831457507806,19.4567433179402,2.63825435489289,3.26295084139024,-1.59969826213879,6.79451103937122,13.9809010279297,12.0127492917538,8.91602335973622,8.72163638686462,8.52030774122654,9.04346092079372,6.85120009488793,6.98741916323801,10.2237622377802,9.17477469908575,8.38739106128777,8.60051957022301,11.5843306869025,9.18442923811766,9.87308858174155,9.06546755767587,7.71466064227399,7.96783417755107,6.87768211900494,6.37319004366906,3.97186944774882,4.05870193917104,8.1772394647405,3.91386266660285,3.74605222201652,5.14377480328369,6.2992964046643,7.88048874752035,7.2738535975009,8.52746786000854,6.90236005819588,9.42649663538977,8.8068924132757,8.04948057709725,6.49389713238257,4.8972126276205,3.80941135387052,4.74606735606073,4.69861577035089,4.08977323260189,3.38307296288543,3.5292328591457,7.19536279695099,5.42193852431457,5.07631110317609,3.80361568402666,3.22406406074013,
Saudi Arabia,SAU,"Inflation, GDP deflator (annual %)",NY.GDP.DEFL.KD.ZG,,-1.78626816841188,-0.893866244295467,-4.6847389174756,-1.22119924313846,-0.440429932829574,1.95375012468999,2.39764076579459,19.4285098377283,1.01667233212711,-21.4407763430519,15.6146717229676,4.60463481763588,12.9158270201888,150.63170923259,7.98184555575159,19.1809248738597,9.30821995760766,4.16044832252977,24.1586766208668,37.6250942959606,10.5833205120849,0.456212554134765,-4.55400994296568,-1.59779196884971,-3.79338651775883,-15.2828328497333,2.88525149537355,-3.38909157949034,7.58492535116066,12.746316604425,3.86719534008189,-0.862001460127814,-3.37232082081043,0.700117350470592,5.71319135542623,7.14634829609454,1.9039947539129,-13.8588573067072,10.8822238632488,11.9091729389784,-3.17108517276721,3.68340962494604,4.64323555039678,10.3688079757525,19.7288448310483,11.0053340909618,8.04654705838685,17.7028867929995,-16.5588399323366,17.19132715029,15.3040052686061,4.45127893899043,-0.557375756926916,-1.69629054707285,-15.826929193662,-2.26181980307467,6.28576392488583,15.8625882829175,-1.36673070628761,-10.1884717880763,20.12699452585,12.5832067060847,-2.18442485707621,0.261941556781764,-2.56866456586341,
Sudan,SDN,"Inflation, GDP deflator (annual %)",NY.GDP.DEFL.KD.ZG,,8.54275345322841,1.59305467682391,4.71081705429572,3.90597768880619,-2.39467744499547,6.40435067269496,6.75978541016345,2.36764214425673,8.60746021480871,7.32063730430794,6.56187255500558,14.3054500736084,23.151582650942,15.4390860383829,5.28426615533628,6.86602196291635,17.4039984780278,24.9099227974776,23.9748826113826,22.0265651585776,24.9771795309492,30.5902493639549,26.0580590611583,33.6368828047749,46.1691452371993,28.6425566429425,25.8913532605287,78.8625963339775,36.7386519285483,66.2355883475107,88.7728462623674,109.233655161945,97.487348250859,159.26697258905,104.555028787418,32.5622551345838,37.921169977767,17.6622707657562,15.823578015666,9.8531369204179,21.1339910457107,10.8012352318635,9.79992410396942,17.2739979186081,18.054402868472,7.65225430526529,15.3066214793858,8.89101661311409,1.86213189302369,22.6694192116219,26.3283499650477,30.1285931395558,36.4286291176933,34.0669855189111,14.0225574392301,20.6855877306245,34.6223707315316,55.9753254437569,51.9788933465452,115.65291501439,235.515443582343,116.874075405794,29.6896694787435,243.907255463901,65.9098699865357,
Senegal,SEN,"Inflation, GDP deflator (annual %)",NY.GDP.DEFL.KD.ZG,,2.46857747074409,2.53924769032905,1.48655561735562,1.99535026569468,0.452820818960831,0.416222711990557,1.33299886735097,-0.542368624517749,6.86677567883129,2.0428603536138,3.0018083172566,4.10363946619412,7.68439771269558,16.761195079324,11.6291444872522,3.78921485584216,8.16395466890485,6.77263191828155,9.70658132140881,5.4560401274267,11.0477932212242,9.72205568294373,9.29205468630911,7.72247004475221,8.89221275604793,5.53608293030337,-1.73595432904898,-1.14033178200231,2.17022646198564,-0.166872375317354,-0.923678429871956,-0.827466513277315,0.0842697584777454,34.0413670820881,7.11300728573589,4.16151734103398,1.97782917379958,2.77903090647411,-0.525447722709572,1.3086598487922,6.99493519580557,1.90464530864327,-0.922879933708558,-0.134935110953364,4.72087875420317,2.88549200196928,6.58871245134355,8.21654273074127,-1.68903868254876,1.60441579019933,3.85747038355476,3.27411157616761,1.18613046995503,-1.51585973451603,1.06978461964601,0.955649519839767,0.448025512035443,-0.690687465440647,2.08580185169056,1.60273383027116,1.44730627627625,9.34702182596467,3.05250609352798,-1.59699968601562,3.48675059280075,
Singapore,SGP,"Inflation, GDP deflator (annual %)",NY.GDP.DEFL.KD.ZG,,0.331807725132393,0.468580568677112,0.925318690191077,0.564619471904422,1.08280919421094,2.10099401626297,0.36175998153692,1.43729436349335,2.27723055956248,1.54696201847693,4.85354530242307,5.72602281502184,13.2098511250541,16.315573040436,2.88902717475952,1.71985346383113,2.0066785459034,4.04187885560737,5.2354005316555,11.1271090045314,5.87548935259991,4.53295551219097,3.17143964984059,0.787919952347593,-1.46548381178779,-1.25281578687675,0.532427941572664,5.43072131692747,4.15917047818115,4.69742330546458,4.43534521070245,1.38770305954598,3.45618677483372,3.46273962769924,3.17627830929234,1.50622281220359,1.08499221815259,-1.32884855456203,-3.57782977150977,3.86347751783269,-1.81443173071348,-0.896915632384648,-1.79904886938878,3.95952821977868,1.9005186505386,1.8441830136442,5.91682447669695,-1.38155543169427,2.95392464373782,1.10780871344616,1.17079820355097,0.495345771200874,-0.431059391871671,-0.267270041634802,3.07195500966418,0.713355854299763,2.98900437861629,3.76984975274377,-0.326931375173146,-2.19751679656893,11.0312981836081,15.0216498560705,-4.56954598451304,5.86684587406434,-1.79624762436819,
Solomon Islands,SLB,"Inflation, GDP deflator (annual %)",NY.GDP.DEFL.KD.ZG,,,,,,,,,,,,,,,,,,,,,,13.1443402864278,12.9976793240905,6.95012050149637,10.9223174690125,9.40918931289099,5.09796980804673,11.4942569451184,16.8120453128942,3.45363961178309,34.106939236589,7.24567350743457,13.1570530426716,17.0186131678258,27.9370885191372,9.5388190224195,12.0838917487853,8.47322275065343,11.1526833563604,7.67457883707445,5.55906370054299,9.90700153438955,11.2791047103888,25.8863736947233,3.76193876969846,10.7026208326037,8.34136837234706,9.29375351784041,6.42956031832458,4.87277745936684,1.7449309862497,4.47742652671958,4.6521911700613,2.35192005277123,3.67090056841781,3.35764066417947,0.344531390997304,2.57696915690993,7.85757782239635,1.24066441428737,-1.32568511012452,-0.594286729950113,-1.87467152136901,2.54749432932826,3.07351504489949,4.98564470550996,
Sierra Leone,SLE,"Inflation, GDP deflator (annual %)",NY.GDP.DEFL.KD.ZG,,-0.0003268094011588,0.0001118653467244,0.0001647557098038,-0.000278402464886,5.1971004703548,2.73346870869979,-5.85071363430355,6.66686738774902,14.1650840822584,-2.14233879474295,-6.92952042750981,5.95036646868708,23.2251971597504,14.1608119373017,8.86881051393773,8.28418384243774,19.7468635853453,23.8501448723086,11.5357313213431,-6.00875058256059,8.69831224790912,18.5016273255266,19.4389560072008,39.7672585975683,68.8897065046573,78.5038040081838,165.67664586954,64.2882425011475,61.4912801976864,70.5915477015398,128.761666792117,82.0235795511957,26.736321384602,25.0620436308527,33.5979883194802,29.5804861433025,2.25276842807767,23.7751233973352,17.1938517219607,3.28114075964898,168.053007464837,-3.93416614633094,13.1976856022125,12.8264542239995,16.6157670486629,26.0366752788894,8.13418926837109,10.2448853478003,6.34199132186974,19.1231180041057,15.3425577502667,14.1095695912718,6.25645391066401,16.0449126765692,3.61332477392402,4.34616383662868,7.49880792881387,16.0207318007809,9.91558334836972,13.2720830296995,7.46331670023754,26.9574531265717,29.2602264455666,10.4508135199822,2.67493147846358,
El Salvador,SLV,"Inflation, GDP deflator (annual %)",NY.GDP.DEFL.KD.ZG,,,,,,,-1.1753173608947,-0.393507621936834,0.19483186713029,0.425428249230862,4.83751153291408,0.806457522522351,0.400316542998354,8.84136569851248,9.6491479831566,9.88797935999375,17.6342113918004,18.3216298528567,0.960013082364398,15.5624071981715,22.6012882564872,2.00938789958767,5.55290061909739,1.58899797213157,3.05408729621168,3.15378065896392,-0.94815922337537,2.3739437095546,3.90575551112049,3.3553952451945,5.10572833645764,7.42039831139694,3.41992302194576,8.59328373641921,9.80412818425471,10.9290340708784,6.58171861061977,3.38380837413172,4.23009518302409,0.994105168134183,3.27263167049688,3.31363165513974,1.51063301186223,2.96567141336874,2.71767338213316,4.29476326031077,4.33269226745863,4.39535754973457,3.50229909686419,-0.0338953396293391,2.59792051504036,5.91935853963467,2.54040668385258,0.579466174463676,1.01377884367031,1.307617777231,0.657746207396585,0.986566456267596,1.71626308707515,0.848014701105342,0.653512318599752,4.14207468599355,6.58454146516301,1.90061262165425,1.29171080882324,1.28579155139892,
San Marino,SMR,"Inflation, GDP deflator (annual %)",NY.GDP.DEFL.KD.ZG,,,,,,,,,,,,,,,,,,,,,,,,,,,,,,,,,,,,1.82751509450425,1.82751509450425,1.82751509450425,1.82751509450425,1.55463608639049,2.56773358739586,2.70347841383587,2.38676892433671,2.45182791541232,2.01088269657863,1.6678752719362,2.01207243460763,-1.9723865877712,2.83196979232221,0.999377268139739,1.43035574550051,0.152699197986834,3.12004460358166,2.00061717503941,0.388644528758022,-0.742698422974769,1.31669760966393,1.74336343905894,2.06429914095962,0.914095270963216,0.344575599676716,1.84143801231254,2.76466579491772,7.35543104973475,7.35543104973475,,
"Somalia, Fed. Rep.",SOM,"Inflation, GDP deflator (annual %)",NY.GDP.DEFL.KD.ZG,,9.78760222945397,-0.824029645489972,3.29617204048334,13.103426311195,12.8949230668109,-3.20636522705733,-0.324413640168785,3.39737536562647,6.52238469241337,8.61212740387191,-0.56653542188559,10.0018870467419,10.6281141882512,17.7278983638145,15.2872312897991,17.2695781685298,10.3700771762442,12.3093831570197,15.677010097582,89.6000215004792,19.6921365199915,28.4330071321633,36.4711581824301,71.6084015617208,28.0181242716794,39.0604267284058,29.7061239387591,63.9323172078169,102.704467581385,215.830205539544,35.5290140050687,25.0005043883504,54.6634870134517,55.8147453419785,31.4999969297796,29.9323763002721,33.6111065979694,21.955645180873,14.3876863046065,14.6097983166547,8.24338668884927,7.72046671058233,6.27947337758961,6.79561761196699,16.0638020615876,-6.86776599889585,3.51717021980427,2.05988988540389,2.37613172427208,-15.3469023049651,-2.88779805602711,5.77054493653297,-10.4668204256896,8.91791195733276,6.96942788276485,4.0808852538817,0.580657472829557,4.97325012067857,11.9083872285954,5.35918527096374,7.3929482281538,7.93733182987717,4.51126298030606,8.43060181493649,12.8840047835683,
Serbia,SRB,"Inflation, GDP deflator (annual %)",NY.GDP.DEFL.KD.ZG,,,,,,,,,,,,,,,,,,,,,,,,,,,,,,,,,,,,85.5841890587903,85.5841890587903,17.8992902157344,24.5816737660006,28.8693519817726,79.2183551421318,84.1527365539731,19.1017161299754,12.5286889476102,8.12865550294231,13.8856627867346,13.8392226605454,8.83168752329679,9.49838485981928,8.43692623625512,4.95030879905744,11.0023151823334,6.04404450314931,7.80108516848593,2.90940685673829,2.16912075555875,1.54382740998828,2.9973452123824,1.99999940277962,2.34783114136296,2.6493593974983,5.68404945078089,10.4583041504024,13.9302963711276,6.34994571281966,4.48916104219946,
Sub-Saharan Africa (excluding high income),SSA,"Inflation, GDP deflator (annual %)",NY.GDP.DEFL.KD.ZG,,3.2784459977796,1.66743897610179,3.01391715577817,3.54797755518111,2.92315374468527,4.12004653533484,1.28037535067494,2.36764214425673,4.83856099574945,3.85955208091333,3.58816843269342,5.55368367597153,10.2038414811637,14.1608119373017,10.9448052413917,10.2919849515809,10.4461251876848,9.15991019287219,11.4212450877516,12.7409349281657,9.57797518422004,10.3176823113908,9.92793639904325,11.8638552478514,9.58787789693068,8.02422199546108,9.61162965797742,9.15994113825127,10.4082837311963,10.6104147199978,9.46811867801657,7.2832831603649,11.605429315253,23.8310252650339,11.0640001040792,9.99812532048966,5.02297720943893,7.18442867067795,7.40061061241146,8.84439624700958,6.55399065644966,3.70285086475184,5.74560522770595,7.68797431550428,8.10428690011478,7.55679942246153,7.06819603401554,10.2734751198851,3.11724269281331,5.63761163813462,9.39165549203732,5.46617486333369,3.84005596982213,4.0817318808473,2.9722848994975,4.78100029080551,4.9448137038311,3.99329508509443,2.86097901893625,4.3111451366789,5.90670766327823,8.66620854081535,5.41580564449526,5.79689364240312,4.30496668705833,
South Sudan,SSD,"Inflation, GDP deflator (annual %)",NY.GDP.DEFL.KD.ZG,,,,,,,,,,,,,,,,,,,,,,,,,,,,,,,,,,,,,,,,,,,,,,,,,,-11.8293295391053,12.9264024311492,38.8333429721931,46.5069047554802,36.5121584994857,-26.7002845822567,17.6893321393151,,,,,,,,,,,
Sub-Saharan Africa,SSF,"Inflation, GDP deflator (annual %)",NY.GDP.DEFL.KD.ZG,,3.13425473123863,1.63024682646285,3.00892533198562,3.70196038330539,2.83779272893602,3.92852439674358,1.33299886735097,2.71222764713974,4.53980678223554,3.7850036465982,3.51414655935717,5.56553386565351,10.3188724632545,14.4892090698908,11.286974864322,10.1095397022797,10.5799394870567,8.8610306837418,11.455004116219,12.8646273399031,9.18908450527577,10.2018200820206,9.29205468630911,11.7174933871685,8.93083000559061,8.02256089268194,9.39994796598818,8.95795186633018,9.76900937253662,10.5836307032609,8.77774996535949,6.96128200695919,11.2979738583905,23.2494808479149,11.0437898513941,9.07483488878513,4.99060848779871,7.40527782483255,7.18914294704696,8.5066010783456,6.23201251547287,3.61316135426739,5.86801786486744,7.7652785346058,7.62368935878268,7.46134453965777,7.09973099344892,10.3020648919699,3.3603789384976,5.6363093539079,9.19547306727744,5.61835989993333,3.93992343166144,4.24453211828403,2.9179750112496,4.59345286835512,4.79693226172806,3.93114366435561,2.59440803517133,4.34500597682549,5.63049185397639,8.35642901530513,5.2560838965511,5.74363111867964,4.11094707872399,
Small states,SST,"Inflation, GDP deflator (annual %)",NY.GDP.DEFL.KD.ZG,,,,,,,,,,,,5.38437111275978,7.66601324566784,12.5480739892703,18.0878171030072,9.75826445116525,6.64959262379877,8.5794094162904,7.34918198994508,10.625525795504,12.8610060580281,8.6128897838625,7.5033046305218,5.97696702414777,6.17790852596886,3.71190961041509,4.66038702363605,7.16337570754011,6.45370674424963,5.60791537601837,6.37017748565415,5.99313127657138,5.04892211899181,3.03372401956675,3.56174363288468,3.04812389047835,2.93561257344443,2.27775558374488,2.97009281527207,4.30318181247706,2.63973022261635,4.02071687832684,3.07515644969854,3.88938564810275,3.76193876969846,3.99513339074883,4.09636960075596,5.03508583333026,5.84158924079871,1.67772403527178,1.88138203943318,2.74704089816066,3.50731498685953,2.25515064392079,1.49677194130238,2.78009679969161,2.08465280869766,2.19707288332757,1.81698628329571,1.42478848140109,0.355368013053905,2.93104199707247,6.57339237805984,4.80977138421188,3.71197890609302,2.71295786132863,
Sao Tome and Principe,STP,"Inflation, GDP deflator (annual %)",NY.GDP.DEFL.KD.ZG,,,,,,,,,,,,-6.19413576798131,3.61303983130364,20.5895100059358,1.23132746798224,-0.830229865827221,0.816728300436026,-4.80766176918176,4.64999857278234,-0.531043826818035,24.639980007431,25.9039284864759,-0.392853972285707,0.469319260828087,15.587584385592,-2.24528847916254,28.7347735420046,44.7541184885392,33.3219758698073,39.3575097844403,42.2390438110288,25.3451937487011,39.5587242691663,75.3876340294399,74.1896126763799,50.0639161288971,99.2359560303157,39.1139821397442,16.0000191920269,7.90479558956943,9.97601520165648,7.18447295504446,11.5148122597808,13.8397977822705,14.8393417321248,19.0925741408707,13.3249989171462,9.60258189970895,28.8282864494996,13.9533488007692,6.96532412446513,11.6807042204602,6.46776365123449,7.20255749580205,4.62269799152351,4.50369709639151,7.05347169543845,4.08077375939095,8.91966149527528,11.2643680903642,9.26827734771341,5.16433588592962,15.7806509935932,23.7460585524367,17.6656580323889,11.9381085670603,
Suriname,SUR,"Inflation, GDP deflator (annual %)",NY.GDP.DEFL.KD.ZG,,3.12812401939357,3.79775567442124,2.68689912429289,0.196254935101265,2.40619685290086,3.59364082712355,3.42936048192666,1.63252105805797,2.94961654585006,3.08986462201489,5.38437111275978,4.26345448404659,10.8100970451919,20.2583978510694,10.484570374597,-0.190339299486652,15.1579450029071,7.55455597179903,7.03240516483143,11.4007062429351,4.41073704063454,7.43698791306828,0.475938662315542,-0.313079241866063,-0.939542487183417,1.25184094872542,17.2588237181322,9.89739124703175,12.1294932421936,49.9084300296269,12.3376365857229,34.8989224864435,157.453710886709,438.263725772759,276.753845395386,11.8825503719107,1.49369976851179,17.2116243166659,73.9731867593173,60.7428213798917,39.530228233387,37.4532823192579,21.3179782161229,12.8379278475888,15.5398119400855,39.0361246319048,6.4252012519074,15.5211432201182,6.48362424782576,7.19655419062693,13.8444468459506,10.7352006048331,0.383766168173977,1.58368715816022,4.85459060945995,24.0693638258796,28.1451055406702,5.66059377089626,5.17890859157816,45.2177563492464,62.0745334560841,49.4232837396802,33.099964511173,12.8103813624819,12.9882957300738,
Slovak Republic,SVK,"Inflation, GDP deflator (annual %)",NY.GDP.DEFL.KD.ZG,,,,,,,,,,,,,,,,,,,,,,,,,,,,,,,,34.6071382343882,11.2146189810982,15.5779102217758,13.4484869825573,9.89107014961969,4.68034011492189,4.72932565342799,5.00367282869745,7.29395092517544,9.68118082125189,5.37522946420054,4.04623659179444,5.44607964570642,5.90529858973181,2.64656691190419,2.89553948818457,1.17772752387391,2.98536250830593,-1.12257244186777,0.470528553269702,1.61977051205542,1.33888239127128,0.534061870297393,-0.132602518843782,-0.185692827685429,-0.390909342389534,1.18187258373648,2.10864838172743,2.40120783642419,2.40777956608554,2.24408410830694,7.33387458944816,10.0245901807717,3.39369719128545,4.18674441563205,
Slovenia,SVN,"Inflation, GDP deflator (annual %)",NY.GDP.DEFL.KD.ZG,,,,,,,,,,,,,,,,,,,,,,,,,,,,,,,,94.9277864009878,208.177820321498,37.0791183300232,22.5892350086872,15.1550581459646,11.496642853525,8.30053851255612,7.41428430958089,6.54085940379379,5.53606175369798,8.70000810232166,7.61980959695788,5.66345775944367,3.35817227706201,1.5029969925608,2.22360248403123,4.20025173716738,4.50501487355174,2.73283928388418,-0.491469444600767,1.3645204070481,0.626618590822474,1.13279718785073,0.631551450779483,0.867198319325425,0.885482436856336,1.28763102357318,2.18095370305853,2.33858654999968,1.18953318282115,2.68343077186124,6.47825402744266,9.98912481634724,3.46708059724392,3.45432326560444,
Sweden,SWE,"Inflation, GDP deflator (annual %)",NY.GDP.DEFL.KD.ZG,,2.93737844028766,4.0202670769157,2.7619010945309,4.39853264711682,5.99314047133997,6.54798040077156,5.01023959165212,2.39151839275171,3.4182107738872,5.17310751218547,7.11028836098406,6.97316493189784,7.03377058635807,9.45814686046593,14.5124019270539,11.918966348703,10.5295692047657,9.54906699574308,7.94320815543519,11.7165099913313,8.76734208273935,8.08460539961584,9.95406204766027,7.63598206483755,6.40450694778163,6.3227231121695,4.72094926909598,6.57120635979871,7.92466694126497,9.47382063284378,8.24678891717885,1.01534117935257,2.21227112640014,2.50232742429846,3.70504235553382,1.05237215784493,1.49855525283947,0.867012640609417,1.00395584939564,1.57206144493442,2.58975394667067,1.6234768156655,1.84783029110962,0.414604741243238,0.764472633479315,1.7459961021776,2.92416926511069,3.36159475609104,2.35893323451421,1.03023451831319,1.11731713646294,0.949478662939768,1.01168043710824,1.83274334863978,2.25576478043419,1.65920932545671,2.22554282042857,2.61445551998212,2.42588744842773,1.79876774959563,2.70985550217829,6.0271955711854,5.83406618538046,2.99536723630649,1.22969792213401,
Eswatini,SWZ,"Inflation, GDP deflator (annual %)",NY.GDP.DEFL.KD.ZG,,,,,,,,,,,,7.12484416978508,9.62726502294502,25.2306765558377,10.2889454822052,4.21373188402319,13.5702783875819,10.4461251876848,10.5599584961411,13.5877053732984,8.20953778308504,3.51034453345329,15.1796855611046,4.73692143521498,11.0649666289936,5.98737227236936,13.9165769085529,1.11311695570274,24.1326094906134,2.89173725080813,30.3849073796425,8.77774996535949,11.1882506748558,17.3897596974754,10.970426054757,16.6493811913074,7.68236492695678,11.3448413575679,7.40527782483255,5.37005888426097,22.3911035710067,8.3221200386139,9.10241454376863,5.86801786486744,3.90533365864125,6.16534869483016,3.5484988422708,5.19094095680781,10.3020648919699,10.1628468955642,2.94007098930442,5.47649943337463,9.1968020282589,6.20793601716952,5.7374565093196,5.32470521825827,6.76466083570968,4.9448137038311,3.29368245909905,1.96506170240644,5.16504756589767,0.114057724532231,8.86865470026568,6.05369047880271,1.29824553756679,-0.449980941596436,
Sint Maarten (Dutch part),SXM,"Inflation, GDP deflator (annual %)",NY.GDP.DEFL.KD.ZG,,,,,,,,,,,,,,,,,,,,,,,,,,,,,,,,,,,,1.12875903023384,1.12875903023384,1.12875903023384,1.12875903023384,1.12875903023384,1.12875903023384,1.12875903023384,1.12875903023384,1.12875903023384,1.12875903023384,1.12875903023384,1.12875903023384,1.12875903023384,1.12875903023384,1.12875903023384,1.12875903023384,0.295015877945247,3.87309650875972,2.41867590016453,31.0605071174675,4.00778518211102,-0.320844612000187,2.55581757014862,-0.096963578940688,0.759240923003787,1.31368166079125,4.64369866790126,3.33625857316177,2.02312529387028,3.49514219079113,1.54738878143132,
Seychelles,SYC,"Inflation, GDP deflator (annual %)",NY.GDP.DEFL.KD.ZG,,1.45690288202813,0.599020604281449,-0.0024629491319814,4.37958454460581,2.45082023923473,-7.47426557621745,2.03924607082391,3.39807020656309,2.35162374020157,2.90537958289478,1.57443033533058,27.7112179404,12.5480739892703,20.9343671658419,13.5072364277506,9.13417048405334,43.8052476919152,-0.45523946562848,17.0099683670188,31.0359214861763,7.34665178348087,1.72612433450811,3.18700465907085,3.1332451227357,2.2794112337051,5.74667769450335,3.67382337186521,3.92875254794336,2.12576591385761,6.37017748565415,-2.04315668579625,4.66825525992283,3.02831268774926,2.65603359305877,-2.07293038336191,-6.08026715563722,0.874655608207902,10.4117836445154,2.05663474416527,1.25194515123741,6.15676158548635,3.61316135426739,5.94683478932345,24.674119952404,0.45864511054863,1.44234444771681,11.0793956861201,31.9263160249952,28.1819635812916,-2.11971044632016,1.06438138123271,10.4372838765698,5.64023151837689,6.43587163230623,-1.00318641871358,-2.29456846888873,2.33249048759716,3.44738196587787,0.126950238609624,5.23042858538314,2.75005993802337,3.23305114103314,1.39387024808538,2.92830856479461,2.60246448996226,
Syrian Arab Republic,SYR,"Inflation, GDP deflator (annual %)",NY.GDP.DEFL.KD.ZG,,-0.565431830039103,-2.74775082385237,22.5011921106247,2.115426913167,-2.95205309007281,7.59091299043087,0.937731458959632,4.32359578317309,-3.17530683126216,0.894965293338345,8.1523145570706,-8.35412629212598,19.3559530148506,27.7336249167066,11.7221938009908,6.93719250081648,11.255860813971,9.05830830285821,19.271855817196,14.8820201167283,19.0616583772759,1.73997193742113,4.13002926296977,11.2665167832413,1.01704622446586,30.4503196519935,25.6832768309677,23.443423949845,30.0238812367079,23.8225663973854,7.84519753162868,5.58194055508412,4.88389983631374,14.0896830498087,5.41155285509424,10.1710796886465,2.75712224933042,-0.717712586814741,7.44219677268558,9.70086470275416,2.92298735836034,-1.92096208581324,4.45565233184261,10.3266349011132,11.9500693452479,9.09689033573741,10.7688663759237,15.9501462001506,-2.78048007101317,6.89970121338396,11.5738461285185,26.2460525288148,31.7704980144042,37.0945860227034,38.2143900105625,36.8711847659073,37.2210307427962,13.1878617478686,19.8313554100257,64.9283344777531,118.399228184728,107.375151010575,107.375151010575,107.375151010575,,
Turks and Caicos Islands,TCA,"Inflation, GDP deflator (annual %)",NY.GDP.DEFL.KD.ZG,,,,,,,,,,,,,,,,,,,,,,,,,,,,,,,,,,,,3.01045597425794,3.01045597425794,3.01045597425794,3.01045597425794,3.01045597425794,3.01045597425794,3.01045597425794,3.01045597425794,3.01045597425794,3.01045597425794,3.01045597425794,3.01045597425794,3.01045597425794,3.01045597425794,1.31822663777538,-3.28315695879289,17.3161205081117,1.50945050835223,2.5614211723003,1.92533502201098,1.26129142638534,3.9444752403965,-42.9186043734411,2.77413732367913,-0.577400429770876,1.15260886458796,3.86053485899933,1.66438540386416,0.466757158704098,0.8293946251585,,
Chad,TCD,"Inflation, GDP deflator (annual %)",NY.GDP.DEFL.KD.ZG,,5.06282790068775,1.53457996041601,5.64206497934788,8.23125167290335,5.66570163304849,5.98287514510272,3.27928791907522,2.0314649389575,2.06733982748064,3.85955208091333,8.99174877486912,5.55368367597153,6.71359429875442,3.73569349604583,8.22070051410608,8.44952547852489,8.61801944417186,9.89977571152816,8.18975797080297,8.73490443580884,8.05475828371007,9.22078364825364,0.0121269458300333,24.0663531341752,-5.11319482905893,-16.9328260825258,-3.13308180987769,9.36193041017236,-1.25261064954169,8.01232903488504,3.07349896622755,-12.906553831596,-1.31460371945379,43.5449637747716,8.83312726770544,11.4584549505025,3.78278546384961,6.74940882883548,-7.57286628080985,5.28980485853334,13.7976527509689,1.90781943943186,0.0790046918682066,9.73425648201275,66.7727215511672,11.7520694955076,-1.60954471336102,11.3639705925967,-1.580190684263,5.63500706968118,8.17434340145252,6.52462722293178,-6.07379419468479,-0.519575847763321,-6.99206966012547,-6.4643075740682,2.06223394747795,3.86899224361679,-2.65592185917629,-1.19280936554271,8.53346785290687,14.147701098413,-3.74429551857961,3.30989824850634,-1.95684555329994,
East Asia & Pacific (IDA & IBRD countries),TEA,"Inflation, GDP deflator (annual %)",NY.GDP.DEFL.KD.ZG,,,,,,,,,,,,4.40917556141376,6.82337121748282,11.8446603112013,14.6226405390997,9.46098936676918,8.37620012371483,7.71891102881709,7.30919457525319,10.2476641287466,10.8490566568507,8.47751185383022,7.68423546982923,7.47506009571141,4.87885742948488,3.68577732067554,3.86170537658239,7.819157355407,7.9621184997288,6.97641986027351,8.50321977991953,7.24567350743457,7.44750696507866,6.4906547671219,7.25308848242234,5.15041470927051,4.59005094492848,5.95130751582053,5.64253479092361,6.12145266042883,2.99889591177187,4.02071687832684,4.23109181372058,5.48742913790147,5.00061899407696,6.6451868387006,5.11158666295037,5.77696014717353,7.85803198166333,1.76512587619911,4.37088436444888,5.41240809007968,3.75387875323653,2.8690452471251,3.29936912050763,2.53089781689621,2.51784593601241,2.97918318621855,3.74065383022071,1.24066441428737,1.22225156843744,3.42223944620068,6.16371648905898,2.54749432932826,4.50394354503945,2.95985755940733,
Europe & Central Asia (IDA & IBRD countries),TEC,"Inflation, GDP deflator (annual %)",NY.GDP.DEFL.KD.ZG,,,,,,,,,,,,,,,,,,,,,,,,,,,,,,,,96.2296807967452,887.571722496244,973.277617745871,269.726302767998,150.919123910656,43.0302705009227,17.7359944945837,10.8730542489216,18.1427224850783,25.3131430503936,10.1786742562821,5.52848268747924,8.24255714545144,8.2811749906349,7.53186262009364,10.271814808398,11.9620575092834,10.800502097438,3.88764838548563,6.90506472366725,8.33655636534398,4.78556981066754,3.17518813604272,2.30918242990974,2.28621254436099,2.84424213964709,4.81312201964556,3.44744511589256,3.65868395013121,2.6493593974983,6.90051365787157,12.051275290788,8.04676215128896,6.3962577960575,4.76654441841764,
Togo,TGO,"Inflation, GDP deflator (annual %)",NY.GDP.DEFL.KD.ZG,,-6.94682998696793,0.715476636259353,3.17491639918836,1.45983872364191,-2.32407248263566,5.73775859915348,1.74808937624435,0.0609454260907825,4.83856099574945,-1.62125040819991,12.3932368535163,-0.372352688114432,3.13437416817652,42.0320807065715,-4.26383525378778,14.2100141013494,20.6574056845155,-12.3041865376947,7.5469987413527,10.4657265795636,12.6474222750633,7.08675789698097,14.2601237152809,1.87944529930814,3.40143735085408,5.59479993708582,1.65884167925765,2.58577645265122,0.992354543440086,2.97594444257834,2.67109282645418,3.24543460439628,-8.19677350934612,35.8423813711266,11.0842103567644,5.3879278063591,2.03603454597328,9.55663247337893,1.11512719389448,10.0494567461461,1.63405347420718,5.02785556565668,-2.89310698803745,-1.90788897317589,5.87615776622891,-0.508763232978126,4.96375135329687,9.07423258687099,3.11724269281331,-0.0933183400535995,2.81959119100415,1.75037449118827,1.68329044618704,0.479878463169484,2.2027014975329,1.45775670689166,-0.884659427232194,0.452907938254626,0.0198866677059328,2.94224256636319,4.55780831498707,7.12146367434005,2.97322929884109,2.71878418150339,0.849119458930559,
Thailand,THA,"Inflation, GDP deflator (annual %)",NY.GDP.DEFL.KD.ZG,,3.69863251011905,0.540499290557534,-1.16673681214564,2.67778345968976,4.31657267302027,8.24532872520763,-1.66769262494486,-0.252985512003249,3.33336993784386,-4.99519860794794,-0.78632329442101,6.33693551322982,18.4456429506447,20.3346923691587,3.48802342846857,4.49708516723513,6.01469871133595,9.69718271551842,8.6455774659964,12.7024827905098,8.37242257435142,5.05785464424613,3.6491556533808,1.44786657859639,2.17720276750025,1.6531553058301,4.72321351314125,5.91839654888264,6.11674308707329,5.77318216244282,5.74652378137894,4.49045413125464,6.4906547671219,4.67276354647998,5.74023614562722,4.09814092384286,4.42116836632678,8.06371045697034,-2.57695297761677,1.33104995932025,1.91753224493053,1.69045805604154,2.1495490160917,3.56925942602997,5.09155618304895,5.1042132730291,2.47333774189036,5.13378035159961,0.194772130958171,4.08098922673743,3.7430981204437,1.90914444199674,1.77874589235417,1.44146536528029,0.722113573412514,2.63616761998928,1.8999449899777,1.42858616420727,1.01442340642497,-1.29044513660705,1.7771571075901,4.64070691859968,1.25338887133665,0.864531565935238,-0.870042460757318,
Tajikistan,TJK,"Inflation, GDP deflator (annual %)",NY.GDP.DEFL.KD.ZG,,,,,,,,,,,,,,,,,,,,,,,,,,,-4.02900157355316,5.82299572608119,-2.57441539130541,7.26277902274315,6.28991299918663,99.6335110908983,574.014511227964,1207.2110489489,263.011478064155,294.530765618633,430.412728198188,65.2512001901191,87.8763481550034,26.5011437514061,22.631873605948,30.947706315931,18.8197026147069,27.0864689117309,17.4315785210811,9.51432466210065,21.0624388683286,27.2380030941036,28.1634875601911,12.1262014941935,12.4616677349709,13.3243555693147,11.8685155888293,3.63300945054496,4.76666135833671,6.86625094979701,0.541389756844993,9.80546714084267,2.49222755648458,3.65868395013121,1.65596010469615,10.0445095549154,8.26227281475744,3.74356638768386,8.23143849322796,4.76654441841764,
Turkmenistan,TKM,"Inflation, GDP deflator (annual %)",NY.GDP.DEFL.KD.ZG,,,,,,,,,,,,,,,,,,,,,,,,,,,,,-2.72340436737643,8.31275760659507,-20.8603561293651,106.160919640546,3089.15255218245,1133.99014380455,952.307150171549,705.718482512106,1014.0116176347,61.8000439279786,17.6168033256038,23.0053043493629,23.4645480534497,32.314863073876,25.1531000581379,27.1543297325452,18.3477639103887,7.02679090996958,12.249959323518,9.26934453975903,59.7403855267082,9.76101623584861,2.3060880734582,12.8394392903095,8.31802166481899,1.18656192390871,0.623808638430205,-5.11102031514122,-4.89166364163145,-1.4974770150088,1.20513555344166,3.75511651839089,-4.53582635261066,2.54147961411064,10.8606435036862,-2.36586512387046,6.82610088719468,6.02233951258609,
Latin America & the Caribbean (IDA & IBRD countries),TLA,"Inflation, GDP deflator (annual %)",NY.GDP.DEFL.KD.ZG,,2.80281118325811,3.10815793383432,3.45636104634404,4.18462879341764,2.57971087293252,3.63346668204345,3.29968039124107,3.67157615258833,3.33431240633366,4.07401589020483,5.22413736484989,6.83435272667143,15.7523147439525,24.4823374025764,16.229944320709,9.96385803170011,14.2501196175415,9.01866258521586,15.3701434167746,20.4494448024666,11.4200504265996,7.17055540368068,7.78637947458508,16.128259518439,9.97375895388627,9.38727107753961,10.1443832689496,12.7269772252185,12.1294932421936,18.5479002991781,17.6894402570265,11.3007436728124,8.81178502260418,11.7222782032805,10.9290340708784,3.9305797534646,4.91515472666765,4.92436158488788,3.8180230121107,5.60606514085735,4.82661833265487,3.47602085514819,5.33107719750952,7.02476170663786,6.66772507910736,6.77427408762492,6.62550716828601,8.77855272817531,3.60017527305328,5.58059737402084,5.79618846935178,4.54221493127187,2.96227821724729,2.54364613182496,3.00430951684523,2.70719500353177,3.67138450274919,2.19813590595039,2.63698828375445,2.20392146778615,4.91927458082348,7.28685491123275,4.67637404757288,4.07967448515818,4.33308454134256,
Timor-Leste,TLS,"Inflation, GDP deflator (annual %)",NY.GDP.DEFL.KD.ZG,,,,,,,,,,,,,,,,,,,,,,,,,,,,,,,,4.06212623567983,15.155653655469,4.75647481950965,2.87291199375824,3.06200842996122,8.1600908527484,0.231034202777252,3.87677883316961,7.18520115234584,2.99889591177187,11.8178489394121,5.40728731244,6.80044175915803,-10.4851308048803,1.83747719818945,2.38059845195224,8.47751518449822,7.25676387978855,1.76512587619911,10.9638160663462,11.5656560657147,6.1604670783707,16.6427681770437,-0.72805110472585,7.20272656720353,0.141367073258863,-0.212799455428609,-1.36269499343967,5.16428345869988,-19.2266531049002,59.079679423911,11.3679787799573,-20.8217874208374,-1.3163468945048,-4.68806675791843,
"Middle East, North Africa, Afghanistan & Pakistan (IDA & IBRD)",TMN,"Inflation, GDP deflator (annual %)",NY.GDP.DEFL.KD.ZG,,1.33909170745096,1.20570069791354,0.732351500834696,2.57085041374719,2.33360705505737,2.97853130001121,2.83201329328801,1.32910787193109,0.806310204656143,3.70835302221934,8.1523145570706,2.88672356635449,9.62761164531187,27.7336249167066,5.91402210988103,10.8405927239728,11.013413672971,8.69977948727158,16.629846868062,14.0418859701533,9.99365480456776,6.9025327532023,8.85017184753144,8.34047908526792,4.29471546756481,5.50670866705418,9.36808989082694,9.3392620633911,15.6373185566705,15.5018483856034,12.7429986844408,11.6865765532993,8.63382925800963,10.7386438064671,11.0393735335903,7.74063872157794,10.9786381255529,2.8246787328404,6.65224147824604,11.5038635015102,2.74820045370649,3.92137857065688,6.77749360596222,11.2714320572149,10.9127735503048,9.09689033573741,10.3313245916728,15.1178821656575,-0.452558780552764,10.1068646296619,16.4109562675144,7.30175646760432,4.82278547876986,2.51816156647556,2.81024915557264,0.922198038986011,4.36425016611679,5.84358273248314,5.34857624534533,6.46971902994663,13.099970835454,18.4286584190841,4.98767116074331,6.75531431719795,4.13995205124297,
Tonga,TON,"Inflation, GDP deflator (annual %)",NY.GDP.DEFL.KD.ZG,,,,,,,,,,,,,,,,,,,,,,,7.86516630913667,8.25705979675153,6.51438327130536,10.2361564360177,16.1705682804512,11.0120447485885,9.06918375534235,6.80510089276258,12.2477473848168,9.46129656297208,7.44750696507866,0.0657680405412293,28.6260129285164,-3.42261914626606,2.97478163070434,-0.11799204610476,2.82723078306535,7.86611897424379,2.63973022261635,4.02071687832684,7.61931326461205,11.3996785880956,8.40897588697949,8.25222625819129,18.2436828957768,4.40674180026286,4.43244905063167,4.90886431834927,7.72158550397988,0.475226791583111,4.28459781006418,-2.29125768149822,0.0415381154507628,5.20196458939337,2.97355305311282,5.57528435727959,5.92312545547095,6.48840341386112,-0.0146902270442126,2.03758861131405,9.19935912669882,7.42659075660799,8.25161822432663,2.95985755940733,
South Asia (IDA & IBRD),TSA,"Inflation, GDP deflator (annual %)",NY.GDP.DEFL.KD.ZG,,2.68799998999224,2.21392011200894,4.3669920428669,1.39671506761395,8.11603718191176,9.78344769596144,5.22754013491102,6.74060489459566,4.95359771025949,4.30528716064519,3.8153102341027,7.43239686726309,12.8831457507806,19.4567433179402,2.63825435489289,3.26295084139024,-1.59969826213879,6.79451103937122,13.9809010279297,12.0127492917538,8.91602335973622,8.72163638686462,8.52030774122654,9.04346092079372,6.85120009488793,6.98741916323801,10.2237622377802,9.17477469908575,8.38739106128777,8.60051957022301,11.5843306869025,9.18442923811766,9.87308858174155,9.06546755767587,7.71466064227399,7.96783417755107,6.87768211900494,6.37319004366906,3.97186944774882,4.05870193917104,8.1772394647405,3.91386266660285,3.74605222201652,5.14377480328369,6.2992964046643,7.88048874752035,7.2738535975009,8.52746786000854,6.90236005819588,9.42649663538977,8.8068924132757,8.04948057709725,6.49389713238257,4.8972126276205,3.80941135387052,4.74606735606073,4.69861577035089,4.08977323260189,3.38307296288543,3.5292328591457,7.19536279695099,5.42193852431457,5.07631110317609,3.80361568402666,3.22406406074013,
Sub-Saharan Africa (IDA & IBRD countries),TSS,"Inflation, GDP deflator (annual %)",NY.GDP.DEFL.KD.ZG,,3.13425473123863,1.63024682646285,3.00892533198562,3.70196038330539,2.83779272893602,3.92852439674358,1.33299886735097,2.71222764713974,4.53980678223554,3.7850036465982,3.51414655935717,5.56553386565351,10.3188724632545,14.4892090698908,11.286974864322,10.1095397022797,10.5799394870567,8.8610306837418,11.455004116219,12.8646273399031,9.18908450527577,10.2018200820206,9.29205468630911,11.7174933871685,8.93083000559061,8.02256089268194,9.39994796598818,8.95795186633018,9.76900937253662,10.5836307032609,8.77774996535949,6.96128200695919,11.2979738583905,23.2494808479149,11.0437898513941,9.07483488878513,4.99060848779871,7.40527782483255,7.18914294704696,8.5066010783456,6.23201251547287,3.61316135426739,5.86801786486744,7.7652785346058,7.62368935878268,7.46134453965777,7.09973099344892,10.3020648919699,3.3603789384976,5.6363093539079,9.19547306727744,5.61835989993333,3.93992343166144,4.24453211828403,2.9179750112496,4.59345286835512,4.79693226172806,3.93114366435561,2.59440803517133,4.34500597682549,5.63049185397639,8.35642901530513,5.2560838965511,5.74363111867964,4.11094707872399,
Trinidad and Tobago,TTO,"Inflation, GDP deflator (annual %)",NY.GDP.DEFL.KD.ZG,,-4.24012171994993,3.04750995003815,3.70102990592218,-2.47877376920123,2.75322489296417,-5.57303185267614,4.60952361478959,8.92237534623523,-0.0542716259356126,1.87371663098781,6.63536247579511,11.1099220509449,21.1827068800424,57.5116685266811,24.5714566446821,7.99564765490605,13.342294232176,3.16482061013022,24.7079832307756,22.7370409761982,7.21981445159872,12.1619468015049,6.3246727796258,6.01070714102359,1.23759805904599,-1.24966910644881,4.85267158195875,4.15797138177156,7.1840103131335,15.4888864078281,1.57239169096131,-6.9148572793612,8.81178502260418,13.2678024515459,4.16928787404554,1.84954320173001,-3.54356763782603,-1.85648387898057,4.30318181247706,12.0431530642792,2.79394763478622,-5.19253491668657,10.4785614283141,8.88422470453017,13.3214257161692,1.72921265884327,12.7518502876051,23.792521003189,-27.6317920499278,12.7333361257462,15.7297032514581,0.34484257808522,1.98374825558992,-0.973321866295223,-9.01346562091535,-0.459584415470857,7.79884899289809,1.04512211963844,-2.39207247022343,-2.50273542696391,16.9295834494223,15.9266082954226,-12.9851733536177,-0.125488917797796,1.98986017910256,
Tunisia,TUN,"Inflation, GDP deflator (annual %)",NY.GDP.DEFL.KD.ZG,,,6.4895559210123,30.7004273276761,11.367368400359,16.6120629551202,1.52790153741998,4.13144803882224,1.32910787193109,1.3807636599136,6.59928788620157,5.48330617352926,2.88672356635449,8.56080334109936,24.3947260867885,4.9945603416174,2.89755292556768,9.65330909167452,6.46492999055477,10.3878412067223,12.7987624458011,11.4107480094767,16.0076605170415,12.7007164005817,6.9812027481691,3.59712104139886,3.52266784764339,5.17071147982769,7.7041939592454,8.82928330730503,4.47650447770722,7.03680208904586,5.69154486496357,4.69134337171741,4.52605766638574,5.3510954461247,4.35659524908014,14.1253365327371,3.27167597647902,3.36141895778627,3.28357941152886,3.91357764557321,2.28480283262084,2.68475626739917,3.35160946012441,4.17583607671025,3.83382638659022,2.12647656280636,6.34032425229705,3.02304497058495,9.46502454900151,4.57111406039029,4.66181078103054,4.50027018979038,4.66466047449812,4.21370476436516,4.93516491002109,4.69875433897779,7.94355494124699,7.17504222697531,6.76250396240081,5.09967005216829,3.16606485283219,7.18154722475788,5.00122946056743,5.23342099098238,
Turkiye,TUR,"Inflation, GDP deflator (annual %)",NY.GDP.DEFL.KD.ZG,,4.37340043959567,5.78893779037439,6.41669448029047,2.35243651899208,4.11785566096448,5.94759067350772,5.93989052660015,4.76015624386716,6.87631710287739,8.64450444669372,16.9020871544942,10.9756760490107,21.9302187016978,28.9923473546043,21.3092400682887,15.6126574914859,24.0890232450354,47.5411467102414,76.7208667189398,93.0032247916415,44.0570704966979,28.2268344007078,26.2582454161427,48.2368326072073,53.054476874505,36.0068855504432,33.6122290331458,69.0181311101416,75.4048306122696,58.2443981066747,59.1641068854034,65.1994382869765,68.3794283487892,104.749137222441,157.831380658117,76.7664933737485,83.104670547928,76.2680723321716,54.0599201394542,49.3731583293067,52.5911440857202,37.5921225089919,23.2883921865035,12.364982289683,7.05267475616438,9.33056658598892,6.2487335970909,12.0086768083348,5.58017075378858,6.90506472366725,8.33655636534398,7.29341387336231,6.18702429472933,7.63768275587947,7.88094110112607,8.1276071872056,11.1334116585617,16.7334812844326,14.1603081333496,14.7339074242292,29.3058995155618,95.5255302704182,68.2797569244827,59.2800755919836,36.4253414432254,
Tuvalu,TUV,"Inflation, GDP deflator (annual %)",NY.GDP.DEFL.KD.ZG,,,,,,,,,,,,6.75785112562836,6.82337121748282,6.86427222245986,6.82454372083157,6.72036310850181,6.64959262379877,6.89426958667316,7.24822842610071,6.68818275330752,6.15525394017263,6.14068324310311,8.11308684183778,9.07121240513484,3.79517475065443,3.66019517535659,5.93828527555947,3.34257755996614,6.45370674424963,9.89266494319662,2.0494201279094,2.64307209936038,7.34406692918725,2.54643474492336,-4.66491334138077,5.15041470927051,12.6922634550864,-1.30535237376276,2.74064672352952,6.12145266042883,12.9377816843447,5.77360325092815,3.42589593170757,3.08627927543368,5.00061899407696,-0.09061068710227,6.36956813674789,-1.00364764222422,3.61646569296732,0.427962249012452,1.49052200334019,1.17617964888082,0.602574182524179,2.93469272787475,5.00333110578639,4.33910006147971,8.39638954636317,2.97918318621855,7.2933818642795,5.59039450901449,1.78571428571428,7.89473684210526,6.80359435173298,-5.86701434159063,9.44779982743746,1.8192048012003,
Tanzania,TZA,"Inflation, GDP deflator (annual %)",NY.GDP.DEFL.KD.ZG,,5.37916806094813,0.594193758943447,4.87991172988788,2.79029110018062,-2.4342903050844,2.72912272873343,-1.18349041536867,0.889836908635644,1.7240539879611,3.52049574624573,2.97053771045424,6.27553755521015,10.4455348010364,19.5373650689805,14.3032786378808,24.3361209926008,18.1608173906812,9.15991019287219,10.0375718116892,12.9883197516404,17.7343913738496,19.0193132868659,21.5715014720727,20.4435259631883,34.025414192289,25.4601393713035,35.3475693754848,36.3742899772871,20.600743960078,22.4491856838903,28.1126043575673,25.3754811221571,24.4619863302073,31.169954274434,26.8619513563324,19.3136558404147,20.5872321472553,14.2221136262033,11.5400000000194,8.20110424713742,4.81596921527445,7.2330306793359,8.41868264342142,6.88562313045458,6.42620252324851,5.51009528749724,9.09938952758738,16.3807546294266,9.04166245405979,9.42871625296149,12.1984228784034,10.4838939974038,9.66618357795825,6.05084588935551,7.59136402332241,7.47203366759727,2.67178986833949,3.00757512141725,2.2804089300173,6.42301399038681,2.67430327389397,2.76261483337198,2.74821189393757,3.57472239598684,5.12216904951298,
Uganda,UGA,"Inflation, GDP deflator (annual %)",NY.GDP.DEFL.KD.ZG,,,,,,,,,,,,,,,,,,,,,,,,45.9444926023523,25.2768096195851,120.335946714458,137.280875148514,180.988011722353,189.975114519253,115.446731043868,44.3800896723577,26.0193366992486,45.0680290895542,30.1368714509449,6.84849755188941,9.37643763633046,4.57248128243326,3.09526851918858,8.78570685152494,-0.113130550582341,11.1173058824862,4.53447581165479,-3.1695563374238,7.8067408729751,15.5875499834451,-1.74118529180637,2.40562021541911,7.32124731768336,6.36427654779246,85.3532752350575,5.63761163813462,9.39165549203732,3.83745560625658,3.58690582613154,5.10630732385718,5.18785986456285,4.78100029080551,4.64905081962502,4.44338527166425,3.00001181631713,2.72148444149991,2.54511929619305,4.92228673099149,6.74801516641013,4.95727946939522,5.20226967925805,
Ukraine,UKR,"Inflation, GDP deflator (annual %)",NY.GDP.DEFL.KD.ZG,,,,,,,,,,,,,,,,,,,,,,,,,,,,,1.71812831864311,3.84709320994432,16.2490856973604,96.1028654623425,1768.23262154427,3333.58542243342,952.995953408471,415.809881576547,66.1456615578695,18.0737954563027,12.0120177685888,27.3999267140709,27.5014120289019,10.200915874305,5.25374127819229,8.16433975330762,15.3107362837374,24.0960586139239,14.85249547084,22.8423440433556,29.0201144092657,12.6299289738027,13.6732282073329,14.1819086626365,7.98256111045039,4.30879343709354,15.901737523474,38.8816797599977,17.0971349238438,22.0983174978017,15.3985303514156,8.24622626642469,10.2949601378763,24.8047567675546,34.9152851434932,19.8744638522736,11.9699207051318,14.473898057254,
Upper middle income,UMC,"Inflation, GDP deflator (annual %)",NY.GDP.DEFL.KD.ZG,,,,,,,3.39975290304056,3.12244366461177,3.14205629857732,3.33336993784386,4.69053537939482,5.94440692526648,6.95865374747314,14.5007748307022,23.5875248004866,9.61862176631874,9.97557315176998,10.512397302477,9.33868409056974,14.7777142713652,17.0107893597293,8.8465637313532,7.40768921955682,7.62292718008465,8.5221700989364,4.71169742024114,4.58356265672802,7.75149159406698,7.32801562142795,8.40741162752362,10.5836307032609,16.0248207829376,9.30040843032275,13.4943414598994,15.9805177102379,10.1953561803402,8.6765097553662,6.59740478176147,5.51696754023522,6.65186659053557,7.51957249966893,5.69623276589313,4.61605196064912,5.35597322089787,7.51754708501372,6.8282613407139,8.50812661819265,6.75122991132483,9.30848954070224,2.16939170451238,6.12843243160444,6.7457871247569,4.02647526320095,2.65783023966264,2.46746678366378,2.0126394512362,2.64424525750435,3.67138450274919,3.48481628679124,2.27362552784307,1.38110717217515,6.11553993082821,8.87607935854923,4.67637404757288,4.20855206179063,3.31179950039048,
Uruguay,URY,"Inflation, GDP deflator (annual %)",NY.GDP.DEFL.KD.ZG,,18.4268832404697,11.9906197425643,19.8987148062058,40.3515161198777,62.1847863137506,72.3177829725742,78.5284907508745,116.249173598281,27.0802271887489,4.18747063657409,31.6899694042383,69.1670664788519,191.574116422974,28.4870381751439,65.9778798447024,47.2914924151707,55.60669161937,46.8016609899079,79.2081947056121,54.7627009793287,27.344599505113,18.1622668925605,53.7310470710603,56.3496068277738,74.0171614543227,70.9633350849444,72.7839912222861,74.6363917846918,76.0794661481766,106.836676498035,100.808167622167,59.6236226966025,47.8519288929306,38.9571823642866,41.0483268728721,26.4317377794743,27.4851660952394,12.3839054585972,3.8829960652083,3.53930849282203,4.82661833265487,12.6162766389703,16.5416351537692,10.1050559964877,0.677868373740196,7.41439912975062,10.3149681755111,8.90238857828685,8.6170745452345,5.74685698442181,9.87542024568336,9.41291247372213,8.99924666884517,10.2206566034525,9.85542032172539,8.1654565431532,5.68017280459922,7.52556217430001,8.25633083212848,10.7233957881819,11.074008160031,5.98901948337662,4.05342938059388,4.18462601551133,4.33308454134256,
United States,USA,"Inflation, GDP deflator (annual %)",NY.GDP.DEFL.KD.ZG,,1.350153896528,1.24463470429406,1.08838600685439,1.50393967513804,1.91982581021502,2.8987785263254,3.15127937253254,4.36718823776458,4.95848845306706,5.26272847572307,5.06980752362894,4.32612663326731,5.47992344758894,8.99869301300306,9.26279066161415,5.50349190215957,6.21333273292034,7.03393065331328,8.29672198559939,9.03310539548823,9.46216408415398,6.17840413386965,3.9169088014155,3.60787930535965,3.16252524848628,2.01389254349084,2.4773884669587,3.52749986235644,3.920759475238,3.74332910731118,3.38181132034856,2.27885435733404,2.37032483509773,2.13519842074494,2.09668848230497,1.83076455481587,1.72444796080538,1.12386561603483,1.41509812179325,2.26519517479727,2.25168992491784,1.55399465247162,1.97431470684029,2.68908760260793,3.13545455758361,3.08383673617544,2.70925848085635,1.92670969976669,0.616780717599525,1.21528667900255,2.06310947777173,1.86216492571909,1.7018803654167,1.74161804945395,0.928042796992059,0.950322474901654,1.79080328683713,2.29089027907557,1.65046566880433,1.34473574769002,4.56297282631857,7.11250293584871,3.70021403026367,2.48236925527792,2.80123581326433,
Uzbekistan,UZB,"Inflation, GDP deflator (annual %)",NY.GDP.DEFL.KD.ZG,,,,,,,,,,,,,,,,,,,,,,,,,,,,,-1.30707973725619,1.3805332932893,3.9796893528446,90.7272799986184,712.149260299592,1078.88285465085,1238.59527057916,370.943953266934,81.5552546856372,66.0870678114848,38.9979555922979,44.1153632835812,47.2926152132159,45.2394762791819,45.4831275096352,26.7651832011078,15.9182742721741,21.4308665644834,23.4658082867025,21.8970999284027,26.791584982816,17.2615651342413,65.8342786593131,21.3770770085775,14.6605314723228,12.7552379061668,13.0983488588271,10.0029837381429,8.54828494143895,21.6414792151717,26.6261525236885,17.344640412252,11.8922745644335,12.8776093185007,14.0433065322102,13.9139742527294,14.0697338660497,11.8522829852429,
St. Vincent and the Grenadines,VCT,"Inflation, GDP deflator (annual %)",NY.GDP.DEFL.KD.ZG,,2.50228803457063,0.0537524862939591,0.685817461134874,3.84861522686431,1.47356632926071,6.56370656370655,11.7276936810307,3.31062441847774,5.45223060439693,0.0586217598504248,4.22366213299097,6.36318869096195,25.4343176890309,25.447625441696,15.4691434997764,7.71460405407976,37.253476807716,12.3039547469434,13.0259741761635,13.0535456895008,18.513116156098,6.65911947787281,5.18744451081106,3.62027229151639,1.58546235507838,4.58356265672802,8.68422935247909,0.216495435974991,5.50083765544289,7.47199044437652,4.82665635209587,2.53540643197381,-1.19518312627417,2.37029691590674,1.31150699693903,3.56525876147333,1.35884176013687,3.2110019999291,1.81729585257806,7.76171479001309,6.119229850114,0.206885090368885,-2.17349074233006,3.74722621391517,2.90358439275809,3.7022730777342,7.32641206478715,2.25812236304104,-1.14390723784288,5.58059737402084,-0.318904485659587,1.09274185566588,2.24218127684152,-0.341747535555314,-0.733844282887702,-0.597098092991786,2.07166296905494,1.54854733183845,2.27362552784307,-0.808506001440463,0.681148367198119,7.95198033702901,2.91400510607961,3.71197890609302,4.91118108487834,
"Venezuela, RB",VEN,"Inflation, GDP deflator (annual %)",NY.GDP.DEFL.KD.ZG,,2.01373056168983,0.665054138462224,4.91982977988773,-0.366502858122402,2.16720883620505,2.64492682981677,2.43422682068099,1.06509902850236,1.77946177900719,4.35826317842816,8.23265759174268,6.26877681900034,11.2003944899522,50.107968794629,2.26299814945894,6.19354432405103,8.44842727068664,6.08667532833461,21.9455792548796,28.0272395381622,13.6316657569901,-0.42040040122437,10.3947543511296,37.4952567752211,9.91291286624789,-0.87769844706564,35.7068476087747,17.8169755565469,101.132755331824,41.4201088785186,21.6148097546419,28.3039973319823,31.6690080487957,62.8308497602543,51.7661713803863,115.644264591004,33.9798981387027,18.6734294422431,26.1494894419132,29.6423626437172,7.97560218698187,32.8345319182831,34.9288379544342,34.0436148677513,29.75501219662,17.882509793009,15.3925782088896,30.2091684768406,7.69217544074034,46.0893567618569,28.2163432253321,20.5919077245585,39.2264371875174,105.042765502495,134.908705496941,308.600121728545,1049.87777840941,225652.234993614,21909.3426680117,1885.46577647144,1212.84660038412,210.806068385812,367.798078256365,55.4481074808972,227.093064600296,
British Virgin Islands,VGB,"Inflation, GDP deflator (annual %)",NY.GDP.DEFL.KD.ZG,,,,,,,,,,,,,,,,,,,,,,,,,,,,,,,,,,,,,,,,,,,,,,,,,,,,,,,,,,,,,,,,,,,
Virgin Islands (U.S.),VIR,"Inflation, GDP deflator (annual %)",NY.GDP.DEFL.KD.ZG,,,,,,,,,,,,,,,,,,,,,,,,,,,,,,,,,,,,5.96846393096911,5.96846393096911,5.96846393096911,5.96846393096911,5.96846393096911,5.96846393096911,5.96846393096911,5.96846393096911,5.96846393096911,6.77327476185474,12.6907616563095,-2.16445000873266,2.57652689535308,-12.3556809610952,5.97567704391486,2.31766890279064,6.3929376734505,13.6632725550557,-2.45302713987473,-2.90516617398133,3.18757755421872,2.05180352239177,0.634642014315531,1.4937415019437,2.07837613911349,4.305187418871,2.80323919722554,5.03826726070469,5.03826726070469,5.03826726070469,,
Viet Nam,VNM,"Inflation, GDP deflator (annual %)",NY.GDP.DEFL.KD.ZG,,,,,,,,,,,,,,,,,,,,,,,,,,,398.073085600057,362.556321180275,411.040253311166,69.6887253529435,42.0950981322183,72.5463845950386,32.629184460634,17.4149746297907,16.9523160277603,17.0401954191342,8.69676711743546,6.59740478176147,8.83786412813899,5.73470282940465,3.40882766527606,2.62226478436138,4.69892816201967,7.10960246291481,8.43331213209085,18.8105195707697,8.56894797603766,9.63022561216118,22.6733161746106,6.21562315120568,42.3032672488557,21.4136792818177,9.07766069025038,4.03852363752276,3.69813796808818,-1.71651170749655,1.81953592779914,4.36292014766431,3.62664730027259,2.42322694229267,1.46747814810814,2.88076792900642,4.44283310280622,2.16498332169941,4.20855206179063,3.33176094746915,
Vanuatu,VUT,"Inflation, GDP deflator (annual %)",NY.GDP.DEFL.KD.ZG,,,,,,,,,,,,,,,,,,,,,13.9126652281183,15.6822200765439,8.09697231319495,2.79760388710892,12.166223133346,-3.45015152058656,-2.97252719420251,16.4751823391511,9.79605539362045,6.44866188713232,-0.968104372346133,10.2678485424024,2.78618105115211,2.06265987213483,2.31030010629733,1.73193882229008,2.0851947436054,3.17702279255161,4.59392521380531,3.07863899898368,2.17897058141287,3.62490552941847,2.87442123407217,0.798742786184548,2.11687819436077,0.41954189687101,3.8727171595439,5.77696014717353,7.16457057488033,2.55471431211518,1.47170880334022,2.78690988192807,-0.464035692443503,17.2760637623683,1.40985672444454,5.53944327433811,2.04393640864033,4.79466791674518,3.24715732653576,3.48796591232319,2.23572081882155,3.1886979921222,5.10628075159305,0.642819888004382,5.32496714291773,2.18640601277338,
World,WLD,"Inflation, GDP deflator (annual %)",NY.GDP.DEFL.KD.ZG,,,2.39197118717719,3.0198568732113,3.28273050299882,2.99853839074031,3.77131853984707,3.02464408106135,3.32636113087923,4.10566063066078,4.7220140252346,5.46442517916023,6.38813892875172,11.847047061848,16.7143554035097,10.484570374597,9.28152201863095,9.69308560827076,7.79780140643918,11.5122472330147,13.0535456895008,10.0478587441753,8.11308684183778,7.72527283787187,7.92323284836516,5.52682014282678,5.09796980804673,7.17636851093508,6.51341531932876,7.14773882778444,7.90659842891549,8.66565894474124,7.34406692918725,7.55953827804545,9.8081576345724,8.66781823897942,6.61963896821864,4.26079108943888,4.6751208923145,4.21080717788323,5.24260503027281,3.94179410350442,3.58323851143199,4.00396572542915,5.62924819714425,5.77781797326745,5.87593581109938,5.95354513649556,7.86096609394262,2.03557446794804,4.2297847294785,5.47649943337463,3.60643426874947,2.26077060922354,1.97439779566658,2.32056535420394,1.98707891162034,2.97474010796076,2.78770951425761,2.37586014042606,1.98216055627785,4.55780831498707,7.33387458944816,4.99251887813831,4.08757566272939,3.33176094746915,
Samoa,WSM,"Inflation, GDP deflator (annual %)",NY.GDP.DEFL.KD.ZG,,,,,,,,,,,,4.40917556141376,7.66601324566784,11.8446603112013,25.2846802373508,8.37841166986657,4.54041903805728,15.1785724262158,-2.94117594468636,14.2923123610799,21.9999972251731,16.2219794153665,20.904187770515,17.8967657349869,15.8656400381905,1.53898221169604,-0.309705940460475,4.51742875789915,18.3739883903076,-2.79209414364159,9.00643943300301,6.11137374189623,8.56596841977273,0.654729967403767,68.2279527798493,-6.97546285989371,4.59005094492848,11.8364073965688,3.41364075045701,1.12623382889694,2.07489862101478,3.36684864796393,1.48135158713414,2.54749820051703,7.0727591038912,3.99513339074883,5.27411064845734,7.48868949405777,9.11982488742804,1.67772403527178,-5.14594346625773,-0.909859896408477,4.02647526320095,2.34629009874605,0.853113222017427,3.96466639608224,2.24475651909437,0.304905422515247,1.09758340635358,1.49948619479095,1.22225156843744,-0.709667371684759,2.54322399904663,6.82969275542449,8.42502942433558,6.16910243333454,
Kosovo,XKX,"Inflation, GDP deflator (annual %)",NY.GDP.DEFL.KD.ZG,,,,,,,,,,,,,,,,,,,,,,,,,,,,,,,,,,,,-2.83312999171889,-2.83312999171889,-2.83312999171889,-2.83312999171889,-2.83312999171889,-2.83312999171889,-2.83312999171889,-2.83312999171889,-2.83312999171889,-2.83312999171889,-2.83312999171889,-2.83312999171889,-2.83312999171889,-2.83312999171889,-2.83312999171889,6.39240138953099,6.30376606515529,3.52540286006931,0.353127123761723,1.60143890288818,0.607840658633862,0.779254169265613,0.440019143256507,1.49891925129965,0.962960139069509,1.38110717217515,6.11553993082821,7.1987107549258,4.56378849304579,2.24862960931982,2.81059842523273,
"Yemen, Rep.",YEM,"Inflation, GDP deflator (annual %)",NY.GDP.DEFL.KD.ZG,,,,,,,,,,,,,,,,,,,,,,,,,,,,,,,,11.9935811151592,13.1717453439967,16.3759078637702,20.7843644356508,45.7433427627653,36.7700878974732,13.2904926919581,-8.34295175004308,33.4609053609904,23.3460519238341,2.74820045370649,8.71188048361509,10.8923428389302,14.1133199884498,18.5333535518157,13.588647275421,10.8882824348502,20.377746235765,-8.70527002029664,23.6174638503601,18.1136666806347,5.89315891807243,9.20895702994578,7.16332423023157,46.4762512185935,0.134410821886718,18.5535662173892,14.8536647600461,14.8536647600461,14.8536647600461,14.8536647600461,14.8536647600461,14.8536647600461,14.8536647600461,,
South Africa,ZAF,"Inflation, GDP deflator (annual %)",NY.GDP.DEFL.KD.ZG,,1.55245133157604,0.183994937544526,3.00393350819306,2.04864619056781,3.00249847404524,4.12004653533484,3.85498514945877,3.92194309999758,7.38669605401651,4.69053537939482,5.94440692526648,10.7214983484777,17.1272320140504,14.8176062024799,10.9448052413917,10.2919849515809,10.2564839551274,10.5206209730623,13.9617448705515,23.0461655206101,11.4064266045382,14.5536580308889,17.0691205854565,11.1505445547794,16.1443312605572,16.656865772349,14.8480301619174,15.4208324168045,17.0816612788057,15.4454404639221,15.6545219222237,14.7140252811412,13.3642582610797,9.81218708489008,10.8383194557783,8.02208799242219,8.13743291858027,8.07573837316775,6.88883410122743,9.18219141567356,7.80047496305909,12.537957905723,6.39576358713289,6.042171590455,5.59700978064043,6.06463701450308,8.24576476611674,7.85033172851331,8.6630418315964,6.12843243160444,5.53905643151262,4.68520638813985,5.84411140067347,5.36654618468381,5.54552812339873,6.9521719608848,5.47332197481477,3.99329508509443,4.61352469052481,5.3913943350576,6.408442941004,5.24096669630933,4.72230243263523,3.91692100295103,2.78961760276334,
Zambia,ZMB,"Inflation, GDP deflator (annual %)",NY.GDP.DEFL.KD.ZG,,-3.6558317516409,2.09156229282105,0.403600057440983,4.08310518698201,10.5890550287602,23.6418516015495,0.262874459138416,15.9399054440875,22.9462097862278,-11.3944057438464,-7.49652375313784,3.71051097004526,19.8898473839698,10.8221496863328,-14.1698985843605,15.2045869825003,8.25401842691977,12.6814879060828,21.8890669832971,11.7629156496757,7.15861802485556,6.13860129264607,18.6293463518053,18.331231799032,41.1373505080315,81.9883566993867,62.0128982645801,34.4903044484454,80.8773347304922,106.388920043291,92.6545782085704,165.533953807921,143.658341657555,80.7421986460103,30.6111247595742,24.3492595595263,25.4025412591637,16.9068728138218,17.9238730663514,32.6138705117288,25.3312584622414,19.390923266941,17.6077236839923,19.7168232055938,16.6501990728872,14.5422526759543,12.9702107335817,10.6402448170694,5.55968566025587,13.9509131934519,11.1074132686175,6.99222724900214,9.73089122030567,5.44052458126617,6.65929211357343,13.5761011694227,10.0728370854916,7.41157094843257,7.63347048076743,13.9138706178858,25.1427776148297,6.14031838965083,7.09462960303757,14.4106633303405,5.62868427126075,
Zimbabwe,ZWE,"Inflation, GDP deflator (annual %)",NY.GDP.DEFL.KD.ZG,,-2.04129982268216,0.469617817285979,-2.34773995622433,6.14401173207777,2.70414329554211,-3.72996653029915,0.576561685525775,3.86620676089871,5.08033311276162,-12.0531442365746,6.16325390440409,13.4535695071386,20.4506559389503,12.8537552675913,11.9337531313146,-1.66790849176415,8.50999910238927,2.481225724071,15.1807299317841,12.7409349281657,6.59908115196326,3.85876198204333,-10.5015046804236,-16.5947477281778,-17.0166590234817,8.02588309824021,7.18936131433006,7.78511669221675,0.792932869854596,-0.920431045605639,-6.77616281175141,-14.1296918311557,-3.79093607854992,-3.89616275554158,3.03910597472638,8.98266045295178,-2.87801276977771,-27.0491865777983,8.00644269547142,0.626185832125884,-0.130353621988945,2.71268614117943,8.80275915705727,7.61067009640277,5.13953948336605,-2.01808066101262,0.895303625004345,1.34839041135335,93.2465132746917,4.09763788642883,2.55275253362885,4.02892774689238,9.37107509304518,-0.251969595796098,0.607377582545297,2.16179137419846,197.454659214138,3.55405561951902,397.173739446395,585.972829117866,108.772816795263,274.458090484399,768.477177864533,1097.51978373569,83.1244768133098,
