,AGO,ALB,ARE,ARG,ARM,AUS,AUT,AZE,BEL,BEN,BFA,BGD,BGR,BHR,BHS,BIH,BLR,BLZ,BOL,BRA,BRN,BTN,BWA,CAF,CAN,CHE,CHL,CHN,CIV,CMR,COD,COG,COL,COM,CPV,CRI,CYP,CZE,DEU,DJI,DNK,DOM,DZA,ECU,EGY,ESP,EST,ETH,FIN,FJI,FRA,GAB,GBR,GEO,GHA,GIN,GMB,GNB,GNQ,GRC,GTM,HND,HRV,HTI,HUN,IDN,IND,IRL,IRN,IRQ,ISL,ISR,ITA,JPN,KAZ,KEN,KGZ,KHM,KOR,KWT,LBN,LBY,LKA,LSO,LTU,LUX,LVA,MAR,MDA,MDG,MDV,MEX,MKD,MLI,MLT,MNE,MNG,MOZ,MRT,MUS,MWI,MYS,NAM,NER,NIC,NLD,NOR,NPL,NZL,OMN,PAK,PAN,PER,PHL,POL,PRT,PRY,PSE,QAT,ROU,RUS,RWA,SAU,SEN,SGP,SLB,SLE,SLV,SRB,STP,SVK,SVN,SWE,SWZ,SYR,TCD,TGO,THA,TJK,TLS,TON,TUN,TUR,TZA,UGA,UKR,URY,USA,UZB,VNM,ZAF,ZMB,ZWE
AGO,0.0,7.622735062202375,8.852594646320352,6.751826581394264,6.431157383979927,8.019709956594554,8.189340657744532,7.378597752378144,8.688031801854356,4.381754734288995,3.6508799016091458,5.454784545245168,7.43791584867706,9.422720549031153,8.925478665895787,7.369462727880824,7.887529833890953,6.619739532390279,4.876550839396415,6.265200177256377,10.337079919779592,6.440181146299344,5.479087290546312,4.076167005632501,7.7249235946773895,8.651889969036418,6.957891941650025,8.155339208776851,3.7166513162612063,2.9898947523283725,3.338240763263885,3.365114809890363,5.478507751542112,5.090543092584256,7.093532114567404,7.2152477117478115,8.872888966567672,8.223939808650497,8.45720233833283,6.7276545988927,8.436813261045547,5.813696105966522,4.706157231175073,5.88009777234375,5.040687008383627,7.777826732371302,8.660474263431203,4.933199519800518,8.163549266372868,5.614774010948052,8.073234810854416,4.349465917007362,8.129797934116091,6.279811626847756,4.291617819389139,3.445367037748513,3.652919145162108,4.448703678377733,4.172154711142551,7.971496702151628,4.777683978753993,4.317744255047353,7.637491535451347,4.596566401875747,7.909640682666268,5.796295603965588,5.864714092926063,8.309196334262113,5.927573669725861,5.072359166377228,8.992662402232243,7.855342505283888,8.162098430525987,9.068711671594055,6.475707156547187,3.9903957173521873,6.393752848526764,6.728073583345678,8.895110154537884,9.510853539985014,8.87282758789865,6.304023432580225,7.237894715673367,4.830579367070418,7.994717630054518,10.264233837721445,8.630761120785463,5.381756951743325,8.273192820144814,3.720300380779658,8.381868425161317,6.317072638307792,7.484185231129205,3.969242012880589,9.399758637253605,8.09342173794316,5.879788541397601,3.4435223060076647,2.4686585330908066,7.652493021751571,4.070471162678358,7.064794383245165,3.632147009206898,5.9811204451706725,4.687118535167945,8.55470838912832,8.340884294109852,5.725701250505343,7.604163702516758,7.666148670152296,4.012208101495849,6.358846569906699,5.265225721622055,5.538292564929277,8.297713690211106,7.409977511407541,5.089511605915027,9.024006533373488,10.872483241577365,7.339588945996524,7.871251825199314,3.34861254479281,7.487187941815889,5.288710616834093,9.646405083748942,5.333710354360158,4.124923317892805,6.065997280214678,7.525620933835461,7.559104805536675,8.115694532324422,8.385639190229368,8.358551418173569,5.119721519329402,5.592429924992673,5.7181920769245895,3.954278106964461,7.66276597839688,4.951126823787691,8.631137230902118,7.671364327575276,5.886141669675088,6.566880220456509,4.232272425502647,3.9391994813911366,7.083336130229283,7.384747025530474,8.61954975816,5.067257678737235,6.873498737491334,5.502620922501871,3.2888565294038035,4.584912064392563
ALB,7.622735062202375,0.0,8.06966643048235,5.561082845007981,4.129166801947973,5.922816379591988,4.623864222522027,3.7931722355743016,5.23141886310129,7.93401185085773,8.174177787045965,5.860728712049019,3.6137425018055174,6.217718964263272,5.0961502598956505,2.5079317030917063,3.548295072238116,3.8061661544268515,4.991211384096029,4.316730161966485,7.304634045187628,4.030218045075528,6.380896351357659,9.290460279866632,6.331787680132335,5.374505829714604,3.5566473224804875,5.211232422796346,7.207640432799596,7.064843826048267,8.844513327448501,6.449904075702618,4.012710205165689,6.718136003753251,4.268446839083041,3.384233503239089,5.1342617948550755,4.516041386227277,5.257258972597171,6.555167974006974,4.554482596395667,3.676398733756319,4.560941397846091,4.11043143707226,5.41617200640455,4.481543662701669,4.336527593560404,9.008586425683554,4.376617849278078,3.8864877009334013,4.743049308293326,5.718073498154235,5.525105379441582,4.5296426258714835,6.242171404865454,7.689070675237427,6.549072365503631,7.546199878044056,6.995413309269196,3.615075147841619,5.028707063622556,4.612321499343931,3.4579493811740374,7.3274146938862,3.742482427920625,4.918711123810634,5.3874459056875725,5.31999937618022,4.423474506977455,6.025841065431396,5.171126394816751,5.930313007084752,4.1234914982907025,5.603483942158003,4.783144146026804,6.455160668686843,4.484734166444629,6.07451962636388,4.886373745110544,6.921330451485503,7.436500191350321,6.36644514065248,3.802542604257744,6.877726623253897,3.9109468323720864,7.184357005336819,3.4825333287965856,3.647935923364116,3.716256434882199,7.937416850770092,4.615341435846905,4.621634271124241,2.5283748557974848,8.73725343911147,6.909473749903745,3.5111213661870133,4.495950388396667,8.498481860152372,6.89098655812381,3.1424890098546903,8.319497762934217,4.310846738755214,5.96984109199208,10.249746083313783,4.0081944016318,5.406313370696071,4.9057976357332285,4.478740716127188,5.233650696908918,7.614815146350705,6.618997540100148,4.152396850312165,4.000741354771374,4.758886743681189,4.02783998598314,4.1003903306850455,3.549544786124742,10.27200593286732,11.363830891335473,3.535054817181662,4.9333512162327855,7.272411844348805,7.874691611572447,6.863645805357363,6.762489302916589,7.4423625028994245,7.870220944947582,3.8341337082280638,2.856226691334606,7.94688699266085,3.8476582254224803,4.291438213763846,4.628765645541321,5.669254308209038,8.834968691335783,11.153737276363168,7.081642694150288,4.598770298844871,4.9648357032799115,8.749764944151993,4.6478707000437405,3.4897162116213534,4.348762156832635,8.237243708887478,8.129550603659714,4.142932365474911,3.183350689992566,6.365933523768317,4.798961745885008,4.781517427417615,5.672258076712685,7.586439233759601,8.509590994598918
ARE,8.852594646320352,8.06966643048235,0.0,7.607139415884988,5.25739372090964,4.477284215092878,5.086657852154242,6.291639309576898,5.239828396189235,9.641316060151016,9.912559240217863,8.130239103852698,6.0214710263978635,4.6608855486805485,6.940371823581362,6.714819467242812,6.228845315074177,6.992923152178559,6.3322945867873806,7.103406630566984,7.108724946444545,6.9933892740521975,7.364182161815955,10.727454721884191,3.6979976937409815,4.420384399767927,5.662796756581735,7.240082699492066,8.647415044260258,8.726949659964593,9.60037605311462,7.872268038101863,6.660155514321076,9.544676447392341,7.870210377092287,6.259463242771636,5.856887255496173,4.968796533404332,5.445482573948209,8.992094608777663,5.239925699826401,6.2807728402346905,6.695116880629473,6.1413742561967695,7.286513378157998,5.75264861665687,5.8535451642082315,10.854648152431093,5.51333897416302,7.342820678975891,6.338783677041283,6.853064957707579,5.5512001090604945,5.48597344730026,8.023852721727328,9.662206656302848,9.013868509054136,9.962408083866924,7.203927502016105,6.352899534594024,7.085027821930104,6.52461292094647,5.973941256602,10.0075650331243,5.906257916478048,6.982861654953326,8.099470808355079,3.7992564844955017,6.00501067678831,6.271633485492176,6.031021974883181,5.632042496608924,6.133036260410726,6.491067063498653,5.2938818332849005,8.96525922256461,6.846847163033096,7.595971606655123,5.285325494061405,5.360586280087789,9.204345852799399,7.227054897688717,8.29281454460791,9.062080597431224,5.3633061874125545,5.900893806399152,6.941085206309331,6.7344321819813535,8.514863569538813,9.664959576175404,6.958678058439759,5.5019319841206284,6.478589351431212,10.111381085154278,5.337345607105381,7.057994146264243,5.2925016042549515,9.682883773596691,8.104451140410623,7.125114581701695,10.21973546022372,4.484168352729432,7.620753116515635,11.745329462887844,6.708955458099287,5.3049370519828765,4.636633100073746,9.361945775546104,5.135526935914922,3.000796255772657,9.25807159150638,5.665851122117365,5.945995986359555,7.022378836281235,5.97590586819444,5.4163343525396614,6.159115537997691,10.140023519726501,4.550985048639755,6.277208288388649,6.503073746567071,9.19274150401527,3.354699641448336,8.314680550374076,4.237355149621896,8.655946997641704,9.993185283167165,6.487237506904121,6.439915502685879,10.376734141910962,5.798493071354874,5.19408050710632,5.827656952901508,8.550327863467446,9.510022796411944,11.109263052091467,8.97189179628432,5.855267646696646,8.054224657374888,10.344675984177401,8.916655814822835,6.664832254069879,6.723220474739996,9.234254216823857,9.485872739788862,7.069411426879074,6.965279345156782,6.479152337057212,6.494854123968715,6.5039900461155575,7.336452238760429,8.277346250966952,10.099367280117669
ARG,6.751826581394264,5.561082845007981,7.607139415884988,0.0,5.9876445839042365,4.869541590424002,4.924279565486662,6.6942789136711,5.719295073856484,8.410847105580213,8.367414252396394,6.027814444422259,4.674926490399647,7.31876023864434,6.530746465455329,5.0793084510327935,4.811388796145095,6.285982927886382,4.274902147797236,3.8943790200377024,10.039935382906249,6.267657001229298,6.227236400508765,9.243262614276626,5.283300189855818,5.861970307711992,3.6247159072191613,6.176267449479659,7.56127951517558,6.753859976243401,8.473406240157413,7.219699352933283,3.4593300485607426,7.613307344970839,6.564486923976021,5.2049567058682,6.422745663630082,5.1457449581786,4.770170062786718,8.635493118971015,5.584196619410677,4.402563446249739,4.681165040025281,4.103099203074059,4.56139300589674,4.732357071985998,5.571659039591043,8.636044028069888,5.290330462159793,5.69759469342512,4.857843001263775,6.1720583946918905,4.714037621170349,5.789105105356079,6.200734693041207,8.371764960918576,6.965270700779136,8.363723033816994,6.570530704791849,4.7918950888669825,5.387696601421728,5.405812379978275,5.105963555537921,6.390069915900843,4.770821786850638,5.674949853987037,6.220414495704664,6.167337801874808,3.1998350901956814,5.478658502595993,5.385403093045283,4.94226160804453,4.652496501538861,4.841411505666879,4.592877681363481,6.909515595748197,6.541048976836797,7.709290314075696,4.959449705795316,7.637401588405691,6.53924428634579,6.457683821847178,5.989149915360649,7.942784670773073,5.397649285746328,7.606145116803517,5.543484674220067,4.958298425329612,5.936470485570226,8.097361794485657,6.778331147395379,4.342952268053487,5.356525301276132,9.060274729102204,7.366441604522913,5.633858857418194,5.355921845314084,8.614307844018482,7.494892322435059,6.130266914518564,8.018209208206516,5.568648933612684,6.714578678801668,10.318026693444647,5.160203312307747,5.301414666135525,5.637923348191916,5.914180670434392,4.43019051934781,7.619021070900163,6.038080381895598,5.432640948597651,3.852668262713754,5.417597408853924,5.0760104932511805,4.758036363415373,5.059548453950128,8.565559870001659,10.85030923346132,4.138644164887626,4.226866296340707,7.9454115735715805,6.854206087626202,8.539279900482322,7.021063122292651,8.441803375463211,8.071915030810421,5.226116319763681,4.848521858098442,7.953525746297262,5.615893374047121,5.765552145925058,5.11523290223898,7.534845372626659,7.268972611791037,10.961948455589154,7.781012839811115,5.964808589708222,6.493067436233491,9.771902283338717,6.959974490968602,4.7721973458033515,2.495716861773311,8.319155522677523,8.308374903824859,4.4377642619034425,4.278487335511524,5.114910919494487,4.91772758035216,6.551159217424863,5.308935240473153,7.091804895990145,6.185559275939809
ARM,6.431157383979927,4.129166801947973,5.25739372090964,5.9876445839042365,0.0,4.654658816803365,3.9653679858656026,4.068652533967494,4.175388314219238,7.162647776746663,7.508067990586979,5.662086669799908,3.627426154609079,5.513592265655758,4.312906820157578,3.427337599891945,4.411878717534312,2.850110172600292,4.343783406934437,4.626896928201801,6.974072886586333,4.16398866812995,5.0371208101019205,8.197548954038686,4.2593774863163665,3.721810092415689,3.520520352481339,5.819834022037398,6.223956927084256,6.190998507089728,7.5719581369575355,5.060336182330243,3.7794531744076774,6.218811461642369,3.880148356104368,2.948896770456198,3.798447008383776,4.114114342389886,4.910737113985325,5.240846889234385,3.9100249676232415,3.3925390803937376,4.172004747471882,3.8187545382108317,4.882934964824529,3.664799558908192,3.8767395002647866,8.596833693078043,3.82376005092043,3.682421009936716,4.463894215961508,4.47143246891532,4.559045490285197,1.7419893804029785,5.571012552126959,6.995208069173492,5.660378760541571,7.207048449767932,5.71099645401029,3.5492182382807935,4.326981843810874,3.3134073131820707,3.460670212984647,7.120147370179051,3.9123707545572484,4.932891384538433,5.550177965746298,3.533329750250465,4.172520828457638,4.82288702704655,4.997832366557245,4.749342264175576,4.353268164065196,5.852672115236626,3.812126676315541,5.774514241777201,3.7339438255695296,5.91813430530685,5.032167031721314,6.32825296983249,7.1731267276761415,6.164622956354516,4.938584129140937,6.0462484496916415,3.0454085090515783,5.389248120109114,4.22079922392345,3.372430254813492,5.559926158706198,7.111716610423978,3.9938644335291973,3.96508037415259,2.9497729914195374,7.90980100419458,4.588175569492336,3.533155172386497,3.5775216564596404,7.285995032034865,5.471865043400593,3.5656809522044752,7.647256658889157,3.133286417920547,4.495467450181175,9.786366991840135,3.4647297137339588,4.476087209727194,4.3360376932950695,5.33977276647648,4.0222331637667175,5.126363303230088,6.438412042607391,2.5102170441845266,3.638921354727098,4.435884048799295,4.531592590381197,3.0856174110465813,2.861400013148904,8.952486086906237,8.700398107787228,3.9056243509148763,5.5107726308287495,6.069168119455343,5.627416914111011,5.952800986981192,4.814879264115226,6.433925629985043,7.365772789170743,3.5838965856609475,3.5657375434687046,6.99644827498422,3.7843307400186172,3.8778878048186027,4.163379129712267,4.911701910524265,7.386494140980106,9.796945044522385,6.305618562023724,4.53028332921486,4.798313850513022,8.244317125344313,5.797949065939114,2.833324551578362,4.628645199073358,7.463902828554077,7.183341310585579,4.420582284412787,3.8088267367907878,5.792693109921389,4.160322544005131,4.671831701048994,4.631090735426168,6.099842053351441,7.974541671288269
AUS,8.019709956594554,5.922816379591988,4.477284215092878,4.869541590424002,4.654658816803365,0.0,2.5922924582263467,5.114304762577039,2.9669337674816925,8.901005644121275,9.197062433678829,6.866650898212886,3.6024315008399004,4.47872171035081,4.800596445983616,4.39681330878025,4.4174907164621615,5.526604476701188,4.466228312909393,4.017908481372968,6.987795578366415,5.866428942836852,5.6642750724848625,10.25330318491295,1.5165752683372193,3.1132270303063576,3.1345747517574787,4.713132059260965,7.934062056314709,7.600443381049334,9.275168217486605,7.3276244782285005,3.936712461966364,8.406734362796868,5.919279758494666,3.883483269914315,4.257447029013843,2.970740435452559,2.3580253612008764,8.108152458060857,3.0752669859775925,4.253650496571287,4.684903553991158,4.029055427756573,6.024146076101732,2.711668583067758,3.799751142555986,10.096917331230427,2.636895480009442,5.876301258718481,2.8463449531587965,6.557250131983164,2.1829395998783263,4.5719492064828495,7.606536420848376,9.269206026168174,7.83283032053467,8.984144784764723,6.478981743934071,3.3769235988028568,5.498880537570805,5.31958007134747,3.600850257878539,8.519349440509131,3.76115092275356,5.689596043835129,6.534211655681131,3.970543740209627,3.9872159822373923,5.161571326585874,3.4486911735238426,2.2969547620707833,2.8757538586896922,2.9075469059316092,3.53422658683571,7.55970850101789,6.113258234097214,7.785214765274726,2.919838198405435,4.368762599949624,7.95518552955568,6.525628495664507,6.364852129586372,8.244193042399637,3.5459787191668672,5.190551472359166,4.4777694024004875,4.96901571232056,6.194050358888708,8.884018706725026,5.384817238137675,3.6755949527965144,4.6972490319098155,9.677195876445072,4.957735782643649,4.777579663014524,4.739704748153741,9.264586744362983,7.754611310403643,5.497383353524611,9.204548235172544,3.726985352651197,6.783934878932808,11.17678156710228,5.648888603036412,2.9196267111721896,2.5156849644837886,7.255475800418999,1.7790728670025597,4.523675419707154,7.688531603838551,3.899278586830367,3.9826650248787567,5.271013558810588,3.5237384355266927,3.0305115041434414,4.955194756390142,9.125650840815137,7.458180774597739,3.6187196992273605,3.5380979407700806,8.461821308768057,3.742409834653574,7.586830020601527,4.615233216224258,8.251244603554417,9.41220705157483,4.568401388731288,4.150102468184035,8.575535968360352,4.091836381561283,3.7171777726901105,2.9859775925806926,7.5966708094122986,9.099292853211693,11.386917879982748,8.190727262482124,4.540678780799557,7.150862766421779,8.772036069313486,7.151709574004895,4.5789769647305665,4.133045454643675,8.920753054069092,8.927381793982763,4.195240293217215,3.906874748977839,2.987340857325166,5.094895140366879,6.265543439847539,5.280832045407783,7.683855004350579,9.1097099786521
AUT,8.189340657744532,4.623864222522027,5.086657852154242,4.924279565486662,3.9653679858656026,2.5922924582263467,0.0,4.526686196178441,1.6132300595668987,9.053671979862775,9.03707486171,6.9185299891677605,2.1689261075755533,4.201953297858594,4.0834649479428435,2.939175022426693,3.2716933715075838,4.412952791193515,4.455731060858967,4.209200518435732,6.710615410357748,5.187377522502193,5.244396685088091,10.25480329182746,3.027398278332645,2.278387757040775,2.6692159999740714,5.044031754377738,8.020347712958632,7.781527453173865,9.2003822289972,7.04390992316005,4.022405970982474,8.18652112766912,5.057562522180845,3.1477959170191423,2.82722299234635,1.4198725280616218,1.800317585411594,7.176867826271949,1.726954360801703,4.011980724626487,5.004320458112073,3.6189549877061506,6.007174894492049,2.406232542602686,1.7488535917474826,10.367418228484615,1.442238317782389,4.881721717953614,2.1815531236473666,6.307840761773126,2.2322784983260004,4.252271561586388,7.454782520303555,8.95012950877813,7.800745192883852,8.91982135564287,6.352757769346298,2.2137203395059095,5.399948501075479,4.8830226577827665,2.0369940809196594,8.444901759830122,1.729010857475861,5.838029914533364,6.537107971987336,2.6136190319944643,4.218570896408823,5.068314814985308,2.6587671509602573,2.8332822401819664,1.9924264725148488,3.0204565683951086,3.783055878910619,7.48769520286717,5.429770879227661,7.247913803307186,2.379147891481446,4.555165940040637,7.357045412521921,5.978641405883228,5.597151438165553,7.50889085216482,1.7887822770849515,4.139975600783164,2.4896535947021636,4.33567506078248,4.749845065832982,8.778466168724318,4.04475621299827,3.5417916634354585,3.041946339049479,9.726210046114852,4.4531340058598925,3.295905451807153,4.281317925168769,9.099160096125921,7.6479986519258345,3.8957193526069505,9.087850205875126,3.455597719961268,6.24247392207661,11.413779668991248,4.960543211100735,1.9453268407742934,2.1129601364594586,6.840543721465013,2.3049692225129075,5.279797748457475,7.763090573182665,3.2358423513793433,4.025846604029815,5.046207389766412,2.266751866675652,1.7866557495217412,4.506396320965791,8.864902947014176,8.693810041285362,2.1255409117530593,3.790006918884529,8.251250465859886,5.2700088058719965,7.630632782423345,3.951802496089994,7.867466160726188,9.338008320609818,3.776121501142613,2.619427843515664,8.341873278219882,1.9850901196339878,1.7561240874963455,1.5988151768954513,6.667634509846181,9.424728933728725,11.683847007220663,8.093156217455766,3.861077671101731,6.7918187274219575,8.205026654443893,6.000782636201265,3.6584726106740404,3.9569611880839575,9.10391886304155,9.040513446483834,3.428709063192037,3.3328704432162195,4.173762553117345,5.1779238480792795,5.57388653273883,5.074817797375296,7.573091947644211,8.873073363430558
AZE,7.378597752378144,3.7931722355743016,6.291639309576898,6.6942789136711,4.068652533967494,5.114304762577039,4.526686196178441,0.0,5.127788275629928,7.420951222899164,7.736871796249954,5.580150088342666,4.207330362795144,4.625669678599794,5.580534627284493,3.7087005197156775,4.206580828583196,4.473998130134844,4.314506077788744,4.433284949639469,4.622063193356554,4.189991877782495,5.793094331535459,8.892522571744164,5.210599581149321,4.904103382700554,3.8789649641228943,4.0560233135903845,6.448552756397085,6.548461150011866,8.1313359750121,5.523711233356118,4.337716245049698,7.212250201341944,5.499966397116694,3.855693500151976,5.686693121225005,4.213485099436246,4.766492703440224,6.701689834124543,4.399012838097635,3.492314101498681,3.99432753277572,3.9490618808471316,5.46787875029815,4.770789421238671,4.9128595273691404,8.925904836871963,4.255472755840062,4.5585084776389495,4.949909373735014,4.955495098402689,5.308440899904742,4.574935722717204,6.202089955993809,7.303630580958321,6.801747912102343,7.281404785873811,5.832294528069928,4.657202802401108,4.887194520853688,4.445390845175763,4.030356553779337,7.650027315429501,4.258197368958878,3.7466095163254503,4.905735406318459,4.79118637656134,4.551683672525208,4.778540501658572,5.6753014062400515,5.8463504654744165,4.347307687484184,5.508086481528998,4.237752157381744,6.29539745427407,4.433699541459086,5.266875770867289,4.490895847381958,4.882646692984434,8.548009615632337,5.551405310345169,4.806666010278387,6.609169539506724,4.168171830765653,7.517578980882417,4.648214485941625,3.7531125424518703,5.057288588963958,7.560404793319421,5.701381359168296,3.8175788403383972,3.8687231006978853,8.01103466339276,7.016514642698083,5.139340934955555,3.8788992556092805,7.980331228820063,6.372223840728561,4.249969080405413,8.360468746317682,3.021087424614531,5.61362361944488,9.768307336478365,4.269022938273706,5.497867125516,3.8298136920079027,5.766716663679256,5.106943603193863,5.18971567756558,6.783752067554664,3.83733030205869,3.667303623431108,4.222319498716047,3.9558222230016877,4.491675327625752,3.2200230154520337,10.029687052288267,8.832407323289578,4.046057643449678,4.68538012097791,7.237293677726702,5.734454144301956,5.361816105207492,6.5167423766315595,7.057702530659711,7.723868944515871,3.7120529951606684,3.8415518070544037,9.314277826911251,3.8680034545679476,4.25162176688071,4.9571729869723224,5.422796057226386,9.356351530921739,10.058762450619717,6.611167748040622,3.749035605548395,4.905403851481526,8.16753410131738,5.805493077417105,4.243113213800403,5.366275199151605,7.36834715341217,7.603147412747442,4.862208506472186,4.525798991995969,5.916673090085106,4.448957634846322,4.061117355107215,5.234038370177657,7.000841303278326,9.226232114316682
BEL,8.688031801854356,5.23141886310129,5.239828396189235,5.719295073856484,4.175388314219238,2.9669337674816925,1.6132300595668987,5.127788275629928,0.0,9.47739308884623,9.630555895050078,7.7980417287716115,2.4684290172919603,4.155128538170756,3.7172631377033505,3.6004208151255908,3.814385523599606,4.838492090604716,5.26961427743196,4.578402206779915,6.823252326559475,5.906864319077485,5.607878586660106,10.78906875806312,3.3308618532480767,2.2090361396052467,3.3025771512320365,5.494048273118207,8.474121900494989,8.346531973443385,9.635376535468449,7.486772529143044,4.700023191351928,8.763424998791642,4.921793337819758,3.3211603873869784,2.3118311745639297,2.132397471772412,2.226679037467998,6.862959034909438,1.3624645244899467,4.54784715919704,5.6453638653943425,4.547240025371719,6.929125291565888,2.522159912805142,2.0480662464454453,11.133914530215813,2.0279766929200003,5.267076650264049,2.1605814300824235,6.783838178618686,2.2332216354290546,4.456948033973021,8.086775242065086,9.483259749562764,8.193161340176507,9.46408453476802,6.850283776526134,2.2233473069933627,5.994174760994672,5.416121708238548,2.6057155722519614,9.252145137990293,2.338883705405834,6.566961244554797,7.166694485859581,3.008731066033106,4.977139437045587,5.735208587880179,2.866201417662923,2.7986345178309104,2.6557792442421646,3.2894475308287934,4.435215540978394,8.049026860498408,5.858085747878964,7.931424972233613,2.982394585184084,4.686189481312785,7.598493594693037,6.477587795657679,6.47494133448212,7.819364268280774,2.1400187841303167,3.2116585114567235,2.800433739018856,4.845140378021082,5.3237779270245875,9.33590347193582,4.149633393764961,4.08994143463307,3.582144399590377,10.31870867644081,3.7317912424484785,3.422072491367709,4.815375324733104,9.595558736920497,8.07005795784238,4.287502366784604,9.790360983350821,3.8197374782588573,6.661421589549774,12.03994167417817,5.639685490889893,1.1028389914999794,2.768612599559332,7.246572831715847,2.8485206004110157,5.656368847263017,8.46868725137997,3.571407742584823,4.679532353872476,5.511778230717441,2.9381315711581895,2.4632117516287546,5.1477240596510105,9.303580878532507,8.859575342003332,3.166763404279057,4.387331888298733,8.743943007766473,5.710999475909669,7.928653609774387,3.3454075143554496,8.43541445346538,9.981335276904362,4.177248226862964,3.1066546700143243,8.359665095621052,2.618576403099344,2.602223841087744,1.455604157592249,7.230933869463363,9.998886928252045,12.29382324311007,8.567735353781964,4.336767998838571,7.587489824621375,8.507757609556865,6.7708154161888485,4.021010146900685,4.4860074713444344,9.80207202686802,9.660773358262425,3.7857789382696008,3.511130199099259,4.329595963011102,5.90692432667541,6.202472189565904,5.3866936208171365,8.109752841195238,9.66116168259519
BEN,4.381754734288995,7.93401185085773,9.641316060151016,8.410847105580213,7.162647776746663,8.901005644121275,9.053671979862775,7.420951222899164,9.47739308884623,0.0,2.9779909392839827,4.985223295772286,7.940802684837916,9.461524109664708,8.917529858224551,8.063914510927903,8.554269206857345,6.61621705176741,5.551483853438218,6.966034950043289,10.28228390284157,6.243788633064625,7.352137237947435,3.390667916856264,8.929138772035184,9.229880122475958,8.101164353530034,8.279031166805693,1.4999450818443432,2.363175745883878,4.231978966893835,5.125152662574419,6.564956629613234,3.352150554433822,7.140183810775268,7.398212062089443,9.118036682098838,8.810458862198912,9.254159871784735,6.9565090437734325,9.210576016840486,6.158966604528195,6.184119756996021,6.247911107395,5.963094299337668,8.78421468291581,9.45842642941228,3.839871147707847,9.104614512064895,5.757934059853596,8.890348110880922,6.458760050912471,8.851804013769486,7.055304439909836,3.932343239698925,2.996799809852708,2.716003415665032,2.4697867775958295,5.93800693158105,8.694541333975266,4.041713187963662,4.683232453667092,8.129494954591221,5.3375696319766215,8.639145320983582,5.6214571047564235,5.511347818350374,9.075780613548881,7.38710267053031,7.180472178411321,9.728474812018018,8.683505589595425,8.843778187013774,9.600757540628527,7.206754952462292,3.1511031458761316,6.272866959797153,5.327659683228522,9.526708765898888,9.878972464376941,9.243158861280703,8.608659529820166,6.7606770051718215,5.978807006880997,8.715238367406902,10.903686036990043,9.19532864884026,6.212271740593479,7.719691446510703,2.5919613070614442,8.036664398949801,6.673252907548142,8.26795835015091,2.469705039879171,9.594145367684995,8.74402204957474,6.797353880732353,3.84388659434376,3.8647424017463243,7.533558849439369,4.093624441122057,7.536977226676924,5.432483929397442,3.3884698525504584,5.234487027985944,9.354678957017834,9.12961676015141,5.182697250535511,8.44796396017539,8.550634299226337,3.8960194514984634,6.897342725859852,6.2031080688637354,5.172438375505551,8.715472538473866,8.050806249808945,5.598003115655914,10.647273133568211,11.016794395752273,8.042208178152718,8.376520588993044,3.856313273128848,8.634978637884636,3.614040093135613,10.096479200465923,4.555032528181801,2.3324600976636116,5.951960552760431,8.151483164428633,6.920518969950732,8.787124955554495,8.987909663179511,9.4528898470148,6.517859259795016,6.425447406200041,4.254449842855514,1.7130574047456293,7.323726004525049,5.323009857069592,7.846814327385766,7.226170072454131,7.051960769407626,7.955824800784891,2.9458256181755593,2.69340658762207,8.240046707797301,7.9752276356994685,9.016621495275915,5.947901892803032,6.556806802817952,7.313493024751032,4.101951244243726,6.738672262969685
BFA,3.6508799016091458,8.174177787045965,9.912559240217863,8.367414252396394,7.508067990586979,9.197062433678829,9.03707486171,7.736871796249954,9.630555895050078,2.9779909392839827,0.0,5.485250832207467,8.106030754842397,10.03696243390405,9.667492366775804,7.958218091358767,8.62130419083905,6.762607074380396,5.643914089762602,7.293575772885286,10.623045109929407,6.158522093830044,6.687802728831673,3.255862218043525,9.065998656023828,9.70469533659477,8.2861710138013,8.599284057738299,2.964922550005568,2.947679234848701,2.8594933969237237,4.710894455547344,6.784013580598508,4.211753053106517,7.429162129297049,7.945060756215148,9.426731837818725,8.892755140827562,9.394882848496739,7.00734007025594,9.418320292353608,6.731474504469656,6.157614354188423,6.409509935133836,6.184463796237376,8.968068343572105,9.469016012903761,4.153868209725493,9.132498635623103,5.805882622532002,9.046786203286745,6.496112658085784,9.154607866855725,7.408590966267303,4.7557202567197985,1.7724173534510679,3.7582519656648166,2.7088729463228347,5.232457105722121,8.936742335392191,4.726020839026265,4.628049871207148,8.153102074175228,5.371565715787241,8.605752002122022,6.280482715246265,5.7554280846494335,9.188558560604841,7.41012729554556,6.505256526571041,9.9604124651797,9.028124578549377,9.005746979074747,9.928546649007068,7.636940001709518,3.502383197214206,6.425412906696725,5.903951835720266,9.703978609932,10.093051396440131,9.845383003633914,7.6409549493948274,7.201684276190551,4.540558631040778,8.813325512328095,11.197043339475316,9.25956015134355,6.049580793682079,7.901019526583076,1.4148988720328375,8.267410384729347,7.097532936548331,8.272445447278027,1.9101978853760584,10.157800022650715,8.951068365093212,6.75064304931261,2.1213725901982428,3.3012483062353217,7.660269280926231,2.426408164925712,7.933381015496671,4.5268082620822305,3.6827441447094493,5.220595487755388,9.521798129647543,9.333101678218712,5.976947014220228,8.74074410152923,8.682226137534848,4.062301273321509,7.290105317235556,6.5197697824361684,5.50795801136983,8.76735105956261,8.172332469591053,5.977911059898534,10.193631634694704,11.60381825232409,7.9615329876951835,8.661247715186871,2.73990226929275,8.792688751798613,4.298021663191017,10.625597519529174,3.6200059335866555,3.1922061420931622,6.23031620754987,8.208738943777862,7.831083362633957,8.633451592154923,8.927174284385803,9.495606458569666,5.531926462939521,7.035691172658927,4.129820738575559,2.334661065556854,7.556960757060959,5.1736064292462665,7.248972646127834,7.0421370989193415,6.86855284497264,8.036810361316649,3.1789945769874746,2.680200423286899,7.836714687132591,8.48140534791156,9.701018527281764,6.010320037137867,6.723778928212751,6.975026165493285,3.4053360244657696,5.61502061331879
BGD,5.454784545245168,5.860728712049019,8.130239103852698,6.027814444422259,5.662086669799908,6.866650898212886,6.9185299891677605,5.580150088342666,7.7980417287716115,4.985223295772286,5.485250832207467,0.0,6.284109217814206,8.199055769347526,7.8318591271866165,6.103159974995728,6.679067739292787,5.905214162539483,4.457841727526147,4.809839912933864,9.542879328900742,5.233839729604009,7.037927515875634,6.451028776768213,6.896238936269053,7.110683625071969,5.705700350547736,5.565193865974669,4.172818729001222,4.070590485493476,6.0266747068856406,5.74481989269027,4.230255727322481,5.098711907599539,6.88979490874099,5.579735228460416,7.816209677089868,6.80098658505705,6.937458199994772,7.889348912769853,7.469163605675027,4.249810517269513,4.330286178853597,4.157969090294875,2.720103883663369,6.452091445166188,7.708437144621902,4.521291344154316,7.144880710623542,5.777226668868476,6.739313691063732,5.969027220315742,6.737915107838057,5.66930133046928,3.531452151039692,5.554442744069237,4.8458400578237395,5.739370115779716,6.572865457103637,6.727751615359397,3.230345409095313,4.033600581693297,6.373335003548092,4.7924031925942305,6.717729194242258,2.7811301022607653,2.7876121970810646,7.054438669673129,4.689011932340134,5.678379775382602,8.310320320936594,7.186500124847117,6.206905514670329,7.084879600872666,5.054482779744369,3.7942606207668415,5.128576652486235,4.518138601892864,6.93213906931201,8.48138168603844,8.239137847576758,7.917567115708258,3.587188100780267,7.147081245476936,6.903088620168678,9.856791408076663,7.489970816624025,4.540081838493335,6.325080625104216,4.961297405517338,7.067981870202332,4.381299083048242,6.457842777941206,5.634822341146895,8.75760983649083,7.338632425951019,5.793074997804672,6.077716618856795,5.578614041443838,6.115581926552768,5.601299284124548,5.587289873757152,5.940763608332623,6.633985338515878,4.287700055629506,7.765085334161171,7.142957291819732,4.226017065744922,6.637546043345881,7.530377006021523,2.859745634187746,5.342117651766201,4.206619214449497,3.750414097756719,6.400754459976476,5.884688859359692,4.038155425298681,9.994168953264763,10.467326410027448,5.580657676102797,5.944179228196926,5.137515909073548,7.288223820299185,5.37961013706934,8.51139141756159,6.3393898611057296,4.640368033220234,5.00836714003293,6.210261939986789,8.113296934788979,6.813270124365724,7.055285632081187,7.5154197020897495,6.3310421335745355,6.133861524631183,7.401034810505855,4.809706305402683,5.440717393744985,3.819274326376267,8.852814380747253,6.732139894505597,5.433509275626241,5.484428219013277,4.593376813470508,4.450565426512995,6.492323852137732,6.306724593722588,6.553567850723505,4.20949850908634,4.479651609252239,6.100052023165562,4.780722349419632,6.313834109142636
BGR,7.43791584867706,3.6137425018055174,6.0214710263978635,4.674926490399647,3.627426154609079,3.6024315008399004,2.1689261075755533,4.207330362795144,2.4684290172919603,7.940802684837916,8.106030754842397,6.284109217814206,0.0,4.3834387251575,3.6541108783617866,2.1433075076155603,2.2930034861242348,3.6545883148354745,3.9760899015285736,3.546204912276019,6.9564150557628635,4.210499372411291,5.278229511849547,9.422511005248031,4.15622006773583,3.242506250292819,2.609034423867834,4.8795501956600855,7.006200002554701,6.904308300566576,8.31524829356036,6.503099598698967,3.688518236917077,7.16778967235751,3.976877035530962,2.5773985503320036,2.825181929435462,1.8703549886549906,2.729546865511675,6.2443511199493615,2.1171471200159306,3.0033538149452315,4.5326051678603765,3.3983081344386235,5.476739737692294,2.9162302621106595,2.2931300824799212,9.52307108234605,2.6195835203023283,3.573831650144858,2.6084625852791152,5.786854917542613,2.9024358697759745,3.608870608682731,6.424383884156952,7.959170014764881,6.721508845990056,7.935134181663714,5.938981757752184,2.0596631993083188,4.546261055612272,4.018436859492784,1.2789992267263033,7.909326905355027,1.3260768491988468,5.133685003401767,5.700480050056929,3.373839335950732,3.8117061500372618,5.1711188746598,3.1330835732798215,3.246888663670731,2.6002754553478784,3.472702174170148,3.2980510916671553,6.55110541821264,4.191620682859395,6.325963335860473,3.0051846788127436,5.341894486553298,7.187207687569978,5.822338508569468,4.69930119437407,6.551840071779067,1.7909124283913254,4.780469422262024,2.126043974147821,3.5558817975270056,3.396383269408938,7.846353910165349,3.49986952542003,3.101118723638977,2.4282110617826644,8.87625313252718,4.590971976809568,2.673693654462843,3.4904866561677808,8.384067912492023,6.877118833903981,2.612847930754926,8.38970391547392,3.180977286928191,5.65821241238173,10.428373364953817,4.105592748087704,2.4758667522278603,3.1644768461667883,5.632656959409134,3.1584636749520216,6.059248279509969,6.88864539674441,3.0287839433460055,3.456543369213367,3.943906212810079,1.9663494047167713,2.176733672188918,3.6331400514403502,9.508744098732857,9.589590296257954,1.8012409148904303,3.198659852987177,7.398726714771031,6.105485875518431,6.877592257141484,4.329775276885662,7.145747053719314,8.324913770025795,2.6495810860835602,1.3070421681448883,7.535740282649946,1.867950807014112,2.265139455705183,2.4484860354769307,6.08739797586163,9.023744572978657,11.004194711933232,6.982413579160485,3.3244973783132816,5.82046602908893,8.026771516690172,4.948644547948699,3.0432114945914392,3.3054254584802725,8.363089723056554,8.216884756399352,2.839078752461581,2.4671952151988927,4.417540518832678,4.355830375080741,4.727016159085216,4.8295687166744745,6.850667377248861,8.095634966351424
BHR,9.422720549031153,6.217718964263272,4.6608855486805485,7.31876023864434,5.513592265655758,4.47872171035081,4.201953297858594,4.625669678599794,4.155128538170756,9.461524109664708,10.03696243390405,8.199055769347526,4.3834387251575,0.0,5.340376311087311,5.221926435763992,4.634149263983151,6.205086888796932,5.894238139470005,6.193561254122933,4.682183489406872,6.126460827639277,7.140201488990764,11.060324529983667,4.962311640302916,4.0095316623398745,4.798928815828556,6.099194423700494,8.551247879997204,8.781556675064452,10.101666805814016,7.856183515138433,6.33785871901458,9.322837168845998,6.701700742577717,4.975596833200019,4.9975931247588665,3.6182201189186496,4.418808013873066,8.11603578782432,3.703905571884593,5.111325681164073,6.324652142628778,5.515001818542743,7.652988894977634,5.41700746135365,4.622602591934752,11.358201592045999,4.605901515063872,6.298546575885558,5.314653371113408,6.656183244977597,5.097582301058843,5.950640647425531,8.123798388798056,9.71268795322178,8.807399118632691,9.625206177599942,6.934707443465878,5.172751947734641,6.695520349137533,6.3759580575868355,4.661782511192635,9.985917449303525,4.461973242361195,6.471223972937467,7.85909826872383,3.845443235504034,5.910916836682297,6.375875583763267,4.376498288298437,5.073140052741133,4.9893278017682885,5.004331823808319,4.803128425140378,9.027969915630939,6.436160840980404,6.9679173487700465,3.938269534998679,2.919150694906099,8.899340431027056,6.504990138705478,7.316375305293664,8.793260551969803,4.440237793196381,5.618499294304339,5.141017470119627,6.107167420592789,6.307042706105073,9.860218955868062,5.944593635722956,4.77643250055848,5.19249482619,10.356324869777032,5.588923448535471,5.776934194963028,4.513631746322822,10.251962769504303,8.393897752485715,5.539642682103894,10.735758714130895,3.8783376453130423,7.713515312893604,11.913874012814821,6.378023887977807,4.413117354646876,3.355497349632719,8.342398268734673,4.945876144902257,4.684572904775277,9.291362825549372,4.9126488471129,5.360697806068075,6.359722057842083,4.4222232684275165,4.9917340142632485,5.531220830014492,10.79375709381733,7.1122846945180624,5.1885732454635844,5.167162717269952,9.71443086726441,5.4021604537749335,7.7571195505680315,4.275762641367755,8.77272470872895,9.947491134199101,5.116701029228288,4.737214047554543,10.148218540049216,4.278095249763191,3.90328838904531,4.76321410375492,8.254638771455623,10.86382428801509,12.026260915520515,8.770205329333667,4.697707465255681,7.958381791163011,9.635922552588077,7.365438265731119,6.031549155168193,6.124142885383687,9.660799417884112,9.958400859645531,6.377777918571042,5.402710214886142,5.939836707533972,6.478765715648379,5.9597163273826315,7.1654487845993655,8.711870024107293,10.704969718225337
BHS,8.925478665895787,5.0961502598956505,6.940371823581362,6.530746465455329,4.312906820157578,4.800596445983616,4.0834649479428435,5.580534627284493,3.7172631377033505,8.917529858224551,9.667492366775804,7.8318591271866165,3.6541108783617866,5.340376311087311,0.0,4.005768137313979,5.2927968055937695,4.025261226068483,5.808711201245671,5.381404086929437,7.256511590879885,5.9515617886264485,5.777822193992699,10.24674092949351,5.168734471680711,3.972715700838116,4.565887057103417,6.73056290188556,8.20651768257707,8.117559746091576,10.017922073304822,7.4977658543315435,5.297105252679542,7.721657517055696,3.987674804809143,3.3492233393395967,2.8414688836966384,4.537938570680271,4.7871983429487655,6.021606044200551,3.7861058123921962,4.480889533165314,6.337368685384756,5.307829107078105,7.1803216269448225,4.192138778194634,3.482263498347478,10.881980805652557,3.9555861522165308,4.866955105668013,4.135225525668313,6.9247106776633425,4.1567543974756065,4.327379313782938,8.017196259072236,9.437703410301957,7.343903429130088,8.963149705776338,7.1315216960513705,3.2806012721686137,5.955827930990061,5.834313825345765,3.6881793897542217,8.622962477614262,4.284708697318711,7.059995926663422,7.662056614578982,4.954501929278509,6.062986088462715,6.938387733872215,4.023412943917956,4.338240504869956,4.472745294400485,5.2399912330391025,4.991582074040294,7.654538460213238,6.000164534700385,8.364457199939894,5.228721049777373,6.351648859126939,6.917417146257725,7.859656355095858,6.292762033838203,7.7330007537333865,3.4707956098309083,4.218808748324192,3.6898553408737857,5.653164332370833,5.189640348064804,9.277558843272939,3.787055567430042,5.360911123030964,4.130472121161924,10.21567306978246,4.048200374208182,3.0126228925612555,5.614322185271428,9.78526891447446,8.182438608332363,3.8440415897665994,9.770173084729665,5.254638111015799,6.707769627138357,11.720744499723253,6.092662687582797,4.217915215037284,4.820499881409196,6.477578150454164,4.065897019049934,7.055825651262732,8.381251716675932,3.6801451756050385,5.560314893571568,5.997740336576633,4.797589682894308,3.843513133790718,5.4789098511936265,9.619234362506159,9.92781977018446,4.36329494240153,5.621581834707996,8.636061762218809,7.2652525226309805,7.9310123881637855,4.927967609609336,8.655571344256913,9.420380530115422,4.617402123557059,3.9074535265914756,6.6326089385502875,4.2694845729662285,4.453301640014718,4.08239353320152,6.883473421983853,9.599860858579666,12.179014172222356,8.249576989545465,5.924330818591968,7.548786221903639,8.623992850602335,6.424946574411889,4.707199315241814,5.553786403041643,9.949545837680182,9.613652206526018,5.101385809157668,3.47550038372338,5.025608616586405,6.559594124127482,7.1630466188569155,5.483254491603097,8.156800337996723,9.726907019802283
BIH,7.369462727880824,2.5079317030917063,6.714819467242812,5.0793084510327935,3.427337599891945,4.39681330878025,2.939175022426693,3.7087005197156775,3.6004208151255908,8.063914510927903,7.958218091358767,6.103159974995728,2.1433075076155603,5.221926435763992,4.005768137313979,0.0,2.8467788083357144,3.117655840835486,4.361867111336575,3.9339668895218276,6.668349314778373,3.727873208305108,5.083661158785376,9.273461320376072,4.71696099172376,4.273615205115172,2.8360433635212607,4.843525496299473,7.2136851331306655,7.0127456562349195,8.447967370460892,6.127871987767472,3.696320147009196,6.896796939687774,3.7690487197794407,2.887580564370998,3.646466183780251,3.066254831750472,3.8744374762150287,6.116185645028087,3.171199760606167,3.292593607130404,4.153592506444165,3.635650598236633,5.345386437641463,3.2402691635116936,2.7033926901009413,9.291677790875275,2.828936884442799,3.4945874330947784,3.4096791761696625,5.559584473257833,4.099746856227976,3.521318143626385,6.570373741512615,7.740272073629508,6.659640583467689,7.74041344261441,6.02352826435693,2.354266110250741,4.848857198239756,4.110101898047374,1.7012922077450026,7.55729840676936,2.3754717919868953,5.112797324385895,5.47987166885977,4.035295214525844,3.762950934473234,4.975498619558183,3.917858897987927,4.463483472752762,3.0104276266608228,4.570508618870084,3.606928330314656,6.415028866556028,4.0696129500270075,6.478673002807308,3.780133546876987,5.8010591469877975,7.313896352737123,5.460046139604669,4.278144894932094,6.09307374611213,2.3458791917301336,5.7013781346019465,2.386083016255248,3.236356636034787,3.6390465386359496,7.787231492085679,3.489451932316286,3.995981204999511,1.5650290149566384,8.719768612146297,5.7036522785770964,2.362516212623908,3.4492882352210823,8.186310013497113,6.631100910567726,2.2984269148242342,8.090986002281754,3.5724672779815445,5.231524865995109,10.386673610569439,4.0191490797086855,3.934031749951737,3.7211041890654424,5.295771674949566,3.888707771507694,6.376241245735911,6.744056885033085,3.2257977470851156,3.755754690348644,4.41462511442069,2.7394681398189498,2.6642303446446807,3.5848983790273103,9.560597164563823,10.220308435522332,2.1756454019423392,3.9614921258849503,6.972549831323108,6.531830655122465,6.817793657459238,5.593313149388636,7.053420880850157,8.229242344580838,3.275034346404247,1.2343126589931515,7.6961926259677815,2.1806493899924386,2.703190581718929,3.2314222169881863,5.096486960967433,8.952170655775657,11.024350377411201,7.044902227097516,4.044077690575417,5.168450262098698,8.094860765997355,4.531161443562018,2.6232306715550373,3.7094336983981453,8.322089183483092,8.126914751740687,2.8170046063997822,2.872562407936899,5.231053048025592,4.293850977983801,4.748141408191938,4.452217122372941,6.986835178273847,8.067893480144628
BLR,7.887529833890953,3.548295072238116,6.228845315074177,4.811388796145095,4.411878717534312,4.4174907164621615,3.2716933715075838,4.206580828583196,3.814385523599606,8.554269206857345,8.62130419083905,6.679067739292787,2.2930034861242348,4.634149263983151,5.2927968055937695,2.8467788083357144,0.0,4.846309099866266,4.518561086200162,4.256646013860924,7.047468143320613,4.3808243133961495,6.535255337869121,10.036789027576976,4.88930410537195,4.31348709923099,2.86880358899667,4.8556767062371495,7.6545913798689185,7.576094250465612,8.848730856399582,7.0552135584918725,4.3598668608491105,7.920403565181909,5.268397205832131,3.9615814462644106,4.470386259704913,2.405283398695591,3.5300012739154503,7.517803661027491,3.162408755172639,3.9094197215440474,4.854921822989043,4.087706843824267,5.691865495119398,3.928287715629028,3.2678190358404997,9.797827737102931,3.5562992450561137,4.336250619948617,4.083613317054783,5.94670640853539,4.326547120823191,4.414815136509226,6.49284424576008,8.322207501954363,7.526107785591601,8.45199525776786,6.689979802885796,3.3454658429932693,5.4508516730332515,4.777221668979657,2.6775297497709896,8.463258130172395,2.032537967360744,5.045999715004419,5.871791886732168,3.910017775868711,3.5985035440782407,5.664676482095397,3.879163720359028,4.7296814825276305,3.509395561205701,4.189373223826945,3.790969998462733,7.290696334991714,4.441432823233617,6.038647818561739,2.880586597637845,5.738272976344358,7.90774584989709,5.443230609058934,5.1004534618979225,7.152349716121229,2.765033758966084,6.011694170239093,2.930333525607907,4.061468957061211,4.048957064652773,8.451357485325415,4.91310619987955,3.6936225616522584,2.703192205858309,9.305084950788325,5.904099525520671,3.8048118278356307,3.328298689203745,8.928998293591782,7.354885972353542,3.7490371183798072,8.97024276927791,2.9883266107405646,6.480321461075211,10.82149561641963,4.315409206287012,3.622326419792848,3.495645729615344,6.252069933645688,4.300099147014888,6.373302644880319,7.421014552599134,4.5268381105850155,3.705768081415592,4.578533238333009,2.2508579023011115,3.585903044543348,3.943520372233531,10.389622115165642,9.853389951351607,2.848645561415946,3.1197064877712832,8.059204108748421,6.382101732409016,7.516793532700587,5.019527215382896,7.6609891961416965,8.722744939942013,3.706982230393499,2.1133343832780627,8.919171611069835,2.7209051185684006,2.871247278568346,3.5532324213609465,6.799950621094451,9.391833675923982,11.381894466362704,7.5799363414725045,3.3479359303236413,5.852451109379586,9.198475786159339,5.3752751446001765,3.9921132790286706,3.498943885388973,8.575960088068394,8.71118379335539,3.403765509345467,3.46023865926795,5.4587973700362165,4.359551006465452,4.305009373267062,5.804923955936403,7.741455129719549,8.452750601291926
BLZ,6.619739532390279,3.8061661544268515,6.992923152178559,6.285982927886382,2.850110172600292,5.526604476701188,4.412952791193515,4.473998130134844,4.838492090604716,6.61621705176741,6.762607074380396,5.905214162539483,3.6545883148354745,6.205086888796932,4.025261226068483,3.117655840835486,4.846309099866266,0.0,4.175024756408954,4.979471457066645,7.222527174065867,3.446225701238753,4.691946631441855,7.588617328701148,5.594451271969333,5.037984089700812,4.530623728843067,6.435977507196845,5.94723215073528,5.802192244720865,7.504975943129969,5.220872605598632,4.252056791161016,4.991693286458734,2.9189639585508775,3.276706861924742,3.8423471519168566,4.645552248111268,5.577970432776645,4.731422883578769,4.650170308760924,3.6869891233149015,4.713731877430901,3.7355828913932188,5.420132276408065,4.645953916914032,3.9986831517880117,8.433042017520387,4.253857387360486,2.462416959316392,4.861376809903893,5.3601535688173145,5.197827496658858,3.253196916904064,5.867123318990973,6.433694630750941,5.001549068012908,6.155797120605907,5.441394642628477,3.9082795937911965,3.984626857801005,3.242992931479172,3.283900995047925,6.716092213335977,4.102807292393288,5.615709832254363,5.818396875635381,4.833420589856817,5.206033885763662,5.283897719393235,4.9495682483178856,5.110065662960162,4.8292827664822084,6.365778238094289,4.624905699186124,5.260011425216631,3.7917039869432476,5.988323570768628,5.870103808594263,6.794152157581152,6.979068183224304,6.542204237597191,4.685726992380918,5.291608514745284,3.635189720903011,5.894105345233743,3.8737542629471897,3.4624550195156387,4.247250211455507,6.489542895259341,2.7778960388531218,4.742680778941174,3.0520797707310368,7.337305305363507,5.294643386956631,3.071120553621451,4.134879748557784,6.855564946612688,5.458064741346035,2.537597689442449,6.826879765995629,4.610875349962193,4.159552538739122,9.041462146998716,3.561916618968966,5.133375451572022,5.125820762655924,4.795537868894697,4.445320017192083,6.318324847642596,6.118559639463989,3.1219952743044668,4.463871117172079,4.514037353403705,4.8276918271180245,3.4807869234185884,3.4004055467393917,8.692204811192804,9.91812856778982,3.8252477990801186,5.93702800103141,5.760811914260551,6.862701181385841,5.542322216316327,6.2461900314991645,5.451263594052154,6.927103877873466,3.1359906033172074,3.591946060534025,5.7453301305545175,3.9104540105934222,4.1190339387569574,4.779144896927468,4.244484649819176,7.849932088534399,9.482269598796362,5.604859259965147,4.898664333757949,4.742232674653066,6.530002479712044,3.78381139433259,2.9968902782928124,5.333976079961467,7.364930968185298,6.997730399808677,4.343420863111841,3.8597123398287447,6.476415966833307,4.559742299561434,5.27649628870485,4.8872248122250275,6.010596022151598,7.763872893318971
BOL,4.876550839396415,4.991211384096029,6.3322945867873806,4.274902147797236,4.343783406934437,4.466228312909393,4.455731060858967,4.314506077788744,5.26961427743196,5.551483853438218,5.643914089762602,4.457841727526147,3.9760899015285736,5.894238139470005,5.808711201245671,4.361867111336575,4.518561086200162,4.175024756408954,0.0,3.5328319160327752,7.6283060649258845,4.234769117824042,4.214519623056824,6.513924762149556,4.679648258335642,5.1871310838352045,3.7645186102106605,5.293069763811153,4.523997355864119,3.9116724888186023,5.9321160600706095,4.338198785696027,2.781710996734565,5.214769827815028,5.3151921816602465,4.12569616344942,5.731871314002005,4.376941905478092,4.599688334184404,6.55541071089436,5.02714525338363,2.85012716772732,3.1097878679244717,1.907676576238046,3.694514533565535,4.82404990405878,5.0942321162124635,6.998966931800611,4.603109783830584,3.427315376113866,4.7751210402163995,4.24056209261501,4.599963320471778,4.497059956375253,4.311031033378873,5.645205847819172,4.550959421263577,5.431128216173277,3.7695479307311346,4.755832213194981,2.8400837476734964,2.558798622555794,4.280384179118562,5.044381702853576,4.247333507831932,3.723456011354798,4.696356457245977,5.297474328497991,3.5018042834376235,3.542005658724514,5.180490003772342,4.493225842469188,4.62546845868276,5.235650911951606,3.5668851802316075,4.362327884131479,4.602222654081653,5.179361433781539,5.113167268607223,6.01268231297176,7.1078530715405,5.352352967834244,4.917755566615751,5.492091775752046,4.601063689564068,7.353060244596559,4.990633040749192,3.2219432799578342,4.761500556943305,5.339034818426261,5.604912422753996,2.8020806352411425,4.547825512718377,6.111061913415893,6.697104822499647,5.212695193994421,3.571822401275169,5.846953161526527,4.766607603721111,4.836333303374604,5.838081785402141,3.9796181694001667,4.196708339732418,7.820252747479264,2.8554892388707596,5.116524217081675,4.633951549117822,4.8275118174437175,3.853231079881804,5.237171179446609,4.500381059422323,3.6394416095500848,2.386481003742525,3.1082677537983314,4.5717318980085695,4.165206721756681,2.6643393821203922,7.5459530745654435,8.843246266353736,3.681022157615859,4.405557436974124,5.591029421989491,5.170181926021294,4.977849176016453,6.774356355307806,5.266956227635078,5.685575087182197,2.8185219051100785,4.316388221069839,7.009612179749243,4.64969713481501,4.8079877674642,5.028351713803886,5.14625334478364,6.840485280200774,8.01076670735697,4.6707478617535125,4.123648385035736,4.466707221650701,6.733955064877986,5.047893788662864,3.59664761358785,4.154182319706915,5.602245442692892,5.714415193831144,4.29711928798396,4.174821287094843,5.359716069286738,3.105522598177412,4.76210706807944,4.144155755493637,4.643892975617938,6.146596437290559
BRA,6.265200177256377,4.316730161966485,7.103406630566984,3.8943790200377024,4.626896928201801,4.017908481372968,4.209200518435732,4.433284949639469,4.578402206779915,6.966034950043289,7.293575772885286,4.809839912933864,3.546204912276019,6.193561254122933,5.381404086929437,3.9339668895218276,4.256646013860924,4.979471457066645,3.5328319160327752,0.0,7.977863310436143,4.904206414586398,5.446251279758589,8.574158998763112,4.476584113790279,4.8936478466670925,2.7174027231424818,3.3320204474393145,6.046831949457295,5.6775797099635215,7.623763371546018,6.091506546894524,1.767822780053435,6.845560933328583,4.753717953062776,3.0679569996942924,5.4648107761717375,4.327946358207999,3.78993098045147,6.714874048110038,4.331916430803557,2.7191179308881,2.9139805793148836,3.0956596639192386,4.490056125746418,3.1056125885318213,5.062187657362816,8.030204900150265,4.119245505130311,4.691704274767986,3.1311521081907903,5.644754880070033,3.5101910166182813,4.548910290878654,5.7373347980618465,7.286250501684115,5.900752884992454,7.15131758747744,6.0228356257885505,3.4765044068213373,3.7911699526628677,3.932754559356695,3.929210298842592,6.50960308206165,4.02809559985539,3.728806633822244,3.9831784649955666,5.583413895712721,3.0126239073372743,4.5157784378112265,5.390829107011253,4.250347927002843,3.1250168715885933,3.7974714232034885,3.9372198073941878,5.516338337622926,5.139011225601155,6.499769236404845,4.162220395842813,6.105989951218843,7.270989485605956,6.136534195084722,4.782828988604296,6.811832228340085,4.45442991958209,7.203282900791981,4.719258520991168,2.859803266970546,5.031244464957682,7.000647254624727,5.597318600629488,2.59528493102169,4.372085176028976,7.875856512962654,6.579341158281661,4.927704868415134,4.687544317987766,7.634970484707171,6.387716893099915,4.862345344227635,7.513481199785967,3.929605296998456,5.658906893190117,9.3647268827072,4.3228953148762415,4.411848631615778,4.536660593162126,4.221436787084679,3.9266485101990227,6.62327280866502,5.122786171569014,3.87414000014691,2.459453074195126,3.299513915174135,3.8549127942492043,3.5720377757296258,3.5118263058982833,9.15314227179428,10.057065609154797,3.2636573961888304,3.2310802047239218,6.721790489858099,6.00943640459167,6.002085480745449,6.440118269785527,7.439853296775316,7.4033334291293,3.181441618299153,3.756410535326354,7.621494012293157,4.642062391602149,5.0936219619167735,4.076512499129948,6.360621734749011,7.9216715892755625,10.12532199522855,6.426448406471775,4.018632655743394,5.524888031133649,8.250144086975117,6.491699337439982,3.1621624267591164,2.6434791759452203,7.332602173560049,7.236087169135075,3.0938505063659982,2.919692765122929,3.860776389427103,4.073250794397519,5.135758438861291,4.219208942944361,6.377461591600676,7.670424395239185
BRN,10.337079919779592,7.304634045187628,7.108724946444545,10.039935382906249,6.974072886586333,6.987795578366415,6.710615410357748,4.622063193356554,6.823252326559475,10.28228390284157,10.623045109929407,9.542879328900742,6.9564150557628635,4.682183489406872,7.256511590879885,6.668349314778373,7.047468143320613,7.222527174065867,7.6283060649258845,7.977863310436143,0.0,7.111676820611265,7.720009700069913,11.607795364853034,7.12858035308942,6.904499754946371,7.066931459313546,7.026294589633562,9.500935675522644,9.825860394262197,11.075786387798265,8.029382756396645,8.01669382106012,10.264848166358169,7.835333105360466,6.831610960337674,7.507449468077237,6.491729220691019,7.145068858482971,8.51943675323945,6.251311344081805,7.0860341158608735,7.29042338885043,7.50343144139313,9.425493050597913,7.413900810395405,6.835900690552706,12.29337732812234,6.289369429589203,7.662275301456018,7.476500542661566,7.403848704392082,7.787485184162776,7.504097983782703,9.870726302659982,10.191658893582003,9.871836311665218,10.006455170421301,7.690230471502397,7.279412711546759,8.338616619976166,7.856188837142524,6.713460503403218,11.043807742247173,6.975542353583299,7.6934300574829315,8.916605066400376,6.609327900724354,8.076041344636074,7.227508354389457,7.066222419707492,7.818869631549063,7.098868811746553,7.813487508269423,7.136816090119572,9.87556351656055,7.917083763047461,8.380864084119974,6.815999757999025,4.269428848432783,11.203676824886148,6.997210754817549,8.723553083767463,9.006863022638113,6.579774301843895,8.318912980114233,7.027596197811702,7.389500896369602,8.229228248091292,10.683836919415661,7.78517735523748,7.292277405430918,6.65441619119175,10.71699818374471,8.388048968274129,7.4801370074566504,6.3732194552312365,10.783030856219074,8.888318877896035,7.1386215068436965,11.541456736127815,5.997773147809027,8.176460075497586,12.538569009319545,7.930455083171199,7.421861474826597,5.411917920412717,9.47802930031402,7.361693865720291,5.719633218394446,10.585616496783455,6.615882692815094,7.344585972740535,8.076145729394282,6.806823312408115,7.229118631093717,6.957081463443901,11.965967589537186,8.084834347551652,7.3541027707023305,7.6341694820456105,10.258235859487852,6.732855221837312,7.628137512261435,7.7872636263161885,9.427804336339769,10.903734193508438,6.852584969054342,6.79863785625225,11.816535382114308,6.369201493756785,6.267227422575303,7.021133155030545,7.9719038243308775,12.576176522472998,12.395316736798504,9.623426526231444,6.878821192578199,8.724498073736793,9.745491152962181,8.470572749629865,7.4402257795461555,8.689105598448297,10.413017359899753,10.762758143839118,7.973607255722459,7.431478776375613,8.378962613970591,8.085478644641176,7.66216380467061,8.071780874103782,9.94490607089029,12.645465691472
BTN,6.440181146299344,4.030218045075528,6.9933892740521975,6.267657001229298,4.16398866812995,5.866428942836852,5.187377522502193,4.189991877782495,5.906864319077485,6.243788633064625,6.158522093830044,5.233839729604009,4.210499372411291,6.126460827639277,5.9515617886264485,3.727873208305108,4.3808243133961495,3.446225701238753,4.234769117824042,4.904206414586398,7.111676820611265,0.0,6.044502985065209,7.920822813022304,6.03608994465609,5.977902771166285,4.643896877869892,5.766414492223283,5.6650873442386045,5.770023273218927,7.293496667229709,5.890910275620238,4.54405080345813,5.621210730053485,4.162060062314454,4.072961041242313,5.522288508560017,4.9605330791813875,6.0508775966262665,6.2305923461998916,5.268865453503141,3.63437517602712,4.240310867824387,4.109422024803426,5.2917527191840215,5.366688400047947,5.344564886755341,7.654796444645342,5.1783568260448565,3.300053671396098,5.802520471928095,5.539898983349149,6.047879025189322,4.055441012535564,5.295597875338145,6.015665454939198,5.430409716684647,5.92203376112906,5.588402649843537,5.120985434745025,3.9459710170117246,3.4522401877737234,3.9217036216620764,7.159395719131024,4.6711500296501365,4.736872435325706,5.026182863535266,5.302265939428451,4.731311957861602,5.401384213708834,5.790746921346366,6.076951302961165,5.39779960678337,6.6085182920609356,4.633410485717624,5.6403981325903425,3.330511695836819,4.753874082386542,5.707390438629599,6.638234601546037,8.711117109655463,6.115726271629536,4.761939348175313,5.399069735672843,4.58310066093314,7.551925940038306,5.097895999367241,3.408664297346412,4.515218753839696,6.283913921269538,4.332288668204581,4.653723994993892,3.936754478518992,6.790540784183153,6.5007017316211515,4.995980927914135,3.558943928961251,6.933306059945032,5.3239216305796155,3.604464930755858,6.820153473442735,4.243252144434247,4.788087429137909,8.260254439207927,3.7484899918384826,5.8819933189291325,5.267037649164081,5.36763537726644,5.35975022942612,6.331065276924043,5.835822212778851,4.48238157213987,4.135481948088888,4.0927177871517895,4.821189583182138,4.456955722746375,3.0405250502376515,10.393596065329977,9.663505903711547,4.28816993922995,5.32749872235873,5.5597648154165915,6.626092200827984,5.239421400817068,6.872446171395727,5.159179811639754,6.6014712743760295,3.378036008230857,4.120042634346319,7.76325573176138,4.572526006513911,4.640037713485974,5.672007455211929,4.960269897812601,8.513974754125348,8.926941617110733,5.297372226409256,4.018135750728742,4.260369282330836,7.668251913731062,4.185721725842534,3.981831267886613,5.117612500262733,6.682233968442624,6.632908685392552,4.605807027507212,4.570923141043534,6.985363811957331,3.990984916226955,4.136066799399451,6.053246874448586,6.2233180830995085,7.518874222549187
BWA,5.479087290546312,6.380896351357659,7.364182161815955,6.227236400508765,5.0371208101019205,5.6642750724848625,5.244396685088091,5.793094331535459,5.607878586660106,7.352137237947435,6.687802728831673,7.037927515875634,5.278229511849547,7.140201488990764,5.777822193992699,5.083661158785376,6.535255337869121,4.691946631441855,4.214519623056824,5.446251279758589,7.720009700069913,6.044502985065209,0.0,7.290937210529887,5.406465005589219,6.065330543900224,5.233037933881793,7.208483514716272,6.399184575590125,5.7522599199800934,6.681201076112635,3.933535240711252,4.699753683421489,6.713853180638433,5.268945588256418,5.184975885143175,5.990800146276847,5.847528809876522,5.876348116306233,5.181753198583386,5.658630807981028,4.971253273843368,4.78578759179247,4.74859435446211,6.325253050600338,5.505797972601536,5.428131670130985,8.951292457492247,5.003840673704696,4.557643946009074,5.392390368516216,4.657868028568068,5.606581898424259,5.259405191811168,7.116038311227672,6.71907879438431,5.805771831251198,6.7616768988406255,3.119795155341231,5.398496190455335,5.258480214718867,4.422868614192526,5.233068337898609,6.136274485669863,5.5466198505010755,6.709059095919645,7.138571045034595,6.215094469767627,5.746308210342568,3.9563981444760397,5.95979261531872,5.388457608554667,5.791777345266921,6.741728853993035,5.620531633351159,5.82078058619982,6.501555092754357,8.204758004484919,6.773355421393229,6.704258083346013,8.052184951090753,5.064973212014984,7.072824878719717,4.510482177905831,5.270038783608092,7.062779138578733,5.684286805653827,4.933746722250405,6.636035755897377,6.589138405626072,6.2223835161499945,5.533251127333615,5.380053276213125,7.513870925764694,6.986402145966512,5.465682299164661,5.2464702195773505,6.386261346731868,5.207799958164127,5.666659053587854,6.722209446041601,6.050661001474659,3.1574658361624146,9.646722333672018,4.970792793762848,5.92095115638558,5.739634206988607,6.465541028890022,4.993245064133688,6.089418249236893,6.719745069388803,4.001741138465672,4.953287962749422,5.566358691956546,6.204171919456421,5.170743086532995,5.070470451986348,6.97144791171239,9.799614694255226,5.152822882171965,6.693712446735075,5.958970853727448,6.3214437378176935,6.270469708769197,7.590890998868352,6.358817459632998,7.4660586248742975,4.685918745861851,5.450388206791615,7.231408420270606,5.391914152793514,5.77692142033676,5.3844130150652605,3.776727620668488,8.311142235739789,9.368117354062415,6.358654677227557,6.697333540839813,6.409853141709659,6.520483710941139,6.604121140323458,4.176892171627988,5.951705145085416,7.695467094495192,7.248344825970144,5.039870491289469,5.4039586527628565,6.761411759571119,5.837897344976478,7.417404076077837,3.050459622139311,5.094875104552554,7.05428296919493
CAF,4.076167005632501,9.290460279866632,10.727454721884191,9.243262614276626,8.197548954038686,10.25330318491295,10.25480329182746,8.892522571744164,10.78906875806312,3.390667916856264,3.255862218043525,6.451028776768213,9.422511005248031,11.060324529983667,10.24674092949351,9.273461320376072,10.036789027576976,7.588617328701148,6.513924762149556,8.574158998763112,11.607795364853034,7.920822813022304,7.290937210529887,0.0,10.051073552128864,10.591917461505506,9.393729582655784,10.182648260721056,3.6870058505419316,3.324237056753689,3.8265273476343538,4.760428596734133,7.737017380622486,3.936983855226377,8.490740997741446,9.005075390850362,10.463759236031894,10.208545252064624,10.642010450225998,7.677230855537667,10.651431602121344,7.790891613597487,7.256435762421826,7.386975248670972,6.813984195294883,10.157074577184305,10.500475663693246,4.482533311548786,10.263311831154942,6.879057729489641,10.287340877849235,6.617154368150991,10.267044676060536,8.293353405389402,5.246388227152382,3.137964047044089,3.6389473493151776,3.234296365905368,5.975010003206182,10.01823038784073,5.889270457333782,5.8358310576739045,9.560611218754568,4.6923025977548996,9.925861668228277,7.397870855643612,7.356649953714459,10.318383847203936,8.53241073281576,7.423310415200443,10.885934633614495,9.93452185657903,10.287045379378364,11.188334967055075,8.611713011563102,4.222549266038889,7.862720016712972,7.096755691944527,11.09620619245985,11.238420305456668,9.429986093304834,8.875499534552011,8.28798577853231,5.985771172137467,9.966044639422462,11.978474001225743,10.383081795084454,7.443023605423284,9.273939373270322,2.879166073138816,9.456935459051614,8.251418069308135,9.373953164973715,2.7254643210184213,10.990258034341867,9.786705469968185,7.937544144430282,2.75997953134675,4.033940751102515,8.970825520200423,3.366931627326112,9.148097160588502,5.521034863486535,4.159858495013018,6.212400476562273,10.755357103736628,10.49173767262602,6.504236713578536,9.585673155269898,9.355277329140874,4.935688964034738,8.119722415886429,7.587426522865357,7.112818781115115,10.320524524059163,9.367662142251003,6.966317993226066,9.403097100007598,12.005210417022651,9.349605584610094,10.160661097697972,4.109225257740273,9.617673989376485,5.422714811166019,11.600634739191541,4.92436035579777,2.8447873576011804,7.509602682860231,9.527027668346312,7.360655020655756,10.020547235461507,10.23179326982604,10.675265919373228,6.458936771407256,5.806178495273008,3.5913675517381614,3.504975974081667,9.269265584347707,6.148876136111006,8.046739680310376,8.148088159730772,7.966515576926665,9.261555673773247,3.7866480428521156,3.314951378959899,9.40464028140813,9.436954756392264,10.687595001122752,7.186478073212186,8.325663891243028,7.701557619753756,4.043447857986315,6.15841896118962
CAN,7.7249235946773895,6.331787680132335,3.6979976937409815,5.283300189855818,4.2593774863163665,1.5165752683372193,3.027398278332645,5.210599581149321,3.3308618532480767,8.929138772035184,9.065998656023828,6.896238936269053,4.15622006773583,4.962311640302916,5.168734471680711,4.71696099172376,4.88930410537195,5.594451271969333,4.679648258335642,4.476584113790279,7.12858035308942,6.03608994465609,5.406465005589219,10.051073552128864,0.0,3.2477813440100687,3.458873152176812,5.168954160010807,7.898928494487411,7.560153140514547,8.960726792328822,6.9776885829643165,4.154075938666535,8.473981939898874,6.144613209956167,4.293679237787057,4.4783389089151004,3.5038136224573795,3.040860695164302,7.952698270775214,3.509762068590279,4.560881949176368,4.7199172162351495,4.366015729098697,5.928991648456308,2.9712846262479395,4.130704708471368,10.022855961527622,3.0381896298273188,5.9794271565368575,3.4751127844796716,6.2409168477131205,2.7693144833239978,4.168865031972134,7.5451666300859115,9.066505329752347,7.857836330073839,9.02124886071091,6.286490934103286,3.864056180243098,5.716959410551059,5.283205899244235,4.013688903761792,8.50982765039859,4.195004072934978,5.804739842782767,6.564268283221487,3.8071709346893194,4.051297461793434,4.867914009173481,4.25715598966103,3.122557087376261,3.5713996110941766,4.005601619200668,3.7655568346523176,7.471838254445186,6.043602970854979,7.883039547780422,3.5774776013548597,4.88248261843787,8.03187735350001,6.370873663737767,6.723199943881468,7.92823789112317,3.692014869726215,5.228569376741681,4.99854874518629,5.026186161581908,6.847862777412768,8.754822571983055,5.709167015955445,3.981278553933721,4.919483760020968,9.535042420471232,4.8910037622260845,5.119188850119123,4.725352050106845,8.934319783016436,7.466118881759847,5.753872584214865,9.028594801130597,3.7132233673189634,6.42399248540625,11.177765742484734,5.640787142499392,3.389150769070925,3.0421186898903576,7.526883669803285,2.415101220994583,3.937914345444764,7.725627717887478,3.9732937615416994,4.196804987654003,5.4416975899666005,4.093477835606142,3.33365895475808,5.0049784681761915,8.853788357003873,6.968514141901714,4.052751780481818,4.3079926992976,8.147431249848239,3.156961991606123,7.600510477736337,4.579968000979947,8.171086221365941,9.367676325612436,4.9607880573152086,4.581346450984634,8.78638475150532,4.33340038410993,4.061440283411233,3.4586462522881547,7.240885035440552,8.782306461737926,11.093705290079518,8.176247958969615,4.90425161028669,6.995301210919895,8.929312100918644,7.6179830110374125,4.6077386745852715,4.489192443753424,8.783960372144502,8.75032437581795,4.382972682844382,4.565492487892792,3.696759048958906,5.096923521720905,6.255198644166636,4.9602033047022545,7.424001942010731,8.924217930169217
CHE,8.651889969036418,5.374505829714604,4.420384399767927,5.861970307711992,3.721810092415689,3.1132270303063576,2.278387757040775,4.904103382700554,2.2090361396052467,9.229880122475958,9.70469533659477,7.110683625071969,3.242506250292819,4.0095316623398745,3.972715700838116,4.273615205115172,4.31348709923099,5.037984089700812,5.1871310838352045,4.8936478466670925,6.904499754946371,5.977902771166285,6.065330543900224,10.591917461505506,3.2477813440100687,0.0,3.2902696652469685,5.637907614524914,8.15772946674097,8.107875074520564,9.590156090572643,7.382588259658075,4.647588343539804,8.606211322596009,5.511592750612405,3.1900158516484423,2.9564398059561716,2.58924087883013,2.7326725243849013,7.2351017938610935,2.2050845663832352,4.293237234766411,5.76728660067631,4.366827267596056,6.377940991777053,2.9581656591096546,2.925392900132329,10.677263665498716,2.7782107666777116,5.626599137359002,3.0818245797835195,6.47173484615726,2.5980646551960223,4.195174752173912,7.5145065860072595,9.492562601872347,8.01888029896075,9.460445345964619,7.033862758615644,3.107496841471076,5.679139366567798,5.360759417481022,3.368879484564544,8.85952793846886,3.1342238912561995,6.070549830853612,7.049754096815273,2.3476886926882146,4.992213188133829,5.980656314175639,3.6120798236574094,3.2688117287824094,3.0465317733273065,3.627690467306346,4.197101802104103,7.881615247039953,5.7746539985069365,7.378070938002961,3.159678880331648,4.923888049392713,7.584341372340355,7.112806032214824,5.984520567085149,8.367127788418953,2.5496129666701477,3.8583438568327817,3.6801589683155087,5.175685882724008,5.745730798028533,9.276324926390057,4.668999028328712,3.7983840461514196,3.9931096558460806,10.190911814715509,3.585843165873191,4.094508259377614,5.046173330238044,9.66434358980957,8.038508758842417,4.652761499536687,9.836600510007996,3.5252656472546615,6.867476894111553,11.849627548017386,5.431656843429277,2.574802022059021,2.7252084497563707,7.263054028873613,2.970808894502577,5.196697519113203,8.301045876000803,3.1388009778936072,4.396109158761028,5.418537681663917,3.5039972305270783,2.6437484881460924,4.79877611607232,9.36676274608647,8.04045715239105,3.5482016301676738,4.719112449933797,8.725001287369428,5.386750415500121,7.84001637769191,2.7792837649024094,8.513401286252668,9.56566887845995,4.387825252545668,3.8031435090475747,8.495790337042694,3.2557218000177786,2.9366881061099455,2.600149019937679,7.42035691584638,9.418785726337456,11.927340704100748,8.44533050803046,4.35298851173717,7.347177823320387,9.106237062122593,7.14394839068961,4.569037405494859,4.816014321908525,9.394000985374197,9.313238659814493,4.951376505943993,3.8914404418489297,4.25345433395167,5.844412778090289,5.902211218146783,5.841837965250031,7.862102764146675,9.601848809214639
CHL,6.957891941650025,3.5566473224804875,5.662796756581735,3.6247159072191613,3.520520352481339,3.1345747517574787,2.6692159999740714,3.8789649641228943,3.3025771512320365,8.101164353530034,8.2861710138013,5.705700350547736,2.609034423867834,4.798928815828556,4.565887057103417,2.8360433635212607,2.86880358899667,4.530623728843067,3.7645186102106605,2.7174027231424818,7.066931459313546,4.643896877869892,5.233037933881793,9.393729582655784,3.458873152176812,3.2902696652469685,0.0,4.125853424699823,7.0943368264142235,6.761596195532677,8.41611411951834,6.121279254485748,2.4066957122766595,7.525257334107782,4.670554764055913,2.5360798728762157,4.316247507115704,2.8295369681405154,2.8658728746059317,6.801116742600158,2.763133263383562,2.753385582942766,3.517950173514774,3.041389315743362,4.811750230879896,2.204251654186095,3.3277856366744616,9.087463527761443,2.6763849447918995,4.508208772358036,2.828199732109971,4.999869289579226,3.0656784710044094,3.733250408889137,6.140468196717718,8.057128851508633,6.699590391144493,8.067537049275595,5.936720450508115,2.4216271271717735,4.573585095809094,4.168413766293868,2.861739894525307,7.130789980952031,2.6635136306936125,4.469780409279568,5.378138348992282,3.7488224229061036,2.520632749783858,4.505083599638972,3.830256750604774,3.7431206728516275,2.30426862148935,3.3546753060399648,3.2859334198824404,6.630436628544315,4.926374502377861,6.558454980002315,2.6496342689015937,5.179234274258599,7.061482556154567,5.198481567375476,4.913807760156043,7.0304519112906885,2.7717878455046128,5.784816553823717,3.4224641849204254,3.298155403447253,4.988131467682069,8.003491562912886,4.991021748626724,2.7721466100189422,2.8645888520106157,8.890498088548718,5.438220246690287,3.722889630037826,3.6888552864709054,8.434168173239431,6.701837091231362,4.1957242613886905,8.400115936596457,2.8583350260367637,5.638725822362784,10.56040967564677,3.954987454067589,3.3223360241638216,2.9056287283360644,5.41609763886257,2.9731277054781087,5.641310328686974,6.550419030858374,3.057481991299007,2.2197984975434015,4.203706038066783,2.888514730683191,2.5391170389372,3.293292968116877,9.113823627695822,9.195482254456179,2.4655915599242886,3.167708910234488,7.428553150143371,5.389231762123511,6.956194048842793,4.84436681358791,7.734163839643212,8.171475148145749,3.353771020672727,2.6002596719903805,8.106192135564546,3.1981947593113698,3.372781478351045,2.665512377609815,6.201705967548938,8.1978983740137,10.987618335240132,7.315231348969453,3.8914031585615523,5.714907771843424,8.97347793965643,6.252647374483319,2.950237782680156,2.3663179648685415,8.143293168712887,8.134872011446417,3.080713393862758,2.311058460799341,4.1303090154175415,4.222546931864318,4.946515042220503,4.37845471996205,6.898279638393098,7.917336712394001
CHN,8.155339208776851,5.211232422796346,7.240082699492066,6.176267449479659,5.819834022037398,4.713132059260965,5.044031754377738,4.0560233135903845,5.494048273118207,8.279031166805693,8.599284057738299,5.565193865974669,4.8795501956600855,6.099194423700494,6.73056290188556,4.843525496299473,4.8556767062371495,6.435977507196845,5.293069763811153,3.3320204474393145,7.026294589633562,5.766414492223283,7.208483514716272,10.182648260721056,5.168954160010807,5.637907614524914,4.125853424699823,0.0,7.34983877986253,7.378501844748057,9.058772620333476,7.433479219724524,4.152254001949566,8.54774169220794,6.576193052978673,4.549644010270493,6.618822543898391,4.823308994530716,4.395413313382029,8.222236415117345,5.208938190932706,4.437725032248512,4.370536902800638,4.582523129238915,5.778919279007683,4.176432657530853,6.0235511630967435,9.071563301769329,4.928668364270778,6.527671010785795,4.34817338844464,7.166603902207777,4.807442848531625,5.891258722244384,7.1315359055337915,8.62151615617598,7.863960733636586,8.62025704253634,7.6180769673830016,4.770105768273917,5.325294762800761,5.546604773681586,4.9759654356660725,8.288583224502656,5.033036205905863,3.796231456831376,4.115199711634783,6.032049770018357,4.260287252083953,5.717020661653924,6.6129672546646745,5.868192736165141,3.6306113855664406,4.1593514072575815,4.7116797082629995,6.92620012457856,6.0151868731312454,6.692632331186642,4.008878943632807,5.641942412750768,9.396114398651314,6.924884938506713,5.198330909774813,8.285943252286877,5.376464719099902,8.339144946297987,5.713364755871935,4.4084024667785,6.1018675690261235,8.371177702300832,6.690379372447295,3.733046992444667,5.307227881990394,9.020733902559734,7.952843438592606,6.381032010146235,5.563967261856675,9.065735952658413,7.872555361886895,5.818212102360784,9.071390025295413,3.9670074809619154,7.309087179831408,10.429712653848043,5.816812004542138,5.587913724632323,4.818857555985456,5.954022398031159,5.417726040407812,6.823328386948689,6.6806237726099305,5.169683424565249,4.193849036602006,4.333408674675365,3.978072173017424,4.777514221352805,4.998246606957268,11.081168043369596,9.878698932310144,4.3827679946319735,3.442947772378357,8.16418050031023,6.235543132101406,6.581129204683894,7.058264485292878,8.66916107313087,8.798008239937365,4.751797995869965,4.684337183035873,9.976666142792242,5.215327759873607,5.584585714778906,5.254421077239644,7.598611356568216,9.769216249225538,11.151128609418262,7.810462735839234,3.863065552766865,6.536041743208943,9.339023087558493,7.706553242347049,4.963827741784252,4.621227525547306,8.265820667612596,8.383213913853805,4.688074590189187,4.961883749317281,4.347513767283839,5.235120344979129,5.001472301091908,5.734037524153885,7.963341978297743,9.744808542130134
CIV,3.7166513162612063,7.207640432799596,8.647415044260258,7.56127951517558,6.223956927084256,7.934062056314709,8.020347712958632,6.448552756397085,8.474121900494989,1.4999450818443432,2.964922550005568,4.172818729001222,7.006200002554701,8.551247879997204,8.20651768257707,7.2136851331306655,7.6545913798689185,5.94723215073528,4.523997355864119,6.046831949457295,9.500935675522644,5.6650873442386045,6.399184575590125,3.6870058505419316,7.898928494487411,8.15772946674097,7.0943368264142235,7.34983877986253,0.0,1.6139252509394426,3.6566148819356497,4.186570098693307,5.6106135773206045,3.6671293138921732,6.676238201451852,6.529007929156019,8.295691735746281,7.78840235423248,8.171134465339854,6.361677865833581,8.214649405536695,5.143931177452166,5.241629891592116,5.252226841768283,4.946219744680281,7.810890889134693,8.524564793701611,4.134557215424136,8.138980555156044,5.074470965599733,7.892520019388368,5.465227132325883,7.835792857355096,6.19746875855315,3.172327432489066,2.862657205021475,2.658391659747995,3.0479866954687656,4.997673162736067,7.809062295166945,3.163147607429113,3.717690249192899,7.246724625125249,4.862602851326296,7.634561973606745,4.61649842160495,4.691244109390939,7.989945773094938,6.395343467349219,6.049267838299515,8.910395289530356,7.777437453207906,7.8410382209993275,8.613685311563026,6.183753513587918,2.5501796004613353,5.504886725729088,4.692551690617497,8.508856162402692,8.944258618610908,8.807125333748607,7.681977232100507,6.003229920400864,5.431300824099836,7.741002491934158,10.067883195046907,8.30453672514864,5.263132010839255,7.04170099667313,2.505452267948339,7.472395256166852,5.529869496194861,7.388573193438433,2.789590823742233,8.857652497847774,7.994333332883704,5.891575832936322,3.6615475391260577,3.321012840334106,6.749135868511826,4.147125527338332,6.474334468290102,4.577768660890665,4.358513435379849,4.337069879713844,8.380711458308058,8.119157886467475,4.7842212519136,7.536626951758573,7.573288434194948,3.324971699240442,5.850652210028683,5.165243332352229,4.125882631275132,7.716575543794682,7.1011575118799355,4.608845853892686,9.898352094242862,10.30729674261053,7.006689867878303,7.427524428978776,3.606471950656159,7.676487630366078,3.2047049499880864,9.136068957987794,4.469099982187204,2.5077713570954283,5.078544679914197,7.227112168568842,7.011936338170598,7.751157081572813,8.020535646422365,8.455899651535152,5.717571091123687,6.236853918012245,4.723821400512813,1.62198283732757,6.371360144490465,4.645127873676903,7.52750940093669,6.836500427551844,6.115328019603019,7.014413469739362,2.846929292320619,2.6474727281875436,7.371702818091125,7.183745500182743,8.064989368716548,5.018783442601682,5.625498676217146,6.255651283420782,3.232655036753944,6.2119801694975125
CMR,2.9898947523283725,7.064843826048267,8.726949659964593,6.753859976243401,6.190998507089728,7.600443381049334,7.781527453173865,6.548461150011866,8.346531973443385,2.363175745883878,2.947679234848701,4.070590485493476,6.904308300566576,8.781556675064452,8.117559746091576,7.0127456562349195,7.576094250465612,5.802192244720865,3.9116724888186023,5.6775797099635215,9.825860394262197,5.770023273218927,5.7522599199800934,3.324237056753689,7.560153140514547,8.107875074520564,6.761596195532677,7.378501844748057,1.6139252509394426,0.0,3.476696818976278,3.856937028998537,5.031450865971831,3.407284486413274,6.638099502800502,6.4587359598759315,8.268123525446388,7.692873379408758,7.912471223178058,6.62285661835076,8.117998529622268,4.99522644581823,4.774539431474694,4.8241560534144625,4.456558652342844,7.547371446163353,8.303052132869944,4.055317187858647,7.832636794902251,4.902460941526176,7.602299895801466,5.178897818692345,7.529048965075614,6.126656798332473,3.309703242011306,3.085359597786986,2.3397037152696254,2.9040232430665087,4.529919553221108,7.568435612493012,3.1507777875092766,3.563648737676298,7.104156425043126,3.889920036550656,7.474664073287335,4.732575652263033,4.792758062094203,8.078316171083127,5.957080468347353,5.544464683501807,8.568653387761637,7.374154621952491,7.607848678480015,8.361407982493935,6.0241027353339005,2.169455647317302,5.64454741899891,5.395937738038825,8.386618374727227,8.986549153409397,8.30733894862711,7.351769450558553,5.9784577001393755,5.2546651250579455,7.622177396651828,10.033791001157665,8.093757631459013,5.048175579096262,6.958624805982977,2.3731885525620213,7.541085434248768,5.460840057336019,7.260521816159545,2.993851280552686,8.910275674696917,7.741539302891556,5.885984853030277,3.3711534516075856,3.247411619361319,6.8395575285995625,3.394595317501532,6.616297874969271,4.213997631050076,4.561670764923929,4.081350287738379,8.221661905636413,7.954480582524172,4.624394439229347,7.065656015511143,7.495994819311716,2.7457785291531667,5.738442095181144,4.810533072996838,4.191537567036455,7.633442976067748,6.910828073317555,4.512254088570252,8.934135478985446,10.489646072993844,6.720632696862275,7.244667554957932,3.5116267679105198,7.453294785836452,3.844633531869456,9.350688416787365,4.443018476132434,2.6442100418966006,5.0851668131723695,7.11433280779413,6.617109022289567,7.661628567667535,7.932766474452947,8.174679339296317,5.4398436189405865,5.62519071141086,4.959030974373435,2.0331266705517907,6.614588158679064,4.368285915052617,7.221422060243712,6.5530684532541645,5.802514128297602,6.6250561634340235,2.9663880757491183,2.6839839348700827,6.93419073797324,6.865492589818127,7.798760581874412,4.639607545341339,6.04475177876571,5.679788310952589,2.922096029731103,5.351809883648635
COD,3.338240763263885,8.844513327448501,9.60037605311462,8.473406240157413,7.5719581369575355,9.275168217486605,9.2003822289972,8.1313359750121,9.635376535468449,4.231978966893835,2.8594933969237237,6.0266747068856406,8.31524829356036,10.101666805814016,10.017922073304822,8.447967370460892,8.848730856399582,7.504975943129969,5.9321160600706095,7.623763371546018,11.075786387798265,7.293496667229709,6.681201076112635,3.8265273476343538,8.960726792328822,9.590156090572643,8.41611411951834,9.058772620333476,3.6566148819356497,3.476696818976278,0.0,4.444494827509858,7.136973007347847,5.60211336461163,8.220349025028128,8.393156191061886,9.650249599941915,8.979632603536466,9.340552840142289,7.287245897724741,9.450285975993426,6.992517152744945,6.485581302558319,6.874134670970157,6.234427668888417,9.162569872213407,9.669838375432793,5.133575024484737,9.385443921555524,6.4140344335631445,9.164381064413423,6.137622160222016,9.11575622251756,7.4448109100088855,4.918310518195558,3.2084112948653947,4.658506410289923,4.5812089490447185,5.091086845509841,9.24050498677251,5.525845023268759,5.006781733369119,8.527061202159201,5.985789461216578,8.777077703001883,6.58882236932511,6.310548970548303,9.147764188348978,7.436462050464108,6.410848519214471,10.243139032556002,8.95307785548963,9.293529045693186,10.005905536605836,7.598486284220473,4.201181503321926,6.530002314671771,6.472236626901103,9.828414227128995,10.363146235499748,10.117593292636352,7.533839779261451,7.73267013596549,4.873536437596047,8.970191990072953,11.251438239939333,9.60430167631791,6.517605925380275,8.585983789355804,2.657519165547152,9.100440790118794,7.136886276864306,8.706634030322604,3.5639333575794,10.210128720853975,9.313699144108423,6.907254763622693,2.644041342827228,3.649385718533435,8.248326931767519,3.749068821728643,8.002905162718092,4.758199141638568,5.1153873057888095,5.459673149910831,9.527135153162922,9.483500753434855,6.916273963777203,8.95780810172787,8.484448974768071,4.8763813564953935,7.401785220210767,6.592587212059403,5.727592571953438,8.971425917648814,8.512325804715344,6.296103122995392,10.119759510916236,11.48356996103406,8.267825821019303,8.834965340798343,3.643252548854893,8.661549805191925,5.304371429189103,10.459721238562427,4.76821383774165,4.224327684661781,6.782190059450691,8.482839773646571,8.65679116455472,8.753782975138868,9.119550082551447,9.554972294746426,5.972182223851137,7.203742955300435,4.801688506648645,3.4660943312194727,7.99112037761692,5.407958362094601,8.293442729965776,7.974595235324419,7.239984063348501,8.192075850789994,3.767056559298066,3.2541652616282017,8.182696991608339,8.91179429659402,9.729425752840436,6.004548594427089,6.964490522060026,6.833537471788134,2.7124693496369203,5.27977765494859
COG,3.365114809890363,6.449904075702618,7.872268038101863,7.219699352933283,5.060336182330243,7.3276244782285005,7.04390992316005,5.523711233356118,7.486772529143044,5.125152662574419,4.710894455547344,5.74481989269027,6.503099598698967,7.856183515138433,7.4977658543315435,6.127871987767472,7.0552135584918725,5.220872605598632,4.338198785696027,6.091506546894524,8.029382756396645,5.890910275620238,3.933535240711252,4.760428596734133,6.9776885829643165,7.382588259658075,6.121279254485748,7.433479219724524,4.186570098693307,3.856937028998537,4.444494827509858,0.0,5.179695731686503,5.255398644673943,6.147043755147242,6.124978478466467,7.674686875016075,7.100880616273066,7.534694656852642,5.122092163226137,7.214738950308,5.110961096915268,4.439394479694988,5.102976628597244,5.34847401425399,6.986065010069817,7.235401589801482,6.6191399418594,6.876227347270336,4.649742120864792,7.2270702555199,2.923753657855217,7.436511022746757,5.467541041502666,4.895337505675371,4.090299155788668,4.033444672317409,4.803742885673916,3.1296139008839363,6.931721649949772,4.62997401527955,3.690868961203903,6.600960592386064,4.866256956223847,6.818628589681989,5.429100829802855,6.008821554887357,7.056044874280776,5.83074355362477,4.167490248586732,7.924910267233871,7.281233444602795,7.208497690196415,8.354434745342813,5.871083013582745,4.279859901192529,5.770330712459257,6.223353036836675,7.950388077739198,7.905859556893838,8.415462154725098,5.099246785824378,6.592132138979681,3.9780883734575543,6.680568265031543,9.046272148954696,7.2522059273772665,4.722739116243883,7.381962780349525,4.557728934469664,7.344185262799693,5.696952740173173,6.090615428041658,4.964234490613867,8.500107708500188,6.830555424229546,4.913655609738027,4.133034144434509,2.537229211133349,6.382877040407825,5.250730642818776,5.959421668218348,2.379775392011322,7.395619224087081,3.8521149916338118,7.704672737445962,7.05565512004289,5.507618843154027,6.848980137950046,6.354815850973503,5.251790469556302,4.877162185138697,4.757644778551616,5.183109343418871,7.318488032993319,6.51010965611567,4.259800349371434,8.264819427886886,9.96851895757105,6.472180526138532,7.536654939150639,4.128332238421961,6.876912858178398,4.389431994268204,8.628542059974988,5.158620647488298,4.896509983094991,5.061899604103591,6.39835240711628,7.617940843644862,6.69238783108963,7.04189112911556,7.284464221517009,3.323217842749791,6.71937750304193,6.848418140268534,4.313031479021357,6.860815237843347,4.6834981845200785,7.579356659764037,6.831425115435384,4.916591494176492,6.661768188811918,5.1059317513813145,4.906418184552498,6.574007060602384,6.609524372998097,8.18567016047944,5.077477229468342,6.238972615474824,4.3430244473313575,3.600786775459571,6.390537492142027
COL,5.478507751542112,4.012710205165689,6.660155514321076,3.4593300485607426,3.7794531744076774,3.936712461966364,4.022405970982474,4.337716245049698,4.700023191351928,6.564956629613234,6.784013580598508,4.230255727322481,3.688518236917077,6.33785871901458,5.297105252679542,3.696320147009196,4.3598668608491105,4.252056791161016,2.781710996734565,1.767822780053435,8.01669382106012,4.54405080345813,4.699753683421489,7.737017380622486,4.154075938666535,4.647588343539804,2.4066957122766595,4.152254001949566,5.6106135773206045,5.031450865971831,7.136973007347847,5.179695731686503,0.0,5.995079987962154,4.560839287669885,2.910797858064153,5.3128664947165545,4.322875007184547,4.09279181867402,6.45945779354195,4.467347790085626,2.534442213736987,2.385033311280997,2.207926070286579,3.6215314798815,3.095591404913166,4.756998177650732,7.377683477810926,3.8693531679508855,4.192450145502593,3.5034573601921566,4.766696814006537,3.7587737616930585,3.9328365927439313,5.089128457237555,6.695297964682793,5.139048803284293,6.537912190597141,5.395202859207501,3.427992408105463,3.1999646596608,3.1439365155663648,3.86138990044574,5.407949025449376,4.024306264128637,3.629793164285382,4.132882992132171,5.180493311672689,2.5728137801794215,3.9399726874349628,5.135890837465613,4.194197755706056,3.2827674409030365,4.3601165000064634,3.6561046174724003,4.891678913298051,4.928557327411679,6.184296919201524,4.444316443804585,6.2641725482640656,6.7291331568121135,5.805111484133779,4.368637884748054,6.388979187928424,4.1883488828231865,7.007362659271895,4.6015819550277595,2.5720394331062586,5.15557419879725,6.411193340661498,5.300364654205633,2.6833012279218607,3.913299343741266,7.30225434387936,6.3762152571022614,4.534651349242596,4.288101553037285,6.917184174846997,5.576490582102805,4.682979111903997,6.693745526150813,3.8243225865629635,4.818959848080842,8.93513234273723,3.3705613871180633,4.618078068068883,4.396558459259947,3.8997969445893688,3.4147605824974208,6.071184720811717,4.619922468346492,3.1942744810051216,1.8409391849609171,3.4057343406483183,4.189758681262718,3.1950984338026402,2.8053471276754105,8.200961914599047,9.64824401015854,3.158734776036742,3.953351686804734,5.979386753120854,5.6118954875162075,5.771352116788522,6.391295973601069,6.702177399747234,6.661638346771348,3.070575531574596,3.7913499264772472,6.941989222675387,4.558984089347052,4.820475277239611,4.088286305403389,5.565623402275813,6.711098749158982,9.453691559144648,5.937943202499661,4.313941768812242,4.814170726150699,7.898240061360437,5.999426829458329,2.5664403057643117,2.7168695056662497,6.708122803592871,6.549604361207975,3.3209489367747507,2.8894528624391165,4.356065268131746,3.6027407573540673,5.067159776822125,3.792520605472128,5.65515325367357,6.85884590560723
COM,5.090543092584256,6.718136003753251,9.544676447392341,7.613307344970839,6.218811461642369,8.406734362796868,8.18652112766912,7.212250201341944,8.763424998791642,3.352150554433822,4.211753053106517,5.098711907599539,7.16778967235751,9.322837168845998,7.721657517055696,6.896796939687774,7.920403565181909,4.991693286458734,5.214769827815028,6.845560933328583,10.264848166358169,5.621210730053485,6.713853180638433,3.936983855226377,8.473981939898874,8.606211322596009,7.525257334107782,8.54774169220794,3.6671293138921732,3.407284486413274,5.60211336461163,5.255398644673943,5.995079987962154,0.0,6.076776194468481,6.69373674804501,7.942387573866922,8.147453666952218,8.765090574366749,6.795239164241147,8.58630677705881,5.870113676926764,6.018171915791168,5.512002748986145,5.463240904838953,8.101922960267594,8.234892343534499,4.910196683896781,8.153290779485811,4.637258165169722,8.230608281600864,6.371065237135599,8.29258915562078,6.215558137694905,4.448900533840467,4.027560931481564,2.5748660123541747,2.868100057701777,6.15690099194826,7.637896905118619,4.0433893602987006,4.305658333586028,7.114098666996347,4.8263425464635565,7.789233555517884,6.0663778021319805,5.908560704244414,8.438804824069587,6.9577211534651955,7.053500741573925,8.534484969620982,7.945458001194878,8.144462486781903,9.20646917578913,6.772564941311382,3.1912732209357033,5.774572107171143,5.788639611388625,9.091112311984594,9.870802983402692,7.541108934852967,8.618726825133981,5.78383110496934,5.892469454219473,7.743143816402299,9.802821406245792,7.963141373096802,5.788441756490405,6.573043911308518,3.6356409834581362,6.540566572061949,6.694303868613652,7.097444287166517,4.180475954318563,8.752230670763932,7.173427744008177,6.410955645924884,4.427551652707257,4.390163955659953,6.3271247181916745,3.800703689329439,7.412289806558242,5.155001938221914,5.006301791677763,4.561370539723782,8.71112564725891,8.585938180057067,4.423124015865789,7.475795810616375,8.514162613187354,4.146382975976503,6.2307055004296235,6.091735118573253,5.525949819243355,8.135087830398964,7.101101387117346,5.194224570884853,9.403278555629372,11.403928731530517,7.171039281261014,8.232641923967902,4.019057396075214,8.742892315746337,4.9643725431004295,9.659020552405282,4.098002566296225,3.41683879924063,5.5697602779184505,7.238759896485216,5.046124660008491,7.917902388760163,8.018307310440617,8.638403886504815,5.778661020365988,5.55328250857965,5.9394346972361935,3.0445258075674873,7.311756303022279,4.578013860870397,6.997692392189392,5.3352185455334675,6.134368868623544,7.451535858330086,4.431177125627882,3.8403036562726083,7.4404173535363345,7.038985588757456,8.73628980593177,5.574305404220866,6.641991782195395,6.897705326500249,4.71051093872839,6.333486749459051
CPV,7.093532114567404,4.268446839083041,7.870210377092287,6.564486923976021,3.880148356104368,5.919279758494666,5.057562522180845,5.499966397116694,4.921793337819758,7.140183810775268,7.429162129297049,6.88979490874099,3.976877035530962,6.701700742577717,3.987674804809143,3.7690487197794407,5.268397205832131,2.9189639585508775,5.3151921816602465,4.753717953062776,7.835333105360466,4.162060062314454,5.268945588256418,8.490740997741446,6.144613209956167,5.511592750612405,4.670554764055913,6.576193052978673,6.676238201451852,6.638099502800502,8.220349025028128,6.147043755147242,4.560839287669885,6.076776194468481,0.0,3.0354914582594428,4.14192062808592,5.335083727687518,5.992585605665105,4.033818633360678,4.690382514865296,4.349026119709446,5.238820606988379,4.9236590095444415,6.836392431053786,4.487891769902267,4.599496914995869,9.11346387671712,4.659821608385231,3.528675979323513,4.79938298010026,6.167352663472398,5.356554659344575,3.94831773262575,6.879631501507013,7.234535350468747,5.382002559008606,6.7792233105324815,6.3076943407895545,3.824832517564469,4.674846919800964,4.121883986047259,3.877771736014316,7.535040878440984,4.72820650887165,6.514832312828027,6.532630037796245,5.812246281746558,5.833547656291172,6.257284121299519,5.31732771689448,5.327160554892313,5.082664670211778,6.355951978636011,5.752508081821736,6.20030176308914,4.984162679292656,7.266042684203633,6.208506915990909,7.1322502683335935,7.521884864486565,6.859570723151286,5.82577636440112,5.590129247432837,4.231682395884208,5.8943240495175,4.367743662758833,4.049316345967716,5.0983048987410955,7.2324396864112055,3.2714873072958235,5.413390099737541,3.734769350974063,8.18326176907491,5.029419317496017,3.450295558356709,5.147664732573665,7.645591098321011,6.038675656622809,3.651612145879849,7.676431927172239,5.411163317758159,4.880176332866289,9.789109772776733,4.6392230056094474,5.105240518168924,5.687885040410509,4.808252733312375,5.033651080968217,7.5064014185008485,6.933723473755348,3.9039197157066106,4.884525090115221,5.111019107242442,5.426904466342971,4.011832829292707,4.382845441693186,9.805907402677702,10.786474718783804,4.7418798624835565,6.267933937290524,6.187682476469027,7.752542245517646,6.0100750844292214,6.332060573547969,6.429933813917911,7.761931713876565,3.368436332154726,4.13053249653832,5.62310910540675,4.874304679642471,5.095724864912023,4.699541132301218,5.303435050355438,8.651044894899796,10.477279824815383,6.360014399217852,5.536953853735852,6.208663813587037,7.428776921115538,5.412796078301822,3.3550138183365483,5.347465695868781,8.333881563069662,7.812824924444883,4.266207815319713,3.4257456987025994,6.706765753699315,5.86459144988636,6.469739419941413,5.46580500468457,6.77163259245445,8.56180763080761
CRI,7.2152477117478115,3.384233503239089,6.259463242771636,5.2049567058682,2.948896770456198,3.883483269914315,3.1477959170191423,3.855693500151976,3.3211603873869784,7.398212062089443,7.945060756215148,5.579735228460416,2.5773985503320036,4.975596833200019,3.3492233393395967,2.887580564370998,3.9615814462644106,3.276706861924742,4.12569616344942,3.0679569996942924,6.831610960337674,4.072961041242313,5.184975885143175,9.005075390850362,4.293679237787057,3.1900158516484423,2.5360798728762157,4.549644010270493,6.529007929156019,6.4587359598759315,8.393156191061886,6.124978478466467,2.910797858064153,6.69373674804501,3.0354914582594428,0.0,3.3731976163565287,3.4416183167321464,3.7517087177715784,5.450423680959347,2.938747369506957,2.570575504637712,4.110587812064024,3.1872488810786557,5.413787179077936,2.511635294335715,3.428262867832241,8.976972796454763,2.9750171075577527,3.935872793963234,2.8465631959931943,5.593802043973814,3.274545249237867,3.375678035091071,6.236503503158105,7.756914404943168,5.9588622719538655,7.456148246642576,6.158480766286401,2.2563489016331144,3.847408485351679,3.728835499522849,2.6742246096618643,7.173164322531482,3.1881483579229384,4.8092284951306405,5.388546933420498,4.039754466035616,4.1908225890288735,5.2520963490578865,4.106864001879032,3.7865573537938766,2.757484861326147,4.020106228703965,3.9987055807768925,6.127684051351328,4.602828373126736,6.373426842584128,3.9161551849015486,5.391804189079128,7.165677228373097,6.525973541477005,4.491936333142186,6.767230101154636,2.8077866113571224,5.31935104068312,3.295109309120169,3.2345378372267968,4.39276340585837,7.5840810048992795,3.5303831634530973,3.209253139888113,2.8887832910810265,8.515915538976929,4.514641984182365,3.216441649626074,4.390192621423475,8.19583660949775,6.511632948677536,3.2247308948358384,8.183881130638001,3.4591051330490656,5.406404982699408,10.130336756031122,4.069350296006545,3.5584949484904507,3.61593034961713,4.712136271795621,3.2344486274540256,6.0912639952898155,6.448223280032262,2.141661877752459,3.1296107825712505,3.9109324298175765,3.5228174068039335,2.1970100964893255,3.204260436112902,9.297973771968802,9.414087108295883,2.8925436379253657,4.325847937272595,6.929547830317576,6.188867640593316,6.023315109589359,4.817126581603302,7.126321604933803,7.826493299558599,2.4625168956441774,2.87792582156488,6.870191874945477,3.4159301678775456,3.616893164242106,3.0338561348084325,5.849287695552711,8.406069556513536,10.692412254117126,6.700708946308855,3.7791360406844112,5.816525530998531,7.87339619852981,5.687820977113727,2.6991436199273156,3.8205088869766928,8.081439708049107,7.813290313475624,3.638325981162072,1.9255274509789013,4.471526617326185,4.835859314362018,5.172110461565099,4.818348968494269,6.6989632545040605,8.552261383092976
CYP,8.872888966567672,5.1342617948550755,5.856887255496173,6.422745663630082,3.798447008383776,4.257447029013843,2.82722299234635,5.686693121225005,2.3118311745639297,9.118036682098838,9.426731837818725,7.816209677089868,2.825181929435462,4.9975931247588665,2.8414688836966384,3.646466183780251,4.470386259704913,3.8423471519168566,5.731871314002005,5.4648107761717375,7.507449468077237,5.522288508560017,5.990800146276847,10.463759236031894,4.4783389089151004,2.9564398059561716,4.316247507115704,6.618822543898391,8.295691735746281,8.268123525446388,9.650249599941915,7.674686875016075,5.3128664947165545,7.942387573866922,4.14192062808592,3.3731976163565287,0.0,3.1998457884992892,3.9278520122842715,6.327085849578034,2.724899117818047,4.78699697303395,6.370521321290482,4.932865486780938,7.080667624455821,3.544598731843457,2.3202289780394274,10.913300659024731,3.157688347622176,4.703951772543977,3.4476598757244408,7.218418199314728,3.4358879462415293,3.9622889036245024,7.93147648990461,9.244253811088264,7.7250925946485625,9.081326808574733,7.221236757777048,2.723269616531802,5.824385306159435,5.332093292881297,2.5899512165023517,9.23888749553773,3.084186208275053,7.072300443129257,7.4223505331037005,3.3487377270380394,5.7766710482016235,6.704843017960107,3.367116637057968,3.641811231152359,3.820100562123261,4.7757293736007975,4.863940297882494,7.736482810531043,5.34295480276488,7.786831579702236,4.385134547311024,6.078733145370343,7.266331862389081,7.542987242841839,6.146815958202157,7.625990601024694,2.3446897157632973,2.6790307887819753,2.958499567491382,5.217227117115601,4.8946561021167785,9.068062790419551,2.5580817887702167,4.937697855531777,3.593048306934851,10.126283880248513,2.6859396010505026,2.734384669436564,5.1402085142575,9.441812006312107,7.9922321613195395,3.3572105384799173,9.45951248220078,4.569825589028456,6.569967560736288,11.66003507013462,5.563143033702631,2.6710186312517172,4.109955411592615,7.024658010082535,3.5527060351402096,6.438555198888513,8.443938681915567,3.5783593940369354,5.391555884841499,5.677707599007844,3.7927316369029365,2.6752993972613472,5.304979617973996,9.706522633822397,9.412016564118979,3.6482946685259647,5.41276343810045,8.367027022637322,6.744720227431091,7.928127662720194,3.502134066065812,7.939128278825299,9.639600628698206,4.32528230211166,3.3722485825062787,7.168408404212547,3.0421822490628903,2.9287926761791145,3.0204289416238157,7.011802098100912,9.702059837105688,12.04862465982012,8.190242805510815,4.851479865683327,7.359414191356841,8.213825212783513,5.989359953235808,4.309428549782614,5.282293680549263,9.73664311338061,9.416169426539064,4.437827882724446,3.833375561660378,5.24481146467068,6.14201497210406,6.298591037828901,5.958313225394231,8.0070914143156,9.528795438317458
CZE,8.223939808650497,4.516041386227277,4.968796533404332,5.1457449581786,4.114114342389886,2.970740435452559,1.4198725280616218,4.213485099436246,2.132397471772412,8.810458862198912,8.892755140827562,6.80098658505705,1.8703549886549906,3.6182201189186496,4.537938570680271,3.066254831750472,2.405283398695591,4.645552248111268,4.376941905478092,4.327946358207999,6.491729220691019,4.9605330791813875,5.847528809876522,10.208545252064624,3.5038136224573795,2.58924087883013,2.8295369681405154,4.823308994530716,7.78840235423248,7.692873379408758,8.979632603536466,7.100880616273066,4.322875007184547,8.147453666952218,5.335083727687518,3.4416183167321464,3.1998457884992892,0.0,1.9018916617279278,7.4185848453781205,1.865030466060234,3.9612309973753863,5.09798419969329,3.645385675244427,5.966444528397129,3.0925536544249557,2.186024360608769,10.217689640825009,2.2497246034258556,4.759754237534204,2.8446081039143407,6.296186749439231,2.7976190384556867,4.351066011631892,7.118257585380885,8.76650455885216,7.801873330335302,8.76765546468751,6.443619124517346,2.73199872875414,5.308075669281359,4.756516862324787,2.045998233594431,8.673709387097883,1.4352298679176898,5.436818705088577,6.275598273421903,2.5706496750391588,4.105081897725614,5.346888939651046,2.891700748284914,3.2662648703460304,2.441298059768155,3.003141629325864,3.5843778191773974,7.427252591572435,4.972758777605694,6.530063537125498,1.9241577219402894,4.466560176048132,7.757902514452522,5.89914502270148,5.345373692223678,7.523992419581215,1.8996851015639642,4.6420827151688355,2.594279214952098,4.379176889864396,4.36022635426779,8.610619636872729,4.295521869025222,3.243995378589572,3.114652718786909,9.566571366192678,4.707040293958324,3.668617978666385,3.8336910727247817,9.043599629627293,7.597125997343518,3.76727588525398,9.107812801646082,2.900216204082724,6.479990745443206,11.137691677906796,4.679638233941473,2.172623113246906,2.118887010013203,6.844014400073008,2.968783425366393,5.243996404477685,7.761208857398798,3.577878058437358,3.862797554727678,4.655295541678656,1.5820938313061113,2.430756463175312,4.305213883818057,9.587928057439502,8.590717367093696,2.310198872979479,3.308791473082947,8.29077521497742,5.353001004531699,7.437840677784149,3.8110446182717768,7.63626277208085,9.13211457404591,3.546221695427232,2.406651280954911,8.742052045484465,1.784237882863506,1.4746084094270246,2.318954855015451,6.949588186915969,9.581821045925992,11.47262489321566,7.825123589195269,3.11621623574111,6.507214914502139,8.389230430130347,5.727379212130796,3.9999972943498663,4.028946236750796,8.803204809701485,8.833107862443663,3.6229857140501607,3.577899528621421,4.441042528575875,4.860267606438141,4.858744577384917,5.571154280194663,7.531221366843275,8.916764874398936
DEU,8.45720233833283,5.257258972597171,5.445482573948209,4.770170062786718,4.910737113985325,2.3580253612008764,1.800317585411594,4.766492703440224,2.226679037467998,9.254159871784735,9.394882848496739,6.937458199994772,2.729546865511675,4.418808013873066,4.7871983429487655,3.8744374762150287,3.5300012739154503,5.577970432776645,4.599688334184404,3.78993098045147,7.145068858482971,6.0508775966262665,5.876348116306233,10.642010450225998,3.040860695164302,2.7326725243849013,2.8658728746059317,4.395413313382029,8.171134465339854,7.912471223178058,9.340552840142289,7.534694656852642,4.09279181867402,8.765090574366749,5.992585605665105,3.7517087177715784,3.9278520122842715,1.9018916617279278,0.0,7.98216075724316,2.3340556051862626,4.21214237133103,5.160853588000802,3.923649720896865,6.088170541026993,2.6908640026409665,3.0985438977189803,10.50703135795223,2.397642089109491,5.633875515509597,1.9643810797707075,6.8012085423726045,1.6565944191780688,4.999170797612718,7.645678420583351,9.393879943744585,8.251352017854892,9.328422362390203,6.825389008787313,2.8541859587526632,5.678850067294789,5.415469009977743,2.9839705783553616,8.73733752529835,2.4475446171737585,5.583744774086104,6.331384375436229,3.6566828868116166,4.159954093050378,5.42524514668136,3.471344154336389,2.8131520994464116,1.9530935900981568,1.839981941510617,3.8697975050574245,7.648156391233818,5.906240805058353,7.535655057770492,1.891697140750688,4.687497257529802,7.72212584412422,6.429204202547896,5.821097434574759,8.160755955831245,2.921702672757488,5.128507251094428,3.3808023480793024,4.805672101100677,5.076512099261882,9.056428198819422,5.307282295763614,3.227023105380985,4.1868840106265415,10.047295959272715,5.277115991170067,4.406009165971421,4.915465435332835,9.496233584860272,8.214447232021426,4.852973601594953,9.481871180574817,3.6294931881085333,7.00669788275147,11.588401631176337,5.481879396100188,2.1879863267592676,2.4803878717195635,7.0658685844098645,2.753280658725389,5.661513737507865,7.8238509650402035,3.941329737409051,4.005641830927718,4.879602307914273,2.1255501653484012,2.8499213852915712,4.980827549943507,9.297564950129866,8.872416163648587,2.6007095435137173,2.967116407951833,8.798875985014615,5.290015706922847,7.905956405829709,4.4489086846775034,8.552555516158348,9.642592297410944,4.222717343256559,3.2754235613347746,9.025540888773252,2.9352203711362175,3.0135431678008344,2.2221492499336613,7.544128585619701,9.787218388461461,11.95262917514577,8.391839007603421,3.8333859356568247,7.173271075157749,8.711843575152919,6.829015482411665,4.431937764013188,3.8942550218821235,9.219396929803906,9.234422295535273,3.664091517008638,3.7148332881971466,3.198122770135298,5.2994276898321555,5.74114236974057,5.254524662499388,7.866303676261334,9.185539629556423
DJI,6.7276545988927,6.555167974006974,8.992094608777663,8.635493118971015,5.240846889234385,8.108152458060857,7.176867826271949,6.701689834124543,6.862959034909438,6.9565090437734325,7.00734007025594,7.889348912769853,6.2443511199493615,8.11603578782432,6.021606044200551,6.116185645028087,7.517803661027491,4.731422883578769,6.55541071089436,6.714874048110038,8.51943675323945,6.2305923461998916,5.181753198583386,7.677230855537667,7.952698270775214,7.2351017938610935,6.801116742600158,8.222236415117345,6.361677865833581,6.62285661835076,7.287245897724741,5.122092163226137,6.45945779354195,6.795239164241147,4.033818633360678,5.450423680959347,6.327085849578034,7.4185848453781205,7.98216075724316,0.0,6.821180113417109,5.848623557464774,6.6169474158848045,6.586885060130558,7.867063387501352,6.7934941169141085,6.8188977346041195,9.367820561427742,7.018987101274045,4.877292750402063,6.965574199351969,6.067752143961568,7.448871807824783,5.651592435651589,7.206436639580914,6.549398894450099,5.446616602064645,6.939100816792787,5.861507842533924,6.400791419222212,5.743214344422922,5.065688276241305,6.406449959600261,7.556732052911943,6.808366361695232,7.619767220769776,7.579202919769289,7.225963132173058,7.619688186838715,6.668022739934721,7.915689654995502,7.562677759607634,7.352616291257321,8.600690488134061,7.304247938773549,6.358379997296486,6.304644787553254,7.928487536257017,8.40615728392253,8.44803422818529,8.941013659752505,7.172280977562774,7.552870798483872,4.702037885221812,6.398987879460195,7.535390968306842,6.707737480752004,5.4551851933709345,7.158346008643939,6.904765339912215,5.8567377422824585,6.795613365694128,5.910031479794942,7.7328426864836945,6.969076006419213,6.071109408227827,6.3844933721653385,6.956144151210718,5.531563832708496,5.507639785647166,7.789288547234331,6.864579111993896,4.183337170645385,9.805891331864059,5.750677088720557,7.23164354681839,7.804576184076045,5.936636166799224,7.432541951366661,8.387098252222367,7.448758042030822,5.064932725202837,6.477162572061767,6.101448936351405,7.575534122198383,6.3651091859108915,5.803257055578876,9.918090724084156,11.627613846546152,6.790929195686587,8.387919903748326,5.960291560605955,9.019866442488967,5.780484035336819,7.811473177578943,6.912839114231256,7.473489894250881,5.158729669583689,6.2906154098233396,6.592543649081752,6.628371153358924,7.210981468289847,6.982712998310958,4.637968788808367,9.153231569152068,9.895321947478608,6.278582255036412,7.2463734515105145,7.211214540497587,7.728149852984238,7.449776592420943,5.006429003790907,7.378198788685893,8.445623491539024,7.790522695400665,6.600156206414466,6.254461209553337,8.62460510340635,7.310888898961293,7.504553416215032,5.517789336790201,6.192130657301819,8.783858821877976
DNK,8.436813261045547,4.554482596395667,5.239925699826401,5.584196619410677,3.9100249676232415,3.0752669859775925,1.726954360801703,4.399012838097635,1.3624645244899467,9.210576016840486,9.418320292353608,7.469163605675027,2.1171471200159306,3.703905571884593,3.7861058123921962,3.171199760606167,3.162408755172639,4.650170308760924,5.02714525338363,4.331916430803557,6.251311344081805,5.268865453503141,5.658630807981028,10.651431602121344,3.509762068590279,2.2050845663832352,2.763133263383562,5.208938190932706,8.214649405536695,8.117998529622268,9.450285975993426,7.214738950308,4.467347790085626,8.58630677705881,4.690382514865296,2.938747369506957,2.724899117818047,1.865030466060234,2.3340556051862626,6.821180113417109,0.0,4.035739991840739,5.240782582462078,4.425139783155334,6.67639563592635,2.5752852140259512,2.102337352568686,10.831174909006144,1.8410675060594124,4.926290073273336,2.4172650913189715,6.245282616830333,2.59175513175293,4.084817250600712,7.714099869787284,9.216572145965278,7.965037274698343,9.15780313052949,6.595310085007006,2.3110824752236083,5.787454702652639,5.198483336636106,2.191084077984052,9.120412515315616,2.0801984164608025,6.102516435584327,6.891424111249576,2.8439615667728484,4.663895572080209,5.604659960729569,2.758949478111601,3.0126198708834315,2.611208815855736,3.361575144069729,4.103755381607119,7.894378836791449,5.292625702048095,7.446425182914666,2.6706927770956,4.4935711661801605,7.836211129292897,6.0100559336469725,6.044175959102236,7.590695777382759,1.7732659949509537,3.982091645663197,2.5954026425331325,4.547446052347886,5.0203879923999475,9.17962654514409,4.284476140406611,3.917326586053481,3.1101194051392222,10.063604738928916,3.989418497340515,3.22295340967502,4.345774172994392,9.511019990750807,7.753066579666259,3.9994494721061096,9.697528927260194,3.3697653741192517,6.43890331197868,11.753994042245377,5.22309266313138,1.7649074156790234,2.048552600207823,7.048690631538495,2.996900080224614,5.466187057618643,8.31024472149825,3.3677234371270846,4.151666811789029,5.232605842438783,2.576519820892957,2.487316031698126,4.5407113478712375,9.796852810444934,8.787285952930354,2.9525575755901734,4.0036363586775,8.531985688291824,5.582299620209687,7.60969767554372,3.5476865351207043,8.221508898921394,9.688892242172045,3.853740020761919,2.651139315167271,8.600376618468754,2.2571119102503228,2.1610820929808354,1.3670176601520927,6.90408070258163,10.03089865201903,12.080557184343213,8.278654538017575,4.066527471846242,7.037435775466891,8.79115550570958,6.358901987904818,3.966698035342833,4.282905082470576,9.455688029122268,9.41220046235305,3.7041596562602184,3.0568900132231027,4.51567104245096,5.451504538207713,5.75185876485678,5.485759682247263,7.974243490630488,9.514381234307317
DOM,5.813696105966522,3.676398733756319,6.2807728402346905,4.402563446249739,3.3925390803937376,4.253650496571287,4.011980724626487,3.492314101498681,4.54784715919704,6.158966604528195,6.731474504469656,4.249810517269513,3.0033538149452315,5.111325681164073,4.480889533165314,3.292593607130404,3.9094197215440474,3.6869891233149015,2.85012716772732,2.7191179308881,7.0860341158608735,3.63437517602712,4.971253273843368,7.790891613597487,4.560881949176368,4.293237234766411,2.753385582942766,4.437725032248512,5.143931177452166,4.99522644581823,6.992517152744945,5.110961096915268,2.534442213736987,5.870113676926764,4.349026119709446,2.570575504637712,4.78699697303395,3.9612309973753863,4.21214237133103,5.848623557464774,4.035739991840739,0.0,2.919102462820841,2.636025110252889,3.647568947848685,3.794532026501066,4.589348620691534,7.582546345131312,4.196845620008797,3.4093526376861227,3.950443795306004,4.326871819797517,4.014779307752749,3.380789433550329,4.500522065669,6.494285420765196,5.012065183730262,6.5064477514958,4.8881866844609005,3.718618440447674,2.9934465989168415,3.084130150903426,3.3870635347868348,6.009010565855758,3.6998485417896605,3.2914269357723605,4.191808088880155,4.500770715329332,2.9964655499813038,4.234253644042274,4.969591807849255,4.336560802398203,3.7513574544622244,4.660318137707368,2.5789716532392086,5.025171528142893,3.6749717198357184,5.194326634573026,4.345373447925941,5.792211970080174,7.134960166366723,5.8212648182644955,4.002304585767926,6.073554002807864,3.8080577847298667,6.729938396026331,4.397158851020501,2.6716423870215222,4.269519680813329,6.457076620875627,4.78825492555875,2.337915329434395,3.6372155335842833,7.198163248282875,5.897616472009901,4.321984224385254,3.2687360966157044,7.19807300675672,5.4904455526728935,3.540330751638909,7.213616639070112,3.0788429503815813,4.687350742695757,8.771056778682603,3.3502673872703075,4.583627088455427,4.231559996428461,4.269353213225163,3.8874987772107557,5.735817288424225,4.907491522964511,2.586500728596443,2.0867852059640595,2.8074068796519445,3.7739039724942844,3.364399723564446,2.078212489655616,9.150236687563012,9.2831788434797,2.9141707272507897,3.5849761887068565,6.140293498698957,5.699884870418639,5.410023697911881,5.731705221995922,6.631516341420436,6.411870027699731,2.648535547341327,3.0978651413962033,7.157311610653284,3.8511976652319877,4.287235061306198,4.363319718385144,5.248471250848997,7.5387030729298266,9.354971261932487,5.504418021128499,3.7328004425670835,4.395686932178086,8.157438045432194,5.356658935306019,3.0414455912011658,3.1717550765867495,6.696029117036057,6.63871490259592,4.006131306216311,2.9564028582118014,4.447841375561487,3.1451782329444633,4.076321245465082,4.0797676353992705,5.509137118689065,6.967324191539458
DZA,4.706157231175073,4.560941397846091,6.695116880629473,4.681165040025281,4.172004747471882,4.684903553991158,5.004320458112073,3.99432753277572,5.6453638653943425,6.184119756996021,6.157614354188423,4.330286178853597,4.5326051678603765,6.324652142628778,6.337368685384756,4.153592506444165,4.854921822989043,4.713731877430901,3.1097878679244717,2.9139805793148836,7.29042338885043,4.240310867824387,4.78578759179247,7.256435762421826,4.7199172162351495,5.76728660067631,3.517950173514774,4.370536902800638,5.241629891592116,4.774539431474694,6.485581302558319,4.439394479694988,2.385033311280997,6.018171915791168,5.238820606988379,4.110587812064024,6.370521321290482,5.09798419969329,5.160853588000802,6.6169474158848045,5.240782582462078,2.919102462820841,0.0,3.221404006734813,3.694181890918951,4.369970070165899,5.745074906491665,7.001968982280314,4.775634283811721,4.458330024757351,4.7824430921595065,3.849299215213541,5.116506127850911,4.261232104110363,4.9443844499042555,5.944613778959731,5.13479431391271,6.10871033698453,4.642669555983282,4.709507652581163,3.809134463386652,3.28464191328582,4.622457973532695,5.758211791423648,4.9313648458597585,3.2707732285364854,3.899776416858887,5.6891999221891645,2.643119445001408,2.818633564193568,5.99421260732172,5.144985202626866,4.560314779192419,5.62682954771269,3.5910174005439246,5.017722688316232,4.745953771043353,5.7796665737658905,5.311872709963446,6.062563494533636,7.753075976947432,4.903072984637968,5.070841075543088,5.866007070534198,5.100659347701996,8.00224904636251,5.666357223793908,2.3975843899348193,5.962670239904467,6.0662077406107295,6.107606788814901,3.3892677553305206,4.511592614540966,6.488878478190222,7.426630195626243,5.479226696484312,3.5320493590685746,6.307325796877905,4.647185033976515,5.264458148063842,6.500828442588937,3.8283831845424614,4.369421796459822,8.328078282665683,3.6987183059924607,5.641166511212898,4.856058545839874,4.542358159759356,4.572753981468507,5.422503574095812,4.489986640153214,3.9972250678722716,2.4237581283207565,3.9063520767631967,4.980177681862975,4.406863178218165,2.592220088969741,8.69637860210216,9.259546546901687,4.241345163731001,4.532525803417692,5.4722575688209885,5.080402276797134,5.072520413574546,7.254939099958449,6.308103448841601,6.3738111470142105,3.7506966546634213,4.406577249891498,7.974049871577849,5.135192256723031,5.407300070752497,5.152185852021954,5.043525584159145,7.060492643162126,8.696840215867486,5.576250930665101,4.739427511966147,4.090392068212333,8.150280602894481,6.125709745236245,3.0611184984442894,3.6045063674915085,6.099561586025947,6.1313597153108335,4.140751457177227,4.198273816097091,5.4886770274755,2.9373486217882654,4.758016786343259,3.998345799150206,5.452780622379544,6.872221284854494
ECU,5.88009777234375,4.11043143707226,6.1413742561967695,4.103099203074059,3.8187545382108317,4.029055427756573,3.6189549877061506,3.9490618808471316,4.547240025371719,6.247911107395,6.409509935133836,4.157969090294875,3.3983081344386235,5.515001818542743,5.307829107078105,3.635650598236633,4.087706843824267,3.7355828913932188,1.907676576238046,3.0956596639192386,7.50343144139313,4.109422024803426,4.74859435446211,7.386975248670972,4.366015729098697,4.366827267596056,3.041389315743362,4.582523129238915,5.252226841768283,4.8241560534144625,6.874134670970157,5.102976628597244,2.207926070286579,5.512002748986145,4.9236590095444415,3.1872488810786557,4.932865486780938,3.645385675244427,3.923649720896865,6.586885060130558,4.425139783155334,2.636025110252889,3.221404006734813,0.0,3.641473643616364,3.919121867112319,4.370460071702826,7.4093787479459206,3.8983423615639023,3.6599034193766635,3.9258384256302157,4.955128453785682,3.967247595182068,4.361292291366525,4.750909146473931,6.328990208521203,5.13462309084139,6.123150922697375,4.996315775216513,3.7772129705788626,2.691571277256504,2.6175633930508098,3.5781818497115805,5.443123577014231,3.5326876244903618,3.580401980981947,4.345120031452187,4.545220766056432,3.1813852274764787,3.9364039094961623,4.692679806513896,4.209382650835346,3.479857388216144,4.394187899721645,3.511326962981572,4.814973286860634,4.604449270872401,5.036432640225932,4.223682255564589,5.5947683915850215,6.63991630999603,5.855540574187149,4.073434051325766,6.305478186094006,3.967310552596889,6.7014763972873155,4.254848175964088,2.7801066867456865,4.19470364669167,5.986965221261107,4.691963563112192,2.1677323134961433,3.8261607561086133,6.92022215545973,6.189405070885895,4.610401023008436,3.7546316708253564,6.575767934606028,5.526948310958837,4.09701390591813,6.38965026737801,3.4676187311438342,4.84104843307725,8.518855760868167,2.783289914135665,4.466704484187431,4.133250651727393,4.371574546562465,3.319341156109283,5.4472674115340745,4.7439413200266145,2.9952233848076584,2.2294454233372774,3.061208729046572,3.775870147787788,3.1229792558105363,2.6383404907519017,7.751108395320612,9.028205781790549,2.822386925550456,4.128936477023483,6.088594124761162,5.480455471448588,5.369903487215224,6.078078725452323,5.767570321645511,6.264246441088866,2.462031020918893,3.6524651388719214,6.995142502877975,3.931623969635885,4.0665159920398795,4.312420584241185,5.5746694422102,6.938873201885393,8.945061582996509,5.435710935757105,3.3389508539341177,4.686799866499345,6.800953422541331,4.94213612762285,2.922338385623094,3.636647626676537,6.2847685545016185,6.25418709701604,3.8940506560633623,3.5605483414827974,4.849929954649135,3.528395053550842,4.274784488688559,4.439446044423479,5.3653130301911105,6.8804968926289005
EGY,5.040687008383627,5.41617200640455,7.286513378157998,4.56139300589674,4.882934964824529,6.024146076101732,6.007174894492049,5.46787875029815,6.929125291565888,5.963094299337668,6.184463796237376,2.720103883663369,5.476739737692294,7.652988894977634,7.1803216269448225,5.345386437641463,5.691865495119398,5.420132276408065,3.694514533565535,4.490056125746418,9.425493050597913,5.2917527191840215,6.325253050600338,6.813984195294883,5.928991648456308,6.377940991777053,4.811750230879896,5.778919279007683,4.946219744680281,4.456558652342844,6.234427668888417,5.34847401425399,3.6215314798815,5.463240904838953,6.836392431053786,5.413787179077936,7.080667624455821,5.966444528397129,6.088170541026993,7.867063387501352,6.67639563592635,3.647568947848685,3.694181890918951,3.641473643616364,0.0,5.749558794509567,6.703018348225042,5.753840396037085,6.345831459844872,5.12941122095728,6.091841849250839,4.899213254009496,5.975598761092288,4.811520197689117,3.264907493583943,5.933213842820646,5.178129101050768,6.4896853682215285,5.892076081122292,5.939791706609696,3.7985939819255976,3.937351874890473,5.662741214295048,4.822187173257166,5.724914353867446,3.0676185084563863,3.5568446946617436,6.092591550387591,3.280261260523398,4.6570646933930435,7.271698269325093,6.3079742179678355,5.638903527786656,6.600370652876141,3.7162289249554847,4.340791376075963,4.682805626172064,5.027468311941303,6.223024775578158,8.196982015902497,7.130159352130595,6.946433643130115,4.009419810820188,6.928492751821928,6.00562407109201,8.847765558965824,6.611780194065191,4.0196235285478235,6.034289108472875,5.770027979400576,6.765134101883588,3.828836525706623,5.5610693063495695,6.37618107062504,8.153494089749831,6.3693269853887875,4.682235583744807,6.394655627264916,5.540255637678954,5.647042882252061,6.0959845823715995,4.813864803629764,5.472405943506776,7.745995257353754,3.868103645998116,6.841086080393994,6.417546912792236,4.645398656903799,5.696424105726565,6.79850427893814,3.30132240888738,4.901374561844004,3.633702582528555,4.014374321657289,5.722858961568134,5.220809360775514,3.520723237730693,8.859011383951126,10.14920017906612,4.683687883659619,5.177932790453131,5.684395286777264,6.460013447377901,6.379899798148849,7.698088538241955,6.802276765636612,5.4213667450991725,5.005012302598096,5.309035736483422,7.846691174108953,5.950110334458408,6.240702209427351,6.655271902125583,5.945101123607345,5.525534767626008,8.138873429832287,5.496564677631406,5.414501498083205,3.5416294950821854,9.184754319300765,6.360236221243164,4.679092019432859,4.235112577644208,5.473901152777926,5.520714055453604,5.6961436370495,5.632440775156418,5.919439824801364,2.943214615770892,4.293237471438065,5.016275643874442,5.06784704533634,5.359657776648668
ESP,7.777826732371302,4.481543662701669,5.75264861665687,4.732357071985998,3.664799558908192,2.711668583067758,2.406232542602686,4.770789421238671,2.522159912805142,8.78421468291581,8.968068343572105,6.452091445166188,2.9162302621106595,5.41700746135365,4.192138778194634,3.2402691635116936,3.928287715629028,4.645953916914032,4.82404990405878,3.1056125885318213,7.413900810395405,5.366688400047947,5.505797972601536,10.157074577184305,2.9712846262479395,2.9581656591096546,2.204251654186095,4.176432657530853,7.810890889134693,7.547371446163353,9.162569872213407,6.986065010069817,3.095591404913166,8.101922960267594,4.487891769902267,2.511635294335715,3.544598731843457,3.0925536544249557,2.6908640026409665,6.7934941169141085,2.5752852140259512,3.794532026501066,4.369970070165899,3.919121867112319,5.749558794509567,0.0,3.162862716477986,9.861102982750584,2.152167214807322,5.270169744705467,1.6514236643661464,6.3419894416015286,2.1685263074508563,3.7410733233269156,7.3030703360374245,8.881615916995994,7.371879051398188,8.834506435219831,6.875048818565979,1.7033075659153565,5.142164015601978,4.803460620028804,2.84808799084673,8.124485177965296,3.0487314242308288,5.456534283820459,5.8282804110656175,3.834333296979823,3.7605626949412003,5.198135723928091,3.9938846472378846,3.1961047874874335,1.704897366212048,3.143353643703923,3.968429068102839,7.096143563811131,5.501828671637688,7.644069290944586,3.047077533765206,5.4621639867284335,7.462488153750288,6.4096270182798225,5.445953126585045,7.613513742552501,2.7315616303949315,4.924557495431783,3.4785265951650426,3.868519304128902,5.609010122064678,8.650484268364828,4.454614850643939,3.5815060575402606,3.3274156190046362,9.600182413637402,4.746799920408684,3.5390021303460153,4.847757610787358,9.015803456788113,7.449582576719399,4.441281668027466,8.960944753420224,3.5926637975024858,6.189644449296422,11.27306312518988,5.072654256664553,2.7323116101006253,3.185580999650998,6.003327782926477,2.6941067991886087,5.983139692253161,7.218831379460948,3.237300651015671,3.6767981357524704,4.826529183254234,3.1471113869602547,1.8530421577445597,4.4236208597292395,9.352324791316855,9.292262559996045,2.8150623635852026,3.7912728437884313,7.821688482077006,5.524029578766268,7.372343337673511,4.525449499356795,8.27578442197944,9.183122391382891,3.95446742045284,3.0996319573712623,7.920683566481825,3.4659006331192375,3.5607605986563975,2.0164529138323517,6.7344462481161145,8.835814591105585,11.695423900855934,8.03848222317677,4.331526774940295,6.680975326305215,8.845979077488488,6.909989807310751,3.168506075612701,3.287996536213159,9.016132339598666,8.809685233000126,3.0286958933204855,2.733426310426079,3.515838446159238,5.110356385942508,5.834367828129098,4.634676297608081,7.568526555476436,8.928779127936437
EST,8.660474263431203,4.336527593560404,5.8535451642082315,5.571659039591043,3.8767395002647866,3.799751142555986,1.7488535917474826,4.9128595273691404,2.0480662464454453,9.45842642941228,9.469016012903761,7.708437144621902,2.2931300824799212,4.622602591934752,3.482263498347478,2.7033926901009413,3.2678190358404997,3.9986831517880117,5.0942321162124635,5.062187657362816,6.835900690552706,5.344564886755341,5.428131670130985,10.500475663693246,4.130704708471368,2.925392900132329,3.3277856366744616,6.0235511630967435,8.524564793701611,8.303052132869944,9.669838375432793,7.235401589801482,4.756998177650732,8.234892343534499,4.599496914995869,3.428262867832241,2.3202289780394274,2.186024360608769,3.0985438977189803,6.8188977346041195,2.102337352568686,4.589348620691534,5.745074906491665,4.370460071702826,6.703018348225042,3.162862716477986,0.0,10.972330957424303,1.9137764156003085,4.616836703751789,3.105305586792421,6.49926435885309,3.3651860876454056,4.2297069104271845,7.896908302632723,9.259644016094501,7.9572791561897,9.158507787551335,6.746422753438275,2.189502075497302,5.9961601428703855,5.243945509485427,2.100758751176376,8.794020998627833,1.8740493318089377,6.649892225378138,7.3258089383227665,3.1381296701890693,4.9788771887409995,5.8454657462448045,2.379254668260454,3.61556064025173,3.0296545859186756,4.086182532486958,4.487664337722725,7.862734848605439,5.514339230484015,7.695831202258452,3.397242255826973,5.351506451428255,7.319382378511671,6.22348854135828,5.884018561267975,7.390675222156126,1.3339917896447324,3.617355632893115,1.502971050486037,4.819089234532971,4.583928614722476,9.183918868141692,3.6280355372596786,4.5794904624055635,2.4382458576677335,10.206425532806783,4.237930137784522,2.2265585940886763,4.518862064982714,9.452126554954093,7.935315419789008,3.469307911428318,9.469376662557519,4.104647998046452,6.370894808546025,11.929227625995898,5.153779326182325,2.539592606434741,3.012898980377734,6.9668201765140685,3.0967401600481197,6.0721799627320046,8.42131340357003,3.6112476872205694,4.783300153967215,5.6823153527269294,2.9501152772667316,2.5000811549116153,4.90214975478771,9.093628941566507,9.505425902512737,2.797602572300202,4.685244226195338,8.532611264575397,6.356517433162686,8.10096974648103,4.1428996611512074,8.025518715183283,9.682912688324741,4.071955972906393,2.4722889433064177,8.0281434964638,2.014003025037746,1.8657322770446896,2.05786887975277,6.554944904423798,9.743088844612615,12.20948562711247,8.413840161292235,4.635394697788092,7.032045555579818,8.313309434481402,5.625091613077898,3.797275608950813,4.63577494893641,9.717212387939098,9.555011181033969,3.6643266057894377,3.315859227311397,5.229048902230309,5.739895101234388,6.129286492730728,5.400574236436087,8.045616536761994,9.227355290381215
ETH,4.933199519800518,9.008586425683554,10.854648152431093,8.636044028069888,8.596833693078043,10.096917331230427,10.367418228484615,8.925904836871963,11.133914530215813,3.839871147707847,4.153868209725493,4.521291344154316,9.52307108234605,11.358201592045999,10.881980805652557,9.291677790875275,9.797827737102931,8.433042017520387,6.998966931800611,8.030204900150265,12.29337732812234,7.654796444645342,8.951292457492247,4.482533311548786,10.022855961527622,10.677263665498716,9.087463527761443,9.071563301769329,4.134557215424136,4.055317187858647,5.133575024484737,6.6191399418594,7.377683477810926,4.910196683896781,9.11346387671712,8.976972796454763,10.913300659024731,10.217689640825009,10.50703135795223,9.367820561427742,10.831174909006144,7.582546345131312,7.001968982280314,7.4093787479459206,5.753840396037085,9.861102982750584,10.972330957424303,0.0,10.481431914057865,7.847728915319227,10.189981077487198,7.661097963892809,10.165508042124866,8.36403433243435,4.54686221429572,4.485167749473566,4.775174200743544,4.689628812129783,7.734541521921109,10.0564753258499,5.587451280571018,6.268145067172754,9.59138921172263,5.154946224117834,10.067496427257321,6.209164325801171,5.753899594982067,10.359164882352568,7.801542637870891,8.114558485665414,11.369486825839365,10.174864226496432,9.865197829596758,10.703366369510787,8.20464196201325,4.348443620017031,7.6253186605650605,6.424205677363546,10.564798291726124,11.627469610607305,10.06784687439548,9.6440983090235,7.067148938097526,7.767718027571265,10.217964850776175,12.772802633656692,10.780233184556627,7.445873828233477,9.352471717593597,3.862486167577404,9.769745779614755,7.929571816837872,9.577845274268089,3.6943061867761813,11.52778568503827,10.247260492044077,8.226100796592037,4.8947372917647165,5.414275914135515,9.180401427729146,4.130886625847086,8.921995809922477,7.019020340676161,3.5327090101832455,6.449987818838092,10.995753872322876,10.509805206936102,6.189165482185199,9.794707714290674,10.00121436331741,3.6923507443657213,8.482767384151156,7.241194081580059,6.674474096257076,9.949703017000594,9.23897755847409,6.978654740848177,11.641301251990198,12.37658825120126,9.141028274487283,9.2987533132753,4.5986917568319265,9.698208593243054,6.196649335007843,11.662071643860955,6.355701157156735,3.118029691209922,7.880318222672097,9.493597958755954,8.640284934212865,10.229371093770343,10.356538638700268,10.857783777576834,7.81584141142651,5.646475267945593,4.6819519112743775,4.4367218571884015,8.832128704988769,5.671897133499139,10.156684363301935,8.73554713797179,8.37747837348664,8.56464151892514,3.0931759943849886,2.9249534532666295,9.431205075434828,9.471637847278728,9.994575541330176,6.725427695687336,7.4545186489512885,8.476491471592999,5.032553918802115,6.040379150874482
FIN,8.163549266372868,4.376617849278078,5.51333897416302,5.290330462159793,3.82376005092043,2.636895480009442,1.442238317782389,4.255472755840062,2.0279766929200003,9.104614512064895,9.132498635623103,7.144880710623542,2.6195835203023283,4.605901515063872,3.9555861522165308,2.828936884442799,3.5562992450561137,4.253857387360486,4.603109783830584,4.119245505130311,6.289369429589203,5.1783568260448565,5.003840673704696,10.263311831154942,3.0381896298273188,2.7782107666777116,2.6763849447918995,4.928668364270778,8.138980555156044,7.832636794902251,9.385443921555524,6.876227347270336,3.8693531679508855,8.153290779485811,4.659821608385231,2.9750171075577527,3.157688347622176,2.2497246034258556,2.397642089109491,7.018987101274045,1.8410675060594124,4.196845620008797,4.775634283811721,3.8983423615639023,6.345831459844872,2.152167214807322,1.9137764156003085,10.481431914057865,0.0,4.879290099895307,2.183940718678581,6.210990863070944,2.591087739478196,4.091594973691551,7.7948124153002185,9.029185928467099,7.732749581041415,8.786841049497689,6.41927375024773,1.9913130058670836,5.5871326818962,4.973086280239927,2.1882936609635397,8.497416697135105,2.3912945077735275,5.969208012145022,6.663256747415962,3.4461991487739474,4.427401804601393,5.135376719472203,2.6546562077265907,2.9364865346115656,2.1392747542615003,3.3800152964822017,4.157694429977747,7.464822955064182,5.580684888700631,7.680317649168692,2.9492446072967673,4.6025675858698385,7.650594091261163,5.913139593431235,5.755589112248165,7.394901866315976,1.9052785552567741,4.489982647960259,2.4322713144257686,4.331764205103111,5.094514380822829,8.873973918794158,4.2251580100874815,4.070805588346019,2.8961457502533943,9.764707456253785,4.686888014309288,2.9856736185046384,4.54359420726803,9.121225823403787,7.547749344531616,4.149444627837955,9.119654582537695,3.698570162157765,6.115757401109342,11.503167059991483,5.03756239989125,2.483379509798128,1.9278751733823305,6.739189915349126,2.223878833476551,5.295636978326905,7.944423440276118,3.25436174956235,4.065197083701944,5.283290832791934,2.7975720736270255,2.1325649969641556,4.496597766013149,8.943756410765996,8.820312584668155,2.691825698233459,4.145341653511942,8.168526058652137,5.254718719928794,7.432918608783415,4.674385761839977,7.858028250565754,9.485663055810932,3.857960224643216,2.8519069533261474,8.26090165510762,2.5558059002487603,2.332699938999206,1.394718181089171,6.420865166250682,9.553214184233415,11.779631797950621,8.144850697818207,4.341679668323895,6.747004039208717,8.06230242933581,6.0127377315947195,3.5296476447016327,4.317331067465339,9.196832573621943,9.09828973821548,3.2141066980802613,2.9742263471321344,4.376814676553694,5.280447573840535,6.061579915558396,4.954836953920829,7.800720198270063,9.296812366690371
FJI,5.614774010948052,3.8864877009334013,7.342820678975891,5.69759469342512,3.682421009936716,5.876301258718481,4.881721717953614,4.5585084776389495,5.267076650264049,5.757934059853596,5.805882622532002,5.777226668868476,3.573831650144858,6.298546575885558,4.866955105668013,3.4945874330947784,4.336250619948617,2.462416959316392,3.427315376113866,4.691704274767986,7.662275301456018,3.300053671396098,4.557643946009074,6.879057729489641,5.9794271565368575,5.626599137359002,4.508208772358036,6.527671010785795,5.074470965599733,4.902460941526176,6.4140344335631445,4.649742120864792,4.192450145502593,4.637258165169722,3.528675979323513,3.935872793963234,4.703951772543977,4.759754237534204,5.633875515509597,4.877292750402063,4.926290073273336,3.4093526376861227,4.458330024757351,3.6599034193766635,5.12941122095728,5.270169744705467,4.616836703751789,7.847728915319227,4.879290099895307,0.0,5.279821733758244,4.711749882217235,5.503115869699791,3.73518416531742,4.909988588035085,5.398483411288893,4.410767950467882,5.268188278750591,4.538753690328506,4.462676698539895,3.6753446603819535,2.821265200464026,3.5789741785085165,6.286486358237795,4.0525832478761945,5.187475034564754,5.47698351280981,5.346586559470206,4.8152008693469925,5.209854830754682,5.184500109648007,5.408725383022511,5.348031442634434,6.489458780438602,4.5570432891781945,4.6006344365853575,3.4844554267525694,5.453651717714118,5.9603580709515285,7.144580572431946,7.042939576184134,5.835622118036371,4.989075552466229,4.212653324962845,4.066921678245587,6.637773752753373,4.192217906671267,3.413812159854857,3.644759594579735,5.62950143841096,4.075718965931547,4.4412003408935385,3.633205356862523,6.5404452351484155,5.961442624072793,3.9124534735395344,3.5260105776211517,6.035639375944439,4.6959450729382946,2.9942941829128706,6.1220354787515046,4.50043106706581,3.6293829840210248,8.207363409784136,2.797862233143766,5.224634402332444,5.442720977277732,4.560380855376917,4.903829658631972,6.617899294473684,5.535280281768844,3.7001269248547137,3.9138884353825016,3.6962363720078053,4.77320909519832,4.357843580049365,3.0188040130397744,8.853035536823358,10.308514515350629,3.970000205177521,5.531429733349741,5.220502928104943,7.04986317086873,5.260264320218813,6.6514647333813235,4.856233280417637,6.0515634403900815,2.8707467709951486,3.654277467650247,6.053548034394757,4.153983442185268,4.596788006166612,5.178736846184894,4.082372268494951,7.709058803218248,8.730764787261718,4.5808690155329135,4.579030121410648,4.2986147028546275,6.568310039087427,3.6191957715843377,3.311919613578159,4.93531740863337,6.526852480205968,6.275100369955039,4.098813634382911,3.9720579348707306,6.717365563810035,3.9823149831164084,4.789196625317278,4.654553376369654,5.371178867832376,6.685630245850786
FRA,8.073234810854416,4.743049308293326,6.338783677041283,4.857843001263775,4.463894215961508,2.8463449531587965,2.1815531236473666,4.949909373735014,2.1605814300824235,8.890348110880922,9.046786203286745,6.739313691063732,2.6084625852791152,5.314653371113408,4.135225525668313,3.4096791761696625,4.083613317054783,4.861376809903893,4.7751210402163995,3.1311521081907903,7.476500542661566,5.802520471928095,5.392390368516216,10.287340877849235,3.4751127844796716,3.0818245797835195,2.828199732109971,4.34817338844464,7.892520019388368,7.602299895801466,9.164381064413423,7.2270702555199,3.5034573601921566,8.230608281600864,4.79938298010026,2.8465631959931943,3.4476598757244408,2.8446081039143407,1.9643810797707075,6.965574199351969,2.4172650913189715,3.950443795306004,4.7824430921595065,3.9258384256302157,6.091841849250839,1.6514236643661464,3.105305586792421,10.189981077487198,2.183940718678581,5.279821733758244,0.0,6.7715330093844015,1.4842113605695195,4.532442980594836,7.642533163126135,9.06286540944681,7.614969717895937,8.91293860976072,6.830250128333833,1.8597346239989354,5.269043035774224,5.041058057036147,2.70656188792812,8.360480081898046,2.774951065949727,5.728152576099391,6.048257744333436,4.18404836139321,4.333720256667113,5.37602789343176,3.752481940604375,2.6056668156662943,1.4777608859453482,2.431985518932339,4.180305208900058,7.16244390812254,5.760285904230806,7.844259429582383,3.0661711458355203,5.322317146954603,7.431224390724675,6.658574994827379,5.499205680820201,7.725118789707826,2.9452752611716533,4.94923877658358,3.177525550992862,4.210849600852191,5.014515796727864,8.706389843435067,4.534314706137345,3.5513845629896004,3.791978517255711,9.747010199584343,5.018076696482861,3.6417562739108873,5.220071706059732,9.13901305768402,7.801089196196717,4.409649497388079,9.058162018062044,4.116396054598432,6.46021911998434,11.335201798680776,5.3491327952465735,2.350361401055791,3.21552756077523,6.207492596090964,2.7402349209636596,6.3333392220900935,7.367221830020744,3.3861752802139544,4.00271526465813,4.760847014844945,2.79391686394469,2.1904582846311875,4.805595912509952,9.199054030498907,9.701720869834586,2.559085953570566,3.6177545705101246,8.165321919475694,5.943674467320302,7.469774755194491,4.867005842814561,8.33308438720682,9.396358412973969,3.863855516651146,3.072286255611872,7.982319433038286,3.2089648774870474,3.468999959122542,1.75733619865733,6.97722012402333,9.459130261742175,11.88286038491749,8.083845894180184,4.2976205101649025,6.9955023706342185,8.282172880494242,6.626860741601502,3.574538279028196,3.690269361160202,9.175578354002006,8.96599989633119,3.0832489008670487,2.9078493545180306,3.2138019606913133,5.365102924766936,6.09061375315492,4.744074842955448,7.610759462404304,9.086358639633644
GAB,4.349465917007362,5.718073498154235,6.853064957707579,6.1720583946918905,4.47143246891532,6.557250131983164,6.307840761773126,4.955495098402689,6.783838178618686,6.458760050912471,6.496112658085784,5.969027220315742,5.786854917542613,6.656183244977597,6.9247106776633425,5.559584473257833,5.94670640853539,5.3601535688173145,4.24056209261501,5.644754880070033,7.403848704392082,5.539898983349149,4.657868028568068,6.617154368150991,6.2409168477131205,6.47173484615726,4.999869289579226,7.166603902207777,5.465227132325883,5.178897818692345,6.137622160222016,2.923753657855217,4.766696814006537,6.371065237135599,6.167352663472398,5.593802043973814,7.218418199314728,6.296186749439231,6.8012085423726045,6.067752143961568,6.245282616830333,4.326871819797517,3.849299215213541,4.955128453785682,4.899213254009496,6.3419894416015286,6.49926435885309,7.661097963892809,6.210990863070944,4.711749882217235,6.7715330093844015,0.0,6.873986098284579,4.847819629604506,4.845066305501383,5.674469181439856,5.20443142657768,6.360485493379367,3.6422338365919322,6.320704908523783,5.1880122965150655,4.2523656520682405,6.042091018987673,5.755481406154197,6.032101290912339,5.074810842835872,6.3213268808375,6.022539554577207,4.751176066758682,3.7398884458298927,6.9295411522086585,6.678997714459072,6.624530860183601,7.670365600969237,4.916907266299273,5.846745409317416,5.552665446676663,6.107390452719758,6.952515631393539,7.117219095648034,7.804990221459724,4.299668036641935,6.579741590747174,5.39844869170047,5.903543643064358,8.327492194184707,6.633066044770649,4.5076947038578,7.214643054042064,6.441600889168171,7.30246898488616,5.094338779272728,5.294846676612803,6.622108730903726,7.8333988135231065,6.215134226759718,3.8364281600536216,6.224867606256844,3.990931903672783,6.1225259245232415,7.091854789391668,4.995087192851595,3.794460496978189,8.822519417956217,3.996863291047066,6.935535665069273,6.00083530155039,5.891027172699234,6.174582383817818,5.61273631957761,6.018618464643018,4.679096773276129,4.007712319157556,5.562219712515033,6.67656426696462,6.005381606070296,3.4717138297054633,8.512512703440004,9.253582820653858,5.9174851185974715,6.685290679917599,5.815648791709169,6.080869223131747,5.833436245669611,7.526403277365911,6.587042048777463,6.074895027972058,4.997169521389919,5.649180204325756,8.35964456445631,6.048643277931692,6.2832494503866005,6.47194377475755,4.433150821992109,6.910110600763858,8.366457833049523,5.805780458298225,6.547216362726864,4.776287689383659,9.186502599895176,6.950734876138299,4.660292167043932,5.535933729284301,6.318535927708735,6.4851196878122055,6.2611379231842506,5.723169891761062,7.644203433968389,4.585475782918012,5.835256167160722,4.693945025050565,5.1384963359492835,6.653517219091261
GBR,8.129797934116091,5.525105379441582,5.5512001090604945,4.714037621170349,4.559045490285197,2.1829395998783263,2.2322784983260004,5.308440899904742,2.2332216354290546,8.851804013769486,9.154607866855725,6.737915107838057,2.9024358697759745,5.097582301058843,4.1567543974756065,4.099746856227976,4.326547120823191,5.197827496658858,4.599963320471778,3.5101910166182813,7.787485184162776,6.047879025189322,5.606581898424259,10.267044676060536,2.7693144833239978,2.5980646551960223,3.0656784710044094,4.807442848531625,7.835792857355096,7.529048965075614,9.11575622251756,7.436511022746757,3.7587737616930585,8.29258915562078,5.356554659344575,3.274545249237867,3.4358879462415293,2.7976190384556867,1.6565944191780688,7.448871807824783,2.59175513175293,4.014779307752749,5.116506127850911,3.967247595182068,5.975598761092288,2.1685263074508563,3.3651860876454056,10.165508042124866,2.591087739478196,5.503115869699791,1.4842113605695195,6.873986098284579,0.0,4.457011864786157,7.488197330470141,9.227878444480456,7.677253644744383,9.040766449241389,6.794159234853526,2.620143758285657,5.276788086118678,5.1667298149877565,3.1058784539602544,8.420709468085414,3.0797179996947497,5.784016525438765,6.292405410841934,3.9672905237113665,4.364636323192496,5.552739228441195,3.70199865483803,2.010523043643018,2.219738903644777,2.382474910907015,3.9157145977549357,7.236903157438748,5.797666007039169,7.824695547816757,3.0180005806000127,5.367196824766616,7.2889652318982145,7.027523650001039,5.837517957796041,8.018888882303063,3.1057415360726397,4.719087871914194,3.752031666267975,4.7049046431733785,5.3688438042591855,8.751818505169501,4.843252025006583,3.385907908664144,4.4105404065519425,9.78424797246006,4.485359930018171,4.151278778241696,5.269862754222082,9.223001050391481,7.953214340603215,4.868213816501307,9.126552724554749,4.08073592297947,6.714229958023928,11.273106272542893,5.501623514019499,2.177489253150294,3.1812478573941467,6.711496200920972,2.251543675810268,5.846813413610011,7.4541663788340005,3.5607091477213677,4.042778030162733,4.788380709147317,3.049525031252486,2.4210258896229124,4.954284447529893,9.012970267724707,8.891119480888491,2.89376444133478,3.5364723967964475,8.35016840149339,5.320276276898086,7.672676076027321,4.357263308556112,8.38658299489173,9.387810952149195,4.143888116275349,3.628517820169177,7.974463081389328,3.5687986715395423,3.6037497157959053,2.2761349311138717,7.42534574918171,9.228990000966151,11.672737369196843,8.083637785674096,4.3461867240185645,7.167869009869259,8.514917302401532,6.947172200113704,4.226401090573392,3.889002772931007,9.074601945456937,8.934487953108066,3.6838447607383658,3.396184144165169,2.6395572238124423,5.304123332180671,6.166670503269216,4.993225280734891,7.513018476495341,8.93279273934135
GEO,6.279811626847756,4.5296426258714835,5.48597344730026,5.789105105356079,1.7419893804029785,4.5719492064828495,4.252271561586388,4.574935722717204,4.456948033973021,7.055304439909836,7.408590966267303,5.66930133046928,3.608870608682731,5.950640647425531,4.327379313782938,3.521318143626385,4.414815136509226,3.253196916904064,4.497059956375253,4.548910290878654,7.504097983782703,4.055441012535564,5.259405191811168,8.293353405389402,4.168865031972134,4.195174752173912,3.733250408889137,5.891258722244384,6.19746875855315,6.126656798332473,7.4448109100088855,5.467541041502666,3.9328365927439313,6.215558137694905,3.94831773262575,3.375678035091071,3.9622889036245024,4.351066011631892,4.999170797612718,5.651592435651589,4.084817250600712,3.380789433550329,4.261232104110363,4.361292291366525,4.811520197689117,3.7410733233269156,4.2297069104271845,8.36403433243435,4.091594973691551,3.73518416531742,4.532442980594836,4.847819629604506,4.457011864786157,0.0,5.568855989222993,7.073743454363069,5.654578131095915,7.236250974904714,5.782184402687771,3.7791705178490678,4.438363596052133,3.6127249681568716,3.3754698119391997,7.380138011421157,4.161281071542725,5.012400935292184,5.421254184679039,4.039781982062547,4.066236774809709,5.209026398087974,5.212446629411116,4.6057526373517845,4.582001168056302,5.92500359636974,3.435124393367029,5.602898528710295,3.215116075408381,6.292056346721728,5.173046015311398,6.938265562441474,7.482596029144334,6.3802956774527,4.941450925705319,5.8893880319347645,3.227250507919964,5.7160280007881505,4.5486350212643005,3.7289935594969776,5.648756179747645,7.0785731484695384,4.21313397939183,4.277713102089048,3.425802893757318,7.881920304358779,4.623462487663447,3.5935045662716107,3.6651679494340472,7.3805935627783805,5.567667045359096,3.7127745198011213,7.5456689265995,3.5373230452067808,4.596652528143178,9.543898527498133,3.8388238988960564,4.638998498211815,4.601735513185269,5.58429041771427,4.137557049297486,5.510557132129018,6.33077494630821,3.089001652547506,3.808850561266434,4.32149538814113,4.51549809074434,3.3000332250666276,3.210914625514212,9.696525106427726,8.903511734641468,3.951258080410008,5.075907833853195,5.879311939260855,5.579484499788115,6.2446521858515815,5.0779515374001205,6.576874512366766,7.443533669509617,3.9395022597683003,3.5781245532697716,6.922617396156948,4.060683872016677,4.157193296698162,4.396300150168488,5.047875359581701,7.525673002630902,9.717943831377903,6.2024833324363,4.866533283124171,4.59257072313541,8.751161004194882,5.831711972798467,3.4346312156073533,4.458764324691582,7.39313229751655,7.090558023815146,4.214374841652797,3.9073778489525055,5.431800427567103,3.745160148830525,4.86637358552568,4.582150245898518,6.021106736461558,7.560898765171917
GHA,4.291617819389139,6.242171404865454,8.023852721727328,6.200734693041207,5.571012552126959,7.606536420848376,7.454782520303555,6.202089955993809,8.086775242065086,3.932343239698925,4.7557202567197985,3.531452151039692,6.424383884156952,8.123798388798056,8.017196259072236,6.570373741512615,6.49284424576008,5.867123318990973,4.311031033378873,5.7373347980618465,9.870726302659982,5.295597875338145,7.116038311227672,5.246388227152382,7.5451666300859115,7.5145065860072595,6.140468196717718,7.1315359055337915,3.172327432489066,3.309703242011306,4.918310518195558,4.895337505675371,5.089128457237555,4.448900533840467,6.879631501507013,6.236503503158105,7.93147648990461,7.118257585380885,7.645678420583351,7.206436639580914,7.714099869787284,4.500522065669,4.9443844499042555,4.750909146473931,3.264907493583943,7.3030703360374245,7.896908302632723,4.54686221429572,7.7948124153002185,4.909988588035085,7.642533163126135,4.845066305501383,7.488197330470141,5.568855989222993,0.0,4.153593100165306,3.730688426860988,4.9303295965234515,5.7521426891971705,7.272966325253578,3.5550479054711888,3.8005456996516824,6.782112204963233,4.767655157043974,6.824332233748212,3.824426129665769,4.34779086109257,7.070870294143908,5.07142976570249,5.891618456490725,8.371471990779149,7.6112252840684915,7.31182839984495,8.15751870310803,5.232135432139976,3.845412103898977,4.686306175252355,3.656036486076816,7.644900911580846,9.037132875225423,7.708744261349377,7.299338826848999,5.178304752356015,6.2925977951571745,7.101162585916591,9.636428848283535,7.695263681622287,4.751441666339288,6.559719030827841,4.371467726762825,7.271865831903601,4.83324051107269,6.510939336682358,4.667955769225989,8.547603429796176,7.3801070172404595,5.005959590009149,5.172942184911234,4.307460975271374,6.293996559554016,5.332612781791757,5.585442683429462,5.2283253941181504,5.980707360148596,3.6171639058674843,7.897681986962276,7.6668614472354975,4.613343071386343,7.179989703411513,7.531399309951797,3.259895772198971,5.781227458417974,4.396274445174145,4.1703056967961425,7.0413641984177575,6.568251952736531,3.816522428843949,9.852420918558224,10.45847224993533,6.277143849309129,6.649267081182884,4.77143673608668,7.580045136108235,5.246149615345896,8.300006242699826,5.70388854133935,3.356151302142708,5.1607159856484275,6.432170482536443,7.451864403154748,7.115032987178271,7.347330124459581,7.981854432396981,6.15829466656558,5.275421402677879,6.3778943718996075,3.7060157725871634,5.871402752456298,3.8606630667949777,9.223422894281626,6.608631698675028,5.71642008710097,5.768756808336708,3.8946070915086586,4.203711483222209,7.002826565199206,6.621502531637158,7.7425737643972266,3.9842496891489003,4.337155705683858,6.314533366577107,4.394652101223766,5.314398071063965
GIN,3.445367037748513,7.689070675237427,9.662206656302848,8.371764960918576,6.995208069173492,9.269206026168174,8.95012950877813,7.303630580958321,9.483259749562764,2.996799809852708,1.7724173534510679,5.554442744069237,7.959170014764881,9.71268795322178,9.437703410301957,7.740272073629508,8.322207501954363,6.433694630750941,5.645205847819172,7.286250501684115,10.191658893582003,6.015665454939198,6.71907879438431,3.137964047044089,9.066505329752347,9.492562601872347,8.057128851508633,8.62151615617598,2.862657205021475,3.085359597786986,3.2084112948653947,4.090299155788668,6.695297964682793,4.027560931481564,7.234535350468747,7.756914404943168,9.244253811088264,8.76650455885216,9.393879943744585,6.549398894450099,9.216572145965278,6.494285420765196,5.944613778959731,6.328990208521203,5.933213842820646,8.881615916995994,9.259644016094501,4.485167749473566,9.029185928467099,5.398483411288893,9.06286540944681,5.674469181439856,9.227878444480456,7.073743454363069,4.153593100165306,0.0,3.556292023198464,2.716457102988084,5.154131386988106,8.753650825050968,4.799884972968185,4.496217706337119,8.035049053613529,5.354877288520287,8.391017520742304,6.013322437463335,5.69315796481978,8.835384093076962,7.206756135103766,6.300082240736701,9.831873475066146,9.144248253548884,8.96834509870734,10.061698595483154,7.476335597268428,3.649066488433573,6.12603291732332,5.332388791506177,9.611020532685824,9.980288829732304,9.296055009688283,7.267483998669937,7.138072557437819,4.483897139024403,8.577443698804062,10.922672936774335,9.03074066497838,5.736957067979866,7.83566558161685,2.248863376648029,8.137928638911134,6.945647093826831,7.864535511383856,2.050201362931024,9.97296882871913,8.654827322014999,6.284924599610838,2.252132093654839,2.699005102812113,7.359846466653376,3.278521568944964,7.517980763477162,4.241354341217758,4.240975665645304,4.808842329411978,9.405470718647104,9.175679798852459,5.595098207456617,8.752995516937391,8.445180120833,4.17382647701115,7.080025575587111,6.321158760952168,5.592933351202535,8.698457457669745,8.090632921118038,5.50549408940042,10.056944501625788,11.477167850816617,7.905382594133182,8.728000744196757,2.990168155271221,8.749074264236912,4.163845326777397,10.294188456832185,3.9281037038883806,2.8533128875907656,6.124954579009205,7.964423490162174,7.801669296350716,8.422055617850171,8.760497870312989,9.376058694026952,5.1828906823429675,6.590931872109306,4.362250087571464,2.4514153837791444,7.456728172834317,4.765095306819799,7.663994297708217,6.975998726344144,6.573643440847245,7.867097667436194,3.2406398330566115,3.066291814842075,7.841848677547591,8.268297853870868,9.855784418417317,5.821470962214264,6.2567298221227095,6.854182849773525,3.8127233698475282,5.8797688752900195
GMB,3.652919145162108,6.549072365503631,9.013868509054136,6.965270700779136,5.660378760541571,7.83283032053467,7.800745192883852,6.801747912102343,8.193161340176507,2.716003415665032,3.7582519656648166,4.8458400578237395,6.721508845990056,8.807399118632691,7.343903429130088,6.659640583467689,7.526107785591601,5.001549068012908,4.550959421263577,5.900752884992454,9.871836311665218,5.430409716684647,5.805771831251198,3.6389473493151776,7.857836330073839,8.01888029896075,6.699590391144493,7.863960733636586,2.658391659747995,2.3397037152696254,4.658506410289923,4.033444672317409,5.139048803284293,2.5748660123541747,5.382002559008606,5.9588622719538655,7.7250925946485625,7.801873330335302,8.251352017854892,5.446616602064645,7.965037274698343,5.012065183730262,5.13479431391271,5.13462309084139,5.178129101050768,7.371879051398188,7.9572791561897,4.775174200743544,7.732749581041415,4.410767950467882,7.614969717895937,5.20443142657768,7.677253644744383,5.654578131095915,3.730688426860988,3.556292023198464,0.0,2.948738480452786,5.065531197828961,7.168488763471657,3.2634007026887852,3.5023543388018346,6.913272696073339,4.029608121351404,7.426718377767381,5.5372098324861145,5.578227862803056,8.038744234985092,6.281769659995093,6.1529605479732465,8.277967977194848,7.392753466146315,7.6544839610738435,8.610836810048863,6.2905244966843545,2.9226614744197827,5.563232399741945,5.824895020500428,8.602194928770965,9.211984884347373,7.7826041977879585,7.576204593760434,6.003124036869455,5.060958972488242,7.363294459475827,9.434348506823586,7.741105735670858,4.99794235098847,6.847408093657692,3.2498457071283777,6.69728428953659,5.944690039667452,6.724611773701654,3.8909808968685846,8.260323614295153,6.986337759744191,5.883378896022639,4.040636460788448,3.1743407469066542,6.347776076822899,4.032192364651179,6.792894988101699,4.0041193617893756,5.384316220538467,4.027394667772554,8.139409135652544,8.105559732459508,3.8973099323003004,7.056661737292279,8.008687371078423,3.6479552511178794,5.487745297685833,5.088763614127654,4.779480407701392,7.847422843931889,6.683959307009667,4.498629511634205,9.172279814327183,10.993161782678312,6.845975033564437,7.685527444564474,3.361264317630262,8.131637815966618,4.100504965236048,9.043722538468568,4.506449539941774,3.0067678999571457,4.883251904138406,6.868296452239886,5.019994001880944,7.647905191414252,7.853054238293827,8.011833609571658,5.203963804909698,5.3485960973157765,5.982908972047966,2.5368889797211076,6.9649188359973975,4.734886590083578,7.442594019807503,6.229695822006299,5.412264814256202,6.647218604629915,4.318057681741384,3.729857826893105,6.918868700828228,6.346988946526384,8.136472538336873,5.2081729680965,6.498350835703966,5.868647936804377,3.686173112459532,5.832072755413166
GNB,4.448703678377733,7.546199878044056,9.962408083866924,8.363723033816994,7.207048449767932,8.984144784764723,8.91982135564287,7.281404785873811,9.46408453476802,2.4697867775958295,2.7088729463228347,5.739370115779716,7.935134181663714,9.625206177599942,8.963149705776338,7.74041344261441,8.45199525776786,6.155797120605907,5.431128216173277,7.15131758747744,10.006455170421301,5.92203376112906,6.7616768988406255,3.234296365905368,9.02124886071091,9.460445345964619,8.067537049275595,8.62025704253634,3.0479866954687656,2.9040232430665087,4.5812089490447185,4.803742885673916,6.537912190597141,2.868100057701777,6.7792233105324815,7.456148246642576,9.081326808574733,8.76765546468751,9.328422362390203,6.939100816792787,9.15780313052949,6.5064477514958,6.10871033698453,6.123150922697375,6.4896853682215285,8.834506435219831,9.158507787551335,4.689628812129783,8.786841049497689,5.268188278750591,8.91293860976072,6.360485493379367,9.040766449241389,7.236250974904714,4.9303295965234515,2.716457102988084,2.948738480452786,0.0,5.552608335793263,8.576625819042297,4.503352758731067,4.647699210077143,7.911209298045724,5.269304940201396,8.499736386121802,6.286040569449246,6.146685387425204,9.237363787434948,7.543722904869648,6.9895646838574,9.342437450064782,8.724486568239978,8.852722262074249,9.77571573551195,7.669132594259961,3.5186694473633096,6.47161469387444,5.885515041496636,9.606294901018304,9.77296281386704,9.093367950770332,8.005750946952679,7.016829817023766,5.261864156523255,8.577934138100401,10.881845344298242,8.842331608036094,6.115489577929167,7.471274675585259,2.6019424058968044,7.827093647403854,7.142359038823415,7.971365589840003,2.6294087084124813,9.73783089202538,8.404153245881401,6.764222806023645,3.3104007098312964,3.563664722834042,7.401389926568035,3.2132136146219628,7.8409441037696315,4.922539989532775,3.769272442312248,4.936672680169022,9.364891332655048,8.967147987062141,5.316306039816701,8.299406698700869,8.531919549634283,4.5588170240476815,7.0029963617345405,6.308961273517376,5.690594834197077,8.722471312232587,8.035251759216871,5.64211126000386,10.01383049945047,11.335236534423547,7.978265858681018,8.699753190439687,3.7155868215297008,8.778080492195642,3.7600066665537444,10.536929609510329,3.3819653177026057,3.055159697100143,5.877909612764315,8.07033682683306,6.8150401310801065,8.60924374290583,8.763944994382168,9.271494785506047,5.8448676216472775,6.773787602205775,4.652786366481706,2.1005125112007663,7.563544342112606,5.133818863579356,6.69292534731556,6.29129234055426,6.806774635496246,8.161391361566743,3.4206714813380525,3.17483506217643,7.85315744312417,7.834707973050728,9.579831549795413,6.113226949968536,7.021391886443074,7.287728275575487,4.513041177646593,6.802018611785085
GNQ,4.172154711142551,6.995413309269196,7.203927502016105,6.570530704791849,5.71099645401029,6.478981743934071,6.352757769346298,5.832294528069928,6.850283776526134,5.93800693158105,5.232457105722121,6.572865457103637,5.938981757752184,6.934707443465878,7.1315216960513705,6.02352826435693,6.689979802885796,5.441394642628477,3.7695479307311346,6.0228356257885505,7.690230471502397,5.588402649843537,3.119795155341231,5.975010003206182,6.286490934103286,7.033862758615644,5.936720450508115,7.6180769673830016,4.997673162736067,4.529919553221108,5.091086845509841,3.1296139008839363,5.395202859207501,6.15690099194826,6.3076943407895545,6.158480766286401,7.221236757777048,6.443619124517346,6.825389008787313,5.861507842533924,6.595310085007006,4.8881866844609005,4.642669555983282,4.996315775216513,5.892076081122292,6.875048818565979,6.746422753438275,7.734541521921109,6.41927375024773,4.538753690328506,6.830250128333833,3.6422338365919322,6.794159234853526,5.782184402687771,5.7521426891971705,5.154131386988106,5.065531197828961,5.552608335793263,0.0,6.828327839559123,4.914555835675838,4.181555792836925,6.109643252525571,5.856368335891889,6.309120741678842,6.108253292889672,6.832816069705314,6.629610112030149,5.7544284362746705,3.7366385998882987,6.9027396459994055,6.367420460502543,6.985379434023943,7.700183844386908,5.461962695216386,5.463344890815172,6.040252806212644,6.802113488267797,7.36764388117285,6.863006105237084,8.721824004772413,4.441408699345126,7.356814566507403,4.082228993578005,6.331610061404427,8.384271578788198,6.939691528490883,5.083677495537536,6.986284548826761,5.432275546994646,7.156709119990086,5.501393810434056,6.259670339473782,5.852546143454277,7.899334207028373,6.810736991830128,4.449223332335058,5.283723062009663,3.8187956695264265,6.290983502446162,5.985483096466216,5.975084413733549,2.9050588612964714,7.975904549791519,4.630364470847879,6.932570130737364,6.372912436190518,6.754775378732417,6.090809854438479,5.6133011389273495,6.030370780088251,4.952381955297083,4.829005970206802,5.317207372328002,6.817136263894096,6.265294877774484,4.675574143091613,7.994381332159059,9.097684880447583,5.987739428128608,6.841697603311396,5.374442313827743,5.998193768553772,5.323799262597641,8.127010588133338,5.365600064073814,6.016587152475364,4.906691547216096,6.161524638095559,7.993159148647894,6.18465509475524,6.455905945082174,6.7704095990687385,4.149474082550009,7.958208314006597,7.504793701851392,4.995078122444856,6.615774163379233,5.694650409483873,7.158933028466071,6.5279397240846535,5.207548914046591,6.328816942987544,6.112789042867814,6.087677595309242,6.175678449754795,6.398430763137947,7.674544643514833,5.147024459273026,6.657013337938092,4.425304422681277,4.06684777407292,6.091743356424302
GRC,7.971496702151628,3.615075147841619,6.352899534594024,4.7918950888669825,3.5492182382807935,3.3769235988028568,2.2137203395059095,4.657202802401108,2.2233473069933627,8.694541333975266,8.936742335392191,6.727751615359397,2.0596631993083188,5.172751947734641,3.2806012721686137,2.354266110250741,3.3454658429932693,3.9082795937911965,4.755832213194981,3.4765044068213373,7.279412711546759,5.120985434745025,5.398496190455335,10.01823038784073,3.864056180243098,3.107496841471076,2.4216271271717735,4.770105768273917,7.809062295166945,7.568435612493012,9.24050498677251,6.931721649949772,3.427992408105463,7.637896905118619,3.824832517564469,2.2563489016331144,2.723269616531802,2.73199872875414,2.8541859587526632,6.400791419222212,2.3110824752236083,3.718618440447674,4.709507652581163,3.7772129705788626,5.939791706609696,1.7033075659153565,2.189502075497302,10.0564753258499,1.9913130058670836,4.462676698539895,1.8597346239989354,6.320704908523783,2.620143758285657,3.7791705178490678,7.272966325253578,8.753650825050968,7.168488763471657,8.576625819042297,6.828327839559123,0.0,5.129473853882745,4.68662175356983,2.044528109795236,8.072232692738515,2.2812973952929214,5.709019416915162,6.105106177261153,3.8646386323666317,4.063710782619534,5.56437660290292,3.1915964946186155,3.2627400495088374,1.9286235416706679,3.3385304906517965,4.040337502044685,7.010527173103843,5.261405865010285,7.471175485176703,3.2065133014050953,5.616522933245517,6.862466403133297,6.4365453241206545,5.120978966091945,7.314538514181201,2.0680836635469193,4.416591333151659,2.177907283721258,3.894576540050446,4.487728876630761,8.584385651006006,3.568009027953874,3.791362998625978,2.4821792823177864,9.627773359917235,4.55709722930186,2.2731970070573415,4.571916296056797,8.984266576061058,7.465351466672552,3.4214591429432137,8.899608648659022,3.7382527880044583,6.126569325588273,11.253939573738394,4.776673132395959,2.491430584302252,3.346123973205436,5.592467620329387,2.793017885443043,6.465841248063155,7.3341095410624995,3.0764382096888547,3.900739942848253,4.820863926205333,2.7869062195646936,1.882223440953209,4.3335794861921775,9.239951694022084,9.934030617022403,2.4401430386323,3.9308545150756644,7.86627305159462,6.346927978691987,7.428485260012955,4.5407050329859935,7.989253035829137,9.041012640461046,3.530543633266642,2.174833458306413,7.320419808984556,2.790822593922477,3.023800134572674,1.8550376524092385,6.489878623343815,8.942376000208839,11.818447598265346,7.859402010529108,4.253171563063006,6.537335511137729,8.344988179977824,5.923678363856111,2.8574810224864113,3.4380170149985583,9.129554193582269,8.868084698659079,2.799358989424015,2.028157114221518,4.083204348702534,5.186624517589384,5.757810315780191,4.713411162604016,7.640864710292715,8.887945902530227
GTM,4.777683978753993,5.028707063622556,7.085027821930104,5.387696601421728,4.326981843810874,5.498880537570805,5.399948501075479,4.887194520853688,5.994174760994672,4.041713187963662,4.726020839026265,3.230345409095313,4.546261055612272,6.695520349137533,5.955827930990061,4.848857198239756,5.4508516730332515,3.984626857801005,2.8400837476734964,3.7911699526628677,8.338616619976166,3.9459710170117246,5.258480214718867,5.889270457333782,5.716959410551059,5.679139366567798,4.573585095809094,5.325294762800761,3.163147607429113,3.1507777875092766,5.525845023268759,4.62997401527955,3.1999646596608,4.0433893602987006,4.674846919800964,3.847408485351679,5.824385306159435,5.308075669281359,5.678850067294789,5.743214344422922,5.787454702652639,2.9934465989168415,3.809134463386652,2.691571277256504,3.7985939819255976,5.142164015601978,5.9961601428703855,5.587451280571018,5.5871326818962,3.6753446603819535,5.269043035774224,5.1880122965150655,5.276788086118678,4.438363596052133,3.5550479054711888,4.799884972968185,3.2634007026887852,4.503352758731067,4.914555835675838,5.129473853882745,0.0,2.001678565861711,4.74226324266271,4.791778553473598,5.177272812878469,3.528589684399545,3.7528649942408405,5.76862364406603,4.416479821716313,4.995967343616028,6.399432099521461,5.407559839588393,5.064902728673886,5.936347061244221,4.3213447111146435,3.1173321897912323,4.329101798922603,4.454654480329821,5.9250077279647915,7.022202449058696,7.4434457649195,6.770797408270466,4.0142968748637875,5.643026652052327,5.296244353907449,7.771054954795328,5.802406731596469,3.3705139364332277,4.957137728876975,4.238348351503205,5.049388827871002,3.316615040214063,5.059087791635309,5.204453296390879,6.65788697372045,5.637939548780678,4.504860645714682,5.323598790500273,4.299524730286127,4.559527681876255,5.076717690010582,4.5438988743539115,4.259655917058947,6.602369103116858,2.785923823834079,5.902304691129681,5.7811749516460065,3.5397963698086463,4.957244895820089,6.452895552293778,3.4427903843199634,3.5320355445481164,3.0665834963846614,2.385340627023619,5.235895757348368,4.327163636372994,2.9404008765146354,9.061701821885194,9.525053717226811,4.385789390278615,5.19856226514414,4.458895464119806,6.407987111641466,3.9176045219516467,6.914479722159465,4.787036872146434,4.448652139137149,2.7661508258958176,4.859757541055843,6.042839740961895,5.420229480508477,5.58947973635362,5.883681894033026,5.331206325137876,6.265503815987969,7.290085718719911,3.4930546314661806,4.2118517681528775,4.313610807315681,6.884596128791433,5.368988593954262,3.9205906324869524,4.707498367975614,4.767037631667521,4.469855767308294,5.088276883010455,4.611342533115416,5.728259639316265,3.857821058144842,4.440418219760919,4.99128194955742,3.971710202745845,6.289070621364781
HND,4.317744255047353,4.612321499343931,6.52461292094647,5.405812379978275,3.3134073131820707,5.31958007134747,4.8830226577827665,4.445390845175763,5.416121708238548,4.683232453667092,4.628049871207148,4.033600581693297,4.018436859492784,6.3759580575868355,5.834313825345765,4.110101898047374,4.777221668979657,3.242992931479172,2.558798622555794,3.932754559356695,7.856188837142524,3.4522401877737234,4.422868614192526,5.8358310576739045,5.283205899244235,5.360759417481022,4.168413766293868,5.546604773681586,3.717690249192899,3.563648737676298,5.006781733369119,3.690868961203903,3.1439365155663648,4.305658333586028,4.121883986047259,3.728835499522849,5.332093292881297,4.756516862324787,5.415469009977743,5.065688276241305,5.198483336636106,3.084130150903426,3.28464191328582,2.6175633930508098,3.937351874890473,4.803460620028804,5.243945509485427,6.268145067172754,4.973086280239927,2.821265200464026,5.041058057036147,4.2523656520682405,5.1667298149877565,3.6127249681568716,3.8005456996516824,4.496217706337119,3.5023543388018346,4.647699210077143,4.181555792836925,4.68662175356983,2.001678565861711,0.0,4.155376184800738,5.21482767292471,4.504067287751758,3.842218484768781,4.103121337634555,5.135739010454006,3.981572888327816,4.035233831579694,5.9154390115172975,5.143396481293381,4.938449435807454,6.0348888624536325,4.1181195387297,3.4946406456963466,3.5454463304195425,4.461956826319739,5.70599484480118,6.708960104898172,7.41463126436372,5.605575913194646,4.347553170199422,4.453446582525514,4.54730286401723,7.189558738283723,5.16003559247519,2.4785893573974764,4.886430158349757,4.22268765749096,4.6805330832293635,3.321898194346479,4.169123084378284,5.30583445496334,6.244372392303464,4.939119887874823,3.4743145830508166,4.7381006774358045,3.487538565924062,4.090972851999823,4.9631080845435935,3.9669530387474623,3.153584931879736,7.14756437899387,1.7342019007929892,5.3786060818505845,5.319213347418562,3.98722349697169,4.694005706107306,5.740006643156487,4.113578256942068,3.2147057641607844,2.7863221902721707,2.624338144060073,4.894641001797937,3.9529241492226808,2.2146213148034235,8.514533275539572,9.337649195806597,4.071583637977834,5.307334707569138,3.911177495625271,5.994322523719667,3.9485067681871966,6.540823529673582,4.038724199014141,4.94585872243853,2.322643818530204,4.2250948619160775,6.344872215133559,4.649403711349533,4.862022568411276,5.264828228815231,4.265568233781077,6.442637938163428,7.446793628115499,3.6246959116764015,4.006476074138036,3.644226503406819,6.5857945069155175,4.834720236759806,2.868893271837465,4.528441235323306,5.005285651755381,4.654376541581884,4.319049302037196,4.4155913738745385,6.2021808669380505,3.2335420943018787,4.072063015735444,4.4050160699993715,3.705746190508714,6.07437368178633
HRV,7.637491535451347,3.4579493811740374,5.973941256602,5.105963555537921,3.460670212984647,3.600850257878539,2.0369940809196594,4.030356553779337,2.6057155722519614,8.129494954591221,8.153102074175228,6.373335003548092,1.2789992267263033,4.661782511192635,3.6881793897542217,1.7012922077450026,2.6775297497709896,3.283900995047925,4.280384179118562,3.929210298842592,6.713460503403218,3.9217036216620764,5.233068337898609,9.560611218754568,4.013688903761792,3.368879484564544,2.861739894525307,4.9759654356660725,7.246724625125249,7.104156425043126,8.527061202159201,6.600960592386064,3.86138990044574,7.114098666996347,3.877771736014316,2.6742246096618643,2.5899512165023517,2.045998233594431,2.9839705783553616,6.406449959600261,2.191084077984052,3.3870635347868348,4.622457973532695,3.5781818497115805,5.662741214295048,2.84808799084673,2.100758751176376,9.59138921172263,2.1882936609635397,3.5789741785085165,2.70656188792812,6.042091018987673,3.1058784539602544,3.3754698119391997,6.782112204963233,8.035049053613529,6.913272696073339,7.911209298045724,6.109643252525571,2.044528109795236,4.74226324266271,4.155376184800738,0.0,8.14301720132462,1.6773954933331277,5.370919263567445,5.7615889013427095,3.3128667069149382,4.08351148650221,5.3318502246243655,3.128273179488707,3.443083200886241,2.602634237336444,3.885467390215769,3.5453411589013846,6.572728044109873,4.055852475236682,6.532941723324839,3.1796942513734434,5.444169900379084,7.396254848141104,5.961719796413881,4.62357385659173,6.510580396551857,1.5339236454065448,4.788941332870218,2.0559915002625395,3.6815500254806452,3.5338950922030734,7.928179127049643,3.059588525978158,3.694705374438658,2.276164494856572,8.923751628778076,4.569602381360056,2.3911723068785222,3.6854612341930957,8.401486246461108,6.911054514006646,2.366410428424358,8.28475641945202,3.3807423334906654,5.578995582719584,10.45029582185653,4.177530613789665,2.7824022260585766,2.9862275437839583,5.899364041726137,3.090580042712932,5.915931919871063,7.086241529767529,3.0284796717388907,3.7891339590369677,4.233679071347665,1.9945134779561717,1.9547217896618414,3.7936390956730226,9.66621638183852,9.489424147996413,1.8289694451254266,3.6253979730170673,7.290449378438947,6.002201638555393,6.890252245086261,4.634821835142122,6.959441204157054,8.530585612365048,3.0439386500317163,1.5019395692740787,7.629606316454986,1.6188415354627619,1.8424465303735642,2.458722723172016,5.820488139869274,9.201232482076328,11.044253241151148,7.0880337288312125,3.5306569285605356,5.648989711515233,7.809964254361915,4.631126683668398,3.152197510957916,3.8464871037895945,8.403562446059805,8.229779999559664,2.7399135837099915,2.7822084592832104,4.665202497018671,4.412529161269611,4.825797222350994,4.950434892270393,7.0449466620275905,8.343782226941498
HTI,4.596566401875747,7.3274146938862,10.0075650331243,6.390069915900843,7.120147370179051,8.519349440509131,8.444901759830122,7.650027315429501,9.252145137990293,5.3375696319766215,5.371565715787241,4.7924031925942305,7.909326905355027,9.985917449303525,8.622962477614262,7.55729840676936,8.463258130172395,6.716092213335977,5.044381702853576,6.50960308206165,11.043807742247173,7.159395719131024,6.136274485669863,4.6923025977548996,8.50982765039859,8.85952793846886,7.130789980952031,8.288583224502656,4.862602851326296,3.889920036550656,5.985789461216578,4.866256956223847,5.407949025449376,4.8263425464635565,7.535040878440984,7.173164322531482,9.23888749553773,8.673709387097883,8.73733752529835,7.556732052911943,9.120412515315616,6.009010565855758,5.758211791423648,5.443123577014231,4.822187173257166,8.124485177965296,8.794020998627833,5.154946224117834,8.497416697135105,6.286486358237795,8.360480081898046,5.755481406154197,8.420709468085414,7.380138011421157,4.767655157043974,5.354877288520287,4.029608121351404,5.269304940201396,5.856368335891889,8.072232692738515,4.791778553473598,5.21482767292471,8.14301720132462,0.0,8.25219241452503,6.000022613463086,6.307437870124637,8.990517101326622,6.458766038212397,6.194106864884722,9.188711723055766,8.48152694416735,8.095880156062561,8.94070672789337,7.105825421485273,4.3531745106614625,7.605133026848005,7.1780801518665855,9.067700922750301,9.945639731386901,7.7677566310992,7.910902226186488,6.477508447203835,6.646041866876289,8.40727990917971,10.77654430099304,8.592615649605458,6.136575592903183,7.818674141982771,4.90878085098047,8.499442616685347,6.552327103651054,7.671196052771123,5.585979329565692,10.094486503641324,8.215786175457481,7.18039034082093,5.457596210507147,5.36375739299477,7.741634297599702,4.884664814563039,7.896306423776287,5.432858165671344,7.0134317745591686,5.302734377843954,9.260267566804263,8.899610535630382,4.733015535692518,7.7562045256865275,9.009354384790278,3.8538875106778123,6.5469252439981895,5.7717823142643825,6.065294611942149,8.632791296634029,7.619683711030921,5.808723194991447,7.858150847785822,12.068899129805432,7.31260388074023,8.212852486286613,5.3740013966742115,8.919909676380787,6.515187752786169,10.325625396572672,6.755193665308717,4.007057260184654,6.361045386982176,7.849199202245631,6.894808080527752,8.53478537041278,8.841807281312688,8.858912592676752,6.004417503530147,4.885890529799702,7.206294742847166,5.259386788397638,8.133428599811797,5.880734364761331,8.557464313213746,7.674229425661388,6.321034693262416,6.902471483402962,5.555798062006955,5.187527967858213,7.747413428806182,7.3420093247290765,8.528955372647967,6.376615995260321,7.669047090250753,5.872580615836638,4.634289809544047,5.148617787295747
HUN,7.909640682666268,3.742482427920625,5.906257916478048,4.770821786850638,3.9123707545572484,3.76115092275356,1.729010857475861,4.258197368958878,2.338883705405834,8.639145320983582,8.605752002122022,6.717729194242258,1.3260768491988468,4.461973242361195,4.284708697318711,2.3754717919868953,2.032537967360744,4.102807292393288,4.247333507831932,4.02809559985539,6.975542353583299,4.6711500296501365,5.5466198505010755,9.925861668228277,4.195004072934978,3.1342238912561995,2.6635136306936125,5.033036205905863,7.634561973606745,7.474664073287335,8.777077703001883,6.818628589681989,4.024306264128637,7.789233555517884,4.72820650887165,3.1881483579229384,3.084186208275053,1.4352298679176898,2.4475446171737585,6.808366361695232,2.0801984164608025,3.6998485417896605,4.9313648458597585,3.5326876244903618,5.724914353867446,3.0487314242308288,1.8740493318089377,10.067496427257321,2.3912945077735275,4.0525832478761945,2.774951065949727,6.032101290912339,3.0797179996947497,4.161281071542725,6.824332233748212,8.391017520742304,7.426718377767381,8.499736386121802,6.309120741678842,2.2812973952929214,5.177272812878469,4.504067287751758,1.6773954933331277,8.25219241452503,0.0,5.450567949864603,6.084229561344178,3.0362572913323156,3.997564107358025,5.2124149734183085,3.078142064097942,3.6634292766255103,2.52353654917136,3.5295038640900196,3.777989766134176,7.107852743023305,4.6648849814323565,6.529212060746112,2.668308896328831,5.293360187462157,7.215287517276457,5.689789738313955,5.088291885830632,6.942412638299702,1.649813262467252,4.709558828689789,1.7353695869763577,3.8261399840928028,3.664287490242989,8.371672945948552,3.934063501106804,3.3397733555389792,2.3181700729337775,9.362261925269664,4.920844464173363,2.938428638502486,3.7673351321865685,8.754922407153051,7.353158938343222,3.116196489080382,8.800527384655984,3.196540628476996,6.029340715713901,11.029473100149014,4.3498216671112395,2.3512054106132116,2.93473645307661,6.223176149250298,3.311848969302887,6.03923166129064,7.384789418784943,3.5436497448095214,3.7933424574896404,4.496632031451507,1.7576683129513075,2.3486697821058113,4.019695690517856,9.240150480170282,9.643026811714142,1.7413429599955208,3.515159924410415,7.941192245545998,6.163918477978758,7.407768365419612,4.333048706523371,7.530606844460714,8.868257674620928,3.254451725310045,1.640931041339339,8.21783156489794,1.4222253698950271,1.8482314893105178,2.2395301893594373,6.346419669976943,9.356382417684921,11.462006342252081,7.602432087702326,3.3133254461462704,6.2057764531014525,8.199066451114433,5.246427238788518,3.3211577603502476,3.5980600172659685,8.782616585255312,8.752454282250495,2.9620277441301415,3.0444366660716837,4.840159835188151,4.714336603881985,4.794041284538866,5.1027572506074295,7.410242199338813,8.450653808251817
IDN,5.796295603965588,4.918711123810634,6.982861654953326,5.674949853987037,4.932891384538433,5.689596043835129,5.838029914533364,3.7466095163254503,6.566961244554797,5.6214571047564235,6.280482715246265,2.7811301022607653,5.133685003401767,6.471223972937467,7.059995926663422,5.112797324385895,5.045999715004419,5.615709832254363,3.723456011354798,3.728806633822244,7.6934300574829315,4.736872435325706,6.709059095919645,7.397870855643612,5.804739842782767,6.070549830853612,4.469780409279568,3.796231456831376,4.61649842160495,4.732575652263033,6.58882236932511,5.429100829802855,3.629793164285382,6.0663778021319805,6.514832312828027,4.8092284951306405,7.072300443129257,5.436818705088577,5.583744774086104,7.619767220769776,6.102516435584327,3.2914269357723605,3.2707732285364854,3.580401980981947,3.0676185084563863,5.456534283820459,6.649892225378138,6.209164325801171,5.969208012145022,5.187475034564754,5.728152576099391,5.074810842835872,5.784016525438765,5.012400935292184,3.824426129665769,6.013322437463335,5.5372098324861145,6.286040569449246,6.108253292889672,5.709019416915162,3.528589684399545,3.842218484768781,5.370919263567445,6.000022613463086,5.450567949864603,0.0,2.308978443309787,5.98185191318422,3.510813359860795,4.804974788133705,7.1997457283486845,6.344644432118905,5.1068897794209835,5.889986824875767,3.813895131994143,4.608788136801816,4.465493982562533,3.9561878532670733,5.4124862627636965,6.850509961374983,8.172711702838253,6.578000698038963,3.845605544730296,6.976876686142201,5.76955341148494,8.971706183066583,6.360980116516585,3.6271517445026698,5.695148901660995,5.935475805673416,6.750026281538118,2.9931774806176232,5.363224543172702,6.339721715018852,8.1340926430503,6.540123464253979,4.367877793474328,6.72390990555234,5.629462701995902,5.4862943264330015,6.858748625351821,3.6798302370646185,5.859038332394435,7.729104155867793,3.873164324571349,6.533606390380262,5.623573944247911,4.440109381625713,5.807585055797948,6.255706480673769,4.138156434027607,4.7435828423712305,3.030562388072158,3.0480944241404004,4.977506001633937,5.203886282959514,3.017169553595503,10.10012264946286,9.447553770207723,4.695946275247053,4.369004441391056,6.041665524072568,6.019749601713187,4.979045814638785,7.4168797192401605,6.737007415357235,5.746040148790086,4.145577554606163,4.9798832232918775,8.805926921089075,5.631994053160394,5.943325162308713,6.360472277906649,6.263764108110114,7.229312411896043,8.266732537335711,5.281737764387964,3.9719871211560602,3.879904724804305,8.926629171644015,6.553607418912373,4.724131154464289,4.565921002512441,5.278139218788614,5.612543261737192,5.5114097378842,5.320441533373075,5.571850457624952,3.246478843829684,3.1719940921393706,5.4288857511799415,5.669598734263977,7.424856913750378
IND,5.864714092926063,5.3874459056875725,8.099470808355079,6.220414495704664,5.550177965746298,6.534211655681131,6.537107971987336,4.905735406318459,7.166694485859581,5.511347818350374,5.7554280846494335,2.7876121970810646,5.700480050056929,7.85909826872383,7.662056614578982,5.47987166885977,5.871791886732168,5.818396875635381,4.696356457245977,3.9831784649955666,8.916605066400376,5.026182863535266,7.138571045034595,7.356649953714459,6.564268283221487,7.049754096815273,5.378138348992282,4.115199711634783,4.691244109390939,4.792758062094203,6.310548970548303,6.008821554887357,4.132882992132171,5.908560704244414,6.532630037796245,5.388546933420498,7.4223505331037005,6.275598273421903,6.331384375436229,7.579202919769289,6.891424111249576,4.191808088880155,3.899776416858887,4.345120031452187,3.5568446946617436,5.8282804110656175,7.3258089383227665,5.753899594982067,6.663256747415962,5.47698351280981,6.048257744333436,6.3213268808375,6.292405410841934,5.421254184679039,4.34779086109257,5.69315796481978,5.578227862803056,6.146685387425204,6.832816069705314,6.105106177261153,3.7528649942408405,4.103121337634555,5.7615889013427095,6.307437870124637,6.084229561344178,2.308978443309787,0.0,6.879095250096798,4.2526716021608335,5.485857781526312,8.117375099795805,7.013672662233918,5.6136819452019955,6.600112660988337,4.84013004707101,4.087259912148106,4.503890900698368,4.661098202654969,6.2877246965321465,8.074479541442903,8.541791437491872,7.379769431012092,3.9528129553885982,6.770333821282586,6.451884957310147,9.528284262533834,6.93690726086064,3.7043362873493657,5.9147205967034155,5.438552593912229,6.756226443038531,4.014152391704708,5.975121506729058,6.066734835977624,8.65553940862609,6.9719849870192645,5.325584987415533,6.306461858280322,5.8051090952147035,5.642192960806511,6.184301384197937,4.8150064845128675,5.967183546513288,7.233329137956962,4.430437128414983,7.099180490580945,6.786052228811093,4.150679641872617,6.5903706326249445,7.498403218704015,3.4577188250371287,5.472280729511691,4.143555377882075,3.07662840493838,5.510782649999403,5.608711783790942,4.06698037332539,10.642323050113697,10.73164452886163,5.112267385047549,5.061628881902101,5.45567617509441,7.126454009814406,5.094539181453873,8.256443112334185,6.657806821425672,5.820497542426506,4.728779836319313,5.486255588630912,8.634523283584564,6.202284808988286,6.699575176789272,6.981804817838774,6.3299354674155035,7.3922315906533465,8.205110738639553,5.146780920519359,4.512217644171161,3.9062526962354567,8.69466943710814,6.734141042769299,4.906671165198149,4.999430983809921,5.31021550670018,5.295673994840552,5.3999421775284935,5.975246273798001,6.099660342551851,3.743911478702411,3.558324561092104,5.612531911118778,5.705072777253456,7.290937082258684
IRL,8.309196334262113,5.31999937618022,3.7992564844955017,6.167337801874808,3.533329750250465,3.970543740209627,2.6136190319944643,4.79118637656134,3.008731066033106,9.075780613548881,9.188558560604841,7.054438669673129,3.373839335950732,3.845443235504034,4.954501929278509,4.035295214525844,3.910017775868711,4.833420589856817,5.297474328497991,5.583413895712721,6.609327900724354,5.302265939428451,6.215094469767627,10.318383847203936,3.8071709346893194,2.3476886926882146,3.7488224229061036,6.032049770018357,7.989945773094938,8.078316171083127,9.147764188348978,7.056044874280776,5.180493311672689,8.438804824069587,5.812246281746558,4.039754466035616,3.3487377270380394,2.5706496750391588,3.6566828868116166,7.225963132173058,2.8439615667728484,4.500770715329332,5.6891999221891645,4.545220766056432,6.092591550387591,3.834333296979823,3.1381296701890693,10.359164882352568,3.4461991487739474,5.346586559470206,4.18404836139321,6.022539554577207,3.9672905237113665,4.039781982062547,7.070870294143908,8.835384093076962,8.038744234985092,9.237363787434948,6.629610112030149,3.8646386323666317,5.76862364406603,5.135739010454006,3.3128667069149382,8.990517101326622,3.0362572913323156,5.98185191318422,6.879095250096798,0.0,4.816405813440164,5.540312457065719,4.160290970648995,4.377284982412873,3.821227016165423,4.855182205544024,3.958144365263471,7.8868713682757114,5.153988751172236,6.518896831635765,3.494264311777983,5.066982687614621,7.866675217828517,6.293675663953915,5.991806360624714,7.832821898250717,2.6690111415299085,4.190883182018301,4.021256573493014,4.912885158216542,5.811536154896385,8.96163779694917,4.469973372197829,4.058419356953181,3.633798824690549,9.696204860132417,4.225582009617893,4.337073505705948,4.006317352160605,9.186631759890252,7.4767872706733804,4.248055543143733,9.491046694280698,3.0916819796213453,6.398994549904123,11.454055959932745,5.083783882434731,3.3016718480266083,3.1089491505052447,7.533726085079333,3.9544472243476316,4.738570256554239,8.174680237573176,3.617415078875131,4.638291513399923,5.559051983299479,3.548548692505728,2.9447593764656594,4.5645404537784255,9.736376659597086,7.795623343208097,3.6155268862158296,5.001186155258934,8.293637994738795,5.215292305091319,7.734526926094188,2.7795298255622214,7.952680762992372,9.2496298568439,4.586870919887812,3.617670123488574,8.995444020382891,2.7983476264145017,2.3355707619695596,3.481911978982509,6.884286422683304,9.309388749853117,11.406774707237656,8.17947663412505,4.144381528146039,6.78937510060299,9.29671705024397,6.717539837848199,4.538882393787431,4.891142522966312,8.985237164132664,9.02543470871389,5.135591865459461,4.774466594107005,5.5035743207715395,5.412183876710017,4.932914585441901,6.043052664404283,7.603980952536516,9.082807792189252
IRN,5.927573669725861,4.423474506977455,6.00501067678831,3.1998350901956814,4.172520828457638,3.9872159822373923,4.218570896408823,4.551683672525208,4.977139437045587,7.38710267053031,7.41012729554556,4.689011932340134,3.8117061500372618,5.910916836682297,6.062986088462715,3.762950934473234,3.5985035440782407,5.206033885763662,3.5018042834376235,3.0126239073372743,8.076041344636074,4.731311957861602,5.746308210342568,8.53241073281576,4.051297461793434,4.992213188133829,2.520632749783858,4.260287252083953,6.395343467349219,5.957080468347353,7.436462050464108,5.83074355362477,2.5728137801794215,6.9577211534651955,5.833547656291172,4.1908225890288735,5.7766710482016235,4.105081897725614,4.159954093050378,7.619688186838715,4.663895572080209,2.9964655499813038,2.643119445001408,3.1813852274764787,3.280261260523398,3.7605626949412003,4.9788771887409995,7.801542637870891,4.427401804601393,4.8152008693469925,4.333720256667113,4.751176066758682,4.364636323192496,4.066236774809709,5.07142976570249,7.206756135103766,6.281769659995093,7.543722904869648,5.7544284362746705,4.063710782619534,4.416479821716313,3.981572888327816,4.08351148650221,6.458766038212397,3.997564107358025,3.510813359860795,4.2526716021608335,4.816405813440164,0.0,3.9637802536399755,5.319016173223656,4.766447183737884,3.832056683989143,4.603071003922464,2.680679362344023,5.918895213621396,4.656634033958884,5.940746041457842,3.9246268599221557,6.286512381966205,7.2858415630827915,5.268978783653077,4.790236813052287,6.868196788671231,4.349328104444255,7.295702872815241,5.042474060223482,3.1935726960265973,5.572317095244673,7.157176391202393,5.982719070795655,2.847372970559664,4.098194294288963,7.931017611399859,6.88198226049533,5.08519138740663,3.258468914039358,7.573691575552144,6.113616514246121,4.977181522290337,7.486167126280277,3.1626452615220284,5.589287114696928,9.4725406863229,3.8790294188562355,4.80104728735741,4.475843379378667,5.1962680583081635,4.087352338717674,5.7741320328131325,5.274059366691581,4.203522098505978,2.345778985673863,3.95951060666387,3.888071545287089,3.8831694581540113,3.263585640872158,9.172120162600812,9.385635982476519,3.382800264844308,3.180476456918545,6.7151491374500605,5.2230235155184594,6.849910099045062,6.136115106798498,7.378420646238498,7.276681896607005,4.1735830694413005,3.614290724510434,8.405080524246975,4.42841016400025,4.675986857601223,4.598070823753567,6.249835869751088,7.1148062085119435,9.917586027805266,6.697779972216256,4.264512608001503,4.664638242644657,9.340278206390881,6.390916639820013,3.4310741612306783,1.9956568624523956,7.111668312786077,7.165225904413015,3.6767682197546785,3.933851462557483,4.597505922175942,2.8945984505898688,4.272656841139265,4.331583411303467,6.252539897246894,6.6313472717137225
IRQ,5.072359166377228,6.025841065431396,6.271633485492176,5.478658502595993,4.82288702704655,5.161571326585874,5.068314814985308,4.778540501658572,5.735208587880179,7.180472178411321,6.505256526571041,5.678379775382602,5.1711188746598,6.375875583763267,6.938387733872215,4.975498619558183,5.664676482095397,5.283897719393235,3.542005658724514,4.5157784378112265,7.227508354389457,5.401384213708834,3.9563981444760397,7.423310415200443,4.867914009173481,5.980656314175639,4.505083599638972,5.717020661653924,6.049267838299515,5.544464683501807,6.410848519214471,4.167490248586732,3.9399726874349628,7.053500741573925,6.257284121299519,5.2520963490578865,6.704843017960107,5.346888939651046,5.42524514668136,6.668022739934721,5.604659960729569,4.234253644042274,2.818633564193568,3.9364039094961623,4.6570646933930435,5.198135723928091,5.8454657462448045,8.114558485665414,5.135376719472203,5.209854830754682,5.37602789343176,3.7398884458298927,5.552739228441195,5.209026398087974,5.891618456490725,6.300082240736701,6.1529605479732465,6.9895646838574,3.7366385998882987,5.56437660290292,4.995967343616028,4.035233831579694,5.3318502246243655,6.194106864884722,5.2124149734183085,4.804974788133705,5.485857781526312,5.540312457065719,3.9637802536399755,0.0,6.368615918486704,5.5574523929507835,5.29258902487896,6.30374729291964,4.442275253512987,6.056442959764364,5.757887925653425,6.482767687152208,5.867675503823694,5.754855200242584,7.922577796183349,3.9878163534382343,6.496339489470216,5.653466630213035,5.480719636959428,7.834092574494881,6.118728234839952,3.4023762712341714,6.846315220551741,6.5621523293190975,6.728826019368452,4.078147994866856,5.1208044026006245,6.936888088557307,7.715310212859698,6.144122691866851,3.8878288344808936,6.298226434090656,5.001691025661907,5.98258761003288,6.939397258294489,4.609038871810525,4.166693791643471,9.181740428033805,4.586603748222032,5.889435504393672,5.18141407135933,6.173761840548213,5.079444443626539,4.760087125167957,5.631705057590952,4.578256353151598,3.8622325955861445,5.11827282327009,5.646285886419878,4.9302933650207565,3.8741812792453048,7.273354650389108,8.764205507989066,4.767833479167248,5.642651755483568,6.134946673110148,4.776630698431475,5.821335335610089,7.344273346885954,6.601887469909882,7.161137823475132,4.52237047209623,5.147409048496137,8.76961698920205,5.234392871611704,5.541084085930549,5.4750297569850375,4.832820664426615,7.694006305982261,8.870012517511771,6.395674836896304,5.540215257252236,5.305652025078113,7.876876270045874,6.852987878249274,3.7160692536174786,4.756975095725105,6.830701447690658,6.946886047849156,4.927373656367396,5.544040746553953,6.426529900254673,4.213387606672699,5.6120603477544355,3.8148045068775236,5.375839104029393,6.938961992376641
ISL,8.992662402232243,5.171126394816751,6.031021974883181,5.385403093045283,4.997832366557245,3.4486911735238426,2.6587671509602573,5.6753014062400515,2.866201417662923,9.728474812018018,9.9604124651797,8.310320320936594,3.1330835732798215,4.376498288298437,4.023412943917956,3.917858897987927,3.879163720359028,4.9495682483178856,5.180490003772342,5.390829107011253,7.066222419707492,5.790746921346366,5.95979261531872,10.885934633614495,4.25715598966103,3.6120798236574094,3.830256750604774,6.6129672546646745,8.910395289530356,8.568653387761637,10.243139032556002,7.924910267233871,5.135890837465613,8.534484969620982,5.31732771689448,4.106864001879032,3.367116637057968,2.891700748284914,3.471344154336389,7.915689654995502,2.758949478111601,4.969591807849255,5.99421260732172,4.692679806513896,7.271698269325093,3.9938846472378846,2.379254668260454,11.369486825839365,2.6546562077265907,5.184500109648007,3.752481940604375,6.9295411522086585,3.70199865483803,5.212446629411116,8.371471990779149,9.831873475066146,8.277967977194848,9.342437450064782,6.9027396459994055,3.1915964946186155,6.399432099521461,5.9154390115172975,3.128273179488707,9.188711723055766,3.078142064097942,7.1997457283486845,8.117375099795805,4.160290970648995,5.319016173223656,6.368615918486704,0.0,3.066427064357598,3.824112205833676,4.044981579665092,4.795893035980192,8.511399043561987,6.421571399241751,8.264971571471706,3.790093211618442,4.9916162957257795,7.641938420475111,6.71278715870241,6.819187227353639,8.29707636601057,2.971423837766076,4.092263332535254,2.8748505075562507,5.644207084564152,5.080383570453301,9.7026220820591,4.518553730131126,5.049728847314615,3.9024279709605545,10.58420279282593,4.522257671441184,3.42622467177143,4.9376357711669625,10.046186042074277,8.393447822378224,4.729585244271806,9.93169448497291,4.758071137433933,7.153313754276058,12.098305255788722,5.837111565118902,2.791143608944134,3.0055563642020977,7.63180924953802,2.6295772794804555,5.99717579896933,8.883381544986346,4.39997118159942,5.045724247383382,6.330185263700213,3.813529263238453,3.577566750010715,5.421806769888974,9.17872462202848,9.087514992477638,3.8180917492400397,4.831534993095711,9.267738903229882,6.119408767935764,8.527899715960544,4.7416096107924455,8.331244198816169,10.061948719432015,4.673431206663073,3.6997904053715143,8.172689700256322,3.529130354985278,2.972973561134055,2.752588218554589,7.66968220720771,10.049003718472337,12.473895993677976,8.789890465990627,5.217262507361825,7.7449290859788675,8.486647999751819,5.837861998236759,4.782992421746813,4.959135760254288,10.063452066417387,10.013301873482417,4.470957655075873,3.4213208405522395,5.277234221076453,6.095573973145961,7.017540911394806,6.336764132450333,8.673033398299593,9.603126445953928
ISR,7.855342505283888,5.930313007084752,5.632042496608924,4.94226160804453,4.749342264175576,2.2969547620707833,2.8332822401819664,5.8463504654744165,2.7986345178309104,8.683505589595425,9.028124578549377,7.186500124847117,3.246888663670731,5.073140052741133,4.338240504869956,4.463483472752762,4.7296814825276305,5.110065662960162,4.493225842469188,4.250347927002843,7.818869631549063,6.076951302961165,5.388457608554667,9.93452185657903,3.122557087376261,3.2688117287824094,3.7431206728516275,5.868192736165141,7.777437453207906,7.374154621952491,8.95307785548963,7.281233444602795,4.194197755706056,7.945458001194878,5.327160554892313,3.7865573537938766,3.641811231152359,3.2662648703460304,2.8131520994464116,7.562677759607634,3.0126198708834315,4.336560802398203,5.144985202626866,4.209382650835346,6.3079742179678355,3.1961047874874335,3.61556064025173,10.174864226496432,2.9364865346115656,5.408725383022511,2.6056668156662943,6.678997714459072,2.010523043643018,4.6057526373517845,7.6112252840684915,9.144248253548884,7.392753466146315,8.724486568239978,6.367420460502543,3.2627400495088374,5.407559839588393,5.143396481293381,3.443083200886241,8.48152694416735,3.6634292766255103,6.344644432118905,7.013672662233918,4.377284982412873,4.766447183737884,5.5574523929507835,3.066427064357598,0.0,3.348552756962713,3.3269447684604594,3.97077591165395,7.361542818677206,5.966219669551768,8.029529876770416,4.0253559857209655,5.350835651384298,7.432446846806674,6.990826490113777,6.320973965125093,7.990364864883873,3.60161388730162,4.687113596715557,4.121922175665176,5.057926422756134,5.662374910096304,8.64353682943137,4.853473775549246,4.081125002057754,4.72891565445965,9.577491403631253,4.436332755050492,4.119551674004627,5.14069763426602,9.035264217327686,7.609960714837064,5.255678049520118,8.948146452857616,4.629732581716502,6.580132197163781,11.013635753872196,5.538318740967393,2.630049204079754,3.324258206947352,7.069724994215041,1.9158644282905712,5.4904448393262735,7.649294005712392,3.757728515242811,4.304425413041114,5.350174337035839,3.9619186017889843,3.016639882413695,5.02477509049735,8.764494014981937,8.54768713086664,3.7133541475733596,4.2889060812570925,8.240385800020473,5.061521744684596,7.599167164367865,4.820945310036147,7.886228789149016,9.309528200154524,4.326117684927745,4.109669622970832,7.480811770541489,4.119755982067899,3.771735616707859,2.7274243537263763,7.490010646959251,9.121349352826906,11.379775464347611,7.886970266204498,5.057928347560986,7.201666620840846,8.211380771138149,6.472130377031423,4.502992082364958,4.465733469574461,8.96095817971394,8.815559202557377,4.311973834189983,3.6055230088362067,3.615213415424753,5.229152655030616,6.748516853266847,5.4756940767898,7.3839733013983615,8.806333955031278
ITA,8.162098430525987,4.1234914982907025,6.133036260410726,4.652496501538861,4.353268164065196,2.8757538586896922,1.9924264725148488,4.347307687484184,2.6557792442421646,8.843778187013774,9.005746979074747,6.206905514670329,2.6002754553478784,4.9893278017682885,4.472745294400485,3.0104276266608228,3.509395561205701,4.8292827664822084,4.62546845868276,3.1250168715885933,7.098868811746553,5.39779960678337,5.791777345266921,10.287045379378364,3.5713996110941766,3.0465317733273065,2.30426862148935,3.6306113855664406,7.8410382209993275,7.607848678480015,9.293529045693186,7.208497690196415,3.2827674409030365,8.144462486781903,5.082664670211778,2.757484861326147,3.820100562123261,2.441298059768155,1.9530935900981568,7.352616291257321,2.611208815855736,3.7513574544622244,4.560314779192419,3.479857388216144,5.638903527786656,1.704897366212048,3.0296545859186756,9.865197829596758,2.1392747542615003,5.348031442634434,1.4777608859453482,6.624530860183601,2.219738903644777,4.582001168056302,7.31182839984495,8.96834509870734,7.6544839610738435,8.852722262074249,6.985379434023943,1.9286235416706679,5.064902728673886,4.938449435807454,2.602634237336444,8.095880156062561,2.52353654917136,5.1068897794209835,5.6136819452019955,3.821227016165423,3.832056683989143,5.29258902487896,3.824112205833676,3.348552756962713,0.0,2.1890143548720404,3.8642128403019953,7.13276565695719,5.611753835184188,7.213849934020192,2.229104519908773,5.009231822687411,7.478033658593215,6.4336365677962535,4.800783733973037,7.927632711314963,2.8122546835746007,5.419643131391527,3.051428737895618,4.022937983361828,4.790452904256574,8.677095646151155,4.546245659302292,3.1960632014677848,3.317173946201859,9.64961069733051,5.495946748970924,3.7335073329403956,4.879852954348678,9.19331407277614,7.807078634128652,4.181905810697098,9.0298103240308,3.588430643325189,6.608293048797507,11.209140320075342,5.0283045535277,2.8960026754711494,2.8265273513563,5.967794167617315,2.9226778771294497,6.196122650646637,7.180466474483145,3.3853058751023353,3.6614571205012307,4.6206788495124735,2.2153676891714094,1.9759204765422052,4.484932284368047,9.4726211545925,9.538390449532963,2.1173851705046913,3.143155535948976,8.197240471706468,5.848211292437155,7.412434902524071,4.861345660766057,8.293706009910357,9.14924512278555,3.7470004220724293,2.721113075336908,8.393221008678648,2.9330516204488757,3.0608687293534405,2.1761721144472936,6.973832915022467,9.248565015711765,11.783497621269442,8.067761924705218,3.776516136774992,6.6441508563744245,8.593335550267728,6.4165097078557105,3.557739168551167,3.4015477782359818,8.931993234964143,8.833211593554244,3.2623287873258446,2.9490899804039703,3.3403851466901004,5.137434686539716,5.454747946720193,4.998668256783836,7.667327538943139,9.045846236904762
JPN,9.068711671594055,5.603483942158003,6.491067063498653,4.841411505666879,5.852672115236626,2.9075469059316092,3.0204565683951086,5.508086481528998,3.2894475308287934,9.600757540628527,9.928546649007068,7.084879600872666,3.472702174170148,5.004331823808319,5.2399912330391025,4.570508618870084,4.189373223826945,6.365778238094289,5.235650911951606,3.7974714232034885,7.813487508269423,6.6085182920609356,6.741728853993035,11.188334967055075,4.005601619200668,3.627690467306346,3.3546753060399648,4.1593514072575815,8.613685311563026,8.361407982493935,10.005905536605836,8.354434745342813,4.3601165000064634,9.20646917578913,6.355951978636011,4.020106228703965,4.7757293736007975,3.003141629325864,1.839981941510617,8.600690488134061,3.361575144069729,4.660318137707368,5.62682954771269,4.394187899721645,6.600370652876141,3.143353643703923,4.086182532486958,10.703366369510787,3.3800152964822017,6.489458780438602,2.431985518932339,7.670365600969237,2.382474910907015,5.92500359636974,8.15751870310803,10.061698595483154,8.610836810048863,9.77571573551195,7.700183844386908,3.3385304906517965,5.936347061244221,6.0348888624536325,3.885467390215769,8.94070672789337,3.5295038640900196,5.889986824875767,6.600112660988337,4.855182205544024,4.603071003922464,6.30374729291964,4.044981579665092,3.3269447684604594,2.1890143548720404,0.0,4.565536558646888,8.117517701552295,6.758265520845651,8.050937816059113,2.2800695718743604,5.003365826348578,8.291607321608316,7.29089911689448,5.918834958019815,9.047898640590242,4.017932774314705,5.981857995840909,4.132866037160988,5.4495769075226805,5.411663428372423,9.528758988882604,5.872093841494551,3.7133569228034484,4.961904891251678,10.602694479560714,5.991686415338051,5.124125429057267,5.842445052996043,10.208487454943356,8.94686271440512,5.535004628950542,9.999533536014292,4.515873248923795,7.916606111820901,11.931018455317012,6.176627903381022,3.1724506376076653,3.442954415355794,7.079288937768357,3.412960337283125,6.74759683070004,8.083248700787738,4.615798135250369,4.439220882257242,5.254757214145894,2.899432302149189,3.5833909293090014,5.677876299103032,10.05663590867602,9.6032949505538,3.3944967072099783,2.958790916866451,9.407106699219142,6.198746737181636,8.372299921036458,5.165068453750772,9.229801485562703,9.998415099913592,4.649050973442443,4.000143704563964,9.264224377410828,4.105238739864741,4.108123721267863,3.090099210083312,8.493682239628209,10.15471806584969,12.55516285264593,8.904814261145104,4.343935164754289,7.867324753407141,9.249788821148021,7.399968137156683,5.072859136483309,4.064449450707492,9.732836115791832,9.675831142600096,4.2940806077926625,3.85033824841893,2.916411973991473,6.056586853084912,6.4538106908739366,6.053648325543736,8.419647024697072,9.694824482458051
KAZ,6.475707156547187,4.783144146026804,5.2938818332849005,4.592877681363481,3.812126676315541,3.53422658683571,3.783055878910619,4.237752157381744,4.435215540978394,7.206754952462292,7.636940001709518,5.054482779744369,3.2980510916671553,4.803128425140378,4.991582074040294,3.606928330314656,3.790969998462733,4.624905699186124,3.5668851802316075,3.9372198073941878,7.136816090119572,4.633410485717624,5.620531633351159,8.611713011563102,3.7655568346523176,4.197101802104103,3.2859334198824404,4.7116797082629995,6.183753513587918,6.0241027353339005,7.598486284220473,5.871083013582745,3.6561046174724003,6.772564941311382,5.752508081821736,3.9987055807768925,4.863940297882494,3.5843778191773974,3.8697975050574245,7.304247938773549,4.103755381607119,2.5789716532392086,3.5910174005439246,3.511326962981572,3.7162289249554847,3.968429068102839,4.487664337722725,8.20464196201325,4.157694429977747,4.5570432891781945,4.180305208900058,4.916907266299273,3.9157145977549357,3.435124393367029,5.232135432139976,7.476335597268428,6.2905244966843545,7.669132594259961,5.461962695216386,4.040337502044685,4.3213447111146435,4.1181195387297,3.5453411589013846,7.105825421485273,3.777989766134176,3.813895131994143,4.84013004707101,3.958144365263471,2.680679362344023,4.442275253512987,4.795893035980192,3.97077591165395,3.8642128403019953,4.565536558646888,0.0,5.927788990837892,4.00597217153879,5.760972914071285,3.9656109032693414,5.76331392556104,7.491673400152161,5.946732959441155,4.529253446640013,6.977261520360864,3.820860375395787,6.493880865021671,4.71533041197361,3.873584732485713,5.159751879199324,7.363928555212196,5.23054403975454,2.9349332371232264,4.0198044521250615,7.982223484452895,6.0905508169929625,4.542066002694791,2.9155379494477405,7.899134878852668,6.239168138862698,4.305100512682473,7.934269333867747,2.8420913409202657,5.582315858857773,9.47518305908013,4.243395715154508,4.4876523987133154,3.9176519573654303,5.874453191429495,3.7349491316654917,5.016067423645179,5.8308998512304795,3.4264677005290882,3.1155956382563703,3.944307422417887,3.570926805991929,3.547186794261112,3.33876662039229,9.548718012634666,8.48789352507822,3.21366533183723,3.0912280331394197,6.935235598576486,4.6894821297098765,6.57347046213773,5.355376885799814,7.2932580079338685,7.456515368784735,4.102634704477749,3.2387037740802533,8.034458245408103,3.822202962787709,3.9023444996785086,4.477543889285556,6.1347039194810735,7.838298115173302,9.837305343643315,6.515406079369203,4.173746097088716,4.852519757316425,9.125891222879597,5.876835670537911,4.054375520041793,3.448588637958022,7.210653613065212,7.299062582213311,4.551696922848763,4.118965494843944,3.9046328056490616,2.8038558395240085,4.200434804712661,4.473737598114044,6.180251980380299,7.247927784821244
KEN,3.9903957173521873,6.455160668686843,8.96525922256461,6.909515595748197,5.774514241777201,7.55970850101789,7.48769520286717,6.29539745427407,8.049026860498408,3.1511031458761316,3.502383197214206,3.7942606207668415,6.55110541821264,9.027969915630939,7.654538460213238,6.415028866556028,7.290696334991714,5.260011425216631,4.362327884131479,5.516338337622926,9.87556351656055,5.6403981325903425,5.82078058619982,4.222549266038889,7.471838254445186,7.881615247039953,6.630436628544315,6.92620012457856,2.5501796004613353,2.169455647317302,4.201181503321926,4.279859901192529,4.891678913298051,3.1912732209357033,6.20030176308914,6.127684051351328,7.736482810531043,7.427252591572435,7.648156391233818,6.358379997296486,7.894378836791449,5.025171528142893,5.017722688316232,4.814973286860634,4.340791376075963,7.096143563811131,7.862734848605439,4.348443620017031,7.464822955064182,4.6006344365853575,7.16244390812254,5.846745409317416,7.236903157438748,5.602898528710295,3.845412103898977,3.649066488433573,2.9226614744197827,3.5186694473633096,5.463344890815172,7.010527173103843,3.1173321897912323,3.4946406456963466,6.572728044109873,4.3531745106614625,7.107852743023305,4.608788136801816,4.087259912148106,7.8868713682757114,5.918895213621396,6.056442959764364,8.511399043561987,7.361542818677206,7.13276565695719,8.117517701552295,5.927788990837892,0.0,5.144144037273731,5.604574440217418,8.133607851274435,9.344916664512775,8.234964948383565,7.795473818455917,4.965711751734608,5.101238536624357,7.131279178005986,9.741253011627947,7.532700378247876,4.917255672909193,6.356263566085509,2.7100048899095928,6.90767636334043,5.508481281436355,6.760469185955824,3.9007913030035186,8.705811287746137,7.1229657001169855,6.068296053802082,3.797389134417058,3.974362301568917,6.088854078838756,3.402321123970481,6.4769281279119415,4.3089643427409445,5.20001621676126,3.9274590376144984,8.014226666539107,7.8973078454759715,3.9984038343360107,6.989099112128007,8.001603745328257,2.8422672886590985,5.434204372622949,5.0031167416910325,3.727998147201602,7.118589617375921,6.476658995201607,4.620065347269731,9.444803548135473,11.164988430384502,6.235233873677199,6.993670355626812,3.218994085867918,7.9258357067767085,4.229433718670234,9.193839032402591,4.665027658531828,3.4419875460187512,4.976402308620245,6.593735049321095,6.314513446757503,7.194881691162242,7.585383128992039,7.8829743488076245,5.014908878707631,5.932231869762661,5.904176498205027,2.5552044908361533,6.343097441558277,3.9337783473824612,7.050014302005943,6.156394224389527,5.464636589149275,6.528760964426628,3.684058961033277,2.8902476995508857,6.394165322081133,6.622737298322183,7.430040477907806,4.622850362521736,5.716628368292032,5.308952169891042,3.410269302349239,5.753978192763112
KGZ,6.393752848526764,4.484734166444629,6.846847163033096,6.541048976836797,3.7339438255695296,6.113258234097214,5.429770879227661,4.433699541459086,5.858085747878964,6.272866959797153,6.425412906696725,5.128576652486235,4.191620682859395,6.436160840980404,6.000164534700385,4.0696129500270075,4.441432823233617,3.7917039869432476,4.602222654081653,5.139011225601155,7.917083763047461,3.330511695836819,6.501555092754357,7.862720016712972,6.043602970854979,5.7746539985069365,4.926374502377861,6.0151868731312454,5.504886725729088,5.64454741899891,6.530002314671771,5.770330712459257,4.928557327411679,5.774572107171143,4.984162679292656,4.602828373126736,5.34295480276488,4.972758777605694,5.906240805058353,6.304644787553254,5.292625702048095,3.6749717198357184,4.745953771043353,4.604449270872401,4.682805626172064,5.501828671637688,5.514339230484015,7.6253186605650605,5.580684888700631,3.4844554267525694,5.760285904230806,5.552665446676663,5.797666007039169,3.215116075408381,4.686306175252355,6.12603291732332,5.563232399741945,6.47161469387444,6.040252806212644,5.261405865010285,4.329101798922603,3.5454463304195425,4.055852475236682,7.605133026848005,4.6648849814323565,4.465493982562533,4.503890900698368,5.153988751172236,4.656634033958884,5.757887925653425,6.421571399241751,5.966219669551768,5.611753835184188,6.758265520845651,4.00597217153879,5.144144037273731,0.0,4.537175643341801,5.86105390460028,7.635372413408434,8.377143314815092,6.668721536757086,4.24082128975131,5.5547255624176834,4.577102710525172,7.562365492339573,5.302324233715797,3.6457778365310785,4.6878486154646435,6.185963920555071,4.8482410077587845,4.512995995518546,4.294968245007467,6.945740833673923,6.4265159934773415,4.928775249927214,3.6846737705578687,6.802465406522188,5.472007527277254,3.6490665404508165,6.9138442340183,4.021088882219947,5.000292220554803,8.285394687055062,3.4960084850125184,5.877585823559502,5.708061172734775,5.58445023320989,5.773232749491295,6.4810243698024195,5.71293812113333,4.481436888981445,4.232480695396695,3.5565200977645257,4.6629490830634595,4.667858120584215,3.2095858165403417,10.768891401564828,9.999960843004734,4.366504016386953,5.22554816436909,5.585096804215577,6.813395219178519,5.594085503699923,6.595557969764354,5.697646674724757,6.713642431235155,4.069692675695661,3.9879272277894193,7.852995770817954,4.394420741993199,4.73275272710614,5.835535393631533,5.242911849144453,8.332251337152158,8.958705073965747,5.167080166320646,4.270452208620921,3.235370023501906,8.504231989632908,4.59167895494619,4.43111765515109,5.303875936143232,6.407214812535943,6.33861614397814,4.880381392415756,5.135246497155312,6.652704459469348,2.927129492046077,3.222044543547749,5.7611546685785715,5.843170367928416,7.281221705909047
KHM,6.728073583345678,6.07451962636388,7.595971606655123,7.709290314075696,5.91813430530685,7.785214765274726,7.247913803307186,5.266875770867289,7.931424972233613,5.327659683228522,5.903951835720266,4.518138601892864,6.325963335860473,6.9679173487700465,8.364457199939894,6.478673002807308,6.038647818561739,5.988323570768628,5.179361433781539,6.499769236404845,8.380864084119974,4.753874082386542,8.204758004484919,7.096755691944527,7.883039547780422,7.378070938002961,6.558454980002315,6.692632331186642,4.692551690617497,5.395937738038825,6.472236626901103,6.223353036836675,6.184296919201524,5.788639611388625,7.266042684203633,6.373426842584128,7.786831579702236,6.530063537125498,7.535655057770492,7.928487536257017,7.446425182914666,5.194326634573026,5.7796665737658905,5.036432640225932,5.027468311941303,7.644069290944586,7.695831202258452,6.424205677363546,7.680317649168692,5.453651717714118,7.844259429582383,6.107390452719758,7.824695547816757,6.292056346721728,3.656036486076816,5.332388791506177,5.824895020500428,5.885515041496636,6.802113488267797,7.471175485176703,4.454654480329821,4.461956826319739,6.532941723324839,7.1780801518665855,6.529212060746112,3.9561878532670733,4.661098202654969,6.518896831635765,5.940746041457842,6.482767687152208,8.264971571471706,8.029529876770416,7.213849934020192,8.050937816059113,5.760972914071285,5.604574440217418,4.537175643341801,0.0,7.122000298083454,7.941678493085975,8.917392771640243,7.516962136176691,5.099061227005427,7.214172939494352,6.936769475111252,9.590934336111104,7.454007951721229,5.071669193244671,6.067184138144099,5.691739537187516,6.89206140460393,4.957332610322094,6.3661107049413665,5.830263999004914,8.587291780613874,7.628771578489272,4.911832716401964,6.493763284105199,5.695764995427948,5.9091501089554415,6.876108684934428,5.091911323342394,6.513746508419791,6.9442692823940035,4.230649065330094,7.835437521366556,7.159914356997208,5.853118641727937,7.5750388255017835,7.068239464471724,5.440471447906001,6.203027066398439,5.157171431622163,4.595289656739042,6.471724885483104,6.610695134486395,4.191416483591704,11.109112804664145,9.753949577536726,6.321312374697591,6.721600082233881,6.2955155137761745,7.62646323635422,5.0631799693503705,7.963085383459532,5.601182334618793,5.28326715801314,5.011473955735389,6.303561733028918,9.211314047187015,6.556357750098233,6.622877573533976,8.005774355782146,7.012999849160769,7.863918231851881,7.420810738193212,4.846038780131192,4.653987507639868,4.479285182201548,8.900811549420636,6.072757054308221,6.242097834168474,6.7573233660315095,4.9620599969613,5.561538440942697,7.364574069661762,7.13321065251159,8.350422421114027,4.77715451908742,2.8728551656768015,7.78587563560642,6.0492680521492606,7.909010479856255
KOR,8.895110154537884,4.886373745110544,5.285325494061405,4.959449705795316,5.032167031721314,2.919838198405435,2.379147891481446,4.490895847381958,2.982394585184084,9.526708765898888,9.703978609932,6.93213906931201,3.0051846788127436,3.938269534998679,5.228721049777373,3.780133546876987,2.880586597637845,5.870103808594263,5.113167268607223,4.162220395842813,6.815999757999025,5.707390438629599,6.773355421393229,11.09620619245985,3.5774776013548597,3.159678880331648,2.6496342689015937,4.008878943632807,8.508856162402692,8.386618374727227,9.828414227128995,7.950388077739198,4.444316443804585,9.091112311984594,6.208506915990909,3.9161551849015486,4.385134547311024,1.9241577219402894,1.891697140750688,8.40615728392253,2.6706927770956,4.345373447925941,5.311872709963446,4.223682255564589,6.223024775578158,3.047077533765206,3.397242255826973,10.564798291726124,2.9492446072967673,5.9603580709515285,3.0661711458355203,6.952515631393539,3.0180005806000127,5.173046015311398,7.644900911580846,9.611020532685824,8.602194928770965,9.606294901018304,7.36764388117285,3.2065133014050953,5.9250077279647915,5.70599484480118,3.1796942513734434,9.067700922750301,2.668308896328831,5.4124862627636965,6.2877246965321465,3.494264311777983,3.9246268599221557,5.867675503823694,3.790093211618442,4.0253559857209655,2.229104519908773,2.2800695718743604,3.9656109032693414,8.133607851274435,5.86105390460028,7.122000298083454,0.0,4.464098874873694,8.19043170493289,6.292235780495311,5.704858348872917,8.560528551098065,3.097861709424901,5.609675067264774,3.6743519837360736,4.942815765260413,5.250264091724889,9.425584432370506,5.450804601223826,3.460700867277917,3.9991388215905403,10.340459585472235,5.632543470401919,4.727512138302376,4.634833572845287,9.963613511667923,8.487104113593041,4.822001382097726,9.90665480629118,3.2088835894719305,7.471118479408005,11.796632363483525,5.5488423976213985,2.969423145030241,2.5139817770101986,7.1786730919684105,3.5621248727476584,5.828407025363217,8.1240689508672,4.41102750328273,4.0622192232022245,5.125218380887658,1.8873635969602838,3.2018146181153098,5.022856492679843,10.357442474849437,8.82619394530252,2.927330435506559,2.6999495779774736,9.138956780368158,5.536713692613326,8.161175619867278,4.270564639897357,8.848385287541447,9.772454035366458,4.477197455903044,3.1876343846792303,9.70722686754743,3.0361731212311605,2.942092039880882,2.944895187936428,7.927272493317829,9.984780006275278,12.265028336967623,8.71449266053279,3.5366180061671355,7.162548086870604,9.587872786898021,6.990155626285476,4.746633866007618,3.7890497764058493,9.405468900318013,9.522113633487084,4.0207575108335805,3.9314414450431174,3.895570488018095,5.444688589268901,5.245627028325543,5.982538528726357,8.360187612797812,9.508936723559643
KWT,9.510853539985014,6.921330451485503,5.360586280087789,7.637401588405691,6.32825296983249,4.368762599949624,4.555165940040637,4.882646692984434,4.686189481312785,9.878972464376941,10.093051396440131,8.48138168603844,5.341894486553298,2.919150694906099,6.351648859126939,5.8010591469877975,5.738272976344358,6.794152157581152,6.01268231297176,6.105989951218843,4.269428848432783,6.638234601546037,6.704258083346013,11.238420305456668,4.88248261843787,4.923888049392713,5.179234274258599,5.641942412750768,8.944258618610908,8.986549153409397,10.363146235499748,7.905859556893838,6.2641725482640656,9.870802983402692,7.1322502683335935,5.391804189079128,6.078733145370343,4.466560176048132,4.687497257529802,8.44803422818529,4.4935711661801605,5.792211970080174,6.062563494533636,5.5947683915850215,8.196982015902497,5.4621639867284335,5.351506451428255,11.627469610607305,4.6025675858698385,7.144580572431946,5.322317146954603,7.117219095648034,5.367196824766616,6.938265562441474,9.037132875225423,9.980288829732304,9.211984884347373,9.77296281386704,6.863006105237084,5.616522933245517,7.022202449058696,6.708960104898172,5.444169900379084,9.945639731386901,5.293360187462157,6.850509961374983,8.074479541442903,5.066982687614621,6.286512381966205,5.754855200242584,4.9916162957257795,5.350835651384298,5.009231822687411,5.003365826348578,5.76331392556104,9.344916664512775,7.635372413408434,7.941678493085975,4.464098874873694,0.0,9.763073148749712,6.247115881946876,8.063105997081696,8.976916727352345,5.357063269144676,6.590250029374031,5.849572925041187,6.1825954226986815,7.245828928563211,10.01959226836549,6.741557431617036,5.209506944673259,5.906141144566101,10.445033777457265,6.767673772101136,6.670595780372274,5.471734026323393,10.264994458340961,8.58477188399483,6.613533648798099,10.744280512866355,4.7722913092501935,7.790463646935467,12.18314978881939,7.031580569551008,5.019116403938488,3.562817676004176,8.680779266741938,5.012034241237304,4.489518143210017,9.449711311950372,5.398571543309518,5.697239060803944,6.861157235696273,5.161513410959838,5.385189876694558,6.139393145842128,10.113624592475235,7.00783845173915,5.664890332780723,5.727813666287151,9.886254277188668,4.989903875432445,7.596092313862195,5.88316992599843,8.947410500788871,10.412506400561618,5.471881636118903,5.669057424164817,10.734401983755053,5.143233173386203,4.841379996760923,4.979389049895805,8.33334837621684,11.318500499489428,12.176642002731645,9.21733997222476,5.244688227068687,8.619785493126628,8.909839479406761,8.097220331876892,6.077011737537659,6.582833875368817,9.970771579349307,10.236307270514482,6.398078403562063,5.882383630633446,6.16781665233633,7.120974996359245,7.013742016455402,7.067906257010474,8.977259497809174,11.237710259039584
LBN,8.87282758789865,7.436500191350321,9.204345852799399,6.53924428634579,7.1731267276761415,7.95518552955568,7.357045412521921,8.548009615632337,7.598493594693037,9.243158861280703,9.845383003633914,8.239137847576758,7.187207687569978,8.899340431027056,6.917417146257725,7.313896352737123,7.90774584989709,6.979068183224304,7.1078530715405,7.270989485605956,11.203676824886148,8.711117109655463,8.052184951090753,9.429986093304834,8.03187735350001,7.584341372340355,7.061482556154567,9.396114398651314,8.807125333748607,8.30733894862711,10.117593292636352,8.415462154725098,6.7291331568121135,7.541108934852967,7.521884864486565,7.165677228373097,7.266331862389081,7.757902514452522,7.72212584412422,8.941013659752505,7.836211129292897,7.134960166366723,7.753075976947432,6.63991630999603,7.130159352130595,7.462488153750288,7.319382378511671,10.06784687439548,7.650594091261163,7.042939576184134,7.431224390724675,7.804990221459724,7.2889652318982145,7.482596029144334,7.708744261349377,9.296055009688283,7.7826041977879585,9.093367950770332,8.721824004772413,6.862466403133297,7.4434457649195,7.41463126436372,7.396254848141104,7.7677566310992,7.215287517276457,8.172711702838253,8.541791437491872,7.866675217828517,7.2858415630827915,7.922577796183349,7.641938420475111,7.432446846806674,7.478033658593215,8.291607321608316,7.491673400152161,8.234964948383565,8.377143314815092,8.917392771640243,8.19043170493289,9.763073148749712,0.0,9.230358590259808,8.010283831699079,9.483623055354549,7.495155273742261,7.825783685718281,7.433272209802981,7.238674405034939,7.736265582930022,9.359357200560515,7.244820478144344,7.101648938905239,7.220659146187073,9.96237047688154,8.00352652225821,6.689760257984928,7.679527291990075,9.347917562012713,8.803182911056995,7.5159073751145185,9.189856669239072,7.9928663017738275,8.334846830217602,11.165184102456239,7.090813456045983,7.553883223468411,8.248736232315801,6.769435313635748,7.065139874465707,9.26567992110148,7.90413496287088,7.241542691170961,7.179281509465686,8.238857259650327,8.067048423919168,6.883756502444602,7.214708370258731,7.8206914767597295,11.870014331523809,7.211961115593516,8.36853197854855,9.277693893179944,9.223982736814696,9.55807012730271,8.23166459159558,9.52322185700742,8.949633649283884,7.265030318308195,7.274926424933828,6.77340048652093,7.815536683403386,7.872255341889786,7.606730869530888,8.90755169208492,7.054910309642851,11.571896596141974,8.945802647617873,8.524527287363574,8.327711178022849,10.228589810125204,8.267454352774639,6.926732099698822,6.899051586822491,9.466789803854438,9.505560105734775,7.748397462620425,6.894091004240024,8.058107478803713,7.858408878184676,8.488507668107088,7.498097241053819,8.749141138399542,8.88317137248222
LBY,6.304023432580225,6.36644514065248,7.227054897688717,6.457683821847178,6.164622956354516,6.525628495664507,5.978641405883228,5.551405310345169,6.477587795657679,8.608659529820166,7.6409549493948274,7.917567115708258,5.822338508569468,6.504990138705478,7.859656355095858,5.460046139604669,5.443230609058934,6.542204237597191,5.352352967834244,6.136534195084722,6.997210754817549,6.115726271629536,5.064973212014984,8.875499534552011,6.370873663737767,7.112806032214824,5.198481567375476,6.924884938506713,7.681977232100507,7.351769450558553,7.533839779261451,5.099246785824378,5.805111484133779,8.618726825133981,6.859570723151286,6.525973541477005,7.542987242841839,5.89914502270148,6.429204202547896,7.172280977562774,6.0100559336469725,5.8212648182644955,4.903072984637968,5.855540574187149,6.946433643130115,6.4096270182798225,6.22348854135828,9.6440983090235,5.913139593431235,5.835622118036371,6.658574994827379,4.299668036641935,7.027523650001039,6.3802956774527,7.299338826848999,7.267483998669937,7.576204593760434,8.005750946952679,4.441408699345126,6.4365453241206545,6.770797408270466,5.605575913194646,5.961719796413881,7.910902226186488,5.689789738313955,6.578000698038963,7.379769431012092,6.293675663953915,5.268978783653077,3.9878163534382343,6.71278715870241,6.990826490113777,6.4336365677962535,7.29089911689448,5.946732959441155,7.795473818455917,6.668721536757086,7.516962136176691,6.292235780495311,6.247115881946876,9.230358590259808,0.0,7.9117880179920625,5.614486663824361,5.989434534856442,8.394859863492364,6.436379218901115,5.135441844013765,7.563139031797775,7.947822981779419,7.730670190839696,5.926519747827193,5.4420880052413425,8.334454611020465,8.537409490606366,6.6295297993701015,4.171178552915709,7.585763182317764,5.846335401005379,6.690229729214801,8.289506459517561,5.573234921133271,4.960847728955456,10.478977360151879,5.343723320522319,6.626545511649175,5.720270450236083,7.635832385840528,6.612106957062752,6.125867339424712,7.850241791672012,6.012159120095761,5.063407354060047,6.531734831395306,6.175328984182881,6.2904454957517535,5.361138784221543,9.547452797500162,9.85266908294326,5.92897433018501,6.3831812461961395,7.412052678951179,6.360930396604384,7.217374206308156,7.865067479203134,7.504535559066979,8.452875567352683,5.644937064885325,5.55838244860846,10.219181624008687,5.662103364383018,5.908568394606512,6.103484099431172,5.515868943223075,9.513772424934327,10.293960911371968,7.619193364778197,6.611769168652723,6.5956786818705595,9.441620890003808,7.475644269997397,5.252052502280222,5.776972629124094,8.147299420939397,8.435185096621602,5.592047107726585,6.386703495401346,8.137968769826847,5.816141554519624,6.588664542042622,5.25765011535598,6.856755027784192,7.860496941973862
LKA,7.237894715673367,3.802542604257744,8.29281454460791,5.989149915360649,4.938584129140937,6.364852129586372,5.597151438165553,4.806666010278387,6.47494133448212,6.7606770051718215,7.201684276190551,3.587188100780267,4.69930119437407,7.316375305293664,6.292762033838203,4.278144894932094,5.1004534618979225,4.685726992380918,4.917755566615751,4.782828988604296,8.723553083767463,4.761939348175313,7.072824878719717,8.28798577853231,6.723199943881468,5.984520567085149,4.913807760156043,5.198330909774813,6.003229920400864,5.9784577001393755,7.73267013596549,6.592132138979681,4.368637884748054,5.78383110496934,5.82577636440112,4.491936333142186,6.146815958202157,5.345373692223678,5.821097434574759,7.552870798483872,6.044175959102236,4.002304585767926,5.070841075543088,4.073434051325766,4.009419810820188,5.445953126585045,5.884018561267975,7.067148938097526,5.755589112248165,4.989075552466229,5.499205680820201,6.579741590747174,5.837517957796041,4.941450925705319,5.178304752356015,7.138072557437819,6.003124036869455,7.016829817023766,7.356814566507403,5.120978966091945,4.0142968748637875,4.347553170199422,4.62357385659173,6.477508447203835,5.088291885830632,3.845605544730296,3.9528129553885982,5.991806360624714,4.790236813052287,6.496339489470216,6.819187227353639,6.320973965125093,4.800783733973037,5.918834958019815,4.529253446640013,4.965711751734608,4.24082128975131,5.099061227005427,5.704858348872917,8.063105997081696,8.010283831699079,7.9117880179920625,0.0,7.391211557026735,5.2380116207758585,8.501171176117445,5.355650697006585,4.490261196734614,4.245861418220144,6.660934982557147,5.417278226636746,4.4555642207056465,4.6556198623413545,7.676927734263806,7.772779687501808,5.264006711124404,5.476968130882348,7.7350100212703525,6.830067362837909,4.111902490224433,7.1544316070367,5.070089703503844,6.405817712510679,8.672145317048356,4.074797792383384,6.614737654659992,6.047954891373294,4.313653129115251,5.925314068581356,7.97487932870321,5.156624128313746,4.522057590368503,4.381550008144043,3.862234705755033,4.697536052475084,4.649668053276049,4.038121931926409,10.73683933148871,11.300191456828129,4.094168695026221,5.025512091395052,6.448029034878139,7.987032914545316,6.477786379673757,7.497194056395271,6.93054884105949,6.620947314902162,4.370458664120765,4.324057233748391,7.87624237484564,5.027167489671628,5.292855869500499,6.110346752304399,6.221020515185196,7.928939102870018,9.743775829833147,6.085993647588682,4.768208914659262,4.075377001040814,8.792029936112241,5.002211995209605,4.828958134625207,5.136176610116789,6.730484517970325,6.456387481784268,5.498508330937303,5.025820960536169,5.953399125721084,4.375350892677913,4.249397666596995,6.159520364295458,6.263918540396564,7.569113488123809
LSO,4.830579367070418,6.877726623253897,9.062080597431224,7.942784670773073,6.0462484496916415,8.244193042399637,7.50889085216482,6.609169539506724,7.819364268280774,5.978807006880997,4.540558631040778,7.147081245476936,6.551840071779067,8.793260551969803,7.7330007537333865,6.09307374611213,7.152349716121229,5.291608514745284,5.492091775752046,6.811832228340085,9.006863022638113,5.399069735672843,4.510482177905831,5.985771172137467,7.92823789112317,8.367127788418953,7.0304519112906885,8.285943252286877,5.431300824099836,5.2546651250579455,4.873536437596047,3.9780883734575543,6.388979187928424,5.892469454219473,5.590129247432837,6.767230101154636,7.625990601024694,7.523992419581215,8.160755955831245,4.702037885221812,7.590695777382759,6.073554002807864,5.866007070534198,6.305478186094006,6.928492751821928,7.613513742552501,7.390675222156126,7.767718027571265,7.394901866315976,4.212653324962845,7.725118789707826,5.39844869170047,8.018888882303063,5.8893880319347645,6.2925977951571745,4.483897139024403,5.060958972488242,5.261864156523255,4.082228993578005,7.314538514181201,5.643026652052327,4.453446582525514,6.510580396551857,6.646041866876289,6.942412638299702,6.976876686142201,6.770333821282586,7.832821898250717,6.868196788671231,5.653466630213035,8.29707636601057,7.990364864883873,7.927632711314963,9.047898640590242,6.977261520360864,5.101238536624357,5.5547255624176834,7.214172939494352,8.560528551098065,8.976916727352345,9.483623055354549,5.614486663824361,7.391211557026735,0.0,6.84211713651197,9.176873783235388,7.234661903813608,5.281549725595841,6.89470381590216,4.875444123790283,6.96272903445742,6.863451062316023,6.360072748845249,5.760047535160701,8.542562927883244,6.900746853523125,5.516932864249446,4.570151341708908,3.974655412837439,6.0170589826147935,5.323606252738232,6.979641064470777,2.6957548519627483,7.836852386379247,4.927970339882398,7.931302396191223,7.984035801861587,6.402986845425171,7.685786308131533,7.967485026247399,6.317428834175455,6.099205233111652,6.141821662557179,5.538680637055389,7.470745527672693,7.026542372312941,5.503736950182296,9.575580082467237,11.567534902906187,6.703794581627702,7.93320121566477,4.011878241025401,8.38896738818482,5.503118458271567,9.212745600896598,4.810596148091944,6.1882251155529735,5.394991110664195,6.463392441077662,7.800623452781392,6.7337815536881,7.306485371124495,7.6960207399774445,2.9597241980140727,8.696169009824315,7.773343311060422,4.71526204572924,7.116050828859297,5.465550104162415,7.0664356097663275,6.323443713914151,5.368830201501416,7.256035457235547,6.517232460711249,5.990570221164588,6.031682861790384,7.097775811455888,9.129939512992292,5.94473912916151,6.8177428323643285,5.069249645758019,4.604137374477248,6.378163902786368
LTU,7.994717630054518,3.9109468323720864,5.3633061874125545,5.397649285746328,3.0454085090515783,3.5459787191668672,1.7887822770849515,4.168171830765653,2.1400187841303167,8.715238367406902,8.813325512328095,6.903088620168678,1.7909124283913254,4.440237793196381,3.4707956098309083,2.3458791917301336,2.765033758966084,3.635189720903011,4.601063689564068,4.45442991958209,6.579774301843895,4.58310066093314,5.270038783608092,9.966044639422462,3.692014869726215,2.5496129666701477,2.7717878455046128,5.376464719099902,7.741002491934158,7.622177396651828,8.970191990072953,6.680568265031543,4.1883488828231865,7.743143816402299,4.231682395884208,2.8077866113571224,2.3446897157632973,1.8996851015639642,2.921702672757488,6.398987879460195,1.7732659949509537,3.8080577847298667,5.100659347701996,3.967310552596889,6.00562407109201,2.7315616303949315,1.3339917896447324,10.217964850776175,1.9052785552567741,4.066921678245587,2.9452752611716533,5.903543643064358,3.1057415360726397,3.227250507919964,7.101162585916591,8.577443698804062,7.363294459475827,8.577934138100401,6.331610061404427,2.0680836635469193,5.296244353907449,4.54730286401723,1.5339236454065448,8.40727990917971,1.649813262467252,5.76955341148494,6.451884957310147,2.6690111415299085,4.349328104444255,5.480719636959428,2.971423837766076,3.60161388730162,2.8122546835746007,4.017932774314705,3.820860375395787,7.131279178005986,4.577102710525172,6.936769475111252,3.097861709424901,5.357063269144676,7.495155273742261,5.989434534856442,5.2380116207758585,6.84211713651197,0.0,4.075263760468283,1.8614316404577431,4.187606816374406,4.368936974227144,8.527490792542917,3.5670200722193246,3.898542459638157,2.1070102635504164,9.525494848518811,4.00903585034791,2.375059838986456,3.904599131185283,8.874163495407629,7.2687576322588,2.95625174252681,8.948347241566879,3.2035065518407944,5.812561504341735,11.23275454276763,4.486838436423216,2.515995381392565,2.722216625500626,6.442873761234496,3.0227780423790866,5.635305464956158,7.762334387278024,2.999416248765833,4.0492994095174195,4.788306427389526,2.4403402960196483,2.0979418432810313,4.066763785924333,9.42818043678621,9.112182265160193,2.3624018531226514,4.12049306464184,7.801099968146793,5.86452571538764,7.3924669427539245,3.836091025436229,7.530625697487034,9.004002524398917,3.4811673880495566,2.001602964618924,7.9594165488703075,1.6698600100308023,1.7485608722976742,2.128882758661249,6.0248097602646205,9.294166635710766,11.498665141900437,7.690907419719577,3.8987607927061227,6.224475954259095,8.32736207416771,5.513882408929327,3.3742538705543352,4.164143344980808,8.960990689824351,8.79853576748194,3.2628618669630756,2.9818083410567513,4.850537096702345,4.964198397708913,5.247236229269786,4.997794501443794,7.404809580716213,8.762257776178863
LUX,10.264233837721445,7.184357005336819,5.900893806399152,7.606145116803517,5.389248120109114,5.190551472359166,4.139975600783164,7.517578980882417,3.2116585114567235,10.903686036990043,11.197043339475316,9.856791408076663,4.780469422262024,5.618499294304339,4.218808748324192,5.7013781346019465,6.011694170239093,5.894105345233743,7.353060244596559,7.203282900791981,8.318912980114233,7.551925940038306,7.062779138578733,11.978474001225743,5.228569376741681,3.8583438568327817,5.784816553823717,8.339144946297987,10.067883195046907,10.033791001157665,11.251438239939333,9.046272148954696,7.007362659271895,9.802821406245792,5.8943240495175,5.31935104068312,2.6790307887819753,4.6420827151688355,5.128507251094428,7.535390968306842,3.982091645663197,6.729938396026331,8.00224904636251,6.7014763972873155,8.847765558965824,4.924557495431783,3.617355632893115,12.772802633656692,4.489982647960259,6.637773752753373,4.94923877658358,8.327492194184707,4.719087871914194,5.7160280007881505,9.636428848283535,10.922672936774335,9.434348506823586,10.881845344298242,8.384271578788198,4.416591333151659,7.771054954795328,7.189558738283723,4.788941332870218,10.77654430099304,4.709558828689789,8.971706183066583,9.528284262533834,4.190883182018301,7.295702872815241,7.834092574494881,4.092263332535254,4.687113596715557,5.419643131391527,5.981857995840909,6.493880865021671,9.741253011627947,7.562365492339573,9.590934336111104,5.609675067264774,6.590250029374031,7.825783685718281,8.394859863492364,8.501171176117445,9.176873783235388,4.075263760468283,0.0,4.639006458607672,7.056634471037134,7.123709634906767,10.889727993870299,4.590858202682567,6.541834180762545,5.307445821386714,11.823655988285592,2.75354545749169,4.502985829847219,6.553133317457291,10.980634860761802,9.446647416201847,5.69759291188539,11.227784072558139,6.027133110096005,8.039037625034064,13.516292196440842,7.42177546800782,3.4629735919160214,5.185548154334487,8.959834865727984,4.6925194204244445,6.980642768379317,10.347616678890518,5.3734544786767655,7.0810094966069075,7.810950006826889,5.656079544918325,4.495812376341494,7.145850496086715,9.821359733921787,9.275121080681888,5.640968691775616,7.071997390178371,10.128784778493925,7.303326317713002,9.680530974926665,3.269752400686605,9.613444696246972,11.388096993092017,6.237542061897006,5.367830494010941,8.286508481743226,4.881330650280689,4.530681054278514,4.115472170909472,8.670947410420434,10.740055449953557,13.53389336493283,10.073010365964729,6.660221713831143,9.49538904468767,9.566716543857462,8.10931503168787,5.969474615630969,6.662336430943851,11.505139366573129,11.256870205076845,6.164921770250126,5.518924363379163,6.533373584506659,8.043139326827864,8.210691700538927,7.304444165542037,9.608844704421893,10.956899493533728
LVA,8.630761120785463,3.4825333287965856,6.941085206309331,5.543484674220067,4.22079922392345,4.4777694024004875,2.4896535947021636,4.648214485941625,2.800433739018856,9.19532864884026,9.25956015134355,7.489970816624025,2.126043974147821,5.141017470119627,3.6898553408737857,2.386083016255248,2.930333525607907,3.8737542629471897,4.990633040749192,4.719258520991168,7.027596197811702,5.097895999367241,5.684286805653827,10.383081795084454,4.99854874518629,3.6801589683155087,3.4224641849204254,5.713364755871935,8.30453672514864,8.093757631459013,9.60430167631791,7.2522059273772665,4.6015819550277595,7.963141373096802,4.367743662758833,3.295109309120169,2.958499567491382,2.594279214952098,3.3808023480793024,6.707737480752004,2.5954026425331325,4.397158851020501,5.666357223793908,4.254848175964088,6.611780194065191,3.4785265951650426,1.502971050486037,10.780233184556627,2.4322713144257686,4.192217906671267,3.177525550992862,6.633066044770649,3.752031666267975,4.5486350212643005,7.695263681622287,9.03074066497838,7.741105735670858,8.842331608036094,6.939691528490883,2.177907283721258,5.802406731596469,5.16003559247519,2.0559915002625395,8.592615649605458,1.7353695869763577,6.360980116516585,6.93690726086064,4.021256573493014,5.042474060223482,6.118728234839952,2.8748505075562507,4.121922175665176,3.051428737895618,4.132866037160988,4.71533041197361,7.532700378247876,5.302324233715797,7.454007951721229,3.6743519837360736,5.849572925041187,7.433272209802981,6.436379218901115,5.355650697006585,7.234661903813608,1.8614316404577431,4.639006458607672,0.0,4.564281807769473,3.57260591118548,8.977808979241834,3.7113733489151643,4.544772492987545,2.199246026255304,10.021204080912385,5.063819512213751,2.110242445908999,4.733790294931009,9.372708918077276,7.94751638464159,3.046151371877685,9.31254918837678,4.260836812580307,6.420747189928261,11.678753699299905,4.964667334319552,3.07457055668583,3.526030300472076,6.367052123940402,3.6631758290181855,6.893334659421514,8.105296701911115,3.832230981630316,4.69055803221647,5.295603886346969,2.750737761769773,2.933915061777021,4.713882031015836,9.39406320071741,10.4769486643445,2.565214944426844,4.49352977349268,8.429509310441533,7.14308854448201,7.875499655440416,5.0626237611649945,7.945342720174045,9.439241702578913,3.7608235429092742,2.1093556799619972,7.925667945332318,2.129635770327977,2.464134061664371,2.5010674867264466,6.421805671692006,9.919463932034397,12.194034134056388,8.142335863454097,4.367446579599114,6.764010476610782,8.041300357807991,5.033540913719086,3.6693844499161457,4.5720612563429315,9.579103864925454,9.415332358556679,3.3577813856246643,2.885883825008223,5.404042551561817,5.618901986068513,5.911296274859068,5.466715296546599,8.133803153895276,9.221988159822645
MAR,5.381756951743325,3.647935923364116,6.7344321819813535,4.958298425329612,3.372430254813492,4.96901571232056,4.33567506078248,3.7531125424518703,4.845140378021082,6.212271740593479,6.049580793682079,4.540081838493335,3.5558817975270056,6.107167420592789,5.653164332370833,3.236356636034787,4.061468957061211,3.4624550195156387,3.2219432799578342,2.859803266970546,7.389500896369602,3.408664297346412,4.933746722250405,7.443023605423284,5.026186161581908,5.175685882724008,3.298155403447253,4.4084024667785,5.263132010839255,5.048175579096262,6.517605925380275,4.722739116243883,2.5720394331062586,5.788441756490405,4.049316345967716,3.2345378372267968,5.217227117115601,4.379176889864396,4.805672101100677,5.4551851933709345,4.547446052347886,2.6716423870215222,2.3975843899348193,2.7801066867456865,4.0196235285478235,3.868519304128902,4.819089234532971,7.445873828233477,4.331764205103111,3.413812159854857,4.210849600852191,4.5076947038578,4.7049046431733785,3.7289935594969776,4.751441666339288,5.736957067979866,4.99794235098847,6.115489577929167,5.083677495537536,3.894576540050446,3.3705139364332277,2.4785893573974764,3.6815500254806452,6.136575592903183,3.8261399840928028,3.6271517445026698,3.7043362873493657,4.912885158216542,3.1935726960265973,3.4023762712341714,5.644207084564152,5.057926422756134,4.022937983361828,5.4495769075226805,3.873584732485713,4.917255672909193,3.6457778365310785,5.071669193244671,4.942815765260413,6.1825954226986815,7.238674405034939,5.135441844013765,4.490261196734614,5.281549725595841,4.187606816374406,7.056634471037134,4.564281807769473,0.0,4.775725367091992,5.928812112735047,4.669592405781291,2.970305758391212,3.3346864549510413,6.622204284827319,6.505638076333289,4.485847684701598,3.3207840086672635,6.222121935966555,4.8216193360902135,3.8974518406313994,6.472590585117467,3.3836200306740376,4.0686856710513855,8.540319240582944,2.985295317247814,4.864282844339719,4.8002146305832945,3.996172849043123,4.539970755141322,5.939173297555983,4.621321692336242,3.5437294487899003,2.647577591583606,3.241535219345491,4.211473553767229,3.4632045933404534,2.17415772013737,8.685285312031644,9.842652505151252,3.3360338195989483,4.571495753452063,5.32762342330142,5.985065290120078,4.8596236206482395,6.463752565701146,5.857995189491091,6.4821603184466765,2.6469926061348916,3.399046508654047,7.317690272506362,4.069238997208826,4.549034906434508,4.510916239310562,4.652847518738722,7.4260416489238565,9.052261108389507,5.3577432378311975,3.6716365881741404,4.077010331966282,7.457032260706604,5.250223484078817,1.8534559609758419,3.518560450020286,6.44598236560976,6.379248978364068,3.316011861347569,3.675194217009321,5.738770980503519,3.1179707085088864,3.832362097428885,4.111305086647761,5.544137061772755,7.058479505957713
MDA,8.273192820144814,3.716256434882199,8.514863569538813,5.936470485570226,5.559926158706198,6.194050358888708,4.749845065832982,5.057288588963958,5.3237779270245875,7.719691446510703,7.901019526583076,6.325080625104216,3.396383269408938,6.307042706105073,5.189640348064804,3.6390465386359496,4.048957064652773,4.247250211455507,4.761500556943305,5.031244464957682,8.229228248091292,4.515218753839696,6.636035755897377,9.273939373270322,6.847862777412768,5.745730798028533,4.988131467682069,6.1018675690261235,7.04170099667313,6.958624805982977,8.585983789355804,7.381962780349525,5.15557419879725,6.573043911308518,5.0983048987410955,4.39276340585837,4.8946561021167785,4.36022635426779,5.076512099261882,7.158346008643939,5.0203879923999475,4.269519680813329,5.962670239904467,4.19470364669167,6.034289108472875,5.609010122064678,4.583928614722476,9.352471717593597,5.094514380822829,3.644759594579735,5.014515796727864,7.214643054042064,5.3688438042591855,5.648756179747645,6.559719030827841,7.83566558161685,6.847408093657692,7.471274675585259,6.986284548826761,4.487728876630761,4.957137728876975,4.886430158349757,3.5338950922030734,7.818674141982771,3.664287490242989,5.695148901660995,5.9147205967034155,5.811536154896385,5.572317095244673,6.846315220551741,5.080383570453301,5.662374910096304,4.790452904256574,5.411663428372423,5.159751879199324,6.356263566085509,4.6878486154646435,6.067184138144099,5.250264091724889,7.245828928563211,7.736265582930022,7.563139031797775,4.245861418220144,6.89470381590216,4.368936974227144,7.123709634906767,3.57260591118548,4.775725367091992,0.0,7.6061090695252,4.346659982513026,4.690064552020203,4.198040533487165,8.720758690283768,6.81869620220478,4.365942035552346,5.187272240763803,8.49504239644729,7.660574587593605,2.9379947971612315,8.104555080655036,5.228028764970837,6.627238934103191,9.842322043281365,4.7291404906817895,5.241300125145532,5.585539645868811,5.462299443311914,5.387236367919223,8.157898101051824,6.782438368633069,4.851740305922765,5.021328840060183,4.2906409604131275,3.7966611526493583,4.646588229720971,4.698204764402248,10.134186637126101,11.638811954345455,3.4388427821707426,4.812148074894152,7.7000132497689995,8.43878108847028,7.156147523430028,6.980522616758461,6.938650943823654,7.949391432612104,3.721892620792547,3.443431514153902,7.680226618580109,3.8255233419759436,4.381348782445312,5.237297711131175,6.529331428482618,9.734763797322334,10.923910885475944,6.705366073966732,4.109889433632133,5.837381085984169,7.287843716174065,3.4792706309803068,4.708005083976128,5.269770212473871,8.320590753195873,8.138630462007967,4.523658144209205,4.258688032757851,6.291628625969215,5.2802450309929245,5.081209075942338,6.31974470496276,7.404979587323067,8.277850197326057
MDG,3.720300380779658,7.937416850770092,9.664959576175404,8.097361794485657,7.111716610423978,8.884018706725026,8.778466168724318,7.560404793319421,9.33590347193582,2.5919613070614442,1.4148988720328375,4.961297405517338,7.846353910165349,9.860218955868062,9.277558843272939,7.787231492085679,8.451357485325415,6.489542895259341,5.339034818426261,7.000647254624727,10.683836919415661,6.283913921269538,6.589138405626072,2.879166073138816,8.754822571983055,9.276324926390057,8.003491562912886,8.371177702300832,2.505452267948339,2.3731885525620213,2.657519165547152,4.557728934469664,6.411193340661498,3.6356409834581362,7.2324396864112055,7.5840810048992795,9.068062790419551,8.610619636872729,9.056428198819422,6.904765339912215,9.17962654514409,6.457076620875627,6.0662077406107295,5.986965221261107,5.770027979400576,8.650484268364828,9.183918868141692,3.862486167577404,8.873973918794158,5.62950143841096,8.706389843435067,6.441600889168171,8.751818505169501,7.0785731484695384,4.371467726762825,2.248863376648029,3.2498457071283777,2.6019424058968044,5.432275546994646,8.584385651006006,4.238348351503205,4.22268765749096,7.928179127049643,4.90878085098047,8.371672945948552,5.935475805673416,5.438552593912229,8.96163779694917,7.157176391202393,6.5621523293190975,9.7026220820591,8.64353682943137,8.677095646151155,9.528758988882604,7.363928555212196,2.7100048899095928,6.185963920555071,5.691739537187516,9.425584432370506,10.01959226836549,9.359357200560515,7.947822981779419,6.660934982557147,4.875444123790283,8.527490792542917,10.889727993870299,8.977808979241834,5.928812112735047,7.6061090695252,0.0,8.012193220090507,6.7164617877528645,8.085371910075533,2.2990344982117743,9.773067307204562,8.646051924702622,6.738501508397826,2.036163288817562,3.4437142829928162,7.422837742994838,2.1011162111653205,7.683172073378842,4.641546316092525,3.7170035326590916,4.783910799693682,9.232334325053118,9.12913658929981,5.4640476091080865,8.369846754677736,8.541282105266578,3.6979751371763205,6.873201042865197,6.179774333188822,5.051641957260071,8.504013375385695,7.859670209910774,5.731721633880545,9.866396183605072,11.452748746603174,7.710577437604515,8.44008146251344,2.710269848301319,8.680960944025593,4.194511252542353,10.282668187663967,3.525707770973638,2.7326071527806435,5.932965979282224,7.991426317195303,7.283296485966857,8.424473403043157,8.707626260830464,9.22619153331882,5.6894220028027345,6.395875527499734,4.228037451429964,1.8881884402495333,7.305667894224112,4.8699931418351134,7.031785994649505,6.874068004374002,6.638271830229751,7.832133657732189,2.8378618904488015,1.864957128540573,7.672928005727146,8.165434531769334,9.248763122931491,5.781209231156095,6.524304751607659,6.765174321319186,2.8833194832914226,5.571810997516064
MDV,8.381868425161317,4.615341435846905,6.958678058439759,6.778331147395379,3.9938644335291973,5.384817238137675,4.04475621299827,5.701381359168296,4.149633393764961,8.036664398949801,8.267410384729347,7.067981870202332,3.49986952542003,5.944593635722956,3.787055567430042,3.489451932316286,4.91310619987955,2.7778960388531218,5.604912422753996,5.597318600629488,7.78517735523748,4.332288668204581,6.2223835161499945,9.456935459051614,5.709167015955445,4.668999028328712,4.991021748626724,6.690379372447295,7.472395256166852,7.541085434248768,9.100440790118794,7.344185262799693,5.300364654205633,6.540566572061949,3.2714873072958235,3.5303831634530973,2.5580817887702167,4.295521869025222,5.307282295763614,5.8567377422824585,4.284476140406611,4.78825492555875,6.107606788814901,4.691963563112192,6.765134101883588,4.454614850643939,3.6280355372596786,9.769745779614755,4.2251580100874815,4.075718965931547,4.534314706137345,7.30246898488616,4.843252025006583,4.21313397939183,7.271865831903601,8.137928638911134,6.69728428953659,7.827093647403854,7.156709119990086,3.568009027953874,5.049388827871002,4.6805330832293635,3.059588525978158,8.499442616685347,3.934063501106804,6.750026281538118,6.756226443038531,4.469973372197829,5.982719070795655,6.728826019368452,4.518553730131126,4.853473775549246,4.546245659302292,5.872093841494551,5.23054403975454,6.90767636334043,4.8482410077587845,6.89206140460393,5.450804601223826,6.741557431617036,7.244820478144344,7.730670190839696,5.417278226636746,6.96272903445742,3.5670200722193246,4.590858202682567,3.7113733489151643,4.669592405781291,4.346659982513026,8.012193220090507,0.0,5.258933774598865,3.558017135955566,8.946758073529029,4.253814902773381,3.0960334443008213,5.055897527805442,8.480831616508542,7.2107868314934045,2.7780150728446875,8.308616365363747,5.043940175837986,6.06550426736492,10.359725817719639,5.08177081837672,4.364726703145499,5.180945382976084,6.031716329265405,4.510872407730197,7.069331622242091,7.502929621526429,3.9849101546034364,5.529341828361469,5.434286180429919,4.543848553977627,3.153949286039051,4.956296637706078,9.876336441013581,10.108903356188357,4.043456285086662,5.984044667031166,7.252848229027004,7.437250506786257,6.966051582072652,5.235710605229343,6.700175224076026,8.575606623826054,3.9438589106375397,3.7030833675305335,6.208094725821993,3.871155379362823,3.7394535333502947,4.445474413909852,6.367862057834604,9.118628250839711,11.03233789560408,7.157248725259686,4.781104370690004,6.606793712704595,7.350542235806147,4.75269911665987,4.047213554967506,5.61602032092128,8.840220122825777,8.460899631368857,4.71569242643657,4.219185406210138,6.268603438137164,5.891221347348112,5.843290959357179,6.30996909545866,7.52439563297476,9.056992418717796
MEX,6.317072638307792,4.621634271124241,5.5019319841206284,4.342952268053487,3.96508037415259,3.6755949527965144,3.5417916634354585,3.8175788403383972,4.08994143463307,6.673252907548142,7.097532936548331,4.381299083048242,3.101118723638977,4.77643250055848,5.360911123030964,3.995981204999511,3.6936225616522584,4.742680778941174,2.8020806352411425,2.59528493102169,7.292277405430918,4.653723994993892,5.533251127333615,8.251418069308135,3.981278553933721,3.7983840461514196,2.7721466100189422,3.733046992444667,5.529869496194861,5.460840057336019,7.136886276864306,5.696952740173173,2.6833012279218607,6.694303868613652,5.413390099737541,3.209253139888113,4.937697855531777,3.243995378589572,3.227023105380985,6.795613365694128,3.917326586053481,2.337915329434395,3.3892677553305206,2.1677323134961433,3.828836525706623,3.5815060575402606,4.5794904624055635,7.929571816837872,4.070805588346019,4.4412003408935385,3.5513845629896004,5.094338779272728,3.385907908664144,4.277713102089048,4.83324051107269,6.945647093826831,5.944690039667452,7.142359038823415,5.501393810434056,3.791362998625978,3.316615040214063,3.321898194346479,3.694705374438658,6.552327103651054,3.3397733555389792,2.9931774806176232,4.014152391704708,4.058419356953181,2.847372970559664,4.078147994866856,5.049728847314615,4.081125002057754,3.1960632014677848,3.7133569228034484,2.9349332371232264,5.508481281436355,4.512995995518546,4.957332610322094,3.460700867277917,5.209506944673259,7.101648938905239,5.926519747827193,4.4555642207056465,6.863451062316023,3.898542459638157,6.541834180762545,4.544772492987545,2.970305758391212,4.690064552020203,6.7164617877528645,5.258933774598865,0.0,4.143023064884767,7.547690258517019,5.956544146227102,5.05660440317203,3.625555265490626,7.335020689671463,6.108256583572009,4.412484395024846,7.515276809850681,2.5089341333403268,5.5652616299359146,9.139402382827617,3.635023148778185,3.9418259162704046,3.873751621771468,4.931292727460442,3.6966646069689633,5.28151457834386,5.239409529288561,3.2495223818924464,2.1169151929454872,2.7686820627682693,3.251164960233228,3.2170860242703196,2.8525065449192426,8.786838072897954,8.637035359046507,2.897075794600184,3.16889658746983,6.76395719905636,5.1006148120004715,5.703924805262357,5.168533841027817,6.867721115768919,6.948501756074308,2.7318766329672455,3.5010954616219756,7.9875081608386695,3.8236241696251514,4.120510470848536,4.111424922931088,6.369317232823496,7.649990364110213,9.493772659514507,6.043585311420794,2.65093545783376,5.236091466569775,8.082491797038516,6.191402899653728,3.410132598086131,3.1186620397668916,6.757876777723602,6.853985351939203,4.0466081660978475,3.723752224696498,4.017370054260154,3.579750513475811,3.680597596951561,4.599645097125372,5.802000901554598,7.4818805316908
MKD,7.484185231129205,2.5283748557974848,6.478589351431212,5.356525301276132,2.9497729914195374,4.6972490319098155,3.041946339049479,3.8687231006978853,3.582144399590377,8.26795835015091,8.272445447278027,6.457842777941206,2.4282110617826644,5.19249482619,4.130472121161924,1.5650290149566384,2.703192205858309,3.0520797707310368,4.547825512718377,4.372085176028976,6.65441619119175,3.936754478518992,5.380053276213125,9.373953164973715,4.919483760020968,3.9931096558460806,2.8645888520106157,5.307227881990394,7.388573193438433,7.260521816159545,8.706634030322604,6.090615428041658,3.913299343741266,7.097444287166517,3.734769350974063,2.8887832910810265,3.593048306934851,3.114652718786909,4.1868840106265415,5.910031479794942,3.1101194051392222,3.6372155335842833,4.511592614540966,3.8261607561086133,5.5610693063495695,3.3274156190046362,2.4382458576677335,9.577845274268089,2.8961457502533943,3.633205356862523,3.791978517255711,5.294846676612803,4.4105404065519425,3.425802893757318,6.510939336682358,7.864535511383856,6.724611773701654,7.971365589840003,6.259670339473782,2.4821792823177864,5.059087791635309,4.169123084378284,2.276164494856572,7.671196052771123,2.3181700729337775,5.363224543172702,5.975121506729058,3.633798824690549,4.098194294288963,5.1208044026006245,3.9024279709605545,4.72891565445965,3.317173946201859,4.961904891251678,4.0198044521250615,6.760469185955824,4.294968245007467,6.3661107049413665,3.9991388215905403,5.906141144566101,7.220659146187073,5.4420880052413425,4.6556198623413545,6.360072748845249,2.1070102635504164,5.307445821386714,2.199246026255304,3.3346864549510413,4.198040533487165,8.085371910075533,3.558017135955566,4.143023064884767,0.0,8.917056243617164,5.381189169510903,2.1283541495251357,3.5165045752997095,8.368816297997869,6.641502730443515,2.6745899535395283,8.457953210097688,3.4256188814809128,5.319032428751256,10.744830220617665,3.9180790866261255,3.9231819548348503,3.7000114136121924,5.441769387415479,4.039052065101532,6.306044711905312,7.116507937000759,3.329038330670491,3.8814722458075215,4.859190917105861,3.25320981228133,2.6776855007249174,3.466292905386528,9.400150621054705,10.069161438533907,2.70426348607445,4.585942359745329,7.2129296262694655,6.617387889335106,6.9409781646395,5.146604539548702,7.199942278523429,8.349670316198306,3.325585034322586,1.7512680829350222,7.662731866343678,2.4433776239024865,2.6939111254498345,3.1774352803902097,5.268925784628273,8.772959578639512,11.160821944050102,7.283104625946913,4.199344524359843,5.491705851485657,8.416687468716564,4.894099337865559,2.614069902978786,3.973003478753364,8.538252930163576,8.422241845123475,3.385935468396269,2.891044649517773,5.795918552241308,4.630468495283441,4.865990251070058,4.9065763090221495,7.267494216017379,8.389538643589827
MLI,3.969242012880589,8.73725343911147,10.111381085154278,9.060274729102204,7.90980100419458,9.677195876445072,9.726210046114852,8.01103466339276,10.31870867644081,2.469705039879171,1.9101978853760584,5.634822341146895,8.87625313252718,10.356324869777032,10.21567306978246,8.719768612146297,9.305084950788325,7.337305305363507,6.111061913415893,7.875856512962654,10.71699818374471,6.790540784183153,7.513870925764694,2.7254643210184213,9.535042420471232,10.190911814715509,8.890498088548718,9.020733902559734,2.789590823742233,2.993851280552686,3.5639333575794,4.964234490613867,7.30225434387936,4.180475954318563,8.18326176907491,8.515915538976929,10.126283880248513,9.566571366192678,10.047295959272715,7.7328426864836945,10.063604738928916,7.198163248282875,6.488878478190222,6.92022215545973,6.37618107062504,9.600182413637402,10.206425532806783,3.6943061867761813,9.764707456253785,6.5404452351484155,9.747010199584343,6.622108730903726,9.78424797246006,7.881920304358779,4.667955769225989,2.050201362931024,3.8909808968685846,2.6294087084124813,5.852546143454277,9.627773359917235,5.204453296390879,5.30583445496334,8.923751628778076,5.585979329565692,9.362261925269664,6.339721715018852,6.066734835977624,9.696204860132417,7.931017611399859,6.936888088557307,10.58420279282593,9.577491403631253,9.64961069733051,10.602694479560714,7.982223484452895,3.9007913030035186,6.945740833673923,5.830263999004914,10.340459585472235,10.445033777457265,9.96237047688154,8.334454611020465,7.676927734263806,5.760047535160701,9.525494848518811,11.823655988285592,10.021204080912385,6.622204284827319,8.720758690283768,2.2990344982117743,8.946758073529029,7.547690258517019,8.917056243617164,0.0,10.740773502775726,9.607506831355979,7.223375329979507,2.5601378035822986,3.4871946374516596,8.46166095049894,3.240540959418623,8.27663695518649,5.324639765238653,2.8529618267274115,5.791135328177368,10.227240538493785,9.785927195451125,6.356478912304419,9.258903123258413,8.694793630127776,4.251323923640753,7.834096428393726,6.974826374114432,6.232085301048895,9.515882971918158,8.819524741810238,6.2814833278313404,10.408193168214511,11.317024199081668,8.749733398588324,9.291598157261788,3.487693846093274,8.82493665567277,4.0742350532315585,11.148264965294533,4.230017947170344,2.8947826049675625,6.926067110639631,8.958219589078098,8.146386541558156,9.421354540709045,9.605780771223838,10.20551758340877,6.305804028965808,6.735169330337567,2.939990910413889,2.5936356887571783,8.128914584772506,5.459891553202219,7.922122937919049,7.702881573548901,7.601006833026792,8.731505666707767,2.404682510056416,2.571300128340658,8.814498536288603,9.089126325844926,10.150614370489576,6.317705274248358,7.06054205057017,7.699575577510287,4.240217575583306,6.547377907301292
MLT,9.399758637253605,6.909473749903745,5.337345607105381,7.366441604522913,4.588175569492336,4.957735782643649,4.4531340058598925,7.016514642698083,3.7317912424484785,9.594145367684995,10.157800022650715,8.75760983649083,4.590971976809568,5.588923448535471,4.048200374208182,5.7036522785770964,5.904099525520671,5.294643386956631,6.697104822499647,6.579341158281661,8.388048968274129,6.5007017316211515,6.986402145966512,10.990258034341867,4.8910037622260845,3.585843165873191,5.438220246690287,7.952843438592606,8.857652497847774,8.910275674696917,10.210128720853975,8.500107708500188,6.3762152571022614,8.752230670763932,5.029419317496017,4.514641984182365,2.6859396010505026,4.707040293958324,5.277115991170067,6.969076006419213,3.989418497340515,5.897616472009901,7.426630195626243,6.189405070885895,8.153494089749831,4.746799920408684,4.237930137784522,11.52778568503827,4.686888014309288,5.961442624072793,5.018076696482861,7.8333988135231065,4.485359930018171,4.623462487663447,8.547603429796176,9.97296882871913,8.260323614295153,9.73783089202538,7.899334207028373,4.55709722930186,6.65788697372045,6.244372392303464,4.569602381360056,10.094486503641324,4.920844464173363,8.1340926430503,8.65553940862609,4.225582009617893,6.88198226049533,7.715310212859698,4.522257671441184,4.436332755050492,5.495946748970924,5.991686415338051,6.0905508169929625,8.705811287746137,6.4265159934773415,8.587291780613874,5.632543470401919,6.767673772101136,8.00352652225821,8.537409490606366,7.772779687501808,8.542562927883244,4.00903585034791,2.75354545749169,5.063819512213751,6.505638076333289,6.81869620220478,9.773067307204562,4.253814902773381,5.956544146227102,5.381189169510903,10.740773502775726,0.0,4.692411513163021,6.205582531468644,10.099814995291085,8.53310661953061,5.350435292667962,10.256067196035877,5.54598639498048,7.424399566727908,12.187787823561267,6.59291232065107,3.7385063916828734,5.124353258450986,8.229357651740496,4.41281145393254,6.496995430801668,9.434602964203588,4.792570584763857,6.2789517381982565,6.7705031351749,5.595312362688665,4.207980461723257,6.2425742910301585,10.248608467897558,8.518370927232624,5.536836557990717,6.745688155251671,9.038628775076557,6.787062758887206,8.570572097732905,3.1028529762467643,8.538176618545844,10.24316240198321,5.448996538416898,5.392747311591319,7.54123780254735,5.0709105446259475,4.6719189634,4.405673079841668,8.260647281117723,9.89954781896497,12.281873361978477,8.834593468026736,6.01725341195767,8.510537190532617,9.224573033982958,7.6390525428257385,5.745842138512161,6.413564187147598,10.319634954402344,10.015450079069296,5.954869729333669,5.056448940800828,6.245027266507085,7.251076676550402,7.4818331018371245,7.282199590866633,8.588133170357676,10.248496267169612
MNE,8.09342173794316,3.5111213661870133,7.057994146264243,5.633858857418194,3.533155172386497,4.777579663014524,3.295905451807153,5.139340934955555,3.422072491367709,8.74402204957474,8.951068365093212,7.338632425951019,2.673693654462843,5.776934194963028,3.0126228925612555,2.362516212623908,3.8048118278356307,3.071120553621451,5.212695193994421,4.927704868415134,7.4801370074566504,4.995980927914135,5.465682299164661,9.786705469968185,5.119188850119123,4.094508259377614,3.722889630037826,6.381032010146235,7.994333332883704,7.741539302891556,9.313699144108423,6.830555424229546,4.534651349242596,7.173427744008177,3.450295558356709,3.216441649626074,2.734384669436564,3.668617978666385,4.406009165971421,6.071109408227827,3.22295340967502,4.321984224385254,5.479226696484312,4.610401023008436,6.3693269853887875,3.5390021303460153,2.2265585940886763,10.247260492044077,2.9856736185046384,3.9124534735395344,3.6417562739108873,6.215134226759718,4.151278778241696,3.5935045662716107,7.3801070172404595,8.654827322014999,6.986337759744191,8.404153245881401,6.810736991830128,2.2731970070573415,5.637939548780678,4.939119887874823,2.3911723068785222,8.215786175457481,2.938428638502486,6.540123464253979,6.9719849870192645,4.337073505705948,5.08519138740663,6.144122691866851,3.42622467177143,4.119551674004627,3.7335073329403956,5.124125429057267,4.542066002694791,7.1229657001169855,4.928775249927214,7.628771578489272,4.727512138302376,6.670595780372274,6.689760257984928,6.6295297993701015,5.264006711124404,6.900746853523125,2.375059838986456,4.502985829847219,2.110242445908999,4.485847684701598,4.365942035552346,8.646051924702622,3.0960334443008213,5.05660440317203,2.1283541495251357,9.607506831355979,4.692411513163021,0.0,4.653885686073741,8.952365788175337,7.340108632345848,2.9950316522860865,8.852509496765776,4.693497023802701,5.8844925774609536,11.234582429405359,4.8002161329418565,3.7936886921650754,4.235153439040495,5.908193707183917,3.8076539861811023,6.981371030128304,7.756939606951374,3.5957078328575016,4.806341499722129,5.608101619329844,3.902542987693003,2.8907668602313685,4.549959715982814,9.386458836338493,10.534022195068196,3.3055140576789235,5.171944971597361,7.748125766515039,7.178380604269345,7.691689029573172,5.242476278274447,7.679442333979093,9.013307329254749,4.040240670559434,2.4669257232081474,6.697113778787741,3.103132651893524,3.1765132692685256,3.104385574676705,5.930776800662711,9.054420861456396,11.784767574222904,7.776779214445873,5.351492063904076,6.2977531627348,8.393276455826262,4.917988278187602,3.4706174875182527,4.6486255387009185,9.265726518678214,8.989500301483817,3.778843692853119,2.8346350165901404,5.625126335638964,5.387845341389411,6.233458528962481,5.223940543233365,7.733319928802592,8.781086703248606
MNG,5.879788541397601,4.495950388396667,5.2925016042549515,5.355921845314084,3.5775216564596404,4.739704748153741,4.281317925168769,3.8788992556092805,4.815375324733104,6.797353880732353,6.75064304931261,5.793074997804672,3.4904866561677808,4.513631746322822,5.614322185271428,3.4492882352210823,3.328298689203745,4.134879748557784,3.571822401275169,4.687544317987766,6.3732194552312365,3.558943928961251,5.2464702195773505,7.937544144430282,4.725352050106845,5.046173330238044,3.6888552864709054,5.563967261856675,5.891575832936322,5.885984853030277,6.907254763622693,4.913655609738027,4.288101553037285,6.410955645924884,5.147664732573665,4.390192621423475,5.1402085142575,3.8336910727247817,4.915465435332835,6.3844933721653385,4.345774172994392,3.2687360966157044,3.5320493590685746,3.7546316708253564,4.682235583744807,4.847757610787358,4.518862064982714,8.226100796592037,4.54359420726803,3.5260105776211517,5.220071706059732,3.8364281600536216,5.269862754222082,3.6651679494340472,5.005959590009149,6.284924599610838,5.883378896022639,6.764222806023645,4.449223332335058,4.571916296056797,4.504860645714682,3.4743145830508166,3.6854612341930957,7.18039034082093,3.7673351321865685,4.367877793474328,5.325584987415533,4.006317352160605,3.258468914039358,3.8878288344808936,4.9376357711669625,5.14069763426602,4.879852954348678,5.842445052996043,2.9155379494477405,6.068296053802082,3.6846737705578687,4.911832716401964,4.634833572845287,5.471734026323393,7.679527291990075,4.171178552915709,5.476968130882348,5.516932864249446,3.904599131185283,6.553133317457291,4.733790294931009,3.3207840086672635,5.187272240763803,6.738501508397826,5.055897527805442,3.625555265490626,3.5165045752997095,7.223375329979507,6.205582531468644,4.653885686073741,0.0,6.918628030888633,5.022197366485377,4.032062873628155,7.382617837265356,2.737127126153863,4.527502269702492,9.028785472923508,3.407332781189688,4.8273044284563955,4.263291600927731,5.878160547129929,4.6515316762767265,4.673066772681463,6.149875397027269,3.94394861531223,3.3031849505820534,4.277233604376191,4.1367617024649155,4.18217778434648,2.8359937033779916,9.452967421097393,8.442854914914887,3.9426269509503875,4.427599058349631,6.245296383191208,5.050987319543854,5.851633256862259,5.597234542056098,6.024655873539024,6.937259706539918,3.608976908652765,3.328892234505614,8.228888260429203,3.7431382844497523,3.845408770563521,4.884037954742078,5.185871757409682,7.92869600111027,9.174134920326583,5.868303071237277,4.031940743848168,4.486585622446183,8.507588150296675,5.248734260485135,3.6005256330659154,4.080005781334083,6.792503383510736,6.981136902760047,4.4351274324393595,4.5165763059807675,6.147312358190761,3.1468035959690965,3.708397367173768,4.811384353260385,5.889095200585053,7.097102824456288
MOZ,3.4435223060076647,8.498481860152372,9.682883773596691,8.614307844018482,7.285995032034865,9.264586744362983,9.099160096125921,7.980331228820063,9.595558736920497,3.84388659434376,2.1213725901982428,6.077716618856795,8.384067912492023,10.251962769504303,9.78526891447446,8.186310013497113,8.928998293591782,6.855564946612688,5.846953161526527,7.634970484707171,10.783030856219074,6.933306059945032,6.386261346731868,2.75997953134675,8.934319783016436,9.66434358980957,8.434168173239431,9.065735952658413,3.6615475391260577,3.3711534516075856,2.644041342827228,4.133034144434509,6.917184174846997,4.427551652707257,7.645591098321011,8.19583660949775,9.441812006312107,9.043599629627293,9.496233584860272,6.956144151210718,9.511019990750807,7.19807300675672,6.307325796877905,6.575767934606028,6.394655627264916,9.015803456788113,9.452126554954093,4.8947372917647165,9.121225823403787,6.035639375944439,9.13901305768402,6.224867606256844,9.223001050391481,7.3805935627783805,5.172942184911234,2.252132093654839,4.040636460788448,3.3104007098312964,5.283723062009663,8.984266576061058,5.323598790500273,4.7381006774358045,8.401486246461108,5.457596210507147,8.754922407153051,6.72390990555234,6.306461858280322,9.186631759890252,7.573691575552144,6.298226434090656,10.046186042074277,9.035264217327686,9.19331407277614,10.208487454943356,7.899134878852668,3.797389134417058,6.802465406522188,6.493763284105199,9.963613511667923,10.264994458340961,9.347917562012713,7.585763182317764,7.7350100212703525,4.570151341708908,8.874163495407629,10.980634860761802,9.372708918077276,6.222121935966555,8.49504239644729,2.036163288817562,8.480831616508542,7.335020689671463,8.368816297997869,2.5601378035822986,10.099814995291085,8.952365788175337,6.918628030888633,0.0,3.008590445172455,8.060560896731381,2.405099107506807,8.050532136225597,4.3480412665113874,4.655868362928269,5.244279497884798,9.528571848903438,9.435086178827396,6.311545969548081,8.735131561982111,8.382126519221929,4.66432311748091,7.342575571276532,6.72625037633028,6.093411244055965,9.102603602938254,8.285055688306324,6.189946025935326,9.218873703889782,11.391442239059163,8.285363586695421,9.21863267583098,2.738125517412813,8.628495789316649,4.652831603906357,10.621810367411822,3.6711311848674666,3.8515800951686185,6.588816286203915,8.475666802182433,7.722284493967119,8.793775560602905,9.054340419807493,9.487121491537701,5.467349788593716,6.443623543050432,4.20928492994454,3.138763955827455,7.9867341343285485,5.405342987703681,7.135844370853986,7.510527148878852,6.823307620352678,8.34351034440403,3.486221538172263,2.9085299939454576,8.008447129351731,8.738187922605666,9.970804708222051,6.248847618455789,7.139316221611158,6.791673917579107,3.4443593622966993,5.92316380677336
MRT,2.4686585330908066,6.89098655812381,8.104451140410623,7.494892322435059,5.471865043400593,7.754611310403643,7.6479986519258345,6.372223840728561,8.07005795784238,3.8647424017463243,3.3012483062353217,5.578614041443838,6.877118833903981,8.393897752485715,8.182438608332363,6.631100910567726,7.354885972353542,5.458064741346035,4.766607603721111,6.387716893099915,8.888318877896035,5.3239216305796155,5.207799958164127,4.033940751102515,7.466118881759847,8.038508758842417,6.701837091231362,7.872555361886895,3.321012840334106,3.247411619361319,3.649385718533435,2.537229211133349,5.576490582102805,4.390163955659953,6.038675656622809,6.511632948677536,7.9922321613195395,7.597125997343518,8.214447232021426,5.531563832708496,7.753066579666259,5.4904455526728935,4.647185033976515,5.526948310958837,5.540255637678954,7.449582576719399,7.935315419789008,5.414275914135515,7.547749344531616,4.6959450729382946,7.801089196196717,3.990931903672783,7.953214340603215,5.567667045359096,4.307460975271374,2.699005102812113,3.1743407469066542,3.563664722834042,3.8187956695264265,7.465351466672552,4.299524730286127,3.487538565924062,6.911054514006646,5.36375739299477,7.353158938343222,5.629462701995902,5.8051090952147035,7.4767872706733804,6.113616514246121,5.001691025661907,8.393447822378224,7.609960714837064,7.807078634128652,8.94686271440512,6.239168138862698,3.974362301568917,5.472007527277254,5.695764995427948,8.487104113593041,8.58477188399483,8.803182911056995,5.846335401005379,6.830067362837909,3.974655412837439,7.2687576322588,9.446647416201847,7.94751638464159,4.8216193360902135,7.660574587593605,3.4437142829928162,7.2107868314934045,6.108256583572009,6.641502730443515,3.4871946374516596,8.53310661953061,7.340108632345848,5.022197366485377,3.008590445172455,0.0,6.699635460059768,4.153432883759697,6.324065508125705,2.6807233661995227,5.827555753259506,3.889119790498249,8.074472032399221,7.660877408447514,5.554933758295856,7.292754244729984,6.7723831401026375,4.7037142761219135,5.615385123164628,5.0838907810612515,5.237796557172104,7.794387939600619,6.826173638284107,4.387136344062117,9.348974024151362,10.007198319116823,7.026325909497524,7.879886646921433,2.6651685850177587,7.100454819100987,3.7808141058732128,8.910891352596687,3.8752462019324465,4.038511889722148,5.263695416842779,6.909923672360299,7.217072809174567,7.352240021863695,7.506031202903785,7.882586053612645,4.218233780841759,6.2856775970747,5.532295488732963,3.11426386289545,6.89646497433339,4.471170810321577,7.735753546960195,6.705496885941608,5.369871063048679,6.867439486843299,3.9563682455796214,3.7372417832166382,6.8923007742612565,7.02365408073549,8.738302696130585,4.926983180341476,6.070934032518001,5.674276313722595,3.391722458955181,5.97586152426721
MUS,7.652493021751571,3.1424890098546903,7.125114581701695,6.130266914518564,3.5656809522044752,5.497383353524611,3.8957193526069505,4.249969080405413,4.287502366784604,7.533558849439369,7.660269280926231,6.115581926552768,2.612847930754926,5.539642682103894,3.8440415897665994,2.2984269148242342,3.7490371183798072,2.537597689442449,4.836333303374604,4.862345344227635,7.1386215068436965,3.604464930755858,5.666659053587854,8.970825520200423,5.753872584214865,4.652761499536687,4.1957242613886905,5.818212102360784,6.749135868511826,6.8395575285995625,8.248326931767519,6.382877040407825,4.682979111903997,6.3271247181916745,3.651612145879849,3.2247308948358384,3.3572105384799173,3.76727588525398,4.852973601594953,5.507639785647166,3.9994494721061096,3.540330751638909,5.264458148063842,4.09701390591813,5.647042882252061,4.441281668027466,3.469307911428318,9.180401427729146,4.149444627837955,2.9942941829128706,4.409649497388079,6.1225259245232415,4.868213816501307,3.7127745198011213,6.293996559554016,7.359846466653376,6.347776076822899,7.401389926568035,6.290983502446162,3.4214591429432137,4.559527681876255,4.090972851999823,2.366410428424358,7.741634297599702,3.116196489080382,5.4862943264330015,5.642192960806511,4.248055543143733,4.977181522290337,5.98258761003288,4.729585244271806,5.255678049520118,4.181905810697098,5.535004628950542,4.305100512682473,6.088854078838756,3.6490665404508165,5.9091501089554415,4.822001382097726,6.613533648798099,7.5159073751145185,6.690229729214801,4.111902490224433,6.0170589826147935,2.95625174252681,5.69759291188539,3.046151371877685,3.8974518406313994,2.9379947971612315,7.422837742994838,2.7780150728446875,4.412484395024846,2.6745899535395283,8.46166095049894,5.350435292667962,2.9950316522860865,4.032062873628155,8.060560896731381,6.699635460059768,0.0,7.969846269664872,4.154732849252157,5.367201563084781,9.946935120861387,4.137266732264216,4.5660701137384,4.854390639667636,5.203797266876572,4.797553834996055,7.014123696269938,6.7430497330170605,3.3760383918911967,4.617131297003397,4.201702877847757,3.4777197254014065,3.34757448640821,3.906131999303368,10.081381180873047,10.540037239000348,2.9204490679783714,4.898047382471458,6.861091211793179,7.456360617945749,6.615918206316391,5.516971943307935,6.671545709764449,7.769853844702087,3.2547640730951843,2.332123497943111,7.1761814371405235,2.6963645736162007,3.3440329621108402,4.405978166077944,5.199947949038116,9.045240527700171,10.657815064139573,6.528316935604685,4.069630626385597,5.229479593341182,7.639248725470204,4.0663094744541235,3.445644263309721,4.768933705839712,8.214038595874474,7.872233535104735,3.9728330174713555,3.7218254791274794,5.971761275152435,4.85986408121706,4.531740914598777,5.26736687538825,6.769104414969215,8.138128816123785
MWI,4.070471162678358,8.319497762934217,10.21973546022372,8.018209208206516,7.647256658889157,9.204548235172544,9.087850205875126,8.360468746317682,9.790360983350821,4.093624441122057,2.426408164925712,5.601299284124548,8.38970391547392,10.735758714130895,9.770173084729665,8.090986002281754,8.97024276927791,6.826879765995629,5.838081785402141,7.513481199785967,11.541456736127815,6.820153473442735,6.722209446041601,3.366931627326112,9.028594801130597,9.836600510007996,8.400115936596457,9.071390025295413,4.147125527338332,3.394595317501532,3.749068821728643,5.250730642818776,6.693745526150813,3.800703689329439,7.676431927172239,8.183881130638001,9.45951248220078,9.107812801646082,9.481871180574817,7.789288547234331,9.697528927260194,7.213616639070112,6.500828442588937,6.38965026737801,6.0959845823715995,8.960944753420224,9.469376662557519,4.130886625847086,9.119654582537695,6.1220354787515046,9.058162018062044,7.091854789391668,9.126552724554749,7.5456689265995,5.332612781791757,3.278521568944964,4.032192364651179,3.2132136146219628,5.985483096466216,8.899608648659022,5.076717690010582,4.9631080845435935,8.28475641945202,4.884664814563039,8.800527384655984,6.858748625351821,6.184301384197937,9.491046694280698,7.486167126280277,6.939397258294489,9.93169448497291,8.948146452857616,9.0298103240308,9.999533536014292,7.934269333867747,3.402321123970481,6.9138442340183,6.876108684934428,9.90665480629118,10.744280512866355,9.189856669239072,8.289506459517561,7.1544316070367,5.323606252738232,8.948347241566879,11.227784072558139,9.31254918837678,6.472590585117467,8.104555080655036,2.1011162111653205,8.308616365363747,7.515276809850681,8.457953210097688,3.240540959418623,10.256067196035877,8.852509496765776,7.382617837265356,2.405099107506807,4.153432883759697,7.969846269664872,0.0,8.473278704716428,5.000427303275181,4.222469095599051,5.312275729881632,9.662870559258087,9.573555254363612,6.038501188887317,8.551298939398011,9.086932654942546,4.112134676763551,7.478672216815092,6.776026833244439,6.049140158882331,9.003476684495594,8.164472594010835,6.464565037384135,9.473330558363822,12.063762115522355,8.046920587434379,8.992031319184713,3.0487876974906793,9.06930680480334,5.525641242485803,10.965592437649335,3.8522901292648384,3.7828159679273883,6.738231773132713,8.468041333922235,7.171172447074632,8.888443929334432,9.088205390150378,9.54502596430249,5.943960766455276,6.10879966083835,4.80666215778457,3.3979443262021323,8.142905833071374,5.285058782579757,7.122056783171004,6.9781508918812,7.010959053369392,8.150211237480544,3.674481865384235,2.8188657027232624,7.834940971881031,8.577253628112306,9.702299590534968,6.240655712132663,7.437009459974399,7.048444300781441,3.7893897711571243,5.166773241133127
MYS,7.064794383245165,4.310846738755214,4.484168352729432,5.568648933612684,3.133286417920547,3.726985352651197,3.455597719961268,3.021087424614531,3.8197374782588573,7.536977226676924,7.933381015496671,5.587289873757152,3.180977286928191,3.8783376453130423,5.254638111015799,3.5724672779815445,2.9883266107405646,4.610875349962193,3.9796181694001667,3.929605296998456,5.997773147809027,4.243252144434247,6.050661001474659,9.148097160588502,3.7132233673189634,3.5252656472546615,2.8583350260367637,3.9670074809619154,6.474334468290102,6.616297874969271,8.002905162718092,5.959421668218348,3.8243225865629635,7.412289806558242,5.411163317758159,3.4591051330490656,4.569825589028456,2.900216204082724,3.6294931881085333,6.864579111993896,3.3697653741192517,3.0788429503815813,3.8283831845424614,3.4676187311438342,4.813864803629764,3.5926637975024858,4.104647998046452,8.921995809922477,3.698570162157765,4.50043106706581,4.116396054598432,4.995087192851595,4.08073592297947,3.5373230452067808,5.585442683429462,7.517980763477162,6.792894988101699,7.8409441037696315,5.975084413733549,3.7382527880044583,4.5438988743539115,3.9669530387474623,3.3807423334906654,7.896306423776287,3.196540628476996,3.6798302370646185,4.8150064845128675,3.0916819796213453,3.1626452615220284,4.609038871810525,4.758071137433933,4.629732581716502,3.588430643325189,4.515873248923795,2.8420913409202657,6.4769281279119415,4.021088882219947,5.091911323342394,3.2088835894719305,4.7722913092501935,7.9928663017738275,5.573234921133271,5.070089703503844,6.979641064470777,3.2035065518407944,6.027133110096005,4.260836812580307,3.3836200306740376,5.228028764970837,7.683172073378842,5.043940175837986,2.5089341333403268,3.4256188814809128,8.27663695518649,5.54598639498048,4.693497023802701,2.737127126153863,8.050532136225597,6.324065508125705,4.154732849252157,8.473278704716428,0.0,5.7442356991319,10.015001449826215,3.960117458573533,3.8518969153635623,3.200746887458535,5.985269314240489,3.99222564886076,4.451063412567887,6.623358182447616,3.4417292496650616,2.947124341839018,3.80721759851781,3.0678682423626373,3.399247795094067,2.9799424742529195,9.842916572349807,7.943678124995573,3.3992663646442143,3.6290877636314844,7.231966825376342,4.638538366403431,6.063431676333137,4.462411272204977,7.177586740823363,7.886154744237694,3.5315766495550256,3.1660515840327683,8.818804700275507,3.3068969379720503,3.4271591140503537,3.9958002021965107,6.304612136271487,8.505212356942732,10.170601047100835,6.776444834092211,2.5969021253656597,5.3166975515084625,8.846304882460926,6.3142480042226055,3.6634222614859837,3.898582843470705,7.512987408576257,7.699013662917912,4.257623801308893,4.00963746660314,4.830903793082155,3.687857577535295,3.259860590991119,5.122374752551878,6.87803875935784,8.567906109608636
NAM,3.632147009206898,5.96984109199208,7.620753116515635,6.714578678801668,4.495467450181175,6.783934878932808,6.24247392207661,5.61362361944488,6.661421589549774,5.432483929397442,4.5268082620822305,5.940763608332623,5.65821241238173,7.713515312893604,6.707769627138357,5.231524865995109,6.480321461075211,4.159552538739122,4.196708339732418,5.658906893190117,8.176460075497586,4.788087429137909,3.1574658361624146,5.521034863486535,6.42399248540625,6.867476894111553,5.638725822362784,7.309087179831408,4.577768660890665,4.213997631050076,4.758199141638568,2.379775392011322,4.818959848080842,5.155001938221914,4.880176332866289,5.406404982699408,6.569967560736288,6.479990745443206,7.00669788275147,4.183337170645385,6.43890331197868,4.687350742695757,4.369421796459822,4.84104843307725,5.472405943506776,6.189644449296422,6.370894808546025,7.019020340676161,6.115757401109342,3.6293829840210248,6.46021911998434,3.794460496978189,6.714229958023928,4.596652528143178,5.2283253941181504,4.241354341217758,4.0041193617893756,4.922539989532775,2.9050588612964714,6.126569325588273,4.259655917058947,3.153584931879736,5.578995582719584,5.432858165671344,6.029340715713901,5.859038332394435,5.967183546513288,6.398994549904123,5.589287114696928,4.166693791643471,7.153313754276058,6.580132197163781,6.608293048797507,7.916606111820901,5.582315858857773,4.3089643427409445,5.000292220554803,6.513746508419791,7.471118479408005,7.790463646935467,8.334846830217602,4.960847728955456,6.405817712510679,2.6957548519627483,5.812561504341735,8.039037625034064,6.420747189928261,4.0686856710513855,6.627238934103191,4.641546316092525,6.06550426736492,5.5652616299359146,5.319032428751256,5.324639765238653,7.424399566727908,5.8844925774609536,4.527502269702492,4.3480412665113874,2.6807233661995227,5.367201563084781,5.000427303275181,5.7442356991319,0.0,7.648538803212542,3.6592504829625625,6.83211134185338,6.620055787724416,5.522755167698596,6.161469217524926,6.435367097902877,5.287441922863451,4.343275447817517,4.65532770069265,4.781657999909525,6.643933520562005,5.585698142527561,4.083284198217236,8.393727597126974,10.141805367169498,5.621872050646471,7.078714689816992,3.546366181021313,6.810239926515459,4.669944931321835,7.971582707991837,4.660820488626909,5.5106472855615545,4.4844700040965915,5.618702288467285,6.825789418300174,5.858450961350173,6.2459388538292755,6.457660396172875,2.2924642729741933,7.204604950423298,7.443393873509466,4.323125756097666,6.3590890563594025,4.720034367642031,6.972952984470747,6.039567668432064,4.093677354215947,6.059845701249495,5.784285771294926,5.359198338620754,5.471648127645664,5.906270083575339,7.788607308129846,4.811886008606626,6.085502731056943,3.8813448969081277,3.732005481154829,5.915687120129897
NER,5.9811204451706725,10.249746083313783,11.745329462887844,10.318026693444647,9.786366991840135,11.17678156710228,11.413779668991248,9.768307336478365,12.03994167417817,3.3884698525504584,3.6827441447094493,6.633985338515878,10.428373364953817,11.913874012814821,11.720744499723253,10.386673610569439,10.82149561641963,9.041462146998716,7.820252747479264,9.3647268827072,12.538569009319545,8.260254439207927,9.646722333672018,4.159858495013018,11.177765742484734,11.849627548017386,10.56040967564677,10.429712653848043,4.358513435379849,4.561670764923929,5.1153873057888095,7.395619224087081,8.93513234273723,5.006301791677763,9.789109772776733,10.130336756031122,11.66003507013462,11.137691677906796,11.588401631176337,9.805891331864059,11.753994042245377,8.771056778682603,8.328078282665683,8.518855760868167,7.745995257353754,11.27306312518988,11.929227625995898,3.5327090101832455,11.503167059991483,8.207363409784136,11.335201798680776,8.822519417956217,11.273106272542893,9.543898527498133,5.980707360148596,4.240975665645304,5.384316220538467,3.769272442312248,7.975904549791519,11.253939573738394,6.602369103116858,7.14756437899387,10.45029582185653,7.0134317745591686,11.029473100149014,7.729104155867793,7.233329137956962,11.454055959932745,9.4725406863229,9.181740428033805,12.098305255788722,11.013635753872196,11.209140320075342,11.931018455317012,9.47518305908013,5.20001621676126,8.285394687055062,6.9442692823940035,11.796632363483525,12.18314978881939,11.165184102456239,10.478977360151879,8.672145317048356,7.836852386379247,11.23275454276763,13.516292196440842,11.678753699299905,8.540319240582944,9.842322043281365,3.7170035326590916,10.359725817719639,9.139402382827617,10.744830220617665,2.8529618267274115,12.187787823561267,11.234582429405359,9.028785472923508,4.655868362928269,5.827555753259506,9.946935120861387,4.222469095599051,10.015001449826215,7.648538803212542,0.0,7.478517618647577,11.849644320442026,11.455453652013576,7.629990205541454,10.796615301721598,10.519049345537661,5.4001440542805055,9.60742497808445,8.604748074634752,7.578243542400921,10.94937450940277,10.445314598240428,8.08192878317907,12.332475866597168,12.63789839854319,10.31515804937587,10.511809222223548,5.325420043484659,10.482758437905344,5.908526007275011,12.713747897911539,5.560441865353943,3.8708896842995766,8.583716443366189,10.573608063143563,9.054808480623858,11.116502748498394,11.22349326346196,11.936877622889773,8.563140426005095,7.664078691943699,3.162917343280071,3.9965906309030412,9.567007144706645,6.763120747471297,9.227319021250638,8.732775047425372,9.567550785345935,10.221091489522857,3.3188498632893415,3.438661411119942,10.422896628504445,10.61800763664061,11.357873007107022,7.773121753860699,8.432089124033704,9.738440541357985,5.868556501993227,7.500883762083661
NIC,4.687118535167945,4.0081944016318,6.708955458099287,5.160203312307747,3.4647297137339588,5.648888603036412,4.960543211100735,4.269022938273706,5.639685490889893,5.234487027985944,5.220595487755388,4.287700055629506,4.105592748087704,6.378023887977807,6.092662687582797,4.0191490797086855,4.315409206287012,3.561916618968966,2.8554892388707596,4.3228953148762415,7.930455083171199,3.7484899918384826,4.970792793762848,6.212400476562273,5.640787142499392,5.431656843429277,3.954987454067589,5.816812004542138,4.337069879713844,4.081350287738379,5.459673149910831,3.8521149916338118,3.3705613871180633,4.561370539723782,4.6392230056094474,4.069350296006545,5.563143033702631,4.679638233941473,5.481879396100188,5.750677088720557,5.22309266313138,3.3502673872703075,3.6987183059924607,2.783289914135665,3.868103645998116,5.072654256664553,5.153779326182325,6.449987818838092,5.03756239989125,2.797862233143766,5.3491327952465735,3.996863291047066,5.501623514019499,3.8388238988960564,3.6171639058674843,4.808842329411978,4.027394667772554,4.936672680169022,4.630364470847879,4.776673132395959,2.785923823834079,1.7342019007929892,4.177530613789665,5.302734377843954,4.3498216671112395,3.873164324571349,4.430437128414983,5.083783882434731,3.8790294188562355,4.586603748222032,5.837111565118902,5.538318740967393,5.0283045535277,6.176627903381022,4.243395715154508,3.9274590376144984,3.4960084850125184,4.230649065330094,5.5488423976213985,7.031580569551008,7.090813456045983,5.343723320522319,4.074797792383384,4.927970339882398,4.486838436423216,7.42177546800782,4.964667334319552,2.985295317247814,4.7291404906817895,4.783910799693682,5.08177081837672,3.635023148778185,3.9180790866261255,5.791135328177368,6.59291232065107,4.8002161329418565,3.407332781189688,5.244279497884798,3.889119790498249,4.137266732264216,5.312275729881632,3.960117458573533,3.6592504829625625,7.478517618647577,0.0,5.587496540433193,5.23231837733454,4.143328663608791,4.970612748502314,6.046735710392423,4.583721239749664,3.5434909967718142,2.618150426242615,3.1021911819225085,4.775041969622429,4.226053609990321,2.1939863964840542,8.864533923296982,9.697813984881387,4.093227507365068,5.325952534218304,4.591696465744166,6.388416497792586,4.723171691392384,6.637476605638353,4.493933724301685,5.071017669982823,2.8925462002344915,4.090516208277886,6.811769449169268,4.531266293655439,4.69076197853303,5.33720088163408,4.531619027291971,6.40275899599612,7.873866670567065,4.114207072794106,4.234316823458365,3.285342401432556,7.366184066700786,4.580069149137136,3.3873859205959715,4.543240531939246,5.067591043931328,4.978122358090741,4.540396657961375,4.4479164443099,6.571460196366177,3.20642407290738,3.8271695608047063,4.8266156940870095,4.3368418488386045,6.0671431364235096
NLD,8.55470838912832,5.406313370696071,5.3049370519828765,5.301414666135525,4.476087209727194,2.9196267111721896,1.9453268407742934,5.497867125516,1.1028389914999794,9.354678957017834,9.521798129647543,7.765085334161171,2.4758667522278603,4.413117354646876,4.217915215037284,3.934031749951737,3.622326419792848,5.133375451572022,5.116524217081675,4.411848631615778,7.421861474826597,5.8819933189291325,5.92095115638558,10.755357103736628,3.389150769070925,2.574802022059021,3.3223360241638216,5.587913724632323,8.380711458308058,8.221661905636413,9.527135153162922,7.704672737445962,4.618078068068883,8.71112564725891,5.105240518168924,3.5584949484904507,2.6710186312517172,2.172623113246906,2.1879863267592676,7.23164354681839,1.7649074156790234,4.583627088455427,5.641166511212898,4.466704484187431,6.841086080393994,2.7323116101006253,2.539592606434741,10.995753872322876,2.483379509798128,5.224634402332444,2.350361401055791,6.935535665069273,2.177489253150294,4.638998498211815,7.897681986962276,9.405470718647104,8.139409135652544,9.364891332655048,6.932570130737364,2.491430584302252,5.902304691129681,5.3786060818505845,2.7824022260585766,9.260267566804263,2.3512054106132116,6.533606390380262,7.099180490580945,3.3016718480266083,4.80104728735741,5.889435504393672,2.791143608944134,2.630049204079754,2.8960026754711494,3.1724506376076653,4.4876523987133154,8.014226666539107,5.877585823559502,7.835437521366556,2.969423145030241,5.019116403938488,7.553883223468411,6.626545511649175,6.614737654659992,7.931302396191223,2.515995381392565,3.4629735919160214,3.07457055668583,4.864282844339719,5.241300125145532,9.232334325053118,4.364726703145499,3.9418259162704046,3.9231819548348503,10.227240538493785,3.7385063916828734,3.7936886921650754,4.8273044284563955,9.528571848903438,8.074472032399221,4.5660701137384,9.662870559258087,3.8518969153635623,6.83211134185338,11.849644320442026,5.587496540433193,0.0,3.0258410753228726,7.248949276297449,2.7531600180477116,5.8345985116473695,8.315066308527623,3.9762033878930443,4.553117457992169,5.376092076761008,2.964023311399215,2.7050351316590047,5.1454485086418424,9.334108827892821,8.931371864592084,3.251293953354139,4.174599575986092,8.73916680344269,5.722511348690508,8.01612764337084,3.413608580108248,8.330502641697711,9.887238200944752,4.1763440075316245,3.3395436083032006,8.300819826667187,3.0208491195354013,2.9420442512360494,1.7588145682479916,7.591056308112496,9.836857271958637,12.163240180126797,8.458638688494254,4.124492326483717,7.623420226533897,8.540955467879066,6.7688630450929015,4.15898839267366,4.184548621415507,9.672945527377284,9.565759141920013,3.6453156844674437,3.477526869558985,4.328420244590001,5.7593429647088765,6.135354758929498,5.6840963815123695,8.132862895117071,9.417076140455992
NOR,8.340884294109852,4.9057976357332285,4.636633100073746,5.637923348191916,4.3360376932950695,2.5156849644837886,2.1129601364594586,3.8298136920079027,2.768612599559332,9.12961676015141,9.333101678218712,7.142957291819732,3.1644768461667883,3.355497349632719,4.820499881409196,3.7211041890654424,3.495645729615344,5.125820762655924,4.633951549117822,4.536660593162126,5.411917920412717,5.267037649164081,5.739634206988607,10.49173767262602,3.0421186898903576,2.7252084497563707,2.9056287283360644,4.818857555985456,8.119157886467475,7.954480582524172,9.483500753434855,7.05565512004289,4.396558459259947,8.585938180057067,5.687885040410509,3.61593034961713,4.109955411592615,2.118887010013203,2.4803878717195635,7.804576184076045,2.048552600207823,4.231559996428461,4.856058545839874,4.133250651727393,6.417546912792236,3.185580999650998,3.012898980377734,10.509805206936102,1.9278751733823305,5.442720977277732,3.21552756077523,6.00083530155039,3.1812478573941467,4.601735513185269,7.6668614472354975,9.175679798852459,8.105559732459508,8.967147987062141,6.372912436190518,3.346123973205436,5.7811749516460065,5.319213347418562,2.9862275437839583,8.899610535630382,2.93473645307661,5.623573944247911,6.786052228811093,3.1089491505052447,4.475843379378667,5.18141407135933,3.0055563642020977,3.324258206947352,2.8265273513563,3.442954415355794,3.9176519573654303,7.8973078454759715,5.708061172734775,7.159914356997208,2.5139817770101986,3.562817676004176,8.248736232315801,5.720270450236083,6.047954891373294,7.984035801861587,2.722216625500626,5.185548154334487,3.526030300472076,4.8002146305832945,5.585539645868811,9.12913658929981,5.180945382976084,3.873751621771468,3.7000114136121924,9.785927195451125,5.124353258450986,4.235153439040495,4.263291600927731,9.435086178827396,7.660877408447514,4.854390639667636,9.573555254363612,3.200746887458535,6.620055787724416,11.455453652013576,5.23231837733454,3.0258410753228726,0.0,7.377965424094802,2.806305530255343,4.3529236706748415,8.239370054762354,3.704287845550047,3.930962585621545,5.436317631369055,2.9261355255744665,3.0466454524343027,4.432693375230942,9.609461660813144,7.653493941734306,3.3675495541811666,3.92100804007959,8.628349124388707,4.385610872175956,7.367594020478884,4.461493773061275,8.05379272282054,9.527696611686707,4.177035443437325,3.4864180273947327,9.273262007209134,3.002846852358289,2.422213997563164,2.476331954359018,7.053996975229057,9.887757328209359,11.624491790875924,8.253596133610513,4.0886867360885715,6.8541156045266085,8.76728848653231,6.451116856611525,4.520140639425808,4.680240262342622,8.99156015155066,9.163944868407091,4.3635711188611666,3.7596619033746874,4.554462751461539,5.225598295410619,5.713516172031121,5.777933765397681,7.987661042165927,9.647008170284565
NPL,5.725701250505343,4.478740716127188,9.361945775546104,5.914180670434392,5.33977276647648,7.255475800418999,6.840543721465013,5.766716663679256,7.246572831715847,5.182697250535511,5.976947014220228,4.226017065744922,5.632656959409134,8.342398268734673,6.477578150454164,5.295771674949566,6.252069933645688,4.795537868894697,4.8275118174437175,4.221436787084679,9.47802930031402,5.36763537726644,6.465541028890022,6.504236713578536,7.526883669803285,7.263054028873613,5.41609763886257,5.954022398031159,4.7842212519136,4.624394439229347,6.916273963777203,5.507618843154027,3.8997969445893688,4.423124015865789,4.808252733312375,4.712136271795621,7.024658010082535,6.844014400073008,7.0658685844098645,5.936636166799224,7.048690631538495,4.269353213225163,4.542358159759356,4.371574546562465,4.645398656903799,6.003327782926477,6.9668201765140685,6.189165482185199,6.739189915349126,4.560380855376917,6.207492596090964,5.891027172699234,6.711496200920972,5.58429041771427,4.613343071386343,5.595098207456617,3.8973099323003004,5.316306039816701,6.754775378732417,5.592467620329387,3.5397963698086463,3.98722349697169,5.899364041726137,4.733015535692518,6.223176149250298,4.440109381625713,4.150679641872617,7.533726085079333,5.1962680583081635,6.173761840548213,7.63180924953802,7.069724994215041,5.967794167617315,7.079288937768357,5.874453191429495,3.9984038343360107,5.58445023320989,5.853118641727937,7.1786730919684105,8.680779266741938,6.769435313635748,7.635832385840528,4.313653129115251,6.402986845425171,6.442873761234496,8.959834865727984,6.367052123940402,3.996172849043123,5.462299443311914,5.4640476091080865,6.031716329265405,4.931292727460442,5.441769387415479,6.356478912304419,8.229357651740496,5.908193707183917,5.878160547129929,6.311545969548081,5.554933758295856,5.203797266876572,6.038501188887317,5.985269314240489,5.522755167698596,7.629990205541454,4.143328663608791,7.248949276297449,7.377965424094802,0.0,6.557988799725139,8.717529818910673,3.802892174679405,5.109664643790789,4.4759236571533405,4.268167452164985,6.435052429241097,5.6696827724498995,4.185531178785978,9.560763779158734,12.050672195516885,5.516838794769932,6.321232426042989,5.400779238598817,8.649194144291545,5.395901301889596,8.460095745386688,6.609682511136264,5.118543428349259,4.1952291385984335,5.467747514975223,5.981646676371762,6.620815512664353,7.104620443897467,6.90767742219098,5.88546317599084,6.250656871008614,8.75205880907557,5.026795415100625,5.924694703460842,4.843686473407103,8.093345916690659,6.121121079513052,4.244095654413154,5.1026825077603055,6.212205666893664,5.75941128882518,5.569510938118353,4.880133012194644,6.914162822594786,5.245249155138275,5.680104614940441,5.470414271413188,5.743062705943296,7.126000241985024
NZL,7.604163702516758,5.233650696908918,5.135526935914922,4.43019051934781,4.0222331637667175,1.7790728670025597,2.3049692225129075,5.106943603193863,2.8485206004110157,8.44796396017539,8.74074410152923,6.637546043345881,3.1584636749520216,4.945876144902257,4.065897019049934,3.888707771507694,4.300099147014888,4.445320017192083,3.853231079881804,3.9266485101990227,7.361693865720291,5.35975022942612,4.993245064133688,9.585673155269898,2.415101220994583,2.970808894502577,2.9731277054781087,5.417726040407812,7.536626951758573,7.065656015511143,8.95780810172787,6.848980137950046,3.4147605824974208,7.475795810616375,5.033651080968217,3.2344486274540256,3.5527060351402096,2.968783425366393,2.753280658725389,7.432541951366661,2.996900080224614,3.8874987772107557,4.572753981468507,3.319341156109283,5.696424105726565,2.6941067991886087,3.0967401600481197,9.794707714290674,2.223878833476551,4.903829658631972,2.7402349209636596,6.174582383817818,2.251543675810268,4.137557049297486,7.179989703411513,8.752995516937391,7.056661737292279,8.299406698700869,6.090809854438479,2.793017885443043,4.957244895820089,4.694005706107306,3.090580042712932,7.7562045256865275,3.311848969302887,5.807585055797948,6.5903706326249445,3.9544472243476316,4.087352338717674,5.079444443626539,2.6295772794804555,1.9158644282905712,2.9226778771294497,3.412960337283125,3.7349491316654917,6.989099112128007,5.773232749491295,7.5750388255017835,3.5621248727476584,5.012034241237304,7.065139874465707,6.612106957062752,5.925314068581356,7.685786308131533,3.0227780423790866,4.6925194204244445,3.6631758290181855,4.539970755141322,5.387236367919223,8.369846754677736,4.510872407730197,3.6966646069689633,4.039052065101532,9.258903123258413,4.41281145393254,3.8076539861811023,4.6515316762767265,8.735131561982111,7.292754244729984,4.797553834996055,8.551298939398011,3.99222564886076,6.161469217524926,10.796615301721598,4.970612748502314,2.7531600180477116,2.806305530255343,6.557988799725139,0.0,4.95444762979385,7.251526411624749,3.294189644946831,3.7598143036925253,5.068600585765346,3.673521207514827,2.4789684085481993,4.421180853153568,8.104668353421367,8.150929049310193,3.158995542248176,4.146522831814923,7.9314937523796685,4.597586202861992,7.323635591394727,4.788271536742332,7.5383901643260955,8.840996857579151,3.9516801111244755,3.803305433950885,7.342819447780473,3.786813820696159,3.4240283757063494,2.644413625397117,6.924897046012585,8.441305105956632,11.04086184601341,7.6484664364934325,4.586710839062249,6.70852084140933,7.83378902974496,6.126718945334592,3.849542091151494,4.041277453135341,8.65280443963887,8.538253039425685,3.802331968542498,3.065307691092038,3.7029125433808794,4.904146863991123,6.304582844109055,5.013758727481355,7.281636646450097,8.534600768204577
OMN,7.666148670152296,7.614815146350705,3.000796255772657,7.619021070900163,5.126363303230088,4.523675419707154,5.279797748457475,5.18971567756558,5.656368847263017,8.550634299226337,8.682226137534848,7.530377006021523,6.059248279509969,4.684572904775277,7.055825651262732,6.376241245735911,6.373302644880319,6.318324847642596,5.237171179446609,6.62327280866502,5.719633218394446,6.331065276924043,6.089418249236893,9.355277329140874,3.937914345444764,5.196697519113203,5.641310328686974,6.823328386948689,7.573288434194948,7.495994819311716,8.484448974768071,6.354815850973503,6.071184720811717,8.514162613187354,7.5064014185008485,6.0912639952898155,6.438555198888513,5.243996404477685,5.661513737507865,8.387098252222367,5.466187057618643,5.735817288424225,5.422503574095812,5.4472674115340745,6.79850427893814,5.983139692253161,6.0721799627320046,10.00121436331741,5.295636978326905,6.617899294473684,6.3333392220900935,5.61273631957761,5.846813413610011,5.510557132129018,7.531399309951797,8.445180120833,8.008687371078423,8.531919549634283,5.6133011389273495,6.465841248063155,6.452895552293778,5.740006643156487,5.915931919871063,9.009354384790278,6.03923166129064,6.255706480673769,7.498403218704015,4.738570256554239,5.7741320328131325,4.760087125167957,5.99717579896933,5.4904448393262735,6.196122650646637,6.74759683070004,5.016067423645179,8.001603745328257,6.4810243698024195,7.068239464471724,5.828407025363217,4.489518143210017,9.26567992110148,6.125867339424712,7.97487932870321,7.967485026247399,5.635305464956158,6.980642768379317,6.893334659421514,5.939173297555983,8.157898101051824,8.541282105266578,7.069331622242091,5.28151457834386,6.306044711905312,8.694793630127776,6.496995430801668,6.981371030128304,4.673066772681463,8.382126519221929,6.7723831401026375,7.014123696269938,9.086932654942546,4.451063412567887,6.435367097902877,10.519049345537661,6.046735710392423,5.8345985116473695,4.3529236706748415,8.717529818910673,4.95444762979385,0.0,8.37501252686987,5.246299543868235,5.3419472153160505,6.555053927777039,6.142260914057968,5.601063947212998,5.304966060155018,9.056200447194616,4.495728331836315,6.191370378563238,6.54344105975562,8.19647891451078,2.141928207256783,6.747633330257013,6.0909652188325,7.392288989463331,9.008045681421171,5.890069681758871,6.372576545620245,10.030892505912622,5.8015572553269505,5.329001624337524,5.941334429213267,7.282470740358476,9.234556302589711,9.788987662696146,7.828359461339631,5.811403208791167,7.021649290598932,8.846285886429522,7.943091993764626,6.094286708745184,6.870478455769618,8.043780504339143,8.416345889317366,6.798255737964059,6.7299051764477635,6.722822438837631,5.622956341023544,6.362152198553273,6.539210225796685,7.382517504675742,9.682448231618118
PAK,4.012208101495849,6.618997540100148,9.25807159150638,6.038080381895598,6.438412042607391,7.688531603838551,7.763090573182665,6.783752067554664,8.46868725137997,3.8960194514984634,4.062301273321509,2.859745634187746,6.88864539674441,9.291362825549372,8.381251716675932,6.744056885033085,7.421014552599134,6.118559639463989,4.500381059422323,5.122786171569014,10.585616496783455,5.835822212778851,6.719745069388803,4.935688964034738,7.725627717887478,8.301045876000803,6.550419030858374,6.6806237726099305,3.324971699240442,2.7457785291531667,4.8763813564953935,5.251790469556302,4.619922468346492,4.146382975976503,6.933723473755348,6.448223280032262,8.443938681915567,7.761208857398798,7.8238509650402035,7.448758042030822,8.31024472149825,4.907491522964511,4.489986640153214,4.7439413200266145,3.30132240888738,7.218831379460948,8.42131340357003,3.6923507443657213,7.944423440276118,5.535280281768844,7.367221830020744,6.018618464643018,7.4541663788340005,6.33077494630821,3.259895772198971,4.17382647701115,3.6479552511178794,4.5588170240476815,6.030370780088251,7.3341095410624995,3.4427903843199634,4.113578256942068,7.086241529767529,3.8538875106778123,7.384789418784943,4.138156434027607,3.4577188250371287,8.174680237573176,5.274059366691581,5.631705057590952,8.883381544986346,7.649294005712392,7.180466474483145,8.083248700787738,5.8308998512304795,2.8422672886590985,5.71293812113333,5.440471447906001,8.1240689508672,9.449711311950372,7.90413496287088,7.850241791672012,5.156624128313746,6.317428834175455,7.762334387278024,10.347616678890518,8.105296701911115,4.621321692336242,6.782438368633069,3.6979751371763205,7.502929621526429,5.239409529288561,7.116507937000759,4.251323923640753,9.434602964203588,7.756939606951374,6.149875397027269,4.66432311748091,4.7037142761219135,6.7430497330170605,4.112134676763551,6.623358182447616,5.287441922863451,5.4001440542805055,4.583721239749664,8.315066308527623,8.239370054762354,3.802892174679405,7.251526411624749,8.37501252686987,0.0,6.134780119831346,4.889585691177573,4.26281898345676,7.391331135800068,6.7010156340937685,4.710593984970417,9.310977678333627,11.525936640174317,6.330638742107292,6.7693358883574515,4.219276271565576,8.018887381733542,5.16346293308712,9.537427855271593,5.8914672635285665,3.6301354554383685,5.467437495882238,6.870440797457788,7.055219463460405,7.668365873520162,8.056613715467606,8.207793705322285,6.078621379020005,5.340074363743107,6.4066571390674625,3.860397715386973,6.475044666097097,4.242976481125986,8.279894589189027,6.8303545592131245,5.552659212903441,5.787834023626001,4.0694242531418645,3.8170237980968516,6.628495539365801,6.77989045152372,7.393155582767528,4.4425805520300035,5.576498260562354,5.759237021593942,4.270476639192153,5.130466986468452
PAN,6.358846569906699,4.152396850312165,5.665851122117365,5.432640948597651,2.5102170441845266,3.899278586830367,3.2358423513793433,3.83733030205869,3.571407742584823,6.897342725859852,7.290105317235556,5.342117651766201,3.0287839433460055,4.9126488471129,3.6801451756050385,3.2257977470851156,4.5268381105850155,3.1219952743044668,3.6394416095500848,3.87414000014691,6.615882692815094,4.48238157213987,4.001741138465672,8.119722415886429,3.9732937615416994,3.1388009778936072,3.057481991299007,5.169683424565249,5.850652210028683,5.738442095181144,7.401785220210767,4.877162185138697,3.1942744810051216,6.2307055004296235,3.9039197157066106,2.141661877752459,3.5783593940369354,3.577878058437358,3.941329737409051,5.064932725202837,3.3677234371270846,2.586500728596443,3.9972250678722716,2.9952233848076584,4.901374561844004,3.237300651015671,3.6112476872205694,8.482767384151156,3.25436174956235,3.7001269248547137,3.3861752802139544,4.679096773276129,3.5607091477213677,3.089001652547506,5.781227458417974,7.080025575587111,5.487745297685833,7.0029963617345405,4.952381955297083,3.0764382096888547,3.5320355445481164,3.2147057641607844,3.0284796717388907,6.5469252439981895,3.5436497448095214,4.7435828423712305,5.472280729511691,3.617415078875131,4.203522098505978,4.578256353151598,4.39997118159942,3.757728515242811,3.3853058751023353,4.615798135250369,3.4264677005290882,5.434204372622949,4.481436888981445,6.203027066398439,4.41102750328273,5.398571543309518,7.241542691170961,6.012159120095761,4.522057590368503,6.099205233111652,2.999416248765833,5.3734544786767655,3.832230981630316,3.5437294487899003,4.851740305922765,6.873201042865197,3.9849101546034364,3.2495223818924464,3.329038330670491,7.834096428393726,4.792570584763857,3.5957078328575016,3.94394861531223,7.342575571276532,5.615385123164628,3.3760383918911967,7.478672216815092,3.4417292496650616,4.343275447817517,9.60742497808445,3.5434909967718142,3.9762033878930443,3.704287845550047,5.109664643790789,3.294189644946831,5.246299543868235,6.134780119831346,0.0,3.0800901066358826,3.7439130138907077,3.9010727515609736,2.586890542337088,3.1099181957355158,8.681369264413208,8.787739554797774,3.113247993375992,4.757938515110572,6.250714064094723,5.575833294923424,5.629512494157349,4.897775143714489,6.519685325469295,7.173365875092465,2.878240337662627,3.252568695317079,6.774566479932895,3.340173137604385,3.553637904874409,3.540065985472235,4.914898585021082,7.8600917087051565,9.83878540974094,6.081759498884399,4.25172091206445,5.357008699297786,7.49829530215706,5.6612044489226125,2.918245110077017,4.327771638995955,7.359987924057131,7.026223230200366,4.286199326258645,3.249388649859277,4.624121652228376,4.470436412679674,5.084774727838157,3.9268423708360882,5.542117650044049,7.782221133105796
PER,5.265225721622055,4.000741354771374,5.945995986359555,3.852668262713754,3.638921354727098,3.9826650248787567,4.025846604029815,3.667303623431108,4.679532353872476,6.2031080688637354,6.5197697824361684,4.206619214449497,3.456543369213367,5.360697806068075,5.560314893571568,3.755754690348644,3.705768081415592,4.463871117172079,2.386481003742525,2.459453074195126,7.344585972740535,4.135481948088888,4.953287962749422,7.587426522865357,4.196804987654003,4.396109158761028,2.2197984975434015,4.193849036602006,5.165243332352229,4.810533072996838,6.592587212059403,4.757644778551616,1.8409391849609171,6.091735118573253,4.884525090115221,3.1296107825712505,5.391555884841499,3.862797554727678,4.005641830927718,6.477162572061767,4.151666811789029,2.0867852059640595,2.4237581283207565,2.2294454233372774,3.633702582528555,3.6767981357524704,4.783300153967215,7.241194081580059,4.065197083701944,3.9138884353825016,4.00271526465813,4.007712319157556,4.042778030162733,3.808850561266434,4.396274445174145,6.321158760952168,5.088763614127654,6.308961273517376,4.829005970206802,3.900739942848253,3.0665834963846614,2.7863221902721707,3.7891339590369677,5.7717823142643825,3.7933424574896404,3.030562388072158,4.143555377882075,4.638291513399923,2.345778985673863,3.8622325955861445,5.045724247383382,4.304425413041114,3.6614571205012307,4.439220882257242,3.1155956382563703,5.0031167416910325,4.232480695396695,5.157171431622163,4.0622192232022245,5.697239060803944,7.179281509465686,5.063407354060047,4.381550008144043,6.141821662557179,4.0492994095174195,7.0810094966069075,4.69055803221647,2.647577591583606,5.021328840060183,6.179774333188822,5.529341828361469,2.1169151929454872,3.8814722458075215,6.974826374114432,6.2789517381982565,4.806341499722129,3.3031849505820534,6.72625037633028,5.0838907810612515,4.617131297003397,6.776026833244439,2.947124341839018,4.65532770069265,8.604748074634752,2.618150426242615,4.553117457992169,3.930962585621545,4.4759236571533405,3.7598143036925253,5.3419472153160505,4.889585691177573,3.0800901066358826,0.0,2.9042038429837125,3.869216069250895,3.5252340682069048,2.0333365875508798,8.868813424765392,8.942078043194238,3.32306177324029,3.639101498287875,5.934005949135858,5.142587317386753,5.315837849139048,5.931100055665279,6.283382982267271,6.308995750822874,2.762022793592047,3.6040691139991194,7.613022519945482,4.22107647151459,4.389896138109766,4.22045087732197,5.576781141469461,7.0368645042007225,9.03667083206951,5.469941932972326,3.664166400624084,4.379754062679915,8.248278597191446,5.8169138279953625,3.1268237151124065,2.9867389905282113,6.1183149229717015,6.20853244853114,3.848747195498149,3.2837252869903955,4.745459905061355,2.997033118949253,4.126844620603968,4.266747736552505,5.295984837486839,6.781939172001905
PHL,5.538292564929277,4.758886743681189,7.022378836281235,5.417597408853924,4.435884048799295,5.271013558810588,5.046207389766412,4.222319498716047,5.511778230717441,5.172438375505551,5.50795801136983,3.750414097756719,3.943906212810079,6.359722057842083,5.997740336576633,4.41462511442069,4.578533238333009,4.514037353403705,3.1082677537983314,3.299513915174135,8.076145729394282,4.0927177871517895,5.566358691956546,7.112818781115115,5.4416975899666005,5.418537681663917,4.203706038066783,4.333408674675365,4.125882631275132,4.191537567036455,5.727592571953438,5.183109343418871,3.4057343406483183,5.525949819243355,5.111019107242442,3.9109324298175765,5.677707599007844,4.655295541678656,4.879602307914273,6.101448936351405,5.232605842438783,2.8074068796519445,3.9063520767631967,3.061208729046572,4.014374321657289,4.826529183254234,5.6823153527269294,6.674474096257076,5.283290832791934,3.6962363720078053,4.760847014844945,5.562219712515033,4.788380709147317,4.32149538814113,4.1703056967961425,5.592933351202535,4.779480407701392,5.690594834197077,5.317207372328002,4.820863926205333,2.385340627023619,2.624338144060073,4.233679071347665,6.065294611942149,4.496632031451507,3.0480944241404004,3.07662840493838,5.559051983299479,3.95951060666387,5.11827282327009,6.330185263700213,5.350174337035839,4.6206788495124735,5.254757214145894,3.944307422417887,3.727998147201602,3.5565200977645257,4.595289656739042,5.125218380887658,6.861157235696273,8.238857259650327,6.531734831395306,3.862234705755033,5.538680637055389,4.788306427389526,7.810950006826889,5.295603886346969,3.241535219345491,4.2906409604131275,5.051641957260071,5.434286180429919,2.7686820627682693,4.859190917105861,6.232085301048895,6.7705031351749,5.608101619329844,4.277233604376191,6.093411244055965,5.237796557172104,4.201702877847757,6.049140158882331,3.80721759851781,4.781657999909525,7.578243542400921,3.1021911819225085,5.376092076761008,5.436317631369055,4.268167452164985,5.068600585765346,6.555053927777039,4.26281898345676,3.7439130138907077,2.9042038429837125,0.0,4.138550716231257,4.371256518969252,3.1154255495769423,9.832415977629902,9.909846264521262,3.747270944869533,4.094466446524253,5.264056545909208,6.475704697463752,4.600128466335802,6.686838008685426,5.631435929109683,5.686760108893957,2.827245282326273,4.170176303463474,7.484725559224155,4.642947895826885,5.181090935269814,5.469528349232628,5.515078241749431,7.712808248373202,8.314356749174143,4.32286519258412,3.167281454625116,4.216788965528711,7.324983166142811,5.539661729697497,3.938250406642708,4.367542612762452,5.582965697982475,5.350545839269004,4.24570269056392,4.5272440894652,5.1828782045384685,3.389467734296981,3.5575264864214597,4.646839001906035,4.709977644607113,6.756186460635487
POL,8.297713690211106,4.02783998598314,5.97590586819444,5.0760104932511805,4.531592590381197,3.5237384355266927,2.266751866675652,3.9558222230016877,2.9381315711581895,8.715472538473866,8.76735105956261,6.400754459976476,1.9663494047167713,4.4222232684275165,4.797589682894308,2.7394681398189498,2.2508579023011115,4.8276918271180245,4.5717318980085695,3.8549127942492043,6.806823312408115,4.821189583182138,6.204171919456421,10.320524524059163,4.093477835606142,3.5039972305270783,2.888514730683191,3.978072173017424,7.716575543794682,7.633442976067748,8.971425917648814,7.318488032993319,4.189758681262718,8.135087830398964,5.426904466342971,3.5228174068039335,3.7927316369029365,1.5820938313061113,2.1255501653484012,7.575534122198383,2.576519820892957,3.7739039724942844,4.980177681862975,3.775870147787788,5.722858961568134,3.1471113869602547,2.9501152772667316,9.949703017000594,2.7975720736270255,4.77320909519832,2.79391686394469,6.67656426696462,3.049525031252486,4.51549809074434,7.0413641984177575,8.698457457669745,7.847422843931889,8.722471312232587,6.817136263894096,2.7869062195646936,5.235895757348368,4.894641001797937,1.9945134779561717,8.632791296634029,1.7576683129513075,4.977506001633937,5.510782649999403,3.548548692505728,3.888071545287089,5.646285886419878,3.813529263238453,3.9619186017889843,2.2153676891714094,2.899432302149189,3.570926805991929,7.118589617375921,4.6629490830634595,6.471724885483104,1.8873635969602838,5.161513410959838,8.067048423919168,6.175328984182881,4.697536052475084,7.470745527672693,2.4403402960196483,5.656079544918325,2.750737761769773,4.211473553767229,3.7966611526493583,8.504013375385695,4.543848553977627,3.251164960233228,3.25320981228133,9.515882971918158,5.595312362688665,3.902542987693003,4.1367617024649155,9.102603602938254,7.794387939600619,3.4777197254014065,9.003476684495594,3.0678682423626373,6.643933520562005,10.94937450940277,4.775041969622429,2.964023311399215,2.9261355255744665,6.435052429241097,3.673521207514827,6.142260914057968,7.391331135800068,3.9010727515609736,3.869216069250895,4.138550716231257,0.0,2.8077334962388623,4.392884540428964,10.27255709123979,9.550269153522775,1.8604793571369038,2.4795528202355337,8.210796540035231,6.0352536900865426,7.425430051675418,4.758391976951679,7.881813310877301,9.057195255422727,3.6717693844224133,2.044202034466733,8.986199157919632,1.9195771389317497,2.3317394170240013,2.91446424197301,6.897351702689902,9.825750613813351,11.57562203847943,7.744639965552037,2.8522447231048935,6.173068448957703,8.580866195590687,5.643574753486103,4.071269589337903,3.7629346729207582,8.72777534763796,8.727393113444053,3.157938174479722,3.5764039230690834,4.126957184388229,4.646162344470827,4.45593730909998,5.404671098470446,7.635511529644882,8.849805145928237
PRT,7.409977511407541,4.1003903306850455,5.4163343525396614,4.758036363415373,3.0856174110465813,3.0305115041434414,1.7866557495217412,4.491675327625752,2.4632117516287546,8.050806249808945,8.172332469591053,5.884688859359692,2.176733672188918,4.9917340142632485,3.843513133790718,2.6642303446446807,3.585903044543348,3.4807869234185884,4.165206721756681,3.5720377757296258,7.229118631093717,4.456955722746375,5.170743086532995,9.367662142251003,3.33365895475808,2.6437484881460924,2.5391170389372,4.777514221352805,7.1011575118799355,6.910828073317555,8.512325804715344,6.51010965611567,3.1950984338026402,7.101101387117346,4.011832829292707,2.1970100964893255,2.6752993972613472,2.430756463175312,2.8499213852915712,6.3651091859108915,2.487316031698126,3.364399723564446,4.406863178218165,3.1229792558105363,5.220809360775514,1.8530421577445597,2.5000811549116153,9.23897755847409,2.1325649969641556,4.357843580049365,2.1904582846311875,6.005381606070296,2.4210258896229124,3.3000332250666276,6.568251952736531,8.090632921118038,6.683959307009667,8.035251759216871,6.265294877774484,1.882223440953209,4.327163636372994,3.9529241492226808,1.9547217896618414,7.619683711030921,2.3486697821058113,5.203886282959514,5.608711783790942,2.9447593764656594,3.8831694581540113,4.9302933650207565,3.577566750010715,3.016639882413695,1.9759204765422052,3.5833909293090014,3.547186794261112,6.476658995201607,4.667858120584215,6.610695134486395,3.2018146181153098,5.385189876694558,6.883756502444602,6.2904454957517535,4.649668053276049,7.026542372312941,2.0979418432810313,4.495812376341494,2.933915061777021,3.4632045933404534,4.646588229720971,7.859670209910774,3.153949286039051,3.2170860242703196,2.6776855007249174,8.819524741810238,4.207980461723257,2.8907668602313685,4.18217778434648,8.285055688306324,6.826173638284107,3.34757448640821,8.164472594010835,3.399247795094067,5.585698142527561,10.445314598240428,4.226053609990321,2.7050351316590047,3.0466454524343027,5.6696827724498995,2.4789684085481993,5.601063947212998,6.7010156340937685,2.586890542337088,3.5252340682069048,4.371256518969252,2.8077334962388623,0.0,3.7677391757555068,8.93611599840548,8.961351369852142,2.0725660014790424,3.977779616711975,7.166899892676826,5.48861170254797,6.799495490474606,4.16832867837175,7.170786967874733,8.380084391964532,3.1163520951489505,2.540529575212927,7.194789077302024,2.635307425340972,2.493064543640009,2.27107874776172,6.113209488374155,8.35248795789337,10.862376816076566,7.19897403661389,3.752501125330213,5.976115698543564,7.9871917809763655,5.636137786189405,2.8565870391137027,3.541782622763299,8.269020693253792,8.075312470412914,3.2451222837916873,2.85652726225631,4.120865223463443,4.609418920003508,5.092120887634084,4.805562685775152,6.791770294225858,8.254336175489632
PRY,5.089511605915027,3.549544786124742,6.159115537997691,5.059548453950128,2.861400013148904,4.955194756390142,4.506396320965791,3.2200230154520337,5.1477240596510105,5.598003115655914,5.977911059898534,4.038155425298681,3.6331400514403502,5.531220830014492,5.4789098511936265,3.5848983790273103,3.943520372233531,3.4004055467393917,2.6643393821203922,3.5118263058982833,6.957081463443901,3.0405250502376515,5.070470451986348,6.966317993226066,5.0049784681761915,4.79877611607232,3.293292968116877,4.998246606957268,4.608845853892686,4.512254088570252,6.296103122995392,4.259800349371434,2.8053471276754105,5.194224570884853,4.382845441693186,3.204260436112902,5.304979617973996,4.305213883818057,4.980827549943507,5.803257055578876,4.5407113478712375,2.078212489655616,2.592220088969741,2.6383404907519017,3.520723237730693,4.4236208597292395,4.90214975478771,6.978654740848177,4.496597766013149,3.0188040130397744,4.805595912509952,3.4717138297054633,4.954284447529893,3.210914625514212,3.816522428843949,5.50549408940042,4.498629511634205,5.64211126000386,4.675574143091613,4.3335794861921775,2.9404008765146354,2.2146213148034235,3.7936390956730226,5.808723194991447,4.019695690517856,3.017169553595503,4.06698037332539,4.5645404537784255,3.263585640872158,3.8741812792453048,5.421806769888974,5.02477509049735,4.484932284368047,5.677876299103032,3.33876662039229,4.620065347269731,3.2095858165403417,4.191416483591704,5.022856492679843,6.139393145842128,7.214708370258731,5.361138784221543,4.038121931926409,5.503736950182296,4.066763785924333,7.145850496086715,4.713882031015836,2.17415772013737,4.698204764402248,5.731721633880545,4.956296637706078,2.8525065449192426,3.466292905386528,6.2814833278313404,6.2425742910301585,4.549959715982814,2.8359937033779916,6.189946025935326,4.387136344062117,3.906131999303368,6.464565037384135,2.9799424742529195,4.083284198217236,8.08192878317907,2.1939863964840542,5.1454485086418424,4.432693375230942,4.185531178785978,4.421180853153568,5.304966060155018,4.710593984970417,3.1099181957355158,2.0333365875508798,3.1154255495769423,4.392884540428964,3.7677391757555068,0.0,8.908464031412537,9.027051189029073,3.664009659159536,4.65155015594074,5.2434480759661035,5.569985702988,4.6201594317925805,6.16756385686713,5.4539760728245374,5.7399589515368055,2.540405302305789,3.6249954653875753,7.281215128234812,4.198015218430103,4.391356625456076,4.817764951577798,4.649085764387218,6.95390096842556,8.403536002780474,4.7850271963603594,3.7259548189475233,3.3637106667191445,7.823554884248028,4.902212866864007,2.8960035672192324,3.950300674613339,5.721078508611609,5.796607709125444,4.333745641941453,3.6693196565354502,5.8447572837901065,2.6495540486945623,3.5051891943477806,4.682747773219243,5.123774547037825,6.84850744662593
PSE,9.024006533373488,10.27200593286732,10.140023519726501,8.565559870001659,8.952486086906237,9.125650840815137,8.864902947014176,10.029687052288267,9.303580878532507,10.647273133568211,10.193631634694704,9.994168953264763,9.508744098732857,10.79375709381733,9.619234362506159,9.560597164563823,10.389622115165642,8.692204811192804,7.5459530745654435,9.15314227179428,11.965967589537186,10.393596065329977,6.97144791171239,9.403097100007598,8.853788357003873,9.36676274608647,9.113823627695822,11.081168043369596,9.898352094242862,8.934135478985446,10.119759510916236,8.264819427886886,8.200961914599047,9.403278555629372,9.805907402677702,9.297973771968802,9.706522633822397,9.587928057439502,9.297564950129866,9.918090724084156,9.796852810444934,9.150236687563012,8.69637860210216,7.751108395320612,8.859011383951126,9.352324791316855,9.093628941566507,11.641301251990198,8.943756410765996,8.853035536823358,9.199054030498907,8.512512703440004,9.012970267724707,9.696525106427726,9.852420918558224,10.056944501625788,9.172279814327183,10.01383049945047,7.994381332159059,9.239951694022084,9.061701821885194,8.514533275539572,9.66621638183852,7.858150847785822,9.240150480170282,10.10012264946286,10.642323050113697,9.736376659597086,9.172120162600812,7.273354650389108,9.17872462202848,8.764494014981937,9.4726211545925,10.05663590867602,9.548718012634666,9.444803548135473,10.768891401564828,11.109112804664145,10.357442474849437,10.113624592475235,7.8206914767597295,9.547452797500162,10.73683933148871,9.575580082467237,9.42818043678621,9.821359733921787,9.39406320071741,8.685285312031644,10.134186637126101,9.866396183605072,9.876336441013581,8.786838072897954,9.400150621054705,10.408193168214511,10.248608467897558,9.386458836338493,9.452967421097393,9.218873703889782,9.348974024151362,10.081381180873047,9.473330558363822,9.842916572349807,8.393727597126974,12.332475866597168,8.864533923296982,9.334108827892821,9.609461660813144,9.560763779158734,8.104668353421367,9.056200447194616,9.310977678333627,8.681369264413208,8.868813424765392,9.832415977629902,10.27255709123979,8.93611599840548,8.908464031412537,0.0,11.791111684388497,9.035075711286872,10.661147931502182,9.986549308847744,9.29122331946238,10.206640331875786,10.836275084200125,9.720169895714108,10.23250879780731,8.875910197628285,9.800487682013625,9.13725330473499,9.613576423656536,9.73599554392817,9.192591941515378,8.909232613297572,8.858576124353105,11.490610438522067,10.067255904074214,10.222969518169885,10.15880128150884,8.370533610729277,9.997086118604587,8.115070150908604,9.366808770390216,10.619883392651984,10.487275702234152,9.211993938853041,9.238721441122994,10.117870766120996,9.475070373734845,10.942451156701418,7.826495059561388,9.068453176137668,9.570714214044875
QAT,10.872483241577365,11.363830891335473,4.550985048639755,10.85030923346132,8.700398107787228,7.458180774597739,8.693810041285362,8.832407323289578,8.859575342003332,11.016794395752273,11.60381825232409,10.467326410027448,9.589590296257954,7.1122846945180624,9.92781977018446,10.220308435522332,9.853389951351607,9.91812856778982,8.843246266353736,10.057065609154797,8.084834347551652,9.663505903711547,9.799614694255226,12.005210417022651,6.968514141901714,8.04045715239105,9.195482254456179,9.878698932310144,10.30729674261053,10.489646072993844,11.48356996103406,9.96851895757105,9.64824401015854,11.403928731530517,10.786474718783804,9.414087108295883,9.412016564118979,8.590717367093696,8.872416163648587,11.627613846546152,8.787285952930354,9.2831788434797,9.259546546901687,9.028205781790549,10.14920017906612,9.292262559996045,9.505425902512737,12.37658825120126,8.820312584668155,10.308514515350629,9.701720869834586,9.253582820653858,8.891119480888491,8.903511734641468,10.45847224993533,11.477167850816617,10.993161782678312,11.335236534423547,9.097684880447583,9.934030617022403,9.525053717226811,9.337649195806597,9.489424147996413,12.068899129805432,9.643026811714142,9.447553770207723,10.73164452886163,7.795623343208097,9.385635982476519,8.764205507989066,9.087514992477638,8.54768713086664,9.538390449532963,9.6032949505538,8.48789352507822,11.164988430384502,9.999960843004734,9.753949577536726,8.82619394530252,7.00783845173915,11.870014331523809,9.85266908294326,11.300191456828129,11.567534902906187,9.112182265160193,9.275121080681888,10.4769486643445,9.842652505151252,11.638811954345455,11.452748746603174,10.108903356188357,8.637035359046507,10.069161438533907,11.317024199081668,8.518370927232624,10.534022195068196,8.442854914914887,11.391442239059163,10.007198319116823,10.540037239000348,12.063762115522355,7.943678124995573,10.141805367169498,12.63789839854319,9.697813984881387,8.931371864592084,7.653493941734306,12.050672195516885,8.150929049310193,4.495728331836315,11.525936640174317,8.787739554797774,8.942078043194238,9.909846264521262,9.550269153522775,8.961351369852142,9.027051189029073,11.791111684388497,0.0,9.853351561657817,9.66779129332028,11.340367430972284,4.828064983141528,9.581779499526128,8.066587085467566,10.293170714388584,11.649205732672225,9.347776490550093,10.0997233805178,12.59444929067634,9.508760114920019,8.784686156924435,9.369517012541332,11.151444217534124,11.478160495527693,11.530735694086413,10.722999192503739,8.95723249649665,10.658116638796429,11.706449944521465,11.498791811234021,10.028474965502811,10.287775425649592,10.539230743010306,11.063281248323086,10.553298191266224,10.159632316301684,9.300806247470915,9.370281107197524,9.609809249442277,10.352210862263965,10.374106791271094,12.78777098630947
ROU,7.339588945996524,3.535054817181662,6.277208288388649,4.138644164887626,3.9056243509148763,3.6187196992273605,2.1255409117530593,4.046057643449678,3.166763404279057,8.042208178152718,7.9615329876951835,5.580657676102797,1.8012409148904303,5.1885732454635844,4.36329494240153,2.1756454019423392,2.848645561415946,3.8252477990801186,3.681022157615859,3.2636573961888304,7.3541027707023305,4.28816993922995,5.152822882171965,9.349605584610094,4.052751780481818,3.5482016301676738,2.4655915599242886,4.3827679946319735,7.006689867878303,6.720632696862275,8.267825821019303,6.472180526138532,3.158734776036742,7.171039281261014,4.7418798624835565,2.8925436379253657,3.6482946685259647,2.310198872979479,2.6007095435137173,6.790929195686587,2.9525575755901734,2.9141707272507897,4.241345163731001,2.822386925550456,4.683687883659619,2.8150623635852026,2.797602572300202,9.141028274487283,2.691825698233459,3.970000205177521,2.559085953570566,5.9174851185974715,2.89376444133478,3.951258080410008,6.277143849309129,7.905382594133182,6.845975033564437,7.978265858681018,5.987739428128608,2.4401430386323,4.385789390278615,4.071583637977834,1.8289694451254266,7.31260388074023,1.7413429599955208,4.695946275247053,5.112267385047549,3.6155268862158296,3.382800264844308,4.767833479167248,3.8180917492400397,3.7133541475733596,2.1173851705046913,3.3944967072099783,3.21366533183723,6.235233873677199,4.366504016386953,6.321312374697591,2.927330435506559,5.664890332780723,7.211961115593516,5.92897433018501,4.094168695026221,6.703794581627702,2.3624018531226514,5.640968691775616,2.565214944426844,3.3360338195989483,3.4388427821707426,7.710577437604515,4.043456285086662,2.897075794600184,2.70426348607445,8.749733398588324,5.536836557990717,3.3055140576789235,3.9426269509503875,8.285363586695421,7.026325909497524,2.9204490679783714,8.046920587434379,3.3992663646442143,5.621872050646471,10.31515804937587,4.093227507365068,3.251293953354139,3.3675495541811666,5.516838794769932,3.158995542248176,6.191370378563238,6.330638742107292,3.113247993375992,3.32306177324029,3.747270944869533,1.8604793571369038,2.0725660014790424,3.664009659159536,9.035075711286872,9.853351561657817,0.0,2.9817319776860605,7.318327512953473,6.069453252198782,7.018957519311107,5.16544673449798,7.309132006585065,8.18437775891907,3.1172931977005196,1.8205074734645497,7.874516181244643,2.0119459634023253,2.613071436082307,2.8652551674756457,5.82658895594691,8.76877709754378,10.89569410399484,7.068422028848997,3.356826262783966,5.495963203695828,7.935851117487154,5.033734767324323,3.0120340889215136,3.072121440702849,8.173393020432847,8.051793461347865,2.684998089228378,2.9445398270563707,4.119808023962936,4.098149455804846,4.56302727939223,4.392777550402146,6.736634115097709,7.66525484114587
RUS,7.871251825199314,4.9333512162327855,6.503073746567071,4.226866296340707,5.5107726308287495,3.5380979407700806,3.790006918884529,4.68538012097791,4.387331888298733,8.376520588993044,8.661247715186871,5.944179228196926,3.198659852987177,5.167162717269952,5.621581834707996,3.9614921258849503,3.1197064877712832,5.93702800103141,4.405557436974124,3.2310802047239218,7.6341694820456105,5.32749872235873,6.693712446735075,10.160661097697972,4.3079926992976,4.719112449933797,3.167708910234488,3.442947772378357,7.427524428978776,7.244667554957932,8.834965340798343,7.536654939150639,3.953351686804734,8.232641923967902,6.267933937290524,4.325847937272595,5.41276343810045,3.308791473082947,2.967116407951833,8.387919903748326,4.0036363586775,3.5849761887068565,4.532525803417692,4.128936477023483,5.177932790453131,3.7912728437884313,4.685244226195338,9.2987533132753,4.145341653511942,5.531429733349741,3.6177545705101246,6.685290679917599,3.5364723967964475,5.075907833853195,6.649267081182884,8.728000744196757,7.685527444564474,8.699753190439687,6.841697603311396,3.9308545150756644,5.19856226514414,5.307334707569138,3.6253979730170673,8.212852486286613,3.515159924410415,4.369004441391056,5.061628881902101,5.001186155258934,3.180476456918545,5.642651755483568,4.831534993095711,4.2889060812570925,3.143155535948976,2.958790916866451,3.0912280331394197,6.993670355626812,5.22554816436909,6.721600082233881,2.6999495779774736,5.727813666287151,8.36853197854855,6.3831812461961395,5.025512091395052,7.93320121566477,4.12049306464184,7.071997390178371,4.49352977349268,4.571495753452063,4.812148074894152,8.44008146251344,5.984044667031166,3.16889658746983,4.585942359745329,9.291598157261788,6.745688155251671,5.171944971597361,4.427599058349631,9.21863267583098,7.879886646921433,4.898047382471458,8.992031319184713,3.6290877636314844,7.078714689816992,10.511809222223548,5.325952534218304,4.174599575986092,3.92100804007959,6.321232426042989,4.146522831814923,6.54344105975562,6.7693358883574515,4.757938515110572,3.639101498287875,4.094466446524253,2.4795528202355337,3.977779616711975,4.65155015594074,10.661147931502182,9.66779129332028,2.9817319776860605,0.0,8.325194229938331,5.816027135042003,7.583023107892061,5.823320318004928,8.466695638506849,8.752607206503763,4.332501722356158,3.304802307607185,9.216531404320229,3.986439480470245,4.264817851580241,4.209774327720127,7.5597452029700145,9.431093511306283,11.279711382998372,7.690043298604387,3.753827463925422,6.251755720104218,9.54394098087365,6.568213792706424,4.802979566172178,3.0779013178689474,8.42466509986355,8.553342080193191,3.777404801467714,3.936838760742439,3.262597017166701,4.280731437700075,4.9122598042493,5.3795656144314075,7.577279678077799,8.33828557861205
RWA,3.34861254479281,7.272411844348805,9.19274150401527,7.9454115735715805,6.069168119455343,8.461821308768057,8.251250465859886,7.237293677726702,8.743943007766473,3.856313273128848,2.73990226929275,5.137515909073548,7.398726714771031,9.71443086726441,8.636061762218809,6.972549831323108,8.059204108748421,5.760811914260551,5.591029421989491,6.721790489858099,10.258235859487852,5.5597648154165915,5.958970853727448,4.109225257740273,8.147431249848239,8.725001287369428,7.428553150143371,8.16418050031023,3.606471950656159,3.5116267679105198,3.643252548854893,4.128332238421961,5.979386753120854,4.019057396075214,6.187682476469027,6.929547830317576,8.367027022637322,8.29077521497742,8.798875985014615,5.960291560605955,8.531985688291824,6.140293498698957,5.4722575688209885,6.088594124761162,5.684395286777264,7.821688482077006,8.532611264575397,4.5986917568319265,8.168526058652137,5.220502928104943,8.165321919475694,5.815648791709169,8.35016840149339,5.879311939260855,4.77143673608668,2.990168155271221,3.361264317630262,3.7155868215297008,5.374442313827743,7.86627305159462,4.458895464119806,3.911177495625271,7.290449378438947,5.3740013966742115,7.941192245545998,6.041665524072568,5.45567617509441,8.293637994738795,6.7151491374500605,6.134946673110148,9.267738903229882,8.240385800020473,8.197240471706468,9.407106699219142,6.935235598576486,3.218994085867918,5.585096804215577,6.2955155137761745,9.138956780368158,9.886254277188668,9.277693893179944,7.412052678951179,6.448029034878139,4.011878241025401,7.801099968146793,10.128784778493925,8.429509310441533,5.32762342330142,7.7000132497689995,2.710269848301319,7.252848229027004,6.76395719905636,7.2129296262694655,3.487693846093274,9.038628775076557,7.748125766515039,6.245296383191208,2.738125517412813,2.6651685850177587,6.861091211793179,3.0487876974906793,7.231966825376342,3.546366181021313,5.325420043484659,4.591696465744166,8.73916680344269,8.628349124388707,5.400779238598817,7.9314937523796685,8.19647891451078,4.219276271565576,6.250714064094723,5.934005949135858,5.264056545909208,8.210796540035231,7.166899892676826,5.2434480759661035,9.986549308847744,11.340367430972284,7.318327512953473,8.325194229938331,0.0,8.292172925685245,4.4839308706555885,9.696605559988608,3.8619034628982476,4.06519698500578,5.804720350129762,7.3808722116087795,6.960649413463287,7.900421791474721,8.149024750595503,8.514916936920434,4.407130396431903,6.42063215692695,5.511148811409283,3.0984429955511072,7.293330861132025,4.486911585060353,7.6836828765933465,6.849209398341466,5.806238048841767,7.341779211666294,4.068322980681882,3.0524633918048885,7.045282599841849,7.582217405837678,9.015159343854723,5.464159981137181,6.458469236180631,6.112063894889727,3.3276867292595447,5.644821043033641
SAU,7.487187941815889,7.874691611572447,3.354699641448336,6.854206087626202,5.627416914111011,3.742409834653574,5.2700088058719965,5.734454144301956,5.710999475909669,8.634978637884636,8.792688751798613,7.288223820299185,6.105485875518431,5.4021604537749335,7.2652525226309805,6.531830655122465,6.382101732409016,6.862701181385841,5.170181926021294,6.00943640459167,6.732855221837312,6.626092200827984,6.3214437378176935,9.617673989376485,3.156961991606123,5.386750415500121,5.389231762123511,6.235543132101406,7.676487630366078,7.453294785836452,8.661549805191925,6.876912858178398,5.6118954875162075,8.742892315746337,7.752542245517646,6.188867640593316,6.744720227431091,5.353001004531699,5.290015706922847,9.019866442488967,5.582299620209687,5.699884870418639,5.080402276797134,5.480455471448588,6.460013447377901,5.524029578766268,6.356517433162686,9.698208593243054,5.254718719928794,7.04986317086873,5.943674467320302,6.080869223131747,5.320276276898086,5.579484499788115,7.580045136108235,8.749074264236912,8.131637815966618,8.778080492195642,5.998193768553772,6.346927978691987,6.407987111641466,5.994322523719667,6.002201638555393,8.919909676380787,6.163918477978758,6.019749601713187,7.126454009814406,5.215292305091319,5.2230235155184594,4.776630698431475,6.119408767935764,5.061521744684596,5.848211292437155,6.198746737181636,4.6894821297098765,7.9258357067767085,6.813395219178519,7.62646323635422,5.536713692613326,4.989903875432445,9.223982736814696,6.360930396604384,7.987032914545316,8.38896738818482,5.86452571538764,7.303326317713002,7.14308854448201,5.985065290120078,8.43878108847028,8.680960944025593,7.437250506786257,5.1006148120004715,6.617387889335106,8.82493665567277,6.787062758887206,7.178380604269345,5.050987319543854,8.628495789316649,7.100454819100987,7.456360617945749,9.06930680480334,4.638538366403431,6.810239926515459,10.482758437905344,6.388416497792586,5.722511348690508,4.385610872175956,8.649194144291545,4.597586202861992,2.141928207256783,8.018887381733542,5.575833294923424,5.142587317386753,6.475704697463752,6.0352536900865426,5.48861170254797,5.569985702988,9.29122331946238,4.828064983141528,6.069453252198782,5.816027135042003,8.292172925685245,0.0,7.165275681274047,6.319875300726808,7.981706484054337,9.18229478980633,6.126863375971995,6.46566658954537,10.017281088021711,6.187802091729266,5.728376389264878,5.843114798841526,7.811810996000104,8.950812484985537,9.931776622772128,8.065379281478087,5.965985226744112,7.236122635674928,9.43883975736788,8.466542507756845,6.216562446684289,6.241700494924027,8.067347643392559,8.467927235006428,6.465223009298987,6.579161636856109,5.753707847666679,5.407044638236159,6.669457684499933,6.318323887093076,7.528744411684338,9.392644118950653
SEN,5.288710616834093,6.863645805357363,8.314680550374076,8.539279900482322,5.952800986981192,7.586830020601527,7.630632782423345,5.361816105207492,7.928653609774387,3.614040093135613,4.298021663191017,5.37961013706934,6.877592257141484,7.7571195505680315,7.9310123881637855,6.817793657459238,7.516793532700587,5.542322216316327,4.977849176016453,6.002085480745449,7.628137512261435,5.239421400817068,6.270469708769197,5.422714811166019,7.600510477736337,7.84001637769191,6.956194048842793,6.581129204683894,3.2047049499880864,3.844633531869456,5.304371429189103,4.389431994268204,5.771352116788522,4.9643725431004295,6.0100750844292214,6.023315109589359,7.928127662720194,7.437840677784149,7.905956405829709,5.780484035336819,7.60969767554372,5.410023697911881,5.072520413574546,5.369903487215224,6.379899798148849,7.372343337673511,8.10096974648103,6.196649335007843,7.432918608783415,5.260264320218813,7.469774755194491,5.833436245669611,7.672676076027321,6.2446521858515815,5.246149615345896,4.163845326777397,4.100504965236048,3.7600066665537444,5.323799262597641,7.428485260012955,3.9176045219516467,3.9485067681871966,6.890252245086261,6.515187752786169,7.407768365419612,4.979045814638785,5.094539181453873,7.734526926094188,6.849910099045062,5.821335335610089,8.527899715960544,7.599167164367865,7.412434902524071,8.372299921036458,6.57347046213773,4.229433718670234,5.594085503699923,5.0631799693503705,8.161175619867278,7.596092313862195,9.55807012730271,7.217374206308156,6.477786379673757,5.503118458271567,7.3924669427539245,9.680530974926665,7.875499655440416,4.8596236206482395,7.156147523430028,4.194511252542353,6.966051582072652,5.703924805262357,6.9409781646395,4.0742350532315585,8.570572097732905,7.691689029573172,5.851633256862259,4.652831603906357,3.7808141058732128,6.615918206316391,5.525641242485803,6.063431676333137,4.669944931321835,5.908526007275011,4.723171691392384,8.01612764337084,7.367594020478884,5.395901301889596,7.323635591394727,6.747633330257013,5.16346293308712,5.629512494157349,5.315837849139048,4.600128466335802,7.425430051675418,6.799495490474606,4.6201594317925805,10.206640331875786,9.581779499526128,7.018957519311107,7.583023107892061,4.4839308706555885,7.165275681274047,0.0,8.995448667624089,4.405963090695118,4.948055039024852,4.706089682734425,7.0252388731417295,7.808525823275543,7.346774545792214,7.528715063130097,7.905304461045804,5.569214742608938,8.097601568800528,6.176578587298483,3.284192042057538,5.87453669393693,5.304588564021366,6.600055297589719,6.767293154327636,5.8111278844691645,7.562012023307084,4.410306406218328,4.476892277247954,7.108593562445085,6.965358298874262,8.200224574961796,5.533640008494179,5.742804028366986,6.494828397941537,4.970211868253325,8.537838775426657
SGP,9.646405083748942,6.762489302916589,4.237355149621896,7.021063122292651,4.814879264115226,4.615233216224258,3.951802496089994,6.5167423766315595,3.3454075143554496,10.096479200465923,10.625597519529174,8.51139141756159,4.329775276885662,4.275762641367755,4.927967609609336,5.593313149388636,5.019527215382896,6.2461900314991645,6.774356355307806,6.440118269785527,7.7872636263161885,6.872446171395727,7.590890998868352,11.600634739191541,4.579968000979947,2.7792837649024094,4.84436681358791,7.058264485292878,9.136068957987794,9.350688416787365,10.459721238562427,8.628542059974988,6.391295973601069,9.659020552405282,6.332060573547969,4.817126581603302,3.502134066065812,3.8110446182717768,4.4489086846775034,7.811473177578943,3.5476865351207043,5.731705221995922,7.254939099958449,6.078078725452323,7.698088538241955,4.525449499356795,4.1428996611512074,11.662071643860955,4.674385761839977,6.6514647333813235,4.867005842814561,7.526403277365911,4.357263308556112,5.0779515374001205,8.300006242699826,10.294188456832185,9.043722538468568,10.536929609510329,8.127010588133338,4.5407050329859935,6.914479722159465,6.540823529673582,4.634821835142122,10.325625396572672,4.333048706523371,7.4168797192401605,8.256443112334185,2.7795298255622214,6.136115106798498,7.344273346885954,4.7416096107924455,4.820945310036147,4.861345660766057,5.165068453750772,5.355376885799814,9.193839032402591,6.595557969764354,7.963085383459532,4.270564639897357,5.88316992599843,8.23166459159558,7.865067479203134,7.497194056395271,9.212745600896598,3.836091025436229,3.269752400686605,5.0626237611649945,6.463752565701146,6.980522616758461,10.282668187663967,5.235710605229343,5.168533841027817,5.146604539548702,11.148264965294533,3.1028529762467643,5.242476278274447,5.597234542056098,10.621810367411822,8.910891352596687,5.516971943307935,10.965592437649335,4.462411272204977,7.971582707991837,12.713747897911539,6.637476605638353,3.413608580108248,4.461493773061275,8.460095745386688,4.788271536742332,6.0909652188325,9.537427855271593,4.897775143714489,5.931100055665279,6.686838008685426,4.758391976951679,4.16832867837175,6.16756385686713,10.836275084200125,8.066587085467566,5.16544673449798,5.823320318004928,9.696605559988608,6.319875300726808,8.995448667624089,0.0,9.420685495780543,10.486734073268993,5.654557484851932,4.922256460851611,9.223983944151591,4.506555244747826,4.12210068170043,4.233164648051276,8.743017208037026,10.112072173721275,12.715911507280738,9.412271825393356,5.322612795741882,8.602050801171272,10.518033748330705,8.362961845061951,5.892007499485868,5.710512855097122,10.432544886896252,10.368388898975448,6.176407988414368,5.384993127653414,5.722559402158928,7.084911756508953,6.535668265380856,7.289437770718685,8.861799858395935,10.373068771990761
SLB,5.333710354360158,7.4423625028994245,8.655946997641704,8.441803375463211,6.433925629985043,8.251244603554417,7.867466160726188,7.057702530659711,8.43541445346538,4.555032528181801,3.6200059335866555,6.3393898611057296,7.145747053719314,8.77272470872895,8.655571344256913,7.053420880850157,7.6609891961416965,5.451263594052154,5.266956227635078,7.439853296775316,9.427804336339769,5.159179811639754,6.358817459632998,4.92436035579777,8.171086221365941,8.513401286252668,7.734163839643212,8.66916107313087,4.469099982187204,4.443018476132434,4.76821383774165,5.158620647488298,6.702177399747234,4.098002566296225,6.429933813917911,7.126321604933803,7.939128278825299,7.63626277208085,8.552555516158348,6.912839114231256,8.221508898921394,6.631516341420436,6.308103448841601,5.767570321645511,6.802276765636612,8.27578442197944,8.025518715183283,6.355701157156735,7.858028250565754,4.856233280417637,8.33308438720682,6.587042048777463,8.38658299489173,6.576874512366766,5.70388854133935,3.9281037038883806,4.506449539941774,3.3819653177026057,5.365600064073814,7.989253035829137,4.787036872146434,4.038724199014141,6.959441204157054,6.755193665308717,7.530606844460714,6.737007415357235,6.657806821425672,7.952680762992372,7.378420646238498,6.601887469909882,8.331244198816169,7.886228789149016,8.293706009910357,9.229801485562703,7.2932580079338685,4.665027658531828,5.697646674724757,5.601182334618793,8.848385287541447,8.947410500788871,9.52322185700742,7.504535559066979,6.93054884105949,4.810596148091944,7.530625697487034,9.613444696246972,7.945342720174045,5.857995189491091,6.938650943823654,3.525707770973638,6.700175224076026,6.867721115768919,7.199942278523429,4.230017947170344,8.538176618545844,7.679442333979093,6.024655873539024,3.6711311848674666,3.8752462019324465,6.671545709764449,3.8522901292648384,7.177586740823363,4.660820488626909,5.560441865353943,4.493933724301685,8.330502641697711,8.05379272282054,6.609682511136264,7.5383901643260955,7.392288989463331,5.8914672635285665,6.519685325469295,6.283382982267271,5.631435929109683,7.881813310877301,7.170786967874733,5.4539760728245374,9.720169895714108,10.293170714388584,7.309132006585065,8.466695638506849,3.8619034628982476,7.981706484054337,4.405963090695118,9.420685495780543,0.0,5.028869308652838,5.399632248552132,7.399747256628563,7.357902997394467,7.4746197072772285,7.398898361359672,8.354910238970033,5.5749489096034095,7.752137133543799,5.682714776108558,3.278698286579525,6.658073443798772,5.156258613297567,5.713719134645762,5.272620721217295,6.305358626656806,8.09835126736298,4.544973085306338,4.156646252296665,7.234156304571863,7.712579267163131,9.51309918597635,5.802457002575073,6.432081959631322,7.46055223124215,4.57293713418723,7.035351112582609
SLE,4.124923317892805,7.870220944947582,9.993185283167165,8.071915030810421,7.365772789170743,9.41220705157483,9.338008320609818,7.723868944515871,9.981335276904362,2.3324600976636116,3.1922061420931622,4.640368033220234,8.324913770025795,9.947491134199101,9.420380530115422,8.229242344580838,8.722744939942013,6.927103877873466,5.685575087182197,7.4033334291293,10.903734193508438,6.6014712743760295,7.4660586248742975,2.8447873576011804,9.367676325612436,9.56566887845995,8.171475148145749,8.798008239937365,2.5077713570954283,2.6442100418966006,4.224327684661781,4.896509983094991,6.661638346771348,3.41683879924063,7.761931713876565,7.826493299558599,9.639600628698206,9.13211457404591,9.642592297410944,7.473489894250881,9.688892242172045,6.411870027699731,6.3738111470142105,6.264246441088866,5.4213667450991725,9.183122391382891,9.682912688324741,3.118029691209922,9.485663055810932,6.0515634403900815,9.396358412973969,6.074895027972058,9.387810952149195,7.443533669509617,3.356151302142708,2.8533128875907656,3.0067678999571457,3.055159697100143,6.016587152475364,9.041012640461046,4.448652139137149,4.94585872243853,8.530585612365048,4.007057260184654,8.868257674620928,5.746040148790086,5.820497542426506,9.2496298568439,7.276681896607005,7.161137823475132,10.061948719432015,9.309528200154524,9.14924512278555,9.998415099913592,7.456515368784735,3.4419875460187512,6.713642431235155,5.28326715801314,9.772454035366458,10.412506400561618,8.949633649283884,8.452875567352683,6.620947314902162,6.1882251155529735,9.004002524398917,11.388096993092017,9.439241702578913,6.4821603184466765,7.949391432612104,2.7326071527806435,8.575606623826054,6.948501756074308,8.349670316198306,2.8947826049675625,10.24316240198321,9.013307329254749,6.937259706539918,3.8515800951686185,4.038511889722148,7.769853844702087,3.7828159679273883,7.886154744237694,5.5106472855615545,3.8708896842995766,5.071017669982823,9.887238200944752,9.527696611686707,5.118543428349259,8.840996857579151,9.008045681421171,3.6301354554383685,7.173365875092465,6.308995750822874,5.686760108893957,9.057195255422727,8.380084391964532,5.7399589515368055,10.23250879780731,11.649205732672225,8.18437775891907,8.752607206503763,4.06519698500578,9.18229478980633,4.948055039024852,10.486734073268993,5.028869308652838,0.0,6.43806530510627,8.375430498674415,7.3533423822589405,9.007885145498506,9.240838907295982,9.844776610261798,6.371262670036996,5.409657869410921,4.3947342400979785,2.743218442478949,7.845100084338029,5.067170048086017,8.565825371466234,7.372565595377118,7.200391806186557,7.927933812512149,2.9657404873776807,2.6925686812653065,8.586531490431026,8.310121636184533,9.578957909262572,6.169505554573778,6.6716813291235395,7.38035789640123,3.8608574747865,5.618578703796068
SLV,6.065997280214678,3.8341337082280638,6.487237506904121,5.226116319763681,3.5838965856609475,4.568401388731288,3.776121501142613,3.7120529951606684,4.177248226862964,5.951960552760431,6.23031620754987,5.00836714003293,2.6495810860835602,5.116701029228288,4.617402123557059,3.275034346404247,3.706982230393499,3.1359906033172074,2.8185219051100785,3.181441618299153,6.852584969054342,3.378036008230857,4.685918745861851,7.509602682860231,4.9607880573152086,4.387825252545668,3.353771020672727,4.751797995869965,5.078544679914197,5.0851668131723695,6.782190059450691,5.061899604103591,3.070575531574596,5.5697602779184505,3.368436332154726,2.4625168956441774,4.32528230211166,3.546221695427232,4.222717343256559,5.158729669583689,3.853740020761919,2.648535547341327,3.7506966546634213,2.462031020918893,5.005012302598096,3.95446742045284,4.071955972906393,7.880318222672097,3.857960224643216,2.8707467709951486,3.863855516651146,4.997169521389919,4.143888116275349,3.9395022597683003,5.1607159856484275,6.124954579009205,4.883251904138406,5.877909612764315,4.906691547216096,3.530543633266642,2.7661508258958176,2.322643818530204,3.0439386500317163,6.361045386982176,3.254451725310045,4.145577554606163,4.728779836319313,4.586870919887812,4.1735830694413005,4.52237047209623,4.673431206663073,4.326117684927745,3.7470004220724293,4.649050973442443,4.102634704477749,4.976402308620245,4.069692675695661,5.011473955735389,4.477197455903044,5.471881636118903,7.265030318308195,5.644937064885325,4.370458664120765,5.394991110664195,3.4811673880495566,6.237542061897006,3.7608235429092742,2.6469926061348916,3.721892620792547,5.932965979282224,3.9438589106375397,2.7318766329672455,3.325585034322586,6.926067110639631,5.448996538416898,4.040240670559434,3.608976908652765,6.588816286203915,5.263695416842779,3.2547640730951843,6.738231773132713,3.5315766495550256,4.4844700040965915,8.583716443366189,2.8925462002344915,4.1763440075316245,4.177035443437325,4.1952291385984335,3.9516801111244755,5.890069681758871,5.467437495882238,2.878240337662627,2.762022793592047,2.827245282326273,3.6717693844224133,3.1163520951489505,2.540405302305789,8.875910197628285,9.347776490550093,3.1172931977005196,4.332501722356158,5.804720350129762,6.126863375971995,4.706089682734425,5.654557484851932,5.399632248552132,6.43806530510627,0.0,3.1443343423927317,6.742807130211514,3.6018957561042892,3.866799738593134,4.037653047056746,5.165564785563138,7.954635098786328,9.097944747167451,5.0740603417651,3.099031338403154,4.9620099360217145,6.577220544952705,4.66551460942899,2.697917478997954,4.105857923651484,6.604173438311823,6.430273641733898,3.57622094776228,3.0872253643279275,5.402956023923432,4.144391906856323,4.381166384357704,4.724317233722885,5.34252068039255,7.522744056401077
SRB,7.525620933835461,2.856226691334606,6.439915502685879,4.848521858098442,3.5657375434687046,4.150102468184035,2.619427843515664,3.8415518070544037,3.1066546700143243,8.151483164428633,8.208738943777862,6.210261939986789,1.3070421681448883,4.737214047554543,3.9074535265914756,1.2343126589931515,2.1133343832780627,3.591946060534025,4.316388221069839,3.756410535326354,6.79863785625225,4.120042634346319,5.450388206791615,9.527027668346312,4.581346450984634,3.8031435090475747,2.6002596719903805,4.684337183035873,7.227112168568842,7.11433280779413,8.482839773646571,6.39835240711628,3.7913499264772472,7.238759896485216,4.13053249653832,2.87792582156488,3.3722485825062787,2.406651280954911,3.2754235613347746,6.2906154098233396,2.651139315167271,3.0978651413962033,4.406577249891498,3.6524651388719214,5.309035736483422,3.0996319573712623,2.4722889433064177,9.493597958755954,2.8519069533261474,3.654277467650247,3.072286255611872,5.649180204325756,3.628517820169177,3.5781245532697716,6.432170482536443,7.964423490162174,6.868296452239886,8.07033682683306,6.161524638095559,2.174833458306413,4.859757541055843,4.2250948619160775,1.5019395692740787,7.849199202245631,1.640931041339339,4.9798832232918775,5.486255588630912,3.617670123488574,3.614290724510434,5.147409048496137,3.6997904053715143,4.109669622970832,2.721113075336908,4.000143704563964,3.2387037740802533,6.593735049321095,3.9879272277894193,6.303561733028918,3.1876343846792303,5.669057424164817,7.274926424933828,5.55838244860846,4.324057233748391,6.463392441077662,2.001602964618924,5.367830494010941,2.1093556799619972,3.399046508654047,3.443431514153902,7.991426317195303,3.7030833675305335,3.5010954616219756,1.7512680829350222,8.958219589078098,5.392747311591319,2.4669257232081474,3.328892234505614,8.475666802182433,6.909923672360299,2.332123497943111,8.468041333922235,3.1660515840327683,5.618702288467285,10.573608063143563,4.090516208277886,3.3395436083032006,3.4864180273947327,5.467747514975223,3.803305433950885,6.372576545620245,6.870440797457788,3.252568695317079,3.6040691139991194,4.170176303463474,2.044202034466733,2.540529575212927,3.6249954653875753,9.800487682013625,10.0997233805178,1.8205074734645497,3.304802307607185,7.3808722116087795,6.46566658954537,7.0252388731417295,4.922256460851611,7.399747256628563,8.375430498674415,3.1443343423927317,0.0,7.879645592870903,1.7476103091319664,2.4112938485539908,2.914668811651016,5.714982867650227,9.086696834712624,11.206899455124981,7.171151132103443,3.6384675629619334,5.454360191082171,8.469616119229126,4.861603601056633,2.932288309885268,3.323725758979666,8.44939848913611,8.326954053952718,2.8708480216379706,2.734935106031969,4.784863989202845,4.2284097006223,4.47451328193304,4.626582159661951,7.070735983140802,8.126874685640297
STP,7.559104805536675,7.94688699266085,10.376734141910962,7.953525746297262,6.99644827498422,8.575535968360352,8.341873278219882,9.314277826911251,8.359665095621052,6.920518969950732,7.831083362633957,8.113296934788979,7.535740282649946,10.148218540049216,6.6326089385502875,7.6961926259677815,8.919171611069835,5.7453301305545175,7.009612179749243,7.621494012293157,11.816535382114308,7.76325573176138,7.231408420270606,7.360655020655756,8.78638475150532,8.495790337042694,8.106192135564546,9.976666142792242,7.011936338170598,6.617109022289567,8.65679116455472,7.617940843644862,6.941989222675387,5.046124660008491,5.62310910540675,6.870191874945477,7.168408404212547,8.742052045484465,9.025540888773252,6.592543649081752,8.600376618468754,7.157311610653284,7.974049871577849,6.995142502877975,7.846691174108953,7.920683566481825,8.0281434964638,8.640284934212865,8.26090165510762,6.053548034394757,7.982319433038286,8.35964456445631,7.974463081389328,6.922617396156948,7.451864403154748,7.801669296350716,5.019994001880944,6.8150401310801065,7.993159148647894,7.320419808984556,6.042839740961895,6.344872215133559,7.629606316454986,6.894808080527752,8.21783156489794,8.805926921089075,8.634523283584564,8.995444020382891,8.405080524246975,8.76961698920205,8.172689700256322,7.480811770541489,8.393221008678648,9.264224377410828,8.034458245408103,6.314513446757503,7.852995770817954,9.211314047187015,9.70722686754743,10.734401983755053,6.77340048652093,10.219181624008687,7.87624237484564,7.800623452781392,7.9594165488703075,8.286508481743226,7.925667945332318,7.317690272506362,7.680226618580109,7.283296485966857,6.208094725821993,7.9875081608386695,7.662731866343678,8.146386541558156,7.54123780254735,6.697113778787741,8.228888260429203,7.722284493967119,7.217072809174567,7.1761814371405235,7.171172447074632,8.818804700275507,6.825789418300174,9.054808480623858,6.811769449169268,8.300819826667187,9.273262007209134,5.981646676371762,7.342819447780473,10.030892505912622,7.055219463460405,6.774566479932895,7.613022519945482,7.484725559224155,8.986199157919632,7.194789077302024,7.281215128234812,9.13725330473499,12.59444929067634,7.874516181244643,9.216531404320229,6.960649413463287,10.017281088021711,7.808525823275543,9.223983944151591,7.357902997394467,7.3533423822589405,6.742807130211514,7.879645592870903,0.0,8.639240483002435,8.666462715910438,8.350031609465548,7.755762217938811,6.896510102878481,9.778106042022657,6.7382589505926855,8.886290652577884,8.12605745578523,8.06164785751469,7.291943537127036,6.804908573569049,7.984650336096021,8.558589318684538,7.830361984158449,7.906650698111846,6.883697178153028,8.636826399428166,7.925906716240451,9.305656798394658,7.484131414221014,7.259385488085005,8.214358107952332
SVK,8.115694532324422,3.8476582254224803,5.798493071354874,5.615893374047121,3.7843307400186172,4.091836381561283,1.9850901196339878,3.8680034545679476,2.618576403099344,8.787124955554495,8.633451592154923,6.813270124365724,1.867950807014112,4.278095249763191,4.2694845729662285,2.1806493899924386,2.7209051185684006,3.9104540105934222,4.64969713481501,4.642062391602149,6.369201493756785,4.572526006513911,5.391914152793514,10.020547235461507,4.33340038410993,3.2557218000177786,3.1981947593113698,5.215327759873607,7.751157081572813,7.661628567667535,8.753782975138868,6.69238783108963,4.558984089347052,7.917902388760163,4.874304679642471,3.4159301678775456,3.0421822490628903,1.784237882863506,2.9352203711362175,6.628371153358924,2.2571119102503228,3.8511976652319877,5.135192256723031,3.931623969635885,5.950110334458408,3.4659006331192375,2.014003025037746,10.229371093770343,2.5558059002487603,4.153983442185268,3.2089648774870474,6.048643277931692,3.5687986715395423,4.060683872016677,7.115032987178271,8.422055617850171,7.647905191414252,8.60924374290583,6.18465509475524,2.790822593922477,5.420229480508477,4.649403711349533,1.6188415354627619,8.53478537041278,1.4222253698950271,5.631994053160394,6.202284808988286,2.7983476264145017,4.42841016400025,5.234392871611704,3.529130354985278,4.119755982067899,2.9330516204488757,4.105238739864741,3.822202962787709,7.194881691162242,4.394420741993199,6.556357750098233,3.0361731212311605,5.143233173386203,7.815536683403386,5.662103364383018,5.027167489671628,6.7337815536881,1.6698600100308023,4.881330650280689,2.129635770327977,4.069238997208826,3.8255233419759436,8.424473403043157,3.871155379362823,3.8236241696251514,2.4433776239024865,9.421354540709045,5.0709105446259475,3.103132651893524,3.7431382844497523,8.793775560602905,7.352240021863695,2.6963645736162007,8.888443929334432,3.3068969379720503,5.858450961350173,11.116502748498394,4.531266293655439,3.0208491195354013,3.002846852358289,6.620815512664353,3.786813820696159,5.8015572553269505,7.668365873520162,3.340173137604385,4.22107647151459,4.642947895826885,1.9195771389317497,2.635307425340972,4.198015218430103,9.613576423656536,9.508760114920019,2.0119459634023253,3.986439480470245,7.900421791474721,6.187802091729266,7.346774545792214,4.506555244747826,7.4746197072772285,9.007885145498506,3.6018957561042892,1.7476103091319664,8.639240483002435,0.0,1.4117196264943404,2.7136782923839515,5.906313421118005,9.810797556046202,11.500671437609927,7.662499173116171,3.567867107940976,6.027788350357489,8.138335690677282,5.130300504721617,3.5903764016833404,4.358071387048922,8.869072799641064,8.778519513274581,3.4275104584926432,3.717459520052587,5.188515468946664,4.8454311975732764,4.706229783114782,5.073048418321177,7.340752420389615,8.67871439837842
SVN,8.385639190229368,4.291438213763846,5.19408050710632,5.765552145925058,3.8778878048186027,3.7171777726901105,1.7561240874963455,4.25162176688071,2.602223841087744,8.987909663179511,8.927174284385803,7.055285632081187,2.265139455705183,3.90328838904531,4.453301640014718,2.703190581718929,2.871247278568346,4.1190339387569574,4.8079877674642,5.0936219619167735,6.267227422575303,4.640037713485974,5.77692142033676,10.23179326982604,4.061440283411233,2.9366881061099455,3.372781478351045,5.584585714778906,8.020535646422365,7.932766474452947,9.119550082551447,7.04189112911556,4.820475277239611,8.018307310440617,5.095724864912023,3.616893164242106,2.9287926761791145,1.4746084094270246,3.0135431678008344,7.210981468289847,2.1610820929808354,4.287235061306198,5.407300070752497,4.0665159920398795,6.240702209427351,3.5607605986563975,1.8657322770446896,10.356538638700268,2.332699938999206,4.596788006166612,3.468999959122542,6.2832494503866005,3.6037497157959053,4.157193296698162,7.347330124459581,8.760497870312989,7.853054238293827,8.763944994382168,6.455905945082174,3.023800134572674,5.58947973635362,4.862022568411276,1.8424465303735642,8.841807281312688,1.8482314893105178,5.943325162308713,6.699575176789272,2.3355707619695596,4.675986857601223,5.541084085930549,2.972973561134055,3.771735616707859,3.0608687293534405,4.108123721267863,3.9023444996785086,7.585383128992039,4.73275272710614,6.622877573533976,2.942092039880882,4.841379996760923,7.872255341889786,5.908568394606512,5.292855869500499,7.306485371124495,1.7485608722976742,4.530681054278514,2.464134061664371,4.549034906434508,4.381348782445312,8.707626260830464,3.7394535333502947,4.120510470848536,2.6939111254498345,9.605780771223838,4.6719189634,3.1765132692685256,3.845408770563521,9.054340419807493,7.506031202903785,3.3440329621108402,9.088205390150378,3.4271591140503537,6.2459388538292755,11.22349326346196,4.69076197853303,2.9420442512360494,2.422213997563164,7.104620443897467,3.4240283757063494,5.329001624337524,8.056613715467606,3.553637904874409,4.389896138109766,5.181090935269814,2.3317394170240013,2.493064543640009,4.391356625456076,9.73599554392817,8.784686156924435,2.613071436082307,4.264817851580241,8.149024750595503,5.728376389264878,7.528715063130097,4.12210068170043,7.398898361359672,9.240838907295982,3.866799738593134,2.4112938485539908,8.666462715910438,1.4117196264943404,0.0,2.6538913996712874,6.470483811505553,9.78459725726299,11.542320740748787,7.896920968808105,3.775099878797168,6.336862427262252,8.35234044788148,5.169168660569341,4.09603449912918,4.710344250764498,8.933232153328314,8.924047723035676,4.035237127412888,3.9329192158583424,5.317601337993235,5.042586112966486,5.033471896198769,5.81784513695943,7.612104677050235,8.99575035205752
SWE,8.358551418173569,4.628765645541321,5.827656952901508,5.11523290223898,4.163379129712267,2.9859775925806926,1.5988151768954513,4.9571729869723224,1.455604157592249,9.4528898470148,9.495606458569666,7.5154197020897495,2.4484860354769307,4.76321410375492,4.08239353320152,3.2314222169881863,3.5532324213609465,4.779144896927468,5.028351713803886,4.076512499129948,7.021133155030545,5.672007455211929,5.3844130150652605,10.675265919373228,3.4586462522881547,2.600149019937679,2.665512377609815,5.254421077239644,8.455899651535152,8.174679339296317,9.554972294746426,7.284464221517009,4.088286305403389,8.638403886504815,4.699541132301218,3.0338561348084325,3.0204289416238157,2.318954855015451,2.2221492499336613,6.982712998310958,1.3670176601520927,4.363319718385144,5.152185852021954,4.312420584241185,6.655271902125583,2.0164529138323517,2.05786887975277,10.857783777576834,1.394718181089171,5.178736846184894,1.75733619865733,6.47194377475755,2.2761349311138717,4.396300150168488,7.981854432396981,9.376058694026952,8.011833609571658,9.271494785506047,6.7704095990687385,1.8550376524092385,5.883681894033026,5.264828228815231,2.458722723172016,8.858912592676752,2.2395301893594373,6.360472277906649,6.981804817838774,3.481911978982509,4.598070823753567,5.4750297569850375,2.752588218554589,2.7274243537263763,2.1761721144472936,3.090099210083312,4.477543889285556,7.8829743488076245,5.835535393631533,8.005774355782146,2.944895187936428,4.979389049895805,7.606730869530888,6.103484099431172,6.110346752304399,7.6960207399774445,2.128882758661249,4.115472170909472,2.5010674867264466,4.510916239310562,5.237297711131175,9.22619153331882,4.445474413909852,4.111424922931088,3.1774352803902097,10.20551758340877,4.405673079841668,3.104385574676705,4.884037954742078,9.487121491537701,7.882586053612645,4.405978166077944,9.54502596430249,3.9958002021965107,6.457660396172875,11.936877622889773,5.33720088163408,1.7588145682479916,2.476331954359018,6.90767742219098,2.644413625397117,5.941334429213267,8.207793705322285,3.540065985472235,4.22045087732197,5.469528349232628,2.91446424197301,2.27107874776172,4.817764951577798,9.192591941515378,9.369517012541332,2.8652551674756457,4.209774327720127,8.514916936920434,5.843114798841526,7.905304461045804,4.233164648051276,8.354910238970033,9.844776610261798,4.037653047056746,2.914668811651016,8.350031609465548,2.7136782923839515,2.6538913996712874,0.0,6.932414629542265,9.809788526146312,12.2820586439228,8.512138700658868,4.532788019695821,7.239055085153975,8.601466450365248,6.509355525937974,3.6584640534433115,4.039588795031061,9.64084391209613,9.50389091459442,3.2675638261921676,2.867339036689407,4.415042745589673,5.644355642957992,6.312292697271936,5.241867158457245,8.029183912317004,9.356760050149125
SWZ,5.119721519329402,5.669254308209038,8.550327863467446,7.534845372626659,4.911701910524265,7.5966708094122986,6.667634509846181,5.422796057226386,7.230933869463363,6.517859259795016,5.531926462939521,6.3310421335745355,6.08739797586163,8.254638771455623,6.883473421983853,5.096486960967433,6.799950621094451,4.244484649819176,5.14625334478364,6.360621734749011,7.9719038243308775,4.960269897812601,3.776727620668488,6.458936771407256,7.240885035440552,7.42035691584638,6.201705967548938,7.598611356568216,5.717571091123687,5.4398436189405865,5.972182223851137,3.323217842749791,5.565623402275813,5.778661020365988,5.303435050355438,5.849287695552711,7.011802098100912,6.949588186915969,7.544128585619701,4.637968788808367,6.90408070258163,5.248471250848997,5.043525584159145,5.5746694422102,5.945101123607345,6.7344462481161145,6.554944904423798,7.81584141142651,6.420865166250682,4.082372268494951,6.97722012402333,4.433150821992109,7.42534574918171,5.047875359581701,6.15829466656558,5.1828906823429675,5.203963804909698,5.8448676216472775,4.149474082550009,6.489878623343815,5.331206325137876,4.265568233781077,5.820488139869274,6.004417503530147,6.346419669976943,6.263764108110114,6.3299354674155035,6.884286422683304,6.249835869751088,4.832820664426615,7.66968220720771,7.490010646959251,6.973832915022467,8.493682239628209,6.1347039194810735,5.014908878707631,5.242911849144453,7.012999849160769,7.927272493317829,8.33334837621684,8.90755169208492,5.515868943223075,6.221020515185196,2.9597241980140727,6.0248097602646205,8.670947410420434,6.421805671692006,4.652847518738722,6.529331428482618,5.6894220028027345,6.367862057834604,6.369317232823496,5.268925784628273,6.305804028965808,8.260647281117723,5.930776800662711,5.185871757409682,5.467349788593716,4.218233780841759,5.199947949038116,5.943960766455276,6.304612136271487,2.2924642729741933,8.563140426005095,4.531619027291971,7.591056308112496,7.053996975229057,5.88546317599084,6.924897046012585,7.282470740358476,6.078621379020005,4.914898585021082,5.576781141469461,5.515078241749431,6.897351702689902,6.113209488374155,4.649085764387218,8.909232613297572,11.151444217534124,5.82658895594691,7.5597452029700145,4.407130396431903,7.811810996000104,5.569214742608938,8.743017208037026,5.5749489096034095,6.371262670036996,5.165564785563138,5.714982867650227,7.755762217938811,5.906313421118005,6.470483811505553,6.932414629542265,0.0,8.308637859711553,8.431919530682041,5.395855605535612,6.887873801112916,4.712852267927403,7.325000274638975,5.877775544368074,4.542071051158947,6.768956197652145,6.774569644717011,6.3113008434672535,5.835692099884338,6.3553409602535975,8.412589664490389,5.45519449078942,6.412393845477161,4.254758645946141,4.944953357141045,6.749423887218451
SYR,5.592429924992673,8.834968691335783,9.510022796411944,7.268972611791037,7.386494140980106,9.099292853211693,9.424728933728725,9.356351530921739,9.998886928252045,6.425447406200041,7.035691172658927,6.133861524631183,9.023744572978657,10.86382428801509,9.599860858579666,8.952170655775657,9.391833675923982,7.849932088534399,6.840485280200774,7.9216715892755625,12.576176522472998,8.513974754125348,8.311142235739789,5.806178495273008,8.782306461737926,9.418785726337456,8.1978983740137,9.769216249225538,6.236853918012245,5.62519071141086,7.203742955300435,6.71937750304193,6.711098749158982,5.55328250857965,8.651044894899796,8.406069556513536,9.702059837105688,9.581821045925992,9.787218388461461,9.153231569152068,10.03089865201903,7.5387030729298266,7.060492643162126,6.938873201885393,5.525534767626008,8.835814591105585,9.743088844612615,5.646475267945593,9.553214184233415,7.709058803218248,9.459130261742175,6.910110600763858,9.228990000966151,7.525673002630902,5.275421402677879,6.590931872109306,5.3485960973157765,6.773787602205775,7.958208314006597,8.942376000208839,6.265503815987969,6.442637938163428,9.201232482076328,4.885890529799702,9.356382417684921,7.229312411896043,7.3922315906533465,9.309388749853117,7.1148062085119435,7.694006305982261,10.049003718472337,9.121349352826906,9.248565015711765,10.15471806584969,7.838298115173302,5.932231869762661,8.332251337152158,7.863918231851881,9.984780006275278,11.318500499489428,7.054910309642851,9.513772424934327,7.928939102870018,8.696169009824315,9.294166635710766,10.740055449953557,9.919463932034397,7.4260416489238565,9.734763797322334,6.395875527499734,9.118628250839711,7.649990364110213,8.772959578639512,6.735169330337567,9.89954781896497,9.054420861456396,7.92869600111027,6.443623543050432,6.2856775970747,9.045240527700171,6.10879966083835,8.505212356942732,7.204604950423298,7.664078691943699,6.40275899599612,9.836857271958637,9.887757328209359,6.250656871008614,8.441305105956632,9.234556302589711,5.340074363743107,7.8600917087051565,7.0368645042007225,7.712808248373202,9.825750613813351,8.35248795789337,6.95390096842556,8.858576124353105,11.478160495527693,8.76877709754378,9.431093511306283,6.42063215692695,8.950812484985537,8.097601568800528,10.112072173721275,7.752137133543799,5.409657869410921,7.954635098786328,9.086696834712624,6.896510102878481,9.810797556046202,9.78459725726299,9.809788526146312,8.308637859711553,0.0,7.470005539512751,6.674569604182593,9.252052266021684,6.830648921951023,10.611961973482213,9.251168931553252,7.543397564752556,7.642000671449877,6.241944675339123,5.986624781320032,8.99009048413627,8.549725181391407,9.36198108309409,7.079400945988948,8.331318651389276,7.777108440301709,6.235005545809323,6.2000120570462505
TCD,5.7181920769245895,11.153737276363168,11.109263052091467,10.961948455589154,9.796945044522385,11.386917879982748,11.683847007220663,10.058762450619717,12.29382324311007,4.254449842855514,4.129820738575559,7.401034810505855,11.004194711933232,12.026260915520515,12.179014172222356,11.024350377411201,11.381894466362704,9.482269598796362,8.01076670735697,10.12532199522855,12.395316736798504,8.926941617110733,9.368117354062415,3.5913675517381614,11.093705290079518,11.927340704100748,10.987618335240132,11.151128609418262,4.723821400512813,4.959030974373435,4.801688506648645,6.848418140268534,9.453691559144648,5.9394346972361935,10.477279824815383,10.692412254117126,12.04862465982012,11.47262489321566,11.95262917514577,9.895321947478608,12.080557184343213,9.354971261932487,8.696840215867486,8.945061582996509,8.138873429832287,11.695423900855934,12.20948562711247,4.6819519112743775,11.779631797950621,8.730764787261718,11.88286038491749,8.366457833049523,11.672737369196843,9.717943831377903,6.3778943718996075,4.362250087571464,5.982908972047966,4.652786366481706,7.504793701851392,11.818447598265346,7.290085718719911,7.446793628115499,11.044253241151148,7.206294742847166,11.462006342252081,8.266732537335711,8.205110738639553,11.406774707237656,9.917586027805266,8.870012517511771,12.473895993677976,11.379775464347611,11.783497621269442,12.55516285264593,9.837305343643315,5.904176498205027,8.958705073965747,7.420810738193212,12.265028336967623,12.176642002731645,11.571896596141974,10.293960911371968,9.743775829833147,7.773343311060422,11.498665141900437,13.53389336493283,12.194034134056388,9.052261108389507,10.923910885475944,4.228037451429964,11.03233789560408,9.493772659514507,11.160821944050102,2.939990910413889,12.281873361978477,11.784767574222904,9.174134920326583,4.20928492994454,5.532295488732963,10.657815064139573,4.80666215778457,10.170601047100835,7.443393873509466,3.162917343280071,7.873866670567065,12.163240180126797,11.624491790875924,8.75205880907557,11.04086184601341,9.788987662696146,6.4066571390674625,9.83878540974094,9.03667083206951,8.314356749174143,11.57562203847943,10.862376816076566,8.403536002780474,11.490610438522067,11.530735694086413,10.89569410399484,11.279711382998372,5.511148811409283,9.931776622772128,6.176578587298483,12.715911507280738,5.682714776108558,4.3947342400979785,9.097944747167451,11.206899455124981,9.778106042022657,11.500671437609927,11.542320740748787,12.2820586439228,8.431919530682041,7.470005539512751,0.0,4.693664380426124,10.0934771351032,7.4192221054679175,9.396839951455846,9.75217035882889,9.926295061442872,10.86747112844265,3.6044297258230027,3.892300291753898,11.049881318242207,11.31639342694469,11.94371902354765,8.290512778120396,8.976836866541554,9.774696523931413,5.667433987697334,7.769120102440751
TGO,3.954278106964461,7.081642694150288,8.97189179628432,7.781012839811115,6.305618562023724,8.190727262482124,8.093156217455766,6.611167748040622,8.567735353781964,1.7130574047456293,2.334661065556854,4.809706305402683,6.982413579160485,8.770205329333667,8.249576989545465,7.044902227097516,7.5799363414725045,5.604859259965147,4.6707478617535125,6.426448406471775,9.623426526231444,5.297372226409256,6.358654677227557,3.504975974081667,8.176247958969615,8.44533050803046,7.315231348969453,7.810462735839234,1.62198283732757,2.0331266705517907,3.4660943312194727,4.313031479021357,5.937943202499661,3.0445258075674873,6.360014399217852,6.700708946308855,8.190242805510815,7.825123589195269,8.391839007603421,6.278582255036412,8.278654538017575,5.504418021128499,5.576250930665101,5.435710935757105,5.496564677631406,8.03848222317677,8.413840161292235,4.4367218571884015,8.144850697818207,4.5808690155329135,8.083845894180184,5.805780458298225,8.083637785674096,6.2024833324363,3.7060157725871634,2.4514153837791444,2.5368889797211076,2.1005125112007663,4.995078122444856,7.859402010529108,3.4930546314661806,3.6246959116764015,7.0880337288312125,5.259386788397638,7.602432087702326,5.281737764387964,5.146780920519359,8.17947663412505,6.697779972216256,6.395674836896304,8.789890465990627,7.886970266204498,8.067761924705218,8.904814261145104,6.515406079369203,2.5552044908361533,5.167080166320646,4.846038780131192,8.71449266053279,9.21733997222476,8.945802647617873,7.619193364778197,6.085993647588682,4.71526204572924,7.690907419719577,10.073010365964729,8.142335863454097,5.3577432378311975,6.705366073966732,1.8881884402495333,7.157248725259686,6.043585311420794,7.283104625946913,2.5936356887571783,8.834593468026736,7.776779214445873,5.868303071237277,3.138763955827455,3.11426386289545,6.528316935604685,3.3979443262021323,6.776444834092211,4.323125756097666,3.9965906309030412,4.114207072794106,8.458638688494254,8.253596133610513,5.026795415100625,7.6484664364934325,7.828359461339631,3.860397715386973,6.081759498884399,5.469941932972326,4.32286519258412,7.744639965552037,7.19897403661389,4.7850271963603594,10.067255904074214,10.722999192503739,7.068422028848997,7.690043298604387,3.0984429955511072,8.065379281478087,3.284192042057538,9.412271825393356,3.278698286579525,2.743218442478949,5.0740603417651,7.171151132103443,6.7382589505926855,7.662499173116171,7.896920968808105,8.512138700658868,5.395855605535612,6.674569604182593,4.693664380426124,0.0,6.484261489716014,4.360082477935461,6.922375338219522,6.002533595056175,6.155121527866987,7.336932377483932,2.9052077755165016,2.5102540920616603,7.204540295120374,7.256883301859841,8.577018898035794,5.039808920031024,5.7744550703972735,6.517612442732331,3.3546189431278273,6.1056719535920765
THA,7.66276597839688,4.598770298844871,5.855267646696646,5.964808589708222,4.53028332921486,4.540678780799557,3.861077671101731,3.749035605548395,4.336767998838571,7.323726004525049,7.556960757060959,5.440717393744985,3.3244973783132816,4.697707465255681,5.924330818591968,4.044077690575417,3.3479359303236413,4.898664333757949,4.123648385035736,4.018632655743394,6.878821192578199,4.018135750728742,6.697333540839813,9.269265584347707,4.90425161028669,4.35298851173717,3.8914031585615523,3.863065552766865,6.371360144490465,6.614588158679064,7.99112037761692,6.860815237843347,4.313941768812242,7.311756303022279,5.536953853735852,3.7791360406844112,4.851479865683327,3.11621623574111,3.8333859356568247,7.2463734515105145,4.066527471846242,3.7328004425670835,4.739427511966147,3.3389508539341177,5.414501498083205,4.331526774940295,4.635394697788092,8.832128704988769,4.341679668323895,4.579030121410648,4.2976205101649025,6.547216362726864,4.3461867240185645,4.866533283124171,5.871402752456298,7.456728172834317,6.9649188359973975,7.563544342112606,6.615774163379233,4.253171563063006,4.2118517681528775,4.006476074138036,3.5306569285605356,8.133428599811797,3.3133254461462704,3.9719871211560602,4.512217644171161,4.144381528146039,4.264512608001503,5.540215257252236,5.217262507361825,5.057928347560986,3.776516136774992,4.343935164754289,4.173746097088716,6.343097441558277,4.270452208620921,4.653987507639868,3.5366180061671355,5.244688227068687,8.524527287363574,6.611769168652723,4.768208914659262,7.116050828859297,3.8987607927061227,6.660221713831143,4.367446579599114,3.6716365881741404,4.109889433632133,7.305667894224112,4.781104370690004,2.65093545783376,4.199344524359843,8.128914584772506,6.01725341195767,5.351492063904076,4.031940743848168,7.9867341343285485,6.89646497433339,4.069630626385597,8.142905833071374,2.5969021253656597,6.3590890563594025,9.567007144706645,4.234316823458365,4.124492326483717,4.0886867360885715,5.924694703460842,4.586710839062249,5.811403208791167,6.475044666097097,4.25172091206445,3.664166400624084,3.167281454625116,2.8522447231048935,3.752501125330213,3.7259548189475233,10.222969518169885,8.95723249649665,3.356826262783966,3.753827463925422,7.293330861132025,5.965985226744112,5.87453669393693,5.322612795741882,6.658073443798772,7.845100084338029,3.099031338403154,3.6384675629619334,8.886290652577884,3.567867107940976,3.775099878797168,4.532788019695821,6.887873801112916,9.252052266021684,10.0934771351032,6.484261489716014,0.0,5.75086071411815,7.787286372143203,5.753649276851403,4.1976224252719545,4.548279377851747,7.428782004333244,7.5434670967895645,4.241486203544591,4.47889450668554,5.271717331298721,4.391994570231209,3.090662101220805,6.086519023483526,7.003976084007542,8.770290277493531
TJK,4.951126823787691,4.9648357032799115,8.054224657374888,6.493067436233491,4.798313850513022,7.150862766421779,6.7918187274219575,4.905403851481526,7.587489824621375,5.323009857069592,5.1736064292462665,3.819274326376267,5.82046602908893,7.958381791163011,7.548786221903639,5.168450262098698,5.852451109379586,4.742232674653066,4.466707221650701,5.524888031133649,8.724498073736793,4.260369282330836,6.409853141709659,6.148876136111006,6.995301210919895,7.347177823320387,5.714907771843424,6.536041743208943,4.645127873676903,4.368285915052617,5.407958362094601,4.6834981845200785,4.814170726150699,4.578013860870397,6.208663813587037,5.816525530998531,7.359414191356841,6.507214914502139,7.173271075157749,7.211214540497587,7.037435775466891,4.395686932178086,4.090392068212333,4.686799866499345,3.5416294950821854,6.680975326305215,7.032045555579818,5.671897133499139,6.747004039208717,4.2986147028546275,6.9955023706342185,4.776287689383659,7.167869009869259,4.59257072313541,3.8606630667949777,4.765095306819799,4.734886590083578,5.133818863579356,5.694650409483873,6.537335511137729,4.313610807315681,3.644226503406819,5.648989711515233,5.880734364761331,6.2057764531014525,3.879904724804305,3.9062526962354567,6.78937510060299,4.664638242644657,5.305652025078113,7.7449290859788675,7.201666620840846,6.6441508563744245,7.867324753407141,4.852519757316425,3.9337783473824612,3.235370023501906,4.479285182201548,7.162548086870604,8.619785493126628,8.327711178022849,6.5956786818705595,4.075377001040814,5.465550104162415,6.224475954259095,9.49538904468767,6.764010476610782,4.077010331966282,5.837381085984169,4.8699931418351134,6.606793712704595,5.236091466569775,5.491705851485657,5.459891553202219,8.510537190532617,6.2977531627348,4.486585622446183,5.405342987703681,4.471170810321577,5.229479593341182,5.285058782579757,5.3166975515084625,4.720034367642031,6.763120747471297,3.285342401432556,7.623420226533897,6.8541156045266085,4.843686473407103,6.70852084140933,7.021649290598932,4.242976481125986,5.357008699297786,4.379754062679915,4.216788965528711,6.173068448957703,5.976115698543564,3.3637106667191445,10.15880128150884,10.658116638796429,5.495963203695828,6.251755720104218,4.486911585060353,7.236122635674928,5.304588564021366,8.602050801171272,5.156258613297567,5.067170048086017,4.9620099360217145,5.454360191082171,8.12605745578523,6.027788350357489,6.336862427262252,7.239055085153975,4.712852267927403,6.830648921951023,7.4192221054679175,4.360082477935461,5.75086071411815,0.0,8.517148736112503,4.937378528014267,4.953601633984118,5.816021118368243,4.7174556134496735,4.648082969119423,5.818933348980608,6.13740494923645,7.629706383771696,2.8534202775181603,4.086984001023513,5.765637641740948,4.8754869698504635,6.087900148198082
TLS,8.631137230902118,8.749764944151993,10.344675984177401,9.771902283338717,8.244317125344313,8.772036069313486,8.205026654443893,8.16753410131738,8.507757609556865,7.846814327385766,7.248972646127834,8.852814380747253,8.026771516690172,9.635922552588077,8.623992850602335,8.094860765997355,9.198475786159339,6.530002479712044,6.733955064877986,8.250144086975117,9.745491152962181,7.668251913731062,6.520483710941139,8.046739680310376,8.929312100918644,9.106237062122593,8.97347793965643,9.339023087558493,7.52750940093669,7.221422060243712,8.293442729965776,7.579356659764037,7.898240061360437,6.997692392189392,7.428776921115538,7.87339619852981,8.213825212783513,8.389230430130347,8.711843575152919,7.728149852984238,8.79115550570958,8.157438045432194,8.150280602894481,6.800953422541331,9.184754319300765,8.845979077488488,8.313309434481402,10.156684363301935,8.06230242933581,6.568310039087427,8.282172880494242,9.186502599895176,8.514917302401532,8.751161004194882,9.223422894281626,7.663994297708217,7.442594019807503,6.69292534731556,7.158933028466071,8.344988179977824,6.884596128791433,6.5857945069155175,7.809964254361915,8.557464313213746,8.199066451114433,8.926629171644015,8.69466943710814,9.29671705024397,9.340278206390881,7.876876270045874,8.486647999751819,8.211380771138149,8.593335550267728,9.249788821148021,9.125891222879597,7.050014302005943,8.504231989632908,8.900811549420636,9.587872786898021,8.909839479406761,10.228589810125204,9.441620890003808,8.792029936112241,7.0664356097663275,8.32736207416771,9.566716543857462,8.041300357807991,7.457032260706604,7.287843716174065,7.031785994649505,7.350542235806147,8.082491797038516,8.416687468716564,7.922122937919049,9.224573033982958,8.393276455826262,8.507588150296675,7.135844370853986,7.735753546960195,7.639248725470204,7.122056783171004,8.846304882460926,6.972952984470747,9.227319021250638,7.366184066700786,8.540955467879066,8.76728848653231,8.093345916690659,7.83378902974496,8.846285886429522,8.279894589189027,7.49829530215706,8.248278597191446,7.324983166142811,8.580866195590687,7.9871917809763655,7.823554884248028,8.370533610729277,11.706449944521465,7.935851117487154,9.54394098087365,7.6836828765933465,9.43883975736788,6.600055297589719,10.518033748330705,5.713719134645762,8.565825371466234,6.577220544952705,8.469616119229126,8.06164785751469,8.138335690677282,8.35234044788148,8.601466450365248,7.325000274638975,10.611961973482213,9.396839951455846,6.922375338219522,7.787286372143203,8.517148736112503,0.0,6.682089051404141,7.277046374320311,9.574081675682056,8.589963085105268,8.087579684792473,7.746925023885473,8.352958805820334,9.718268410292733,8.467341348750432,9.059965993351035,7.999062419674254,7.6538177114843,10.115748755764404
TON,7.671364327575276,4.6478707000437405,8.916655814822835,6.959974490968602,5.797949065939114,7.151709574004895,6.000782636201265,5.805493077417105,6.7708154161888485,7.226170072454131,7.0421370989193415,6.732139894505597,4.948644547948699,7.365438265731119,6.424946574411889,4.531161443562018,5.3752751446001765,3.78381139433259,5.047893788662864,6.491699337439982,8.470572749629865,4.185721725842534,6.604121140323458,8.148088159730772,7.6179830110374125,7.14394839068961,6.252647374483319,7.706553242347049,6.836500427551844,6.5530684532541645,7.974595235324419,6.831425115435384,5.999426829458329,5.3352185455334675,5.412796078301822,5.687820977113727,5.989359953235808,5.727379212130796,6.829015482411665,7.449776592420943,6.358901987904818,5.356658935306019,6.125709745236245,4.94213612762285,6.360236221243164,6.909989807310751,5.625091613077898,8.73554713797179,6.0127377315947195,3.6191957715843377,6.626860741601502,6.950734876138299,6.947172200113704,5.831711972798467,6.608631698675028,6.975998726344144,6.229695822006299,6.29129234055426,6.5279397240846535,5.923678363856111,5.368988593954262,4.834720236759806,4.631126683668398,7.674229425661388,5.246427238788518,6.553607418912373,6.734141042769299,6.717539837848199,6.390916639820013,6.852987878249274,5.837861998236759,6.472130377031423,6.4165097078557105,7.399968137156683,5.876835670537911,6.156394224389527,4.59167895494619,6.072757054308221,6.990155626285476,8.097220331876892,8.267454352774639,7.475644269997397,5.002211995209605,6.323443713914151,5.513882408929327,8.10931503168787,5.033540913719086,5.250223484078817,3.4792706309803068,6.874068004374002,4.75269911665987,6.191402899653728,4.894099337865559,7.702881573548901,7.6390525428257385,4.917988278187602,5.248734260485135,7.510527148878852,6.705496885941608,4.0663094744541235,6.9781508918812,6.3142480042226055,6.039567668432064,8.732775047425372,4.580069149137136,6.7688630450929015,6.451116856611525,6.121121079513052,6.126718945334592,7.943091993764626,6.8303545592131245,5.6612044489226125,5.8169138279953625,5.539661729697497,5.643574753486103,5.636137786189405,4.902212866864007,9.997086118604587,11.498791811234021,5.033734767324323,6.568213792706424,6.849209398341466,8.466542507756845,6.767293154327636,8.362961845061951,5.272620721217295,7.372565595377118,4.66551460942899,4.861603601056633,7.291943537127036,5.130300504721617,5.169168660569341,6.509355525937974,5.877775544368074,9.251168931553252,9.75217035882889,6.002533595056175,5.753649276851403,4.937378528014267,6.682089051404141,0.0,5.335945529881405,6.655188570467158,7.545697997241788,7.39092219335755,5.639385630983627,5.566467059611585,8.04503709831295,5.089589056314163,5.875498638176587,7.07847950198968,7.029887134810647,7.87300863894073
TUN,5.886141669675088,3.4897162116213534,6.664832254069879,4.7721973458033515,2.833324551578362,4.5789769647305665,3.6584726106740404,4.243113213800403,4.021010146900685,7.051960769407626,6.86855284497264,5.433509275626241,3.0432114945914392,6.031549155168193,4.707199315241814,2.6232306715550373,3.9921132790286706,2.9968902782928124,3.59664761358785,3.1621624267591164,7.4402257795461555,3.981831267886613,4.176892171627988,7.966515576926665,4.6077386745852715,4.569037405494859,2.950237782680156,4.963827741784252,6.115328019603019,5.802514128297602,7.239984063348501,4.916591494176492,2.5664403057643117,6.134368868623544,3.3550138183365483,2.6991436199273156,4.309428549782614,3.9999972943498663,4.431937764013188,5.006429003790907,3.966698035342833,3.0414455912011658,3.0611184984442894,2.922338385623094,4.679092019432859,3.168506075612701,3.797275608950813,8.37747837348664,3.5296476447016327,3.311919613578159,3.574538279028196,4.660292167043932,4.226401090573392,3.4346312156073533,5.71642008710097,6.573643440847245,5.412264814256202,6.806774635496246,5.207548914046591,2.8574810224864113,3.9205906324869524,2.868893271837465,3.152197510957916,6.321034693262416,3.3211577603502476,4.724131154464289,4.906671165198149,4.538882393787431,3.4310741612306783,3.7160692536174786,4.782992421746813,4.502992082364958,3.557739168551167,5.072859136483309,4.054375520041793,5.464636589149275,4.43111765515109,6.242097834168474,4.746633866007618,6.077011737537659,6.926732099698822,5.252052502280222,4.828958134625207,5.368830201501416,3.3742538705543352,5.969474615630969,3.6693844499161457,1.8534559609758419,4.708005083976128,6.638271830229751,4.047213554967506,3.410132598086131,2.614069902978786,7.601006833026792,5.745842138512161,3.4706174875182527,3.6005256330659154,6.823307620352678,5.369871063048679,3.445644263309721,7.010959053369392,3.6634222614859837,4.093677354215947,9.567550785345935,3.3873859205959715,4.15898839267366,4.520140639425808,4.244095654413154,3.849542091151494,6.094286708745184,5.552659212903441,2.918245110077017,3.1268237151124065,3.938250406642708,4.071269589337903,2.8565870391137027,2.8960035672192324,8.115070150908604,10.028474965502811,3.0120340889215136,4.802979566172178,5.806238048841767,6.216562446684289,5.8111278844691645,5.892007499485868,6.305358626656806,7.200391806186557,2.697917478997954,2.932288309885268,6.804908573569049,3.5903764016833404,4.09603449912918,3.6584640534433115,4.542071051158947,7.543397564752556,9.926295061442872,6.155121527866987,4.1976224252719545,4.953601633984118,7.277046374320311,5.335945529881405,0.0,3.3571264790508883,7.495703750012497,7.143574170907789,2.779569988799777,2.9671400056586736,5.521346434701616,4.064388002660929,4.908051775573155,3.620170103632664,5.887156385890843,7.280515632040815
TUR,6.566880220456509,4.348762156832635,6.723220474739996,2.495716861773311,4.628645199073358,4.133045454643675,3.9569611880839575,5.366275199151605,4.4860074713444344,7.955824800784891,8.036810361316649,5.484428219013277,3.3054254584802725,6.124142885383687,5.553786403041643,3.7094336983981453,3.498943885388973,5.333976079961467,4.154182319706915,2.6434791759452203,8.689105598448297,5.117612500262733,5.951705145085416,9.261555673773247,4.489192443753424,4.816014321908525,2.3663179648685415,4.621227525547306,7.014413469739362,6.6250561634340235,8.192075850789994,6.661768188811918,2.7168695056662497,7.451535858330086,5.347465695868781,3.8205088869766928,5.282293680549263,4.028946236750796,3.8942550218821235,7.378198788685893,4.282905082470576,3.1717550765867495,3.6045063674915085,3.636647626676537,4.235112577644208,3.287996536213159,4.63577494893641,8.56464151892514,4.317331067465339,4.93531740863337,3.690269361160202,5.535933729284301,3.889002772931007,4.458764324691582,5.768756808336708,7.867097667436194,6.647218604629915,8.161391361566743,6.328816942987544,3.4380170149985583,4.707498367975614,4.528441235323306,3.8464871037895945,6.902471483402962,3.5980600172659685,4.565921002512441,4.999430983809921,4.891142522966312,1.9956568624523956,4.756975095725105,4.959135760254288,4.465733469574461,3.4015477782359818,4.064449450707492,3.448588637958022,6.528760964426628,5.303875936143232,6.7573233660315095,3.7890497764058493,6.582833875368817,6.899051586822491,5.776972629124094,5.136176610116789,7.256035457235547,4.164143344980808,6.662336430943851,4.5720612563429315,3.518560450020286,5.269770212473871,7.832133657732189,5.61602032092128,3.1186620397668916,3.973003478753364,8.731505666707767,6.413564187147598,4.6486255387009185,4.080005781334083,8.34351034440403,6.867439486843299,4.768933705839712,8.150211237480544,3.898582843470705,6.059845701249495,10.221091489522857,4.543240531939246,4.184548621415507,4.680240262342622,5.1026825077603055,4.041277453135341,6.870478455769618,5.787834023626001,4.327771638995955,2.9867389905282113,4.367542612762452,3.7629346729207582,3.541782622763299,3.950300674613339,9.366808770390216,10.287775425649592,3.072121440702849,3.0779013178689474,7.341779211666294,6.241700494924027,7.562012023307084,5.710512855097122,8.09835126736298,7.927933812512149,4.105857923651484,3.323725758979666,7.984650336096021,4.358071387048922,4.710344250764498,4.039588795031061,6.768956197652145,7.642000671449877,10.86747112844265,7.336932377483932,4.548279377851747,5.816021118368243,9.574081675682056,6.655188570467158,3.3571264790508883,0.0,8.118917972589724,8.041482428283379,3.293889488481361,3.2079838669721608,4.340745981253644,4.129607207384614,5.113880007386201,4.59865008993957,6.850565811647384,6.903224670051867
TZA,4.232272425502647,8.237243708887478,9.234254216823857,8.319155522677523,7.463902828554077,8.920753054069092,9.10391886304155,7.36834715341217,9.80207202686802,2.9458256181755593,3.1789945769874746,4.593376813470508,8.363089723056554,9.660799417884112,9.949545837680182,8.322089183483092,8.575960088068394,7.364930968185298,5.602245442692892,7.332602173560049,10.413017359899753,6.682233968442624,7.695467094495192,3.7866480428521156,8.783960372144502,9.394000985374197,8.143293168712887,8.265820667612596,2.846929292320619,2.9663880757491183,3.767056559298066,5.1059317513813145,6.708122803592871,4.431177125627882,8.333881563069662,8.081439708049107,9.73664311338061,8.803204809701485,9.219396929803906,8.445623491539024,9.455688029122268,6.696029117036057,6.099561586025947,6.2847685545016185,5.473901152777926,9.016132339598666,9.717212387939098,3.0931759943849886,9.196832573621943,6.526852480205968,9.175578354002006,6.318535927708735,9.074601945456937,7.39313229751655,3.8946070915086586,3.2406398330566115,4.318057681741384,3.4206714813380525,6.112789042867814,9.129554193582269,4.767037631667521,5.005285651755381,8.403562446059805,5.555798062006955,8.782616585255312,5.278139218788614,5.31021550670018,8.985237164132664,7.111668312786077,6.830701447690658,10.063452066417387,8.96095817971394,8.931993234964143,9.732836115791832,7.210653613065212,3.684058961033277,6.407214812535943,4.9620599969613,9.405468900318013,9.970771579349307,9.466789803854438,8.147299420939397,6.730484517970325,6.517232460711249,8.960990689824351,11.505139366573129,9.579103864925454,6.44598236560976,8.320590753195873,2.8378618904488015,8.840220122825777,6.757876777723602,8.538252930163576,2.404682510056416,10.319634954402344,9.265726518678214,6.792503383510736,3.486221538172263,3.9563682455796214,8.214038595874474,3.674481865384235,7.512987408576257,5.784285771294926,3.3188498632893415,5.067591043931328,9.672945527377284,8.99156015155066,6.212205666893664,8.65280443963887,8.043780504339143,4.0694242531418645,7.359987924057131,6.1183149229717015,5.582965697982475,8.72777534763796,8.269020693253792,5.721078508611609,10.619883392651984,10.539230743010306,8.173393020432847,8.42466509986355,4.068322980681882,8.067347643392559,4.410306406218328,10.432544886896252,4.544973085306338,2.9657404873776807,6.604173438311823,8.44939848913611,8.558589318684538,8.869072799641064,8.933232153328314,9.64084391209613,6.774569644717011,6.241944675339123,3.6044297258230027,2.9052077755165016,7.428782004333244,4.7174556134496735,8.589963085105268,7.545697997241788,7.495703750012497,8.118917972589724,0.0,1.7870745885781516,8.492776043279415,8.65713339789181,9.311919691924762,5.563941416443417,6.164456384016165,7.635977275010806,4.077439583795238,6.407704054312335
UGA,3.9391994813911366,8.129550603659714,9.485872739788862,8.308374903824859,7.183341310585579,8.927381793982763,9.040513446483834,7.603147412747442,9.660773358262425,2.69340658762207,2.680200423286899,4.450565426512995,8.216884756399352,9.958400859645531,9.613652206526018,8.126914751740687,8.71118379335539,6.997730399808677,5.714415193831144,7.236087169135075,10.762758143839118,6.632908685392552,7.248344825970144,3.314951378959899,8.75032437581795,9.313238659814493,8.134872011446417,8.383213913853805,2.6474727281875436,2.6839839348700827,3.2541652616282017,4.906418184552498,6.549604361207975,3.8403036562726083,7.812824924444883,7.813290313475624,9.416169426539064,8.833107862443663,9.234422295535273,7.790522695400665,9.41220046235305,6.63871490259592,6.1313597153108335,6.25418709701604,5.520714055453604,8.809685233000126,9.555011181033969,2.9249534532666295,9.09828973821548,6.275100369955039,8.96599989633119,6.4851196878122055,8.934487953108066,7.090558023815146,4.203711483222209,3.066291814842075,3.729857826893105,3.17483506217643,6.087677595309242,8.868084698659079,4.469855767308294,4.654376541581884,8.229779999559664,5.187527967858213,8.752454282250495,5.612543261737192,5.295673994840552,9.02543470871389,7.165225904413015,6.946886047849156,10.013301873482417,8.815559202557377,8.833211593554244,9.675831142600096,7.299062582213311,2.8902476995508857,6.33861614397814,5.561538440942697,9.522113633487084,10.236307270514482,9.505560105734775,8.435185096621602,6.456387481784268,5.990570221164588,8.79853576748194,11.256870205076845,9.415332358556679,6.379248978364068,8.138630462007967,1.864957128540573,8.460899631368857,6.853985351939203,8.422241845123475,2.571300128340658,10.015450079069296,8.989500301483817,6.981136902760047,2.9085299939454576,3.7372417832166382,7.872233535104735,2.8188657027232624,7.699013662917912,5.359198338620754,3.438661411119942,4.978122358090741,9.565759141920013,9.163944868407091,5.75941128882518,8.538253039425685,8.416345889317366,3.8170237980968516,7.026223230200366,6.20853244853114,5.350545839269004,8.727393113444053,8.075312470412914,5.796607709125444,10.487275702234152,11.063281248323086,8.051793461347865,8.553342080193191,3.0524633918048885,8.467927235006428,4.476892277247954,10.368388898975448,4.156646252296665,2.6925686812653065,6.430273641733898,8.326954053952718,7.830361984158449,8.778519513274581,8.924047723035676,9.50389091459442,6.3113008434672535,5.986624781320032,3.892300291753898,2.5102540920616603,7.5434670967895645,4.648082969119423,8.087579684792473,7.39092219335755,7.143574170907789,8.041482428283379,1.7870745885781516,0.0,8.220447558364862,8.463124560878168,9.208016356990953,5.751877855235633,6.472398849282658,7.282313854934556,3.2570794985205387,5.974812499570743
UKR,7.083336130229283,4.142932365474911,7.069411426879074,4.4377642619034425,4.420582284412787,4.195240293217215,3.428709063192037,4.862208506472186,3.7857789382696008,8.240046707797301,7.836714687132591,6.492323852137732,2.839078752461581,6.377777918571042,5.101385809157668,2.8170046063997822,3.403765509345467,4.343420863111841,4.29711928798396,3.0938505063659982,7.973607255722459,4.605807027507212,5.039870491289469,9.40464028140813,4.382972682844382,4.951376505943993,3.080713393862758,4.688074590189187,7.371702818091125,6.93419073797324,8.182696991608339,6.574007060602384,3.3209489367747507,7.4404173535363345,4.266207815319713,3.638325981162072,4.437827882724446,3.6229857140501607,3.664091517008638,6.600156206414466,3.7041596562602184,4.006131306216311,4.140751457177227,3.8940506560633623,5.6961436370495,3.0286958933204855,3.6643266057894377,9.431205075434828,3.2141066980802613,4.098813634382911,3.0832489008670487,6.2611379231842506,3.6838447607383658,4.214374841652797,7.002826565199206,7.841848677547591,6.918868700828228,7.85315744312417,6.175678449754795,2.799358989424015,5.088276883010455,4.319049302037196,2.7399135837099915,7.747413428806182,2.9620277441301415,5.5114097378842,5.3999421775284935,5.135591865459461,3.6767682197546785,4.927373656367396,4.470957655075873,4.311973834189983,3.2623287873258446,4.2940806077926625,4.551696922848763,6.394165322081133,4.880381392415756,7.364574069661762,4.0207575108335805,6.398078403562063,7.748397462620425,5.592047107726585,5.498508330937303,6.031682861790384,3.2628618669630756,6.164921770250126,3.3577813856246643,3.316011861347569,4.523658144209205,7.672928005727146,4.71569242643657,4.0466081660978475,3.385935468396269,8.814498536288603,5.954869729333669,3.778843692853119,4.4351274324393595,8.008447129351731,6.8923007742612565,3.9728330174713555,7.834940971881031,4.257623801308893,5.471648127645664,10.422896628504445,4.540396657961375,3.6453156844674437,4.3635711188611666,5.569510938118353,3.802331968542498,6.798255737964059,6.628495539365801,4.286199326258645,3.848747195498149,4.24570269056392,3.157938174479722,3.2451222837916873,4.333745641941453,9.211993938853041,10.553298191266224,2.684998089228378,3.777404801467714,7.045282599841849,6.465223009298987,7.108593562445085,6.176407988414368,7.234156304571863,8.586531490431026,3.57622094776228,2.8708480216379706,7.906650698111846,3.4275104584926432,4.035237127412888,3.2675638261921676,5.835692099884338,8.99009048413627,11.049881318242207,7.204540295120374,4.241486203544591,5.818933348980608,7.746925023885473,5.639385630983627,2.779569988799777,3.293889488481361,8.492776043279415,8.220447558364862,0.0,3.1396323703863507,5.02940780736268,4.529736863134183,5.553605942872173,4.235734844158022,7.057985863038038,7.847108574875597
URY,7.384747025530474,3.183350689992566,6.965279345156782,4.278487335511524,3.8088267367907878,3.906874748977839,3.3328704432162195,4.525798991995969,3.511130199099259,7.9752276356994685,8.48140534791156,6.306724593722588,2.4671952151988927,5.402710214886142,3.47550038372338,2.872562407936899,3.46023865926795,3.8597123398287447,4.174821287094843,2.919692765122929,7.431478776375613,4.570923141043534,5.4039586527628565,9.436954756392264,4.565492487892792,3.8914404418489297,2.311058460799341,4.961883749317281,7.183745500182743,6.865492589818127,8.91179429659402,6.609524372998097,2.8894528624391165,7.038985588757456,3.4257456987025994,1.9255274509789013,3.833375561660378,3.577899528621421,3.7148332881971466,6.254461209553337,3.0568900132231027,2.9564028582118014,4.198273816097091,3.5605483414827974,5.632440775156418,2.733426310426079,3.315859227311397,9.471637847278728,2.9742263471321344,3.9720579348707306,2.9078493545180306,5.723169891761062,3.396184144165169,3.9073778489525055,6.621502531637158,8.268297853870868,6.346988946526384,7.834707973050728,6.398430763137947,2.028157114221518,4.611342533115416,4.4155913738745385,2.7822084592832104,7.3420093247290765,3.0444366660716837,5.320441533373075,5.975246273798001,4.774466594107005,3.933851462557483,5.544040746553953,3.4213208405522395,3.6055230088362067,2.9490899804039703,3.85033824841893,4.118965494843944,6.622737298322183,5.135246497155312,7.13321065251159,3.9314414450431174,5.882383630633446,6.894091004240024,6.386703495401346,5.025820960536169,7.097775811455888,2.9818083410567513,5.518924363379163,2.885883825008223,3.675194217009321,4.258688032757851,8.165434531769334,4.219185406210138,3.723752224696498,2.891044649517773,9.089126325844926,5.056448940800828,2.8346350165901404,4.5165763059807675,8.738187922605666,7.02365408073549,3.7218254791274794,8.577253628112306,4.00963746660314,5.906270083575339,10.61800763664061,4.4479164443099,3.477526869558985,3.7596619033746874,4.880133012194644,3.065307691092038,6.7299051764477635,6.77989045152372,3.249388649859277,3.2837252869903955,4.5272440894652,3.5764039230690834,2.85652726225631,3.6693196565354502,9.238721441122994,10.159632316301684,2.9445398270563707,3.936838760742439,7.582217405837678,6.579161636856109,6.965358298874262,5.384993127653414,7.712579267163131,8.310121636184533,3.0872253643279275,2.734935106031969,6.883697178153028,3.717459520052587,3.9329192158583424,2.867339036689407,6.3553409602535975,8.549725181391407,11.31639342694469,7.256883301859841,4.47889450668554,6.13740494923645,8.352958805820334,5.566467059611585,2.9671400056586736,3.2079838669721608,8.65713339789181,8.463124560878168,3.1396323703863507,0.0,4.480948511808344,4.865629439322987,5.876062521403003,4.906540916327585,7.370769232263598,8.436317332240924
USA,8.61954975816,6.365933523768317,6.479152337057212,5.114910919494487,5.792693109921389,2.987340857325166,4.173762553117345,5.916673090085106,4.329595963011102,9.016621495275915,9.701018527281764,6.553567850723505,4.417540518832678,5.939836707533972,5.025608616586405,5.231053048025592,5.4587973700362165,6.476415966833307,5.359716069286738,3.860776389427103,8.378962613970591,6.985363811957331,6.761411759571119,10.687595001122752,3.696759048958906,4.25345433395167,4.1303090154175415,4.347513767283839,8.064989368716548,7.798760581874412,9.729425752840436,8.18567016047944,4.356065268131746,8.73628980593177,6.706765753699315,4.471526617326185,5.24481146467068,4.441042528575875,3.198122770135298,8.62460510340635,4.51567104245096,4.447841375561487,5.4886770274755,4.849929954649135,5.919439824801364,3.515838446159238,5.229048902230309,9.994575541330176,4.376814676553694,6.717365563810035,3.2138019606913133,7.644203433968389,2.6395572238124423,5.431800427567103,7.7425737643972266,9.855784418417317,8.136472538336873,9.579831549795413,7.674544643514833,4.083204348702534,5.728259639316265,6.2021808669380505,4.665202497018671,8.528955372647967,4.840159835188151,5.571850457624952,6.099660342551851,5.5035743207715395,4.597505922175942,6.426529900254673,5.277234221076453,3.615213415424753,3.3403851466901004,2.916411973991473,3.9046328056490616,7.430040477907806,6.652704459469348,8.350422421114027,3.895570488018095,6.16781665233633,8.058107478803713,8.137968769826847,5.953399125721084,9.129939512992292,4.850537096702345,6.533373584506659,5.404042551561817,5.738770980503519,6.291628625969215,9.248763122931491,6.268603438137164,4.017370054260154,5.795918552241308,10.150614370489576,6.245027266507085,5.625126335638964,6.147312358190761,9.970804708222051,8.738302696130585,5.971761275152435,9.702299590534968,4.830903793082155,7.788607308129846,11.357873007107022,6.571460196366177,4.328420244590001,4.554462751461539,6.914162822594786,3.7029125433808794,6.722822438837631,7.393155582767528,4.624121652228376,4.745459905061355,5.1828782045384685,4.126957184388229,4.120865223463443,5.8447572837901065,10.117870766120996,9.300806247470915,4.119808023962936,3.262597017166701,9.015159343854723,5.753707847666679,8.200224574961796,5.722559402158928,9.51309918597635,9.578957909262572,5.402956023923432,4.784863989202845,8.636826399428166,5.188515468946664,5.317601337993235,4.415042745589673,8.412589664490389,9.36198108309409,11.94371902354765,8.577018898035794,5.271717331298721,7.629706383771696,9.718268410292733,8.04503709831295,5.521346434701616,4.340745981253644,9.311919691924762,9.208016356990953,5.02940780736268,4.480948511808344,0.0,5.706780620935621,6.695771677220744,5.414360162240118,8.087210541233105,9.352669585588623
UZB,5.067257678737235,4.798961745885008,6.494854123968715,4.91772758035216,4.160322544005131,5.094895140366879,5.1779238480792795,4.448957634846322,5.90692432667541,5.947901892803032,6.010320037137867,4.20949850908634,4.355830375080741,6.478765715648379,6.559594124127482,4.293850977983801,4.359551006465452,4.559742299561434,3.105522598177412,4.073250794397519,8.085478644641176,3.990984916226955,5.837897344976478,7.186478073212186,5.096923521720905,5.844412778090289,4.222546931864318,5.235120344979129,5.018783442601682,4.639607545341339,6.004548594427089,5.077477229468342,3.6027407573540673,5.574305404220866,5.86459144988636,4.835859314362018,6.14201497210406,4.860267606438141,5.2994276898321555,7.310888898961293,5.451504538207713,3.1451782329444633,2.9373486217882654,3.528395053550842,2.943214615770892,5.110356385942508,5.739895101234388,6.725427695687336,5.280447573840535,3.9823149831164084,5.365102924766936,4.585475782918012,5.304123332180671,3.745160148830525,3.9842496891489003,5.821470962214264,5.2081729680965,6.113226949968536,5.147024459273026,5.186624517589384,3.857821058144842,3.2335420943018787,4.412529161269611,6.376615995260321,4.714336603881985,3.246478843829684,3.743911478702411,5.412183876710017,2.8945984505898688,4.213387606672699,6.095573973145961,5.229152655030616,5.137434686539716,6.056586853084912,2.8038558395240085,4.622850362521736,2.927129492046077,4.77715451908742,5.444688589268901,7.120974996359245,7.858408878184676,5.816141554519624,4.375350892677913,5.94473912916151,4.964198397708913,8.043139326827864,5.618901986068513,3.1179707085088864,5.2802450309929245,5.781209231156095,5.891221347348112,3.579750513475811,4.630468495283441,6.317705274248358,7.251076676550402,5.387845341389411,3.1468035959690965,6.248847618455789,4.926983180341476,4.85986408121706,6.240655712132663,3.687857577535295,4.811886008606626,7.773121753860699,3.20642407290738,5.7593429647088765,5.225598295410619,5.245249155138275,4.904146863991123,5.622956341023544,4.4425805520300035,4.470436412679674,2.997033118949253,3.389467734296981,4.646162344470827,4.609418920003508,2.6495540486945623,9.475070373734845,9.370281107197524,4.098149455804846,4.280731437700075,5.464159981137181,5.407044638236159,5.533640008494179,7.084911756508953,5.802457002575073,6.169505554573778,4.144391906856323,4.2284097006223,7.925906716240451,4.8454311975732764,5.042586112966486,5.644355642957992,5.45519449078942,7.079400945988948,8.290512778120396,5.039808920031024,4.391994570231209,2.8534202775181603,8.467341348750432,5.089589056314163,4.064388002660929,4.129607207384614,5.563941416443417,5.751877855235633,4.529736863134183,4.865629439322987,5.706780620935621,0.0,3.5850268970325083,4.87008522019292,5.338108566889595,6.216129507343693
VNM,6.873498737491334,4.781517427417615,6.5039900461155575,6.551159217424863,4.671831701048994,6.265543439847539,5.57388653273883,4.061117355107215,6.202472189565904,6.556806802817952,6.723778928212751,4.479651609252239,4.727016159085216,5.9597163273826315,7.1630466188569155,4.748141408191938,4.305009373267062,5.27649628870485,4.76210706807944,5.135758438861291,7.66216380467061,4.136066799399451,7.417404076077837,8.325663891243028,6.255198644166636,5.902211218146783,4.946515042220503,5.001472301091908,5.625498676217146,6.04475177876571,6.964490522060026,6.238972615474824,5.067159776822125,6.641991782195395,6.469739419941413,5.172110461565099,6.298591037828901,4.858744577384917,5.74114236974057,7.504553416215032,5.75185876485678,4.076321245465082,4.758016786343259,4.274784488688559,4.293237471438065,5.834367828129098,6.129286492730728,7.4545186489512885,6.061579915558396,4.789196625317278,6.09061375315492,5.835256167160722,6.166670503269216,4.86637358552568,4.337155705683858,6.2567298221227095,6.498350835703966,7.021391886443074,6.657013337938092,5.757810315780191,4.440418219760919,4.072063015735444,4.825797222350994,7.669047090250753,4.794041284538866,3.1719940921393706,3.558324561092104,4.932914585441901,4.272656841139265,5.6120603477544355,7.017540911394806,6.748516853266847,5.454747946720193,6.4538106908739366,4.200434804712661,5.716628368292032,3.222044543547749,2.8728551656768015,5.245627028325543,7.013742016455402,8.488507668107088,6.588664542042622,4.249397666596995,6.8177428323643285,5.247236229269786,8.210691700538927,5.911296274859068,3.832362097428885,5.081209075942338,6.524304751607659,5.843290959357179,3.680597596951561,4.865990251070058,7.06054205057017,7.4818331018371245,6.233458528962481,3.708397367173768,7.139316221611158,6.070934032518001,4.531740914598777,7.437009459974399,3.259860590991119,6.085502731056943,8.432089124033704,3.8271695608047063,6.135354758929498,5.713516172031121,5.680104614940441,6.304582844109055,6.362152198553273,5.576498260562354,5.084774727838157,4.126844620603968,3.5575264864214597,4.45593730909998,5.092120887634084,3.5051891943477806,10.942451156701418,9.609809249442277,4.56302727939223,4.9122598042493,6.458469236180631,6.669457684499933,5.742804028366986,6.535668265380856,6.432081959631322,6.6716813291235395,4.381166384357704,4.47451328193304,9.305656798394658,4.706229783114782,5.033471896198769,6.312292697271936,6.412393845477161,8.331318651389276,8.976836866541554,5.7744550703972735,3.090662101220805,4.086984001023513,9.059965993351035,5.875498638176587,4.908051775573155,5.113880007386201,6.164456384016165,6.472398849282658,5.553605942872173,5.876062521403003,6.695771677220744,3.5850268970325083,0.0,6.382032754405752,6.366644995465872,7.820026722624335
ZAF,5.502620922501871,5.672258076712685,7.336452238760429,5.308935240473153,4.631090735426168,5.280832045407783,5.074817797375296,5.234038370177657,5.3866936208171365,7.313493024751032,6.975026165493285,6.100052023165562,4.8295687166744745,7.1654487845993655,5.483254491603097,4.452217122372941,5.804923955936403,4.8872248122250275,4.144155755493637,4.219208942944361,8.071780874103782,6.053246874448586,3.050459622139311,7.701557619753756,4.9602033047022545,5.841837965250031,4.37845471996205,5.734037524153885,6.255651283420782,5.679788310952589,6.833537471788134,4.3430244473313575,3.792520605472128,6.897705326500249,5.46580500468457,4.818348968494269,5.958313225394231,5.571154280194663,5.254524662499388,5.517789336790201,5.485759682247263,4.0797676353992705,3.998345799150206,4.439446044423479,5.016275643874442,4.634676297608081,5.400574236436087,8.476491471592999,4.954836953920829,4.654553376369654,4.744074842955448,4.693945025050565,4.993225280734891,4.582150245898518,6.314533366577107,6.854182849773525,5.868647936804377,7.287728275575487,4.425304422681277,4.713411162604016,4.99128194955742,4.4050160699993715,4.950434892270393,5.872580615836638,5.1027572506074295,5.4288857511799415,5.612531911118778,6.043052664404283,4.331583411303467,3.8148045068775236,6.336764132450333,5.4756940767898,4.998668256783836,6.053648325543736,4.473737598114044,5.308952169891042,5.7611546685785715,7.78587563560642,5.982538528726357,7.067906257010474,7.498097241053819,5.25765011535598,6.159520364295458,5.069249645758019,4.997794501443794,7.304444165542037,5.466715296546599,4.111305086647761,6.31974470496276,6.765174321319186,6.30996909545866,4.599645097125372,4.9065763090221495,7.699575577510287,7.282199590866633,5.223940543233365,4.811384353260385,6.791673917579107,5.674276313722595,5.26736687538825,7.048444300781441,5.122374752551878,3.8813448969081277,9.738440541357985,4.8266156940870095,5.6840963815123695,5.777933765397681,5.470414271413188,5.013758727481355,6.539210225796685,5.759237021593942,3.9268423708360882,4.266747736552505,4.646839001906035,5.404671098470446,4.805562685775152,4.682747773219243,7.826495059561388,10.352210862263965,4.392777550402146,5.3795656144314075,6.112063894889727,6.318323887093076,6.494828397941537,7.289437770718685,7.46055223124215,7.38035789640123,4.724317233722885,4.626582159661951,7.484131414221014,5.073048418321177,5.81784513695943,5.241867158457245,4.254758645946141,7.777108440301709,9.774696523931413,6.517612442732331,6.086519023483526,5.765637641740948,7.999062419674254,7.07847950198968,3.620170103632664,4.59865008993957,7.635977275010806,7.282313854934556,4.235734844158022,4.906540916327585,5.414360162240118,4.87008522019292,6.382032754405752,0.0,5.45699767361962,6.785128460017327
ZMB,3.2888565294038035,7.586439233759601,8.277346250966952,7.091804895990145,6.099842053351441,7.683855004350579,7.573091947644211,7.000841303278326,8.109752841195238,4.101951244243726,3.4053360244657696,4.780722349419632,6.850667377248861,8.711870024107293,8.156800337996723,6.986835178273847,7.741455129719549,6.010596022151598,4.643892975617938,6.377461591600676,9.94490607089029,6.2233180830995085,5.094875104552554,4.043447857986315,7.424001942010731,7.862102764146675,6.898279638393098,7.963341978297743,3.232655036753944,2.922096029731103,2.7124693496369203,3.600786775459571,5.65515325367357,4.71051093872839,6.77163259245445,6.6989632545040605,8.0070914143156,7.531221366843275,7.866303676261334,6.192130657301819,7.974243490630488,5.509137118689065,5.452780622379544,5.3653130301911105,5.06784704533634,7.568526555476436,8.045616536761994,5.032553918802115,7.800720198270063,5.371178867832376,7.610759462404304,5.1384963359492835,7.513018476495341,6.021106736461558,4.394652101223766,3.8127233698475282,3.686173112459532,4.513041177646593,4.06684777407292,7.640864710292715,3.971710202745845,3.705746190508714,7.0449466620275905,4.634289809544047,7.410242199338813,5.669598734263977,5.705072777253456,7.603980952536516,6.252539897246894,5.375839104029393,8.673033398299593,7.3839733013983615,7.667327538943139,8.419647024697072,6.180251980380299,3.410269302349239,5.843170367928416,6.0492680521492606,8.360187612797812,8.977259497809174,8.749141138399542,6.856755027784192,6.263918540396564,4.604137374477248,7.404809580716213,9.608844704421893,8.133803153895276,5.544137061772755,7.404979587323067,2.8833194832914226,7.52439563297476,5.802000901554598,7.267494216017379,4.240217575583306,8.588133170357676,7.733319928802592,5.889095200585053,3.4443593622966993,3.391722458955181,6.769104414969215,3.7893897711571243,6.87803875935784,3.732005481154829,5.868556501993227,4.3368418488386045,8.132862895117071,7.987661042165927,5.743062705943296,7.281636646450097,7.382517504675742,4.270476639192153,5.542117650044049,5.295984837486839,4.709977644607113,7.635511529644882,6.791770294225858,5.123774547037825,9.068453176137668,10.374106791271094,6.736634115097709,7.577279678077799,3.3276867292595447,7.528744411684338,4.970211868253325,8.861799858395935,4.57293713418723,3.8608574747865,5.34252068039255,7.070735983140802,7.259385488085005,7.340752420389615,7.612104677050235,8.029183912317004,4.944953357141045,6.235005545809323,5.667433987697334,3.3546189431278273,7.003976084007542,4.8754869698504635,7.6538177114843,7.029887134810647,5.887156385890843,6.850565811647384,4.077439583795238,3.2570794985205387,7.057985863038038,7.370769232263598,8.087210541233105,5.338108566889595,6.366644995465872,5.45699767361962,0.0,4.715516442484689
ZWE,4.584912064392563,8.509590994598918,10.099367280117669,6.185559275939809,7.974541671288269,9.1097099786521,8.873073363430558,9.226232114316682,9.66116168259519,6.738672262969685,5.61502061331879,6.313834109142636,8.095634966351424,10.704969718225337,9.726907019802283,8.067893480144628,8.452750601291926,7.763872893318971,6.146596437290559,7.670424395239185,12.645465691472,7.518874222549187,7.05428296919493,6.15841896118962,8.924217930169217,9.601848809214639,7.917336712394001,9.744808542130134,6.2119801694975125,5.351809883648635,5.27977765494859,6.390537492142027,6.85884590560723,6.333486749459051,8.56180763080761,8.552261383092976,9.528795438317458,8.916764874398936,9.185539629556423,8.783858821877976,9.514381234307317,6.967324191539458,6.872221284854494,6.8804968926289005,5.359657776648668,8.928779127936437,9.227355290381215,6.040379150874482,9.296812366690371,6.685630245850786,9.086358639633644,6.653517219091261,8.93279273934135,7.560898765171917,5.314398071063965,5.8797688752900195,5.832072755413166,6.802018611785085,6.091743356424302,8.887945902530227,6.289070621364781,6.07437368178633,8.343782226941498,5.148617787295747,8.450653808251817,7.424856913750378,7.290937082258684,9.082807792189252,6.6313472717137225,6.938961992376641,9.603126445953928,8.806333955031278,9.045846236904762,9.694824482458051,7.247927784821244,5.753978192763112,7.281221705909047,7.909010479856255,9.508936723559643,11.237710259039584,8.88317137248222,7.860496941973862,7.569113488123809,6.378163902786368,8.762257776178863,10.956899493533728,9.221988159822645,7.058479505957713,8.277850197326057,5.571810997516064,9.056992418717796,7.4818805316908,8.389538643589827,6.547377907301292,10.248496267169612,8.781086703248606,7.097102824456288,5.92316380677336,5.97586152426721,8.138128816123785,5.166773241133127,8.567906109608636,5.915687120129897,7.500883762083661,6.0671431364235096,9.417076140455992,9.647008170284565,7.126000241985024,8.534600768204577,9.682448231618118,5.130466986468452,7.782221133105796,6.781939172001905,6.756186460635487,8.849805145928237,8.254336175489632,6.84850744662593,9.570714214044875,12.78777098630947,7.66525484114587,8.33828557861205,5.644821043033641,9.392644118950653,8.537838775426657,10.373068771990761,7.035351112582609,5.618578703796068,7.522744056401077,8.126874685640297,8.214358107952332,8.67871439837842,8.99575035205752,9.356760050149125,6.749423887218451,6.2000120570462505,7.769120102440751,6.1056719535920765,8.770290277493531,6.087900148198082,10.115748755764404,7.87300863894073,7.280515632040815,6.903224670051867,6.407704054312335,5.974812499570743,7.847108574875597,8.436317332240924,9.352669585588623,6.216129507343693,7.820026722624335,6.785128460017327,4.715516442484689,0.0
