,AGO,ALB,ARE,ARG,ARM,AUS,AUT,AZE,BEL,BEN,BFA,BGD,BGR,BHR,BHS,BIH,BLR,BLZ,BOL,BRA,BRN,BTN,BWA,CAF,CAN,CHE,CHL,CHN,CIV,CMR,COD,COG,COL,COM,CPV,CRI,CYP,CZE,DEU,DJI,DNK,DOM,DZA,ECU,EGY,ESP,EST,ETH,FIN,FJI,FRA,GAB,GBR,GEO,GHA,GIN,GMB,GNB,GNQ,GRC,GTM,HND,HRV,HTI,HUN,IDN,IND,IRL,IRN,IRQ,ISL,ISR,ITA,JPN,KAZ,KEN,KGZ,KHM,KOR,KWT,LBN,LBY,LKA,LSO,LTU,LUX,LVA,MAR,MDA,MDG,MDV,MEX,MKD,MLI,MLT,MNE,MNG,MOZ,MRT,MUS,MWI,MYS,NAM,NER,NIC,NLD,NOR,NPL,NZL,OMN,PAK,PAN,PER,PHL,POL,PRT,PRY,PSE,QAT,ROU,RUS,RWA,SAU,SEN,SGP,SLB,SLE,SLV,SRB,STP,SVK,SVN,SWE,SWZ,SYR,TCD,TGO,THA,TJK,TLS,TON,TUN,TUR,TZA,UGA,UKR,URY,USA,UZB,VNM,ZAF,ZMB,ZWE
AGO,0.0,7.471586976788133,8.379512413782521,6.790846022815992,6.257741159688806,8.488968896334294,8.242759342399964,6.068103871647283,8.86410836456305,4.938768600926921,4.906673008044756,5.874571689308721,7.492604994430173,8.421954528897883,10.417317421506807,7.62323436370945,7.540248212860808,7.5632438995865625,5.33961360434407,5.9653537577509255,7.97156433403137,6.2427769069959655,5.512125177013129,5.395090411543355,8.179454911497768,8.55244000596661,7.37498518785262,7.4147698115191005,4.133615199095288,3.621233426795394,3.111671388917903,2.1409772945264653,5.934295836406075,6.0322538027866575,7.11097607002199,7.0865639315108915,9.064389100007345,8.820706070183867,8.573603846561344,6.270796733394213,8.56200241461094,6.042512161661956,4.390565637134215,6.272424941830874,5.477919339593988,8.185914711992188,8.483135666545872,4.64909776240098,8.198172660056104,8.128836838945197,8.317561858799614,3.639477562338765,8.891504297247069,6.865489212550538,3.886409921771317,3.477160105304129,4.0344538864294766,5.1888194418059665,3.7994351169482297,8.66815377964181,5.561765971845366,4.85433753920785,8.355884530452565,3.843606210529224,7.905953392382352,5.294317983146886,5.68753396071175,8.8399103767299,5.825806307392679,4.113749080758948,8.52207024361755,8.119814980505181,8.464366232209876,9.420421199975817,5.983623732111939,4.603785066643664,5.399650582765535,6.212189546090207,8.87038879679692,8.33192540783187,10.370670755091261,8.113101155559828,6.1888812945045135,5.040538330170019,7.822320952713059,10.362229552307712,8.259211008426426,5.646483648987606,8.26969775640016,4.103456552026999,10.453528063631987,6.231555188162129,7.3004108849740605,4.086149578666599,9.964005431133668,8.266767306113328,5.278503961907233,3.9445974960301533,2.2944395846804726,7.45080686439672,4.396674475311659,6.700581416245646,4.243351105698928,5.715963364062417,5.093939386599338,8.743742036704454,8.090584218540224,4.896947363046242,8.134670857553637,7.752329297891779,4.339994956417221,6.94052688462279,5.576874053828878,5.5805323892746035,8.540002241022963,7.7913053459724475,4.681495180395063,5.4763513294659,14.880909010449907,7.373645348065666,7.406146848624539,4.482160791738292,8.578866664890747,4.223211492371776,11.539801325642262,6.763896312897666,4.398477338430555,6.234097695893671,7.499395472012742,6.755425993282166,8.089039015372691,8.521050070224502,8.241923062417092,5.519079035126171,4.169805425851249,5.070381821480225,4.305564870386286,7.370873222806246,4.864414731522055,5.722144572975587,8.2535000269901,5.716979038601871,6.301674871964697,4.819736729800387,4.305369996556235,6.834412734509574,7.145385618991684,8.870315361119038,5.059916272453847,6.399251798221076,5.485122408453773,3.2921176579062,3.490843455445538
ALB,7.471586976788133,0.0,6.0445739838786565,4.264520291160031,2.0870399406612563,5.239718490978356,4.448020303327884,3.6662188766562687,5.348029474361337,7.5009026373146686,7.704574263502204,5.400903077601961,3.373610873437485,6.56936022917895,5.904142176828902,2.361913313307324,3.7842912071470804,3.5650515822662565,3.986268278788382,4.339420869378295,6.221714808953421,3.8365722024580555,5.570209979498008,9.058503872912508,5.0065964371937834,5.313210310088753,3.324200967217489,5.13229241322129,6.764643940698859,6.733477959629258,8.349272182255184,6.4635861764917735,3.5778543486127776,6.56152265495605,4.5058940784022035,3.231422234291666,5.020588440771788,4.498207222002838,5.286728313481954,6.642137439339088,4.844601717139445,3.60991342277109,4.64045709450107,3.1371718520292404,4.866078615603076,4.247047338795002,4.211236034754558,8.267344480000693,4.333706037944759,6.246851122479925,4.924445381420423,5.8173619121359135,5.281027843732189,2.444674267715531,5.6189529969475,7.328619646219859,6.352561124243657,7.208507121260354,6.778601214161333,3.708926812738278,4.719293517605359,4.0792587805791465,3.093111163667445,6.405913929310681,3.7105144145800883,4.8318250665418025,5.269247890496136,5.049323976693455,4.735152228121603,5.906205482902867,5.377320933369241,5.501404488750116,4.054305975059528,5.935814268589496,4.994871384430847,6.00030091499384,4.205786684579564,6.321889700116835,4.8258066628154745,6.16746692080601,9.395606327860916,7.479536581771995,4.42211833330837,6.854456128970969,3.6728145357113844,7.266991445215033,3.3656285591402044,3.4588602614722053,3.822047109483241,7.453743031277276,6.978695504607302,4.273311264418242,2.459463427626601,8.203850846051761,5.817281049525962,3.4257571370008097,4.746567907976045,7.946835874452628,6.735995554826689,3.6360091004470263,7.408989967057428,4.235859088043938,6.2904358730124015,9.423616826914921,3.5770838774623175,5.398153395384069,5.003496331138046,5.233297121256322,4.322729875762984,5.222538843806716,6.515941818721694,3.8672131331115858,3.7917061153844136,4.485727152000634,4.00441193056579,3.8258156944517414,3.8274054086208107,5.0945309272216965,10.260935474595446,3.0779859211138345,4.5692750696282785,7.495543874601918,5.001157369653487,6.434566559249587,6.556039943763113,7.61906698251427,7.330987962835497,3.6069921551182587,2.5606076209349533,6.730456583986035,3.9858724960977123,4.179254991902899,4.804310963903882,5.792461648167266,6.51923139114788,9.575311215149627,6.569442694690835,4.765570918550976,4.934801489112858,6.693691734521654,5.303832032390068,3.343057024911372,4.108888740199177,7.790371311943809,7.828259274882162,3.196237887385877,3.2655298446686194,6.133731469007118,4.35565100340962,5.193721956518428,5.53572248325682,7.236008012676274,7.060283085822138
ARE,8.379512413782521,6.0445739838786565,0.0,5.358960313125926,5.091357098367074,4.2318239905918755,3.37195274278924,4.309844359157214,3.7920717203649383,9.490809456039667,9.734786714371458,7.8537414445842195,4.203242160436123,1.9711925746904284,7.320306051037203,5.171256110118113,3.4188232461225803,6.786491598083659,5.905564070712685,5.777725996123566,3.448971404220957,5.771352985996236,6.531377880077038,11.435167011477104,3.529599004221688,3.4067374269320094,3.9603284134660326,5.498504149545995,8.46030216568044,8.45903326897869,9.383986173878387,7.5791386228150195,5.648365371746475,9.42234318616096,6.959243110970946,5.276434006957246,4.89233024769953,3.97532865587002,3.687324000500765,8.018377388757616,3.824540451423929,5.255623271525436,5.549752208583107,5.243305180925176,6.505620007393799,4.8295231602734505,3.587599002737563,10.370817047610766,3.8378400048858294,8.332200150937407,5.091522308880625,6.123395532141058,4.938253055136508,5.088984993085437,7.106402416195356,9.090969156505116,8.701613811110441,9.806526350361514,6.486805219130742,5.5717042099611485,6.470565221522293,6.193318845838989,5.088266102089271,8.814207032707385,3.657150191750927,6.162834396292991,7.437074861435202,3.6936786172299865,4.820693880666708,5.692603068178858,4.311118185077292,4.6827850933071,4.988235023503969,5.27248126003409,4.054290470728438,8.602983648419583,5.6648585565160525,7.083308626521534,3.1951833555904443,3.9128478133340048,9.703968943474312,7.491638202733608,6.359582924897816,8.274275335507486,3.472812258395788,4.925588311628009,4.568692723195451,5.787332352163895,6.282675561729355,9.374535741313807,8.433988417448807,4.309871207189215,4.9660561549527,9.939393590146862,5.444351581183939,5.66218554792349,4.334413240634781,9.583346434595688,8.008444414732635,5.199129123031865,9.65902049393654,2.9424355184978115,7.686743063528619,11.15053660003998,6.088859308871886,3.764657999749538,2.976811551961864,8.118133977430379,4.454290085828045,3.2888379864690895,8.775446638957371,5.413908583397808,5.1216643927275305,5.946756423319962,3.960985736636079,4.303442903920617,5.254949060948588,6.588539729371947,10.71991861093245,4.526543809817236,4.1139506578981795,9.574684608313591,4.900188083022974,7.921831415450532,6.106669624774997,9.36966220024799,9.662696954198092,5.5892433832868855,4.420195471485129,8.941242097524805,3.8056322421224333,3.6120539254278268,4.125325384358588,8.186409019942676,8.1473521751353,11.025207655178551,8.636851075838738,4.314473086614402,7.306107444524059,7.654118812558713,8.005903393131414,5.423763248664982,4.482102399971946,9.502205892060406,9.47627954061583,4.867304129955708,5.054885156655461,5.586834667419288,5.652039777610573,5.309235625991204,6.2288198452985695,7.856724321479337,8.872496455761203
ARG,6.790846022815992,4.264520291160031,5.358960313125926,0.0,3.581034110349865,4.197715960282808,4.788467745217468,3.6317777682290777,5.309098472922278,8.002448044922625,8.59645374860774,5.778145654593953,3.8398078733510284,5.907921813612593,7.141532251732578,4.287902371710799,3.946140645538798,5.873381224715614,4.050275821372622,2.457671322851982,6.23422574862728,5.154766448780959,5.51753873618311,9.661697215206658,3.6715854960956604,5.3320143786401015,2.696347144092058,3.999898011536476,6.8320597004795705,6.770184026360931,7.97517535653314,6.426933838014608,2.530032304706478,7.950553925796874,5.722176830077993,3.971151392281368,5.736576789069652,4.9980662918371435,4.5375290528324035,7.616574004656573,4.71133127614107,3.3156361474207805,3.5394084665692325,3.707948834286279,4.6551640145662745,3.99848710615354,4.971887375680141,8.129747430847951,4.52938894033914,8.423408178265936,4.495644181715224,5.4845750554092385,4.702346964363477,3.623617507631902,5.613929709614215,7.906179022385159,6.68737935341026,8.013401459473275,6.262550962731602,4.577251069420128,5.018871414609749,4.893502730570068,4.5623970552634825,6.4922434701718075,4.274325336679305,4.484012346777854,5.076969398551095,6.046649058453176,2.4037610350610152,4.6390341881274315,5.060502237741752,4.607368163204324,4.228436272461086,5.294172793626025,3.9652268866388125,6.308137362682488,4.7692927146392945,7.488974295044743,4.392228614495272,4.995930291397382,8.556444617758817,6.758621374209217,5.054004900815612,7.7303575266280316,4.445018953100299,7.3967285681542645,4.6847151385503105,4.1844647515384255,5.219646162421222,7.789549646265121,7.865334038051164,3.7188218318682957,4.628745935832159,8.68415138411726,6.433314251721066,4.744696283555164,4.8312312299035,8.547648987902319,7.149506357853867,5.395416912637314,7.825716830560583,4.222435204298304,6.899848848435346,9.780682244072853,4.967234280718935,5.122640899045815,3.931301465171055,5.564461580870955,3.8295210659571404,4.756131009518157,6.163251015964419,4.6758167560469985,2.954097485777791,4.640353236491799,4.347933892381818,4.447672397658857,4.108452599957567,4.749151928111934,10.698211970200688,3.80701142110352,2.6807601397537733,8.075312581161336,3.9306863589366414,6.935275434616599,7.127656861482946,9.037355711122203,7.807612662151071,4.197498668143661,3.8258056260552467,7.319370147973118,5.174426978877178,5.302178462452403,4.558104192967412,7.446990545994202,5.865135835362822,9.8239805879289,7.132643370784103,5.25555093102425,5.935226430085008,7.027077502762682,7.3052205646370245,4.013968837984009,2.089119862195521,8.063845101266722,8.218134933872395,2.7583294414336703,2.8766064594438583,4.295804068693591,4.043210286723865,6.21550194187225,4.753183866920183,6.9963918692625695,6.4395827387999285
ARM,6.257741159688806,2.0870399406612563,5.091357098367074,3.581034110349865,0.0,4.559354812040284,3.7777602672567445,2.9171433846980834,4.655964895714459,7.118600718499717,7.291574313666106,5.187968409342272,2.8223637669204678,5.6293529201766415,5.831343737677843,2.26984590284982,3.214426200959376,3.650044672072291,3.160536085636793,3.444559643426522,5.344508299737246,3.4054610878616,4.39188733845882,8.440928618538797,4.111965400188744,4.536898505941414,2.7454833271752075,4.8783535308595996,6.136791170893975,5.950369348083658,7.442290273168643,5.177829687786798,2.672726727719706,6.248053689785609,4.017025470246175,2.455539767564965,4.485759478521206,4.3097992220704215,4.668663051780187,5.652308684024534,4.206100965823816,2.919227907733728,3.3956215210245597,2.654086240655626,4.041806392286164,3.6862034340982297,3.5978415153853036,7.883343353656162,3.6349463037684555,6.0094722104458596,4.385318195112639,4.348973483888027,4.811090227522976,1.6436827002474426,4.922247049035398,6.746984795883986,5.663647967005975,6.908775692957685,5.411915859009497,3.5869007384289033,4.253308918690116,3.3191042373331134,3.25534642119732,5.546743307328744,3.2976430184340755,4.297131697772188,5.013572543557342,4.785596985180468,3.6306426441145883,4.4958986772412,4.486525541852011,4.659232748314858,3.921580270369215,5.637446686433268,3.6809051464727682,5.479224484192512,3.2081327398792676,6.188323739670705,4.495023216934855,5.514037356900475,8.535421607405267,7.137660970204284,3.9275317628231057,5.8585155457817475,2.8502405978443006,6.543003501565885,2.9746325622613985,2.8539999550154778,4.398892339972921,6.867925024025771,7.22952704928607,3.4085219458407616,1.8506035802863365,7.6444148972476675,5.548303264690732,3.0857582533520143,3.471891983867063,7.280533133332605,5.739087503402312,3.0145383251588362,6.8564156368277285,3.250408949975075,5.082633156069902,9.026924958608374,3.1689562825029407,4.749788762046896,4.274472108995004,4.745758132275627,3.7631710807187773,4.56996388185764,5.980353983450543,3.3312542584515605,3.2168667341879953,3.7939227668137705,3.932938321971985,3.31215441822959,2.6070122544914334,3.6774440379259943,11.062545650577714,2.695392180375711,3.867286974660939,6.8239056025539,4.838624094376185,5.844600751527901,6.837426712711018,7.333385415881434,6.917121276943377,3.2328820234936932,2.1848758763925695,5.99714079895938,3.3816247225960714,3.8336379082757603,4.036123869493656,4.933808164825137,5.6786898105878105,9.015217007902514,6.056550813837634,4.429307015726557,4.41879878610002,6.181586402654297,5.371078103834253,2.1491723747422284,3.2391197774078737,7.409660606972705,7.245316667074667,2.5368946123139233,2.484960883384888,5.473548691333909,3.535616739836056,4.789085872150029,4.026780403269554,6.209462198479909,6.294386786008281
AUS,8.488968896334294,5.239718490978356,4.2318239905918755,4.197715960282808,4.559354812040284,0.0,2.543535699563995,5.057696794359763,3.2631846165471803,9.15435261454773,9.35396355460196,7.188877856752022,3.635350436140161,4.5958304345857295,5.890866550530791,4.3702317651837825,3.9627439715410264,6.261201459460626,5.132825798988092,4.0838445750969425,5.370700570992497,5.68698723508932,6.2520318072224415,11.181275302268245,1.6302405064308427,3.650820027526296,3.2785903114863557,4.244740281326302,8.087294051127206,7.8568883837949866,9.641878852693385,7.859536689779324,4.281885441915992,8.567584330590767,5.68750819843833,3.9879259794810187,4.553310908542632,3.3524176123307647,1.9686321783852172,8.08162130536888,2.6933219905614965,4.812949746960004,4.845992014519984,4.17847988333485,5.673329087862425,2.655954484302854,3.7043182480125756,10.006949121920082,2.1454514036115953,7.140932743043321,2.452903695902537,6.8188435808815395,2.470590791941061,4.684990261561497,7.267855811439225,9.434506249523436,8.169929022903336,9.130110993891678,6.8818152163429565,3.5462642172413927,5.80949380479789,6.052327042005562,4.005743859833973,8.259315139620178,3.634187902368318,5.78747553285407,6.864149106787169,5.151118433557714,4.534624621923449,5.964524990552762,3.2862794771175152,2.566635271383694,2.7760330722432185,2.256033908287044,4.190897350134938,7.692896316881004,5.724744970165894,8.08941816667968,2.3149517992519137,4.1820732161258425,9.295060077825633,8.542400514945145,5.72772082941893,8.364313604863714,3.7865307322669226,5.8225203610261715,3.899889589502983,4.942453933622954,5.944899900174456,8.993203361159974,8.396656709947244,4.142650877323263,4.6623459771706655,9.909743872060057,5.387117881240834,4.805084061340679,5.380172367009605,9.651583586037985,8.178222278432482,4.83374500987072,9.026230459858088,3.993937722983033,7.300402273589783,10.818753725487191,6.049985323569469,3.0830141443071404,2.7610127746107223,7.305866473252119,1.854231197504054,3.7600715633356074,7.865392135426479,4.765111844900155,4.833868210336123,5.203860279942306,3.450522962653479,2.9689745181580585,5.378465359284755,5.650922539230784,10.250394159417358,3.497729409004235,3.1419775322913286,9.240816285685042,3.8717828442523845,7.679857797946944,6.509891001620301,8.810279862546667,9.45524235770363,4.995835529701719,3.8683101479503583,7.760840424859239,3.899713338876063,3.827829551369737,2.5311200859617236,7.8363130759190245,8.293222722021095,11.18157071187717,8.296332514307835,4.364084120259713,7.557284698135385,8.456166617141202,6.876932086704677,4.59560577312663,4.364008879586304,9.218065426511359,9.24926612745709,4.200512770922759,3.596469175697142,2.8750955234877256,5.440274748294047,6.475367972450368,5.361217311616193,8.415506780058758,9.016294914421247
AUT,8.242759342399964,4.448020303327884,3.37195274278924,4.788467745217468,3.7777602672567445,2.543535699563995,0.0,4.491014513264886,1.775398742194601,8.863790371622713,8.770617890259869,7.1000080328542685,2.619522653248938,4.020689192546531,5.135112205878085,3.2658769755982098,3.2194312280663517,4.933621275917623,4.828314328203879,4.532054895803253,4.649671472785183,4.823262844618298,5.3635182766794784,10.874384024610382,2.108037439469263,2.404464529937494,2.8958058713245025,4.724927880502482,7.858505275727568,7.744934443910242,9.235932381844417,7.338284661526266,4.262109714040117,8.181974515690854,4.836610835521494,3.150904223315169,2.907745637141557,2.478846850089751,1.9256735229266957,6.848221134373579,1.4891337624975636,4.479540070666546,4.9605592840653685,3.79281425891505,5.81020194078684,2.3379336291519994,1.860001957772034,9.949731732484107,1.1024900781734728,6.446183531486993,2.318919733319818,6.373248691991864,2.4946903770702296,3.6288444904478143,6.966946455282791,8.724500862864208,7.938260926455451,8.789468754079666,6.467033125151829,2.8355570919511996,5.4895851246835985,5.086992892455871,2.6158132581989824,8.185208750304069,2.157971405526532,5.864538653869442,6.714148939558615,3.2857570884330634,5.013689844490887,5.815985142617043,3.024975064202302,2.7766195056765977,2.397771733374609,3.445030298511357,4.185577613938969,7.467555460202091,4.892398783492262,7.334120275339037,2.3249420591383907,4.420107652573535,9.389082800635936,7.7600475249535235,5.302403460335774,7.3477771734067145,2.006247117385226,4.432252115266552,2.379641093354431,4.342495897910969,5.162560282576471,8.602414873455972,7.178647599086363,3.804644731774581,3.2330493985133995,9.494788954337315,4.016972184635818,3.5387049182858012,4.77971464672135,9.000750813508427,7.61550357949675,3.3170617698238862,8.635131249451705,3.2910003512507875,6.504382038037054,10.610823303426582,5.0841584455446425,2.0091390221014915,2.634064973928999,7.1262635334431,2.5285713936892797,3.65782248359066,7.934155933111908,3.7168868687110908,4.592869334732174,4.847102462508008,2.6424018855798237,1.6359343394151478,4.80462104247417,5.142578756849273,10.51833217981961,2.6757228295168285,3.6507547078579434,8.570344160515013,4.448461199237842,7.175184415829892,5.6387816807335405,8.224494453536474,9.173668658696773,4.147098648506376,2.6958861233253995,7.414986112817582,1.8496651191439406,1.7188452321116545,1.5100419773564773,6.733572130864286,8.221655148435586,10.903089550143136,7.9065220429868655,3.688728154133513,6.858786643281929,7.686867062289867,6.286881936466886,3.8242967824074414,4.246184337923186,9.099671425964994,8.935491841571034,3.9406774138260174,3.5015378979437237,4.246407879769361,5.260846752583484,5.460084248202821,5.129574798068659,7.787470117026917,8.823722638166021
AZE,6.068103871647283,3.6662188766562687,4.309844359157214,3.6317777682290777,2.9171433846980834,5.057696794359763,4.491014513264886,0.0,5.603226484925799,7.2703235510305975,7.381335527152075,5.073112038781095,3.8412285556407477,4.890509625147344,7.556310474392322,3.7071419633872833,3.041462376891003,5.347760432665521,3.523864388828229,4.002408022929511,4.252393837801298,3.5320008101752207,5.107705504465908,8.666383895956349,4.558308487254572,5.223721233421763,3.2987652707787865,4.420449442812707,6.204972633937572,6.06688747211456,6.908449956550184,5.219893758861032,3.687308361087467,7.285226024550425,5.967274009296464,4.4226880575806415,6.030044768482853,4.616549764955803,4.892289456329459,7.123032666868508,5.106767745218354,3.280976385341397,3.333118617738602,3.362778448203975,4.018965742717066,5.009033427712614,4.61294936380189,7.529134057350907,4.53739355969386,7.234327699148298,5.525937814635935,4.19948096345944,5.702248006399196,3.473947939556469,4.5481257206537835,6.476249042452998,6.362357689210869,7.38573291630692,4.887940576899204,5.469622007755591,4.589556048233502,4.24823132999471,4.519604256178521,6.081973944313599,3.798392220155569,3.451731782429032,4.696866898955468,5.039047246187805,2.770537344187667,3.5917821067151054,5.516817200058399,5.6058030816341144,4.947473547516963,6.0688519358514705,3.268605390995356,5.971250521706807,3.4107964091899174,5.353175583754812,4.386941215402959,4.589285588568242,9.751847795114669,6.4399709737756465,4.1229874957451775,6.2800520965007465,3.8777858401729346,7.612627787030599,4.405799372267413,3.6572410595482103,4.51833768757502,6.920083814170108,8.306810055052088,3.2757699324724396,3.888482739177118,7.433512509200153,6.876734697203251,5.116050304570386,3.04741642881039,7.308761314921492,5.8969878251235714,4.440264785292053,7.106663987841805,2.912890260824093,6.007880847978111,8.728743702506137,3.8086349379461804,5.564837941044841,3.9014503519564587,5.7670271290422255,4.742072790966934,3.5446260407111208,6.086839255287413,4.667044240007582,2.9628198744581384,3.9439040136331145,3.905714111535826,4.472771954993246,2.6763758852312454,5.244991656352856,10.527108181403689,3.323688830425799,3.3220773535281074,7.417045156747583,4.204956237005715,6.010389748807268,7.34051784263395,7.766593854386111,7.004240595140798,4.0374503875939105,3.356100389122423,7.8210483380079205,4.11031614996926,4.408761555354794,5.05300927678534,5.948601747892241,5.853743395920153,8.507105329887423,6.2096117794699595,4.0026154837089285,4.140495628620801,4.806345022449398,6.161769567565139,3.785283706183221,3.2385432026454275,7.017751318772782,7.148992780219994,3.005133892181773,4.136993540093634,5.9706382010241885,2.95967618103538,3.998874537400956,4.861424284844351,5.74068205304937,5.7155626274300735
BEL,8.86410836456305,5.348029474361337,3.7920717203649383,5.309098472922278,4.655964895714459,3.2631846165471803,1.775398742194601,5.603226484925799,0.0,9.46252562438643,9.508805462000286,8.120925438903804,2.892851018476349,4.296236029149033,5.091466509718342,4.126155308306252,3.890887748001227,5.47687052512557,5.656439864097624,5.104139377802357,5.47546368047269,5.856251121373981,5.741401491216762,11.504112741829733,2.622336771790104,2.625324363748769,3.648710175971538,5.653927365907835,8.482156477128576,8.464362243769227,9.824157297995274,8.004535194520471,4.98022242547356,8.849306271449258,5.054637171964344,3.691049872378788,2.368149042645285,2.8425014453256456,2.3858479939071082,6.709144246825022,1.2530618758668068,5.173745038862333,5.819636103395583,4.718078072275906,6.885585077593408,2.827288412132769,2.1678599815731316,10.779412015425981,2.3255150498532764,7.120730121349034,2.4769936540286213,7.061882059357183,2.5884062932832856,4.180079888444818,7.703762844489367,9.354702449026497,8.49511289133746,9.380506320667736,7.109376105020518,2.8757892702258556,6.20059195809823,5.646313745133791,3.2071927683455317,8.89869047349577,2.563212007053296,6.91123261121163,7.548962837915401,3.784809749062979,5.851590225597353,6.635743750866196,3.243979350564164,2.873315150100282,3.1266621415897866,4.001682130188074,5.1030171621314215,8.200275050560936,5.670112407323312,8.159528598333832,3.2109855309155853,4.8457461662318355,8.98510291740071,8.021561748627224,6.476024140495959,7.899897311765069,2.589930998184642,3.2785156590704285,2.80770265714865,5.134355650275558,5.742782875654811,9.253617578242704,7.078674657327904,4.434145606258859,3.8698451612293603,10.26436571982132,3.069842811352583,3.762987603770364,5.609114482339381,9.578342563749368,8.303912145823288,3.902971776968359,9.345798261632048,4.12096110558614,7.111708446073168,11.339101580680722,5.811806427183047,0.9114982761772037,3.5183744195706543,7.674373358621947,3.0921266335914046,4.399843628457229,8.667194835273467,4.222225639470023,5.323063222784258,5.615706060218752,3.3439021602329375,2.5680489992044833,5.74686616786267,5.378966764827775,10.660504898122406,3.606426102785805,4.421485488054909,9.239620499185406,5.144649251897129,7.821575728474087,5.083199715894122,8.968995044355847,9.85444720110204,4.632486258293139,3.4566531105173564,7.476472466727201,2.5865887514231707,2.588351417284727,1.8333583082374891,7.581873217010322,8.7448972212001,11.693108965592296,8.54644925999273,4.561445783019745,7.854457427401159,8.560484831586468,7.055620146672136,4.4180337643509455,4.7327389030365685,10.011327896976827,9.769561854782223,4.565220448320254,3.8409680615870667,4.571370185713189,6.2630562301508705,6.3424362559392815,5.648854934076078,8.390617970104012,9.63012753954584
BEN,4.938768600926921,7.5009026373146686,9.490809456039667,8.002448044922625,7.118600718499717,9.15435261454773,8.863790371622713,7.2703235510305975,9.46252562438643,0.0,2.972126436737706,5.149648663917914,7.787073925781566,9.194538991755861,9.581432379829874,8.211000647360104,8.381333110554097,6.757683366767498,5.243552901873261,7.169547346517804,9.482575092424174,6.365240487971444,7.133139941463727,3.7601536733903607,9.194316403356531,9.05826098412797,8.182307178323509,7.770177261256342,1.713922730981519,2.2564561189366223,4.368438662252145,5.4961529705974845,6.7698840098393385,3.214383301642138,6.938059852135983,7.560876618710602,9.150077001624178,9.162864305729386,9.162486730562552,6.844923486965119,9.100260536218006,6.331216774621965,6.354814567505143,5.940641699050996,5.71831991508485,8.995041960897625,8.990617985344581,3.5250394534409004,8.98203965379206,6.8233243191610455,8.714521815623026,6.587415809695329,9.010211265703417,7.422111084350926,3.4538641471976703,3.4556054021647404,2.594371120480692,2.3929123254130222,6.137697990400278,8.985004194352756,4.120459345366557,4.901334039539398,8.411497289755358,4.437099484159644,8.332012596150706,5.456379383408254,5.473684827367018,9.225357964491957,7.6485217845574365,7.0356228530300085,9.325218326310296,8.538072727471057,8.837220057919177,9.49820449386208,7.060713927488689,3.1904190327341633,5.919701849917926,4.696957027349238,9.406372379950756,9.656841891172093,10.643030567282832,10.086543345214302,6.214817438750989,6.056291421096293,8.502065960481474,10.797434328716834,8.661943276992078,5.996816012626213,7.123144122943018,2.600758757350209,9.307549414344942,6.5370230878266975,7.972383398166491,2.5018888668836143,9.747304852387554,8.680921269587202,6.74419495413469,3.304455494578923,3.9525836047583183,7.443277770134618,3.4737381251439965,7.500077320539614,5.241140289626015,3.021445661725101,5.00340052367431,9.2265260721235,9.371731708532684,4.268473270482783,8.394970994793008,8.641207288722947,3.559780993004322,7.005893713268067,6.122284365896747,5.158950794825047,8.830665244798814,8.02187772532859,5.566634379251718,7.03681398018643,14.94246943738969,7.758925805024791,8.33247849402131,4.393184238214105,9.77099027945334,2.5056533023531897,11.916765180878096,4.349733196760755,1.7532013462977203,5.92077151000608,8.071134159376383,5.829752864829268,8.617792916970707,8.919810424714889,9.162689430590238,6.225388424400602,5.881814253762146,3.341185886767051,1.7661174020972035,7.161858553519049,5.225450904147284,6.752428897277455,7.426866963454226,6.684204555713023,7.7308098823269615,2.76706997144998,2.73197962368097,7.9093666587086116,7.777050084994183,9.18748190875032,5.87971656635392,6.24050714476486,7.198635924118352,4.398567261439065,5.144366022484615
BFA,4.906673008044756,7.704574263502204,9.734786714371458,8.59645374860774,7.291574313666106,9.35396355460196,8.770617890259869,7.381335527152075,9.508805462000286,2.972126436737706,0.0,5.712644400595349,8.00057903513332,9.594992349581116,9.708197227509046,7.9706656561767435,8.646680793621993,6.670138023831299,5.453116797522587,7.381864651469126,9.34607836242529,6.15794654785606,6.3557347310719,4.3328350729264775,9.31658849661246,9.396383581919162,8.42475653463252,7.768554616409707,3.2628719888583317,3.1540865019006876,4.003446125136261,5.146827962812946,6.966224169806852,4.399336343730089,6.777606813577258,7.647604059577086,9.366083803175082,9.216795250929886,9.250297313648318,6.484600533503591,9.246847289730052,6.843977082775275,6.345522176078571,6.209102592641001,6.330779624557379,8.950957206316717,9.066786311164803,4.344518415653005,8.91690890662699,6.372294386236246,8.714524200182767,6.780569079446409,9.165308601824481,7.659318081151747,4.714218944666751,2.855484603328348,4.101241105429169,3.1213040388227227,5.68485102789094,8.976112021298375,4.925800579013652,4.798802441289817,8.2925300800811,5.206492457860018,8.42508793713575,5.970099688123623,5.665929006654242,9.248543064300645,8.01339100170764,6.785451921861134,9.598615948589817,8.855908978796526,8.739673007763583,9.616001671830103,7.575880336639248,3.701288141664537,6.074271778471265,5.467743510257037,9.553659958912682,9.696143773140022,12.199203262473818,9.485108127526203,6.471824638119788,4.527991948693398,8.607825046912714,11.19978025748737,8.675193270776667,5.811357889244123,7.554100846630453,2.1890429530870823,9.519065085009478,6.96533782086269,7.9377707052362805,2.62202619198363,10.16283703826823,8.739314997241214,6.97409108912975,2.4830643772953085,3.7402040155820795,7.363430512848412,2.7452917283812663,7.817615488617872,4.327259375232089,3.444684364371621,5.015815997288567,9.376595339409862,9.542130318036046,5.336517880770222,8.826826606526419,8.74605604407164,4.232597072014757,7.054790980180497,6.534678149032636,5.245857016055977,8.872561389471114,8.045004990452158,5.979472811327672,7.01685998317659,15.188060657133144,7.7872952997461145,8.605625066869893,3.544830196956607,9.820587073482633,2.6667896795143546,12.279172088093173,3.997070684535152,3.5036899349873347,5.989681286147551,8.023651018656423,6.799438389260274,8.37842085784631,8.79819979616744,9.118179381428417,4.900947064089523,7.020600699984529,4.095723776068506,2.83391124135174,7.191202638791772,5.274603708563305,6.148279348628663,7.334914568116514,6.462805640290279,8.110970540745397,3.8555528670121095,3.1168300932852584,8.092623942661962,8.30135816548371,9.68226421179884,6.187395949345744,6.40214969982426,6.855598785669228,4.291465183274617,5.593452303794288
BGD,5.874571689308721,5.400903077601961,7.8537414445842195,5.778145654593953,5.187968409342272,7.188877856752022,7.1000080328542685,5.073112038781095,8.120925438903804,5.149648663917914,5.712644400595349,0.0,6.381794048590491,8.267693220463928,8.614049074807498,6.218144722737898,6.66619965466554,6.177122805015712,4.391803261382666,5.040815649101293,8.468861164964103,5.602331983097897,6.992681608029936,6.8116062619006135,7.086552478569849,7.19139110469346,5.813974672959457,4.828846753324578,4.077201943222652,4.235377556093985,5.917434016106323,5.846677832277451,4.514524146104522,5.439939743462774,6.906446317381762,5.737996011516873,8.020495086026562,7.425378937402856,7.186601818102243,7.7174872295002865,7.7278493311091925,4.381382869665098,4.780166403230087,3.964975418410307,2.5107717744626363,6.753943739306192,7.60506393228596,4.703211052887918,7.242271743064444,7.614195003262257,6.92822599529579,6.209323312222161,7.153558290405419,5.613536260845731,3.6059180639203787,5.929158060706642,4.841092268497788,6.0988990997241626,6.861980253620088,7.1628034467662625,3.3092671942891974,4.493491249322289,6.7757333740854095,4.313736573437498,6.835957542113048,2.679366067859201,2.571900015094855,7.44021694518004,5.197450716695749,5.548512378357819,8.425094933801402,7.309184071068289,6.3535113278646245,7.238350952287986,5.309999720822434,3.55166183314238,4.968916288952406,4.906059543784779,6.988677204780792,8.214752635237582,9.508049794428233,9.445854922865932,3.014270131612081,7.277797818542424,6.896290939630243,10.086756511103053,7.226825962477944,4.634798694059016,5.998045815651417,5.154433197378616,8.978649069473509,4.423905343452676,6.351122565511308,5.701799436369914,8.91414979120323,7.3638254375310055,6.0416146163580375,6.231174562008938,5.7108894128383225,6.118164793630893,5.434282300174617,5.7470972882553095,6.40077043818683,6.631959827595517,4.658507811668237,8.056109067705494,7.455106467426372,3.878559241610664,6.818751654111636,7.308904571561287,3.15356751980425,5.5179154855850685,4.472172982116297,3.7053379106779154,6.6216277294349,6.134880083552353,4.224633307599353,6.568363320449471,12.998566520347273,5.60099117256235,5.927145206295596,5.896261630048542,7.521465915599761,4.853799057696804,9.868297178780836,6.983475221942161,4.7429995968561744,5.109571439012108,6.196529983040845,7.3541558786736205,7.012076496781487,7.330900432675893,7.537238498212466,6.345759751973972,5.398380627541956,6.55007586430341,4.676919220934383,5.59689173960941,3.982809284623025,6.674434843185356,7.369744916019815,5.353287207774825,5.42002092550749,4.415920311573022,4.625628801666095,5.713611375584433,6.214154623346963,6.70280562202295,4.441773155521861,4.742589000375766,5.956447812349149,5.031137370578195,5.085043280549936
BGR,7.492604994430173,3.373610873437485,4.203242160436123,3.8398078733510284,2.8223637669204678,3.635350436140161,2.619522653248938,3.8412285556407477,2.892851018476349,7.787073925781566,8.00057903513332,6.381794048590491,0.0,4.643400513730695,5.150831030419459,2.3737353955189833,2.3410487664848048,4.018014372991665,3.6736540940929725,3.9871508832882943,5.107207575708824,4.2589431373954,4.6630482504534605,9.523917875350293,3.1054763569271286,3.75374977031747,2.79391241218783,4.747238702897056,6.79498912294007,6.8704003928140125,8.263456801240805,6.549542809482467,3.609142406059051,7.25613193419312,4.3253745734491265,3.0376941186544846,3.227532516172092,2.182122674285977,3.1658446345262616,6.04542319128693,2.641191831423434,3.540255555743118,4.60137258276357,2.9814462815319716,5.335490252769336,3.2539308367542557,2.1268487404608227,9.018601834146157,2.837639939917097,6.381634482309961,3.2505885929628633,5.8737307162872865,3.4640297768621324,2.13828328896517,5.917271450926779,7.632709139805847,6.8036264661691295,7.67019383279842,5.972251851252241,2.6241449684935856,4.489040212381264,4.0152287690133965,2.003391487356917,7.1525266859833705,1.2882997911461205,5.170685551787382,5.773198528093467,4.080486443730896,4.413455770159459,5.535585222173959,3.830561390944929,3.6059634905540863,3.039280190281964,4.515933376911463,3.9659718538517517,6.355515722410515,4.043023730114342,6.598470780055618,3.4567985834133172,4.451321335962794,8.637689147725487,7.066070850981611,4.9402223910329015,6.6036274432627975,1.8372184420464273,5.061136951158121,1.669879564234097,3.778248213390179,3.5235447349507854,7.61144025538093,6.593472542688221,3.130605814895546,2.3607710191127658,8.666737850310989,4.009766239317408,2.7325262478611707,4.380810088817119,8.098025476911305,6.966473970234619,2.7576465137508284,7.742961944566602,3.2473770647572127,6.101658887114385,9.71099398766389,3.9888090116493005,2.87907353123528,3.5413397941459115,6.067020057900981,2.8260508048781996,3.512743434592151,6.937591416587528,3.330595549877141,3.6162536872955457,4.027124818907562,2.1669002229549448,2.5523248147024744,4.10528175724107,4.784048475477071,9.726125650763768,1.7038177114413613,3.0802984530816184,8.006821967777233,4.052100322069315,6.503144113541009,5.153966739822802,7.7808123380053145,7.972632844780013,2.8611614928322378,1.4796881069169527,6.477449258930299,2.116676342718115,2.559271983879781,3.0914851650064925,6.271398543810792,7.14873470275297,9.950824160790964,6.733647357107943,3.8331597894130818,5.964162495320292,6.774714510299314,5.4364232077351256,3.0977135946231473,3.5467978932255573,8.409481327567443,8.298803985763332,2.6975461996608265,2.594623211869773,4.554091489791762,4.569066017181286,5.211544459022643,4.741274063120778,6.8884348372987265,7.635306400698649
BHR,8.421954528897883,6.56936022917895,1.9711925746904284,5.907921813612593,5.6293529201766415,4.5958304345857295,4.020689192546531,4.890509625147344,4.296236029149033,9.194538991755861,9.594992349581116,8.267693220463928,4.643400513730695,0.0,7.217748515792754,5.80858630268941,4.182393932710294,6.903076879652289,5.945901823350514,6.3508221962499745,3.188095459082453,5.861706076055451,6.6324222993542525,11.188509090234595,4.336272879265854,3.976750673251896,4.667837606326954,6.329563564973731,8.287278055988866,8.302785398180145,9.386306071898932,7.659262462933322,6.174161286217779,9.179482904559322,6.90999056160603,5.686597124165248,5.2860699989900946,4.451344107981616,4.373654749247903,7.98892595563108,4.129472453595677,5.457225475353995,5.864067980855475,5.512560421525336,6.951850305117053,5.635199353097511,4.057127587852569,10.445133952288003,4.388098081170976,8.133893480668773,5.600953459544625,6.084213106553533,5.394683735648322,5.674646246400528,7.162230335061642,9.03770913952903,8.455998833743253,9.502610595875838,6.116910441950365,6.144618273035756,6.457186229024989,6.431812166954608,5.581502479367993,8.962014614100605,4.296984800212868,6.6243486332447175,8.09415261276522,4.338413670155011,5.562999651394238,5.934338499788281,4.207185609657732,4.632828341763438,5.737314085508953,5.634040069788837,4.398404116104371,8.796482387236026,6.022241756529876,7.070854452417556,4.15864524023188,3.583780032618246,9.900372127072156,7.749499421886117,6.932721260964657,8.316141649265004,4.232529841001108,5.075092743087253,5.068197066742343,6.133239800771397,6.4542334621530815,9.327293448978235,8.538841843677263,4.790605053415319,5.550438364891479,9.75812628687767,5.480175302386831,6.050886274274515,4.472097859480083,9.543051744012281,7.875443124499161,5.585554885038067,9.717640901165181,3.820529971004147,7.692902457372957,10.859618517762984,6.354177098147078,4.2012556862004615,3.506781007911218,8.3422516825332,4.674589524529319,3.118649100141431,8.958423157646363,5.682822661498728,5.4414716454763825,6.3347585789175564,4.820359841147541,4.86183515791303,5.444400896150558,6.679121935263062,10.714527773465354,5.2042877672705155,4.950024389762039,9.700174089876707,5.356206125591772,7.716098618495466,6.626912490920839,8.987371531682781,9.508288507848686,5.659914664842784,5.1264404668695,8.640140429085989,4.508015698362257,4.147377295708698,4.60244295711792,8.360520949024973,8.44995673864483,10.771853822039414,8.438994329191651,4.866749359300616,7.641816211732761,7.562672567284572,7.795723626882788,5.879220491542329,5.235872868954416,9.41812867011456,9.461213422126356,5.784852665625685,5.338992721426244,6.1480188563629365,6.0272502582136,5.924502040125896,6.7666037876963765,7.847102226667542,9.08344482177139
BHS,10.417317421506807,5.904142176828902,7.320306051037203,7.141532251732578,5.831343737677843,5.890866550530791,5.135112205878085,7.556310474392322,5.091466509718342,9.581432379829874,9.708197227509046,8.614049074807498,5.150831030419459,7.217748515792754,0.0,5.383493933528637,6.921465281719614,4.479371907703826,6.144157497762964,6.943807448816832,8.193481838185605,7.101793884816528,6.429908096312852,11.243129582464777,5.771816794683488,5.445132643035003,5.539347537265412,7.594099169849279,8.88968600765735,8.939404803154515,11.079522136105474,9.396801191627134,6.093839967786102,8.45984036702919,5.096006100996996,4.683890353632216,4.3327676445379115,5.886473539708519,5.8682534383520615,7.21679571366867,4.916763474647871,5.730908654748962,7.79549878344662,5.629158762124162,7.802644884446209,5.252584056246265,4.90556621030679,11.512871699609057,5.369784843372387,6.612835821482615,4.970732870735408,8.620826740896687,4.670260405597476,5.37222238660136,8.83092264185468,10.368156808623052,8.690839662142501,9.438542097174174,8.639927026700915,4.242927954499857,6.8447651173240045,6.548976652248191,4.384711641556185,9.449892309263454,5.62663507857174,8.320318627506554,8.647084597969796,5.7106738870899205,8.228559025458782,8.918227368802782,5.649129199856276,5.045029456579614,5.0455848187264944,5.926507278484361,7.15873292532804,8.442723194593516,7.441536280780068,9.54250971842774,6.222871419091471,7.839166391041998,10.11979910182137,9.555921841685707,7.75114332703754,8.518505941163236,5.300601084408171,6.14908424259517,4.785635921588858,6.40964719807692,6.288718795405194,9.973639832652703,6.1384007706918915,6.454657604643093,5.46589009062712,10.90005285120598,4.462824181233827,4.318917206111256,7.862137662730884,10.573032612487498,9.516047455633778,5.163843261527468,10.000199722692413,6.926721581581318,7.590265187355685,11.91492897048293,6.825668259461428,5.36685094439636,6.885428341746336,8.120422784267634,5.342120138578202,7.21676614422189,9.33743469618784,4.40365192869196,6.675245644291366,6.818284393193542,5.974239637975982,5.024065549714777,7.182563735057593,6.64617744540089,11.838052442222414,5.725551580110338,6.911016355580911,9.641252941875903,7.385525487100654,8.522928335278163,7.1174176776411695,9.318018680421353,10.069778026808052,5.58314470124796,5.33654063334923,7.41345516248421,5.2266367727882885,5.328064607768526,5.257671943839402,7.363699652398529,10.397210605887686,12.345964795808186,8.997806035931493,7.193262363319022,8.767583159156718,10.259545483675435,7.591158711586963,6.070063255694377,6.980435006133968,10.621218660897947,10.426385804198697,6.972192005799613,5.452873576871969,6.101436387736857,7.927926727358183,8.47982296990268,6.607874760386687,9.653450888300156,10.585256940557871
BIH,7.62323436370945,2.361913313307324,5.171256110118113,4.287902371710799,2.26984590284982,4.3702317651837825,3.2658769755982098,3.7071419633872833,4.126155308306252,8.211000647360104,7.9706656561767435,6.218144722737898,2.3737353955189833,5.80858630268941,5.383493933528637,0.0,3.2236837238774996,3.6786806891300046,4.158998347349144,4.245832932460909,5.277130335990798,3.962398546537799,4.599574406535715,9.593233573069943,3.8698590915270983,4.740509486725557,3.1142992377797833,4.9361298794948665,7.317915693772138,7.240293946322362,8.501125552236084,6.408009616319446,3.6750597266268827,7.302013832774109,4.245071839512511,3.056298479546102,4.098499772473631,3.3594958829597505,4.30250558763603,6.224571535118299,3.8959034352605375,3.9102474433546486,4.530296063949329,3.4287022301081267,5.347115665439179,3.4176904048464807,2.9888154089919774,8.986087053287743,3.2398556661182876,6.413599800145577,4.0323784481946285,5.879674117697945,4.496855100451154,2.0900567590478443,6.372028490768918,7.679962906070408,7.0518290041451,7.846523173974325,6.2402690842939705,2.7256131646991655,5.182146074571375,4.204067347717199,2.0367501356762725,7.005571584571812,2.773602555297085,5.389884545894542,5.721238072558407,4.48564956804481,4.538125180213352,5.443964624651783,4.627404758239923,4.75965500781632,3.1854773108968875,5.314131535254443,4.522534284862856,6.498875864998853,4.221564110083436,7.060140150356561,4.11941988928837,5.147854339226133,9.384335864338937,6.837364056723124,4.77228974351416,6.278015912442362,2.6620354704526332,6.2671877210155085,2.3226122020283726,3.622510920770011,4.172641205614728,7.777619598294504,6.857751867946979,4.168954015753556,1.664790845264433,8.723993308544062,5.27298550669738,2.4834113844517693,4.495915935163019,8.202249079962282,6.973874007340142,2.8171461871253993,7.67012041732157,4.01395317261987,5.989506745261379,9.952115396225642,4.122801766851743,4.395024887948982,4.207480769244973,6.096923289500648,3.86429178372858,4.36668956788439,7.021390925579568,3.6272457005407674,4.183931079999592,4.636044150544399,2.9932215365196324,3.0398334000295164,4.282457593023632,4.854414279586488,9.905570907092399,2.2705571279974164,3.8396063174147623,7.689741662729108,4.113857039243483,6.824039483958371,5.89570465491878,7.987002664385622,8.143275443292858,3.5721099586412053,1.1724824398532219,6.9356852050327635,2.564755148878314,3.0440897776940314,3.8297145741986847,5.483722204848709,7.204728983228926,10.163217111996875,7.0989676344160815,4.625859689076896,5.57442651388532,6.709210200257121,5.353083326768603,2.9098200896847093,3.9484951708000087,8.573761161164867,8.398750431109137,2.790751205560928,3.294625040611564,5.429161637323677,4.663590271990391,5.46051945813344,4.605780836957695,7.20063048495264,7.498965007686308
BLR,7.540248212860808,3.7842912071470804,3.4188232461225803,3.946140645538798,3.214426200959376,3.9627439715410264,3.2194312280663517,3.041462376891003,3.890887748001227,8.381333110554097,8.646680793621993,6.66619965466554,2.3410487664848048,4.182393932710294,6.921465281719614,3.2236837238774996,0.0,5.5320752220206275,4.366670942548164,4.381559619049814,4.183721727778671,4.408114933972927,5.777270102704194,9.987321261299163,3.5649696275618292,4.192346806633329,3.0955307040359936,4.75005437156303,7.4236509991166315,7.369856475242852,8.45896380772743,6.623072407431909,4.347819068024237,8.044590256405495,5.688098112745387,4.215467618143592,4.6837716413226245,2.5478652077499553,3.5169962237769217,7.234924806843953,3.5535323185516337,4.425021992831515,4.630788421594421,3.8220571926554383,5.483172187134412,4.0748602229735775,2.937952794528619,9.215183456430987,3.1970944245255244,7.066299326312319,4.4851619745512625,5.611049778404006,4.6121729223509496,3.252672225990568,5.957051833102967,7.906664847343622,7.427013554691228,8.338975988406073,6.145925849143898,4.175501690439513,5.306228230115814,4.930954207680033,3.551779303692899,7.436259273807115,1.931381016419713,4.8921407142655005,6.0746229641231695,4.496792845191554,3.785420188803699,5.230745364729543,4.2566329501547004,4.6718622822282185,4.053169191803662,4.972667271426146,3.839009861578877,7.119155332111669,4.2398796061001836,6.231389677909962,3.1231321435587494,3.9697576323447414,9.219971530188921,7.140827101227647,5.095741266987801,7.165601008127836,2.3495555257096745,5.853812368593446,2.7674690176548387,4.3807357637459265,4.338416594591042,8.124045878324212,8.133821960612922,3.4189322582779815,3.0214207094364602,8.927340037501468,5.378313470632552,4.172438896881604,3.775988167549787,8.426170651729544,7.136969681589184,4.012688562692664,8.312582377430532,2.4771222664908685,6.89010731773631,10.039159013678121,4.4436974906060405,3.7509853147066674,2.9216216619770807,6.644905899059473,3.533986114998353,2.8898359688496207,7.517248143615418,4.867507691055587,3.8779942994054015,4.612892956630104,2.420073703614754,3.52452535081604,4.009515196129498,5.580657057320537,9.449063048618179,2.5262761880824547,2.814188576543714,8.655366946737102,3.7316649822181276,7.055630030799217,5.548838151958273,8.235655429942865,8.411376410214794,4.048752161238612,2.352200929577921,7.676901924547802,2.8959913454871025,3.076066243264366,3.756326549777664,7.061671980507413,6.9388306078791615,10.030475824292663,7.303187413564478,3.540657403809231,5.961934570959626,6.478587449073136,5.967784412772007,3.9126261555256403,3.676591559414066,8.510976448744202,8.566128696625249,2.455596850509679,3.379188287730506,5.368615531289269,4.356231004051161,4.733693470512984,5.563844648704301,7.189580533858551,7.647178886906865
BLZ,7.5632438995865625,3.5650515822662565,6.786491598083659,5.873381224715614,3.650044672072291,6.261201459460626,4.933621275917623,5.347760432665521,5.47687052512557,6.757683366767498,6.670138023831299,6.177122805015712,4.018014372991665,6.903076879652289,4.479371907703826,3.6786806891300046,5.5320752220206275,0.0,4.04312739164007,5.677578885239193,7.072572276328311,4.089790252993728,4.520436511741966,8.486095524487373,5.873389042882383,5.641473882777889,4.680156884606429,6.450836137095488,6.185669420934611,6.345607146188875,7.990397884673189,6.542265392174717,4.449783350526839,5.6977671794197065,3.3281241785942153,3.5458040252125853,4.239685752611145,5.56911763476065,6.152253231183198,5.187660417390984,5.157266581519511,3.970956396741664,5.667529380153187,3.6513420124415856,5.859457165996978,5.145200979387061,4.376940837308751,8.30046132964313,5.144592901900804,5.685591400408379,5.27605971378654,6.434029585783477,5.554093735548628,3.259527315547215,5.950356781362358,6.847435256607978,5.769795517251491,6.356113375160523,6.484208457475522,4.341359172488013,4.434769070600733,3.269605703551337,3.356889093008276,6.722986800954183,4.544426730486015,6.192822525883444,6.122902028628475,5.0163111454001825,6.480194303656921,6.762767196084274,5.545264751870923,5.400861984727969,4.957533301809222,6.831051293886015,5.758883733324868,5.57446668469544,4.424209398957833,6.655441900998688,6.219970589916143,7.300666232564057,9.787969808516197,7.494127288295192,5.185329536749334,5.847670703492911,4.288052432021513,6.746627837244137,3.9561763642933463,3.9991280661969633,4.118868411941415,6.767829866080885,4.663504364768322,5.181825175561772,3.6162234192917286,7.702139265906788,5.078996072142106,3.1690753696117486,5.600570223852217,7.3012115614095725,6.428422374545124,3.319687360115884,6.666820282884382,5.473168748119975,5.057425957984294,8.837384410398656,3.5346599953159883,5.646088848955376,6.251739822284515,5.506529403297728,5.159462375066251,6.3373652615130345,6.607332429487134,2.868371717400613,4.630826847962,4.734428199524061,5.310614876009388,4.193273591948953,4.694736978249107,4.841946241348755,12.144771161384616,4.312000974882942,6.111253863503754,6.495902390700163,6.907901575731479,5.62698411467965,7.649272364133069,6.5870669476535095,6.931351331513001,3.228535965029787,3.8459370652577354,5.475868231871357,4.336360248033324,4.417881025133932,5.324144528871212,4.72030228037217,7.457592398089471,9.219400760772348,5.92445605137857,5.665495672547881,5.372631528046846,6.937930733231797,5.257604636287701,3.890917382860082,5.460315275518752,7.7568675572423915,7.443834003369497,5.25732159297849,4.448582477762586,6.879831976471853,5.318579544844129,6.0358670503432075,5.474623664995948,6.711587590784219,7.366073696436694
BOL,5.33961360434407,3.986268278788382,5.905564070712685,4.050275821372622,3.160536085636793,5.132825798988092,4.828314328203879,3.523864388828229,5.656439864097624,5.243552901873261,5.453116797522587,4.391803261382666,3.6736540940929725,5.945901823350514,6.144157497762964,4.158998347349144,4.366670942548164,4.04312739164007,0.0,3.586846829368608,6.173560967702876,3.7440292040845304,4.0329276851212885,6.81855509644571,4.9743304721910535,5.467047651157253,3.8083577324118254,4.466268239070134,4.167976511898873,4.042633412793461,5.837552364906154,4.8224227894331895,2.8002461538820382,5.395924264140196,4.544360407649119,3.8078531838618717,5.780430710947713,5.096644905886021,5.078087124857347,5.9500421129121035,5.082543451525945,2.6548865514587408,3.3951018461538776,2.005569703840422,3.528677294797615,4.9603866767541716,4.934481787577068,6.51397525705972,4.856120495495924,5.506115876431502,4.876912128990622,4.54545832273036,5.038000359457922,3.410608304404529,3.665926154139742,5.483666160993641,4.526422455403293,5.427431165442027,4.515845130519424,5.000322760351616,2.7178799729801124,2.6357549129478484,4.251152950740097,5.146229721891712,4.215403385842112,3.2272477748386836,4.087282362302282,5.70036690794394,4.147745275945193,4.4325675081779545,5.560394931293202,4.772478101761809,4.773313292315875,5.653328940439602,3.675882459406478,3.92255732852983,3.4026287577958243,5.302116265022058,5.328955196581323,5.906228111204439,9.690577451042529,7.130200332342652,4.047084832268029,5.116982928606254,4.383692373955801,7.81243519111338,4.414983672652676,2.784810558068061,4.044604501819085,5.222080550925904,7.295991650242749,2.9137270954279346,4.224766523401951,6.050212881706048,6.514339900312417,4.733866644977783,4.072800439149511,5.917959867859081,4.936215781013668,4.3609555092127295,5.533877561231157,3.959472275642137,4.3710383488537925,7.216252749768251,2.6511669626794974,5.470153152954815,5.243472331180709,4.462342417045815,4.512830657494964,4.768101906196734,4.581425801181315,3.5478571138840214,2.2887589555192625,2.314518546570408,4.648073851835121,4.37328776580416,2.4853014971337606,4.161679052039177,11.685361164605217,3.577387045972976,4.0310046022794825,5.841044508323471,5.478460229462608,4.177496389521581,8.244712816171491,6.011398722287099,5.48193019610673,2.448618655535755,3.789544992365705,5.990063806453474,4.57990876734519,4.990235014220487,5.047415681937808,4.703353948781523,6.033055875614481,7.299172612204507,4.336856884063348,4.263280257144231,4.036028833101538,5.503812102524252,5.549546803882998,3.2377221500663027,3.9552256289318266,5.715737308548444,5.697626923591814,3.989134135754998,3.8540457613724937,5.5063948607695155,2.972977970003968,4.7117478463586435,4.030664944552791,4.8981845185845945,5.379053348575256
BRA,5.9653537577509255,4.339420869378295,5.777725996123566,2.457671322851982,3.444559643426522,4.0838445750969425,4.532054895803253,4.002408022929511,5.104139377802357,7.169547346517804,7.381864651469126,5.040815649101293,3.9871508832882943,6.3508221962499745,6.943807448816832,4.245832932460909,4.381559619049814,5.677578885239193,3.586846829368608,0.0,6.525961223362883,4.820586912220505,5.044795252349069,8.799652344444924,3.7983361348454725,5.2934667466975505,3.029751367095438,3.314247382489693,5.983944318857069,5.754699809079694,7.266057439235821,5.730740345534442,1.6779065077349646,7.1317110854655645,4.857058550332795,3.2392651494492037,5.765772167129698,5.171657336365357,4.335263605986701,6.489850496301261,4.693957669454457,3.424482017743548,2.6573092755187773,3.1392106745740356,3.954076841866069,3.322726908690268,5.28172319097731,7.4285983814580625,4.333413737794407,7.165415396257567,3.771261489443662,5.2057531646208375,4.296769029063814,3.9366427617271587,5.095118568031472,7.0576908861910095,5.976606865160252,7.187974311712457,5.772181251230823,4.210046152439548,4.297001664969375,4.1969746176781975,4.668567230985423,5.5780666182447165,4.4282173336968444,3.8096236320359296,4.172509474977419,6.2677073231844025,2.904308323611479,4.050969029960315,5.458630490411393,4.599232741095859,3.7435159696762845,4.823633572605973,4.211161948220203,5.402823748257748,4.585224224836781,7.0383330251678995,4.466820233763937,5.46002240478957,8.581451270805658,7.476538719113355,4.699838121978817,6.681027533113087,4.649499016916297,7.565041253634065,4.789285703089461,2.943505210364682,5.7574054190178625,6.78738733265207,8.298315971579909,3.0431768074941354,4.373969114596062,7.712878873141539,6.6540071704767145,5.0612805714025715,4.780117686156303,7.450360993735581,6.217538444828273,4.908827822245372,6.835268491201478,4.020122740493451,5.687653331957284,8.887560826221346,4.513088042855037,4.945005014021997,4.6382355457987465,4.496826807426141,4.002059706219295,5.24574787888245,5.1543671026669555,4.460018612205514,3.124378844601437,3.5135999965322022,4.580632125797618,3.8963770189127267,3.6847388753242862,3.941694178354768,11.542407516872172,3.658857259577259,3.154777684821991,7.0481604671530205,4.752812104519548,5.840454584168523,7.757577372991018,8.108703312899449,7.12913356527771,3.7483930131314356,3.9023834899797514,6.6417469805721,4.984506500777988,5.465895721585805,4.251969694001307,6.348339849759401,5.673097795689486,9.095425316394719,6.375185649943653,4.5762687135854465,5.74015151465255,7.02204193146887,7.085344054270937,2.827146746121992,2.5547838313446043,7.327219420141125,7.288703916184414,2.779300326273805,2.98520996727671,4.166523990901068,4.065534485288905,5.618059065984377,3.6450992345643622,6.419974654746517,6.46474985573518
BRN,7.97156433403137,6.221714808953421,3.448971404220957,6.23422574862728,5.344508299737246,5.370700570992497,4.649671472785183,4.252393837801298,5.47546368047269,9.482575092424174,9.34607836242529,8.468861164964103,5.107207575708824,3.188095459082453,8.193481838185605,5.277130335990798,4.183721727778671,7.072572276328311,6.173560967702876,6.525961223362883,0.0,5.114459698084716,6.240852294012294,10.866411210726262,5.183110591460017,5.643514251810583,5.311104625752968,6.799891372989191,8.654987196508527,8.457698335098106,9.261520883180411,6.942585046560301,6.470011120695008,9.232465580329738,7.029617093490504,6.108396685708768,6.357331530953584,4.9436026174256655,5.470629370264608,8.011334938172888,5.220043955179694,6.042504839071913,5.5138533443311735,6.0162239253142795,7.111389380393773,6.155475184785297,4.691290778903423,10.306208016269778,4.685673260969632,7.946300284958599,6.489985469325285,5.466848681590746,6.682933058667216,5.808639980120166,7.401774791700906,8.494492027059179,8.626370813565819,9.362996335004837,5.341344761618556,6.570142216285005,7.09411026072076,6.693368836614989,5.804942011834994,8.714040601658475,4.765795565247232,6.748550652287253,8.18059826189397,5.344469515602222,5.4077186057554085,5.1895094133176825,4.9056828486275155,6.066625740357506,6.29084230797566,6.805436168140142,4.82810397977613,8.897210321760351,5.93320331933768,7.326769442111051,5.046707291122775,3.3830566248160596,10.971319621604952,7.242515099691022,7.016441176064666,7.457290171768237,4.65022902244828,6.608096286348725,5.235784362426965,6.076229360922532,6.838531653280343,9.238137014260573,9.555296882890264,5.673582818933594,5.189230417384159,9.47098320103274,7.024123456078472,6.20837198849096,3.8686364272030023,9.2410543294439,7.406451823382375,5.561869444257115,9.430279680693902,4.33911030275773,7.243407507148222,10.710090986156075,6.4089580635829275,5.532734103458239,3.849013874074935,8.525933139216741,5.520538225959405,3.0845970723552507,9.02445798604315,6.4625150299707315,5.996396749887246,6.776818362582835,5.217957914728016,5.462113385479194,5.360476419501518,6.809080216904578,10.408679695475401,5.243063083816961,5.280482397265251,9.525884618432418,4.947288330556795,7.933326384385677,7.486525032254136,8.922578065465427,9.518813052519912,6.158588250930673,4.976761658144403,9.032868897287047,4.6253151338339835,4.5652751985407765,5.3367150644325685,7.449620702604602,8.292198142943331,10.526253425097927,8.536540999754802,5.447064467409692,7.246343982687548,6.3992370743053275,7.116583556574186,5.64888128267436,5.664201362901844,9.531213149702776,9.534352387816824,5.511007294848394,5.757634710310292,7.335107595531514,5.913030686837525,6.127922027821307,6.61218229391987,7.899183429967772,8.639065425926638
BTN,6.2427769069959655,3.8365722024580555,5.771352985996236,5.154766448780959,3.4054610878616,5.68698723508932,4.823262844618298,3.5320008101752207,5.856251121373981,6.365240487971444,6.15794654785606,5.602331983097897,4.2589431373954,5.861706076055451,7.101793884816528,3.962398546537799,4.408114933972927,4.089790252993728,3.7440292040845304,4.820586912220505,5.114459698084716,0.0,5.04472665108782,8.093627696843823,5.559727266296599,5.84512045171649,4.616675279632638,5.44405935988735,5.696670763908369,5.612707762526934,7.058056038353241,5.599916119187832,4.250920367531681,5.72891186009499,4.086928435821352,4.039671912209867,5.5664135934936425,5.425011189719366,5.867640717008924,5.964391915822079,5.330292299545896,4.303719851462935,3.9416279060116457,3.388579423448281,4.9785842678348535,5.340360063548709,4.839261603842324,7.163053354565963,4.756919439501634,5.764835049902087,5.673267546667716,5.286656573102505,6.102385347076178,4.010508354206008,4.81837891335314,5.685902920186265,5.438073437550651,5.8313756975629945,4.987616379221211,5.500897346516482,3.9364887002030673,3.633273610028164,4.495491284439893,5.8867324147656355,4.413932662649991,4.8004509548031,5.378060873641334,5.83754413963517,4.817216836656318,4.8461552832868104,5.215123331611606,5.793866763903811,5.461740178864276,6.705138510507762,4.6879207211486325,5.521102825182175,3.2354167925550184,5.39491853639286,5.632372134612715,5.698711463775333,10.054888835308741,7.542537292287025,4.325767841159744,5.259185728682297,4.337982604080583,7.441706493695644,4.483992169207275,3.190620370746609,4.3021603657470475,5.929853592371378,7.188889838739986,4.558574094781385,3.8376244602427563,6.542673065560147,6.454759595965983,4.916323224970709,3.6586131488229667,6.400796472327365,5.248800380579186,3.5801082091266307,5.900506894530547,4.18881959946108,4.778603188764856,7.6388971212377665,3.62497413403875,5.774535662157762,5.097657122920574,5.375518069743993,4.77126262885086,4.849961053472866,5.831886569303719,4.725962457880249,4.296331343528453,3.971674708211215,5.144892015012806,4.238550667013255,3.0726929058698653,4.7657380586760585,11.808054842404154,4.036342680935728,5.2229008830148125,6.139890672751669,6.100794332135315,4.798528359342325,8.46967244063012,5.678947330815345,6.354266414963005,3.445139023958579,4.0249998540170315,6.130821382310151,4.493796227717665,4.636633997992145,5.3198410920614645,4.938569736897839,6.380685586219033,7.9366358985091905,5.330048549250037,3.9275309569919457,4.594398157655898,4.485564458172274,4.615244104547018,3.251740034295121,4.928212924927546,6.859635370857445,6.636791863830203,4.261520376235149,4.217110863906852,7.002674981004603,3.955069255758055,4.505000362263101,5.573689198767754,6.0042089247383625,6.299647081770448
BWA,5.512125177013129,5.570209979498008,6.531377880077038,5.51753873618311,4.39188733845882,6.2520318072224415,5.3635182766794784,5.107705504465908,5.741401491216762,7.133139941463727,6.3557347310719,6.992681608029936,4.6630482504534605,6.6324222993542525,6.429908096312852,4.599574406535715,5.777270102704194,4.520436511741966,4.0329276851212885,5.044795252349069,6.240852294012294,5.04472665108782,0.0,7.982430471572423,5.577032052432539,6.268699653673428,5.096207167611474,6.599134148798246,6.151843030136404,5.889242920887483,6.387499373256535,4.352941505570577,4.496653407020216,7.0828243952844865,4.413270188883579,4.578089772648765,5.777209598076448,6.039052740667902,6.107582235138224,4.5178823011825555,5.539239925302823,4.3683837701883315,4.61818273243798,4.819964342293472,6.2043625398925455,5.559430400644542,5.2425632131223985,8.179047645047548,5.440317181676838,6.673407518449321,5.60380040824987,4.5832740755706896,6.064320869604538,4.31453760956313,6.0263762170683055,6.06238185054914,5.978442951941607,6.693990464122127,3.630978644323182,5.3889077994664705,5.4812488916621716,3.753810154452337,4.873213297006992,6.260526317764505,5.187750471701306,6.267700629547366,6.472985954371099,6.185265587273163,5.6602079975933615,4.865318626574245,5.815352371721996,5.598329417301301,5.698499325396386,7.1924915037089825,5.382839115862181,5.7392816211735465,4.86695134669963,7.628293575771409,6.646633425798379,6.310517605692962,10.358006584512237,5.715545179546389,6.211947324409861,3.8309424861061654,4.964025041663679,7.453754341648012,4.983840429223946,4.589140419772042,6.1375549070163835,6.339371366190974,7.470302599769971,5.300442341347111,4.74099012942801,7.4035556871470245,6.615704016630125,4.664605341423655,5.187448229988759,6.625450279019574,5.304911572255313,4.725454727807116,6.274902430982414,5.732940893128931,3.547261651062875,8.746951047067423,4.186385183655257,5.906287254610267,5.950646717683067,6.176676435280899,5.857034877142727,5.812200767710267,6.532769671641712,3.931037838692264,4.507281598875858,4.971610381166619,5.901145710992963,5.335441636315084,4.77101985435402,4.08745830076519,12.501962513031723,4.99648668409859,5.708235143380968,6.06827759859892,6.306722681028573,5.71271211422007,8.510960198905906,7.455196541888905,7.104889427763698,4.051906376058487,4.621867906370722,6.376770032213614,4.911901071099685,5.456517357849847,5.3557216525683815,3.844525157092373,7.117231901707102,8.826673091441359,6.0192649171805135,6.410245993145531,5.791042065477748,6.143526062709053,6.732875044065129,3.9033061353845424,5.09350882539114,7.879056736427627,7.3207236459118175,5.255950325170078,5.053778072644121,6.8955802439397775,5.331750260418014,6.829707139909178,3.331123340862005,5.275041520678596,6.177102966436136
CAF,5.395090411543355,9.058503872912508,11.435167011477104,9.661697215206658,8.440928618538797,11.181275302268245,10.874384024610382,8.666383895956349,11.504112741829733,3.7601536733903607,4.3328350729264775,6.8116062619006135,9.523917875350293,11.188509090234595,11.243129582464777,9.593233573069943,9.987321261299163,8.486095524487373,6.81855509644571,8.799652344444924,10.866411210726262,8.093627696843823,7.982430471572423,0.0,11.142461462841428,11.230634869988918,10.104764617032044,9.926317436374319,4.183997816133778,4.045622905560524,4.777004265205856,5.678604436373918,8.510971553494782,4.861109365101273,8.628453998136978,9.390754322547082,11.202144312081238,10.96914401211928,11.237836283539597,7.59067977463372,11.180988390662876,8.141232496831062,7.910795743953823,8.026545400347509,7.221431361495135,10.950324275504881,10.816410452656614,4.872160564008454,10.896181998000715,8.02741652171077,10.846886176348198,7.225572045728084,11.19760493373825,8.892742142923293,5.3414377189951745,4.271468707448698,4.22764472852295,4.170861823553304,6.833142077696756,10.759860900162243,6.584733407846623,6.797236152395126,10.265908693861613,4.718332151904319,10.191049873074636,7.163462978349591,7.1715163571819405,11.361458667026987,9.087347956508538,8.040870628789996,11.2972969084443,10.760048306592312,10.867675327348929,11.68307248950264,8.702668132668508,4.745477136039212,7.521627944849222,6.852398614700711,11.514445759352014,11.294471609657808,11.632442196856456,11.24934567682191,8.016602894128516,6.064252002451845,10.218797473128992,12.840317534962555,10.269110513768052,7.864488679864878,9.055111093471854,4.132736314714833,11.64920663380382,8.464003306218908,9.333782060110693,3.701347444309815,11.917483081183132,10.191442628762616,8.199520725318969,4.1762134564164475,4.984601227617356,9.026106383560458,4.6984491329917555,9.39314356603901,6.046971717417972,4.283499587681109,6.853058749805835,11.396274335720287,11.316531885058513,5.885196612708517,10.529007510249052,10.339602282610338,5.272739495857149,8.997747080418563,8.09150008293604,7.1030796235852005,10.65816348722345,10.161337523931675,7.122187929654037,8.355883530024474,16.088202738750972,9.44338657234096,9.987067400200143,5.63107875878258,11.25050836146572,5.194871300722906,13.614188456603975,6.344668448979666,3.336116738235769,7.952395114714319,9.617743955384123,7.203986601072849,10.278422299241312,10.881062565632808,11.15407014780989,6.3795393064438315,6.866106906122252,3.6009730602218744,3.892097691509016,9.48983046943448,6.396456785806362,7.63096206102476,8.625424381805063,8.197113379484112,9.514537654112525,4.8046980517038325,4.540477761212407,9.315655279243966,9.515487888772297,11.130708583592709,7.608234967824106,8.289348609581175,7.9641217270160425,5.296988363287389,5.437401743655557
CAN,8.179454911497768,5.0065964371937834,3.529599004221688,3.6715854960956604,4.111965400188744,1.6302405064308427,2.108037439469263,4.558308487254572,2.622336771790104,9.194316403356531,9.31658849661246,7.086552478569849,3.1054763569271286,4.336272879265854,5.771816794683488,3.8698590915270983,3.5649696275618292,5.873389042882383,4.9743304721910535,3.7983361348454725,5.183110591460017,5.559727266296599,5.577032052432539,11.142461462841428,0.0,3.1017657085695625,2.5968127619122416,4.092128085480163,8.03637683793567,7.884817941046362,9.287004840023066,7.470101025357391,3.8325844599507213,8.730374961792974,5.560497802042869,3.607982777880456,3.882891503114307,3.207454489412944,1.7385369319624182,7.59124863484291,2.3267291004708976,4.347787291211051,4.592897453787819,4.067655961170848,5.598445837436715,2.217310637916863,3.0759275284132803,9.915945985077842,2.0605701008136537,7.588700696772041,2.312736407417171,6.4323229659707275,2.3595870512896604,3.9514845567101804,7.092292124540351,9.161498088267273,8.137123614430513,9.20971296439193,6.617658758912529,3.2053588214283186,5.789093102716965,5.564946824551946,3.522797646461248,8.131962120720148,3.061567994899457,5.708275571656873,6.514037920886535,4.4141940279168885,4.040489215624931,5.5476425639984255,3.268109003486537,2.600087563244434,2.5195469485257354,3.087127030074758,3.818452329714297,7.550995855674422,5.278698641017923,8.055380778617002,2.1622060436121795,4.206495554832827,8.984151838621804,7.6505628265244,5.5493054998372,7.958351685490157,3.020867012074068,5.195593504103122,3.4572124664638353,4.714242274483853,5.697937300861415,8.881477074719989,7.7267491814167375,3.7903921633806124,4.189163058155542,9.871334009859128,4.87406985160804,4.1925017023252265,5.03096719682883,9.46044333130248,8.012715435827465,4.435645125748508,8.897207609385811,3.5538261839653247,7.024357934032766,10.936676962644928,5.691005699864046,2.5979454042702153,2.452325915174313,7.163316311502372,2.2783397119700344,3.754132596085107,7.756515676262231,4.195538804052066,4.39660079341784,5.020064114958364,2.9882878612201176,2.7313023569677233,5.104160340199228,5.225028910188998,10.51686077706808,3.161116707609748,2.6752883549774653,8.913088765058996,3.751947750538864,7.648401260630577,6.0154496197870255,9.105637167617912,9.388456244927694,4.685394497518137,3.2650539522978934,7.807117733519014,3.2763773583308065,3.33612519655642,2.1797670210154725,7.516721117009999,7.945751956452391,11.18611173439874,8.259619885096216,4.343763261663771,7.164391518177228,8.15017594232885,7.220891962207389,4.180617450953531,3.531309806315501,9.29618353282591,9.20329632786197,3.6174418139553906,3.388563962701314,2.8975124945544204,5.1502056431728285,6.12360187786201,4.7136585240354165,7.976708396431252,8.573752649700577
CHE,8.55244000596661,5.313210310088753,3.4067374269320094,5.3320143786401015,4.536898505941414,3.650820027526296,2.404464529937494,5.223721233421763,2.625324363748769,9.05826098412797,9.396383581919162,7.19139110469346,3.75374977031747,3.976750673251896,5.445132643035003,4.740509486725557,4.192346806633329,5.641473882777889,5.467047651157253,5.2934667466975505,5.643514251810583,5.84512045171649,6.268699653673428,11.230634869988918,3.1017657085695625,0.0,3.389072558251243,5.410530764216859,7.986120557408911,8.006594206887563,9.536162137559426,7.812570219308321,4.859551130548469,8.531689554826311,5.646926038954895,3.6722080160549053,3.234619766138863,3.792793632477132,2.9148577804403137,7.1763483437197175,2.4846098420661615,4.619555275362083,5.7103875161170325,4.411513075240223,6.012040538836253,3.439654695890312,2.9102492197849545,10.234494584926448,2.9852960885310607,7.304305118438434,3.403317422227311,6.557374886148204,3.112440429292414,4.264597649013435,7.014154946416304,9.309046146505219,8.100769399848174,9.3817070741179,7.148291964418047,4.051291940684189,5.705225244672507,5.5332663515460965,4.036760369577625,8.388400317882866,3.443214147836698,6.193448072486891,7.217222343727289,3.0847913523533648,5.629104565786725,6.502769562535584,3.756979491988705,3.111529802866894,3.63237007843903,4.065990691397715,4.389113348585337,7.90596433899201,5.558533617470666,7.385797438928922,3.205724465951669,5.397601664358417,8.664600162332908,8.540953512453784,5.595695008073041,8.28924216424458,2.829546518938894,4.037940471609425,3.6951391759993233,5.281354410378025,5.821727545055738,9.10811753099415,7.30948947838914,3.984239464205959,4.288015662661585,9.881765017329766,3.7129826031523194,4.506020836688492,5.387476571398304,9.545306137309238,8.012693259697842,4.300327426977818,9.29810466866805,3.6648613099032707,7.2067107575119,11.078295624941628,5.64722408196773,2.7604299256464415,3.5183739550627173,7.37560428430359,3.430391576960542,4.6872298467996725,8.331025984533767,3.836906645725468,4.877104921768029,5.352945734295812,3.9388690958235344,2.9008773673808896,5.060669235718746,5.657072764000035,11.297355193640058,4.037750131911097,4.617094382443142,8.85148442183342,5.691323939420742,7.492912550414989,5.638928167923662,8.84055710776272,9.365615058829178,4.79880244457696,4.1345346662556315,7.6693659197737505,3.3885933424123533,3.0791064729335544,2.6918044229959297,7.5925664405687385,8.354727541350494,11.166212384794527,8.26084877830037,4.300817199396544,7.326480952581831,8.59758051511693,7.623712970781154,4.881731592867177,4.589199609007939,9.257009038335081,9.0852739660263,5.070992440550982,4.105023410962413,4.529919148820597,5.911899611644248,5.595287475779715,5.919456432168799,7.911948174675831,9.096326530730401
CHL,7.37498518785262,3.324200967217489,3.9603284134660326,2.696347144092058,2.7454833271752075,3.2785903114863557,2.8958058713245025,3.2987652707787865,3.648710175971538,8.182307178323509,8.42475653463252,5.813974672959457,2.79391241218783,4.667837606326954,5.539347537265412,3.1142992377797833,3.0955307040359936,4.680156884606429,3.8083577324118254,3.029751367095438,5.311104625752968,4.616675279632638,5.096207167611474,10.104764617032044,2.5968127619122416,3.389072558251243,0.0,3.6039707635076184,7.079096038520987,7.034570904354779,8.446774123328154,6.610978182359965,2.4368355050114583,7.91862241129445,4.865077929397174,2.486629961343099,4.21242620049121,3.6647762338408203,3.2001454394155235,6.903909442340796,3.140869012191527,2.7760672407757947,3.8434661956322116,2.826621887195289,4.775230282237591,2.467872819204606,3.279168605384378,8.888837072554201,2.957562412935673,7.253723752838106,3.2562065398436344,5.429200517864366,3.338153471738791,2.8342350163492154,5.895187607560785,8.113774528618615,7.037440177176218,8.301874443042086,6.2982023539379455,3.161423916948876,4.78216516288448,4.278410586438451,3.0623389161930503,7.062982117985807,2.899129441307017,4.597954444801469,5.415259257753875,3.835965945486947,3.4260247364480976,4.947452301723955,4.051790690863513,3.567060936893092,2.587435486390248,4.010910719604216,3.811197872630827,6.686511547792075,4.640299845201026,6.9072218099649,2.7093584961851978,4.521474758970085,9.057709707260376,6.582546193731933,4.781725158309698,7.370586486314209,2.833016950935185,5.980583665776576,3.230996325617308,3.4825358851596206,4.7766909739261685,8.071505036739717,6.946803954257359,2.8778632549291636,3.2804800876787534,8.920426493764287,4.879474993530875,3.6089663432490737,4.432683974913125,8.646720700177312,7.1365667426794985,4.176929433663598,8.189426060824426,2.989745513850941,6.510723282800474,10.206663186805622,4.287061031833355,3.6242833023256424,3.0295970290626544,5.882374881100809,3.017077951454111,4.0439314897693555,6.87783973923073,3.1482372977005557,2.6752160182258433,4.22696592928657,3.095605702616436,2.773747502136161,3.791377215261254,4.578154782296286,10.420094912469917,2.8382166939621283,2.7860041679429646,8.048126963697847,3.806584819677149,6.713353805351934,5.8384894927814,8.585392629827622,8.216524979213416,3.3707010665580555,2.535366418275766,7.408028279317221,3.448784301376926,3.4391860347303003,2.938489174500409,6.743157991268216,6.821892101706639,10.281293834829647,7.336236751289128,4.063301560594489,5.906117000622355,7.241232961917431,6.973636155732441,3.28033716357392,2.1207582568556873,8.307889512086096,8.326664254317935,2.878080751581449,2.4472093266772568,4.106845049863277,4.2838178668859515,5.293997910298443,4.635652146452841,7.1276784445316945,7.469526621715984
CHN,7.4147698115191005,5.13229241322129,5.498504149545995,3.999898011536476,4.8783535308595996,4.244740281326302,4.724927880502482,4.420449442812707,5.653927365907835,7.770177261256342,7.768554616409707,4.828846753324578,4.747238702897056,6.329563564973731,7.594099169849279,4.9361298794948665,4.75005437156303,6.450836137095488,4.466268239070134,3.314247382489693,6.799891372989191,5.44405935988735,6.599134148798246,9.926317436374319,4.092128085480163,5.410530764216859,3.6039707635076184,0.0,6.674987778025507,6.683211859135831,8.036794094642195,7.277862509895059,3.39846983918502,8.113990191066899,6.487399613142877,4.6936103001434715,6.522879756716197,5.160105133892101,4.228055136792689,8.374648687725939,5.392033999372691,4.365140602819532,4.042108870813775,3.483344514583719,4.2801248103441205,4.087027375283806,5.760022285473266,7.8180991965377125,4.8447229600395465,7.893794718900176,4.365098976642179,6.849839874648188,4.524902461657124,5.096062395530579,5.838255497883486,7.927093502612528,7.383105455969462,8.24290961589551,7.105054059875221,5.149463638478511,4.633606758113815,5.07076821664646,5.067477820118125,7.148518424117093,4.831628206123115,3.5189037150117772,3.841393032113413,5.8348011235826895,3.6253611136349466,5.215464045887251,6.395048802601523,5.221824326169464,3.693744549166076,4.171936435971429,4.458635292820506,6.198048355288924,5.483199864735029,6.639580283869931,3.7851494321324917,5.728268125423024,10.319774731860397,7.909157265459867,4.589595794312535,7.923954988756975,5.251765831225317,8.257414751111893,5.634419018412391,3.950543253286341,5.715320505399362,7.452490117625271,8.333653239820801,3.2332541288835577,5.505282720076328,8.286033406365341,7.396822783770315,6.271242608741089,5.46654204028799,8.233506803518555,7.3879372219837585,5.808600862213049,7.6304458721006805,3.9741749496889422,7.173603141666584,9.278604791813077,5.264802653220632,5.399486891946716,4.936203297960384,6.020599366166952,4.665761324731602,5.2323914672657,5.791365616433294,5.078938780863149,3.7174808214283384,3.788104743628648,4.216474498765558,4.300006379430821,4.772319628266351,6.27267140140038,11.230928605292023,4.104994036832637,3.1205074085742606,7.7585386401407135,4.795118495420997,6.389594463087299,7.939689159546186,8.396242353066489,7.9460142998871035,4.557381467394048,4.559338917660038,8.594877613867604,5.307063168710014,5.5075528836379775,5.080486607876873,7.551343553979542,7.182246808838763,9.538955855538086,7.164458488769445,3.651659899085161,6.147420927691294,7.522909536252926,7.9327481479629505,4.504806300859595,3.545683518369033,7.428790903741667,7.554396350432424,4.004540908258728,4.899247827631392,4.174520377949563,4.423032208490492,4.887841346130638,5.35552531165331,7.157345190122799,7.425453318584943
CIV,4.133615199095288,6.764643940698859,8.46030216568044,6.8320597004795705,6.136791170893975,8.087294051127206,7.858505275727568,6.204972633937572,8.482156477128576,1.713922730981519,3.2628719888583317,4.077201943222652,6.79498912294007,8.287278055988866,8.88968600765735,7.317915693772138,7.4236509991166315,6.185669420934611,4.167976511898873,5.983944318857069,8.654987196508527,5.696670763908369,6.151843030136404,4.183997816133778,8.03637683793567,7.986120557408911,7.079096038520987,6.674987778025507,0.0,1.3182132256378538,3.794613664841664,4.6719087780566655,5.594051057906,3.660565911026388,6.39473645372008,6.549673135165607,8.296836392266385,8.178611860961631,8.056192405738045,6.262384680616231,8.109730841640445,5.104784272832144,5.237440132581127,4.870529120747,4.460849040492986,7.925748617371838,8.071268222893623,3.5319666079119396,8.009804267183977,6.723026121810085,7.665194274734558,5.651801966912408,7.941937077156774,6.405085268777333,2.4257604426393935,3.481805284087353,2.343937914781059,3.2449542315412185,5.254457252492053,8.060105991382896,3.032305747886135,3.987965796162902,7.536383397684224,3.6782175763930978,7.364911212150389,4.311457520311174,4.430406944025204,8.300976236649756,6.449883842580909,5.865427862035543,8.47682408132086,7.511028706163743,7.780512570494795,8.448968317933144,5.869581010937678,2.337792578606255,5.003186527007251,4.425451867569922,8.360178538561492,8.612037995610965,9.80932967863394,9.314196242590652,5.130157073049824,5.648264609577545,7.51544713719785,9.994120281688044,7.750918595603147,5.091709734040701,6.4178419626159835,2.574465680813075,8.876854190268446,5.289933289972698,7.1076522525638905,3.022466362614206,8.960866898628346,7.84917466738527,5.962625427559134,3.61815724500463,3.6158934335930257,6.564378114570752,3.435742492684669,6.480630330131658,4.647507446273526,3.89682173352478,4.2963177263134,8.27542316718549,8.29338036512298,3.7023501378288337,7.420825410396649,7.646931350320639,2.661613625779672,5.9549149378108694,4.990175582771043,3.9708100962084623,7.790662969483007,7.0467916548381035,4.511989368170257,6.139796376682491,14.17875013231024,6.657087198249901,7.12282367752907,4.305018691026996,8.688416244180257,2.2628365327289788,10.936595888121168,4.925762278151491,2.139306408155877,5.006001416762396,7.117118859709617,5.618667033568422,7.646995525561166,8.015620803876738,8.13103120283497,5.641539431847249,5.275777305783193,3.9672447737428223,1.606405015550817,6.2914082728621,4.55291821431607,6.167164898539907,7.096906509198248,5.721512841301714,6.5253939389895725,2.895069833630176,2.7667404590326887,6.858867917233925,6.775758981456238,7.947830147946503,4.927013238660884,5.520207997175738,6.014234814174025,3.406616198284816,4.374403925737856
CMR,3.621233426795394,6.733477959629258,8.45903326897869,6.770184026360931,5.950369348083658,7.8568883837949866,7.744934443910242,6.06688747211456,8.464362243769227,2.2564561189366223,3.1540865019006876,4.235377556093985,6.8704003928140125,8.302785398180145,8.939404803154515,7.240293946322362,7.369856475242852,6.345607146188875,4.042633412793461,5.754699809079694,8.457698335098106,5.612707762526934,5.889242920887483,4.045622905560524,7.884817941046362,8.006594206887563,7.034570904354779,6.683211859135831,1.3182132256378538,0.0,3.559241804904595,4.106903467427518,5.480689250639523,3.5947231576140393,6.281400647997711,6.473766167305329,8.403819316147073,8.185844963785692,7.9283857772051585,6.272274811410438,8.036972883264564,5.232085102803169,4.878859655927678,4.896113535916595,4.26785213176914,7.780811194228207,8.066877502189243,3.6473243369118413,7.776096058033019,6.225297372512742,7.5474832757930725,5.1924958111874915,7.872544149873108,6.43146755128585,2.6067020662770877,3.493868124160734,2.3318543122618594,3.142282783464422,4.763362764500507,8.005097611444496,3.4593237221012756,4.120487267980244,7.570770849000202,3.331076482750379,7.397942669978877,4.2314896009838785,4.6302906165190505,8.489441200074852,6.244649275881928,5.5004546737445335,8.261647115984394,7.3927619015930714,7.731254475021326,8.29399125109305,5.765871330394253,2.281505518820347,4.834967181798907,4.79448138692192,8.27577733253703,8.543781405874473,10.01381711367581,9.379255849422455,5.0831597756424305,5.190251135079263,7.490637870975074,10.148267149619617,7.688203898503702,4.970801182236391,6.7419439961844345,2.440486551873206,9.433636604999235,5.386170897330426,7.037913735856222,2.9567608515377692,9.172006762051643,7.833218537835553,5.7501743534029455,3.3797789398880402,3.1339101308725503,6.562688901582786,3.1275004022480277,6.428891870246491,4.108189739596529,3.901323332337751,4.237915993832827,8.266532800137943,8.128839185106463,3.725035804045783,7.279209233549525,7.53494591071558,2.78585359586984,6.06816824652067,5.025236213065272,3.9242141993036728,7.828575004481591,7.011345669961932,4.343195018355514,5.745708641713659,14.33358151624859,6.6316739675758365,7.053930033621153,4.160985290280266,8.582222423744376,2.385594839978558,11.217088533939677,4.65850668754648,2.4665889404537062,5.186612395716746,7.077955102893719,5.584426656426761,7.583787784556384,8.00325120496775,7.939094578006641,5.173553068162685,5.200536312023041,3.97991954932666,1.7701248596144616,6.316347126087185,4.3709561862945145,6.0624041517974225,6.833596103674815,5.537063762114834,6.587327578742648,2.774547259521813,2.5235746125887113,6.7431426956410885,6.6918684204080625,7.9006955576696365,4.681985175669098,5.656935835415052,5.600758681868148,3.428878720686547,4.251013274261169
COD,3.111671388917903,8.349272182255184,9.383986173878387,7.97517535653314,7.442290273168643,9.641878852693385,9.235932381844417,6.908449956550184,9.824157297995274,4.368438662252145,4.003446125136261,5.917434016106323,8.263456801240805,9.386306071898932,11.079522136105474,8.501125552236084,8.45896380772743,7.990397884673189,5.837552364906154,7.266057439235821,9.261520883180411,7.058056038353241,6.387499373256535,4.777004265205856,9.287004840023066,9.536162137559426,8.446774123328154,8.036794094642195,3.794613664841664,3.559241804904595,0.0,3.789846577647161,7.0685401971394475,6.158669889157069,8.118166589839676,8.291838240315988,9.927366850290376,9.468271090120147,9.38759530585948,7.185974257221715,9.570754011855543,6.823370965251395,5.958402091870889,6.823220869806903,6.206277886078549,9.409521057822769,9.374583731473118,4.053091465193597,9.35561258242182,8.632441015167503,9.265714946237809,5.685296782864749,9.66501243100624,7.681758150836592,4.153163428070009,3.0232033617381875,4.503633522764759,4.923098299167562,5.020889867542309,9.67264053079871,5.7731339073604415,5.244115395385494,9.009868770007984,4.8749348573506515,8.62382256915798,5.769312915455439,5.70483363555193,9.598615146619014,7.083038717340558,5.669227617133712,9.8584287623195,9.073607692564346,9.362165327745018,10.18987436118204,7.031601422501617,4.302623978783725,5.6923190972383155,5.83544909902335,9.773322065761425,9.431611129440753,11.479475871778389,8.646205650219073,6.541675139443006,5.27234415254644,8.783996634914269,11.462769717902953,9.130588952534119,6.520087511685846,8.120961706016907,2.9541785499238884,10.558621406999649,6.908315897536856,8.422839936715631,3.5454135256038852,10.718612437205367,9.212155094730756,6.625380595646339,3.0185834822254862,3.6135541423915516,8.161373869984844,3.6136013098074478,7.738010069561117,5.352851671596013,4.474130519714472,5.400693692886999,9.693828309400061,9.289503900591324,5.81976427908001,9.20479170293487,8.530462747314912,4.382984456359055,7.612928176171619,6.230035053526855,5.724429079252537,9.065589982714883,8.743393348716708,5.846313004691417,6.84018485913871,15.275329901058905,8.087494633566552,8.280166120249504,4.535137313153892,9.582523935931906,4.219741383790924,12.298521247382938,6.353093687509655,3.97922446847172,6.673661535593671,8.353416114828256,7.710664150779693,8.800933807741748,9.226149969094049,9.415047581872491,6.235779341631212,5.631969183471501,4.057844148674415,3.616088610458024,7.800766189618716,4.737613485878165,5.496299167388725,8.410876108022403,6.95433910350376,7.561976137332414,4.091670411755952,3.478289001173439,7.871806782086576,8.494861733819661,9.771316764280488,5.639518367649874,6.566167934694849,6.704978589784786,2.4162806225483204,3.6035183548854763
COG,2.1409772945264653,6.4635861764917735,7.5791386228150195,6.426933838014608,5.177829687786798,7.859536689779324,7.338284661526266,5.219893758861032,8.004535194520471,5.4961529705974845,5.146827962812946,5.846677832277451,6.549542809482467,7.659262462933322,9.396801191627134,6.408009616319446,6.623072407431909,6.542265392174717,4.8224227894331895,5.730740345534442,6.942585046560301,5.599916119187832,4.352941505570577,5.678604436373918,7.470101025357391,7.812570219308321,6.610978182359965,7.277862509895059,4.6719087780566655,4.106903467427518,3.789846577647161,0.0,5.525782845337903,5.899069199693736,6.306430686533352,6.296654649218506,8.136160130839716,7.82640502294279,7.894329334841796,5.4024551784502925,7.751145715530096,5.4196639662057065,4.190439623810536,5.711504739607351,5.3456073438611815,7.4782062466232135,7.3919281112340505,5.672449573281034,7.29370850084075,7.344982390986411,7.7256284400583715,2.682339621544804,8.294410554074872,5.829036227672303,4.168712432048673,3.83861775082698,4.2268975740641626,5.4110097839404965,3.0448605975101954,7.709415364202305,5.4534161018233265,4.238355860814982,7.342448562779311,3.851016437405172,6.985141758646981,5.264445234668215,5.834118881530937,7.912856124932023,5.454785538329433,3.763311892179709,7.705183301839931,7.563688175421772,7.6874904379425475,8.852514742949857,5.533677848326502,4.72488256952494,4.727143601897884,6.03442929332732,8.109422935399529,7.580644953267916,10.064760542126173,7.34760576641978,5.721901136460542,4.063631059841641,6.777143051170735,9.50306088543924,7.152519914436173,5.219215988068046,7.557014884314513,4.545972175356152,9.927442339953434,5.8044773395815215,6.101015239243677,4.9490862050912945,9.073161286483446,7.1066477394778405,4.572579716635492,4.362466565105565,2.380149082283124,6.3214345613282275,4.706800801130107,6.087565849650264,3.6744709658331187,6.556077815162745,4.249253412315721,8.030263549594512,7.330337817061451,4.889976835252771,7.484827024074068,6.9111921134586005,5.0229054119390515,6.053041021098538,5.124623049167708,5.30787477134923,7.621884047903811,7.006135037124064,4.209891007064411,4.935379790981328,13.86874624413797,6.490995007735218,6.851931565317422,4.865931642543931,7.768725644390873,4.612556127077617,10.459397054875211,6.663692835570203,4.8548436074043035,5.573570004052728,6.400823549070702,6.440932462316976,6.94990712584505,7.434071425156645,7.447994524952272,4.378251416900046,4.347652380502492,5.983438988202758,4.465398086880946,6.9840200892034385,4.25930459256478,5.23286084733579,7.265763806550667,4.924279651360826,5.867942710191062,5.480446152722376,4.922723946214437,6.0523940040056665,6.438495989002721,8.496166332805863,4.778690755540083,6.079074555497687,4.680354408496496,3.140228029105248,3.7869383224404944
COL,5.934295836406075,3.5778543486127776,5.648365371746475,2.530032304706478,2.672726727719706,4.281885441915992,4.262109714040117,3.687308361087467,4.98022242547356,6.7698840098393385,6.966224169806852,4.514524146104522,3.609142406059051,6.174161286217779,6.093839967786102,3.6750597266268827,4.347819068024237,4.449783350526839,2.8002461538820382,1.6779065077349646,6.470011120695008,4.250920367531681,4.496653407020216,8.510971553494782,3.8325844599507213,4.859551130548469,2.4368355050114583,3.39846983918502,5.594051057906,5.480689250639523,7.0685401971394475,5.525782845337903,0.0,6.5749585878962415,4.293670054964273,2.450436045416481,5.16227070226209,5.10261295254883,4.478841578852086,6.163295799480047,4.507911194928769,2.471450882886913,2.6493627832009867,2.2309351621790823,3.5792275379413825,3.237430524286673,4.743188690667677,7.214726871178596,4.17760842716685,6.850690179720269,3.742560806792306,4.957907320412228,4.188249404726494,3.0458382982915966,4.79774428953271,6.781093985453596,5.532205936341179,6.8354630849642115,5.681760671608613,3.8646302929890783,3.675325816168439,3.241478345710328,3.9579002824886076,5.478444634040213,4.154146625025222,3.685125209946401,3.921943376696467,5.439435558071474,3.145712608478048,4.161882843756373,5.121598349756698,4.248454032281514,3.4642974498453794,4.962164459455026,3.8761625921999485,4.944742446086497,4.051549932833689,6.68832578341406,4.516040241817308,5.751089404930066,8.77856075164744,7.0131288195015316,4.020682184533863,6.375695490581347,4.128598391502111,7.270980121722114,4.312215932169889,2.4126163909124783,5.056866534588473,6.505511207129545,7.076067548430632,2.866170458898625,3.825718165760134,7.424514829111083,6.09397392779032,4.221548389659078,4.47395565497412,7.230763371703105,5.930063402963042,4.375982899812934,6.537843961435877,3.838734367106436,5.251323969052637,8.712492216732848,3.7250980249546215,4.890063535044839,4.614302256877829,4.228968473427609,3.864968773878641,5.258424197993511,4.942734197371603,3.2878212961821074,2.414197573722286,3.203553719236455,4.455620397590444,3.502973395991885,3.0769064258011594,3.5042802671406768,11.803793875316257,3.3858433726425505,3.4201551745727405,6.451911175852471,4.980332536778248,5.436455104622723,7.6363747842515535,7.6541328430013955,6.73105611320775,2.960267355066255,3.4119457455214803,6.287437036828247,4.581239239765627,4.9111076665894915,4.119801941707565,5.689198167125626,5.647691553569533,8.864400424942954,5.984057211757908,4.514380651239558,4.943669254317526,6.681399829125778,6.707387321929914,2.406082349072236,2.2754083229790156,6.9998671269044515,6.889643493987345,3.011728407054837,2.7187222605862784,4.391668479092971,3.5545749581603263,5.286133432139806,3.6070833346766435,6.050450064453349,6.1144123987369845
COM,6.0322538027866575,6.56152265495605,9.42234318616096,7.950553925796874,6.248053689785609,8.567584330590767,8.181974515690854,7.285226024550425,8.849306271449258,3.214383301642138,4.399336343730089,5.439939743462774,7.25613193419312,9.179482904559322,8.45984036702919,7.302013832774109,8.044590256405495,5.6977671794197065,5.395924264140196,7.1317110854655645,9.232465580329738,5.72891186009499,7.0828243952844865,4.861109365101273,8.730374961792974,8.531689554826311,7.91862241129445,8.113990191066899,3.660565911026388,3.5947231576140393,6.158669889157069,5.899069199693736,6.5749585878962415,0.0,5.773199570079979,6.732810043394182,8.073813346147341,8.677114003883023,8.811210592981586,6.402429485269848,8.449661545339106,6.401219905339954,6.4377767524270775,5.661216002616225,5.587860160595201,8.307866081827674,8.173531997392814,5.053402242991276,8.127004506384717,5.578495825308835,8.090416483682494,6.791526330512152,8.488475625690613,6.6471917322557355,4.576496698377887,4.951039534018489,2.8462029842382193,2.722980286765644,6.642034383754848,8.019807969934753,4.348167217391079,4.9718812177760565,7.611409176041753,4.45885941234061,7.881512663946108,6.068087483548852,6.1387622232018435,8.937401722622194,7.745635325625128,7.41164527916959,8.352238726499722,7.963094722763399,8.241889432124129,9.118520535936556,6.942964004988123,3.536755028328385,5.361730972831111,5.682288707547302,9.071072846866231,9.740161359371115,9.56961675691396,10.871494706818789,5.544784087364407,6.080986107784282,7.766955045252391,9.941639072794677,7.753223203732268,5.825233423597612,6.762616982604445,3.9635504932793846,8.786548983544556,6.81367716871655,6.954595446319369,4.3295889336475355,8.909718273505824,7.524545730728078,6.547906221548032,4.5796822258090115,4.577929458294435,6.23500367656673,3.9659297232927475,7.431633320113644,4.952496818879804,4.729495424366322,4.98692654247921,8.744537109584327,8.98458636695548,3.998052771513684,7.567910913903225,8.597254944975168,4.4377741742045425,6.59821292487814,6.62041083800762,5.449349781599407,8.481354013423376,7.186811511912631,5.454949513995464,6.359069627278158,14.817759790776687,7.20140521425962,8.334692571579236,4.747906610928931,9.697769755680875,3.8489517890203797,11.510810038474192,3.784964599073469,3.4213328473532285,5.87860166146464,7.3916259310692825,4.0935886516056,7.909286975695373,8.177954514018245,8.491538545364554,5.51102895869436,6.031504765885381,5.284621429199967,3.0484443417808347,7.182379844202775,5.130584144999671,7.206797734148175,5.7595243959481355,6.085009534462967,7.900005704657605,4.427234380615645,4.0881916978525,7.497901493882628,7.02901111384608,8.836115805515098,5.947185933724593,6.521457277614544,6.98741817570509,5.668312288960036,6.102407191001413
CPV,7.11097607002199,4.5058940784022035,6.959243110970946,5.722176830077993,4.017025470246175,5.68750819843833,4.836610835521494,5.967274009296464,5.054637171964344,6.938059852135983,6.777606813577258,6.906446317381762,4.3253745734491265,6.90999056160603,5.096006100996996,4.245071839512511,5.688098112745387,3.3281241785942153,4.544360407649119,4.857058550332795,7.029617093490504,4.086928435821352,4.413270188883579,8.628453998136978,5.560497802042869,5.646926038954895,4.865077929397174,6.487399613142877,6.39473645372008,6.281400647997711,8.118166589839676,6.306430686533352,4.293670054964273,5.773199570079979,0.0,2.9390831774434547,4.3427483786786905,5.8243754807241706,5.918446740041495,4.116940170940117,4.758903720768856,4.841774311369431,5.182717397922542,4.175071997637205,6.412052280105516,4.538274879366736,4.7553268958549095,8.445453000462177,4.696741252364716,5.270445836366213,4.680478259597673,6.243528455709603,5.2585159730882225,4.204371441232009,6.331492015105222,6.967407361387457,5.512371349341954,6.099315464326994,6.040842133374856,4.067385093814607,4.746832316101615,3.7988673852036245,4.230078324308599,6.282644391050045,4.921546301738586,6.615322566737885,6.743256491195687,6.325519037585736,6.379601883014273,6.416990523050361,4.870483815289666,5.04201248573109,4.942345378334773,6.3867538294957695,6.18668512540765,5.967415640075202,5.025492267279622,7.4804932137643165,6.208499578252716,6.855422098391813,9.050793910868611,8.139145471558123,5.9029385334609525,5.392208421437286,4.61949153347228,6.374008461930558,4.301216260128521,3.9437082656549576,5.603101589493132,6.661066036538827,6.344560524694354,5.394677559389189,3.862347198507777,7.785057601446928,4.98302806585606,3.788941493540898,5.662586469276195,7.16251599545261,6.059216391444611,3.604313992221179,6.49606795107252,5.7188551057586885,4.4478601047730635,8.839622805309334,4.303143809067724,5.138429940946009,6.064014241723944,5.107414226365176,4.657217954170608,6.499336031762196,6.661892923546895,3.968407862096965,5.116017280127795,4.924796354805146,5.9231939694218925,3.9509641347185647,4.843264573046518,3.7087590972474174,12.578993716720667,4.868248482963136,6.2612539178599045,6.242324726204302,7.126350504210658,5.449919887300787,8.12573615195742,6.344798409357645,7.155243772083221,3.293226945436176,4.428854960676173,4.193125753145332,4.894782187025472,5.092838563151493,4.645450109682181,4.996031008420695,7.182848920000065,9.414904663278383,6.105522405619054,5.622124761475949,6.562412950491713,7.363678158711093,5.622267580096699,3.1556683223062634,5.563507733760324,8.143875029060192,7.632403592007659,5.139682914072748,3.673388380719827,6.679805389812743,6.003706652417034,6.734554307978342,5.116938042595693,6.947723868879073,7.780186242558945
CRI,7.0865639315108915,3.231422234291666,5.276434006957246,3.971151392281368,2.455539767564965,3.9879259794810187,3.150904223315169,4.4226880575806415,3.691049872378788,7.560876618710602,7.647604059577086,5.737996011516873,3.0376941186544846,5.686597124165248,4.683890353632216,3.056298479546102,4.215467618143592,3.5458040252125853,3.8078531838618717,3.2392651494492037,6.108396685708768,4.039671912209867,4.578089772648765,9.390754322547082,3.607982777880456,3.6722080160549053,2.486629961343099,4.6936103001434715,6.549673135165607,6.473766167305329,8.291838240315988,6.296654649218506,2.450436045416481,6.732810043394182,2.9390831774434547,0.0,3.4740198680875816,4.408657432574683,4.096637438675563,5.266319793536525,3.288197262947292,3.154682953787816,4.013729193438802,2.7176048632995293,4.87186062865911,2.380965847920522,3.498183014968053,8.591157254234007,3.15495900750039,6.0644922848272795,3.036193843075759,5.531247631540172,3.534432568440682,2.7279850985696257,5.844733214754047,7.60542466919186,6.1654741678894425,7.396979939593073,6.165146561312979,2.597756902776209,4.250644379244386,3.6067320060895076,3.034107474328138,6.332575914558555,3.499387599175215,5.205351745245361,5.612292858238867,4.5341764572170735,4.685439715523996,5.3305585704957705,4.056893203168595,3.6846334064925754,2.8948683016588013,4.656488994098911,4.6067170779532205,6.053941215020083,4.445041125785651,7.061177200538301,4.1678691009808695,5.647744751435931,8.374133748229026,7.641182737747836,4.625657479263427,6.511200763864419,3.077945443511597,5.670523543434834,3.112362774949467,2.9657925566650736,5.023861127772984,7.404862180292608,6.445289807390044,3.528084796023202,2.6584875351698423,8.355615389362578,4.337823869510455,3.025723721525119,4.835199416275742,7.989605013064777,6.520843326995948,3.0243905493522427,7.391805265754516,3.9383701897019434,5.329842076158764,9.639244284362194,4.057003592880382,3.829918220589117,4.341570786948072,5.039383309645212,3.2189497513182883,5.2461595837222905,6.435270671396074,2.592406883757204,3.6873211069416096,4.020548522757017,4.2177985345948255,2.2394378399888373,3.7192161092030895,3.4968900727266674,11.528553411627586,3.170244498244333,4.372937696894649,7.079832057723022,5.442779796844769,6.0050303052025695,6.562931720226209,7.633759151552551,7.645030135284964,2.879806353559185,2.938679162369407,5.731488238919238,3.5488143392356624,3.776486633719955,2.978664988900849,5.560738925704503,6.749950606233787,9.909489143389177,6.71085928269285,4.4257258044643395,5.957145466991664,7.358318435003544,6.210755819001991,2.2215956649074715,3.4786974629499876,8.143975021174683,7.86405497280028,3.5830629079838987,2.0584708399341913,4.757369143989753,4.9092797027327455,5.620872378762009,4.307726190432632,6.920482834859733,7.583806556822973
CYP,9.064389100007345,5.020588440771788,4.89233024769953,5.736576789069652,4.485759478521206,4.553310908542632,2.907745637141557,6.030044768482853,2.368149042645285,9.150077001624178,9.366083803175082,8.020495086026562,3.227532516172092,5.2860699989900946,4.3327676445379115,4.098499772473631,4.6837716413226245,4.239685752611145,5.780430710947713,5.765772167129698,6.357331530953584,5.5664135934936425,5.777209598076448,11.202144312081238,3.882891503114307,3.234619766138863,4.21242620049121,6.522879756716197,8.296836392266385,8.403819316147073,9.927366850290376,8.136160130839716,5.16227070226209,8.073813346147341,4.3427483786786905,3.4740198680875816,0.0,4.037777071804005,4.076541313935602,6.2008233953482605,2.549282045736295,5.150025670716927,6.361108739061355,4.783316122833445,6.985830380405081,3.6088608761135883,2.278252479752939,10.553770156733151,3.3060472272272925,7.081974269004183,3.4789057929485145,7.3904143899749135,3.5944181835931426,3.73079201626226,7.651942678129371,9.225785832727432,8.01073015058245,8.912447781380752,7.5306646197630105,3.089183452046461,5.989714163554663,5.313671966453954,3.0547522784389476,8.627814596964921,3.268734041977935,7.361962862203888,7.681867036459159,3.942970344911164,6.505252903124683,7.32361170870936,3.4754716826622754,3.5701283633095224,3.891201209482187,5.355576357284066,5.543423626659137,7.846043789406851,5.387814259241582,8.19141711088689,4.554154869555447,6.247742254629751,8.35220514053077,8.426907597863536,6.197268086475679,7.829392924170839,2.727232028906389,2.951936949509716,2.8477003763477216,5.330775505642265,5.318507235137055,9.048441768566725,5.508184003494459,5.163124104571283,3.6625207789603795,10.10095163431291,2.1332696392692676,2.8153650324252486,5.9518524238193145,9.462644521242455,8.277980837240317,3.226572837431326,8.994212292864153,4.887701872397366,6.870073144860673,11.144816814459768,5.613216775207782,2.771887704305227,4.5974418992546315,7.27849518820552,3.6113978945616902,5.605994063038043,8.551947288536951,3.7880930595676894,5.670856825308679,5.870770933739928,4.269480155658314,2.789498944181847,5.821861381896994,5.266989890438532,11.606723282935704,4.04018890384063,5.435559963422399,8.771876691029851,6.375712979979416,7.697125031421579,5.65955772603948,8.602502085244387,9.458642289836586,4.550162937293672,3.692990047929797,6.443360934150746,3.103590663269543,2.877605832121348,3.1139496607184642,7.215259125960653,8.561173838722626,11.533803370748593,8.24871999380347,5.322641048336078,7.5759787896136315,8.64259692766178,6.5883490673979015,4.547307259730278,5.290042831194597,9.928661176475856,9.593235738673926,5.053810152656361,3.8946700182125458,5.388096515556374,6.459661398243132,6.624801478062573,5.969302832983731,8.372412405524807,9.436164003997419
CZE,8.820706070183867,4.498207222002838,3.97532865587002,4.9980662918371435,4.3097992220704215,3.3524176123307647,2.478846850089751,4.616549764955803,2.8425014453256456,9.162864305729386,9.216795250929886,7.425378937402856,2.182122674285977,4.451344107981616,5.886473539708519,3.3594958829597505,2.5478652077499553,5.56911763476065,5.096644905886021,5.171657336365357,4.9436026174256655,5.425011189719366,6.039052740667902,10.96914401211928,3.207454489412944,3.792793632477132,3.6647762338408203,5.160105133892101,8.178611860961631,8.185844963785692,9.468271090120147,7.82640502294279,5.10261295254883,8.677114003883023,5.8243754807241706,4.408657432574683,4.037777071804005,0.0,2.536823936855284,7.560567739097086,2.659638226964093,4.929260431677551,5.761188503209326,4.242015199956944,6.357695928264172,3.7539012848103828,2.4592548124581373,10.329917584445369,2.75954506520293,6.997559543508215,3.545505574209313,7.020090715266007,3.513667548546427,3.8421171621850765,7.212400134668845,9.004361365578665,8.398831544367797,9.12610723702621,6.977595772978956,3.351451434432537,5.818845027530126,5.664772699856515,2.8123234363948346,8.631421059671172,1.7340712044791893,6.035082343383741,6.9544219061650905,4.160462842746056,5.318096917273188,6.458800317539632,4.2215354550116775,3.9469831848956485,3.2065442473448997,3.865767886158554,4.7388528937749195,7.821796770608936,5.300241348810419,7.245760052081398,2.7975798473134077,3.9548134325985274,9.64470743039021,7.81383252651342,5.811442686282267,7.892810701652095,2.637485802707352,5.280296700173168,2.412176574014512,5.108003607703361,4.380868205996395,8.9383849062317,7.863372333997176,4.023969812620163,3.5772884668575053,9.9490937119028,4.558551217699624,4.063332728368224,5.368279826530852,9.394255190425921,8.26770052480506,3.8886493752463855,9.106414934851651,3.829282544213838,7.566075182530796,10.855255948402696,5.383173800864385,2.861289589277484,3.2301872833876786,7.706429947018283,3.206537444971495,2.990448672171854,8.347151581597233,4.614800656179222,4.842142635878593,5.171027603160843,1.526123151624398,3.134308219359854,5.429275226444411,6.302892086515872,8.484567296303565,2.3773122079604385,3.4352485135840607,9.499930823141396,3.6200228947276574,7.7997408180562084,4.416633864248963,8.701364929977414,9.433867763800063,4.382284633168983,2.6440343199301894,8.08145521604756,2.2608172196645278,2.3441180887577193,3.174693358473306,7.571698455432602,8.606344556908962,11.140892461301798,8.088240513855505,3.983750880399308,7.187997252747312,7.60905618990207,5.956329925416214,4.660777199923809,4.744013908256521,9.464830740931367,9.473799963301792,3.812660060516578,4.015698866243591,4.754892501847545,5.647812234851114,5.797676159674436,6.066723199729193,8.08451731741688,9.049054202617459
DEU,8.573603846561344,5.286728313481954,3.687324000500765,4.5375290528324035,4.668663051780187,1.9686321783852172,1.9256735229266957,4.892289456329459,2.3858479939071082,9.162486730562552,9.250297313648318,7.186601818102243,3.1658446345262616,4.373654749247903,5.8682534383520615,4.30250558763603,3.5169962237769217,6.152253231183198,5.078087124857347,4.335263605986701,5.470629370264608,5.867640717008924,6.107582235138224,11.237836283539597,1.7385369319624182,2.9148577804403137,3.2001454394155235,4.228055136792689,8.056192405738045,7.9283857772051585,9.38759530585948,7.894329334841796,4.478841578852086,8.811210592981586,5.918446740041495,4.096637438675563,4.076541313935602,2.536823936855284,0.0,7.858668551118904,2.08659291309179,4.820488333499292,5.255688479328866,4.130545879168533,5.847343285347991,2.725670260011824,3.1726335375848436,10.126192673068914,2.1650404638059704,7.154433504285968,2.142325994000251,6.97287776766252,1.8512729141818554,4.429632592339252,7.181618238745601,9.27163593439338,8.413445560804682,9.270876497127485,6.978658877717462,3.463625418873307,5.750041514497458,5.802420786829892,3.5566170188011474,8.5631337462245,2.750631134095041,5.70915681384315,6.654250278462924,4.352402693322223,4.882112806067045,6.119735259445856,3.864623708629456,2.7258136620251237,2.5340642103658473,2.3619629022888318,4.326594000478141,7.665172141776607,5.476513014946248,7.700936689129243,1.8657825777666712,4.428133455851309,9.449622638415839,8.26169146317581,5.65728656554358,8.1546479085745,3.1737679649942416,5.286860174666289,3.4346284145852377,4.949566591373125,5.4722242824078,8.916796409635422,8.103811984043796,3.6378727860595914,4.502892710127805,9.926142231007809,4.801540673386623,4.704717135618497,5.527688518712108,9.451187742038131,8.267331237484655,4.536674478261233,9.041057727688191,3.659684201035046,7.368652140037078,10.851039644072626,5.73053138515224,2.2093452043794164,2.8005025722306573,7.500501379734578,2.590678162911589,3.693156432095156,8.008782241928023,4.525545721662603,4.645062362830965,4.857338537661983,2.5121402805817366,2.707276251925445,5.384181920869493,5.81942703402283,10.153316487278854,3.058769135038052,3.004253453135563,9.236667372158772,4.130161994659125,7.649851898501072,5.774277347800225,8.84318754127753,9.53587465922282,4.6945555208052925,3.548129600448905,8.140746476183962,3.0605986899349316,3.10946981991882,2.1611354679099417,7.7843695117010485,8.549250715047272,11.183234841568598,8.242653430319377,3.788879867049017,7.39014580507232,8.2434306690614,7.017162538450432,4.666637269708803,4.335800746605303,9.228640644194142,9.205293919184879,4.087547814412219,3.981057971069042,3.1952151893666225,5.466293698444784,5.856466978979183,5.4250912768666755,8.09645603775291,9.082381711868221
DJI,6.270796733394213,6.642137439339088,8.018377388757616,7.616574004656573,5.652308684024534,8.08162130536888,6.848221134373579,7.123032666868508,6.709144246825022,6.844923486965119,6.484600533503591,7.7174872295002865,6.04542319128693,7.98892595563108,7.21679571366867,6.224571535118299,7.234924806843953,5.187660417390984,5.9500421129121035,6.489850496301261,8.011334938172888,5.964391915822079,4.5178823011825555,7.59067977463372,7.59124863484291,7.1763483437197175,6.903909442340796,8.374648687725939,6.262384680616231,6.272274811410438,7.185974257221715,5.4024551784502925,6.163295799480047,6.402429485269848,4.116940170940117,5.266319793536525,6.2008233953482605,7.560567739097086,7.858668551118904,0.0,6.86617883515743,5.989859213736049,6.313401219862864,6.130410378875019,7.356494548497273,6.839487230478515,6.629291271061601,8.517500257966224,7.0946638319168445,6.534011950748044,6.968558204555991,5.91434553156656,7.534055851911775,5.753837880831787,6.362900389310317,6.073042073377817,5.529996911151045,6.4730350272464205,5.6543678693148705,6.469081148402505,5.907731059762337,4.48688106698664,6.6024656264578425,5.950453436667055,6.606007797894413,7.588146937082891,7.496026441942342,7.464976789379208,7.696615962933654,6.669757696615823,7.368312205716854,7.2778803336592475,7.2903557497066265,8.804063444560626,7.247922433059684,6.370841106676113,5.978869476060407,7.550476839227757,8.312711208847105,8.229142135510916,8.885837836241643,8.531640496237026,7.351190539386842,4.539472031692685,6.309562147799345,7.36274539864432,6.321306488224929,5.444934105743408,7.510612517297342,6.464709295155384,8.047915106437037,6.36887419304001,5.414399921080226,7.293722431875504,6.756665324003994,6.022391104511878,6.447772182613347,6.356160727013345,5.410454936338177,5.018014762737061,6.576729299736049,6.833763506491367,3.9899278811218446,8.664488871437017,5.2785655139469165,6.9448532389849875,8.11297685367699,5.638919077678087,7.355936777102392,7.946037388396288,7.0618552600769515,5.42728313064156,6.518826481434265,5.963303004795623,7.685335655605508,6.266163452200696,5.827890193399098,4.843211440064365,13.994122103984303,6.5780865254103595,7.942089172040892,6.164324391745656,8.881223325255739,5.557103974534125,9.125653615464925,7.32341231339261,6.887720763874619,5.1434148983017325,6.270680422974731,4.8333272117296735,6.313375841877373,6.970292157814206,6.852559430974545,4.6516451736540665,7.118530270533017,8.842530578972173,6.07604507577753,7.2407569025009355,7.142061199479673,7.7621396489691,7.468543686814986,4.660137183459966,6.80704747282238,8.399411936119309,7.600868580590083,6.7217897561090805,6.041587002834948,8.600155366003277,7.2919034966538305,7.245394859099201,5.317192304966512,6.024980735099378,7.664840687083093
DNK,8.56200241461094,4.844601717139445,3.824540451423929,4.71133127614107,4.206100965823816,2.6933219905614965,1.4891337624975636,5.106767745218354,1.2530618758668068,9.100260536218006,9.246847289730052,7.7278493311091925,2.641191831423434,4.129472453595677,4.916763474647871,3.8959034352605375,3.5535323185516337,5.157266581519511,5.082543451525945,4.693957669454457,5.220043955179694,5.330292299545896,5.539239925302823,11.180988390662876,2.3267291004708976,2.4846098420661615,3.140869012191527,5.392033999372691,8.109730841640445,8.036972883264564,9.570754011855543,7.751145715530096,4.507911194928769,8.449661545339106,4.758903720768856,3.288197262947292,2.549282045736295,2.659638226964093,2.08659291309179,6.86617883515743,0.0,4.666833433553177,5.4114588621906154,4.187324028370432,6.429073726855649,2.6102620102121086,1.9642992341815824,10.389116314477583,1.7014762480276626,6.785856370900524,2.2083863757539337,6.6919187463319725,2.213780834194342,3.8340293202471787,7.282550052040282,9.116072392478559,8.073015042903293,8.959485062535656,6.762086084985491,2.787117536616977,5.772686370310732,5.4090874447836095,2.8325383492360543,8.542107806361633,2.2967081762695307,6.477742830785713,7.315930282691236,3.8325524748027364,5.455008643825884,6.35214261133387,2.5397511498813103,2.2217227390211782,2.892452415314043,3.599724858997401,4.703157765535383,7.8270799605570875,5.276178979382643,7.88026575018109,2.9153690965497594,4.501756459181361,9.053497601690665,7.887015237456604,6.018272183441155,7.793430720461874,2.3464707564819456,3.8754376791268577,2.410761461745738,4.7925614308869005,5.22009497564255,8.961817880037279,7.012236209195917,4.185862425080354,3.6957008104216897,9.936726850538324,3.160285594509762,3.45491331235268,5.330984327368099,9.400297089715618,8.022708702934045,3.7906265791968057,9.02884685805219,3.928315709910203,6.8875131024578735,10.968182120375667,5.433525747638709,1.2718278774769134,2.7979064468045363,7.3746809755148375,2.2333875593943264,3.9385596284492905,8.330374636925034,3.910318663177539,4.769878646064621,5.272113797323991,3.141571730572671,2.2400000971881364,5.225230078955792,5.024110346028833,10.444053952694277,3.1967247270706274,4.02788362576769,9.018121615722567,4.7138764052052835,7.5079493957196375,5.3397094090146116,8.571712517444547,9.47508790397963,4.215541104058771,3.2066642647515042,7.173896221562134,2.5934069674293267,2.334269520115757,1.200652099457005,7.359600608721801,8.470423325987479,11.323504770688299,8.164802307182244,4.3250323938085,7.460674769776677,8.116777372484538,6.488646418416058,4.223974265683268,4.455667922363162,9.564702082010696,9.425883366854285,4.287639891524971,3.1840177282781648,4.288617462329345,5.741467385336762,6.25361801862749,5.573199052536783,8.175245552307713,9.192128685978453
DOM,6.042512161661956,3.60991342277109,5.255623271525436,3.3156361474207805,2.919227907733728,4.812949746960004,4.479540070666546,3.280976385341397,5.173745038862333,6.331216774621965,6.843977082775275,4.381382869665098,3.540255555743118,5.457225475353995,5.730908654748962,3.9102474433546486,4.425021992831515,3.970956396741664,2.6548865514587408,3.424482017743548,6.042504839071913,4.303719851462935,4.3683837701883315,8.141232496831062,4.347787291211051,4.619555275362083,2.7760672407757947,4.365140602819532,5.104784272832144,5.232085102803169,6.823370965251395,5.4196639662057065,2.471450882886913,6.401219905339954,4.841774311369431,3.154682953787816,5.150025670716927,4.929260431677551,4.820488333499292,5.989859213736049,4.666833433553177,0.0,3.5282807035792034,2.296292542313636,3.560370373933669,4.333977286437515,4.593756145519819,7.22188879180881,4.712791256307944,6.904212124634163,4.571526552148944,4.588944324229914,4.64452481047403,2.9074891442446344,4.15768496989364,6.545743913508071,5.248805817079044,6.771249726053553,5.2201875391267505,4.530687394254376,3.3256440568288665,3.1759883422012525,4.0168079610651946,5.473039909371667,4.108256473437526,3.753578362144716,4.386096685547058,4.690894835063531,3.8114526337150525,4.534552227055359,5.379262076159722,4.468847097714675,4.220050524351479,5.481929534551563,3.4828452273108517,4.998851248544619,3.953416073132015,5.775218601556149,4.75935598355069,5.433475036756516,8.679145060952978,6.6853097127076575,4.211011382746414,6.463162247437971,4.116701156970195,7.098031951453316,4.367691128379917,3.1299607903141293,4.311329316899931,6.517220328480647,6.6908161504877395,2.711568316118787,4.000906059868406,7.21272929992685,5.794546311131302,4.3756622355044374,4.37694365209041,7.274191640670983,5.837783892280218,4.181349447148798,6.76539119933473,3.7758055815550446,5.415233355043092,8.51631617478298,3.481943649574681,5.170567337552414,4.746550648435355,4.683687236830748,4.254350061743407,4.693992503094735,5.2376060361138945,2.5115151194272967,2.0333037362311397,3.321476144860831,4.350063432108109,4.001326473367992,2.9907242229137014,4.419826658017924,11.07956166459318,3.4192116002204545,3.834935007639749,6.7699520655431185,4.8886713808337205,5.212815161974398,7.005606341643519,7.65562017743295,6.295457109920229,2.9514830593211467,3.5851295361101294,6.407463601814327,4.42374704126213,4.6798095656508565,4.726196163441871,5.648856405926507,5.919395223484323,8.504131382759981,5.551656225325011,4.676180847294005,4.731591567921951,6.410508393265762,6.589448113393853,3.4620980913362778,2.794382632647228,6.7048062860585755,6.777072348657008,3.871850775664769,3.3653307470844345,4.839308673492455,3.666266811331869,4.993392656564687,4.107297579969815,5.502131564376345,5.8227690823574045
DZA,4.390565637134215,4.64045709450107,5.549752208583107,3.5394084665692325,3.3956215210245597,4.845992014519984,4.9605592840653685,3.333118617738602,5.819636103395583,6.354814567505143,6.345522176078571,4.780166403230087,4.60137258276357,5.864067980855475,7.79549878344662,4.530296063949329,4.630788421594421,5.667529380153187,3.3951018461538776,2.6573092755187773,5.5138533443311735,3.9416279060116457,4.61818273243798,7.910795743953823,4.592897453787819,5.7103875161170325,3.8434661956322116,4.042108870813775,5.237440132581127,4.878859655927678,5.958402091870889,4.190439623810536,2.6493627832009867,6.4377767524270775,5.182717397922542,4.013729193438802,6.361108739061355,5.761188503209326,5.255688479328866,6.313401219862864,5.4114588621906154,3.5282807035792034,0.0,3.355434888653274,3.503680719215397,4.606395475278963,5.5569488083414535,6.417255278502887,4.806844643569378,6.997804593889145,4.991587117644092,3.5869340681919955,5.611050575973865,4.209010042571102,4.2015281014190204,5.701991464220499,5.180440033303785,6.409852216161103,4.225646378814071,5.414629955717849,4.168060093324413,3.652525959981814,5.288561713110624,5.012463858404516,4.942258983068599,3.4262808537522695,4.148759580601707,6.144188017245612,2.542572807871313,2.139279988016096,5.498163810716367,5.053684088880452,4.9646440602752495,6.005439239642468,3.3254787331665225,5.064416963207884,3.6861541382730856,6.123897753888497,5.296842250337559,5.285198307896615,9.352796179811673,6.89038706846579,4.302617614176205,5.758074427793554,4.963552086429705,7.97248191249722,5.361154284567294,2.6358901507975716,6.0484208306925,5.826182137451107,8.48343828931679,3.4784493594953534,4.555312691473398,6.314865450102078,7.419378518131959,5.573887514646834,3.0478803117787114,6.220918654228707,4.517192542267906,5.082836077497894,5.925671470659449,3.717308857199356,4.705187972275312,7.748001006056979,4.0098439839811615,5.686987134237754,4.771952418942205,4.557907693029676,4.733504510044108,4.786350911829914,4.547331534060512,4.663455516068301,3.223567768535947,3.70431529350656,5.351804026990318,4.566590613202494,2.588651479782226,3.541450970761063,12.2476000350852,4.278092197458086,4.0517134334827745,5.913652630977028,5.136262556897993,4.801750056497746,8.7534453625484,7.117168095633195,6.22851249210518,4.08255991998958,4.360546509965777,6.607113408945583,5.20454022576426,5.560820407429717,4.979865331513912,5.486899818550857,4.80211012837271,7.756319158642476,5.521360825867683,4.587611874440165,4.360729165087835,5.527336151373413,6.678714885081857,2.7937348720898347,3.0006019498660637,6.253333024664579,6.1063197514669945,3.679480139020833,4.020337217309628,5.631016682865795,2.7559894453042664,4.752851620672635,3.808098105857012,5.254468813441486,5.293609404099972
ECU,6.272424941830874,3.1371718520292404,5.243305180925176,3.707948834286279,2.654086240655626,4.17847988333485,3.79281425891505,3.362778448203975,4.718078072275906,5.940641699050996,6.209102592641001,3.964975418410307,2.9814462815319716,5.512560421525336,5.629158762124162,3.4287022301081267,3.8220571926554383,3.6513420124415856,2.005569703840422,3.1392106745740356,6.0162239253142795,3.388579423448281,4.819964342293472,8.026545400347509,4.067655961170848,4.411513075240223,2.826621887195289,3.483344514583719,4.870529120747,4.896113535916595,6.823220869806903,5.711504739607351,2.2309351621790823,5.661216002616225,4.175071997637205,2.7176048632995293,4.783316122833445,4.242015199956944,4.130545879168533,6.130410378875019,4.187324028370432,2.296292542313636,3.355434888653274,0.0,3.249947858479358,3.7626462669814105,4.174751717557342,6.978652866303217,3.922141056893385,5.659286273151468,3.7892527088517753,5.289365754107972,3.993721028894081,2.8724932434556893,4.164842852224954,6.330142943925497,5.150256910052319,6.145753094917704,5.544018885105737,3.946875424535811,2.3452247202683925,2.717947627155875,3.381676575506096,5.592429744699191,3.4415785423802743,3.1485826108493824,3.821492636371259,4.796895175802645,3.8947916045511835,4.722043635616517,4.971081725875772,4.049133829793642,3.452638801843707,4.53482983367772,3.582456266651514,4.47519862640367,3.286469972905601,5.219059784664173,4.141986583761517,5.513712187719597,9.078945556846232,7.574916712218642,3.1949995729623035,6.134958735116984,3.657189457097713,6.9939792587855845,3.754013624952945,2.2231750665543197,3.587522152321309,5.899422809473841,6.701846952781649,2.1810699449209117,3.5229073535134883,6.846847466269363,5.583686463306823,4.208573068507185,4.166651124174868,6.70606151992228,5.687032999549091,3.4522062123326336,6.114747613535362,3.2606858566530055,5.190144623672662,7.895102155076892,2.871473461914852,4.570480600709319,4.5343743019055145,4.397398012021346,3.4692999327201743,4.469383221148459,4.851077619161292,2.8527344071849554,2.329202431462842,2.0859010647320613,3.7023492745602082,2.975573638869482,2.663938017244011,4.294251021132998,11.171218838888018,2.6163773142885374,3.552116851943929,6.397308218340708,5.082163075032288,4.662138227984505,7.286417069095485,6.333346917599802,6.152473793969929,2.0660442554991483,3.058987963678353,6.049514550776178,3.810365895271011,4.054077824788372,4.159730577474929,5.426543218293583,6.146649116092692,8.184155197786094,5.076204646122752,3.1935234479603483,4.349962485156156,6.005175484518439,5.3665644381969395,2.6924049974873934,3.3782041331210784,6.259670692079812,6.237706064742136,3.3776811565367133,3.095472163676664,4.641155140386635,3.183788184826312,4.138042316271952,4.463553115646368,5.642771001455943,6.299263129116747
EGY,5.477919339593988,4.866078615603076,6.505620007393799,4.6551640145662745,4.041806392286164,5.673329087862425,5.81020194078684,4.018965742717066,6.885585077593408,5.71831991508485,6.330779624557379,2.5107717744626363,5.335490252769336,6.951850305117053,7.802644884446209,5.347115665439179,5.483172187134412,5.859457165996978,3.528677294797615,3.954076841866069,7.111389380393773,4.9785842678348535,6.2043625398925455,7.221431361495135,5.598445837436715,6.012040538836253,4.775230282237591,4.2801248103441205,4.460849040492986,4.26785213176914,6.206277886078549,5.3456073438611815,3.5792275379413825,5.587860160595201,6.412052280105516,4.87186062865911,6.985830380405081,6.357695928264172,5.847343285347991,7.356494548497273,6.429073726855649,3.560370373933669,3.503680719215397,3.249947858479358,0.0,5.594321478711176,6.393697050891149,5.7187526698535445,5.85016090985337,6.899266047562918,5.748091104044478,5.070706757928735,5.9639434429573415,4.627200056490842,3.4336077006123755,6.255451684225303,4.995145242295825,6.454482067081415,5.877613930344524,6.210779850066553,3.3940506474668077,4.314600874423025,5.919752510644874,4.486332907509742,5.726112367952425,2.081666858967134,3.049961508896248,6.5565182178659,3.8397454336245644,4.405632367868137,6.922164676189541,5.89953522940442,5.486703116496723,6.213717083314215,3.406202678378824,3.9539568750586622,3.931375896885418,5.264322220473784,5.826488863298153,7.056881447981976,8.761914982457226,9.047332760074832,2.803316874252718,6.882978433113644,5.681243079898616,8.90434888729482,6.072590557516999,3.8082030893701466,5.731664505113013,5.7518486527028285,8.880781552969435,3.4002413873892774,5.360201954241992,6.1076052917969985,8.123635543170078,6.38635483567535,4.618270372145937,6.5298422777422,5.448989382859096,5.3051773180170105,5.936728385291106,4.322469612115565,5.663604737454712,7.277216462363774,4.438343017091355,6.8063493361273375,6.062404281035423,4.167416700080174,5.457279813520816,5.9654558994696005,3.7517723196525004,4.945901111222556,3.879100209606717,3.161757722907489,5.624866172053577,5.137573138324583,3.0859269182619857,5.38832056664602,12.607909994206475,4.48393347051654,4.547619326217913,6.277692447584139,6.299420986877458,5.002067096165506,9.220457498120512,7.091271292525351,5.546177427893126,4.879639122971422,5.145339269871233,6.86462528287294,5.826381705786629,6.262908196362401,6.2227716365769785,5.852165362519932,5.249715867672751,7.1328246267589295,5.057978067573237,4.859307369597764,3.886995836177089,6.609586289911909,6.750209197356904,4.4257592281402225,4.403330989176894,5.129674548222933,5.311181453067985,4.629423747272364,5.09756621266922,5.337847905977363,3.118745721016895,4.289090889747349,4.594608525643739,5.321048553910761,5.255579781581056
ESP,8.185914711992188,4.247047338795002,4.8295231602734505,3.99848710615354,3.6862034340982297,2.655954484302854,2.3379336291519994,5.009033427712614,2.827288412132769,8.995041960897625,8.950957206316717,6.753943739306192,3.2539308367542557,5.635199353097511,5.252584056246265,3.4176904048464807,4.0748602229735775,5.145200979387061,4.9603866767541716,3.322726908690268,6.155475184785297,5.340360063548709,5.559430400644542,10.950324275504881,2.217310637916863,3.439654695890312,2.467872819204606,4.087027375283806,7.925748617371838,7.780811194228207,9.409521057822769,7.4782062466232135,3.237430524286673,8.307866081827674,4.538274879366736,2.380965847920522,3.6088608761135883,3.7539012848103828,2.725670260011824,6.839487230478515,2.6102620102121086,4.333977286437515,4.606395475278963,3.7626462669814105,5.594321478711176,0.0,3.393971949186555,9.749347018012077,2.2370451577546695,7.0218592617010245,1.6771646588766123,6.650909214243243,2.332540930889752,3.7176557926850244,7.095287069192425,8.968827081359874,7.821211926929875,8.883589614887054,7.136843508646257,2.035315050283954,5.5697229110417386,5.0933858855649286,3.1087438216315384,7.768243733141132,3.3041049422609907,5.7857692217544585,6.210021390551261,4.532448577743579,4.681364172511292,5.860980020622147,3.8921561457055303,3.1725823558378994,1.5417346252989024,3.3319539904672646,4.8164101474961045,7.258158253001409,5.417767069986818,8.093626081748715,2.8930465611745864,5.269498118376626,8.935695105229295,7.902849025843817,5.407835247839149,7.741327290604124,3.220068108740289,5.470263553640131,3.2517461281643127,3.9638434955432156,5.839291944625974,8.679215346123318,7.2882579010831074,3.926821473509527,3.5062876695155047,9.684706628556652,4.699186482349096,3.6478951437226232,5.529844117864426,9.22576249338995,7.850880184911556,4.06101513067977,8.604539682521057,4.0061944605509545,6.651830463944712,10.865285125002503,5.346998666402944,2.95818619710066,3.6216668711551017,6.438600404972787,2.765530872432302,5.033608799905934,7.492290892615211,3.776031624643799,4.473094175738078,4.856882976436549,3.5074221108416803,2.0063759412229176,5.055608451565546,4.67161950362918,11.007306550649016,3.1237443589292315,3.6398931451950145,8.446899692084262,4.627199883839162,7.344300249378409,6.079379533943687,8.867763200433448,9.181298127892077,4.235968358604999,3.069049904221567,7.234322253857333,3.4157662541738603,3.568525832956346,1.9775553295104353,6.972720110371645,7.801544231431522,11.222923611133368,8.14085206852863,4.477612370163563,7.148090729557391,8.452397563741014,7.098616774577897,3.389933386121819,3.6087228619637255,9.24832563252071,9.075969871613651,3.5429181566448738,2.898623039832387,3.6059608435081167,5.495331704065107,6.208986762265338,4.691091032967007,8.1515348775839,8.768830797380934
EST,8.483135666545872,4.211236034754558,3.587599002737563,4.971887375680141,3.5978415153853036,3.7043182480125756,1.860001957772034,4.61294936380189,2.1678599815731316,8.990617985344581,9.066786311164803,7.60506393228596,2.1268487404608227,4.057127587852569,4.90556621030679,2.9888154089919774,2.937952794528619,4.376940837308751,4.934481787577068,5.28172319097731,4.691290778903423,4.839261603842324,5.2425632131223985,10.816410452656614,3.0759275284132803,2.9102492197849545,3.279168605384378,5.760022285473266,8.071268222893623,8.066877502189243,9.374583731473118,7.3919281112340505,4.743188690667677,8.173531997392814,4.7553268958549095,3.498183014968053,2.278252479752939,2.4592548124581373,3.1726335375848436,6.629291271061601,1.9642992341815824,4.593756145519819,5.5569488083414535,4.174751717557342,6.393697050891149,3.393971949186555,0.0,10.260835681552148,2.1927643954731293,6.761458621819886,3.491655193102803,6.400571397617959,3.547361802237612,3.0110186819379035,7.103427819055081,8.765677633055095,7.916434570307654,8.808574896630528,6.603224163409694,3.0080337773652084,5.770779721599856,5.015196874399165,2.2506927113933703,8.36013948878416,1.7945193031150326,6.44962813625359,7.238693871887128,3.157471604373828,5.409401336024626,6.30863099591229,2.860230844353848,3.3449980008749165,3.427251882108992,4.734703523942646,4.439250969110067,7.689763999554116,4.760633597376675,7.433033298835047,3.394087325964887,4.714675896385473,9.16622466718828,7.3497648630740775,5.679484064511725,7.2957189607554325,1.198649221955491,3.836814748889182,1.5229342583602257,4.824080524896943,4.602936108832205,8.801955591094396,6.466490518938922,4.372226972646909,2.740895161658902,9.724165090693475,3.290049200061468,2.525196546936093,4.7449468639438805,9.140359424936953,7.764228853165346,3.1352297620973366,8.839276326030229,3.682159469676702,6.68403485666682,10.865055463816457,4.941008107392624,2.4706190501536445,3.0989026015681667,7.347432991588626,3.036944204945899,3.7886441240568542,8.369744089190863,3.719856679292227,4.759860403189785,5.370684985830644,2.8590212393584564,2.555771750933085,4.944266072509981,5.2179982851953755,10.271222960022808,2.9168564228664007,4.162616660967598,8.745661924727866,4.734959957926155,7.472796751503801,5.073264491388504,8.369075172790714,9.224219132572058,4.091245271026768,2.367112686352805,7.146601442373749,1.7186845417206829,1.2810936025288433,2.5024648770105435,6.793693684944624,8.215924025518916,11.060940811838616,7.950453592605925,4.4609614623146605,6.813179565645001,7.584065223033568,5.981345629834459,4.115861926081884,4.531328298077228,9.458074227276885,9.27200518518767,4.052250297840178,3.4708291009017422,5.183625723310895,5.449018214840878,5.823165837969439,5.567796893843374,7.853514145163894,8.761931397278135
ETH,4.64909776240098,8.267344480000693,10.370817047610766,8.129747430847951,7.883343353656162,10.006949121920082,9.949731732484107,7.529134057350907,10.779412015425981,3.5250394534409004,4.344518415653005,4.703211052887918,9.018601834146157,10.445133952288003,11.512871699609057,8.986087053287743,9.215183456430987,8.30046132964313,6.51397525705972,7.4285983814580625,10.306208016269778,7.163053354565963,8.179047645047548,4.872160564008454,9.915945985077842,10.234494584926448,8.888837072554201,7.8180991965377125,3.5319666079119396,3.6473243369118413,4.053091465193597,5.672449573281034,7.214726871178596,5.053402242991276,8.445453000462177,8.591157254234007,10.553770156733151,10.329917584445369,10.126192673068914,8.517500257966224,10.389116314477583,7.22188879180881,6.417255278502887,6.978652866303217,5.7187526698535445,9.749347018012077,10.260835681552148,0.0,9.958663967652857,9.087697830446695,9.739766283794197,7.106081584493364,10.165469385192257,8.302415864273565,4.132236045680704,4.034918722673274,4.0455075101624995,4.278659729793881,7.009290140209904,10.106445045852416,5.443452152405055,6.054098943196453,9.567669077270832,4.226893875338,9.495406952544787,5.491071757640033,4.994097406154274,10.396178457113617,7.390105844902063,6.797430385835092,10.547007524609905,9.775369760893359,9.621909760312475,10.481088874354837,7.596988112640659,3.732123002552953,6.491260780242503,5.803312053047499,10.177470418314824,10.416392912645229,11.142810217817901,10.346404625877348,6.067064970455949,7.191309816992727,9.620179505928064,12.346849871541167,9.945848858076356,6.8309558018058585,8.355472706028122,3.199267583933731,10.630933990355587,7.480226150330044,9.007128749416632,3.003485075451591,11.460924809645428,9.836209484720339,7.420672567052611,4.098612726010989,4.680039655259157,8.673623896207483,3.4169094451514646,8.375358940041107,6.5486638486576325,3.3698932867312257,6.200053945905636,10.594302469564113,9.974062061081913,4.720465133261739,9.459919030189397,9.601903735264345,2.8795393065685166,8.27899896136394,6.8300750158684815,6.179961445700153,9.712469917490937,9.020856328783337,6.2896839216515845,7.886763689104948,15.74960447512612,8.612925513668868,8.741744904001992,4.517761075282617,10.211046528904273,4.329940310883426,13.084494031536153,6.276343427349485,2.7056840719216813,7.275497919466154,8.991239115018999,7.522928237422282,9.808968244626996,10.07258470959349,10.219773356424435,7.307237908953125,5.056124902929409,3.242893315638024,3.6863767620796666,8.141975310212564,5.1142746797295535,6.724604651178417,8.695482317065013,7.534049457841671,7.992302888765589,2.6136990296903058,2.7336290702788744,8.261883454987618,8.753011893512632,9.824679830655976,6.063606997162344,6.849786747687261,7.77857395842642,4.602148428115119,3.8636481144274173
FIN,8.198172660056104,4.333706037944759,3.8378400048858294,4.52938894033914,3.6349463037684555,2.1454514036115953,1.1024900781734728,4.53739355969386,2.3255150498532764,8.98203965379206,8.91690890662699,7.242271743064444,2.837639939917097,4.388098081170976,5.369784843372387,3.2398556661182876,3.1970944245255244,5.144592901900804,4.856120495495924,4.333413737794407,4.685673260969632,4.756919439501634,5.440317181676838,10.896181998000715,2.0605701008136537,2.9852960885310607,2.957562412935673,4.8447229600395465,8.009804267183977,7.776096058033019,9.35561258242182,7.29370850084075,4.17760842716685,8.127004506384717,4.696741252364716,3.15495900750039,3.3060472272272925,2.75954506520293,2.1650404638059704,7.0946638319168445,1.7014762480276626,4.712791256307944,4.806844643569378,3.922141056893385,5.85016090985337,2.2370451577546695,2.1927643954731293,9.958663967652857,0.0,6.367198102094992,2.3779234863458236,6.303695758813554,2.7011640817418248,3.711162742688951,7.0934430256498135,8.849547203836275,7.898417687082447,8.719693256559768,6.459461277545111,2.7913502309005223,5.692447087138657,5.307064806955556,2.80848214259402,8.082722149019729,2.512098867357524,5.947541805316957,6.901871493934643,4.110207329554317,4.827485604043138,5.784816961275834,2.5185142489680286,2.743882800521637,2.5299189827366733,3.4056573939799826,4.284621592073444,7.500828701669927,4.929888728764738,7.6676008608716,2.4979580089975566,4.421868987978514,9.405967584164962,7.926575543918681,5.333273337177348,7.3982997305800815,2.2816474849571433,4.865363023758941,2.4119018778160735,4.422647248996011,5.363990184834058,8.65995985346394,7.596196728996593,4.179799568400846,3.254141594972989,9.580614764676218,4.416330963511711,3.46965811020037,4.767837636874761,9.094454910849612,7.614582687801381,3.580698795744295,8.604935428048273,3.5778940685346368,6.510430655402163,10.653177696301043,5.188830336518215,2.4181432228367177,2.3654869647699917,7.079322444891246,2.067731798281568,3.7274748247924103,7.969441292228912,4.107013639865616,4.69195229348179,5.052014324611086,2.9974292030655687,1.892707939224511,4.810995568595474,4.92924647281352,10.537391411801073,2.8343049146069186,3.6273311717593866,8.620814726645223,4.310801278403385,7.3360771826028,6.072738284737811,8.184250260134641,9.228975193582606,4.3334150691179305,2.782305244644781,7.245151962318726,2.428457773046842,2.2447183352380997,1.353017200357824,6.786313769174036,8.086382276537737,10.968282849525334,7.983513692140109,4.0198013841269455,6.910936588650842,7.7103657196232245,6.012675125370333,3.782160293992961,4.351985112975847,9.15051313583268,9.009216059774849,3.767606077497525,3.165140762094689,4.270099642129828,5.197989144068874,5.888384565563528,5.150050639647153,8.00687620585105,8.772105013631283
FJI,8.128836838945197,6.246851122479925,8.332200150937407,8.423408178265936,6.0094722104458596,7.140932743043321,6.446183531486993,7.234327699148298,7.120730121349034,6.8233243191610455,6.372294386236246,7.614195003262257,6.381634482309961,8.133893480668773,6.612835821482615,6.413599800145577,7.066299326312319,5.685591400408379,5.506115876431502,7.165415396257567,7.946300284958599,5.764835049902087,6.673407518449321,8.02741652171077,7.588700696772041,7.304305118438434,7.253723752838106,7.893794718900176,6.723026121810085,6.225297372512742,8.632441015167503,7.344982390986411,6.850690179720269,5.578495825308835,5.270445836366213,6.0644922848272795,7.081974269004183,6.997559543508215,7.154433504285968,6.534011950748044,6.785856370900524,6.904212124634163,6.997804593889145,5.659286273151468,6.899266047562918,7.0218592617010245,6.761458621819886,9.087697830446695,6.367198102094992,0.0,6.694982751790287,7.3885133593872485,6.94771649009662,6.6047149531490374,6.925061867594935,7.384712773215643,6.64982620247773,6.2565095222695355,6.887605168507676,6.60903231161886,5.951221407863731,5.935765374769822,6.354691556955137,7.449868373162978,6.570470301598227,6.97682171478063,7.76594643083248,7.799552361569918,8.294577143042561,8.06374702659313,7.030511686507556,6.991795956466224,6.992169361307433,7.3150074554580655,7.281249840219531,6.492712959119449,6.274271018844883,7.008452357484978,7.537326365765891,8.65693066294084,11.532778058441695,10.849193099879246,6.9878836280298025,5.868009648622432,6.534499052906351,8.741630268851804,6.11757966750049,5.6754761172609145,6.790233161834024,7.002313152638957,9.4793468511,6.582754898458629,5.990926909924591,7.5425399753428986,7.69889209227098,6.802436019554682,6.729968171899795,7.0608264176368385,6.604366195678942,5.475988744034957,7.109243868667536,6.628758269910058,5.220545889388029,8.28401763129207,5.47644360490754,7.015978192975781,7.964063476366182,6.8346422317860425,6.533139173377405,7.381692345333567,7.659250506243338,6.349404346630605,6.974707883828275,5.514477078633273,7.169413893990063,6.1564935691087195,6.067716422588904,6.5744779725278395,13.344605018424192,6.298996201082903,7.807857336501909,7.403308066547971,8.685468185183028,5.905702351986138,10.189593031940198,4.985059061162669,7.526723389435609,5.874634397006667,6.392633628507958,6.454318603680459,6.131958066206961,6.660363495283045,6.779553546721728,5.111706070217947,9.135440650700033,8.86184382252254,6.262768430616979,6.046876476315377,7.095383265485974,8.275704010293873,5.367273188466745,5.708222485640863,8.217523857917326,7.693561828496047,7.374570157853793,7.199247420022681,6.6461328530264785,8.2935546249947,6.844643544727454,6.728742553851873,6.747973867771016,7.981685302923444,9.133140199232786
FRA,8.317561858799614,4.924445381420423,5.091522308880625,4.495644181715224,4.385318195112639,2.452903695902537,2.318919733319818,5.525937814635935,2.4769936540286213,8.714521815623026,8.714524200182767,6.92822599529579,3.2505885929628633,5.600953459544625,4.970732870735408,4.0323784481946285,4.4851619745512625,5.27605971378654,4.876912128990622,3.771261489443662,6.489985469325285,5.673267546667716,5.60380040824987,10.846886176348198,2.312736407417171,3.403317422227311,3.2562065398436344,4.365098976642179,7.665194274734558,7.5474832757930725,9.265714946237809,7.7256284400583715,3.742560806792306,8.090416483682494,4.680478259597673,3.036193843075759,3.4789057929485145,3.545505574209313,2.142325994000251,6.968558204555991,2.2083863757539337,4.571526552148944,4.991587117644092,3.7892527088517753,5.748091104044478,1.6771646588766123,3.491655193102803,9.739766283794197,2.3779234863458236,6.694982751790287,0.0,7.069353753139894,1.2370199862859563,4.1153851960585985,7.1434199120790325,8.959226189828156,7.793051576639148,8.635394547447323,7.093042874144812,2.336476064283354,5.359911596050154,5.210387817216684,3.1286237360272477,8.084439988097945,3.3079531691807436,5.9542984640088905,6.3677163722224845,4.7551721419613795,5.280437043006704,6.232737292953514,3.882633166574583,2.3019044574736056,1.8146741987378074,2.79931999672291,4.871181219675811,7.074809839385557,5.436114553567464,8.099999169510951,3.209272737353463,5.4213897498525245,9.049556423948445,8.373871653792662,5.550731577552219,7.781756730970353,3.5427648816408372,5.328060176719714,3.423109440299272,4.278824121980625,5.6141713547118925,8.46188095047844,7.187571511624994,3.953388155441995,4.191630761233569,9.562463516942154,4.4463830329953895,3.995790770863902,5.89526047844824,9.066200875535904,7.932279170017467,4.15384342590625,8.439097277890319,4.42383667151751,6.665017502484564,10.52272054594155,5.482370823572876,2.447479790068476,3.875072716495038,6.710024440062511,2.530992299117555,4.958745672253491,7.409201265741478,3.811382318209314,4.695601843592803,4.699577802449505,3.5061407432082055,2.1223097517552594,5.373736474997996,4.845262974578293,11.075764257991032,3.227051878678332,3.853317846794767,8.46101523632127,4.946557271415628,7.159784520564867,6.328372684768452,8.451725303056579,9.125328303649477,4.201141061118801,3.556771360071664,7.0347568226008566,3.460839682509392,3.587317820308502,1.903974922858339,7.153455951631764,8.282607917124455,11.047487683578371,7.88312160809088,4.411154052344722,7.330045810301835,8.511850330344501,6.793938706926917,3.9094820378061743,4.300356816086942,9.070463373298892,8.90175526053644,4.221534135545548,3.431483650837543,3.175998394164294,5.606132326935435,6.33888576875383,4.93337567902036,8.06164036187156,8.987727335046152
GAB,3.639477562338765,5.8173619121359135,6.123395532141058,5.4845750554092385,4.348973483888027,6.8188435808815395,6.373248691991864,4.19948096345944,7.061882059357183,6.587415809695329,6.780569079446409,6.209323312222161,5.8737307162872865,6.084213106553533,8.620826740896687,5.879674117697945,5.611049778404006,6.434029585783477,4.54545832273036,5.2057531646208375,5.466848681590746,5.286656573102505,4.5832740755706896,7.225572045728084,6.4323229659707275,6.557374886148204,5.429200517864366,6.849839874648188,5.651801966912408,5.1924958111874915,5.685296782864749,2.682339621544804,4.957907320412228,6.791526330512152,6.243528455709603,5.531247631540172,7.3904143899749135,7.020090715266007,6.97287776766252,5.91434553156656,6.6919187463319725,4.588944324229914,3.5869340681919955,5.289365754107972,5.070706757928735,6.650909214243243,6.400571397617959,7.106081584493364,6.303695758813554,7.3885133593872485,7.069353753139894,0.0,7.493575356749662,5.199266875724594,4.455807628417763,5.517595272028958,5.173993265831892,6.748361844255074,3.177514083517566,7.071413312750166,5.619995910181764,4.611681634179515,6.746913143567023,4.951486427893007,6.173100758297131,5.043662196031026,6.293010582030977,6.716989574885809,4.584831563235151,3.1686406282472372,6.4573898488262405,6.595193706948009,7.041904543297419,8.029978259595563,4.419514036114667,6.02080620878473,4.769574435012391,6.210078660972794,7.006580141552606,6.307891419469211,9.616210354049338,6.926787238207608,5.862778288483977,5.389497371568716,5.794755807349308,8.414594900010979,6.3395329510669045,4.89124844828088,7.303451847709825,6.382596973516449,9.678295947064694,5.0618718415723505,5.3708478146441285,6.363522099883924,8.16554343914556,6.440176199178295,3.3616790493289517,6.2360641282809315,3.7707859156928523,6.059681180540219,6.664055177594016,4.894717385966203,4.578045836296124,8.136444462297646,4.506332889779728,7.069901728171894,5.998844130184292,5.469569281117452,6.5343368276108675,5.723498982993264,6.1053471446949645,5.5625347481944845,4.4712388458658525,5.459748154153985,6.909888359396409,6.347554367095122,3.3137272762558414,4.488728794122343,13.000688790898318,5.939046474844871,6.000457714394332,6.344274389677096,6.6460442828301565,5.459209873101274,9.36823559897993,7.644977598173448,6.178899751429784,5.428823503444728,5.704448555108425,6.913473677339919,6.217330315305579,6.576278770834678,6.419441909044321,5.197882158258421,4.777088536657467,7.443808831981128,5.774007182184985,6.463079750278863,4.771052632909331,5.765405534204466,7.532709744709815,4.609438189022643,4.808458327633643,6.552471334491533,6.360297871433733,5.480367467642325,5.439318675908492,7.7227298312132735,4.385127933189256,5.761598242461341,4.652929050574282,4.733523032288115,4.991223694527647
GBR,8.891504297247069,5.281027843732189,4.938253055136508,4.702346964363477,4.811090227522976,2.470590791941061,2.4946903770702296,5.702248006399196,2.5884062932832856,9.010211265703417,9.165308601824481,7.153558290405419,3.4640297768621324,5.394683735648322,4.670260405597476,4.496855100451154,4.6121729223509496,5.554093735548628,5.038000359457922,4.296769029063814,6.682933058667216,6.102385347076178,6.064320869604538,11.19760493373825,2.3595870512896604,3.112440429292414,3.338153471738791,4.524902461657124,7.941937077156774,7.872544149873108,9.66501243100624,8.294410554074872,4.188249404726494,8.488475625690613,5.2585159730882225,3.534432568440682,3.5944181835931426,3.513667548546427,1.8512729141818554,7.534055851911775,2.213780834194342,4.64452481047403,5.611050575973865,3.993721028894081,5.9639434429573415,2.332540930889752,3.547361802237612,10.165469385192257,2.7011640817418248,6.94771649009662,1.2370199862859563,7.493575356749662,0.0,4.422309547941266,7.3802164601637275,9.487661487603258,8.194693229211731,9.082722681333637,7.499223672630433,2.868580635708308,5.560276397570962,5.656812287866183,3.358875045971142,8.53881453098614,3.423832835286513,6.131208550445237,6.713466802244677,4.663494685354263,5.599078931170842,6.784790766969658,4.04223771906473,2.253955970578122,2.2051320306205775,2.3606640465405917,4.9712842906772075,7.4446305824299595,5.802461812765251,8.21225080277493,2.955991727869365,5.526040026910863,9.180176050672976,8.66315660056866,5.84489003845005,8.292638280964319,3.6671525171048778,5.311813814570842,3.608854121811286,4.850171711399811,5.509169347814169,8.917325970731227,7.215932609447546,4.011077006852266,4.691320960346535,10.011613824374772,4.2726627566456825,4.327024862469596,6.299115965594841,9.596234384959109,8.513747434921376,4.532158208006587,8.974060652290692,4.547542654114124,7.235090215562823,10.913340940711663,5.836756396506631,2.5016696686108664,3.924352363800747,7.2049978081924,2.6080705589300304,4.951726436724678,7.874813671461939,3.973109366418194,4.801581013934719,4.88123931829537,3.408788517485367,2.5821449030639823,5.697783679934516,5.500126160797705,10.873074793178013,3.493723814593999,3.8543858942444063,9.018749833111242,5.042393388116055,7.552577558954077,6.126483280457326,8.814710009975341,9.47967087803185,4.481846688426274,3.899689636919192,7.532844382128495,3.638420346739528,3.6652397618806987,2.2675505902480753,7.681410961705426,8.83269920238129,11.397564251202102,8.215605010287634,4.4922802102582295,7.699670873300615,8.920107628462372,7.167784190824232,4.6592916517404355,4.633791190393725,9.341467714959691,9.265412235988387,4.649645563401743,3.7949899733279726,2.8203454780749464,5.918212693664076,6.528762581540617,5.37233599341973,8.393394404703432,9.351848419287284
GEO,6.865489212550538,2.444674267715531,5.088984993085437,3.623617507631902,1.6436827002474426,4.684990261561497,3.6288444904478143,3.473947939556469,4.180079888444818,7.422111084350926,7.659318081151747,5.613536260845731,2.13828328896517,5.674646246400528,5.37222238660136,2.0900567590478443,3.252672225990568,3.259527315547215,3.410608304404529,3.9366427617271587,5.808639980120166,4.010508354206008,4.31453760956313,8.892742142923293,3.9514845567101804,4.264597649013435,2.8342350163492154,5.096062395530579,6.405085268777333,6.43146755128585,7.681758150836592,5.829036227672303,3.0458382982915966,6.6471917322557355,4.204371441232009,2.7279850985696257,3.73079201626226,3.8421171621850765,4.429632592339252,5.753837880831787,3.8340293202471787,2.9074891442446344,4.209010042571102,2.8724932434556893,4.627200056490842,3.7176557926850244,3.0110186819379035,8.302415864273565,3.711162742688951,6.6047149531490374,4.1153851960585985,5.199266875724594,4.422309547941266,0.0,5.346754299510378,7.135508472710577,6.113330535757525,7.277539894983179,5.9081137766182215,3.177902305328767,4.4005183000038075,3.3365708162550805,2.4548661061969375,6.280405060675316,2.7413477527973433,4.877981343868593,5.2213539830058915,4.321166251441574,4.163702764849657,5.20839777735842,4.496616071541104,4.331265410838108,3.715843132060521,5.661879850907153,3.8193618919252827,5.676311062666627,3.2764780724505824,6.541270410265719,4.539815110856539,5.655541920916012,8.358384130270819,6.842692696444809,4.188340368508872,6.217174347295221,2.3979548485358317,5.957143471774477,2.4416200941746227,3.420569188870828,3.6410847448184573,7.1741981259975836,6.243231165412624,3.5371902902970023,1.990936258673755,8.138596006823372,4.790660591309225,2.27576503779643,4.1626795047728065,7.660905950803422,6.409667195408597,2.844793788836309,7.1623389401015825,3.664823086523162,5.596046798662829,9.405839145933356,3.3753721883687615,4.324658010105774,4.317275808956388,5.330046067071285,3.7336267120022444,4.618563337825841,6.322909271332938,2.8608680504598043,3.314806437338538,4.016832185790471,3.419154283256688,3.2368906886727786,3.416216759413893,4.036248367171906,10.74340069722302,2.391105453910349,3.798593723824301,7.107863142790025,4.786904407321522,6.233271746813945,6.090531581355678,7.73730931042076,7.32403302176916,3.0499778057153355,1.8008108147729196,6.113252700991688,2.9664184793308537,3.3636586422317074,3.930759601836507,5.4455312768002395,6.294897345692591,9.481869753762757,6.3154695818450035,4.654583225243005,4.8015223509637215,6.498457415867608,5.522042751776068,2.8089365314905517,3.310397087966778,7.8808320941844805,7.689670161954505,2.7624274272784333,2.725998859665607,5.230209882061306,3.910359888790011,5.077270991375275,4.3200280086222005,6.366024112308709,6.5889321285587386
GHA,3.886409921771317,5.6189529969475,7.106402416195356,5.613929709614215,4.922247049035398,7.267855811439225,6.966946455282791,4.5481257206537835,7.703762844489367,3.4538641471976703,4.714218944666751,3.6059180639203787,5.917271450926779,7.162230335061642,8.83092264185468,6.372028490768918,5.957051833102967,5.950356781362358,3.665926154139742,5.095118568031472,7.401774791700906,4.81837891335314,6.0263762170683055,5.3414377189951745,7.092292124540351,7.014154946416304,5.895187607560785,5.838255497883486,2.4257604426393935,2.6067020662770877,4.153163428070009,4.168712432048673,4.79774428953271,4.576496698377887,6.331492015105222,5.844733214754047,7.651942678129371,7.212400134668845,7.181618238745601,6.362900389310317,7.282550052040282,4.15768496989364,4.2015281014190204,4.164842852224954,3.4336077006123755,7.095287069192425,7.103427819055081,4.132236045680704,7.0934430256498135,6.925061867594935,7.1434199120790325,4.455807628417763,7.3802164601637275,5.346754299510378,0.0,3.8440418318465697,3.0165907409650052,4.497408037997439,4.918016318498386,7.429855740480283,3.0402319014923354,3.5904385330949875,6.818443271057997,3.4542479220888196,6.282897081822243,3.0374691469673016,3.8080585241619644,7.266002090062965,4.950501589175448,4.761753298017185,7.640256375642393,6.979089326396995,7.1004955279545445,7.8826402151607295,4.590493310788109,3.243650989653565,3.8068239138975417,3.3655093803268223,7.210747361074811,7.516675329805898,9.150154523704048,8.427301349846369,4.292908518685953,5.829015407260935,6.407711858616873,9.247567490376861,6.807332062869106,4.249544933437684,5.704435384432499,3.8352530867154613,8.811035347248977,4.2191302520435325,6.030035530780217,3.9364872457723634,8.394772170328682,7.104611287050635,4.520921380735086,4.384418378736859,3.587047017221737,5.934090403098013,4.4639649960657115,4.961330107718548,4.944955189456113,5.244472236834007,3.5105988259550234,7.506224972001606,7.03220221058304,3.5345074109506855,6.613554269534344,6.4630074054070175,3.3084576933854835,5.556896717113837,3.869291454107786,3.4444050082146247,6.716346535898211,6.292903727043324,3.085874249749984,5.56295663313575,13.179518647737424,5.646292069580365,5.932942967209716,5.072772068517202,7.487736480177333,3.0261642783604445,9.836765482424518,5.77640572998551,3.248226221046145,4.614726961235103,6.054135924466389,6.074886189363276,6.69576440574846,7.038799467426919,7.2967952582217315,5.751501652002324,4.142815904641433,4.891276970731218,2.833518136251443,5.279691183200494,3.5757879230761582,5.500684943749361,6.816778537592659,4.978768492471201,5.224598320645415,3.50012969195677,3.7358291925872633,5.52389748432301,5.806154257084624,7.373688857626476,3.538873407755331,4.132012697607246,5.569933377218328,3.5414184446449366,3.8022813740426185
GIN,3.477160105304129,7.328619646219859,9.090969156505116,7.906179022385159,6.746984795883986,9.434506249523436,8.724500862864208,6.476249042452998,9.354702449026497,3.4556054021647404,2.855484603328348,5.929158060706642,7.632709139805847,9.03770913952903,10.368156808623052,7.679962906070408,7.906664847343622,6.847435256607978,5.483666160993641,7.0576908861910095,8.494492027059179,5.685902920186265,6.06238185054914,4.271468707448698,9.161498088267273,9.309046146505219,8.113774528618615,7.927093502612528,3.481805284087353,3.493868124160734,3.0232033617381875,3.83861775082698,6.781093985453596,4.951039534018489,6.967407361387457,7.60542466919186,9.225785832727432,9.004361365578665,9.27163593439338,6.073042073377817,9.116072392478559,6.545743913508071,5.701991464220499,6.330142943925497,6.255451684225303,8.968827081359874,8.765677633055095,4.034918722673274,8.849547203836275,7.384712773215643,8.959226189828156,5.517595272028958,9.487661487603258,7.135508472710577,3.8440418318465697,0.0,3.7974578077551575,3.434263521264237,4.8137552927668015,9.029307399582164,5.177329520026523,4.565167391778198,8.269212188127053,4.596591033217964,8.005334001935301,5.724735755006393,5.524113835112601,9.018560980504361,7.145812887206692,5.7560275779205,9.327010408483087,9.006501138453974,8.958307348912564,10.13251335414897,7.062856678073385,4.123624988184121,5.316243439049221,4.96773193065821,9.462487582956472,9.072227204193858,11.419375429824319,8.444019672266801,6.450859956769627,4.315792475385263,8.180104971214114,10.77531064810526,8.402320745859408,5.651537018165672,7.368407223039857,2.549016337227045,9.642758043055109,6.723170112940926,7.449964537984331,2.4280024222304633,10.017300506478463,8.47765795029385,5.911171411856784,1.9084306725207958,2.6697860040089862,7.195356609004238,3.1157410647107895,7.223342712078228,4.403463259524068,3.8818476830670376,4.639290254594348,9.21864147046543,9.038676369937026,5.018565269073732,8.781089011211325,8.210224531937458,4.2863247915745015,7.222058730767365,6.130669889355965,5.457720107171594,8.651987089958029,8.098541006395104,5.276817965042308,6.563830592971465,14.758894568640589,7.542528718882262,8.206725587250087,3.968409628464271,9.329829439750961,3.1406226577496774,11.75954704978321,5.144006598227911,3.1857223709080724,5.961143402792989,7.640491913652695,6.753067945046232,8.155451876446875,8.605978309619053,9.046164995118191,5.176166271001583,5.4014067736676825,3.740667763834239,2.9049067834047433,7.160380505964573,4.513846465891104,4.808163680221699,7.340250519844752,6.0884003795601895,7.351893303284184,4.215719657090616,3.6668241052971258,7.34106190332596,7.864757584591939,9.915421128391229,5.531222855382817,5.8934009676009635,6.695450140549918,3.478207391840361,4.2217344106673975
GMB,4.0344538864294766,6.352561124243657,8.701613811110441,6.68737935341026,5.663647967005975,8.169929022903336,7.938260926455451,6.362357689210869,8.49511289133746,2.594371120480692,4.101241105429169,4.841092268497788,6.8036264661691295,8.455998833743253,8.690839662142501,7.0518290041451,7.427013554691228,5.769795517251491,4.526422455403293,5.976606865160252,8.626370813565819,5.438073437550651,5.978442951941607,4.22764472852295,8.137123614430513,8.100769399848174,7.037440177176218,7.383105455969462,2.343937914781059,2.3318543122618594,4.503633522764759,4.2268975740641626,5.532205936341179,2.8462029842382193,5.512371349341954,6.1654741678894425,8.01073015058245,8.398831544367797,8.413445560804682,5.529996911151045,8.073015042903293,5.248805817079044,5.180440033303785,5.150256910052319,4.995145242295825,7.821211926929875,7.916434570307654,4.0455075101624995,7.898417687082447,6.64982620247773,7.793051576639148,5.173993265831892,8.194693229211731,6.113330535757525,3.0165907409650052,3.7974578077551575,0.0,2.7565525696752413,5.265585027143041,7.812353933671557,3.7297710591591016,3.9469047561335993,7.4992962348629755,2.7656716420802847,7.482148287006047,5.181340457848947,5.382451047302716,8.564833144338914,6.487197800408371,5.935764597104012,8.01751168962778,7.521341881032801,7.928043470223297,8.83923560823485,6.166045703309452,2.996107013823562,4.908922118950047,5.258997574004086,8.621762442175028,8.728941083331385,8.997169380058393,9.263324131658884,5.405533842825442,5.448900560196817,7.405704448899889,9.716256835381557,7.554489900931833,5.1129581656356455,6.733100774569776,3.1446178800246387,8.723680474357046,5.91133800868802,6.6613508904225,3.616746959430305,8.696982919318694,7.280388211479349,5.758893236534432,3.9257219952786526,3.1901801486898678,6.356263259530101,3.4939017227677542,6.750747192942607,4.274368179506911,4.647232347632717,4.223890070077705,8.36597679671838,8.281490651277503,2.892813807513585,7.283784989912806,7.92930084961734,3.4420293505159627,5.981035533677509,5.267717664234121,4.802962256855118,8.157165386136299,7.013582023754685,4.446696398753007,5.317229356921956,14.396538590748808,6.868946692333332,7.512022590283866,4.100537347280954,8.871856485336437,2.8618660158680234,10.951893673476999,4.959111965803513,2.23167866472495,5.061090175420023,7.010807125311556,4.113372090466675,7.760102260680194,8.041960948616854,8.032294075962705,5.387782937622366,4.334251784640082,4.693509544317409,2.2012766330548685,6.927278664819097,4.662165928946619,6.408850230496947,6.690979350886596,5.387883580952205,6.568877052977413,3.882859885890967,3.585094955891278,6.739703197110471,6.252154877925262,8.342699711342398,5.178556089439306,6.272224985725007,5.992253413570794,4.014785110529757,4.324714677027474
GNB,5.1888194418059665,7.208507121260354,9.806526350361514,8.013401459473275,6.908775692957685,9.130110993891678,8.789468754079666,7.38573291630692,9.380506320667736,2.3929123254130222,3.1213040388227227,6.0988990997241626,7.67019383279842,9.502610595875838,9.438542097174174,7.846523173974325,8.338975988406073,6.356113375160523,5.427431165442027,7.187974311712457,9.362996335004837,5.8313756975629945,6.693990464122127,4.170861823553304,9.20971296439193,9.3817070741179,8.301874443042086,8.24290961589551,3.2449542315412185,3.142282783464422,4.923098299167562,5.4110097839404965,6.8354630849642115,2.722980286765644,6.099315464326994,7.396979939593073,8.912447781380752,9.12610723702621,9.270876497127485,6.4730350272464205,8.959485062535656,6.771249726053553,6.409852216161103,6.145753094917704,6.454482067081415,8.883589614887054,8.808574896630528,4.278659729793881,8.719693256559768,6.2565095222695355,8.635394547447323,6.748361844255074,9.082722681333637,7.277539894983179,4.497408037997439,3.434263521264237,2.7565525696752413,0.0,5.964648609119816,8.686170404705496,4.737287662892751,4.974069228960446,8.113925323985253,4.638783951468806,8.237714263785321,6.28014307642136,6.192294875161591,9.606864783610236,7.832835476890458,7.210968237083598,8.899620808156365,8.557827141441416,8.823877761507068,9.686591321848097,7.560656289078635,3.5114611878811757,5.717465731869486,5.769265572385267,9.563793523689577,9.669825281330182,10.89949078127875,9.958643142636797,6.477306303747748,5.295208920551134,8.380250942088091,10.713293190139808,8.332707928385744,5.985158910130432,7.020047476353246,2.5862305155513527,9.177151216609008,7.182494582382635,7.664855691984497,3.2711116149523067,9.571596121367877,8.201238974879963,6.802877546993227,3.2120597175355523,3.9523060802685617,7.085176173065507,2.7438638089546634,7.88211529068148,4.721618471937062,3.377481740975874,4.903280302245168,9.16787929967478,9.284323926389888,4.417443107067529,8.18944092039099,8.70713351937867,4.258562478200658,7.172308818805187,6.496650102865065,5.5780432548730285,8.889938843862398,7.90747456001308,5.820291420688108,6.575783175493208,14.931334960040765,7.711800272934347,8.545848014516192,4.2536752510103435,9.793078590155398,3.182908914516536,12.081715637647255,3.5230886530565164,2.711318308301371,5.835310081743246,7.86086461812555,4.998918702088177,8.484987485749018,8.771444821106149,8.973650925761289,5.703521709070622,6.03306546120984,4.261817551661657,2.231048130071408,7.444501251947392,5.3589493069806595,6.2915261530281406,6.321710128797458,6.367963220266614,8.034318321373862,4.062620858108404,3.714442972947609,7.712415016615815,7.50670920009555,9.540842973759322,6.070637818958924,6.955004495753686,7.189364264373701,5.049477308580714,5.399475594242145
GNQ,3.7994351169482297,6.778601214161333,6.486805219130742,6.262550962731602,5.411915859009497,6.8818152163429565,6.467033125151829,4.887940576899204,7.109376105020518,6.137697990400278,5.68485102789094,6.861980253620088,5.972251851252241,6.116910441950365,8.639927026700915,6.2402690842939705,6.145925849143898,6.484208457475522,4.515845130519424,5.772181251230823,5.341344761618556,4.987616379221211,3.630978644323182,6.833142077696756,6.617658758912529,7.148291964418047,6.2982023539379455,7.105054059875221,5.254457252492053,4.763362764500507,5.020889867542309,3.0448605975101954,5.681760671608613,6.642034383754848,6.040842133374856,6.165146561312979,7.5306646197630105,6.977595772978956,6.978658877717462,5.6543678693148705,6.762086084985491,5.2201875391267505,4.225646378814071,5.544018885105737,5.877613930344524,7.136843508646257,6.603224163409694,7.009290140209904,6.459461277545111,6.887605168507676,7.093042874144812,3.177514083517566,7.499223672630433,5.9081137766182215,4.918016318498386,4.8137552927668015,5.265585027143041,5.964648609119816,0.0,7.43492304825991,5.470749001189688,4.744571396175539,6.811873563236083,5.527175992264232,6.2970056862109,5.693547074467154,6.668554949052648,7.3454032586948905,5.464514312185158,3.711400666824658,6.567992333584182,6.611630269034946,7.334470099151463,8.043602657781083,4.951591551301117,5.751487201620972,4.851503168027875,6.382851924189707,7.357041777362606,6.000198365984362,10.604310408249534,6.923499899099517,6.3368958807697595,3.9970546766770307,6.212445672665064,8.605887415307876,6.564892257280302,5.257522042708284,7.057458297312926,5.471990454416783,9.589598195490549,5.559673424686859,6.10905473464503,5.8388255967706275,8.296772974143169,6.8738612167202815,4.182411995787169,5.495105904566812,3.6813864643971037,5.927770680441855,5.726879574249036,5.6650460479259035,3.6963291314160256,7.127521496138871,4.813203112715689,7.073127107594021,6.280857793244427,6.286496819790091,6.644633012446005,5.42965565342026,6.064725968234642,5.847128147372712,5.08324760412887,5.250849504181673,6.971286013904386,6.526642697924244,4.330285795340336,5.091343480293397,12.977082983103415,6.061331582557285,6.254766802873934,6.00567525185277,6.875780301541932,4.866746087682226,9.956406064949588,6.592855244909594,6.058291602773261,5.2755755458962055,6.0971044758724435,6.778963910548235,6.207498360887478,6.639656609592661,6.649231213321601,4.7169429051566585,6.259644193491379,6.87567160053093,5.110668410174521,6.342053776259912,5.452192249294554,4.832836735260341,6.83420651457694,5.013203493694618,5.887082467840032,6.499852890681819,6.126613962789162,6.105280930552507,6.143170654390276,7.854724487427666,4.9366680818396835,6.252016133282828,4.6229868322168315,4.146808311734581,5.220163710284705
GRC,8.66815377964181,3.708926812738278,5.5717042099611485,4.577251069420128,3.5869007384289033,3.5462642172413927,2.8355570919511996,5.469622007755591,2.8757892702258556,8.985004194352756,8.976112021298375,7.1628034467662625,2.6241449684935856,6.144618273035756,4.242927954499857,2.7256131646991655,4.175501690439513,4.341359172488013,5.000322760351616,4.210046152439548,6.570142216285005,5.500897346516482,5.3889077994664705,10.759860900162243,3.2053588214283186,4.051291940684189,3.161423916948876,5.149463638478511,8.060105991382896,8.005097611444496,9.67264053079871,7.709415364202305,3.8646302929890783,8.019807969934753,4.067385093814607,2.597756902776209,3.089183452046461,3.351451434432537,3.463625418873307,6.469081148402505,2.787117536616977,4.530687394254376,5.414629955717849,3.946875424535811,6.210779850066553,2.035315050283954,3.0080337773652084,10.106445045852416,2.7913502309005223,6.60903231161886,2.336476064283354,7.071413312750166,2.868580635708308,3.177902305328767,7.429855740480283,9.029307399582164,7.812353933671557,8.686170404705496,7.43492304825991,0.0,5.713582312640942,5.05169568065946,2.158507987252997,7.998982530713089,3.0506630524741545,6.408819221796276,6.651152807008343,4.688414401584234,5.542452893528183,6.681681479060815,4.101068312169489,3.598756320370087,2.030840565017925,4.0814394811028665,5.439445517265566,7.279374476495051,5.542012268106985,8.299300992840957,3.793998722142197,5.707902534986393,8.888669755452076,7.971747181267145,5.832542898031572,7.590911544361241,3.069399669451192,5.266505928290262,2.4599328026036167,4.343916736441476,5.154233484767923,8.766260638829372,6.686840777841959,4.478590707281429,2.9169947626260795,9.904401675765284,4.0109224447746925,2.5536544663787106,5.93761942883316,9.296648369446665,8.106218630770263,3.5410526316130593,8.687850943219653,4.7131777735200995,6.777936333470548,10.993854059271614,5.205821213376138,3.1181333021219357,4.438742666524474,6.574080928710164,3.065941833674039,5.261715399925534,7.80337051191154,3.5632213996091786,4.857270065162085,5.192141326897864,3.3785368224936305,2.4917959556920795,5.488349185846894,4.93290731501389,10.300089234034646,3.0038505350050992,4.284266562315033,8.634200503605056,4.8081931009444325,7.586608865978696,5.357681744228496,8.756155361872308,9.18841129680607,4.016263448242133,2.551168347743833,6.8075628033298,3.1229997618401364,3.403271228368609,2.707301753801727,6.788781683907197,8.171301974978084,11.425163752133914,8.069716591495657,5.089564669217645,7.238850862140603,8.576674275581624,6.387147748961444,3.5356492596583187,4.359925936678705,9.579112748073152,9.375162834087414,3.7333810417287974,2.933516789841442,4.364379707857234,5.942057920334696,6.6702914966932765,5.076437355851523,8.387807846110764,9.023971355229483
GTM,5.561765971845366,4.719293517605359,6.470565221522293,5.018871414609749,4.253308918690116,5.80949380479789,5.4895851246835985,4.589556048233502,6.20059195809823,4.120459345366557,4.925800579013652,3.3092671942891974,4.489040212381264,6.457186229024989,6.8447651173240045,5.182146074571375,5.306228230115814,4.434769070600733,2.7178799729801124,4.297001664969375,7.09411026072076,3.9364887002030673,5.4812488916621716,6.584733407846623,5.789093102716965,5.705225244672507,4.78216516288448,4.633606758113815,3.032305747886135,3.4593237221012756,5.7731339073604415,5.4534161018233265,3.675325816168439,4.348167217391079,4.746832316101615,4.250644379244386,5.989714163554663,5.818845027530126,5.750041514497458,5.907731059762337,5.772686370310732,3.3256440568288665,4.168060093324413,2.3452247202683925,3.3940506474668077,5.5697229110417386,5.770779721599856,5.443452152405055,5.692447087138657,5.951221407863731,5.359911596050154,5.619995910181764,5.560276397570962,4.4005183000038075,3.0402319014923354,5.177329520026523,3.7297710591591016,4.737287662892751,5.470749001189688,5.713582312640942,0.0,2.813508641785053,5.173880696469734,4.582977749619353,5.053845906752628,3.2376509568508274,3.61630710583824,6.187198300490913,4.991900135219889,5.2413980971900545,6.401403757011095,5.419920600661539,5.283039376829608,6.039796003221871,4.429841315410704,3.2293056522359085,3.79275439464031,4.258157581363854,5.894882912665167,6.708946770677749,8.81627599001727,8.558108319675997,3.365467426940336,6.0054071498055155,5.247782701048121,7.91752778243909,5.469670589003901,3.404695219049401,4.302681695883666,4.426709736313888,7.162185730777289,3.1860609009214755,5.044257176690088,5.3525472561440015,6.630915955544296,5.7649204215799985,4.90601471860539,5.502883040674427,4.878795926365187,4.382734294835942,4.8699050132412,4.552594852866439,4.947806795681511,6.158993636095879,3.258255345531675,6.003445546698606,6.112386403882956,3.552466520171106,5.015061551185761,5.789241463964556,3.5568219892706296,4.00827850522966,3.381936721573883,2.245337693079655,5.396166364588629,4.489849667467486,3.1800615992760455,5.1531599957845735,12.288183536068411,4.304708460156557,5.058571490598788,5.449814834253088,6.768525388759456,3.2930136042689613,8.614367144185552,5.310347814227672,4.4382252299938765,2.7966909161498648,4.900538941342825,5.303258953476385,5.444438625967901,5.676296195118149,5.868135727182804,5.575781690837752,5.605128163258013,6.485359605395886,3.4608505988667293,4.056239225451221,4.382797483786939,5.8561819540298465,5.766361456275487,3.9264494183396232,4.707178017353093,4.815514016047305,4.7771725423799305,4.875678248765609,4.536182572715707,5.809482256566298,3.9620314733921997,4.295824787004092,5.249476328809935,4.552101505387065,5.555653766941784
HND,4.85433753920785,4.0792587805791465,6.193318845838989,4.893502730570068,3.3191042373331134,6.052327042005562,5.086992892455871,4.24823132999471,5.646313745133791,4.901334039539398,4.798802441289817,4.493491249322289,4.0152287690133965,6.431812166954608,6.548976652248191,4.204067347717199,4.930954207680033,3.269605703551337,2.6357549129478484,4.1969746176781975,6.693368836614989,3.633273610028164,3.753810154452337,6.797236152395126,5.564946824551946,5.5332663515460965,4.278410586438451,5.07076821664646,3.987965796162902,4.120487267980244,5.244115395385494,4.238355860814982,3.241478345710328,4.9718812177760565,3.7988673852036245,3.6067320060895076,5.313671966453954,5.664772699856515,5.802420786829892,4.48688106698664,5.4090874447836095,3.1759883422012525,3.652525959981814,2.717947627155875,4.314600874423025,5.0933858855649286,5.015196874399165,6.054098943196453,5.307064806955556,5.935765374769822,5.210387817216684,4.611681634179515,5.656812287866183,3.3365708162550805,3.5904385330949875,4.565167391778198,3.9469047561335993,4.974069228960446,4.744571396175539,5.05169568065946,2.813508641785053,0.0,4.41507250099061,4.753599279687339,4.515577042829976,4.149070842465168,4.093371360818761,5.419784072830435,4.822187658053319,4.6233312439537935,5.938465691533993,5.314456741117758,5.075346551351126,6.614523849249022,4.514414890076377,3.7071394679794873,3.0634056694359786,4.95465481503204,5.993046533004037,6.681618496573682,9.340878868490682,6.715512443706905,3.9994498942156094,4.493772289400954,4.484373179215977,7.3565609799959395,4.703989610234007,2.5967138427856584,4.56081058668094,4.466338408671753,6.297721233169052,3.60849123950677,3.9611718813945465,5.531791768866951,6.165658257097743,4.565787604740817,4.167082838819207,4.958430506168247,4.062061637101304,3.958789578825141,4.673548308171872,4.311254337761091,3.6835193513698443,6.903323204504821,1.7058437226221672,5.602723761599522,5.910598926197544,3.789317226645584,5.243481205696775,5.756916463970888,4.371446811713863,3.089352579160631,2.951659490140684,2.838596353285857,5.280961664384313,4.322595551279155,2.9217280220498294,3.713298125360205,12.625055042722,4.161417166101424,5.210455144601057,4.513967594796004,6.579743037768989,3.392908749790969,8.277711094172714,5.622693177498654,4.9881290839167445,2.233005798607308,4.042339454126345,5.244403178418657,4.69098301478621,5.008501617156881,5.32360851991054,4.229249090318769,5.2986953816132605,7.082935632308238,3.9313625458807735,4.522594301024548,3.6947103269096924,5.4542296218121376,5.888723772359688,2.764088423320143,4.115909442960939,5.638359065082962,5.164872642632648,4.383483989654947,4.286069204192218,6.517543626261091,3.5835552253348215,4.347760295046631,4.284381302922626,4.1288259340870335,5.169130802991146
HRV,8.355884530452565,3.093111163667445,5.088266102089271,4.5623970552634825,3.25534642119732,4.005743859833973,2.6158132581989824,4.519604256178521,3.2071927683455317,8.411497289755358,8.2925300800811,6.7757333740854095,2.003391487356917,5.581502479367993,4.384711641556185,2.0367501356762725,3.551779303692899,3.356889093008276,4.251152950740097,4.668567230985423,5.804942011834994,4.495491284439893,4.873213297006992,10.265908693861613,3.522797646461248,4.036760369577625,3.0623389161930503,5.067477820118125,7.536383397684224,7.570770849000202,9.009868770007984,7.342448562779311,3.9579002824886076,7.611409176041753,4.230078324308599,3.034107474328138,3.0547522784389476,2.8123234363948346,3.5566170188011474,6.6024656264578425,2.8325383492360543,4.0168079610651946,5.288561713110624,3.381676575506096,5.919752510644874,3.1087438216315384,2.2506927113933703,9.567669077270832,2.80848214259402,6.354691556955137,3.1286237360272477,6.746913143567023,3.358875045971142,2.4548661061969375,6.818443271057997,8.269212188127053,7.4992962348629755,8.113925323985253,6.811873563236083,2.158507987252997,5.173880696469734,4.41507250099061,0.0,7.961431900118985,2.1352033852177095,5.9352652860535775,6.244733370602279,3.7878229978154194,5.3829725024627955,6.37818028621602,4.052346520250143,3.75414120443263,2.6124281181467914,4.619077533394764,4.879532470609244,6.8202083150540656,4.6039436662908955,7.362012432829908,3.784064529481366,5.363117176162408,9.728303684458249,7.074668266356829,5.198235719463593,6.965676269841998,2.35877970533121,5.474286048739458,1.6786376928554148,4.020512652343077,3.60110820877876,8.176419678145896,5.786066814377075,4.237883998001531,2.616216901576076,9.231932905088588,4.0223073914181695,2.0828079171008547,5.301482221182331,8.695502222154214,7.6508177596736475,3.0069478878697877,8.118214881293676,4.292304107275295,6.431807029513054,10.289723824167153,4.345192215081543,3.3749833009373713,3.9877364572518332,6.707274546958962,3.244872109559641,4.432724405760747,7.525401504590489,3.0821255906272924,4.222400973227552,4.715618579276326,2.593708314664,2.5127548787604645,4.872383279983422,5.106172061357965,9.986876654094557,2.270121434216607,4.018730126312914,8.145846837455629,4.470850930036921,7.017628572306697,5.46207892404664,7.992115762710792,8.645250488630493,3.3110294925201162,1.7508563884772366,7.014968803835703,2.212528951428852,2.23363187092851,3.0697373527653227,6.209025766543326,8.145759601526608,10.682053277596943,7.398584430039114,4.472987105117977,6.26336608073135,7.298595650529609,5.460435671237572,3.6349848890167493,4.329591783063102,8.926587829272462,8.793097242395335,3.6627086441021137,3.341330726896211,5.002823991725871,5.090991330978656,5.832604219512073,5.286501103070137,7.701475168075609,8.306002201000734
HTI,3.843606210529224,6.405913929310681,8.814207032707385,6.4922434701718075,5.546743307328744,8.259315139620178,8.185208750304069,6.081973944313599,8.89869047349577,4.437099484159644,5.206492457860018,4.313736573437498,7.1525266859833705,8.962014614100605,9.449892309263454,7.005571584571812,7.436259273807115,6.722986800954183,5.146229721891712,5.5780666182447165,8.714040601658475,5.8867324147656355,6.260526317764505,4.718332151904319,8.131962120720148,8.388400317882866,7.062982117985807,7.148518424117093,3.6782175763930978,3.331076482750379,4.8749348573506515,3.851016437405172,5.478444634040213,4.45885941234061,6.282644391050045,6.332575914558555,8.627814596964921,8.631421059671172,8.5631337462245,5.950453436667055,8.542107806361633,5.473039909371667,5.012463858404516,5.592429744699191,4.486332907509742,7.768243733141132,8.36013948878416,4.226893875338,8.082722149019729,7.449868373162978,8.084439988097945,4.951486427893007,8.53881453098614,6.280405060675316,3.4542479220888196,4.596591033217964,2.7656716420802847,4.638783951468806,5.527175992264232,7.998982530713089,4.582977749619353,4.753599279687339,7.961431900118985,0.0,7.830187037368232,4.816246466276629,5.00869851488897,9.048951023443697,5.888278582661414,5.486796564877761,8.63044572377258,8.23646017999576,7.961983446434386,8.968269508102637,6.222379964999809,3.464164577234228,5.344179926969203,5.879374656702168,8.574777931965926,8.798889607977939,8.53252488977271,9.580312725696661,5.185892759946662,5.709950532819603,7.626529189767914,10.337808009356921,7.8828074991100765,5.458575763893055,7.505221213357398,4.148008030851158,10.095104568692147,5.969372088765611,6.683049841220715,4.648874683681096,9.519748762057196,7.728924079210393,6.010933317338613,4.888182596303179,3.864889643938199,6.553132838279364,4.2318084062131,6.785062598117346,4.793958422121155,5.826255947886074,4.954422246100738,8.875918941648584,8.375821059505144,2.8325646789047543,7.663887310741863,8.20036139511162,3.53249983098919,6.536685354245053,5.584037989519963,4.9995014319571816,8.204035833775606,7.279521826270084,4.621985378175689,5.837846776621542,14.232817065601008,6.878511670290175,7.2565696620834395,4.835912750169189,8.669600634238034,4.403964470763881,10.985975162214862,6.618777915259367,3.3553822362729613,5.841495103754559,7.087768521355892,5.402856881622936,7.974913393912883,8.486547610870055,8.319955614503515,5.411747178909293,3.6763107664544306,5.461327862876938,3.7801457047933567,7.213859301204467,4.921758151909723,6.808772156709344,7.501586687406145,5.435140694484108,6.395857680289164,4.651364767766989,4.3515531603050635,6.304811127076607,6.412604747635992,8.194657802197376,5.511025451642487,6.44000070244075,5.410725575294515,4.255569498228704,3.839887152734884
HUN,7.905953392382352,3.7105144145800883,3.657150191750927,4.274325336679305,3.2976430184340755,3.634187902368318,2.157971405526532,3.798392220155569,2.563212007053296,8.332012596150706,8.42508793713575,6.835957542113048,1.2882997911461205,4.296984800212868,5.62663507857174,2.773602555297085,1.931381016419713,4.544426730486015,4.215403385842112,4.4282173336968444,4.765795565247232,4.413932662649991,5.187750471701306,10.191049873074636,3.061567994899457,3.443214147836698,2.899129441307017,4.831628206123115,7.364911212150389,7.397942669978877,8.62382256915798,6.985141758646981,4.154146625025222,7.881512663946108,4.921546301738586,3.499387599175215,3.268734041977935,1.7340712044791893,2.750631134095041,6.606007797894413,2.2967081762695307,4.108256473437526,4.942258983068599,3.4415785423802743,5.726112367952425,3.3041049422609907,1.7945193031150326,9.495406952544787,2.512098867357524,6.570470301598227,3.3079531691807436,6.173100758297131,3.423832835286513,2.7413477527973433,6.282897081822243,8.005334001935301,7.482148287006047,8.237714263785321,6.2970056862109,3.0506630524741545,5.053845906752628,4.515577042829976,2.1352033852177095,7.830187037368232,0.0,5.418926192480126,6.161049516868721,3.6064657763853907,4.674269264554904,5.743824883378918,3.771191648484912,3.6981468675528464,3.1333428182847527,4.442909450567689,4.1599466044477476,6.980668166540589,4.17121598949855,6.5980593228308155,2.9893615035276317,4.328315865318842,9.246482643887797,7.082591882698604,5.186559410964446,6.976027230969904,1.5474468825328056,4.881851141311699,1.5828477595880055,4.0533593660155525,3.762391427416206,8.090729226302173,6.877769842492241,3.3624251056501504,2.6643604690388867,9.056523781473757,4.040402174526471,3.188739913779124,4.454898589038971,8.44940150363994,7.347696326833009,3.1285013690322,8.224706952705954,2.9752341535668547,6.547823058835791,10.116797124815939,4.287755331578143,2.51655472257445,3.067475183207465,6.747682384368654,2.9988704228595195,3.2349105566491376,7.557590359625391,3.8429557622054804,3.9382392820572125,4.365165357464686,1.7448001918656713,2.519777871736925,4.375953506743821,5.183203340095353,9.686190891536864,1.8364276876291243,3.1835977332569154,8.467988430771351,4.0639878996330205,6.883024255241005,5.010046806924347,8.021326251929587,8.576518758052513,3.4183629585990594,1.7640610239266175,7.239761836524905,1.6199755980542874,1.8692541462233738,2.7797030133401117,6.697007750900279,7.655394395282906,10.353658863655598,7.269496503749742,3.4576381302893657,6.218479224997863,6.825481696389665,5.656355474058201,3.6115643555596755,3.8567782123865744,8.752486871289952,8.681535519391323,2.9846438909273494,3.1854347885559156,4.895667820128597,4.700763063745382,4.981968079130759,5.3137722914523176,7.294681781652177,8.140261469943233
IDN,5.294317983146886,4.8318250665418025,6.162834396292991,4.484012346777854,4.297131697772188,5.78747553285407,5.864538653869442,3.451731782429032,6.91123261121163,5.456379383408254,5.970099688123623,2.679366067859201,5.170685551787382,6.6243486332447175,8.320318627506554,5.389884545894542,4.8921407142655005,6.192822525883444,3.2272477748386836,3.8096236320359296,6.748550652287253,4.8004509548031,6.267700629547366,7.163462978349591,5.708275571656873,6.193448072486891,4.597954444801469,3.5189037150117772,4.311457520311174,4.2314896009838785,5.769312915455439,5.264445234668215,3.685125209946401,6.068087483548852,6.615322566737885,5.205351745245361,7.361962862203888,6.035082343383741,5.70915681384315,7.588146937082891,6.477742830785713,3.753578362144716,3.4262808537522695,3.1485826108493824,2.081666858967134,5.7857692217544585,6.44962813625359,5.491071757640033,5.947541805316957,6.97682171478063,5.9542984640088905,5.043662196031026,6.131208550445237,4.877981343868593,3.0374691469673016,5.724735755006393,5.181340457848947,6.28014307642136,5.693547074467154,6.408819221796276,3.2376509568508274,4.149070842465168,5.9352652860535775,4.816246466276629,5.418926192480126,0.0,2.493248692584228,6.517998835509478,3.4932924412023914,4.207978477943381,7.155433168352395,6.232585478796466,5.524548921202135,6.091061589614918,3.7451771526696387,4.14889404236781,4.138100320773848,4.346556437291819,5.491985862729076,6.52052294145364,9.666133056660842,8.342221043863818,3.3343738467916086,6.688298880107449,5.676650799883976,9.118062890833928,6.102042759010926,3.669705232781952,5.35422475799659,5.436211947100225,9.105948116281697,2.876616105693366,5.474854714913739,5.834281016216153,8.237098383280468,6.7221688729589655,4.38823908697607,6.118733653489192,5.285860053346615,5.668636894049847,5.864008491183552,3.8810538137862585,5.960867345702913,6.961937309002045,3.9593183438545956,6.691783177456099,5.872129494964929,4.334876550672882,5.630836163195073,5.4649968152985915,3.835296386747342,5.272361491503721,3.161890246211278,2.7179895017141598,5.243406502861663,5.311393209590094,2.9659146123000046,5.86006940042267,11.932593389511238,4.4448031349585175,4.119540904273963,6.36496625107923,5.871599998336793,4.6739264697022165,8.966311115661252,6.8817331840562375,5.369352439373992,4.427508740495172,5.035405970937708,7.534894261509262,5.831536548598177,6.233708140850459,6.3095265948145896,6.240639404110412,5.217059545279381,6.769989742862856,4.8305425426742294,4.070003759748824,3.8504807873033546,5.919897094019833,6.946779679546107,4.462827249179458,4.111617138151003,4.788500723550921,5.1477547261656005,4.273464081431786,5.206084569787345,5.7551205328683,2.9147003929715596,3.5528766279277293,5.089511835192095,5.02219116471098,5.081254747721614
IND,5.68753396071175,5.269247890496136,7.437074861435202,5.076969398551095,5.013572543557342,6.864149106787169,6.714148939558615,4.696866898955468,7.548962837915401,5.473684827367018,5.665929006654242,2.571900015094855,5.773198528093467,8.09415261276522,8.647084597969796,5.721238072558407,6.0746229641231695,6.122902028628475,4.087282362302282,4.172509474977419,8.18059826189397,5.378060873641334,6.472985954371099,7.1715163571819405,6.514037920886535,7.217222343727289,5.415259257753875,3.841393032113413,4.430406944025204,4.6302906165190505,5.70483363555193,5.834118881530937,3.921943376696467,6.1387622232018435,6.743256491195687,5.612292858238867,7.681867036459159,6.9544219061650905,6.654250278462924,7.496026441942342,7.315930282691236,4.386096685547058,4.148759580601707,3.821492636371259,3.049961508896248,6.210021390551261,7.238693871887128,4.994097406154274,6.901871493934643,7.76594643083248,6.3677163722224845,6.293010582030977,6.713466802244677,5.2213539830058915,3.8080585241619644,5.524113835112601,5.382451047302716,6.192294875161591,6.668554949052648,6.651152807008343,3.61630710583824,4.093371360818761,6.244733370602279,5.00869851488897,6.161049516868721,2.493248692584228,0.0,7.222862989270266,4.457146576493827,5.025245256570593,8.208427656339985,7.07381113439568,5.898888603653194,7.080761304361031,5.059520880069672,3.6553311439034366,4.556574828078548,5.312337235173468,6.575511943264757,7.791285445661968,9.851454829466952,8.44105246902295,3.794761438049594,6.755495280537684,6.496198570622311,9.72667568814867,6.7905222471721025,3.822518906930443,5.662990840562632,5.097574653212814,8.49862269308956,3.9365740477446423,6.013602315378229,5.7881681813498975,8.708730955936462,7.006659634457618,5.588663236367685,5.878546056835426,5.7776393108033695,6.0073139066815235,5.332894810868542,5.178263511416265,6.153167254136424,6.8266246799238495,4.411499035213561,7.399531269022482,7.14350524129465,4.058490464196056,6.597233181938833,6.90288950438373,2.9823831695508307,5.5731764786510505,4.072395221700731,3.1752915540932922,5.959024791027687,5.867544797651625,4.230001924805117,6.140573454364273,12.803762906942511,5.074375597543681,5.0570521283973076,5.8245303941620055,6.846199327754573,4.824396340861003,9.5611178232936,7.286966219670891,5.314826667595284,4.756712564761687,5.5497761402285315,7.626652423265537,6.499365923638987,7.016803912814503,7.135146639737864,6.334190340214799,5.398434788824973,6.93461008492709,4.949246630235711,5.045256856569883,4.0485055811815815,6.372880022389116,7.510382225342073,4.681724579441905,4.589876247924376,5.141362206904216,5.216408724380324,4.748231348205775,5.956473426722556,6.331583233448206,3.7988327514173896,4.29827872417144,5.256716349271651,5.252990718261471,5.129911227050919
IRL,8.8399103767299,5.049323976693455,3.6936786172299865,6.046649058453176,4.785596985180468,5.151118433557714,3.2857570884330634,5.039047246187805,3.784809749062979,9.225357964491957,9.248543064300645,7.44021694518004,4.080486443730896,4.338413670155011,5.7106738870899205,4.48564956804481,4.496792845191554,5.0163111454001825,5.70036690794394,6.2677073231844025,5.344469515602222,5.83754413963517,6.185265587273163,11.361458667026987,4.4141940279168885,3.0847913523533648,3.835965945486947,5.8348011235826895,8.300976236649756,8.489441200074852,9.598615146619014,7.912856124932023,5.439435558071474,8.937401722622194,6.325519037585736,4.5341764572170735,3.942970344911164,4.160462842746056,4.352402693322223,7.464976789379208,3.8325524748027364,4.690894835063531,6.144188017245612,4.796895175802645,6.5565182178659,4.532448577743579,3.157471604373828,10.396178457113617,4.110207329554317,7.799552361569918,4.7551721419613795,6.716989574885809,4.663494685354263,4.321166251441574,7.266002090062965,9.018560980504361,8.564833144338914,9.606864783610236,7.3454032586948905,4.688414401584234,6.187198300490913,5.419784072830435,3.7878229978154194,9.048951023443697,3.6064657763853907,6.517998835509478,7.222862989270266,0.0,6.178638188161956,6.688109614831343,4.954101428318257,4.602112070858953,4.265591976347048,5.598710838380874,4.922903499612464,8.24856827835839,5.769946901576724,7.06925383235617,4.105050562108484,5.71599951146733,10.354233810184656,7.163152767763,6.066414656774793,8.251512466702541,3.300768797939729,4.929155621128052,3.98940806244327,5.3282136687743105,5.591065740252436,9.330950776548045,6.31740680030168,4.6187871060492975,4.285477624343502,9.839729930013153,4.556565916649684,4.487931919710871,5.344234736287245,9.542062524271888,8.105878088120068,4.690603341180475,9.536203083859665,3.9855773604237315,7.44251695281095,11.233483665024261,5.440507365065354,4.034342763413294,4.353800564174529,7.92751873907299,4.9532225522280005,4.845298852359963,8.694096092092515,3.7769589723729133,5.004523286096814,5.95087220227321,4.042400576115319,3.839603631967093,5.428420364315382,6.4441257351007994,11.025257858430443,4.297677790981113,5.221055773748757,8.98996319224641,5.643773247198918,7.6505782784075125,5.496310116290894,9.13338485805301,9.516537584631676,5.0062939581145525,3.987642231645953,8.670040858413936,3.320437222149792,2.80008132024227,4.099428125731067,7.373010694513111,8.743438099472664,11.218388825659003,8.503379128262113,4.90475318913113,6.930917930761693,8.146270402574492,7.793652493085672,5.283267099341004,4.786427234146738,9.417993807532834,9.331527503247429,5.546733575219119,5.231320755897344,6.096065052594953,5.90267180108622,5.377536477631405,6.4911085827976045,8.020273223543603,9.139730857369813
IRN,5.825806307392679,4.735152228121603,4.820693880666708,2.4037610350610152,3.6306426441145883,4.534624621923449,5.013689844490887,2.770537344187667,5.851590225597353,7.6485217845574365,8.01339100170764,5.197450716695749,4.413455770159459,5.562999651394238,8.228559025458782,4.538125180213352,3.785420188803699,6.480194303656921,4.147745275945193,2.904308323611479,5.4077186057554085,4.817216836656318,5.6602079975933615,9.087347956508538,4.040489215624931,5.629104565786725,3.4260247364480976,3.6253611136349466,6.449883842580909,6.244649275881928,7.083038717340558,5.454785538329433,3.145712608478048,7.745635325625128,6.379601883014273,4.685439715523996,6.505252903124683,5.318096917273188,4.882112806067045,7.696615962933654,5.455008643825884,3.8114526337150525,2.542572807871313,3.8947916045511835,3.8397454336245644,4.681364172511292,5.409401336024626,7.390105844902063,4.827485604043138,8.294577143042561,5.280437043006704,4.584831563235151,5.599078931170842,4.163702764849657,4.950501589175448,7.145812887206692,6.487197800408371,7.832835476890458,5.464514312185158,5.542452893528183,4.991900135219889,4.822187658053319,5.3829725024627955,5.888278582661414,4.674269264554904,3.4932924412023914,4.457146576493827,6.178638188161956,0.0,3.22608533615936,5.595486574537171,5.362331479325322,4.91513256699684,5.76716673529025,3.047225748974261,6.043264017472991,4.225462954822425,6.601618865733218,4.5140215419995835,4.859161488341391,8.960216437635577,6.932101571135146,4.468874752405642,7.143393170376341,4.723188586840293,7.938935672645629,5.308634764231425,4.054565954460779,5.845689642255539,7.1742904420822775,8.910782752883113,3.4802111184108377,4.802968782935969,7.850105434594111,7.49967946509096,5.707555541585052,3.579427009793691,7.734372191641904,6.243322027170279,5.508123996964463,7.2775148042753885,3.4038494697282946,6.4700953438292075,9.068182227545075,4.8385272992882244,5.697836484757879,4.119209207324727,5.498987949368137,4.565672317884726,4.359278571073774,5.6506520602270465,5.295155331182187,3.2854201467505026,4.334237552949814,4.623349058392907,4.841169309357285,3.49557981689224,5.039732468606706,11.235433448165125,4.064859316032415,2.7135055079650052,7.549675529502346,4.171925262236712,6.455393649829435,7.980946458978006,8.571889188377286,7.329504046203288,4.777185837303212,4.15243995568706,7.773617375817894,5.231495464400644,5.5278564426770025,5.18709134990576,7.006554428653131,5.10152520705337,8.901282553400488,6.721491407397968,4.712585801011835,5.051853541630052,6.212028513925329,7.338933171096765,3.937962722963593,2.415836940279834,7.2857211697282285,7.373923491021174,2.7982402280902856,4.026875030380451,4.977822343887439,3.146284833194998,5.073454266370197,4.433139550946451,6.183227915327437,5.6903217228414995
IRQ,4.113749080758948,5.906205482902867,5.692603068178858,4.6390341881274315,4.4958986772412,5.964524990552762,5.815985142617043,3.5917821067151054,6.635743750866196,7.0356228530300085,6.785451921861134,5.548512378357819,5.535585222173959,5.934338499788281,8.918227368802782,5.443964624651783,5.230745364729543,6.762767196084274,4.4325675081779545,4.050969029960315,5.1895094133176825,4.8461552832868104,4.865318626574245,8.040870628789996,5.5476425639984255,6.502769562535584,4.947452301723955,5.215464045887251,5.865427862035543,5.5004546737445335,5.669227617133712,3.763311892179709,4.161882843756373,7.41164527916959,6.416990523050361,5.3305585704957705,7.32361170870936,6.458800317539632,6.119735259445856,6.669757696615823,6.35214261133387,4.534552227055359,2.139279988016096,4.722043635616517,4.405632367868137,5.860980020622147,6.30863099591229,6.797430385835092,5.784816961275834,8.06374702659313,6.232737292953514,3.1686406282472372,6.784790766969658,5.20839777735842,4.761753298017185,5.7560275779205,5.935764597104012,7.210968237083598,3.711400666824658,6.681681479060815,5.2413980971900545,4.6233312439537935,6.37818028621602,5.486796564877761,5.743824883378918,4.207978477943381,5.025245256570593,6.688109614831343,3.22608533615936,0.0,6.497926229310745,6.1576470116035535,6.144098631493806,7.117369118080593,3.8542646960365667,5.947747443279451,4.387049156802382,6.440859140762596,6.174298063059014,5.302334427823327,9.816803254787136,6.66022702792047,5.106878120102349,5.779414636579705,5.740977942498323,8.570603009091261,6.290567243051448,4.075669526454047,7.06287223243846,6.276159061591805,9.544369537238161,4.309728739858493,5.437860161002113,6.5447619372792065,8.371215624539328,6.560030314725735,3.3459770240100988,6.412841014561082,4.637724251141291,5.8977397793504975,6.468662730231549,4.496997032196171,5.212533707363673,8.062390084092558,4.976298599688436,6.635107288200426,5.321507263408897,5.638783658383444,6.0969394335375675,5.074111069866648,5.360601747822181,5.738847943391449,4.272280486288489,4.8266005899548645,6.1171567232575805,5.671169735052214,3.4124239417782993,4.480325664249017,12.548576326092432,5.21329980361531,4.804573801564134,6.521225510937998,5.649217279360986,5.553317835747733,9.261347925721429,7.929939922408283,6.739461443131365,5.135631727718772,5.283667048964608,7.640271302466675,5.849938787315096,6.244103423736331,5.935792480383451,5.82916408400143,5.0860263429332395,7.751049086219145,6.126643306860969,5.576400185125902,4.736835681778536,5.035818408900893,7.4563360114801505,4.048308913209393,3.9031952533486445,6.709267851854615,6.535187179469538,4.648422280756434,5.342744566238763,6.702631055053198,3.7250640177009346,5.251904950938492,4.302161560597032,4.846590098388903,5.2533952720599295
ISL,8.52207024361755,5.377320933369241,4.311118185077292,5.060502237741752,4.486525541852011,3.2862794771175152,3.024975064202302,5.516817200058399,3.243979350564164,9.325218326310296,9.598615948589817,8.425094933801402,3.830561390944929,4.207185609657732,5.649129199856276,4.627404758239923,4.2566329501547004,5.545264751870923,5.560394931293202,5.458630490411393,4.9056828486275155,5.215123331611606,5.815352371721996,11.2972969084443,3.268109003486537,3.756979491988705,4.051790690863513,6.395048802601523,8.47682408132086,8.261647115984394,9.8584287623195,7.705183301839931,5.121598349756698,8.352238726499722,4.870483815289666,4.056893203168595,3.4754716826622754,4.2215354550116775,3.864623708629456,7.368312205716854,2.5397511498813103,5.379262076159722,5.498163810716367,4.971081725875772,6.922164676189541,3.8921561457055303,2.860230844353848,10.547007524609905,2.5185142489680286,7.030511686507556,3.882633166574583,6.4573898488262405,4.04223771906473,4.496616071541104,7.640256375642393,9.327010408483087,8.01751168962778,8.899620808156365,6.567992333584182,4.101068312169489,6.401403757011095,5.938465691533993,4.052346520250143,8.63044572377258,3.771191648484912,7.155433168352395,8.208427656339985,4.954101428318257,5.595486574537171,6.497926229310745,0.0,2.8382102703007037,4.470466185032952,4.896547564825799,4.849979382618032,8.238839773811168,5.4835891000983015,8.44544987703934,4.183275258829481,4.872561704033721,9.349972891790884,8.147095064993525,6.475248953763379,7.953534415469169,3.2606619140314983,4.373762952171526,3.449490090768577,5.486102642830441,6.014221454923509,9.195891844373264,7.370585552197517,5.4337426609046195,4.354925559941427,10.049144690089594,4.134574855421646,3.866066293258739,4.998207473900413,9.616498015402152,7.900028704564711,4.57589658955692,9.14124139873014,4.566930505700673,6.847109991505224,11.063622060097943,5.891031830107949,3.12621860752663,3.037306444303051,7.706988470934738,2.4894977328328403,4.310816555248754,8.736256999817861,4.781391080651763,5.436398625504146,6.205847601345321,4.742281480946437,3.5514663036229313,5.415235776719123,4.956727610949849,11.384426833517427,4.489072127784775,4.966195008904889,9.055589062898267,5.424852066772655,7.796559541610191,6.8956208181677345,8.406921926876876,9.597603111396195,5.07537085578624,4.186642699522609,6.866765016256944,3.9667905904191167,3.445508487492803,2.7102213209051342,7.560916234842185,8.32389840052466,11.356513275860241,8.39575695826442,5.3371646232542265,7.605192080670356,8.124148905706473,6.367679349044132,4.7382622383773745,5.167250188044625,9.7674329265247,9.590225563484427,5.027110100014434,3.5160168333507866,5.382991904050668,5.830228454447236,7.047442366835495,6.0870992785354705,8.555607177891668,9.149960077827359
ISR,8.119814980505181,5.501404488750116,4.6827850933071,4.607368163204324,4.659232748314858,2.566635271383694,2.7766195056765977,5.6058030816341144,2.873315150100282,8.538072727471057,8.855908978796526,7.309184071068289,3.6059634905540863,4.632828341763438,5.045029456579614,4.75965500781632,4.6718622822282185,5.400861984727969,4.772478101761809,4.599232741095859,6.066625740357506,5.793866763903811,5.598329417301301,10.760048306592312,2.600087563244434,3.111529802866894,3.567060936893092,5.221824326169464,7.511028706163743,7.3927619015930714,9.073607692564346,7.563688175421772,4.248454032281514,7.963094722763399,5.04201248573109,3.6846334064925754,3.5701283633095224,3.9469831848956485,2.7258136620251237,7.2778803336592475,2.2217227390211782,4.468847097714675,5.053684088880452,4.049133829793642,5.89953522940442,3.1725823558378994,3.3449980008749165,9.775369760893359,2.743882800521637,6.991795956466224,2.3019044574736056,6.595193706948009,2.253955970578122,4.331265410838108,6.979089326396995,9.006501138453974,7.521341881032801,8.557827141441416,6.611630269034946,3.598756320370087,5.419920600661539,5.314456741117758,3.75414120443263,8.23646017999576,3.6981468675528464,6.232585478796466,7.07381113439568,4.602112070858953,5.362331479325322,6.1576470116035535,2.8382102703007037,0.0,3.354189410439744,3.447857263823364,4.244056305390588,7.2848465222174275,5.3079261164144,8.018822520221848,3.7844530092747553,5.136562577377991,9.020253734651714,8.193476105271264,5.769784871149233,7.994282056753272,3.6840271546649497,4.9904842363635575,3.798503603101041,4.840166113331015,5.708487491267336,8.509578231069733,6.980378647427584,4.284818442422196,4.757179575830646,9.45381266672723,4.291525052268068,4.146440413404143,5.462790089071376,9.118120617349355,7.701457843466538,4.727588851660878,8.577081138732114,4.492467386473561,6.6934978089144535,10.399054899051503,5.56531753770677,2.7130281676400476,3.493562167798104,7.0978004865598034,2.3362510257046094,4.475584825905446,7.663318244182812,3.795687748737181,4.6159579967006446,5.1820672468117825,4.240321566078667,3.010523700009438,5.209370056075555,4.646627946901544,11.435817519797382,3.9833315319271656,4.273320820135951,8.506126145376516,5.1751389663628045,7.062517159283379,6.788737287197378,8.239907856835648,9.018490392018599,4.440092499967255,4.190961424893059,6.786493572853216,3.9684848628766005,3.6304137290815413,2.2976256670020483,7.467721516869586,8.225051947435341,10.804733383244564,7.73982488910079,4.913804253029529,7.238236201338923,8.361815913728194,6.775833497977896,4.593073784400696,4.552530748833385,8.881699357257927,8.772429586188457,5.048108138783142,3.6557721763849833,3.6735924030918716,5.342557786075705,6.5978410871365805,5.394886359284723,7.828067238262895,8.784209391815125
ITA,8.464366232209876,4.054305975059528,4.988235023503969,4.228436272461086,3.921580270369215,2.7760330722432185,2.397771733374609,4.947473547516963,3.1266621415897866,8.837220057919177,8.739673007763583,6.3535113278646245,3.039280190281964,5.737314085508953,5.0455848187264944,3.1854773108968875,4.053169191803662,4.957533301809222,4.773313292315875,3.7435159696762845,6.29084230797566,5.461740178864276,5.698499325396386,10.867675327348929,2.5195469485257354,3.63237007843903,2.587435486390248,3.693744549166076,7.780512570494795,7.731254475021326,9.362165327745018,7.6874904379425475,3.4642974498453794,8.241889432124129,4.942345378334773,2.8948683016588013,3.891201209482187,3.2065442473448997,2.5340642103658473,7.2903557497066265,2.892452415314043,4.220050524351479,4.9646440602752495,3.452638801843707,5.486703116496723,1.5417346252989024,3.427251882108992,9.621909760312475,2.5299189827366733,6.992169361307433,1.8146741987378074,7.041904543297419,2.2051320306205775,3.715843132060521,7.1004955279545445,8.958307348912564,7.928043470223297,8.823877761507068,7.334470099151463,2.030840565017925,5.283039376829608,5.075346551351126,2.6124281181467914,7.961983446434386,3.1333428182847527,5.524548921202135,5.898888603653194,4.265591976347048,4.91513256699684,6.144098631493806,4.470466185032952,3.354189410439744,0.0,2.8110211107240577,4.896107612432664,7.052055813751991,5.525140857347342,7.786810347211593,2.6444323186777963,5.248042166389651,9.442493475109586,7.882299191100513,5.066726766203468,7.898337951042608,3.3535902945647225,5.923470122451519,3.2491632698669837,4.1629503716230625,5.2218367153459875,8.565249605169718,7.104515921568219,3.7567335074639896,3.691553315378769,9.647307562583322,4.845752087881638,3.7574394938293176,5.8427246364743946,9.230295380083446,8.049179772118098,4.027043613442927,8.540004042609144,4.221177768772256,7.0008077690905015,10.689340891194766,5.211060903474492,3.248475453974027,3.7784075582678516,6.588859238625982,2.9570348795821424,4.834510124798006,7.359717251139482,3.5324360133630597,4.315327424375775,4.6725585684196425,2.809091751268279,2.0267873163795143,5.248767485378699,5.443856207169637,10.2686284015538,2.706678334214913,3.4245467428698095,8.559798442994953,4.277466971429376,7.349586976056641,5.715542726770902,8.721542764248385,9.061672683047938,3.990894871911887,2.874914607974236,7.624870965413933,3.2561250121093885,3.3099295086899323,2.549150178784723,7.054570003202311,8.120525888485892,11.087728380102874,7.98213930627781,4.298671609558873,6.959226452355116,8.276078550481072,6.818334093548224,3.818657450174384,3.8570548387560617,9.003908874324402,8.922429604653997,3.7107776461865662,3.4343513176825784,3.4275204765618805,5.486401637984603,6.054244520454138,5.07268628349254,8.029988386175456,8.756971074297178
JPN,9.420421199975817,5.935814268589496,5.27248126003409,5.294172793626025,5.637446686433268,2.256033908287044,3.445030298511357,6.0688519358514705,4.001682130188074,9.49820449386208,9.616001671830103,7.238350952287986,4.515933376911463,5.634040069788837,5.926507278484361,5.314131535254443,4.972667271426146,6.831051293886015,5.653328940439602,4.823633572605973,6.805436168140142,6.705138510507762,7.1924915037089825,11.68307248950264,3.087127030074758,4.065990691397715,4.010910719604216,4.171936435971429,8.448968317933144,8.29399125109305,10.18987436118204,8.852514742949857,4.962164459455026,9.118520535936556,6.3867538294957695,4.656488994098911,5.355576357284066,3.865767886158554,2.3619629022888318,8.804063444560626,3.599724858997401,5.481929534551563,6.005439239642468,4.53482983367772,6.213717083314215,3.3319539904672646,4.734703523942646,10.481088874354837,3.4056573939799826,7.3150074554580655,2.79931999672291,8.029978259595563,2.3606640465405917,5.661879850907153,7.8826402151607295,10.13251335414897,8.83923560823485,9.686591321848097,8.043602657781083,4.0814394811028665,6.039796003221871,6.614523849249022,4.619077533394764,8.968269508102637,4.442909450567689,6.091061589614918,7.080761304361031,5.598710838380874,5.76716673529025,7.117369118080593,4.896547564825799,3.447857263823364,2.8110211107240577,0.0,5.486838541698917,8.05892228594986,6.7642269082225654,8.339548188606882,2.6823393914202924,5.324524145208593,10.113242450616648,9.427801249935616,6.135415701564961,9.143221535140801,4.804168129854578,6.703257542716815,4.791688944915265,5.6249248920114665,6.295923402754219,9.41316616988123,8.798197584119585,4.433223068318886,5.663161745811239,10.472177748646521,5.788986458348777,5.800001118286654,6.810619287854251,10.202984537816503,9.054387898833095,5.646572171231819,9.559753342937977,4.941198691947454,8.192835193176267,11.225609310982524,6.588094280489517,3.792635593113332,4.19138061683209,7.820550303496922,3.2008917804769172,4.9365380271902115,8.299158388405754,5.167673546594703,5.332644580179546,5.378639887062889,3.8728269470701417,3.599111280719856,6.29334475823302,6.766120629703161,10.244216325364139,4.242211655417312,4.038625911841786,9.815659316584407,4.91081675493505,8.115661726140056,6.65146935540324,9.140220506087465,9.942181769493901,5.320012535206992,4.8192467932563074,8.636167915239911,4.711921976237458,4.613306349602832,3.4359377227171883,8.562240412286403,9.327803025572438,11.687733203965712,8.759501990192609,4.538040527711815,8.271589745004983,9.316590261653895,7.640735800104342,5.543205406298195,5.3273907496561455,9.4906327864618,9.56953070743982,5.248755994589774,4.697451976311886,3.073819985201591,6.442819049695022,6.889515682864931,6.336904500467556,8.949062323583691,9.902463133725076
KAZ,5.983623732111939,4.994871384430847,4.054290470728438,3.9652268866388125,3.6809051464727682,4.190897350134938,4.185577613938969,3.268605390995356,5.1030171621314215,7.060713927488689,7.575880336639248,5.309999720822434,3.9659718538517517,4.398404116104371,7.15873292532804,4.522534284862856,3.839009861578877,5.758883733324868,3.675882459406478,4.211161948220203,4.82810397977613,4.6879207211486325,5.382839115862181,8.702668132668508,3.818452329714297,4.389113348585337,3.811197872630827,4.458635292820506,5.869581010937678,5.765871330394253,7.031601422501617,5.533677848326502,3.8761625921999485,6.942964004988123,6.18668512540765,4.6067170779532205,5.543423626659137,4.7388528937749195,4.326594000478141,7.247922433059684,4.703157765535383,3.4828452273108517,3.3254787331665225,3.582456266651514,3.406202678378824,4.8164101474961045,4.439250969110067,7.596988112640659,4.284621592073444,7.281249840219531,4.871181219675811,4.419514036114667,4.9712842906772075,3.8193618919252827,4.590493310788109,7.062856678073385,6.166045703309452,7.560656289078635,4.951591551301117,5.439445517265566,4.429841315410704,4.514414890076377,4.879532470609244,6.222379964999809,4.1599466044477476,3.7451771526696387,5.059520880069672,4.922903499612464,3.047225748974261,3.8542646960365667,4.849979382618032,4.244056305390588,4.896107612432664,5.486838541698917,0.0,5.82353882830708,3.647178311345243,5.8902990609607695,4.471647651426156,4.963392923463235,8.682374484656208,7.608456964992882,4.116842073926171,6.830110239294369,3.9573741855147944,6.810320305505244,4.705697486157637,4.144459456728038,5.343520510737297,7.031744934271538,8.150443740142839,3.1078799851522336,4.507302249185828,7.3844296522068475,6.696651985112346,5.225036483495521,2.9020353403125774,7.468461729638922,5.87648043087724,4.776142436809785,7.24348326149373,2.833719540858427,5.80646536246082,8.673723555440981,4.6453205862122084,5.014193436379889,3.939896318760842,5.933445833168726,4.148277084964575,3.7065359234859754,5.844994167778709,4.4908506327040785,3.6325934623438347,4.0886329536342805,4.349508563638306,4.304858736451405,3.0495905247962214,4.9493447245616675,11.557018383905564,3.7281322290781898,3.2413093883344435,7.182743235361571,4.687885319661081,5.825597863281073,7.769732148065531,7.701798376709649,7.136529890744803,4.65986150463962,4.023384803031038,7.112554461781875,4.321779386366165,4.546684979586218,4.719079415511193,6.337165996413292,6.066812412232306,8.463959418989006,6.211581655142624,4.303644172542621,4.899602805253091,6.481636346283769,6.732371922090668,4.2428753762525435,3.521759827633095,6.864686681753964,6.912790023617364,4.061856201519239,4.363900867567013,4.6304202010916615,2.920056130862065,4.319286455031102,4.342464198144838,5.833085966093285,6.112477661738297
KEN,4.603785066643664,6.00030091499384,8.602983648419583,6.308137362682488,5.479224484192512,7.692896316881004,7.467555460202091,5.971250521706807,8.200275050560936,3.1904190327341633,3.701288141664537,3.55166183314238,6.355515722410515,8.796482387236026,8.442723194593516,6.498875864998853,7.119155332111669,5.57446668469544,3.92255732852983,5.402823748257748,8.897210321760351,5.521102825182175,5.7392816211735465,4.745477136039212,7.550995855674422,7.90596433899201,6.686511547792075,6.198048355288924,2.337792578606255,2.281505518820347,4.302623978783725,4.72488256952494,4.944742446086497,3.536755028328385,5.967415640075202,6.053941215020083,7.846043789406851,7.821796770608936,7.665172141776607,6.370841106676113,7.8270799605570875,4.998851248544619,5.064416963207884,4.47519862640367,3.9539568750586622,7.258158253001409,7.689763999554116,3.732123002552953,7.500828701669927,6.492712959119449,7.074809839385557,6.02080620878473,7.4446305824299595,5.676311062666627,3.243650989653565,4.123624988184121,2.996107013823562,3.5114611878811757,5.751487201620972,7.279374476495051,3.2293056522359085,3.7071394679794873,6.8202083150540656,3.464164577234228,6.980668166540589,4.14889404236781,3.6553311439034366,8.24856827835839,6.043264017472991,5.947747443279451,8.238839773811168,7.2848465222174275,7.052055813751991,8.05892228594986,5.82353882830708,0.0,4.45085270999091,5.334708983866785,8.00189064307212,8.860536431495401,9.648927372417097,9.26514291074708,4.217160810113979,5.390127499085262,7.071610636609846,9.970884279671871,7.165110506329554,4.76662941225256,5.964812818462458,2.7510293572918796,8.543400432300569,5.307599519894456,6.517164008797517,4.057628411296644,8.813249703492222,7.076668706166542,6.141283745470887,4.021217906228091,4.262277500959385,5.968025009569904,2.8102062011925204,6.478126504841964,4.463862724235847,4.721413150698001,3.8912434997117784,8.065571099258323,8.05940495766338,3.220681042213958,6.992641445712152,7.76689143219983,2.210277414300084,5.572928495092769,4.864181867522277,3.582856986675496,7.237794223797017,6.531974166607018,4.583917845306925,5.772301466945281,14.047728149100388,5.99413206844485,6.617411869032311,4.0938347254758805,8.335890096358945,3.4060054405425055,10.740931477332026,5.1776955653012955,3.018704723317304,4.817574551684059,6.436835440722648,5.439488412645081,7.159381772326383,7.621339704725753,7.725607127742877,5.016013610462766,5.186644134621935,5.0508126215808264,2.3939253105034703,6.277087798027121,3.9371259223917248,6.300977347471059,6.4321213303833975,5.187195409415323,6.26456335166328,3.560381008129087,3.2139833675670477,6.08299825101398,6.357576934604513,7.375040074354897,4.527410058903491,5.6815910777453045,5.2654275615217445,3.9533234424665693,4.148612026597407
KGZ,5.399650582765535,4.205786684579564,5.6648585565160525,4.7692927146392945,3.2081327398792676,5.724744970165894,4.892398783492262,3.4107964091899174,5.670112407323312,5.919701849917926,6.074271778471265,4.968916288952406,4.043023730114342,6.022241756529876,7.441536280780068,4.221564110083436,4.2398796061001836,4.424209398957833,3.4026287577958243,4.585224224836781,5.93320331933768,3.2354167925550184,4.86695134669963,7.521627944849222,5.278698641017923,5.558533617470666,4.640299845201026,5.483199864735029,5.003186527007251,4.834967181798907,5.6923190972383155,4.727143601897884,4.051549932833689,5.361730972831111,5.025492267279622,4.445041125785651,5.387814259241582,5.300241348810419,5.476513014946248,5.978869476060407,5.276178979382643,3.953416073132015,3.6861541382730856,3.286469972905601,3.931375896885418,5.417767069986818,4.760633597376675,6.491260780242503,4.929888728764738,6.274271018844883,5.436114553567464,4.769574435012391,5.802461812765251,3.2764780724505824,3.8068239138975417,5.316243439049221,4.908922118950047,5.717465731869486,4.851503168027875,5.542012268106985,3.79275439464031,3.0634056694359786,4.6039436662908955,5.344179926969203,4.17121598949855,4.138100320773848,4.556574828078548,5.769946901576724,4.225462954822425,4.387049156802382,5.4835891000983015,5.3079261164144,5.525140857347342,6.7642269082225654,3.647178311345243,4.45085270999091,0.0,5.029085671757989,5.737964711461238,6.374968013146928,8.961016692614463,7.6137352778990985,3.3693760650538493,5.254141416907977,4.177035069021865,7.344496178306335,4.478542222692648,3.322829327272288,4.217116652050206,5.229488243754062,7.367064176541899,3.971384888898505,4.025770342593613,6.124452418621784,6.574896494247312,4.805125715425635,3.3808144842713395,5.610414177129116,4.802066410454373,3.7276571255237227,5.215601733222161,3.8817138693880273,4.692854177194668,7.170441448544198,2.9375578325855773,5.6212004696481275,5.196960712304354,4.90561862499836,4.839295761253176,4.952773388560345,5.037341994166367,4.48578261365751,3.841172158782221,3.323579139167861,4.868471853017271,4.413589448787341,2.779300559673963,4.020682102273491,12.351673151130003,3.7239487221729175,4.777560223924453,5.787523487208072,6.224300015354376,4.679004129515797,8.48791448489581,5.871903226028778,5.845165056304161,3.7914249786622043,3.947541727426405,5.825680511555181,4.2931381627379555,4.619490503624228,5.304665563251301,5.079088155583747,5.355683376783696,7.361045288320476,4.607071106118761,4.234220901072709,3.0765725297086655,4.6754576563662305,4.677509081420595,3.474168469596905,4.5582677351954946,6.01746717736096,5.742055477252999,3.9054975535783005,4.475593534227452,6.462346973736354,2.4474678004854953,3.8495772840447935,4.794532401890922,4.810228371504004,5.2590606202616055
KHM,6.212189546090207,6.321889700116835,7.083308626521534,7.488974295044743,6.188323739670705,8.08941816667968,7.334120275339037,5.353175583754812,8.159528598333832,4.696957027349238,5.467743510257037,4.906059543784779,6.598470780055618,7.070854452417556,9.54250971842774,7.060140150356561,6.231389677909962,6.655441900998688,5.302116265022058,7.0383330251678995,7.326769442111051,5.39491853639286,7.628293575771409,6.852398614700711,8.055380778617002,7.385797438928922,6.9072218099649,6.639580283869931,4.425451867569922,4.79448138692192,5.83544909902335,6.03442929332732,6.68832578341406,5.682288707547302,7.4804932137643165,7.061177200538301,8.19141711088689,7.245760052081398,7.700936689129243,7.550476839227757,7.88026575018109,5.775218601556149,6.123897753888497,5.219059784664173,5.264322220473784,8.093626081748715,7.433033298835047,5.803312053047499,7.6676008608716,7.008452357484978,8.099999169510951,6.210078660972794,8.21225080277493,6.541270410265719,3.3655093803268223,4.96773193065821,5.258997574004086,5.769265572385267,6.382851924189707,8.299300992840957,4.258157581363854,4.95465481503204,7.362012432829908,5.879374656702168,6.5980593228308155,4.346556437291819,5.312337235173468,7.06925383235617,6.601618865733218,6.440859140762596,8.44544987703934,8.018822520221848,7.786810347211593,8.339548188606882,5.8902990609607695,5.334708983866785,5.029085671757989,0.0,7.4041119277764285,7.890798641452458,10.673873053662893,9.294891951744006,5.167043663171977,6.9393927172975385,6.890325023230549,9.477467360500505,7.335824816469221,5.554308469090297,5.890963873863483,5.208464488667038,9.336306551789043,5.158049372816008,6.6788622121136445,5.090608529454701,8.731828086027665,8.073064961418694,5.348600286627193,5.368132121313159,5.10387708383766,6.393996698449576,5.964331904492854,5.325432215386692,6.598277937199725,5.9476859743173085,4.401821936406071,7.968619708810589,7.617218661949349,5.637509643536522,7.504400782020817,6.6446331632529265,5.621407126937529,6.581609185699073,5.343286236389006,4.690615044088617,6.885593100221536,6.817073913777401,4.688808603362461,7.620664385606122,12.722627855600559,6.29903022335398,6.989983403166579,6.669855191663096,8.237166229195704,4.228469648013133,9.741872365403905,5.613621513709216,4.874384925185941,5.5444408842742305,6.716657310951611,7.731368519715318,6.892337607824835,7.019852158585163,8.068506412264083,6.93991273754551,6.222050148882387,5.695957550013675,4.311703760193068,4.956009218241481,4.71732566846969,5.844210295813602,6.9530882945168955,6.331516741545286,6.754367956760365,4.484246551240377,4.870148160645758,6.6901240103175015,7.208707867586973,8.662470239411153,5.083973400082677,3.4096564098633535,7.597182356304181,4.982116450202185,6.175026472409234
KOR,8.87038879679692,4.8258066628154745,3.1951833555904443,4.392228614495272,4.495023216934855,2.3149517992519137,2.3249420591383907,4.386941215402959,3.2109855309155853,9.406372379950756,9.553659958912682,6.988677204780792,3.4567985834133172,4.15864524023188,6.222871419091471,4.11941988928837,3.1231321435587494,6.219970589916143,5.328955196581323,4.466820233763937,5.046707291122775,5.632372134612715,6.646633425798379,11.514445759352014,2.1622060436121795,3.205724465951669,2.7093584961851978,3.7851494321324917,8.360178538561492,8.27577733253703,9.773322065761425,8.109422935399529,4.516040241817308,9.071072846866231,6.208499578252716,4.1678691009808695,4.554154869555447,2.7975798473134077,1.8657825777666712,8.312711208847105,2.9153690965497594,4.75935598355069,5.296842250337559,4.141986583761517,5.826488863298153,2.8930465611745864,3.394087325964887,10.177470418314824,2.4979580089975566,7.537326365765891,3.209272737353463,7.006580141552606,2.955991727869365,4.539815110856539,7.210747361074811,9.462487582956472,8.621762442175028,9.563793523689577,7.357041777362606,3.793998722142197,5.894882912665167,5.993046533004037,3.784064529481366,8.574777931965926,2.9893615035276317,5.491985862729076,6.575511943264757,4.105050562108484,4.5140215419995835,6.174298063059014,4.183275258829481,3.7844530092747553,2.6444323186777963,2.6823393914202924,4.471647651426156,8.00189064307212,5.737964711461238,7.4041119277764285,0.0,4.171849783830641,9.731733852368198,8.072290915170495,5.594739770966279,8.556001628653943,3.2761194553065094,5.723801541085156,3.7071381242642647,4.991036507526603,5.488773502416355,9.24779848089774,8.215996059226459,3.7054198089865307,4.395801063759204,10.133104612862347,5.197975929984111,4.933820011915807,5.354171607364471,9.800957747817876,8.483486807942171,4.738773367901651,9.385247030366655,3.231123415466662,7.8393862455509105,11.141287980789206,5.774930951940868,3.1014325546656085,2.6103852301178203,7.485704223668912,2.9258245049873035,3.612715248270602,8.222480687351876,4.7693814074585985,4.533888177362162,5.114422618900234,2.4073159461885796,2.9037966375063777,5.342930209540131,6.402914722444535,9.674381209157977,3.2177783913334146,2.871564953076206,9.553253936945099,3.774207353595476,7.896207159226668,5.520836297316046,9.166517586673278,9.62883481504367,4.870637878349093,3.4444129690313336,8.673660618455607,3.363265848112484,3.2079681540016103,2.9299643675474742,8.091292489089906,8.37942427684482,11.357904001322575,8.546285473194018,3.581822112461479,7.344305799182545,8.237282573530086,7.317669109454399,4.796455707134564,4.063468027988566,9.325024695306546,9.421076651895966,3.835656734437749,4.002165665510077,3.7459930115024442,5.498866245936649,5.602302553258061,5.887584402630517,8.404483387423834,9.11904099844754
KWT,8.33192540783187,6.16746692080601,3.9128478133340048,4.995930291397382,5.514037356900475,4.1820732161258425,4.420107652573535,4.589285588568242,4.8457461662318355,9.656841891172093,9.696143773140022,8.214752635237582,4.451321335962794,3.583780032618246,7.839166391041998,5.147854339226133,3.9697576323447414,7.300666232564057,5.906228111204439,5.46002240478957,3.3830566248160596,5.698711463775333,6.310517605692962,11.294471609657808,4.206495554832827,5.397601664358417,4.521474758970085,5.728268125423024,8.612037995610965,8.543781405874473,9.431611129440753,7.580644953267916,5.751089404930066,9.740161359371115,6.855422098391813,5.647744751435931,6.247742254629751,3.9548134325985274,4.428133455851309,8.229142135510916,4.501756459181361,5.433475036756516,5.285198307896615,5.513712187719597,7.056881447981976,5.269498118376626,4.714675896385473,10.416392912645229,4.421868987978514,8.65693066294084,5.4213897498525245,6.307891419469211,5.526040026910863,5.655541920916012,7.516675329805898,9.072227204193858,8.728941083331385,9.669825281330182,6.000198365984362,5.707902534986393,6.708946770677749,6.681618496573682,5.363117176162408,8.798889607977939,4.328315865318842,6.52052294145364,7.791285445661968,5.71599951146733,4.859161488341391,5.302334427823327,4.872561704033721,5.136562577377991,5.248042166389651,5.324524145208593,4.963392923463235,8.860536431495401,6.374968013146928,7.890798641452458,4.171849783830641,0.0,10.404187470339256,6.892968269411451,7.108461457372036,8.277855687408774,4.811306080945386,6.701168247078078,5.052206679979567,5.8356245057240805,6.378220330258638,9.402608129085742,9.36100950676285,4.968629668360821,5.407485432706998,10.035004955655202,6.525932762353339,6.077674938046749,5.088337631841069,9.827318234706988,8.167429066491982,5.848933771865843,9.676613329367694,4.627192047436371,7.995491183404664,11.050778805848275,6.655455231528815,4.782540349778096,3.2248706155061737,8.423122666015141,4.618837839557865,2.326287405304254,8.744165837562475,6.097653758387369,5.31413192400026,6.3828747282254366,4.373832425303244,5.061895228308163,5.73750092804022,6.709853710245638,8.613282055540852,4.645293324936721,4.131144295140346,10.016327691152458,3.2057125764191072,8.123513078346365,6.1686138725766675,9.634289817705719,9.766241850259089,5.5057074996676505,4.726585458088129,9.044800199341724,4.8050379058384225,4.715478026080089,4.668105834785264,8.417976086535568,8.487988304094678,11.132146916280373,8.694781998495829,5.243998201276578,7.979637604200302,7.075328338160764,7.497644069596357,5.513191856032981,4.7785898665376925,9.85405873246776,9.97686810455931,4.938921714764688,4.925134325715608,5.889913062071945,6.152056250389629,6.844360803391691,6.55627140351993,8.131703661392795,8.874712508272438
LBN,10.370670755091261,9.395606327860916,9.703968943474312,8.556444617758817,8.535421607405267,9.295060077825633,9.389082800635936,9.751847795114669,8.98510291740071,10.643030567282832,12.199203262473818,9.508049794428233,8.637689147725487,9.900372127072156,10.11979910182137,9.384335864338937,9.219971530188921,9.787969808516197,9.690577451042529,8.581451270805658,10.971319621604952,10.054888835308741,10.358006584512237,11.632442196856456,8.984151838621804,8.664600162332908,9.057709707260376,10.319774731860397,9.80932967863394,10.01381711367581,11.479475871778389,10.064760542126173,8.77856075164744,9.56961675691396,9.050793910868611,8.374133748229026,8.35220514053077,9.64470743039021,9.449622638415839,8.885837836241643,9.053497601690665,8.679145060952978,9.352796179811673,9.078945556846232,8.761914982457226,8.935695105229295,9.16622466718828,11.142810217817901,9.405967584164962,11.532778058441695,9.049556423948445,9.616210354049338,9.180176050672976,8.358384130270819,9.150154523704048,11.419375429824319,8.997169380058393,10.89949078127875,10.604310408249534,8.888669755452076,8.81627599001727,9.340878868490682,9.728303684458249,8.53252488977271,9.246482643887797,9.666133056660842,9.851454829466952,10.354233810184656,8.960216437635577,9.816803254787136,9.349972891790884,9.020253734651714,9.442493475109586,10.113242450616648,8.682374484656208,9.648927372417097,8.961016692614463,10.673873053662893,9.731733852368198,10.404187470339256,0.0,13.228526451664733,8.969547967628925,11.463394738883203,8.852198619066986,8.567785009629588,9.205258629245893,9.535237062553291,10.043483075175697,10.957755684126077,11.211768614740816,8.620899696848761,8.696990762062622,11.673232536828413,8.789086776828633,8.907966194257035,9.476105794749724,11.518350239019014,10.425116564304945,8.361664476655335,11.015041671750582,9.141809997809727,10.334447772087803,12.396015188129091,9.828350589073692,9.15739642663827,9.669173725549209,8.053384206452195,8.665970403670796,10.316498456338948,9.616651530965992,9.151309308974644,9.51026574112945,9.363946526608188,9.65053555949219,8.680733967538153,8.939124802471074,8.713315528290641,14.547742069125084,8.989188074510432,9.216524607351719,11.20159751974276,10.569542986156254,10.421016509943295,9.810106164081624,12.049645747982824,10.297532529087743,9.304585248843901,9.16088328091241,7.471205324795711,9.53772049464879,9.838642121365423,9.293218620875665,11.076133365104216,8.171699479466142,12.335248831876553,10.10370866660754,10.046248339866473,10.417909145435916,12.060529413453525,10.649212564974924,8.78960864510106,8.664946254833616,11.332294316095735,11.171247723793819,8.590783467559353,7.855628411235162,8.440607733311525,9.885507795016315,10.097710125515894,8.954484831449195,10.117514268870185,10.44479615418755
LBY,8.113101155559828,7.479536581771995,7.491638202733608,6.758621374209217,7.137660970204284,8.542400514945145,7.7600475249535235,6.4399709737756465,8.021561748627224,10.086543345214302,9.485108127526203,9.445854922865932,7.066070850981611,7.749499421886117,9.555921841685707,6.837364056723124,7.140827101227647,7.494127288295192,7.130200332342652,7.476538719113355,7.242515099691022,7.542537292287025,5.715545179546389,11.24934567682191,7.6505628265244,8.540953512453784,6.582546193731933,7.909157265459867,9.314196242590652,9.379255849422455,8.646205650219073,7.34760576641978,7.0131288195015316,10.871494706818789,8.139145471558123,7.641182737747836,8.426907597863536,7.81383252651342,8.26169146317581,8.531640496237026,7.887015237456604,6.6853097127076575,6.89038706846579,7.574916712218642,9.047332760074832,7.902849025843817,7.3497648630740775,10.346404625877348,7.926575543918681,10.849193099879246,8.373871653792662,6.926787238207608,8.66315660056866,6.842692696444809,8.427301349846369,8.444019672266801,9.263324131658884,9.958643142636797,6.923499899099517,7.971747181267145,8.558108319675997,6.715512443706905,7.074668266356829,9.580312725696661,7.082591882698604,8.342221043863818,8.44105246902295,7.163152767763,6.932101571135146,6.66022702792047,8.147095064993525,8.193476105271264,7.882299191100513,9.427801249935616,7.608456964992882,9.26514291074708,7.6137352778990985,9.294891951744006,8.072290915170495,6.892968269411451,13.228526451664733,0.0,8.950436804446785,7.806834000572739,7.2892117092132365,9.484739454239255,7.482713322413412,7.101971839993086,7.946871091166486,9.439832532372487,8.398797467294417,7.611907191417803,7.31950384555926,10.03447109498951,8.834755644272828,7.138859091897708,6.992426295381672,9.483843522797844,8.279512003400944,8.311368498428493,9.531981552611805,7.480774391735767,8.144950405940099,11.480021148915634,6.792252461819917,8.085102151209561,7.1847873083406055,9.195235510044409,8.433300401414398,7.022493760600098,9.378552702913634,6.923481213394897,6.088441544238881,8.160574062209745,7.488454213193976,8.053631192605948,7.410761057843865,7.434018622248312,11.99017553295592,7.472206905854915,7.221891307515673,9.159697784894435,6.660218788698104,8.668998474433621,8.927171408615242,10.851642519702008,9.91734515708956,6.74319665849291,6.721623964110444,10.47612214646933,7.4222495343089525,7.346302275312428,7.777800503780678,8.313034315465176,8.826077981689139,11.306005064231547,9.250215686985108,8.468586875578032,7.882026701709501,7.401052642836408,9.936003979348564,7.102222187337916,6.081760565311328,10.324060156273944,10.224113999071111,7.1158647924146265,7.616698802308244,9.407389570691201,7.157897044430825,8.57780978922571,7.388270576727016,7.978188756708846,7.993808132178592
LKA,6.1888812945045135,4.42211833330837,6.359582924897816,5.054004900815612,3.9275317628231057,5.72772082941893,5.302403460335774,4.1229874957451775,6.476024140495959,6.214817438750989,6.471824638119788,3.014270131612081,4.9402223910329015,6.932721260964657,7.75114332703754,4.77228974351416,5.095741266987801,5.185329536749334,4.047084832268029,4.699838121978817,7.016441176064666,4.325767841159744,6.211947324409861,8.016602894128516,5.5493054998372,5.595695008073041,4.781725158309698,4.589595794312535,5.130157073049824,5.0831597756424305,6.541675139443006,5.721901136460542,4.020682184533863,5.544784087364407,5.9029385334609525,4.625657479263427,6.197268086475679,5.811442686282267,5.65728656554358,7.351190539386842,6.018272183441155,4.211011382746414,4.302617614176205,3.1949995729623035,2.803316874252718,5.407835247839149,5.679484064511725,6.067064970455949,5.333273337177348,6.9878836280298025,5.550731577552219,5.862778288483977,5.84489003845005,4.188340368508872,4.292908518685953,6.450859956769627,5.405533842825442,6.477306303747748,6.3368958807697595,5.832542898031572,3.365467426940336,3.9994498942156094,5.198235719463593,5.185892759946662,5.186559410964446,3.3343738467916086,3.794761438049594,6.066414656774793,4.468874752405642,5.106878120102349,6.475248953763379,5.769784871149233,5.066726766203468,6.135415701564961,4.116842073926171,4.217160810113979,3.3693760650538493,5.167043663171977,5.594739770966279,7.108461457372036,8.969547967628925,8.950436804446785,0.0,6.8622218415913565,5.016836399362654,8.308927438991512,5.4523726594780975,4.219624355928437,4.907517138938731,5.7081825110202935,8.031351519635235,4.022628530437647,4.854336805617344,6.6196914417988815,7.374599784550635,5.700879457136932,4.937521071070771,6.639489630779768,5.761162546263566,4.442064801369289,5.644263770222365,4.612607236782648,5.946345530978892,7.477869212813318,3.9850161917190614,6.473226685536554,5.608465961021273,4.676231674923308,5.15008138992449,5.9659241143961745,4.538791352966275,4.617693087441197,4.176994759987042,3.5130309822007604,5.156049839286509,4.401603205230299,3.505036521833939,5.594355449960422,12.41810254183968,4.071584506980761,4.883763207150956,6.098731013851896,6.584622582263986,5.32798468445529,8.752962658883172,6.465991262120828,5.9397516717231245,4.361992904517833,4.726486676437727,6.661187279091495,5.245633091335874,5.327599210009609,5.8123905352702705,5.897760571053981,5.618016106209052,7.564339638329516,5.192325402840299,4.460897269318069,3.6035154285925555,5.924624778307555,5.73110006553452,4.400887099814573,4.854821492690028,5.5673233812885075,5.45859061006733,4.558699613209933,5.01431681264352,5.847234215555725,3.5688022294743798,4.1743448940985175,5.527857725064845,5.256937627417927,5.576271284422566
LSO,5.040538330170019,6.854456128970969,8.274275335507486,7.7303575266280316,5.8585155457817475,8.364313604863714,7.3477771734067145,6.2800520965007465,7.899897311765069,6.056291421096293,4.527991948693398,7.277797818542424,6.6036274432627975,8.316141649265004,8.518505941163236,6.278015912442362,7.165601008127836,5.847670703492911,5.116982928606254,6.681027533113087,7.457290171768237,5.259185728682297,3.8309424861061654,6.064252002451845,7.958351685490157,8.28924216424458,7.370586486314209,7.923954988756975,5.648264609577545,5.190251135079263,5.27234415254644,4.063631059841641,6.375695490581347,6.080986107784282,5.392208421437286,6.511200763864419,7.829392924170839,7.892810701652095,8.1546479085745,4.539472031692685,7.793430720461874,6.463162247437971,5.758074427793554,6.134958735116984,6.882978433113644,7.741327290604124,7.2957189607554325,7.191309816992727,7.3982997305800815,5.868009648622432,7.781756730970353,5.389497371568716,8.292638280964319,6.217174347295221,5.829015407260935,4.315792475385263,5.448900560196817,5.295208920551134,3.9970546766770307,7.590911544361241,6.0054071498055155,4.493772289400954,6.965676269841998,5.709950532819603,6.976027230969904,6.688298880107449,6.755495280537684,8.251512466702541,7.143393170376341,5.779414636579705,7.953534415469169,7.994282056753272,7.898337951042608,9.143221535140801,6.830110239294369,5.390127499085262,5.254141416907977,6.9393927172975385,8.556001628653943,8.277855687408774,11.463394738883203,7.806834000572739,6.8622218415913565,0.0,6.818995478542114,9.407124296475134,6.866669640443078,5.396886546100278,7.223165918742935,4.803667571636055,9.214927468395885,6.646850518338366,6.140624126948173,5.630738562973568,8.753873462874783,6.904762188742264,5.72516450297995,4.438256205388481,4.170979246368377,5.854293630804482,4.769469208625578,6.864991582008182,2.698818982900474,6.934518879873494,4.679936400765171,7.970507070230152,8.15482510928525,6.1920995763933435,7.883467749031021,7.47149465285705,6.307288613077441,6.363457113494128,6.265941101919155,5.426963893949531,7.717373399175433,7.088590556337584,5.407273871511771,5.455544038786735,14.211239660788264,6.71286278116752,7.6173708026047215,4.716454415029,8.563064449371389,4.793298348301678,10.823631867736083,5.761489982869012,6.042282864833152,5.457425470581294,6.428017950515976,6.544982456061419,6.5907748579881185,7.320600100299861,7.61429397585721,2.84592889424313,7.25713398588496,7.0240407350244505,4.974806524940574,6.940533586674721,5.612021575687249,5.679343071987363,6.720492653282542,5.082084705356748,7.268791142859092,6.935069241153862,6.0683077805330585,6.68618633836004,7.074724426370903,9.150936531457772,6.062599644172634,6.6051800607799205,4.9524272178666875,4.83337112103722,5.999671104734701
LTU,7.822320952713059,3.6728145357113844,3.472812258395788,4.445018953100299,2.8502405978443006,3.7865307322669226,2.006247117385226,3.8777858401729346,2.589930998184642,8.502065960481474,8.607825046912714,6.896290939630243,1.8372184420464273,4.232529841001108,5.300601084408171,2.6620354704526332,2.3495555257096745,4.288052432021513,4.383692373955801,4.649499016916297,4.65022902244828,4.337982604080583,4.964025041663679,10.218797473128992,3.020867012074068,2.829546518938894,2.833016950935185,5.251765831225317,7.51544713719785,7.490637870975074,8.783996634914269,6.777143051170735,4.128598391502111,7.766955045252391,4.61949153347228,3.077945443511597,2.727232028906389,2.637485802707352,3.1737679649942416,6.309562147799345,2.3464707564819456,4.116701156970195,4.963552086429705,3.657189457097713,5.681243079898616,3.220068108740289,1.198649221955491,9.620179505928064,2.2816474849571433,6.534499052906351,3.5427648816408372,5.794755807349308,3.6671525171048778,2.3979548485358317,6.407711858616873,8.180104971214114,7.405704448899889,8.380250942088091,6.212445672665064,3.069399669451192,5.247782701048121,4.484373179215977,2.35877970533121,7.626529189767914,1.5474468825328056,5.676650799883976,6.496198570622311,3.300768797939729,4.723188586840293,5.740977942498323,3.2606619140314983,3.6840271546649497,3.3535902945647225,4.804168129854578,3.9573741855147944,7.071610636609846,4.177035069021865,6.890325023230549,3.2761194553065094,4.811306080945386,8.852198619066986,7.2892117092132365,5.016836399362654,6.818995478542114,0.0,4.358147985365631,1.4495607521135443,4.298965356180404,4.325390818334868,8.26009349420715,6.750163318411918,3.7221787668995123,2.196635955012613,9.168942014996423,3.75684007193117,2.6640619298120773,4.220625575654351,8.592814871273312,7.217221474972321,2.7875321865045977,8.315294812387908,2.9891423358663296,6.22468605650342,10.385270673462564,4.358129846922961,2.7605937851861233,3.061014843713726,6.690678070131755,3.050660614138399,3.7816176321343247,7.735765140109703,3.535095329895545,4.175274331378749,4.680751643042553,2.659529475268903,2.433324899264948,4.160722811824273,4.870761712686422,10.473167440238127,2.433018016592335,3.6747712443122116,8.19508748810428,4.6655009658744975,7.013767242272212,5.322728977577116,8.094010452702944,8.62993410715919,3.700383594073557,1.9242890010545093,6.952489223498919,1.6227252995572796,1.7822874496865972,2.640530134300359,6.29390316221936,7.517574212180357,10.47365627293416,7.433790347597606,3.931949884721255,6.1563456646794315,7.097848260263112,5.940004783665913,3.508833141482715,3.9402608762048534,8.89062617526809,8.681515774885622,3.2749742124817818,3.0317161633491114,5.049115997508817,4.853683178075755,5.118841356390989,5.035718852113917,7.282430792201512,8.045193655971053
LUX,10.362229552307712,7.266991445215033,4.925588311628009,7.3967285681542645,6.543003501565885,5.8225203610261715,4.432252115266552,7.612627787030599,3.2785156590704285,10.797434328716834,11.19978025748737,10.086756511103053,5.061136951158121,5.075092743087253,6.14908424259517,6.2671877210155085,5.853812368593446,6.746627837244137,7.81243519111338,7.565041253634065,6.608096286348725,7.441706493695644,7.453754341648012,12.840317534962555,5.195593504103122,4.037940471609425,5.980583665776576,8.257414751111893,9.994120281688044,10.148267149619617,11.462769717902953,9.50306088543924,7.270980121722114,9.941639072794677,6.374008461930558,5.670523543434834,2.951936949509716,5.280296700173168,5.286860174666289,7.36274539864432,3.8754376791268577,7.098031951453316,7.97248191249722,6.9939792587855845,8.90434888729482,5.470263553640131,3.836814748889182,12.346849871541167,4.865363023758941,8.741630268851804,5.328060176719714,8.414594900010979,5.311813814570842,5.957143471774477,9.247567490376861,10.77531064810526,9.716256835381557,10.713293190139808,8.605887415307876,5.266505928290262,7.91752778243909,7.3565609799959395,5.474286048739458,10.337808009356921,4.881851141311699,9.118062890833928,9.72667568814867,4.929155621128052,7.938935672645629,8.570603009091261,4.373762952171526,4.9904842363635575,5.923470122451519,6.703257542716815,6.810320305505244,9.970884279671871,7.344496178306335,9.477467360500505,5.723801541085156,6.701168247078078,8.567785009629588,9.484739454239255,8.308927438991512,9.407124296475134,4.358147985365631,0.0,4.846171882337002,7.40962913579902,7.428508210957455,10.857877946428536,7.265722293764895,6.6887799626408455,5.575954907678266,11.690821478925583,2.94577547323461,5.160676970383794,6.993487937545237,11.023019872811943,9.636699928045052,5.3649706668387775,10.952913145365008,6.004723297250099,8.519338785872206,12.777496633251603,7.626998761783432,3.577133636103297,5.5224131001623125,9.136366586926172,5.280418569260654,6.457109742238291,10.503362987960381,6.00566487244048,7.493254417787032,7.887930421321739,5.899296011552111,4.888540608661912,7.476447128585791,6.996912588115958,12.116875477350758,6.107272717006367,6.913006860253598,10.56659699918082,7.591970284320931,9.337441363836552,5.797432408410448,10.253987105554279,11.16839493188275,6.620110897522652,5.735260586671355,7.93195847711484,4.831238204082222,4.53217085780703,4.543911198193019,9.157454911208415,9.848389925528371,12.998430640463146,10.023171985586918,6.728634689460469,9.567433543492507,10.151228231136963,8.573198845027678,6.510805322916059,6.753451937726658,11.642452687599532,11.306960775427914,6.806657169273771,5.686966624879547,6.8028332485706775,8.306885558198353,7.948567120973175,7.658016316115598,9.808201863851037,11.13674051745573
LVA,8.259211008426426,3.3656285591402044,4.568692723195451,4.6847151385503105,2.9746325622613985,3.899889589502983,2.379641093354431,4.405799372267413,2.80770265714865,8.661943276992078,8.675193270776667,7.226825962477944,1.669879564234097,5.068197066742343,4.785635921588858,2.3226122020283726,2.7674690176548387,3.9561763642933463,4.414983672652676,4.789285703089461,5.235784362426965,4.483992169207275,4.983840429223946,10.269110513768052,3.4572124664638353,3.6951391759993233,3.230996325617308,5.634419018412391,7.750918595603147,7.688203898503702,9.130588952534119,7.152519914436173,4.312215932169889,7.753223203732268,4.301216260128521,3.112362774949467,2.8477003763477216,2.412176574014512,3.4346284145852377,6.321306488224929,2.410761461745738,4.367691128379917,5.361154284567294,3.754013624952945,6.072590557516999,3.2517461281643127,1.5229342583602257,9.945848858076356,2.4119018778160735,6.11757966750049,3.423109440299272,6.3395329510669045,3.608854121811286,2.4416200941746227,6.807332062869106,8.402320745859408,7.554489900931833,8.332707928385744,6.564892257280302,2.4599328026036167,5.469670589003901,4.703989610234007,1.6786376928554148,7.8828074991100765,1.5828477595880055,6.102042759010926,6.7905222471721025,3.98940806244327,5.308634764231425,6.290567243051448,3.449490090768577,3.798503603101041,3.2491632698669837,4.791688944915265,4.705697486157637,7.165110506329554,4.478542222692648,7.335824816469221,3.7071381242642647,5.052206679979567,9.205258629245893,7.482713322413412,5.4523726594780975,6.866669640443078,1.4495607521135443,4.846171882337002,0.0,4.3205969379528195,4.042153589768098,8.42464720526407,6.718786048916518,4.214546713535854,2.0465874080037554,9.42706677292087,3.7635849541291826,2.1149925625866253,4.9154967709803925,8.803497587479583,7.577107947848243,2.75651510810557,8.42147699065726,3.8333800235604745,6.360762889879272,10.539411600416331,4.490985701280267,2.984085714704357,3.6180886816306956,6.8667282184986345,3.0270105464652115,4.0621419733243105,7.961162983032875,3.6809017739480865,4.507872678707544,4.872592759587607,2.6568733706364034,2.6169861660940277,4.66534194707485,4.930875285416983,9.969520496551917,2.2427856639544665,4.0057256458831265,8.514462455922047,4.591121297004805,7.250195247887739,5.208610852489927,8.08999775290392,8.848364384195493,3.664170422361773,1.7067576136447202,6.813033497649462,1.7151932300980595,2.014561606861434,2.7494831505422486,6.254344399395295,8.016389523970094,10.79279150061877,7.555952522175272,4.40374436271774,6.500557932897806,7.336739308762666,5.297452272336411,3.5812912515144153,4.497123765521071,9.213962770137137,9.048085696396402,3.4113512062927156,2.9569416669930035,5.235222307946435,5.228877443033633,5.832006007622079,5.267641406599625,7.773304379072793,8.459320652611447
MAR,5.646483648987606,3.4588602614722053,5.787332352163895,4.1844647515384255,2.8539999550154778,4.942453933622954,4.342495897910969,3.6572410595482103,5.134355650275558,5.996816012626213,5.811357889244123,4.634798694059016,3.778248213390179,6.133239800771397,6.40964719807692,3.622510920770011,4.3807357637459265,3.9991280661969633,2.784810558068061,2.943505210364682,6.076229360922532,3.190620370746609,4.589140419772042,7.864488679864878,4.714242274483853,5.281354410378025,3.4825358851596206,3.950543253286341,5.091709734040701,4.970801182236391,6.520087511685846,5.219215988068046,2.4126163909124783,5.825233423597612,3.9437082656549576,2.9657925566650736,5.330775505642265,5.108003607703361,4.949566591373125,5.444934105743408,4.7925614308869005,3.1299607903141293,2.6358901507975716,2.2231750665543197,3.8082030893701466,3.9638434955432156,4.824080524896943,6.8309558018058585,4.422647248996011,5.6754761172609145,4.278824121980625,4.89124844828088,4.850171711399811,3.420569188870828,4.249544933437684,5.651537018165672,5.1129581656356455,5.985158910130432,5.257522042708284,4.343916736441476,3.404695219049401,2.5967138427856584,4.020512652343077,5.458575763893055,4.0533593660155525,3.669705232781952,3.822518906930443,5.3282136687743105,4.054565954460779,4.075669526454047,5.486102642830441,4.840166113331015,4.1629503716230625,5.6249248920114665,4.144459456728038,4.76662941225256,3.322829327272288,5.554308469090297,4.991036507526603,5.8356245057240805,9.535237062553291,7.101971839993086,4.219624355928437,5.396886546100278,4.298965356180404,7.40962913579902,4.3205969379528195,0.0,4.811759848112396,5.706791636454664,7.055973555189935,3.033106730999148,3.5243482049068287,6.338743549009063,6.352630194384739,4.585739866627234,3.791570747679365,6.075635779066625,5.034268035087946,3.962632513373113,5.8288055281102125,3.52983590426974,4.460225602285779,7.738870100755881,3.0564581609183623,5.043324932559631,5.179409159705103,4.240711526736529,4.468585318223647,5.070657844636942,4.775942239002654,3.7269276783776952,3.0895817040349622,2.7643033648839084,4.6259954775058425,3.6074979497648587,2.7050448560801,3.461241923921405,11.940086893040613,3.4304111965534707,4.319894664414211,5.7971950693327265,5.486973283947244,4.2567323475052765,8.012258612529928,6.403440271384863,6.207750097675201,2.824990114912413,3.4497528526502728,6.082659523158352,4.244562054922256,4.706045369082891,4.530032663121017,4.842744844576865,5.860344909315156,8.068338152634535,5.21900256006162,3.725427649103184,4.397784881323369,5.8859971592117395,5.829475987695507,1.9033353620976194,3.462189481130688,6.435368522224998,6.268865895751065,3.5174042784562416,3.625741572205627,5.694362588652155,3.213348471764303,4.145050357184161,4.1264152512862,5.76057526250719,6.2843609264229165
MDA,8.26969775640016,3.822047109483241,6.282675561729355,5.219646162421222,4.398892339972921,5.944899900174456,5.162560282576471,4.51833768757502,5.742782875654811,7.123144122943018,7.554100846630453,5.998045815651417,3.5235447349507854,6.4542334621530815,6.288718795405194,4.172641205614728,4.338416594591042,4.118868411941415,4.044604501819085,5.7574054190178625,6.838531653280343,4.3021603657470475,6.1375549070163835,9.055111093471854,5.697937300861415,5.821727545055738,4.7766909739261685,5.715320505399362,6.4178419626159835,6.7419439961844345,8.120961706016907,7.557014884314513,5.056866534588473,6.762616982604445,5.603101589493132,5.023861127772984,5.318507235137055,4.380868205996395,5.4722242824078,7.510612517297342,5.22009497564255,4.311329316899931,6.0484208306925,3.587522152321309,5.731664505113013,5.839291944625974,4.602936108832205,8.355472706028122,5.363990184834058,6.790233161834024,5.6141713547118925,7.303451847709825,5.509169347814169,3.6410847448184573,5.704435384432499,7.368407223039857,6.733100774569776,7.020047476353246,7.057458297312926,5.154233484767923,4.302681695883666,4.56081058668094,3.60110820877876,7.505221213357398,3.762391427416206,5.35422475799659,5.662990840562632,5.591065740252436,5.845689642255539,7.06287223243846,6.014221454923509,5.708487491267336,5.2218367153459875,6.295923402754219,5.343520510737297,5.964812818462458,4.217116652050206,5.890963873863483,5.488773502416355,6.378220330258638,10.043483075175697,7.946871091166486,4.907517138938731,7.223165918742935,4.325390818334868,7.428508210957455,4.042153589768098,4.811759848112396,0.0,7.152693168871804,6.22997172081417,4.590621918528487,4.543850252507479,8.223166332322851,5.644375638138908,4.637934146790255,5.75395493021063,7.952463089439742,7.542212048433284,4.180324306667719,7.3214491484211965,5.031570243402585,7.091964733093518,8.821322492561693,4.151329846880199,5.573714776204776,5.592591864166632,6.537463357380264,4.774877797845646,4.988061515440005,6.7739800873464935,4.5524956752807535,4.270397246325306,4.287321856986341,3.8951857863369286,4.753689749787036,4.844094838312127,6.498707559815094,9.895241707173676,3.553657307163145,4.883547053527898,7.975894557692272,5.7232688285966065,6.407691492705391,6.826798878275262,7.100041062605222,7.325095958693971,3.541214673683624,3.8368869367890857,7.210119190583397,4.404472475028441,4.442071176187067,5.763688409608973,6.9071156305469295,7.8772581137521955,9.227955143430606,6.09844226711443,4.491994417854154,5.4813710862416825,6.160657349241988,4.878867542620419,5.0660493655243215,5.4250778015402314,7.733208138994129,7.846923992549973,4.564710409511762,4.727526326319391,6.398370752748859,4.806919794880985,5.309365204138563,6.734973472314869,7.024399158542553,7.309566642182429
MDG,4.103456552026999,7.453743031277276,9.374535741313807,7.789549646265121,6.867925024025771,8.993203361159974,8.602414873455972,6.920083814170108,9.253617578242704,2.600758757350209,2.1890429530870823,5.154433197378616,7.61144025538093,9.327293448978235,9.973639832652703,7.777619598294504,8.124045878324212,6.767829866080885,5.222080550925904,6.78738733265207,9.238137014260573,5.929853592371378,6.339371366190974,4.132736314714833,8.881477074719989,9.10811753099415,8.071505036739717,7.452490117625271,2.574465680813075,2.440486551873206,2.9541785499238884,4.545972175356152,6.505511207129545,3.9635504932793846,6.661066036538827,7.404862180292608,9.048441768566725,8.9383849062317,8.916796409635422,6.464709295155384,8.961817880037279,6.517220328480647,5.826182137451107,5.899422809473841,5.7518486527028285,8.679215346123318,8.801955591094396,3.199267583933731,8.65995985346394,7.002313152638957,8.46188095047844,6.382596973516449,8.917325970731227,7.1741981259975836,3.8352530867154613,2.549016337227045,3.1446178800246387,2.5862305155513527,5.471990454416783,8.766260638829372,4.426709736313888,4.466338408671753,8.176419678145896,4.148008030851158,8.090729226302173,5.436211947100225,5.097574653212814,9.330950776548045,7.1742904420822775,6.276159061591805,9.195891844373264,8.509578231069733,8.565249605169718,9.41316616988123,7.031744934271538,2.7510293572918796,5.229488243754062,5.208464488667038,9.24779848089774,9.402608129085742,10.957755684126077,9.439832532372487,5.7081825110202935,4.803667571636055,8.26009349420715,10.857877946428536,8.42464720526407,5.706791636454664,7.152693168871804,0.0,9.50105960669825,6.571463597783819,7.702368693774381,2.521898119891548,9.869885080598669,8.458840736034249,6.5516960490057645,1.9718992266490636,3.3769813582680994,7.083312024902951,1.3517106144216908,7.451024411200546,4.528153133164171,2.904311157423528,4.661500827542016,9.084128166929258,9.069229019225897,4.480343304060262,8.325421522832933,8.445257216621354,3.2510256850533614,6.981717936353258,6.066262728524187,4.82265470784782,8.555309203728946,7.779755769938024,5.508207564734505,6.506516502994466,15.015526735773724,7.434472746430088,8.053889628331769,3.394538857143385,9.530723850327185,2.697264172694222,11.997174041265795,4.158838820413226,2.5685259451979805,5.723762866355446,7.747494510698346,6.061618135918806,8.250841519086787,8.638118009410666,8.858234545172515,5.48559592611547,5.637835674745823,3.566622647567109,1.8135675674362448,6.935097689292276,4.6232539479118975,5.647112547465169,6.985415065301974,6.155644228636076,7.547909358194166,3.2407139336650603,2.3589554263488437,7.404255735072056,7.730428644986158,9.18450084589712,5.52810857936872,6.138004611879538,6.5723750900547415,3.3582857257456875,4.382846798368905
MDV,10.453528063631987,6.978695504607302,8.433988417448807,7.865334038051164,7.22952704928607,8.396656709947244,7.178647599086363,8.306810055052088,7.078674657327904,9.307549414344942,9.519065085009478,8.978649069473509,6.593472542688221,8.538841843677263,6.1384007706918915,6.857751867946979,8.133821960612922,4.663504364768322,7.295991650242749,8.298315971579909,9.555296882890264,7.188889838739986,7.470302599769971,11.64920663380382,7.7267491814167375,7.30948947838914,6.946803954257359,8.333653239820801,8.876854190268446,9.433636604999235,10.558621406999649,9.927442339953434,7.076067548430632,8.786548983544556,6.344560524694354,6.445289807390044,5.508184003494459,7.863372333997176,8.103811984043796,8.047915106437037,7.012236209195917,6.6908161504877395,8.48343828931679,6.701846952781649,8.880781552969435,7.2882579010831074,6.466490518938922,10.630933990355587,7.596196728996593,9.4793468511,7.187571511624994,9.678295947064694,7.215932609447546,6.243231165412624,8.811035347248977,9.642758043055109,8.723680474357046,9.177151216609008,9.589598195490549,6.686840777841959,7.162185730777289,6.297721233169052,5.786066814377075,10.095104568692147,6.877769842492241,9.105948116281697,8.49862269308956,6.31740680030168,8.910782752883113,9.544369537238161,7.370585552197517,6.980378647427584,7.104515921568219,8.798197584119585,8.150443740142839,8.543400432300569,7.367064176541899,9.336306551789043,8.215996059226459,9.36100950676285,11.211768614740816,8.398797467294417,8.031351519635235,9.214927468395885,6.750163318411918,7.265722293764895,6.718786048916518,7.055973555189935,6.22997172081417,9.50105960669825,0.0,7.772357958994843,6.998983269247755,10.389037771781602,5.769715456123059,5.660368520260335,8.380827925066956,10.083441296561444,9.577440833913897,6.676882515690361,9.413667092409673,7.9994118955662765,8.42388444422463,11.30034504253929,6.966934343149855,7.1517671718502385,8.235912651364835,8.468424795465504,7.34965446192464,8.727168193633988,9.130677024256835,5.527199312146166,7.16433056028592,7.756013538200033,7.557270510370913,6.620587329725302,7.901269393485844,7.511078464010175,13.839135948657834,7.252590647102635,8.339704475116205,8.778893979236752,9.109525846925568,8.27969705404769,8.764002326778758,9.382175734617071,9.71305763932959,6.0746489891500435,6.782254986071784,7.998869156907328,7.028295758346242,6.593855416266836,7.411958202203375,8.648264262710182,10.00199941738017,11.838944077567607,8.877339610116152,8.007698905570246,8.403412867596682,9.57197811995033,8.683597529149859,7.172683221858633,7.4096340646861245,10.435346123134204,10.142277573478074,8.041360928798413,7.119395982069018,8.512195150351495,7.998927081520924,8.485251802772654,8.524867638014042,9.392918607998316,9.953660233618972
MEX,6.231555188162129,4.273311264418242,4.309871207189215,3.7188218318682957,3.4085219458407616,4.142650877323263,3.804644731774581,3.2757699324724396,4.434145606258859,6.5370230878266975,6.96533782086269,4.423905343452676,3.130605814895546,4.790605053415319,6.454657604643093,4.168954015753556,3.4189322582779815,5.181825175561772,2.9137270954279346,3.0431768074941354,5.673582818933594,4.558574094781385,5.300442341347111,8.464003306218908,3.7903921633806124,3.984239464205959,2.8778632549291636,3.2332541288835577,5.289933289972698,5.386170897330426,6.908315897536856,5.8044773395815215,2.866170458898625,6.81367716871655,5.394677559389189,3.528084796023202,5.163124104571283,4.023969812620163,3.6378727860595914,6.36887419304001,4.185862425080354,2.711568316118787,3.4784493594953534,2.1810699449209117,3.4002413873892774,3.926821473509527,4.372226972646909,7.480226150330044,4.179799568400846,6.582754898458629,3.953388155441995,5.0618718415723505,4.011077006852266,3.5371902902970023,4.2191302520435325,6.723170112940926,5.91133800868802,7.182494582382635,5.559673424686859,4.478590707281429,3.1860609009214755,3.60849123950677,4.237883998001531,5.969372088765611,3.3624251056501504,2.876616105693366,3.9365740477446423,4.6187871060492975,3.4802111184108377,4.309728739858493,5.4337426609046195,4.284818442422196,3.7567335074639896,4.433223068318886,3.1078799851522336,5.307599519894456,3.971384888898505,5.158049372816008,3.7054198089865307,4.968629668360821,8.620899696848761,7.611907191417803,4.022628530437647,6.646850518338366,3.7221787668995123,6.6887799626408455,4.214546713535854,3.033106730999148,4.590621918528487,6.571463597783819,7.772357958994843,0.0,4.010914783808553,7.3067864318457385,5.835955965856034,5.084997168779366,4.041647870963764,7.120224279437354,6.029837937302896,4.170134214934794,7.01796046840449,2.4041894336451834,5.847138955504721,8.494722092704743,3.8032687558500493,4.255717661778077,4.3537020359938055,4.975812949872542,3.980401276339936,4.091497811129651,5.360719509756255,3.712040560511217,2.549243118194137,2.456744287851014,3.4673020705259163,3.443959509647151,2.9497661654121883,4.885787776619206,10.915550781718858,2.8916653687845595,2.8877923958538956,7.206635545714183,4.778680302873221,5.2491576088982,6.734513655625462,7.469387163548029,6.761523579138252,3.101665749765423,3.4579633424767184,6.980609165149603,3.874763871700421,4.3576166578060045,4.221850524064368,6.285413326158792,6.1592211135990205,8.50870453532586,5.779295419777577,2.977638464753413,5.112547471339945,6.5256887224364135,6.727408603004587,3.311357523821789,2.8366358832269554,6.721916953705828,6.766071456806619,3.292446610408252,3.6086478776852804,4.2475920225126025,3.6515725100973184,3.710735223078666,4.357329176850087,5.641791826941017,6.635487471847492
MKD,7.3004108849740605,2.459463427626601,4.9660561549527,4.628745935832159,1.8506035802863365,4.6623459771706655,3.2330493985133995,3.888482739177118,3.8698451612293603,7.972383398166491,7.9377707052362805,6.351122565511308,2.3607710191127658,5.550438364891479,5.46589009062712,1.664790845264433,3.0214207094364602,3.6162234192917286,4.224766523401951,4.373969114596062,5.189230417384159,3.8376244602427563,4.74099012942801,9.333782060110693,4.189163058155542,4.288015662661585,3.2804800876787534,5.505282720076328,7.1076522525638905,7.037913735856222,8.422839936715631,6.101015239243677,3.825718165760134,6.954595446319369,3.862347198507777,2.6584875351698423,3.6625207789603795,3.5772884668575053,4.502892710127805,5.414399921080226,3.6957008104216897,4.000906059868406,4.555312691473398,3.5229073535134883,5.360201954241992,3.5062876695155047,2.740895161658902,9.007128749416632,3.254141594972989,5.990926909924591,4.191630761233569,5.3708478146441285,4.691320960346535,1.990936258673755,6.030035530780217,7.449964537984331,6.6613508904225,7.664855691984497,6.10905473464503,2.9169947626260795,5.044257176690088,3.9611718813945465,2.616216901576076,6.683049841220715,2.6643604690388867,5.474854714913739,6.013602315378229,4.285477624343502,4.802968782935969,5.437860161002113,4.354925559941427,4.757179575830646,3.691553315378769,5.663161745811239,4.507302249185828,6.517164008797517,4.025770342593613,6.6788622121136445,4.395801063759204,5.407485432706998,8.696990762062622,7.31950384555926,4.854336805617344,6.140624126948173,2.196635955012613,5.575954907678266,2.0465874080037554,3.5243482049068287,4.543850252507479,7.702368693774381,6.998983269247755,4.010914783808553,0.0,8.501390728819072,4.778613484929841,2.4407381365800975,4.1089696746545705,7.939970698830864,6.533867825676789,2.4266094333355,7.680731929183024,3.58467065384459,5.616837456651545,9.861631036811797,3.88683915388772,4.1326094450649,4.337748649227727,5.740511041644766,3.9133260392886755,4.620198730283095,7.107951940844309,3.6410354170124024,4.312528266072463,4.62014368865176,3.5421099317760625,2.9157031724301423,3.8180411856992036,4.372374035437885,10.521324507096214,2.5797003556990616,4.35575752453108,7.554564944416825,4.947853453494494,6.54356045153449,5.829224066974969,7.734932594136873,7.928349594436208,3.534384040578868,1.667392818675998,6.268656159985412,2.5026662113072846,3.0358435263971693,3.6640537857770714,5.306385635641431,6.7873809429562675,9.958487513106093,6.909028491089363,4.509271044075342,5.602524375773515,6.832898386571285,5.369765412624461,2.5532908809608905,4.033767467734225,8.495659553731112,8.254250374230894,2.976978263977584,2.9047338368484934,5.842233607218837,4.790973064271794,5.15454551332854,4.732705681268643,7.056828162488596,7.581510006784275
MLI,4.086149578666599,8.203850846051761,9.939393590146862,8.68415138411726,7.6444148972476675,9.909743872060057,9.494788954337315,7.433512509200153,10.26436571982132,2.5018888668836143,2.62202619198363,5.701799436369914,8.666737850310989,9.75812628687767,10.90005285120598,8.723993308544062,8.927340037501468,7.702139265906788,6.050212881706048,7.712878873141539,9.47098320103274,6.542673065560147,7.4035556871470245,3.701347444309815,9.871334009859128,9.881765017329766,8.920426493764287,8.286033406365341,3.022466362614206,2.9567608515377692,3.5454135256038852,4.9490862050912945,7.424514829111083,4.3295889336475355,7.785057601446928,8.355615389362578,10.10095163431291,9.9490937119028,9.926142231007809,7.293722431875504,9.936726850538324,7.21272929992685,6.314865450102078,6.846847466269363,6.1076052917969985,9.684706628556652,9.724165090693475,3.003485075451591,9.580614764676218,7.5425399753428986,9.562463516942154,6.363522099883924,10.011613824374772,8.138596006823372,3.9364872457723634,2.4280024222304633,3.616746959430305,3.2711116149523067,5.8388255967706275,9.904401675765284,5.3525472561440015,5.531791768866951,9.231932905088588,4.648874683681096,9.056523781473757,5.834281016216153,5.7881681813498975,9.839729930013153,7.850105434594111,6.5447619372792065,10.049144690089594,9.45381266672723,9.647307562583322,10.472177748646521,7.3844296522068475,4.057628411296644,6.124452418621784,5.090608529454701,10.133104612862347,10.035004955655202,11.673232536828413,10.03447109498951,6.6196914417988815,5.630738562973568,9.168942014996423,11.690821478925583,9.42706677292087,6.338743549009063,8.223166332322851,2.521898119891548,10.389037771781602,7.3067864318457385,8.501390728819072,0.0,10.971416049901592,9.484265758053263,6.659445085605954,2.284279200176591,3.2002647991272224,8.150002281560651,3.1762433729281465,7.9327805266354225,5.104819291599846,2.4195554119851215,5.671600440333294,10.088444260072224,9.846147468907091,5.181934154816851,9.349968176816697,9.076176605938887,3.9117689157568507,7.987238676778099,6.904213344816377,5.942536907894079,9.577121172922277,8.770625780184213,5.833561551573111,7.314270665327543,15.788366082137262,8.42784583882563,8.932289005800847,3.833172498390186,10.230360049814836,2.915748147069917,12.929649936818503,4.7397339361650985,2.624428492818172,6.912334218000601,8.691591387434352,6.963841999674778,9.174754412508943,9.535118861236613,9.829124132138277,5.985446057926309,5.911489392593037,2.2138070521403255,2.8342335695715093,7.715684776205459,5.070621660208262,6.1702127693595425,7.9904283112054815,7.086204649597182,8.244819385510711,2.820262218872941,2.4452752539373988,8.408072997195836,8.68978168113542,10.187626738059578,5.983489120129073,6.314638137410321,7.451062118184273,4.23030944616045,4.744686024946918
MLT,9.964005431133668,5.817281049525962,5.444351581183939,6.433314251721066,5.548303264690732,5.387117881240834,4.016972184635818,6.876734697203251,3.069842811352583,9.747304852387554,10.16283703826823,8.91414979120323,4.009766239317408,5.480175302386831,4.462824181233827,5.27298550669738,5.378313470632552,5.078996072142106,6.514339900312417,6.6540071704767145,7.024123456078472,6.454759595965983,6.615704016630125,11.917483081183132,4.87406985160804,3.7129826031523194,4.879474993530875,7.396822783770315,8.960866898628346,9.172006762051643,10.718612437205367,9.073161286483446,6.09397392779032,8.909718273505824,4.98302806585606,4.337823869510455,2.1332696392692676,4.558551217699624,4.801540673386623,6.756665324003994,3.160285594509762,5.794546311131302,7.419378518131959,5.583686463306823,8.123635543170078,4.699186482349096,3.290049200061468,11.460924809645428,4.416330963511711,7.69889209227098,4.4463830329953895,8.16554343914556,4.2726627566456825,4.790660591309225,8.394772170328682,10.017300506478463,8.696982919318694,9.571596121367877,8.296772974143169,4.0109224447746925,6.630915955544296,6.165658257097743,4.0223073914181695,9.519748762057196,4.040402174526471,8.237098383280468,8.708730955936462,4.556565916649684,7.49967946509096,8.371215624539328,4.134574855421646,4.291525052268068,4.845752087881638,5.788986458348777,6.696651985112346,8.813249703492222,6.574896494247312,8.731828086027665,5.197975929984111,6.525932762353339,8.789086776828633,8.834755644272828,7.374599784550635,8.753873462874783,3.75684007193117,2.94577547323461,3.7635849541291826,6.352630194384739,5.644375638138908,9.869885080598669,5.769715456123059,5.835955965856034,4.778613484929841,10.971416049901592,0.0,3.9470061881674905,6.9835826248314685,10.333658212979918,9.169490065946091,4.415587111357914,9.984966070321008,5.769182554198403,7.953257629267125,11.913650213812806,6.360885164871038,3.2281576528255447,5.290894028832445,8.109353093349775,4.3302014373649245,6.109071202131738,9.5248525286466,4.496955043601311,6.206906902418668,6.681936026665874,5.034311539131398,4.0305862551554075,6.684000127930209,6.2494377873278975,11.240416658043968,5.1111017105254035,6.335257593015966,9.772950569472739,7.01165159702047,8.425314522914768,5.170713238177896,9.27508555592233,10.127974049662985,4.980848023957578,4.789804522003916,7.12877063467363,4.2625572252185435,3.892878730646545,3.9538597069030947,8.358977495780882,9.445284080307129,12.306289720211328,8.938299417254878,5.97104801840223,8.629016745324568,9.310254313657273,7.405067881080956,5.632324839164995,6.069746232774646,10.739074883631373,10.464378079127313,6.044619750583564,4.468306581299871,6.224411768211753,7.571982104715032,7.516261344651913,7.2541475070399155,9.1219496513127,10.338543942142373
MNE,8.266767306113328,3.4257571370008097,5.66218554792349,4.744696283555164,3.0857582533520143,4.805084061340679,3.5387049182858012,5.116050304570386,3.762987603770364,8.680921269587202,8.739314997241214,7.3638254375310055,2.7325262478611707,6.050886274274515,4.318917206111256,2.4834113844517693,4.172438896881604,3.1690753696117486,4.733866644977783,5.0612805714025715,6.20837198849096,4.916323224970709,4.664605341423655,10.191442628762616,4.1925017023252265,4.506020836688492,3.6089663432490737,6.271242608741089,7.84917466738527,7.833218537835553,9.212155094730756,7.1066477394778405,4.221548389659078,7.524545730728078,3.788941493540898,3.025723721525119,2.8153650324252486,4.063332728368224,4.704717135618497,6.022391104511878,3.45491331235268,4.3756622355044374,5.573887514646834,4.208573068507185,6.38635483567535,3.6478951437226232,2.525196546936093,9.836209484720339,3.46965811020037,6.802436019554682,3.995790770863902,6.440176199178295,4.327024862469596,2.27576503779643,7.104611287050635,8.47765795029385,7.280388211479349,8.201238974879963,6.8738612167202815,2.5536544663787106,5.7649204215799985,4.565787604740817,2.0828079171008547,7.728924079210393,3.188739913779124,6.7221688729589655,7.006659634457618,4.487931919710871,5.707555541585052,6.560030314725735,3.866066293258739,4.146440413404143,3.7574394938293176,5.800001118286654,5.225036483495521,7.076668706166542,4.805125715425635,8.073064961418694,4.933820011915807,6.077674938046749,8.907966194257035,7.138859091897708,5.700879457136932,6.904762188742264,2.6640619298120773,5.160676970383794,2.1149925625866253,4.585739866627234,4.637934146790255,8.458840736034249,5.660368520260335,5.084997168779366,2.4407381365800975,9.484265758053263,3.9470061881674905,0.0,5.394548325452639,8.886796616221842,7.591343545808874,3.2689430513075437,8.292152588581274,4.975060563607295,6.229796590613108,10.684007211203447,4.659025744709006,4.09068928616521,4.589289465399418,6.564141268212326,3.8380448911799103,5.37758812785086,7.880074833626137,3.370846897051651,4.791070834598077,5.58196511927292,4.0786319516077585,3.297249190876753,5.061345860135443,4.462072245858036,10.9228584973442,3.434241966622045,4.906253619013326,8.097107660285136,5.3894174061017734,7.383719075486036,5.923503422915351,8.388250066812548,8.739962188926613,3.878796426541103,2.4703272033729324,6.212083399441175,3.1728233835492934,3.160604564373378,3.5719253308453602,6.081799823251359,7.757183699446722,10.934668571931379,7.647615148445788,5.789946610576948,6.4885117089853805,7.766688870899608,5.768958834214584,3.7463633190220493,4.625994156710037,9.357071678222336,9.108174475150644,4.084952235044538,3.1611294919657746,5.707343224961219,5.561974117149197,6.729797428520459,5.1752696280941,7.83638368390551,8.237957164194688
MNG,5.278503961907233,4.746567907976045,4.334413240634781,4.8312312299035,3.471891983867063,5.380172367009605,4.77971464672135,3.04741642881039,5.609114482339381,6.74419495413469,6.97409108912975,6.0416146163580375,4.380810088817119,4.472097859480083,7.862137662730884,4.495915935163019,3.775988167549787,5.600570223852217,4.072800439149511,4.780117686156303,3.8686364272030023,3.6586131488229667,5.187448229988759,8.199520725318969,5.03096719682883,5.387476571398304,4.432683974913125,5.46654204028799,5.962625427559134,5.7501743534029455,6.625380595646339,4.572579716635492,4.47395565497412,6.547906221548032,5.662586469276195,4.835199416275742,5.9518524238193145,5.368279826530852,5.527688518712108,6.447772182613347,5.330984327368099,4.37694365209041,3.0478803117787114,4.166651124174868,4.618270372145937,5.529844117864426,4.7449468639438805,7.420672567052611,4.767837636874761,6.729968171899795,5.89526047844824,3.3616790493289517,6.299115965594841,4.1626795047728065,4.520921380735086,5.911171411856784,5.758893236534432,6.802877546993227,4.182411995787169,5.93761942883316,4.90601471860539,4.167082838819207,5.301482221182331,6.010933317338613,4.454898589038971,4.38823908697607,5.588663236367685,5.344234736287245,3.579427009793691,3.3459770240100988,4.998207473900413,5.462790089071376,5.8427246364743946,6.810619287854251,2.9020353403125774,6.141283745470887,3.3808144842713395,5.348600286627193,5.354171607364471,5.088337631841069,9.476105794749724,6.992426295381672,4.937521071070771,5.72516450297995,4.220625575654351,6.993487937545237,4.9154967709803925,3.791570747679365,5.75395493021063,6.5516960490057645,8.380827925066956,4.041647870963764,4.1089696746545705,6.659445085605954,6.9835826248314685,5.394548325452639,0.0,6.456235139007344,4.660465441863105,4.763623830178942,6.783896362318,2.8707882654002925,5.097381070126944,8.173426564959382,4.045965202278388,5.504699775790057,4.570792139040308,5.683299788118485,5.022106645556151,3.985360392849911,6.123192372555659,5.189216598948964,4.1199686629858,4.642718537185043,5.210003125492422,4.851606848947844,2.6350785516103996,4.531825921070661,12.013795831247466,4.50485118071276,4.612750464109103,6.6264438186609675,5.473558326657197,5.2939694655807505,8.342202871037294,6.8691485457568495,6.712992131077224,4.64855687617829,4.1716584038206,6.866364914617208,4.58065970042324,4.8211854311627995,5.279743380633071,5.696210228495439,5.339030761288517,7.902514421389263,5.88637365795731,4.406457407780487,4.350600069694479,5.27629802623816,6.258751290242695,3.6804194378458117,4.071412045625495,6.793327871728655,6.671647372419292,4.151760376246802,4.6123800168757745,6.71576998579479,3.018988641087667,3.9054214644980734,4.930088666272836,5.648127748298674,5.9690289814620545
MOZ,3.9445974960301533,7.946835874452628,9.583346434595688,8.547648987902319,7.280533133332605,9.651583586037985,9.000750813508427,7.308761314921492,9.578342563749368,3.304455494578923,2.4830643772953085,6.231174562008938,8.098025476911305,9.543051744012281,10.573032612487498,8.202249079962282,8.426170651729544,7.3012115614095725,5.917959867859081,7.450360993735581,9.2410543294439,6.400796472327365,6.625450279019574,4.1762134564164475,9.46044333130248,9.545306137309238,8.646720700177312,8.233506803518555,3.61815724500463,3.3797789398880402,3.0185834822254862,4.362466565105565,7.230763371703105,4.5796822258090115,7.16251599545261,7.989605013064777,9.462644521242455,9.394255190425921,9.451187742038131,6.356160727013345,9.400297089715618,7.274191640670983,6.220918654228707,6.70606151992228,6.5298422777422,9.22576249338995,9.140359424936953,4.098612726010989,9.094454910849612,7.0608264176368385,9.066200875535904,6.2360641282809315,9.596234384959109,7.660905950803422,4.384418378736859,1.9084306725207958,3.9257219952786526,3.2120597175355523,5.495105904566812,9.296648369446665,5.502883040674427,4.958430506168247,8.695502222154214,4.888182596303179,8.44940150363994,6.118733653489192,5.878546056835426,9.542062524271888,7.734372191641904,6.412841014561082,9.616498015402152,9.118120617349355,9.230295380083446,10.202984537816503,7.468461729638922,4.021217906228091,5.610414177129116,5.368132121313159,9.800957747817876,9.827318234706988,11.518350239019014,9.483843522797844,6.639489630779768,4.438256205388481,8.592814871273312,11.023019872811943,8.803497587479583,6.075635779066625,7.952463089439742,1.9718992266490636,10.083441296561444,7.120224279437354,7.939970698830864,2.284279200176591,10.333658212979918,8.886796616221842,6.456235139007344,0.0,2.916806195015166,7.558240364853064,2.5603984702799085,7.66083749946135,4.461298614236395,3.3406951240106384,5.032743220066637,9.42704257955264,9.552543525357432,5.164177668511043,9.04486964421513,8.82031481194826,4.398047528827779,7.6579823569677945,6.754104419746288,5.639273997646771,9.090796474849615,8.339420217612568,5.859192857461763,6.70244957584363,15.614311570608962,8.01834151322624,8.69234367836512,3.5704726710918626,10.05495251175749,3.1264618637347685,12.41928879440233,4.41626275790293,3.413535207164844,6.4448756225533,8.143664942013347,6.599410896020646,8.521683791542108,8.98283753280869,9.276988468648721,5.4442907121069695,5.8637767969044825,3.5789950791502934,2.8748106000583795,7.390682536606256,4.905611960698469,5.836768654496951,7.498888575296184,6.490739602398171,8.045450400702695,3.9189710095961914,3.0025691747651853,7.875232141491798,8.359489737507555,10.083664051975024,5.930250766041798,6.155718395387245,6.928981559877409,3.8111490274034785,5.008861584661431
MRT,2.2944395846804726,6.735995554826689,8.008444414732635,7.149506357853867,5.739087503402312,8.178222278432482,7.61550357949675,5.8969878251235714,8.303912145823288,3.9525836047583183,3.7402040155820795,5.7108894128383225,6.966473970234619,7.875443124499161,9.516047455633778,6.973874007340142,7.136969681589184,6.428422374545124,4.936215781013668,6.217538444828273,7.406451823382375,5.248800380579186,5.304911572255313,4.984601227617356,8.012715435827465,8.012693259697842,7.1365667426794985,7.3879372219837585,3.6158934335930257,3.1339101308725503,3.6135541423915516,2.380149082283124,5.930063402963042,4.577929458294435,6.059216391444611,6.520843326995948,8.277980837240317,8.26770052480506,8.267331237484655,5.410454936338177,8.022708702934045,5.837783892280218,4.517192542267906,5.687032999549091,5.448989382859096,7.850880184911556,7.764228853165346,4.680039655259157,7.614582687801381,6.604366195678942,7.932279170017467,3.7707859156928523,8.513747434921376,6.409667195408597,3.587047017221737,2.6697860040089862,3.1901801486898678,3.9523060802685617,3.6813864643971037,8.106218630770263,4.878795926365187,4.062061637101304,7.6508177596736475,3.864889643938199,7.347696326833009,5.285860053346615,5.7776393108033695,8.105878088120068,6.243322027170279,4.637724251141291,7.900028704564711,7.701457843466538,8.049179772118098,9.054387898833095,5.87648043087724,4.262277500959385,4.802066410454373,5.10387708383766,8.483486807942171,8.167429066491982,10.425116564304945,8.279512003400944,5.761162546263566,4.170979246368377,7.217221474972321,9.636699928045052,7.577107947848243,5.034268035087946,7.542212048433284,3.3769813582680994,9.577440833913897,6.029837937302896,6.533867825676789,3.2002647991272224,9.169490065946091,7.591343545808874,4.660465441863105,2.916806195015166,0.0,6.515412939685291,3.7102902519878285,6.250226248457186,3.2762306062914828,4.973328478658111,4.156186928466009,8.210605827562947,7.864879083465162,4.467516977441625,7.646744655311956,7.363152212421358,4.43310779492239,6.317044068624435,5.492836261243194,5.175669268592563,8.118759502426752,7.09352046500283,4.234835509718891,5.2147870517596315,14.598279615317898,6.9423366767202515,7.5182056012764615,3.657302175444072,8.591318903163186,2.926481208763745,11.136208134426822,4.982278135207022,3.717065790352657,5.553999860717275,6.943657663522487,5.776240176299058,7.371664099927669,7.713916386694698,7.795396920682596,4.520852391429009,4.571045617133087,4.621225032945012,3.322075283342048,6.644286627069424,4.32119944251567,5.38096589917631,7.056589434765592,5.1740967640319,6.520103101920911,4.255016726207725,3.5811226396308267,6.757536338589392,6.818732523373933,8.930693051667102,4.859504609762568,5.586617057672368,5.662558830143045,3.344796092818181,4.307420797483028
MUS,7.45080686439672,3.6360091004470263,5.199129123031865,5.395416912637314,3.0145383251588362,4.83374500987072,3.3170617698238862,4.440264785292053,3.902971776968359,7.443277770134618,7.363430512848412,6.118164793630893,2.7576465137508284,5.585554885038067,5.163843261527468,2.8171461871253993,4.012688562692664,3.319687360115884,4.3609555092127295,4.908827822245372,5.561869444257115,3.5801082091266307,4.725454727807116,9.026106383560458,4.435645125748508,4.300327426977818,4.176929433663598,5.808600862213049,6.564378114570752,6.562688901582786,8.161373869984844,6.3214345613282275,4.375982899812934,6.23500367656673,3.604313992221179,3.0243905493522427,3.226572837431326,3.8886493752463855,4.536674478261233,5.018014762737061,3.7906265791968057,4.181349447148798,5.082836077497894,3.4522062123326336,5.3051773180170105,4.06101513067977,3.1352297620973366,8.673623896207483,3.580698795744295,5.475988744034957,4.15384342590625,6.059681180540219,4.532158208006587,2.844793788836309,5.934090403098013,7.195356609004238,6.356263259530101,7.085176173065507,5.927770680441855,3.5410526316130593,4.382734294835942,3.958789578825141,3.0069478878697877,6.553132838279364,3.1285013690322,5.668636894049847,6.0073139066815235,4.690603341180475,5.508123996964463,5.8977397793504975,4.57589658955692,4.727588851660878,4.027043613442927,5.646572171231819,4.776142436809785,5.968025009569904,3.7276571255237227,6.393996698449576,4.738773367901651,5.848933771865843,8.361664476655335,8.311368498428493,4.442064801369289,5.854293630804482,2.7875321865045977,5.3649706668387775,2.75651510810557,3.962632513373113,4.180324306667719,7.083312024902951,6.676882515690361,4.170134214934794,2.4266094333355,8.150002281560651,4.415587111357914,3.2689430513075437,4.763623830178942,7.558240364853064,6.515412939685291,0.0,7.02359038724341,4.172357668252184,5.2560687372422334,9.149694850923913,4.0904330171114065,4.19821929913795,4.832950318598313,5.712223131415841,3.908390136587878,4.929423263110916,6.758501769485709,3.505895319655356,4.8490969523952145,4.162170379636645,3.820111549624405,2.694410768534452,4.2392390602578045,4.828042503852275,11.10298175394991,2.7838735687704688,4.88804944719542,7.278316239168262,5.9227998927891115,6.111559013142853,6.475110562297816,6.896524361820736,7.50293616089382,3.4656183091587547,2.8167966514956784,5.631552739111738,2.548370512325474,3.1512949325764787,4.035184523544652,5.070059342673251,7.195396909253576,9.497773017439336,6.300837062806201,4.236808078449071,5.677875801906977,6.567270201388173,4.605115711424873,3.09034410857058,4.973741531065677,8.145031888180867,7.769956240621209,3.899216000710514,3.624801991907594,5.699256339367662,5.184645343469039,5.098010977782725,4.819293889647658,6.59910297224713,7.652014824567317
MWI,4.396674475311659,7.408989967057428,9.65902049393654,7.825716830560583,6.8564156368277285,9.026230459858088,8.635131249451705,7.106663987841805,9.345798261632048,3.4737381251439965,2.7452917283812663,5.434282300174617,7.742961944566602,9.717640901165181,10.000199722692413,7.67012041732157,8.312582377430532,6.666820282884382,5.533877561231157,6.835268491201478,9.430279680693902,5.900506894530547,6.274902430982414,4.6984491329917555,8.897207609385811,9.29810466866805,8.189426060824426,7.6304458721006805,3.435742492684669,3.1275004022480277,3.6136013098074478,4.706800801130107,6.537843961435877,3.9659297232927475,6.49606795107252,7.391805265754516,8.994212292864153,9.106414934851651,9.041057727688191,6.576729299736049,9.02884685805219,6.76539119933473,5.925671470659449,6.114747613535362,5.936728385291106,8.604539682521057,8.839276326030229,3.4169094451514646,8.604935428048273,7.109243868667536,8.439097277890319,6.664055177594016,8.974060652290692,7.1623389401015825,4.4639649960657115,3.1157410647107895,3.4939017227677542,2.7438638089546634,5.726879574249036,8.687850943219653,4.8699050132412,4.673548308171872,8.118214881293676,4.2318084062131,8.224706952705954,5.864008491183552,5.332894810868542,9.536203083859665,7.2775148042753885,6.468662730231549,9.14124139873014,8.577081138732114,8.540004042609144,9.559753342937977,7.24348326149373,2.8102062011925204,5.215601733222161,5.964331904492854,9.385247030366655,9.676613329367694,11.015041671750582,9.531981552611805,5.644263770222365,4.769469208625578,8.315294812387908,10.952913145365008,8.42147699065726,5.8288055281102125,7.3214491484211965,1.3517106144216908,9.413667092409673,7.01796046840449,7.680731929183024,3.1762433729281465,9.984966070321008,8.292152588581274,6.783896362318,2.5603984702799085,3.7102902519878285,7.02359038724341,0.0,7.764060304783624,4.397958017084197,3.449953096105385,4.861414140238442,9.224029019257879,9.112698799693701,4.578618485387765,8.327557530407123,8.735641849254721,3.478112084537911,7.069930161505728,6.380804609816329,5.179889202502603,8.683388781071043,7.754631494477586,5.794668262320676,6.4109391060238385,15.293931664767742,7.482231185875727,8.196202214808523,3.1429856172031387,9.644298981915988,3.36503209768319,12.234570488821786,4.300780649004998,3.2166093557555744,5.968363693633252,7.754550503973337,5.8688964323413835,8.304530007543145,8.667203134506778,8.853644289853941,5.274916336020547,5.728922909053519,4.2651382750025615,2.601502167598071,7.269029133581341,4.72075132555539,5.838266979954836,6.776563428188176,6.160686823302077,7.723046980411042,3.8349572286974016,2.919427036533544,7.40827185137566,7.75899327080875,9.245458046403206,5.655083838347829,6.593812158549773,6.494545180862705,3.9578168263685436,4.435036278270598
MYS,6.700581416245646,4.235859088043938,2.9424355184978115,4.222435204298304,3.250408949975075,3.993937722983033,3.2910003512507875,2.912890260824093,4.12096110558614,7.500077320539614,7.817615488617872,5.7470972882553095,3.2473770647572127,3.820529971004147,6.926721581581318,4.01395317261987,2.4771222664908685,5.473168748119975,3.959472275642137,4.020122740493451,4.33911030275773,4.18881959946108,5.732940893128931,9.39314356603901,3.5538261839653247,3.6648613099032707,2.989745513850941,3.9741749496889422,6.480630330131658,6.428891870246491,7.738010069561117,6.087565849650264,3.838734367106436,7.431633320113644,5.7188551057586885,3.9383701897019434,4.887701872397366,3.829282544213838,3.659684201035046,6.833763506491367,3.928315709910203,3.7758055815550446,3.717308857199356,3.2606858566530055,4.322469612115565,4.0061944605509545,3.682159469676702,8.375358940041107,3.5778940685346368,6.628758269910058,4.42383667151751,4.894717385966203,4.547542654114124,3.664823086523162,4.961330107718548,7.223342712078228,6.750747192942607,7.88211529068148,5.6650460479259035,4.7131777735200995,4.552594852866439,4.311254337761091,4.292304107275295,6.785062598117346,2.9752341535668547,3.8810538137862585,5.178263511416265,3.9855773604237315,3.4038494697282946,4.496997032196171,4.566930505700673,4.492467386473561,4.221177768772256,4.941198691947454,2.833719540858427,6.478126504841964,3.8817138693880273,5.325432215386692,3.231123415466662,4.627192047436371,9.141809997809727,7.480774391735767,4.612607236782648,6.864991582008182,2.9891423358663296,6.004723297250099,3.8333800235604745,3.52983590426974,5.031570243402585,7.451024411200546,7.9994118955662765,2.4041894336451834,3.58467065384459,7.9327805266354225,5.769182554198403,4.975060563607295,2.8707882654002925,7.66083749946135,6.250226248457186,4.172357668252184,7.764060304783624,0.0,6.085005856138758,9.270371558771558,4.134791446179904,3.916151421247915,3.576794929873861,5.955205958812346,3.81780170294478,3.431491440665089,6.626470380118476,4.407612636406638,3.4709008387219247,3.7399815684775732,3.425251148827353,3.476283270881286,3.1166700070215394,5.160524527815425,11.031826479752938,3.1441566748159073,3.164846927229491,7.751876588787093,4.670161798747553,5.97423553980474,6.703054843270006,7.689360792778876,7.66669987783867,4.118452232699795,3.2280262603329533,7.4956330034963985,3.3362031298221453,3.669671436821098,3.9849172452958155,6.545418000892103,6.411765396690994,9.177227671086998,6.687633161416321,2.6649939438184824,5.357570484162061,6.600682675878459,6.709930433420689,3.537108247855048,3.2248365882515135,7.535439505041593,7.533769400945496,3.219381487913538,3.8146818583969693,5.104120577506309,3.5939516269375695,3.313716686900382,4.92415041407394,6.546180271566326,7.226702626011016
NAM,4.243351105698928,6.2904358730124015,7.686743063528619,6.899848848435346,5.082633156069902,7.300402273589783,6.504382038037054,6.007880847978111,7.111708446073168,5.241140289626015,4.327259375232089,6.40077043818683,6.101658887114385,7.692902457372957,7.590265187355685,5.989506745261379,6.89010731773631,5.057425957984294,4.3710383488537925,5.687653331957284,7.243407507148222,4.778603188764856,3.547261651062875,6.046971717417972,7.024357934032766,7.2067107575119,6.510723282800474,7.173603141666584,4.647507446273526,4.108189739596529,5.352851671596013,3.6744709658331187,5.251323969052637,4.952496818879804,4.4478601047730635,5.329842076158764,6.870073144860673,7.566075182530796,7.368652140037078,3.9899278811218446,6.8875131024578735,5.415233355043092,4.705187972275312,5.190144623672662,5.663604737454712,6.651830463944712,6.68403485666682,6.5486638486576325,6.510430655402163,5.220545889388029,6.665017502484564,4.578045836296124,7.235090215562823,5.596046798662829,4.944955189456113,4.403463259524068,4.274368179506911,4.721618471937062,3.6963291314160256,6.777936333470548,4.947806795681511,3.6835193513698443,6.431807029513054,4.793958422121155,6.547823058835791,5.960867345702913,6.153167254136424,7.44251695281095,6.4700953438292075,5.212533707363673,6.847109991505224,6.6934978089144535,7.0008077690905015,8.192835193176267,5.80646536246082,4.463862724235847,4.692854177194668,6.598277937199725,7.8393862455509105,7.995491183404664,10.334447772087803,8.144950405940099,5.946345530978892,2.698818982900474,6.22468605650342,8.519338785872206,6.360762889879272,4.460225602285779,7.091964733093518,4.528153133164171,8.42388444422463,5.847138955504721,5.616837456651545,5.104819291599846,7.953257629267125,6.229796590613108,5.097381070126944,4.461298614236395,3.2762306062914828,5.2560687372422334,4.397958017084197,6.085005856138758,0.0,6.608880235286982,4.154635329559516,7.138711647890701,7.401848925304366,4.976768598988567,6.7710387006386314,7.19066320584212,5.325432771121067,5.2139324668334,5.514380082394775,4.698629405149816,7.4063043128796595,6.05775663420515,4.474461323556045,4.201400039430206,14.555766205361323,6.131867968400066,7.047379956895362,3.986117276497248,8.243992876064235,3.761372205936206,10.551136277492834,5.297150607861773,5.387665135365025,4.91107992249479,6.03791052145688,5.059829981054427,6.193684904544497,6.775165779945446,6.627027533498056,2.506778498832702,6.367214094084698,6.7456396065111806,4.421862110411522,6.4130741601435775,5.280717986885892,6.312252625764935,6.5422145395806774,4.231828678928803,6.392936274284826,6.143696050511887,5.312317883720585,6.305699386199247,6.043148114990828,7.967340783993008,5.288052925571738,6.212395086484603,4.03276068885867,4.709654681373426,5.748378489724884
NER,5.715963364062417,9.423616826914921,11.15053660003998,9.780682244072853,9.026924958608374,10.818753725487191,10.610823303426582,8.728743702506137,11.339101580680722,3.021445661725101,3.444684364371621,6.631959827595517,9.71099398766389,10.859618517762984,11.91492897048293,9.952115396225642,10.039159013678121,8.837384410398656,7.216252749768251,8.887560826221346,10.710090986156075,7.6388971212377665,8.746951047067423,4.283499587681109,10.936676962644928,11.078295624941628,10.206663186805622,9.278604791813077,3.89682173352478,3.901323332337751,4.474130519714472,6.556077815162745,8.712492216732848,4.729495424366322,8.839622805309334,9.639244284362194,11.144816814459768,10.855255948402696,10.851039644072626,8.664488871437017,10.968182120375667,8.51631617478298,7.748001006056979,7.895102155076892,7.277216462363774,10.865285125002503,10.865055463816457,3.3698932867312257,10.653177696301043,8.28401763129207,10.52272054594155,8.136444462297646,10.913340940711663,9.405839145933356,5.244472236834007,3.8818476830670376,4.647232347632717,3.377481740975874,7.127521496138871,10.993854059271614,6.158993636095879,6.903323204504821,10.289723824167153,5.826255947886074,10.116797124815939,6.961937309002045,6.8266246799238495,11.233483665024261,9.068182227545075,8.062390084092558,11.063622060097943,10.399054899051503,10.689340891194766,11.225609310982524,8.673723555440981,4.721413150698001,7.170441448544198,5.9476859743173085,11.141287980789206,11.050778805848275,12.396015188129091,11.480021148915634,7.477869212813318,6.934518879873494,10.385270673462564,12.777496633251603,10.539411600416331,7.738870100755881,8.821322492561693,2.904311157423528,11.30034504253929,8.494722092704743,9.861631036811797,2.4195554119851215,11.913650213812806,10.684007211203447,8.173426564959382,3.3406951240106384,4.973328478658111,9.149694850923913,3.449953096105385,9.270371558771558,6.608880235286982,0.0,6.910953308479579,11.09904870637813,10.907659767719908,6.294986804894649,10.184202639790243,10.047973620763676,4.703298676886725,9.230048990987465,8.142009481160102,6.888703112539919,10.51643131129294,9.810614667688911,7.343404925622914,8.717872694545322,16.33481960180753,9.44627720190138,9.956216416365894,5.240643850809378,11.314129960838272,4.235310443827991,14.004371367798427,4.640046301654049,3.3294082686731343,7.941565783999835,9.899131072083838,7.580834894808005,10.324354378627644,10.617501387971364,10.952697581397679,7.519904865333683,7.112918251760885,2.157921028891682,3.4057850719058456,8.602147600930376,6.311967138943261,6.86543735756177,8.206348819109465,8.448473322727276,9.648647423376392,3.279500673894995,3.1636626167620885,9.534841915780333,9.810075079028538,11.007068103999794,7.2014015900312405,7.566246087789107,8.86917726973188,5.321847890470022,5.880250747898002
NIC,5.093939386599338,3.5770838774623175,6.088859308871886,4.967234280718935,3.1689562825029407,6.049985323569469,5.0841584455446425,3.8086349379461804,5.811806427183047,5.00340052367431,5.015815997288567,4.658507811668237,3.9888090116493005,6.354177098147078,6.825668259461428,4.122801766851743,4.4436974906060405,3.5346599953159883,2.6511669626794974,4.513088042855037,6.4089580635829275,3.62497413403875,4.186385183655257,6.853058749805835,5.691005699864046,5.64722408196773,4.287061031833355,5.264802653220632,4.2963177263134,4.237915993832827,5.400693692886999,4.249253412315721,3.7250980249546215,4.98692654247921,4.303143809067724,4.057003592880382,5.613216775207782,5.383173800864385,5.73053138515224,5.2785655139469165,5.433525747638709,3.481943649574681,4.0098439839811615,2.871473461914852,4.438343017091355,5.346998666402944,4.941008107392624,6.200053945905636,5.188830336518215,5.47644360490754,5.482370823572876,4.506332889779728,5.836756396506631,3.3753721883687615,3.5105988259550234,4.639290254594348,4.223890070077705,4.903280302245168,4.813203112715689,5.205821213376138,3.258255345531675,1.7058437226221672,4.345192215081543,4.954422246100738,4.287755331578143,3.9593183438545956,4.411499035213561,5.440507365065354,4.8385272992882244,4.976298599688436,5.891031830107949,5.56531753770677,5.211060903474492,6.588094280489517,4.6453205862122084,3.8912434997117784,2.9375578325855773,4.401821936406071,5.774930951940868,6.655455231528815,9.828350589073692,6.792252461819917,3.9850161917190614,4.679936400765171,4.358129846922961,7.626998761783432,4.490985701280267,3.0564581609183623,4.151329846880199,4.661500827542016,6.966934343149855,3.8032687558500493,3.88683915388772,5.671600440333294,6.360885164871038,4.659025744709006,4.045965202278388,5.032743220066637,4.156186928466009,4.0904330171114065,4.861414140238442,4.134791446179904,4.154635329559516,6.910953308479579,0.0,5.701849530211343,5.6774387585269865,4.089945244675064,5.167871287637236,5.433028784589861,4.876676557367325,3.5407637650376795,2.7918151548620145,2.992880500812241,4.990473836306189,4.501936956649149,2.917985137173417,4.349209466253266,12.096699180289542,4.01666408319575,5.1290546525772625,5.130947301500137,6.345346246756663,3.7991283752325526,8.171279522806596,5.352304629308738,5.0214250866124015,2.600838247912086,3.8822727503213335,5.709995869832277,4.56947493602629,4.814357034483643,5.390549310393334,4.434791195803749,5.334455547483734,7.023649962878383,3.92738799002506,4.344243335636295,3.3007007150518226,5.187611749516502,5.32202070496139,3.2736924228499045,4.443639036674894,5.402082301235895,5.1667784559899745,4.197294654144953,4.368520182410712,6.812851706694053,3.2947430227933943,4.1149541827878595,4.799664354301641,4.420924675411284,5.147337387035865
NLD,8.743742036704454,5.398153395384069,3.764657999749538,5.122640899045815,4.749788762046896,3.0830141443071404,2.0091390221014915,5.564837941044841,0.9114982761772037,9.2265260721235,9.376595339409862,8.056109067705494,2.87907353123528,4.2012556862004615,5.36685094439636,4.395024887948982,3.7509853147066674,5.646088848955376,5.470153152954815,4.945005014021997,5.532734103458239,5.774535662157762,5.906287254610267,11.396274335720287,2.5979454042702153,2.7604299256464415,3.6242833023256424,5.399486891946716,8.27542316718549,8.266532800137943,9.693828309400061,8.030263549594512,4.890063535044839,8.744537109584327,5.138429940946009,3.829918220589117,2.771887704305227,2.861289589277484,2.2093452043794164,6.9448532389849875,1.2718278774769134,5.170567337552414,5.686987134237754,4.570480600709319,6.8063493361273375,2.95818619710066,2.4706190501536445,10.594302469564113,2.4181432228367177,7.015978192975781,2.447479790068476,7.069901728171894,2.5016696686108664,4.324658010105774,7.506224972001606,9.21864147046543,8.36597679671838,9.16787929967478,7.073127107594021,3.1181333021219357,6.003445546698606,5.602723761599522,3.3749833009373713,8.875918941648584,2.51655472257445,6.691783177456099,7.399531269022482,4.034342763413294,5.697836484757879,6.635107288200426,3.12621860752663,2.7130281676400476,3.248475453974027,3.792635593113332,5.014193436379889,8.065571099258323,5.6212004696481275,7.968619708810589,3.1014325546656085,4.782540349778096,9.15739642663827,8.085102151209561,6.473226685536554,7.970507070230152,2.7605937851861233,3.577133636103297,2.984085714704357,5.043324932559631,5.573714776204776,9.084128166929258,7.1517671718502385,4.255717661778077,4.1326094450649,10.088444260072224,3.2281576528255447,4.09068928616521,5.504699775790057,9.42704257955264,8.210605827562947,4.19821929913795,9.224029019257879,3.916151421247915,7.138711647890701,11.09904870637813,5.701849530211343,0.0,3.434135404683508,7.58303381048703,2.805064265910645,4.2370142545489875,8.49604941131053,4.3810704084218575,5.112300993274762,5.399915221935164,3.3468893011065215,2.7218430976615626,5.628353136163376,5.4159331660500785,10.68346728960566,3.6482245201000723,4.239286252663953,9.182461924189347,5.107510065787142,7.622942415647367,5.374083253343645,8.734353795198816,9.689733352211102,4.513521909329734,3.6097521690914074,7.4608318727390035,2.915861285003997,2.869802161934856,1.93797858787085,7.773529517676054,8.645009632784797,11.48272334795524,8.364309526002708,4.211048555423242,7.8090628602125935,8.462188334306928,7.034574511434232,4.441806280575347,4.644207768012462,9.789387868127193,9.593992196962871,4.494003531121459,3.7414029640933326,4.477373036553311,6.051491235474841,6.189594953837562,5.8106063105994314,8.371373622378034,9.539655502962953
NOR,8.090584218540224,5.003496331138046,2.976811551961864,3.931301465171055,4.274472108995004,2.7610127746107223,2.634064973928999,3.9014503519564587,3.5183744195706543,9.371731708532684,9.542130318036046,7.455106467426372,3.5413397941459115,3.506781007911218,6.885428341746336,4.207480769244973,2.9216216619770807,6.251739822284515,5.243472331180709,4.6382355457987465,3.849013874074935,5.097657122920574,5.950646717683067,11.316531885058513,2.452325915174313,3.5183739550627173,3.0295970290626544,4.936203297960384,8.29338036512298,8.128839185106463,9.289503900591324,7.330337817061451,4.614302256877829,8.98458636695548,6.064014241723944,4.341570786948072,4.5974418992546315,3.2301872833876786,2.8005025722306573,8.11297685367699,2.7979064468045363,4.746550648435355,4.771952418942205,4.5343743019055145,6.062404281035423,3.6216668711551017,3.0989026015681667,9.974062061081913,2.3654869647699917,7.964063476366182,3.875072716495038,5.998844130184292,3.924352363800747,4.317275808956388,7.03220221058304,9.038676369937026,8.281490651277503,9.284323926389888,6.280857793244427,4.438742666524474,6.112386403882956,5.910598926197544,3.9877364572518332,8.375821059505144,3.067475183207465,5.872129494964929,7.14350524129465,4.353800564174529,4.119209207324727,5.321507263408897,3.037306444303051,3.493562167798104,3.7784075582678516,4.19138061683209,3.939896318760842,8.05940495766338,5.196960712304354,7.617218661949349,2.6103852301178203,3.2248706155061737,9.669173725549209,7.1847873083406055,5.608465961021273,8.15482510928525,3.061014843713726,5.5224131001623125,3.6180886816306956,5.179409159705103,5.592591864166632,9.069229019225897,8.235912651364835,4.3537020359938055,4.337748649227727,9.846147468907091,5.290894028832445,4.589289465399418,4.570792139040308,9.552543525357432,7.864879083465162,4.832950318598313,9.112698799693701,3.576794929873861,7.401848925304366,10.907659767719908,5.6774387585269865,3.434135404683508,0.0,7.658682113334572,2.8646484329403616,2.826611962289462,8.269666961746866,4.909204576547155,4.446046814727115,5.646540998322576,3.321231375062905,3.384896792255471,4.861393862410242,5.66654731763792,9.961458191984452,3.514572602816683,3.2085223170848236,9.248072704987162,3.529849612060358,7.812603289660737,6.055986738915367,9.00949380186551,9.457906679733467,4.898277928924509,3.612938928242205,8.239649407299618,3.582805312966982,3.0642012051327567,2.737525862142938,7.82864394565805,7.8472292658343985,11.004160603587145,8.353125300238526,4.422792051631627,7.004508616992577,7.199899498166097,6.833740123147989,4.768777784447359,3.926844473876052,9.257909434833396,9.316111259353455,3.952801802766474,3.6904500114571377,4.693217331845803,5.049178554376681,6.058356355674498,5.894313791977645,7.914394665929798,8.389588107752969
NPL,4.896947363046242,5.233297121256322,8.118133977430379,5.564461580870955,4.745758132275627,7.305866473252119,7.1262635334431,5.7670271290422255,7.674373358621947,4.268473270482783,5.336517880770222,3.878559241610664,6.067020057900981,8.3422516825332,8.120422784267634,6.096923289500648,6.644905899059473,5.506529403297728,4.462342417045815,4.496826807426141,8.525933139216741,5.375518069743993,6.176676435280899,5.885196612708517,7.163316311502372,7.37560428430359,5.882374881100809,6.020599366166952,3.7023501378288337,3.725035804045783,5.81976427908001,4.889976835252771,4.228968473427609,3.998052771513684,5.107414226365176,5.039383309645212,7.27849518820552,7.706429947018283,7.500501379734578,5.638919077678087,7.3746809755148375,4.683687236830748,4.557907693029676,4.397398012021346,4.167416700080174,6.438600404972787,7.347432991588626,4.720465133261739,7.079322444891246,6.8346422317860425,6.710024440062511,5.469569281117452,7.2049978081924,5.330046067071285,3.5345074109506855,5.018565269073732,2.892813807513585,4.417443107067529,6.286496819790091,6.574080928710164,3.552466520171106,3.789317226645584,6.707274546958962,2.8325646789047543,6.747682384368654,4.334876550672882,4.058490464196056,7.92751873907299,5.498987949368137,5.638783658383444,7.706988470934738,7.0978004865598034,6.588859238625982,7.820550303496922,5.933445833168726,3.220681042213958,4.90561862499836,5.637509643536522,7.485704223668912,8.423122666015141,8.053384206452195,9.195235510044409,4.676231674923308,6.1920995763933435,6.690678070131755,9.136366586926172,6.8667282184986345,4.240711526736529,6.537463357380264,4.480343304060262,8.468424795465504,4.975812949872542,5.740511041644766,5.181934154816851,8.109353093349775,6.564141268212326,5.683299788118485,5.164177668511043,4.467516977441625,5.712223131415841,4.578618485387765,5.955205958812346,4.976768598988567,6.294986804894649,4.089945244675064,7.58303381048703,7.658682113334572,0.0,6.560044407804903,7.807309177436451,3.1864636805617623,5.486788525464671,4.69427694789255,4.242584329695442,7.207940139911135,5.965284268465143,4.19689281763989,5.0298683153899795,13.803717936716525,5.9745798737785405,6.475741421242832,4.981838109708333,8.096327466328733,4.047184240130983,9.939208457819005,6.321040555638846,3.8201650886031806,4.6367417131373925,6.056194310989733,4.67899438982275,7.095110453669994,7.48872802232253,7.193886445387681,5.737554268187567,3.6290415387117894,6.39271277819605,3.9638376973306118,6.249667018482248,4.73135980851386,7.112225131301627,7.054695035073927,4.3653738996153795,5.334604170568918,4.896560755321058,4.742659360192184,5.38019618794368,5.230597149633835,7.167281875848509,4.979303194369555,5.7467399603509035,5.262904287645621,5.091652610699012,5.085156900737221
NZL,8.134670857553637,4.322729875762984,4.454290085828045,3.8295210659571404,3.7631710807187773,1.854231197504054,2.5285713936892797,4.742072790966934,3.0921266335914046,8.394970994793008,8.826826606526419,6.818751654111636,2.8260508048781996,4.674589524529319,5.342120138578202,3.86429178372858,3.533986114998353,5.159462375066251,4.512830657494964,4.002059706219295,5.520538225959405,4.77126262885086,5.857034877142727,10.529007510249052,2.2783397119700344,3.430391576960542,3.017077951454111,4.665761324731602,7.420825410396649,7.279209233549525,9.20479170293487,7.484827024074068,3.864968773878641,7.567910913903225,4.657217954170608,3.2189497513182883,3.6113978945616902,3.206537444971495,2.590678162911589,7.355936777102392,2.2333875593943264,4.254350061743407,4.733504510044108,3.4692999327201743,5.457279813520816,2.765530872432302,3.036944204945899,9.459919030189397,2.067731798281568,6.533139173377405,2.530992299117555,6.5343368276108675,2.6080705589300304,3.7336267120022444,6.613554269534344,8.781089011211325,7.283784989912806,8.18944092039099,6.644633012446005,3.065941833674039,5.015061551185761,5.243481205696775,3.244872109559641,7.663887310741863,2.9988704228595195,5.630836163195073,6.597233181938833,4.9532225522280005,4.565672317884726,6.0969394335375675,2.4894977328328403,2.3362510257046094,2.9570348795821424,3.2008917804769172,4.148277084964575,6.992641445712152,4.839295761253176,7.504400782020817,2.9258245049873035,4.618837839557865,8.665970403670796,8.433300401414398,5.15008138992449,7.883467749031021,3.050660614138399,5.280418569260654,3.0270105464652115,4.468585318223647,4.774877797845646,8.325421522832933,7.34965446192464,3.980401276339936,3.9133260392886755,9.349968176816697,4.3302014373649245,3.8380448911799103,5.022106645556151,9.04486964421513,7.646744655311956,3.908390136587878,8.327557530407123,3.81780170294478,6.7710387006386314,10.184202639790243,5.167871287637236,2.805064265910645,2.8646484329403616,6.560044407804903,0.0,3.868581448763053,7.3869859382773315,4.07215547308039,4.324212454783907,4.693892831391434,3.3607227811626057,2.451809088996194,4.729553166938524,4.9876734912926874,10.40667330734093,3.0104525167236167,3.4638692878246826,8.610082024393392,4.4302284473749936,7.055909100756263,6.318692086833569,7.947598798866623,8.668516754239302,4.088704077639112,3.322250214762046,6.5780954134059835,3.540598672140659,3.339939226345594,2.4413433732009096,7.350245041994069,7.665933836180075,10.606092005501827,7.478997965158098,4.055644509822059,6.885353838452092,7.8236065912724895,5.801630266212041,4.00528375468275,4.212065858236639,8.72521490317296,8.708519098600535,3.7624752719185954,2.4953706183714712,3.572383254039776,4.968943213294386,6.118719969563192,5.450380664796858,7.954483596436078,8.440186316519714
OMN,7.752329297891779,5.222538843806716,3.2888379864690895,4.756131009518157,4.56996388185764,3.7600715633356074,3.65782248359066,3.5446260407111208,4.399843628457229,8.641207288722947,8.74605604407164,7.308904571561287,3.512743434592151,3.118649100141431,7.21676614422189,4.36668956788439,2.8898359688496207,6.3373652615130345,4.768101906196734,5.24574787888245,3.0845970723552507,4.849961053472866,5.812200767710267,10.339602282610338,3.754132596085107,4.6872298467996725,4.0439314897693555,5.2323914672657,7.646931350320639,7.53494591071558,8.530462747314912,6.9111921134586005,5.258424197993511,8.597254944975168,6.499336031762196,5.2461595837222905,5.605994063038043,2.990448672171854,3.693156432095156,7.946037388396288,3.9385596284492905,4.693992503094735,4.786350911829914,4.469383221148459,5.9654558994696005,5.033608799905934,3.7886441240568542,9.601903735264345,3.7274748247924103,7.381692345333567,4.958745672253491,5.723498982993264,4.951726436724678,4.618563337825841,6.4630074054070175,8.210224531937458,7.92930084961734,8.70713351937867,5.42965565342026,5.261715399925534,5.789241463964556,5.756916463970888,4.432724405760747,8.20036139511162,3.2349105566491376,5.4649968152985915,6.90288950438373,4.845298852359963,4.359278571073774,5.074111069866648,4.310816555248754,4.475584825905446,4.834510124798006,4.9365380271902115,3.7065359234859754,7.76689143219983,4.952773388560345,6.6446331632529265,3.612715248270602,2.326287405304254,10.316498456338948,7.022493760600098,5.9659241143961745,7.47149465285705,3.7816176321343247,6.457109742238291,4.0621419733243105,5.070657844636942,4.988061515440005,8.445257216621354,8.727168193633988,4.091497811129651,4.620198730283095,9.076176605938887,6.109071202131738,5.37758812785086,3.985360392849911,8.82031481194826,7.363152212421358,4.929423263110916,8.735641849254721,3.431491440665089,7.19066320584212,10.047973620763676,5.433028784589861,4.2370142545489875,2.826611962289462,7.807309177436451,3.868581448763053,0.0,7.9550712481458365,5.295376059986936,4.477288159884403,5.238058878515416,3.291171646610194,4.445591429890815,4.708736980353297,6.2034390535284185,8.948922642920099,3.5635437572326136,3.434012933115287,9.164675199705016,3.128884308005341,7.231281864787829,6.278069509262881,8.3746984352907,8.844530160671686,4.832844113912052,3.775095784016722,8.452004744727768,3.643136695864466,3.6311017544281023,4.27300678222197,7.478701571972066,8.004266940736956,10.126279374300166,7.601170353343674,4.077478478266648,6.585237669880272,6.272268972304368,6.202863544616545,4.953757054655322,4.554841124617479,8.716707679530835,8.855247548093422,4.287833767367124,4.598408320789206,5.519718606865869,4.718295400538402,5.4468720042789736,5.996521328095991,7.330913438381311,8.053872503707742
PAK,4.339994956417221,6.515941818721694,8.775446638957371,6.163251015964419,5.980353983450543,7.865392135426479,7.934155933111908,6.086839255287413,8.667194835273467,3.559780993004322,4.232597072014757,3.15356751980425,6.937591416587528,8.958423157646363,9.33743469618784,7.021390925579568,7.517248143615418,6.607332429487134,4.581425801181315,5.1543671026669555,9.02445798604315,5.831886569303719,6.532769671641712,5.272739495857149,7.756515676262231,8.331025984533767,6.87783973923073,5.791365616433294,2.661613625779672,2.78585359586984,4.382984456359055,5.0229054119390515,4.942734197371603,4.4377741742045425,6.661892923546895,6.435270671396074,8.551947288536951,8.347151581597233,8.008782241928023,7.0618552600769515,8.330374636925034,5.2376060361138945,4.547331534060512,4.851077619161292,3.7517723196525004,7.492290892615211,8.369744089190863,2.8795393065685166,7.969441292228912,7.659250506243338,7.409201265741478,6.1053471446949645,7.874813671461939,6.322909271332938,3.3084576933854835,4.2863247915745015,3.4420293505159627,4.258562478200658,6.064725968234642,7.80337051191154,3.5568219892706296,4.371446811713863,7.525401504590489,3.53249983098919,7.557590359625391,3.835296386747342,2.9823831695508307,8.694096092092515,5.6506520602270465,5.360601747822181,8.736256999817861,7.663318244182812,7.359717251139482,8.299158388405754,5.844994167778709,2.210277414300084,5.037341994166367,5.621407126937529,8.222480687351876,8.744165837562475,9.616651530965992,9.378552702913634,4.538791352966275,6.307288613077441,7.735765140109703,10.503362987960381,7.961162983032875,4.775942239002654,6.7739800873464935,3.2510256850533614,9.130677024256835,5.360719509756255,7.107951940844309,3.9117689157568507,9.5248525286466,7.880074833626137,6.123192372555659,4.398047528827779,4.43310779492239,6.758501769485709,3.478112084537911,6.626470380118476,5.325432771121067,4.703298676886725,4.876676557367325,8.49604941131053,8.269666961746866,3.1864636805617623,7.3869859382773315,7.9550712481458365,0.0,6.2904340853320075,5.1182376591924355,4.1127426877218705,7.712648860242577,6.953810870378207,4.723136832039292,6.025473237514756,14.225054878572271,6.51304958314243,6.686631049631042,4.377076561212113,8.312237381928812,3.6130814166807808,11.145293098985722,6.101587827231885,3.2665547711081437,5.405228985621704,6.980324538481357,6.238525016715766,7.849462883608153,8.279475301496124,8.151008874108673,6.06797835765209,4.641438905558408,4.971902628100244,3.2898119337218286,6.462833847101797,4.321103259027892,6.397443908320103,7.438974475306219,5.410816285860361,5.997474852887521,3.5570115121430828,3.4262074879439646,6.274078220841695,6.680456754724617,7.439043189063518,4.585157077362057,5.706092569766167,5.67979795209896,4.306366262269163,4.12948093923675
PAN,6.94052688462279,3.8672131331115858,5.413908583397808,4.6758167560469985,3.3312542584515605,4.765111844900155,3.7168868687110908,4.667044240007582,4.222225639470023,7.005893713268067,7.054790980180497,5.5179154855850685,3.330595549877141,5.682822661498728,4.40365192869196,3.6272457005407674,4.867507691055587,2.868371717400613,3.5478571138840214,4.460018612205514,6.4625150299707315,4.725962457880249,3.931037838692264,8.997747080418563,4.195538804052066,3.836906645725468,3.1482372977005557,5.078938780863149,5.9549149378108694,6.06816824652067,7.612928176171619,6.053041021098538,3.2878212961821074,6.59821292487814,3.968407862096965,2.592406883757204,3.7880930595676894,4.614800656179222,4.525545721662603,5.42728313064156,3.910318663177539,2.5115151194272967,4.663455516068301,2.8527344071849554,4.945901111222556,3.776031624643799,3.719856679292227,8.27899896136394,4.107013639865616,6.349404346630605,3.811382318209314,5.5625347481944845,3.973109366418194,2.8608680504598043,5.556896717113837,7.222058730767365,5.981035533677509,7.172308818805187,5.847128147372712,3.5632213996091786,4.00827850522966,3.089352579160631,3.0821255906272924,6.536685354245053,3.8429557622054804,5.272361491503721,5.5731764786510505,3.7769589723729133,5.295155331182187,5.738847943391449,4.781391080651763,3.795687748737181,3.5324360133630597,5.167673546594703,4.4908506327040785,5.572928495092769,4.48578261365751,6.581609185699073,4.7693814074585985,6.097653758387369,9.151309308974644,6.923481213394897,4.617693087441197,6.363457113494128,3.535095329895545,6.00566487244048,3.6809017739480865,3.7269276783776952,4.5524956752807535,6.981717936353258,5.527199312146166,3.712040560511217,3.6410354170124024,7.987238676778099,4.496955043601311,3.370846897051651,5.189216598948964,7.6579823569677945,6.317044068624435,3.505895319655356,7.069930161505728,4.407612636406638,5.2139324668334,9.230048990987465,3.5407637650376795,4.3810704084218575,4.909204576547155,5.486788525464671,4.07215547308039,5.295376059986936,6.2904340853320075,0.0,3.2929560213047075,3.987619543017349,4.338858558734757,3.248650005237246,4.14550193577998,4.4200359436208565,11.582554321843519,3.554572370681816,4.790777239910561,6.7083537141804825,5.703914284208512,5.646182420558266,6.62450066895392,7.427948717676777,7.178852005355757,2.8346865474536207,3.4463952222240946,6.130097720321304,3.718736301169206,3.7778756595908227,3.93919962304261,5.312492379880097,7.1110274940966605,9.434645560057902,6.175656904872778,4.900238814605572,5.514486309537031,7.237156534725955,6.469078163915292,3.521635394441746,3.943961655512747,7.575690501577347,7.303342376373282,4.656109344934366,3.6729842363226433,5.089985668737266,4.820027619731755,5.58046495283384,4.4258692813636324,6.110421455229828,7.079826626125237
PER,5.576874053828878,3.7917061153844136,5.1216643927275305,2.954097485777791,3.2168667341879953,4.833868210336123,4.592869334732174,2.9628198744581384,5.323063222784258,6.122284365896747,6.534678149032636,4.472172982116297,3.6162536872955457,5.4414716454763825,6.675245644291366,4.183931079999592,3.8779942994054015,4.630826847962,2.2887589555192625,3.124378844601437,5.996396749887246,4.296331343528453,4.507281598875858,8.09150008293604,4.39660079341784,4.877104921768029,2.6752160182258433,3.7174808214283384,4.990175582771043,5.025236213065272,6.230035053526855,5.124623049167708,2.414197573722286,6.62041083800762,5.116017280127795,3.6873211069416096,5.670856825308679,4.842142635878593,4.645062362830965,6.518826481434265,4.769878646064621,2.0333037362311397,3.223567768535947,2.329202431462842,3.879100209606717,4.473094175738078,4.759860403189785,6.8300750158684815,4.69195229348179,6.974707883828275,4.695601843592803,4.4712388458658525,4.801581013934719,3.314806437338538,3.869291454107786,6.130669889355965,5.267717664234121,6.496650102865065,5.08324760412887,4.857270065162085,3.381936721573883,2.951659490140684,4.222400973227552,5.584037989519963,3.9382392820572125,3.161890246211278,4.072395221700731,5.004523286096814,3.2854201467505026,4.272280486288489,5.436398625504146,4.6159579967006446,4.315327424375775,5.332644580179546,3.6325934623438347,4.864181867522277,3.841172158782221,5.343286236389006,4.533888177362162,5.31413192400026,9.51026574112945,6.088441544238881,4.176994759987042,6.265941101919155,4.175274331378749,7.493254417787032,4.507872678707544,3.0895817040349622,4.270397246325306,6.066262728524187,7.16433056028592,2.549243118194137,4.312528266072463,6.904213344816377,6.206906902418668,4.791070834598077,4.1199686629858,6.754104419746288,5.492836261243194,4.8490969523952145,6.380804609816329,3.4709008387219247,5.514380082394775,8.142009481160102,2.7918151548620145,5.112300993274762,4.446046814727115,4.69427694789255,4.324212454783907,4.477288159884403,5.1182376591924355,3.2929560213047075,0.0,2.9985211879145366,4.219984182831211,4.216935609913788,2.8037540863293513,4.508634011111028,11.125954610807092,3.581534818454175,3.4337720738702995,6.49558014817855,4.755515553617376,4.9227396150339855,7.354025304206897,7.245771517204406,6.133772462161831,2.610812601772831,3.6641472282292096,6.8476248753395,4.6505416387467715,4.764415276960532,4.691344356936549,5.996210700761239,5.583417549217512,8.110513209379329,5.301020733607874,4.133373360931327,4.405854052958691,5.8733897373258035,6.697524047700622,3.5333271573494933,2.5541288656582997,6.204132651248788,6.3322801003791405,3.5133036370779402,3.5348346067018457,5.2016027656482136,3.038435049698064,4.604803606305282,4.494180854250766,5.161745046450643,5.404638965549542
PHL,5.5805323892746035,4.485727152000634,5.946756423319962,4.640353236491799,3.7939227668137705,5.203860279942306,4.847102462508008,3.9439040136331145,5.615706060218752,5.158950794825047,5.245857016055977,3.7053379106779154,4.027124818907562,6.3347585789175564,6.818284393193542,4.636044150544399,4.612892956630104,4.734428199524061,2.314518546570408,3.5135999965322022,6.776818362582835,3.971674708211215,4.971610381166619,7.1030796235852005,5.020064114958364,5.352945734295812,4.22696592928657,3.788104743628648,3.9708100962084623,3.9242141993036728,5.724429079252537,5.30787477134923,3.203553719236455,5.449349781599407,4.924796354805146,4.020548522757017,5.870770933739928,5.171027603160843,4.857338537661983,5.963303004795623,5.272113797323991,3.321476144860831,3.70431529350656,2.0859010647320613,3.161757722907489,4.856882976436549,5.370684985830644,6.179961445700153,5.052014324611086,5.514477078633273,4.699577802449505,5.459748154153985,4.88123931829537,4.016832185790471,3.4444050082146247,5.457720107171594,4.802962256855118,5.5780432548730285,5.250849504181673,5.192141326897864,2.245337693079655,2.838596353285857,4.715618579276326,4.9995014319571816,4.365165357464686,2.7179895017141598,3.1752915540932922,5.95087220227321,4.334237552949814,4.8266005899548645,6.205847601345321,5.1820672468117825,4.6725585684196425,5.378639887062889,4.0886329536342805,3.582856986675496,3.323579139167861,4.690615044088617,5.114422618900234,6.3828747282254366,9.363946526608188,8.160574062209745,3.5130309822007604,5.426963893949531,4.680751643042553,7.887930421321739,4.872592759587607,2.7643033648839084,4.287321856986341,4.82265470784782,7.756013538200033,2.456744287851014,4.62014368865176,5.942536907894079,6.681936026665874,5.58196511927292,4.642718537185043,5.639273997646771,5.175669268592563,4.162170379636645,5.179889202502603,3.7399815684775732,4.698629405149816,6.888703112539919,2.992880500812241,5.399915221935164,5.646540998322576,4.242584329695442,4.693892831391434,5.238058878515416,4.1127426877218705,3.987619543017349,2.9985211879145366,0.0,4.537321847044903,4.170817037501505,3.057567289171303,4.829238303045049,12.012737711961366,3.5382050900420308,4.15922098315527,5.76406392814954,6.087539483627654,3.9164069568348223,8.342080054102695,5.843702040693347,5.44692813910383,2.9139772801715487,4.221467971174012,6.249579309804948,4.626972310153964,5.22151626683588,5.233413367650525,5.1682960711342725,6.093894257862523,7.205645814176236,4.221339361346454,3.174656065534614,4.31579894465701,5.886979009957031,5.883957869693495,3.3448323861545974,4.2917143413993575,5.473066356036706,5.307778719324327,3.966746309042322,4.392191124302406,5.27997593214329,3.414186236467263,3.7487959030638507,4.2608643310337095,4.829808330469699,5.7738064125243245
POL,8.540002241022963,4.00441193056579,3.960985736636079,4.347933892381818,3.932938321971985,3.450522962653479,2.6424018855798237,3.905714111535826,3.3439021602329375,8.830665244798814,8.872561389471114,6.6216277294349,2.1669002229549448,4.820359841147541,5.974239637975982,2.9932215365196324,2.420073703614754,5.310614876009388,4.648073851835121,4.580632125797618,5.217957914728016,5.144892015012806,5.901145710992963,10.65816348722345,2.9882878612201176,3.9388690958235344,3.095605702616436,4.216474498765558,7.790662969483007,7.828575004481591,9.065589982714883,7.621884047903811,4.455620397590444,8.481354013423376,5.9231939694218925,4.2177985345948255,4.269480155658314,1.526123151624398,2.5121402805817366,7.685335655605508,3.141571730572671,4.350063432108109,5.351804026990318,3.7023492745602082,5.624866172053577,3.5074221108416803,2.8590212393584564,9.712469917490937,2.9974292030655687,7.169413893990063,3.5061407432082055,6.909888359396409,3.408788517485367,3.419154283256688,6.716346535898211,8.651987089958029,8.157165386136299,8.889938843862398,6.971286013904386,3.3785368224936305,5.396166364588629,5.280961664384313,2.593708314664,8.204035833775606,1.7448001918656713,5.243406502861663,5.959024791027687,4.042400576115319,4.623349058392907,6.1171567232575805,4.742281480946437,4.240321566078667,2.809091751268279,3.8728269470701417,4.349508563638306,7.237794223797017,4.868471853017271,6.885593100221536,2.4073159461885796,4.373832425303244,9.65053555949219,7.488454213193976,5.156049839286509,7.717373399175433,2.659529475268903,5.899296011552111,2.6568733706364034,4.6259954775058425,3.8951857863369286,8.555309203728946,7.557270510370913,3.4673020705259163,3.5421099317760625,9.577121172922277,5.034311539131398,4.0786319516077585,5.210003125492422,9.090796474849615,8.118759502426752,3.820111549624405,8.683388781071043,3.425251148827353,7.4063043128796595,10.51643131129294,4.990473836306189,3.3468893011065215,3.321231375062905,7.207940139911135,3.3607227811626057,3.291171646610194,7.712648860242577,4.338858558734757,4.219984182831211,4.537321847044903,0.0,3.025420225139482,5.051947087011202,6.258065419407637,8.826498389410895,1.7963096925648965,2.587176003064996,9.094000187407381,3.3677737354725443,7.5187920843142875,4.849613047514292,8.696588242841308,9.016273256092665,4.134845747690577,2.2085573880488676,8.240158080936796,2.302268730177497,2.6016738198765696,3.491130898234334,7.315131888753129,8.179979922693308,10.76744931159445,7.779713080489168,3.5964643500212863,6.556319248081615,7.321803479290756,6.175375953494834,4.402510148802846,4.094295360863689,8.970009164023407,9.030829788841556,3.1030849156020217,3.9654124986557697,4.294113540108564,5.017136770560366,5.2057896969282185,5.568921963854455,7.736223092313565,8.428520881269467
PRT,7.7913053459724475,3.8258156944517414,4.303442903920617,4.447672397658857,3.31215441822959,2.9689745181580585,1.6359343394151478,4.472771954993246,2.5680489992044833,8.02187772532859,8.045004990452158,6.134880083552353,2.5523248147024744,4.86183515791303,5.024065549714777,3.0398334000295164,3.52452535081604,4.193273591948953,4.37328776580416,3.8963770189127267,5.462113385479194,4.238550667013255,5.335441636315084,10.161337523931675,2.7313023569677233,2.9008773673808896,2.773747502136161,4.300006379430821,7.0467916548381035,7.011345669961932,8.743393348716708,7.006135037124064,3.502973395991885,7.186811511912631,3.9509641347185647,2.2394378399888373,2.789498944181847,3.134308219359854,2.707276251925445,6.266163452200696,2.2400000971881364,4.001326473367992,4.566590613202494,2.975573638869482,5.137573138324583,2.0063759412229176,2.555771750933085,9.020856328783337,1.892707939224511,6.1564935691087195,2.1223097517552594,6.347554367095122,2.5821449030639823,3.2368906886727786,6.292903727043324,8.098541006395104,7.013582023754685,7.90747456001308,6.526642697924244,2.4917959556920795,4.489849667467486,4.322595551279155,2.5127548787604645,7.279521826270084,2.519777871736925,5.311393209590094,5.867544797651625,3.839603631967093,4.841169309357285,5.671169735052214,3.5514663036229313,3.010523700009438,2.0267873163795143,3.599111280719856,4.304858736451405,6.531974166607018,4.413589448787341,6.817073913777401,2.9037966375063777,5.061895228308163,8.680733967538153,8.053631192605948,4.401603205230299,7.088590556337584,2.433324899264948,4.888540608661912,2.6169861660940277,3.6074979497648587,4.753689749787036,7.779755769938024,6.620587329725302,3.443959509647151,2.9157031724301423,8.770625780184213,4.0305862551554075,3.297249190876753,4.851606848947844,8.339420217612568,7.09352046500283,2.694410768534452,7.754631494477586,3.476283270881286,6.05775663420515,9.810614667688911,4.501936956649149,2.7218430976615626,3.384896792255471,5.965284268465143,2.451809088996194,4.445591429890815,6.953810870378207,3.248650005237246,4.216935609913788,4.170817037501505,3.025420225139482,0.0,4.339699431253256,4.660425432995847,10.955042158983899,2.4249712720075265,3.7906571478182665,7.792421649895973,5.003647664878002,6.4142589837206945,6.0464315702856375,7.549016779579812,8.28122306694039,3.36550806424851,2.6443313824907504,6.413299188053401,2.5129659319431603,2.4306971942627964,2.1254072738347114,6.343662422660675,7.426750979308806,10.212107375544678,7.112523965448482,3.4835935328342784,6.313924552835842,7.412306470771737,5.7967579852281,3.1182067244587883,3.9682272539434225,8.350019979024022,8.167965814283983,3.6010182868226246,2.8976985432103235,4.13672611902305,4.967773727691699,5.172015560150976,4.954089140833018,7.275411955866385,8.263350397846699
PRY,4.681495180395063,3.8274054086208107,5.254949060948588,4.108452599957567,2.6070122544914334,5.378465359284755,4.80462104247417,2.6763758852312454,5.74686616786267,5.566634379251718,5.979472811327672,4.224633307599353,4.10528175724107,5.444400896150558,7.182563735057593,4.282457593023632,4.009515196129498,4.694736978249107,2.4853014971337606,3.6847388753242862,5.360476419501518,3.0726929058698653,4.77101985435402,7.122187929654037,5.104160340199228,5.060669235718746,3.791377215261254,4.772319628266351,4.511989368170257,4.343195018355514,5.846313004691417,4.209891007064411,3.0769064258011594,5.454949513995464,4.843264573046518,3.7192161092030895,5.821861381896994,5.429275226444411,5.384181920869493,5.827890193399098,5.225230078955792,2.9907242229137014,2.588651479782226,2.663938017244011,3.0859269182619857,5.055608451565546,4.944266072509981,6.2896839216515845,4.810995568595474,6.067716422588904,5.373736474997996,3.3137272762558414,5.697783679934516,3.416216759413893,3.085874249749984,5.276817965042308,4.446696398753007,5.820291420688108,4.330285795340336,5.488349185846894,3.1800615992760455,2.9217280220498294,4.872383279983422,4.621985378175689,4.375953506743821,2.9659146123000046,4.230001924805117,5.428420364315382,3.49557981689224,3.4124239417782993,5.415235776719123,5.209370056075555,5.248767485378699,6.29334475823302,3.0495905247962214,4.583917845306925,2.779300559673963,4.688808603362461,5.342930209540131,5.73750092804022,8.939124802471074,7.410761057843865,3.505036521833939,5.407273871511771,4.160722811824273,7.476447128585791,4.66534194707485,2.7050448560801,4.844094838312127,5.508207564734505,7.901269393485844,2.9497661654121883,3.8180411856992036,5.833561551573111,6.684000127930209,5.061345860135443,2.6350785516103996,5.859192857461763,4.234835509718891,4.2392390602578045,5.794668262320676,3.1166700070215394,4.474461323556045,7.343404925622914,2.917985137173417,5.628353136163376,4.861393862410242,4.19689281763989,4.729553166938524,4.708736980353297,4.723136832039292,4.14550193577998,2.8037540863293513,3.057567289171303,5.051947087011202,4.339699431253256,0.0,3.832490448982085,12.119016580363153,3.8846914871476894,4.371853292886795,5.677654498330922,5.7557560426229,4.2329074764400465,8.2871921656321,6.250900681725483,5.47073366837469,3.3378822282824823,3.98636489869781,6.026630406981459,4.649448567977159,4.96817218545742,5.075661189934437,4.878473085162386,4.8606673388925525,7.108054773262516,4.674535986911989,3.9923469038073303,3.463768323080042,5.04607107318008,5.8837066227848025,2.9659694144654147,3.5693535868863577,5.659219323248925,5.5719134871342515,3.787194880149663,3.764864179047886,6.121025720222703,2.538993628935857,3.628750155131194,4.451859610996791,4.741964604912835,5.039014170250991
PSE,5.4763513294659,5.0945309272216965,6.588539729371947,4.749151928111934,3.6774440379259943,5.650922539230784,5.142578756849273,5.244991656352856,5.378966764827775,7.03681398018643,7.01685998317659,6.568363320449471,4.784048475477071,6.679121935263062,6.64617744540089,4.854414279586488,5.580657057320537,4.841946241348755,4.161679052039177,3.941694178354768,6.809080216904578,4.7657380586760585,4.08745830076519,8.355883530024474,5.225028910188998,5.657072764000035,4.578154782296286,6.27267140140038,6.139796376682491,5.745708641713659,6.84018485913871,4.935379790981328,3.5042802671406768,6.359069627278158,3.7087590972474174,3.4968900727266674,5.266989890438532,6.302892086515872,5.81942703402283,4.843211440064365,5.024110346028833,4.419826658017924,3.541450970761063,4.294251021132998,5.38832056664602,4.67161950362918,5.2179982851953755,7.886763689104948,4.92924647281352,6.5744779725278395,4.845262974578293,4.488728794122343,5.500126160797705,4.036248367171906,5.56295663313575,6.563830592971465,5.317229356921956,6.575783175493208,5.091343480293397,4.93290731501389,5.1531599957845735,3.713298125360205,5.106172061357965,5.837846776621542,5.183203340095353,5.86006940042267,6.140573454364273,6.4441257351007994,5.039732468606706,4.480325664249017,4.956727610949849,4.646627946901544,5.443856207169637,6.766120629703161,4.9493447245616675,5.772301466945281,4.020682102273491,7.620664385606122,6.402914722444535,6.709853710245638,8.713315528290641,7.434018622248312,5.594355449960422,5.455544038786735,4.870761712686422,6.996912588115958,4.930875285416983,3.461241923921405,6.498707559815094,6.506516502994466,7.511078464010175,4.885787776619206,4.372374035437885,7.314270665327543,6.2494377873278975,4.462072245858036,4.531825921070661,6.70244957584363,5.2147870517596315,4.828042503852275,6.4109391060238385,5.160524527815425,4.201400039430206,8.717872694545322,4.349209466253266,5.4159331660500785,5.66654731763792,5.0298683153899795,4.9876734912926874,6.2034390535284185,6.025473237514756,4.4200359436208565,4.508634011111028,4.829238303045049,6.258065419407637,4.660425432995847,3.832490448982085,0.0,13.45895282908447,5.0560993024926795,5.726671920429605,5.983070296803093,6.778323448751632,5.467543387519647,8.878845116921946,7.212506538801426,7.0929998845368365,4.183314783779897,4.7336718336604715,5.085603271396246,5.264810367792168,5.580933268753086,4.597079802559004,5.173461478914055,5.912863297870795,8.942512983862867,6.123951184953664,5.987602240827836,5.474183713662029,6.808405499872301,6.512488024036669,2.968382466715872,4.494175696737045,7.639416827669834,7.138707047295004,4.801071588090261,3.8443350650129005,6.464723395422252,4.532406239387216,6.369129322213052,4.084576797249947,6.107142972152751,6.645124391042193
QAT,14.880909010449907,10.260935474595446,10.71991861093245,10.698211970200688,11.062545650577714,10.250394159417358,10.51833217981961,10.527108181403689,10.660504898122406,14.94246943738969,15.188060657133144,12.998566520347273,9.726125650763768,10.714527773465354,11.838052442222414,9.905570907092399,9.449063048618179,12.144771161384616,11.685361164605217,11.542407516872172,10.408679695475401,11.808054842404154,12.501962513031723,16.088202738750972,10.51686077706808,11.297355193640058,10.420094912469917,11.230928605292023,14.17875013231024,14.33358151624859,15.275329901058905,13.86874624413797,11.803793875316257,14.817759790776687,12.578993716720667,11.528553411627586,11.606723282935704,8.484567296303565,10.153316487278854,13.994122103984303,10.444053952694277,11.07956166459318,12.2476000350852,11.171218838888018,12.607909994206475,11.007306550649016,10.271222960022808,15.74960447512612,10.537391411801073,13.344605018424192,11.075764257991032,13.000688790898318,10.873074793178013,10.74340069722302,13.179518647737424,14.758894568640589,14.396538590748808,14.931334960040765,12.977082983103415,10.300089234034646,12.288183536068411,12.625055042722,9.986876654094557,14.232817065601008,9.686190891536864,11.932593389511238,12.803762906942511,11.025257858430443,11.235433448165125,12.548576326092432,11.384426833517427,11.435817519797382,10.2686284015538,10.244216325364139,11.557018383905564,14.047728149100388,12.351673151130003,12.722627855600559,9.674381209157977,8.613282055540852,14.547742069125084,11.99017553295592,12.41810254183968,14.211239660788264,10.473167440238127,12.116875477350758,9.969520496551917,11.940086893040613,9.895241707173676,15.015526735773724,13.839135948657834,10.915550781718858,10.521324507096214,15.788366082137262,11.240416658043968,10.9228584973442,12.013795831247466,15.614311570608962,14.598279615317898,11.10298175394991,15.293931664767742,11.031826479752938,14.555766205361323,16.33481960180753,12.096699180289542,10.68346728960566,9.961458191984452,13.803717936716525,10.40667330734093,8.948922642920099,14.225054878572271,11.582554321843519,11.125954610807092,12.012737711961366,8.826498389410895,10.955042158983899,12.119016580363153,13.45895282908447,0.0,9.693355055809986,9.786197449624057,16.113404553080535,7.855294346126293,14.238667679897604,7.443921256062397,15.072628322562625,14.919678085824922,11.14203211511399,9.812508096114652,14.542337839185215,10.188682424106327,10.166080428909991,10.902047142067874,14.017603972702524,14.210003710146745,16.512792318265813,14.026198680655108,11.033779841099346,13.346101625770753,12.692023913596465,11.475467051603207,11.768390484526591,11.006230846767536,15.16386333500993,15.659322603677655,10.197213631529337,10.654700676231254,10.958368534139916,12.218620951764992,12.372622076302148,12.815714696629499,14.134062802757557,14.29906970573109
ROU,7.373645348065666,3.0779859211138345,4.526543809817236,3.80701142110352,2.695392180375711,3.497729409004235,2.6757228295168285,3.323688830425799,3.606426102785805,7.758925805024791,7.7872952997461145,5.60099117256235,1.7038177114413613,5.2042877672705155,5.725551580110338,2.2705571279974164,2.5262761880824547,4.312000974882942,3.577387045972976,3.658857259577259,5.243063083816961,4.036342680935728,4.99648668409859,9.44338657234096,3.161116707609748,4.037750131911097,2.8382166939621283,4.104994036832637,6.657087198249901,6.6316739675758365,8.087494633566552,6.490995007735218,3.3858433726425505,7.20140521425962,4.868248482963136,3.170244498244333,4.04018890384063,2.3773122079604385,3.058769135038052,6.5780865254103595,3.1967247270706274,3.4192116002204545,4.278092197458086,2.6163773142885374,4.48393347051654,3.1237443589292315,2.9168564228664007,8.612925513668868,2.8343049146069186,6.298996201082903,3.227051878678332,5.939046474844871,3.493723814593999,2.391105453910349,5.646292069580365,7.542528718882262,6.868946692333332,7.711800272934347,6.061331582557285,3.0038505350050992,4.304708460156557,4.161417166101424,2.270121434216607,6.878511670290175,1.8364276876291243,4.4448031349585175,5.074375597543681,4.297677790981113,4.064859316032415,5.21329980361531,4.489072127784775,3.9833315319271656,2.706678334214913,4.242211655417312,3.7281322290781898,5.99413206844485,3.7239487221729175,6.29903022335398,3.2177783913334146,4.645293324936721,8.989188074510432,7.472206905854915,4.071584506980761,6.71286278116752,2.433018016592335,6.107272717006367,2.2427856639544665,3.4304111965534707,3.553657307163145,7.434472746430088,7.252590647102635,2.8916653687845595,2.5797003556990616,8.42784583882563,5.1111017105254035,3.434241966622045,4.50485118071276,8.01834151322624,6.9423366767202515,2.7838735687704688,7.482231185875727,3.1441566748159073,6.131867968400066,9.44627720190138,4.01666408319575,3.6482245201000723,3.514572602816683,5.9745798737785405,3.0104525167236167,3.5635437572326136,6.51304958314243,3.554572370681816,3.581534818454175,3.5382050900420308,1.7963096925648965,2.4249712720075265,3.8846914871476894,5.0560993024926795,9.693355055809986,0.0,2.662828679590496,7.942733193142316,3.7787433975209836,6.441476695111742,5.69799135962355,7.733611034916427,7.861637388569318,3.256570131629002,1.6133369713080319,6.944695332364956,2.181449118061041,2.7525008226813745,3.3240807050095853,6.032270179138998,7.125293193822633,9.707405983909098,6.643308234080294,3.4491066672930595,5.523222284243858,6.507975068600591,5.16036773505035,3.1410889261923347,3.5890054142817043,8.00040375135197,7.979522927830175,2.429718830354085,3.046378233008998,4.282459297822402,4.107004579661204,4.777524958658031,4.61384966323258,6.797492110718958,7.383981024635529
RUS,7.406146848624539,4.5692750696282785,4.1139506578981795,2.6807601397537733,3.867286974660939,3.1419775322913286,3.6507547078579434,3.3220773535281074,4.421485488054909,8.33247849402131,8.605625066869893,5.927145206295596,3.0802984530816184,4.950024389762039,6.911016355580911,3.8396063174147623,2.814188576543714,6.111253863503754,4.0310046022794825,3.154777684821991,5.280482397265251,5.2229008830148125,5.708235143380968,9.987067400200143,2.6752883549774653,4.617094382443142,2.7860041679429646,3.1205074085742606,7.12282367752907,7.053930033621153,8.280166120249504,6.851931565317422,3.4201551745727405,8.334692571579236,6.2612539178599045,4.372937696894649,5.435559963422399,3.4352485135840607,3.004253453135563,7.942089172040892,4.02788362576769,3.834935007639749,4.0517134334827745,3.552116851943929,4.547619326217913,3.6398931451950145,4.162616660967598,8.741744904001992,3.6273311717593866,7.807857336501909,3.853317846794767,6.000457714394332,3.8543858942444063,3.798593723824301,5.932942967209716,8.206725587250087,7.512022590283866,8.545848014516192,6.254766802873934,4.284266562315033,5.058571490598788,5.210455144601057,4.018730126312914,7.2565696620834395,3.1835977332569154,4.119540904273963,5.0570521283973076,5.221055773748757,2.7135055079650052,4.804573801564134,4.966195008904889,4.273320820135951,3.4245467428698095,4.038625911841786,3.2413093883344435,6.617411869032311,4.777560223924453,6.989983403166579,2.871564953076206,4.131144295140346,9.216524607351719,7.221891307515673,4.883763207150956,7.6173708026047215,3.6747712443122116,6.913006860253598,4.0057256458831265,4.319894664414211,4.883547053527898,8.053889628331769,8.339704475116205,2.8877923958538956,4.35575752453108,8.932289005800847,6.335257593015966,4.906253619013326,4.612750464109103,8.69234367836512,7.5182056012764615,4.88804944719542,8.196202214808523,3.164846927229491,7.047379956895362,9.956216416365894,5.1290546525772625,4.239286252663953,3.2085223170848236,6.475741421242832,3.4638692878246826,3.434012933115287,6.686631049631042,4.790777239910561,3.4337720738702995,4.15922098315527,2.587176003064996,3.7906571478182665,4.371853292886795,5.726671920429605,9.786197449624057,2.662828679590496,0.0,8.609671221334638,2.888904672254945,7.115640841544554,6.406520865867007,8.884388453990725,8.387127019915942,4.3500367077289255,3.1077366527797183,8.111392941155254,3.9134134802529505,4.262712885239702,4.010540588708768,7.364200327870091,7.04541660791225,10.020456846827107,7.391484863445525,4.017234902409737,6.200517501628459,7.1102616999121135,6.9997233913213535,4.210047117165007,2.8627981245163414,8.249368300010195,8.416202408652977,2.516499951468032,3.67313121381361,3.3853228216054325,4.105664051338014,5.356659605877628,4.606731343560304,7.152701227808219,7.289695867663065
RWA,4.482160791738292,7.495543874601918,9.574684608313591,8.075312581161336,6.8239056025539,9.240816285685042,8.570344160515013,7.417045156747583,9.239620499185406,4.393184238214105,3.544830196956607,5.896261630048542,8.006821967777233,9.700174089876707,9.641252941875903,7.689741662729108,8.655366946737102,6.495902390700163,5.841044508323471,7.0481604671530205,9.525884618432418,6.139890672751669,6.06827759859892,5.63107875878258,8.913088765058996,8.85148442183342,8.048126963697847,7.7585386401407135,4.305018691026996,4.160985290280266,4.535137313153892,4.865931642543931,6.451911175852471,4.747906610928931,6.242324726204302,7.079832057723022,8.771876691029851,9.499930823141396,9.236667372158772,6.164324391745656,9.018121615722567,6.7699520655431185,5.913652630977028,6.397308218340708,6.277692447584139,8.446899692084262,8.745661924727866,4.517761075282617,8.620814726645223,7.403308066547971,8.46101523632127,6.344274389677096,9.018749833111242,7.107863142790025,5.072772068517202,3.968409628464271,4.100537347280954,4.2536752510103435,6.00567525185277,8.634200503605056,5.449814834253088,4.513967594796004,8.145846837455629,4.835912750169189,8.467988430771351,6.36496625107923,5.8245303941620055,8.98996319224641,7.549675529502346,6.521225510937998,9.055589062898267,8.506126145376516,8.559798442994953,9.815659316584407,7.182743235361571,4.0938347254758805,5.787523487208072,6.669855191663096,9.553253936945099,10.016327691152458,11.20159751974276,9.159697784894435,6.098731013851896,4.716454415029,8.19508748810428,10.56659699918082,8.514462455922047,5.7971950693327265,7.975894557692272,3.394538857143385,8.778893979236752,7.206635545714183,7.554564944416825,3.833172498390186,9.772950569472739,8.097107660285136,6.6264438186609675,3.5704726710918626,3.657302175444072,7.278316239168262,3.1429856172031387,7.751876588787093,3.986117276497248,5.240643850809378,5.130947301500137,9.182461924189347,9.248072704987162,4.981838109708333,8.610082024393392,9.164675199705016,4.377076561212113,6.7083537141804825,6.49558014817855,5.76406392814954,9.094000187407381,7.792421649895973,5.677654498330922,5.983070296803093,16.113404553080535,7.942733193142316,8.609671221334638,0.0,9.978737954962705,3.5241255199617765,12.284712429465422,5.20920892777715,4.310290649391243,6.157354147150145,7.873547056478835,6.182006035441344,8.377561134231247,8.68621390057206,8.72058095531263,4.820501674818138,6.169067925077021,5.4122534894286805,4.077419867593623,7.560313587559639,5.128982929274847,6.875004287945941,8.16007615279881,6.088366715219316,7.566953283719179,4.830126753099131,3.63025995878655,7.843922692808997,7.869131726539721,9.473518073815244,6.004870466148775,6.566575074925344,6.361006883033554,4.543139283647611,4.946627035134354
SAU,8.578866664890747,5.001157369653487,4.900188083022974,3.9306863589366414,4.838624094376185,3.8717828442523845,4.448461199237842,4.204956237005715,5.144649251897129,9.77099027945334,9.820587073482633,7.521465915599761,4.052100322069315,5.356206125591772,7.385525487100654,4.113857039243483,3.7316649822181276,6.907901575731479,5.478460229462608,4.752812104519548,4.947288330556795,6.100794332135315,6.306722681028573,11.25050836146572,3.751947750538864,5.691323939420742,3.806584819677149,4.795118495420997,8.688416244180257,8.582222423744376,9.582523935931906,7.768725644390873,4.980332536778248,9.697769755680875,7.126350504210658,5.442779796844769,6.375712979979416,3.6200228947276574,4.130161994659125,8.881223325255739,4.7138764052052835,4.8886713808337205,5.136262556897993,5.082163075032288,6.299420986877458,4.627199883839162,4.734959957926155,10.211046528904273,4.310801278403385,8.685468185183028,4.946557271415628,6.6460442828301565,5.042393388116055,4.786904407321522,7.487736480177333,9.329829439750961,8.871856485336437,9.793078590155398,6.875780301541932,4.8081931009444325,6.768525388759456,6.579743037768989,4.470850930036921,8.669600634238034,4.0639878996330205,5.871599998336793,6.846199327754573,5.643773247198918,4.171925262236712,5.649217279360986,5.424852066772655,5.1751389663628045,4.277466971429376,4.91081675493505,4.687885319661081,8.335890096358945,6.224300015354376,8.237166229195704,3.774207353595476,3.2057125764191072,10.569542986156254,6.660218788698104,6.584622582263986,8.563064449371389,4.6655009658744975,7.591970284320931,4.591121297004805,5.486973283947244,5.7232688285966065,9.530723850327185,9.109525846925568,4.778680302873221,4.947853453494494,10.230360049814836,7.01165159702047,5.3894174061017734,5.473558326657197,10.05495251175749,8.591318903163186,5.9227998927891115,9.644298981915988,4.670161798747553,8.243992876064235,11.314129960838272,6.345346246756663,5.107510065787142,3.529849612060358,8.096327466328733,4.4302284473749936,3.128884308005341,8.312237381928812,5.703914284208512,4.755515553617376,6.087539483627654,3.3677737354725443,5.003647664878002,5.7557560426229,6.778323448751632,7.855294346126293,3.7787433975209836,2.888904672254945,9.978737954962705,0.0,8.488621058449956,5.817329330875719,10.115080422200595,9.772986528969243,5.56183426175552,3.7808767568800343,9.379132970096533,4.595479196791136,4.722378815799955,4.725540602063296,8.223015655827142,8.378367322991204,11.392341009732966,8.801270175077274,5.541576576807255,7.423008276739546,7.693725661879998,7.464005180321649,5.367295218140262,4.095809805991121,9.712768940742981,9.975478297325223,3.9265201891079378,4.679839920318305,4.934758237805584,5.476808947490837,6.84506903731845,5.969803218703286,8.523324977282627,8.481332089969573
SEN,4.223211492371776,6.434566559249587,7.921831415450532,6.935275434616599,5.844600751527901,7.679857797946944,7.175184415829892,6.010389748807268,7.821575728474087,2.5056533023531897,2.6667896795143546,4.853799057696804,6.503144113541009,7.716098618495466,8.522928335278163,6.824039483958371,7.055630030799217,5.62698411467965,4.177496389521581,5.840454584168523,7.933326384385677,4.798528359342325,5.71271211422007,5.194871300722906,7.648401260630577,7.492912550414989,6.713353805351934,6.389594463087299,2.2628365327289788,2.385594839978558,4.219741383790924,4.612556127077617,5.436455104622723,3.8489517890203797,5.449919887300787,6.0050303052025695,7.697125031421579,7.7997408180562084,7.649851898501072,5.557103974534125,7.5079493957196375,5.212815161974398,4.801750056497746,4.662138227984505,5.002067096165506,7.344300249378409,7.472796751503801,4.329940310883426,7.3360771826028,5.905702351986138,7.159784520564867,5.459209873101274,7.552577558954077,6.233271746813945,3.0261642783604445,3.1406226577496774,2.8618660158680234,3.182908914516536,4.866746087682226,7.586608865978696,3.2930136042689613,3.392908749790969,7.017628572306697,4.403964470763881,6.883024255241005,4.6739264697022165,4.824396340861003,7.6505782784075125,6.455393649829435,5.553317835747733,7.796559541610191,7.062517159283379,7.349586976056641,8.115661726140056,5.825597863281073,3.4060054405425055,4.679004129515797,4.228469648013133,7.896207159226668,8.123513078346365,10.421016509943295,8.668998474433621,5.32798468445529,4.793298348301678,7.013767242272212,9.337441363836552,7.250195247887739,4.2567323475052765,6.407691492705391,2.697264172694222,8.27969705404769,5.2491576088982,6.54356045153449,2.915748147069917,8.425314522914768,7.383719075486036,5.2939694655807505,3.1264618637347685,2.926481208763745,6.111559013142853,3.36503209768319,5.97423553980474,3.761372205936206,4.235310443827991,3.7991283752325526,7.622942415647367,7.812603289660737,4.047184240130983,7.055909100756263,7.231281864787829,3.6130814166807808,5.646182420558266,4.9227396150339855,3.9164069568348223,7.5187920843142875,6.4142589837206945,4.2329074764400465,5.467543387519647,14.238667679897604,6.441476695111742,7.115640841544554,3.5241255199617765,8.488621058449956,0.0,10.738471000980596,3.947777991991056,3.278711922050285,4.542152665351186,6.686005226860912,5.475471247976926,7.047332556051145,7.3243082798240735,7.446709719320932,5.025423035946479,5.69648629390693,4.6542925800934585,2.323571937965749,5.5549112049857765,4.666378188662007,5.878804848036536,6.787448641682076,5.05029903391323,6.371588520268607,3.618712894763404,3.1762383533069767,6.6865751373899425,6.513090136341161,8.103237082478044,4.76256230144119,4.933491072828598,5.899012016078133,3.8819433534604038,5.188920712401229
SGP,11.539801325642262,6.556039943763113,6.106669624774997,7.127656861482946,6.837426712711018,6.509891001620301,5.6387816807335405,7.34051784263395,5.083199715894122,11.916765180878096,12.279172088093173,9.868297178780836,5.153966739822802,6.626912490920839,7.1174176776411695,5.89570465491878,5.548838151958273,7.649272364133069,8.244712816171491,7.757577372991018,7.486525032254136,8.46967244063012,8.510960198905906,13.614188456603975,6.0154496197870255,5.638928167923662,5.8384894927814,7.939689159546186,10.936595888121168,11.217088533939677,12.298521247382938,10.459397054875211,7.6363747842515535,11.510810038474192,8.12573615195742,6.562931720226209,5.65955772603948,4.416633864248963,5.774277347800225,9.125653615464925,5.3397094090146116,7.005606341643519,8.7534453625484,7.286417069095485,9.220457498120512,6.079379533943687,5.073264491388504,13.084494031536153,6.072738284737811,10.189593031940198,6.328372684768452,9.36823559897993,6.126483280457326,6.090531581355678,9.836765482424518,11.75954704978321,10.951893673476999,12.081715637647255,9.956406064949588,5.357681744228496,8.614367144185552,8.277711094172714,5.46207892404664,10.985975162214862,5.010046806924347,8.966311115661252,9.5611178232936,5.496310116290894,7.980946458978006,9.261347925721429,6.8956208181677345,6.788737287197378,5.715542726770902,6.65146935540324,7.769732148065531,10.740931477332026,8.48791448489581,9.741872365403905,5.520836297316046,6.1686138725766675,9.810106164081624,8.927171408615242,8.752962658883172,10.823631867736083,5.322728977577116,5.797432408410448,5.208610852489927,8.012258612529928,6.826798878275262,11.997174041265795,8.764002326778758,6.734513655625462,5.829224066974969,12.929649936818503,5.170713238177896,5.923503422915351,8.342202871037294,12.41928879440233,11.136208134426822,6.475110562297816,12.234570488821786,6.703054843270006,10.551136277492834,14.004371367798427,8.171279522806596,5.374083253343645,6.055986738915367,9.939208457819005,6.318692086833569,6.278069509262881,11.145293098985722,6.62450066895392,7.354025304206897,8.342080054102695,4.849613047514292,6.0464315702856375,8.2871921656321,8.878845116921946,7.443921256062397,5.69799135962355,6.406520865867007,12.284712429465422,5.817329330875719,10.738471000980596,0.0,12.162210053957153,11.996429430520328,7.013104442699461,5.480770540018159,10.289912054695836,5.414783516572263,5.328152550020996,5.919682018747467,10.348763246802234,10.62340901089897,14.098544515970387,11.006689172427267,7.316627727775511,10.073316341807736,10.55116076288823,9.249739374338146,7.42722130449681,6.626798767620394,12.464873867703375,12.520240103755135,6.416122324017645,6.206297359704772,7.0230884885776,8.943880747095532,8.560756270880729,8.694473509503224,10.67690878680937,11.532626147990008
SLB,6.763896312897666,7.61906698251427,9.36966220024799,9.037355711122203,7.333385415881434,8.810279862546667,8.224494453536474,7.766593854386111,8.968995044355847,4.349733196760755,3.997070684535152,6.983475221942161,7.7808123380053145,8.987371531682781,9.318018680421353,7.987002664385622,8.235655429942865,6.5870669476535095,6.011398722287099,8.108703312899449,8.922578065465427,5.678947330815345,7.455196541888905,6.344668448979666,9.105637167617912,8.84055710776272,8.585392629827622,8.396242353066489,4.925762278151491,4.65850668754648,6.353093687509655,6.663692835570203,7.6541328430013955,3.784964599073469,6.344798409357645,7.633759151552551,8.602502085244387,8.701364929977414,8.84318754127753,7.32341231339261,8.571712517444547,7.65562017743295,7.117168095633195,6.333346917599802,7.091271292525351,8.867763200433448,8.369075172790714,6.276343427349485,8.184250260134641,4.985059061162669,8.451725303056579,7.644977598173448,8.814710009975341,7.73730931042076,5.77640572998551,5.144006598227911,4.959111965803513,3.5230886530565164,6.592855244909594,8.756155361872308,5.310347814227672,5.622693177498654,7.992115762710792,6.618777915259367,8.021326251929587,6.8817331840562375,7.286966219670891,9.13338485805301,8.571889188377286,7.929939922408283,8.406921926876876,8.239907856835648,8.721542764248385,9.140220506087465,7.701798376709649,5.1776955653012955,5.871903226028778,5.613621513709216,9.166517586673278,9.634289817705719,12.049645747982824,10.851642519702008,6.465991262120828,5.761489982869012,8.094010452702944,10.253987105554279,8.08999775290392,6.403440271384863,7.100041062605222,4.158838820413226,9.382175734617071,7.469387163548029,7.734932594136873,4.7397339361650985,9.27508555592233,8.388250066812548,6.8691485457568495,4.41626275790293,4.982278135207022,6.896524361820736,4.300780649004998,7.689360792778876,5.297150607861773,4.640046301654049,5.352304629308738,8.734353795198816,9.00949380186551,6.321040555638846,7.947598798866623,8.3746984352907,6.101587827231885,7.427948717676777,7.245771517204406,5.843702040693347,8.696588242841308,7.549016779579812,6.250900681725483,7.212506538801426,15.072628322562625,7.733611034916427,8.884388453990725,5.20920892777715,10.115080422200595,3.947777991991056,12.162210053957153,0.0,5.149301719155811,6.220024547564289,7.972400907104974,6.065323291834288,8.004093874034846,8.091646728648426,8.587266645349594,6.0393782505927245,7.906182234462652,5.662088018179475,3.9490954519632977,6.646987084648741,5.9836044268494355,6.594152841032203,5.62414298293802,6.794718178593831,8.879141313448816,5.088918745673945,4.5587020751445095,8.301821480152258,8.021538226799283,9.780892053090287,6.472638926982705,6.498463909160868,8.093330580026764,6.156491131392259,7.37832235476275
SLE,4.398477338430555,7.330987962835497,9.662696954198092,7.807612662151071,6.917121276943377,9.45524235770363,9.173668658696773,7.004240595140798,9.85444720110204,1.7532013462977203,3.5036899349873347,4.7429995968561744,7.972632844780013,9.508288507848686,10.069778026808052,8.143275443292858,8.411376410214794,6.931351331513001,5.48193019610673,7.12913356527771,9.518813052519912,6.354266414963005,7.104889427763698,3.336116738235769,9.388456244927694,9.365615058829178,8.216524979213416,7.9460142998871035,2.139306408155877,2.4665889404537062,3.97922446847172,4.8548436074043035,6.73105611320775,3.4213328473532285,7.155243772083221,7.645030135284964,9.458642289836586,9.433867763800063,9.53587465922282,6.887720763874619,9.47508790397963,6.295457109920229,6.22851249210518,6.152473793969929,5.546177427893126,9.181298127892077,9.224219132572058,2.7056840719216813,9.228975193582606,7.526723389435609,9.125328303649477,6.178899751429784,9.47967087803185,7.32403302176916,3.248226221046145,3.1857223709080724,2.23167866472495,2.711318308301371,6.058291602773261,9.18841129680607,4.4382252299938765,4.9881290839167445,8.645250488630493,3.3553822362729613,8.576518758052513,5.369352439373992,5.314826667595284,9.516537584631676,7.329504046203288,6.739461443131365,9.597603111396195,9.018490392018599,9.061672683047938,9.942181769493901,7.136529890744803,3.018704723317304,5.845165056304161,4.874384925185941,9.62883481504367,9.766241850259089,10.297532529087743,9.91734515708956,5.9397516717231245,6.042282864833152,8.62993410715919,11.16839493188275,8.848364384195493,6.207750097675201,7.325095958693971,2.5685259451979805,9.71305763932959,6.761523579138252,7.928349594436208,2.624428492818172,10.127974049662985,8.739962188926613,6.712992131077224,3.413535207164844,3.717065790352657,7.50293616089382,3.2166093557555744,7.66669987783867,5.387665135365025,3.3294082686731343,5.0214250866124015,9.689733352211102,9.457906679733467,3.8201650886031806,8.668516754239302,8.844530160671686,3.2665547711081437,7.178852005355757,6.133772462161831,5.44692813910383,9.016273256092665,8.28122306694039,5.47073366837469,7.0929998845368365,14.919678085824922,7.861637388569318,8.387127019915942,4.310290649391243,9.772986528969243,3.278711922050285,11.996429430520328,5.149301719155811,0.0,6.162474585590508,8.112033433206783,5.966999251000877,8.848425704456487,9.17708293398901,9.469590705794342,6.128899550964589,4.885458690277345,3.0968936002136003,1.9687996437751478,7.583217775946265,4.742456457706723,6.384315657980675,7.556592861398134,6.69169319542883,7.603326289133203,2.746220937942798,2.651537078258446,7.718285349729625,7.779196430186397,9.454828035362194,5.853633257504862,6.435318414587574,7.116142294948369,3.9294536702239897,4.0116217088902
SLV,6.234097695893671,3.6069921551182587,5.5892433832868855,4.197498668143661,3.2328820234936932,4.995835529701719,4.147098648506376,4.0374503875939105,4.632486258293139,5.92077151000608,5.989681286147551,5.109571439012108,2.8611614928322378,5.659914664842784,5.58314470124796,3.5721099586412053,4.048752161238612,3.228535965029787,2.448618655535755,3.7483930131314356,6.158588250930673,3.445139023958579,4.051906376058487,7.952395114714319,4.685394497518137,4.79880244457696,3.3707010665580555,4.557381467394048,5.006001416762396,5.186612395716746,6.673661535593671,5.573570004052728,2.960267355066255,5.87860166146464,3.293226945436176,2.879806353559185,4.550162937293672,4.382284633168983,4.6945555208052925,5.1434148983017325,4.215541104058771,2.9514830593211467,4.08255991998958,2.0660442554991483,4.879639122971422,4.235968358604999,4.091245271026768,7.275497919466154,4.3334150691179305,5.874634397006667,4.201141061118801,5.428823503444728,4.481846688426274,3.0499778057153355,4.614726961235103,5.961143402792989,5.061090175420023,5.835310081743246,5.2755755458962055,4.016263448242133,2.7966909161498648,2.233005798607308,3.3110294925201162,5.841495103754559,3.4183629585990594,4.427508740495172,4.756712564761687,5.0062939581145525,4.777185837303212,5.135631727718772,5.07537085578624,4.440092499967255,3.990894871911887,5.320012535206992,4.65986150463962,4.817574551684059,3.7914249786622043,5.5444408842742305,4.870637878349093,5.5057074996676505,9.304585248843901,6.74319665849291,4.361992904517833,5.457425470581294,3.700383594073557,6.620110897522652,3.664170422361773,2.824990114912413,3.541214673683624,5.723762866355446,6.0746489891500435,3.101665749765423,3.534384040578868,6.912334218000601,4.980848023957578,3.878796426541103,4.64855687617829,6.4448756225533,5.553999860717275,3.4656183091587547,5.968363693633252,4.118452232699795,4.91107992249479,7.941565783999835,2.600838247912086,4.513521909329734,4.898277928924509,4.6367417131373925,4.088704077639112,4.832844113912052,5.405228985621704,2.8346865474536207,2.610812601772831,2.9139772801715487,4.134845747690577,3.36550806424851,3.3378822282824823,4.183314783779897,11.14203211511399,3.256570131629002,4.3500367077289255,6.157354147150145,5.56183426175552,4.542152665351186,7.013104442699461,6.220024547564289,6.162474585590508,0.0,3.249446019083117,5.623922461538603,3.968959121366588,4.12827847274056,4.294005593409466,5.29786304703528,6.378700773340914,8.287052039318707,4.977398006541829,3.8711909972643217,5.000281569659286,5.731487982961453,5.489484174369725,2.7695667310955483,3.815407078170652,6.751866311982,6.551786000839957,3.808593070189293,3.195477043990793,5.627807033758655,4.245225237022642,4.924381130291343,4.791632049123961,5.368566790754071,6.390267633760274
SRB,7.499395472012742,2.5606076209349533,4.420195471485129,3.8258056260552467,2.1848758763925695,3.8683101479503583,2.6958861233253995,3.356100389122423,3.4566531105173564,8.071134159376383,8.023651018656423,6.196529983040845,1.4796881069169527,5.1264404668695,5.33654063334923,1.1724824398532219,2.352200929577921,3.8459370652577354,3.789544992365705,3.9023834899797514,4.976761658144403,4.0249998540170315,4.621867906370722,9.617743955384123,3.2650539522978934,4.1345346662556315,2.535366418275766,4.559338917660038,7.117118859709617,7.077955102893719,8.353416114828256,6.400823549070702,3.4119457455214803,7.3916259310692825,4.428854960676173,2.938679162369407,3.692990047929797,2.6440343199301894,3.548129600448905,6.270680422974731,3.2066642647515042,3.5851295361101294,4.360546509965777,3.058987963678353,5.145339269871233,3.069049904221567,2.367112686352805,8.991239115018999,2.782305244644781,6.392633628507958,3.556771360071664,5.704448555108425,3.899689636919192,1.8008108147729196,6.054135924466389,7.640491913652695,7.010807125311556,7.86086461812555,6.0971044758724435,2.551168347743833,4.900538941342825,4.042339454126345,1.7508563884772366,7.087768521355892,1.7640610239266175,5.035405970937708,5.5497761402285315,3.987642231645953,4.15243995568706,5.283667048964608,4.186642699522609,4.190961424893059,2.874914607974236,4.8192467932563074,4.023384803031038,6.436835440722648,3.947541727426405,6.716657310951611,3.4444129690313336,4.726585458088129,9.16088328091241,6.721623964110444,4.726486676437727,6.428017950515976,1.9242890010545093,5.735260586671355,1.7067576136447202,3.4497528526502728,3.8368869367890857,7.747494510698346,6.782254986071784,3.4579633424767184,1.667392818675998,8.691591387434352,4.789804522003916,2.4703272033729324,4.1716584038206,8.143664942013347,6.943657663522487,2.8167966514956784,7.754550503973337,3.2280262603329533,6.03791052145688,9.899131072083838,3.8822727503213335,3.6097521690914074,3.612938928242205,6.056194310989733,3.322250214762046,3.775095784016722,6.980324538481357,3.4463952222240946,3.6641472282292096,4.221467971174012,2.2085573880488676,2.6443313824907504,3.98636489869781,4.7336718336604715,9.812508096114652,1.6133369713080319,3.1077366527797183,7.873547056478835,3.7808767568800343,6.686005226860912,5.480770540018159,7.972400907104974,8.112033433206783,3.249446019083117,0.0,6.942486775895312,1.9819988643252495,2.5260422823923974,3.2863215984070884,5.834116262107996,7.077251375020795,10.07587444630108,6.9900176355706245,4.038786229842826,5.558743222070779,6.6728565999563445,5.473154539306769,2.8327646081420883,3.4237481619362082,8.444964511066209,8.337686068968253,2.2867296374921984,2.8697184891176546,4.926644786173097,4.302605497230766,5.062694813800861,4.508623098584885,7.05799300418206,7.4951360674832745
STP,6.755425993282166,6.730456583986035,8.941242097524805,7.319370147973118,5.99714079895938,7.760840424859239,7.414986112817582,7.8210483380079205,7.476472466727201,5.829752864829268,6.799438389260274,7.3541558786736205,6.477449258930299,8.640140429085989,7.41345516248421,6.9356852050327635,7.676901924547802,5.475868231871357,5.990063806453474,6.6417469805721,9.032868897287047,6.130821382310151,6.376770032213614,7.203986601072849,7.807117733519014,7.6693659197737505,7.408028279317221,8.594877613867604,5.618667033568422,5.584426656426761,7.710664150779693,6.440932462316976,6.287437036828247,4.0935886516056,4.193125753145332,5.731488238919238,6.443360934150746,8.08145521604756,8.140746476183962,4.8333272117296735,7.173896221562134,6.407463601814327,6.607113408945583,6.049514550776178,6.86462528287294,7.234322253857333,7.146601442373749,7.522928237422282,7.245151962318726,6.454318603680459,7.0347568226008566,6.913473677339919,7.532844382128495,6.113252700991688,6.074886189363276,6.753067945046232,4.113372090466675,4.998918702088177,6.778963910548235,6.8075628033298,5.303258953476385,5.244403178418657,7.014968803835703,5.402856881622936,7.239761836524905,7.534894261509262,7.626652423265537,8.670040858413936,7.773617375817894,7.640271302466675,6.866765016256944,6.786493572853216,7.624870965413933,8.636167915239911,7.112554461781875,5.439488412645081,5.825680511555181,7.731368519715318,8.673660618455607,9.044800199341724,7.471205324795711,10.47612214646933,6.661187279091495,6.544982456061419,6.952489223498919,7.93195847711484,6.813033497649462,6.082659523158352,7.210119190583397,6.061618135918806,7.998869156907328,6.980609165149603,6.268656159985412,6.963841999674778,7.12877063467363,6.212083399441175,6.866364914617208,6.599410896020646,5.776240176299058,5.631552739111738,5.8688964323413835,7.4956330034963985,5.059829981054427,7.580834894808005,5.709995869832277,7.4608318727390035,8.239649407299618,4.67899438982275,6.5780954134059835,8.452004744727768,6.238525016715766,6.130097720321304,6.8476248753395,6.249579309804948,8.240158080936796,6.413299188053401,6.026630406981459,5.085603271396246,14.542337839185215,6.944695332364956,8.111392941155254,6.182006035441344,9.379132970096533,5.475471247976926,10.289912054695836,6.065323291834288,5.966999251000877,5.623922461538603,6.942486775895312,0.0,7.392492961074779,7.5971288929313605,7.260305528534785,6.268391331432465,6.376179037436978,8.128085986245035,5.28330202713812,7.666369665492372,7.099972858767663,8.420402380968413,6.232845695519959,5.560894499108916,7.437801818987121,7.386585120053575,6.884015995583208,7.092163663121632,5.725909145930765,8.094476437463511,6.9628878057013655,7.957807922782654,6.48921374147187,6.793471515927556,7.441579816799393
SVK,8.089039015372691,3.9858724960977123,3.8056322421224333,5.174426978877178,3.3816247225960714,3.899713338876063,1.8496651191439406,4.11031614996926,2.5865887514231707,8.617792916970707,8.37842085784631,7.012076496781487,2.116676342718115,4.508015698362257,5.2266367727882885,2.564755148878314,2.8959913454871025,4.336360248033324,4.57990876734519,4.984506500777988,4.6253151338339835,4.493796227717665,4.911901071099685,10.278422299241312,3.2763773583308065,3.3885933424123533,3.448784301376926,5.307063168710014,7.646995525561166,7.583787784556384,8.800933807741748,6.94990712584505,4.581239239765627,7.909286975695373,4.894782187025472,3.5488143392356624,3.103590663269543,2.2608172196645278,3.0605986899349316,6.313375841877373,2.5934069674293267,4.42374704126213,5.20454022576426,3.810365895271011,5.826381705786629,3.4157662541738603,1.7186845417206829,9.808968244626996,2.428457773046842,6.131958066206961,3.460839682509392,6.217330315305579,3.638420346739528,2.9664184793308537,6.69576440574846,8.155451876446875,7.760102260680194,8.484987485749018,6.207498360887478,3.1229997618401364,5.444438625967901,4.69098301478621,2.212528951428852,7.974913393912883,1.6199755980542874,5.831536548598177,6.499365923638987,3.320437222149792,5.231495464400644,5.849938787315096,3.9667905904191167,3.9684848628766005,3.2561250121093885,4.711921976237458,4.321779386366165,7.159381772326383,4.2931381627379555,6.892337607824835,3.363265848112484,4.8050379058384225,9.53772049464879,7.4222495343089525,5.245633091335874,6.5907748579881185,1.6227252995572796,4.831238204082222,1.7151932300980595,4.244562054922256,4.404472475028441,8.250841519086787,7.028295758346242,3.874763871700421,2.5026662113072846,9.174754412508943,4.2625572252185435,3.1728233835492934,4.58065970042324,8.521683791542108,7.371664099927669,2.548370512325474,8.304530007543145,3.3362031298221453,6.193684904544497,10.324354378627644,4.56947493602629,2.915861285003997,3.582805312966982,7.095110453669994,3.540598672140659,3.643136695864466,7.849462883608153,3.718736301169206,4.6505416387467715,4.626972310153964,2.302268730177497,2.5129659319431603,4.649448567977159,5.264810367792168,10.188682424106327,2.181449118061041,3.9134134802529505,8.377561134231247,4.595479196791136,7.047332556051145,5.414783516572263,8.004093874034846,8.848425704456487,3.968959121366588,1.9819988643252495,7.392492961074779,0.0,1.4839257490581146,2.892232355505687,6.019487860710062,8.153245627893293,10.55514667391695,7.507441012103396,3.826200173385633,6.269796098077024,7.034698005021251,5.6081436131070435,3.669415764578386,4.545167918855225,8.995954609415568,8.773738400475342,3.6738566597887026,3.9038023936939124,5.199882341301024,5.077023371831301,5.052533351362738,4.990384241940246,7.375838361769284,8.443361948064226
SVN,8.521050070224502,4.179254991902899,3.6120539254278268,5.302178462452403,3.8336379082757603,3.827829551369737,1.7188452321116545,4.408761555354794,2.588351417284727,8.919810424714889,8.79819979616744,7.330900432675893,2.559271983879781,4.147377295708698,5.328064607768526,3.0440897776940314,3.076066243264366,4.417881025133932,4.990235014220487,5.465895721585805,4.5652751985407765,4.636633997992145,5.456517357849847,10.881062565632808,3.33612519655642,3.0791064729335544,3.4391860347303003,5.5075528836379775,8.015620803876738,8.00325120496775,9.226149969094049,7.434071425156645,4.9111076665894915,8.177954514018245,5.092838563151493,3.776486633719955,2.877605832121348,2.3441180887577193,3.10946981991882,6.970292157814206,2.334269520115757,4.6798095656508565,5.560820407429717,4.054077824788372,6.262908196362401,3.568525832956346,1.2810936025288433,10.07258470959349,2.2447183352380997,6.660363495283045,3.587317820308502,6.576278770834678,3.6652397618806987,3.3636586422317074,7.038799467426919,8.605978309619053,8.041960948616854,8.771444821106149,6.639656609592661,3.403271228368609,5.676296195118149,5.008501617156881,2.23363187092851,8.486547610870055,1.8692541462233738,6.233708140850459,7.016803912814503,2.80008132024227,5.5278564426770025,6.244103423736331,3.445508487492803,3.6304137290815413,3.3099295086899323,4.613306349602832,4.546684979586218,7.621339704725753,4.619490503624228,7.019852158585163,3.2079681540016103,4.715478026080089,9.838642121365423,7.346302275312428,5.327599210009609,7.320600100299861,1.7822874496865972,4.53217085780703,2.014561606861434,4.706045369082891,4.442071176187067,8.638118009410666,6.593855416266836,4.3576166578060045,3.0358435263971693,9.535118861236613,3.892878730646545,3.160604564373378,4.8211854311627995,8.98283753280869,7.713916386694698,3.1512949325764787,8.667203134506778,3.669671436821098,6.775165779945446,10.617501387971364,4.814357034483643,2.869802161934856,3.0642012051327567,7.48872802232253,3.339939226345594,3.6311017544281023,8.279475301496124,3.7778756595908227,4.764415276960532,5.22151626683588,2.6016738198765696,2.4306971942627964,4.96817218545742,5.580933268753086,10.166080428909991,2.7525008226813745,4.262712885239702,8.68621390057206,4.722378815799955,7.3243082798240735,5.328152550020996,8.091646728648426,9.17708293398901,4.12827847274056,2.5260422823923974,7.5971288929313605,1.4839257490581146,0.0,2.7072557505567563,6.732294925575322,8.395153212337723,10.877804444782067,7.858663739371745,4.032769522349852,6.534815029359525,7.189699496352492,5.711059938374567,4.2864145172778665,4.749830993125154,9.181346749410883,9.036180572656008,4.26192915610445,4.038268665159523,5.4227984735550985,5.284332383409693,5.3894801394686915,5.8715544089356415,7.725742815085684,8.766448079115703
SWE,8.241923062417092,4.804310963903882,4.125325384358588,4.558104192967412,4.036123869493656,2.5311200859617236,1.5100419773564773,5.05300927678534,1.8333583082374891,9.162689430590238,9.118179381428417,7.537238498212466,3.0914851650064925,4.60244295711792,5.257671943839402,3.8297145741986847,3.756326549777664,5.324144528871212,5.047415681937808,4.251969694001307,5.3367150644325685,5.3198410920614645,5.3557216525683815,11.15407014780989,2.1797670210154725,2.6918044229959297,2.938489174500409,5.080486607876873,8.13103120283497,7.939094578006641,9.415047581872491,7.447994524952272,4.119801941707565,8.491538545364554,4.645450109682181,2.978664988900849,3.1139496607184642,3.174693358473306,2.1611354679099417,6.852559430974545,1.200652099457005,4.726196163441871,4.979865331513912,4.159730577474929,6.2227716365769785,1.9775553295104353,2.5024648770105435,10.219773356424435,1.353017200357824,6.779553546721728,1.903974922858339,6.419441909044321,2.2675505902480753,3.930759601836507,7.2967952582217315,9.046164995118191,8.032294075962705,8.973650925761289,6.649231213321601,2.707301753801727,5.868135727182804,5.32360851991054,3.0697373527653227,8.319955614503515,2.7797030133401117,6.3095265948145896,7.135146639737864,4.099428125731067,5.18709134990576,5.935792480383451,2.7102213209051342,2.2976256670020483,2.549150178784723,3.4359377227171883,4.719079415511193,7.725607127742877,5.304665563251301,8.068506412264083,2.9299643675474742,4.668105834785264,9.293218620875665,7.777800503780678,5.8123905352702705,7.61429397585721,2.640530134300359,4.543911198193019,2.7494831505422486,4.530032663121017,5.763688409608973,8.858234545172515,7.411958202203375,4.221850524064368,3.6640537857770714,9.829124132138277,3.9538597069030947,3.5719253308453602,5.279743380633071,9.276988468648721,7.795396920682596,4.035184523544652,8.853644289853941,3.9849172452958155,6.627027533498056,10.952697581397679,5.390549310393334,1.93797858787085,2.737525862142938,7.193886445387681,2.4413433732009096,4.27300678222197,8.151008874108673,3.93919962304261,4.691344356936549,5.233413367650525,3.491130898234334,2.1254072738347114,5.075661189934437,4.597079802559004,10.902047142067874,3.3240807050095853,4.010540588708768,8.72058095531263,4.725540602063296,7.446709719320932,5.919682018747467,8.587266645349594,9.469590705794342,4.294005593409466,3.2863215984070884,7.260305528534785,2.892232355505687,2.7072557505567563,0.0,7.078544579220205,8.267349914881782,11.28384598228361,8.215745338070693,4.435066224538927,7.320898840622367,8.099918703305121,6.701431587828784,3.9008689035904482,4.2511413235595885,9.448242039366715,9.255612770322509,4.173584825709569,3.1443565210720523,4.272701679214907,5.60663351048083,6.308251131761151,5.222226393071304,8.084758303818731,9.032481937858554
SWZ,5.519079035126171,5.792461648167266,8.186409019942676,7.446990545994202,4.933808164825137,7.8363130759190245,6.733572130864286,5.948601747892241,7.581873217010322,6.225388424400602,4.900947064089523,6.345759751973972,6.271398543810792,8.360520949024973,7.363699652398529,5.483722204848709,7.061671980507413,4.72030228037217,4.703353948781523,6.348339849759401,7.449620702604602,4.938569736897839,3.844525157092373,6.3795393064438315,7.516721117009999,7.5925664405687385,6.743157991268216,7.551343553979542,5.641539431847249,5.173553068162685,6.235779341631212,4.378251416900046,5.689198167125626,5.51102895869436,4.996031008420695,5.560738925704503,7.215259125960653,7.571698455432602,7.7843695117010485,4.6516451736540665,7.359600608721801,5.648856405926507,5.486899818550857,5.426543218293583,5.852165362519932,6.972720110371645,6.793693684944624,7.307237908953125,6.786313769174036,5.111706070217947,7.153455951631764,5.197882158258421,7.681410961705426,5.4455312768002395,5.751501652002324,5.176166271001583,5.387782937622366,5.703521709070622,4.7169429051566585,6.788781683907197,5.575781690837752,4.229249090318769,6.209025766543326,5.411747178909293,6.697007750900279,6.240639404110412,6.334190340214799,7.373010694513111,7.006554428653131,5.82916408400143,7.560916234842185,7.467721516869586,7.054570003202311,8.562240412286403,6.337165996413292,5.016013610462766,5.079088155583747,6.93991273754551,8.091292489089906,8.417976086535568,11.076133365104216,8.313034315465176,5.897760571053981,2.84592889424313,6.29390316221936,9.157454911208415,6.254344399395295,4.842744844576865,6.9071156305469295,5.48559592611547,8.648264262710182,6.285413326158792,5.306385635641431,5.985446057926309,8.358977495780882,6.081799823251359,5.696210228495439,5.4442907121069695,4.520852391429009,5.070059342673251,5.274916336020547,6.545418000892103,2.506778498832702,7.519904865333683,4.434791195803749,7.773529517676054,7.82864394565805,5.737554268187567,7.350245041994069,7.478701571972066,6.06797835765209,5.312492379880097,5.996210700761239,5.1682960711342725,7.315131888753129,6.343662422660675,4.878473085162386,5.173461478914055,14.017603972702524,6.032270179138998,7.364200327870091,4.820501674818138,8.223015655827142,5.025423035946479,10.348763246802234,6.0393782505927245,6.128899550964589,5.29786304703528,5.834116262107996,6.268391331432465,6.019487860710062,6.732294925575322,7.078544579220205,0.0,7.300113909507402,7.519772989461004,5.272980226062235,6.847455783497612,5.105057804234955,6.355080352545307,6.282430143031815,4.602102163520012,6.898683705877994,6.848941782151936,6.103996307125817,6.462969846561705,6.53131101442453,8.481910983099874,5.752622724532984,6.39294347144232,4.4898603754520625,5.430984981854934,6.21701831386162
SYR,4.169805425851249,6.51923139114788,8.1473521751353,5.865135835362822,5.6786898105878105,8.293222722021095,8.221655148435586,5.853743395920153,8.7448972212001,5.881814253762146,7.020600699984529,5.398380627541956,7.14873470275297,8.44995673864483,10.397210605887686,7.204728983228926,6.9388306078791615,7.457592398089471,6.033055875614481,5.673097795689486,8.292198142943331,6.380685586219033,7.117231901707102,6.866106906122252,7.945751956452391,8.354727541350494,6.821892101706639,7.182246808838763,5.275777305783193,5.200536312023041,5.631969183471501,4.347652380502492,5.647691553569533,6.031504765885381,7.182848920000065,6.749950606233787,8.561173838722626,8.606344556908962,8.549250715047272,7.118530270533017,8.470423325987479,5.919395223484323,4.80211012837271,6.146649116092692,5.249715867672751,7.801544231431522,8.215924025518916,5.056124902929409,8.086382276537737,9.135440650700033,8.282607917124455,4.777088536657467,8.83269920238129,6.294897345692591,4.142815904641433,5.4014067736676825,4.334251784640082,6.03306546120984,6.259644193491379,8.171301974978084,5.605128163258013,5.2986953816132605,8.145759601526608,3.6763107664544306,7.655394395282906,5.217059545279381,5.398434788824973,8.743438099472664,5.10152520705337,5.0860263429332395,8.32389840052466,8.225051947435341,8.120525888485892,9.327803025572438,6.066812412232306,5.186644134621935,5.355683376783696,6.222050148882387,8.37942427684482,8.487988304094678,8.171699479466142,8.826077981689139,5.618016106209052,7.25713398588496,7.517574212180357,9.848389925528371,8.016389523970094,5.860344909315156,7.8772581137521955,5.637835674745823,10.00199941738017,6.1592211135990205,6.7873809429562675,5.911489392593037,9.445284080307129,7.757183699446722,5.339030761288517,5.8637767969044825,4.571045617133087,7.195396909253576,5.728922909053519,6.411765396690994,6.367214094084698,7.112918251760885,5.334455547483734,8.645009632784797,7.8472292658343985,3.6290415387117894,7.665933836180075,8.004266940736956,4.641438905558408,7.1110274940966605,5.583417549217512,6.093894257862523,8.179979922693308,7.426750979308806,4.8606673388925525,5.912863297870795,14.210003710146745,7.125293193822633,7.04541660791225,6.169067925077021,8.378367322991204,5.69648629390693,10.62340901089897,7.906182234462652,4.885458690277345,6.378700773340914,7.077251375020795,6.376179037436978,8.153245627893293,8.395153212337723,8.267349914881782,7.300113909507402,0.0,6.587990629696485,5.357502468487435,7.4268619278128245,4.8835765954262484,6.755294914673657,8.214872553403996,5.711214919242315,5.607219201614416,5.6754129175067956,5.626926550838007,5.925058417064324,6.346649713269896,8.474618130440637,5.13498578787856,6.353103011174416,6.383360299207449,5.131016126209922,4.212073850028718
TCD,5.070381821480225,9.575311215149627,11.025207655178551,9.8239805879289,9.015217007902514,11.18157071187717,10.903089550143136,8.507105329887423,11.693108965592296,3.341185886767051,4.095723776068506,6.55007586430341,9.950824160790964,10.771853822039414,12.345964795808186,10.163217111996875,10.030475824292663,9.219400760772348,7.299172612204507,9.095425316394719,10.526253425097927,7.9366358985091905,8.826673091441359,3.6009730602218744,11.18611173439874,11.166212384794527,10.281293834829647,9.538955855538086,3.9672447737428223,3.97991954932666,4.057844148674415,5.983438988202758,8.864400424942954,5.284621429199967,9.414904663278383,9.909489143389177,11.533803370748593,11.140892461301798,11.183234841568598,8.842530578972173,11.323504770688299,8.504131382759981,7.756319158642476,8.184155197786094,7.1328246267589295,11.222923611133368,11.060940811838616,3.242893315638024,10.968282849525334,8.86184382252254,11.047487683578371,7.443808831981128,11.397564251202102,9.481869753762757,4.891276970731218,3.740667763834239,4.693509544317409,4.261817551661657,6.87567160053093,11.425163752133914,6.485359605395886,7.082935632308238,10.682053277596943,5.461327862876938,10.353658863655598,6.769989742862856,6.93461008492709,11.218388825659003,8.901282553400488,7.751049086219145,11.356513275860241,10.804733383244564,11.087728380102874,11.687733203965712,8.463959418989006,5.0508126215808264,7.361045288320476,5.695957550013675,11.357904001322575,11.132146916280373,12.335248831876553,11.306005064231547,7.564339638329516,7.0240407350244505,10.47365627293416,12.998430640463146,10.79279150061877,8.068338152634535,9.227955143430606,3.566622647567109,11.838944077567607,8.50870453532586,9.958487513106093,2.2138070521403255,12.306289720211328,10.934668571931379,7.902514421389263,3.5789950791502934,4.621225032945012,9.497773017439336,4.2651382750025615,9.177227671086998,6.7456396065111806,2.157921028891682,7.023649962878383,11.48272334795524,11.004160603587145,6.39271277819605,10.606092005501827,10.126279374300166,4.971902628100244,9.434645560057902,8.110513209379329,7.205645814176236,10.76744931159445,10.212107375544678,7.108054773262516,8.942512983862867,16.512792318265813,9.707405983909098,10.020456846827107,5.4122534894286805,11.392341009732966,4.6542925800934585,14.098544515970387,5.662088018179475,3.0968936002136003,8.287052039318707,10.07587444630108,8.128085986245035,10.55514667391695,10.877804444782067,11.28384598228361,7.519772989461004,6.587990629696485,0.0,3.766694469297577,8.949617279855397,6.055396018089184,6.815579684092821,8.938000378725166,8.695116237594,9.560800375136298,3.0411462393625603,3.07178176868245,9.639863089238304,10.018162505754345,11.323322557390233,7.172114627689433,7.462413459524671,8.859344009485325,4.843829916341792,5.122330696747737
TGO,4.305564870386286,6.569442694690835,8.636851075838738,7.132643370784103,6.056550813837634,8.296332514307835,7.9065220429868655,6.2096117794699595,8.54644925999273,1.7661174020972035,2.83391124135174,4.676919220934383,6.733647357107943,8.438994329191651,8.997806035931493,7.0989676344160815,7.303187413564478,5.92445605137857,4.336856884063348,6.375185649943653,8.536540999754802,5.330048549250037,6.0192649171805135,3.892097691509016,8.259619885096216,8.26084877830037,7.336236751289128,7.164458488769445,1.606405015550817,1.7701248596144616,3.616088610458024,4.465398086880946,5.984057211757908,3.0484443417808347,6.105522405619054,6.71085928269285,8.24871999380347,8.088240513855505,8.242653430319377,6.07604507577753,8.164802307182244,5.551656225325011,5.521360825867683,5.076204646122752,5.057978067573237,8.14085206852863,7.950453592605925,3.6863767620796666,7.983513692140109,6.262768430616979,7.88312160809088,5.774007182184985,8.215605010287634,6.3154695818450035,2.833518136251443,2.9049067834047433,2.2012766330548685,2.231048130071408,5.110668410174521,8.069716591495657,3.4608505988667293,3.9313625458807735,7.398584430039114,3.7801457047933567,7.269496503749742,4.8305425426742294,4.949246630235711,8.503379128262113,6.721491407397968,6.126643306860969,8.39575695826442,7.73982488910079,7.98213930627781,8.759501990192609,6.211581655142624,2.3939253105034703,4.607071106118761,4.311703760193068,8.546285473194018,8.694781998495829,10.10370866660754,9.250215686985108,5.192325402840299,4.974806524940574,7.433790347597606,10.023171985586918,7.555952522175272,5.21900256006162,6.09844226711443,1.8135675674362448,8.877339610116152,5.779295419777577,6.909028491089363,2.8342335695715093,8.938299417254878,7.647615148445788,5.88637365795731,2.8748106000583795,3.322075283342048,6.300837062806201,2.601502167598071,6.687633161416321,4.421862110411522,3.4057850719058456,3.92738799002506,8.364309526002708,8.353125300238526,3.9638376973306118,7.478997965158098,7.601170353343674,3.2898119337218286,6.175656904872778,5.301020733607874,4.221339361346454,7.779713080489168,7.112523965448482,4.674535986911989,6.123951184953664,14.026198680655108,6.643308234080294,7.391484863445525,4.077419867593623,8.801270175077274,2.323571937965749,11.006689172427267,3.9490954519632977,1.9687996437751478,4.977398006541829,6.9900176355706245,5.28330202713812,7.507441012103396,7.858663739371745,8.215745338070693,5.272980226062235,5.357502468487435,3.766694469297577,0.0,6.347634932783572,4.220209280637026,5.551605373110483,6.1772589279878725,5.705116546484353,6.962066234174552,3.047391207429862,2.712960464667677,6.819422981852529,6.86319817854183,8.49208252496105,4.94596870167205,5.585311901304292,6.277354025086753,3.3692318297949067,4.309592586481826
THA,7.370873222806246,4.765570918550976,4.314473086614402,5.25555093102425,4.429307015726557,4.364084120259713,3.688728154133513,4.0026154837089285,4.561445783019745,7.161858553519049,7.191202638791772,5.59689173960941,3.8331597894130818,4.866749359300616,7.193262363319022,4.625859689076896,3.540657403809231,5.665495672547881,4.263280257144231,4.5762687135854465,5.447064467409692,3.9275309569919457,6.410245993145531,9.48983046943448,4.343763261663771,4.300817199396544,4.063301560594489,3.651659899085161,6.2914082728621,6.316347126087185,7.800766189618716,6.9840200892034385,4.514380651239558,7.182379844202775,5.622124761475949,4.4257258044643395,5.322641048336078,3.983750880399308,3.788879867049017,7.2407569025009355,4.3250323938085,4.676180847294005,4.587611874440165,3.1935234479603483,4.859307369597764,4.477612370163563,4.4609614623146605,8.141975310212564,4.0198013841269455,6.046876476315377,4.411154052344722,6.463079750278863,4.4922802102582295,4.654583225243005,5.279691183200494,7.160380505964573,6.927278664819097,7.444501251947392,6.342053776259912,5.089564669217645,4.056239225451221,4.522594301024548,4.472987105117977,7.213859301204467,3.4576381302893657,4.070003759748824,5.045256856569883,4.90475318913113,4.712585801011835,5.576400185125902,5.3371646232542265,4.913804253029529,4.298671609558873,4.538040527711815,4.303644172542621,6.277087798027121,4.234220901072709,4.956009218241481,3.581822112461479,5.243998201276578,10.046248339866473,8.468586875578032,4.460897269318069,6.940533586674721,3.931949884721255,6.728634689460469,4.40374436271774,3.725427649103184,4.491994417854154,6.935097689292276,8.007698905570246,2.977638464753413,4.509271044075342,7.715684776205459,5.97104801840223,5.789946610576948,4.406457407780487,7.390682536606256,6.644286627069424,4.236808078449071,7.269029133581341,2.6649939438184824,6.4130741601435775,8.602147600930376,4.344243335636295,4.211048555423242,4.422792051631627,6.249667018482248,4.055644509822059,4.077478478266648,6.462833847101797,4.900238814605572,4.133373360931327,3.174656065534614,3.5964643500212863,3.4835935328342784,3.9923469038073303,5.987602240827836,11.033779841099346,3.4491066672930595,4.017234902409737,7.560313587559639,5.541576576807255,5.5549112049857765,7.316627727775511,6.646987084648741,7.583217775946265,3.8711909972643217,4.038786229842826,7.666369665492372,3.826200173385633,4.032769522349852,4.435066224538927,6.847455783497612,7.4268619278128245,8.949617279855397,6.347634932783572,0.0,5.786793899004336,6.418132654297062,6.1905008730925974,4.088968624512998,4.646516340909141,7.248583521810314,7.198371812208872,4.101722951364284,4.61470851820205,5.465046434286114,4.340893551933356,3.1029575774932185,5.972457379796839,6.729366757221541,7.7977083457028895
TJK,4.864414731522055,4.934801489112858,7.306107444524059,5.935226430085008,4.41879878610002,7.557284698135385,6.858786643281929,4.140495628620801,7.854457427401159,5.225450904147284,5.274603708563305,3.982809284623025,5.964162495320292,7.641816211732761,8.767583159156718,5.57442651388532,5.961934570959626,5.372631528046846,4.036028833101538,5.74015151465255,7.246343982687548,4.594398157655898,5.791042065477748,6.396456785806362,7.164391518177228,7.326480952581831,5.906117000622355,6.147420927691294,4.55291821431607,4.3709561862945145,4.737613485878165,4.25930459256478,4.943669254317526,5.130584144999671,6.562412950491713,5.957145466991664,7.5759787896136315,7.187997252747312,7.39014580507232,7.142061199479673,7.460674769776677,4.731591567921951,4.360729165087835,4.349962485156156,3.886995836177089,7.148090729557391,6.813179565645001,5.1142746797295535,6.910936588650842,7.095383265485974,7.330045810301835,4.771052632909331,7.699670873300615,4.8015223509637215,3.5757879230761582,4.513846465891104,4.662165928946619,5.3589493069806595,5.452192249294554,7.238850862140603,4.382797483786939,3.6947103269096924,6.26336608073135,4.921758151909723,6.218479224997863,3.8504807873033546,4.0485055811815815,6.930917930761693,5.051853541630052,4.736835681778536,7.605192080670356,7.238236201338923,6.959226452355116,8.271589745004983,4.899602805253091,3.9371259223917248,3.0765725297086655,4.71732566846969,7.344305799182545,7.979637604200302,10.417909145435916,7.882026701709501,3.6035154285925555,5.612021575687249,6.1563456646794315,9.567433543492507,6.500557932897806,4.397784881323369,5.4813710862416825,4.6232539479118975,8.403412867596682,5.112547471339945,5.602524375773515,5.070621660208262,8.629016745324568,6.4885117089853805,4.350600069694479,4.905611960698469,4.32119944251567,5.677875801906977,4.72075132555539,5.357570484162061,5.280717986885892,6.311967138943261,3.3007007150518226,7.8090628602125935,7.004508616992577,4.73135980851386,6.885353838452092,6.585237669880272,4.321103259027892,5.514486309537031,4.405854052958691,4.31579894465701,6.556319248081615,6.313924552835842,3.463768323080042,5.474183713662029,13.346101625770753,5.523222284243858,6.200517501628459,5.128982929274847,7.423008276739546,4.666378188662007,10.073316341807736,5.9836044268494355,4.742456457706723,5.000281569659286,5.558743222070779,7.099972858767663,6.269796098077024,6.534815029359525,7.320898840622367,5.105057804234955,4.8835765954262484,6.055396018089184,4.220209280637026,5.786793899004336,0.0,4.48395547652807,6.006915842606288,4.888168372714316,5.524665835589403,4.601577522832159,4.438747080501045,5.4227327312931,6.235775123844491,8.009546609006884,2.852316494300283,4.23193112779318,5.7800590107565535,4.2300413690958205,4.023986612303033
TLS,5.722144572975587,6.693691734521654,7.654118812558713,7.027077502762682,6.181586402654297,8.456166617141202,7.686867062289867,4.806345022449398,8.560484831586468,6.752428897277455,6.148279348628663,6.674434843185356,6.774714510299314,7.562672567284572,10.259545483675435,6.709210200257121,6.478587449073136,6.937930733231797,5.503812102524252,7.02204193146887,6.3992370743053275,4.485564458172274,6.143526062709053,7.63096206102476,8.15017594232885,8.59758051511693,7.241232961917431,7.522909536252926,6.167164898539907,6.0624041517974225,5.496299167388725,5.23286084733579,6.681399829125778,7.206797734148175,7.363678158711093,7.358318435003544,8.64259692766178,7.60905618990207,8.2434306690614,7.7621396489691,8.116777372484538,6.410508393265762,5.527336151373413,6.005175484518439,6.609586289911909,8.452397563741014,7.584065223033568,6.724604651178417,7.7103657196232245,8.275704010293873,8.511850330344501,5.765405534204466,8.920107628462372,6.498457415867608,5.500684943749361,4.808163680221699,6.408850230496947,6.2915261530281406,4.832836735260341,8.576674275581624,5.8561819540298465,5.4542296218121376,7.298595650529609,6.808772156709344,6.825481696389665,5.919897094019833,6.372880022389116,8.146270402574492,6.212028513925329,5.035818408900893,8.124148905706473,8.361815913728194,8.276078550481072,9.316590261653895,6.481636346283769,6.300977347471059,4.6754576563662305,5.844210295813602,8.237282573530086,7.075328338160764,12.060529413453525,7.401052642836408,5.924624778307555,5.679343071987363,7.097848260263112,10.151228231136963,7.336739308762666,5.8859971592117395,6.160657349241988,5.647112547465169,9.57197811995033,6.5256887224364135,6.832898386571285,6.1702127693595425,9.310254313657273,7.766688870899608,5.27629802623816,5.836768654496951,5.38096589917631,6.567270201388173,5.838266979954836,6.600682675878459,6.312252625764935,6.86543735756177,5.187611749516502,8.462188334306928,7.199899498166097,7.112225131301627,7.8236065912724895,6.272268972304368,6.397443908320103,7.237156534725955,5.8733897373258035,5.886979009957031,7.321803479290756,7.412306470771737,5.04607107318008,6.808405499872301,12.692023913596465,6.507975068600591,7.1102616999121135,6.875004287945941,7.693725661879998,5.878804848036536,10.55116076288823,6.594152841032203,6.384315657980675,5.731487982961453,6.6728565999563445,8.420402380968413,7.034698005021251,7.189699496352492,8.099918703305121,6.355080352545307,6.755294914673657,6.815579684092821,5.551605373110483,6.418132654297062,4.48395547652807,0.0,6.044639293414347,6.060482650918588,6.830975381401711,6.6636933353261245,6.49470426723411,6.458413527733118,7.247730740862431,9.515384354313339,5.046121238105093,5.90713699217274,7.39270536694559,5.006860868734433,5.423196163045738
TON,8.2535000269901,5.303832032390068,8.005903393131414,7.3052205646370245,5.371078103834253,6.876932086704677,6.286881936466886,6.161769567565139,7.055620146672136,7.426866963454226,7.334914568116514,7.369744916019815,5.4364232077351256,7.795723626882788,7.591158711586963,5.353083326768603,5.967784412772007,5.257604636287701,5.549546803882998,7.085344054270937,7.116583556574186,4.615244104547018,6.732875044065129,8.625424381805063,7.220891962207389,7.623712970781154,6.973636155732441,7.9327481479629505,7.096906509198248,6.833596103674815,8.410876108022403,7.265763806550667,6.707387321929914,5.7595243959481355,5.622267580096699,6.210755819001991,6.5883490673979015,5.956329925416214,7.017162538450432,7.468543686814986,6.488646418416058,6.589448113393853,6.678714885081857,5.3665644381969395,6.750209197356904,7.098616774577897,5.981345629834459,8.695482317065013,6.012675125370333,5.367273188466745,6.793938706926917,7.532709744709815,7.167784190824232,5.522042751776068,6.816778537592659,7.340250519844752,6.690979350886596,6.321710128797458,6.83420651457694,6.387147748961444,5.766361456275487,5.888723772359688,5.460435671237572,7.501586687406145,5.656355474058201,6.946779679546107,7.510382225342073,7.793652493085672,7.338933171096765,7.4563360114801505,6.367679349044132,6.775833497977896,6.818334093548224,7.640735800104342,6.732371922090668,6.4321213303833975,4.677509081420595,6.9530882945168955,7.317669109454399,7.497644069596357,10.649212564974924,9.936003979348564,5.73110006553452,6.720492653282542,5.940004783665913,8.573198845027678,5.297452272336411,5.829475987695507,4.878867542620419,6.985415065301974,8.683597529149859,6.727408603004587,5.369765412624461,7.9904283112054815,7.405067881080956,5.768958834214584,6.258751290242695,7.498888575296184,7.056589434765592,4.605115711424873,6.776563428188176,6.709930433420689,6.5422145395806774,8.206348819109465,5.32202070496139,7.034574511434232,6.833740123147989,7.054695035073927,5.801630266212041,6.202863544616545,7.438974475306219,6.469078163915292,6.697524047700622,5.883957869693495,6.175375953494834,5.7967579852281,5.8837066227848025,6.512488024036669,11.475467051603207,5.16036773505035,6.9997233913213535,8.16007615279881,7.464005180321649,6.787448641682076,9.249739374338146,5.62414298293802,7.556592861398134,5.489484174369725,5.473154539306769,6.232845695519959,5.6081436131070435,5.711059938374567,6.701431587828784,6.282430143031815,8.214872553403996,8.938000378725166,6.1772589279878725,6.1905008730925974,6.006915842606288,6.044639293414347,0.0,5.657244573865603,7.673432162407175,7.9473054222727555,7.8509439455551995,6.11385467636189,5.98004490669848,8.194323989322998,5.893679620337575,6.899594917611019,7.426560295080283,7.603293019240028,8.15543591177888
TUN,5.716979038601871,3.343057024911372,5.423763248664982,4.013968837984009,2.1491723747422284,4.59560577312663,3.8242967824074414,3.785283706183221,4.4180337643509455,6.684204555713023,6.462805640290279,5.353287207774825,3.0977135946231473,5.879220491542329,6.070063255694377,2.9098200896847093,3.9126261555256403,3.890917382860082,3.2377221500663027,2.827146746121992,5.64888128267436,3.251740034295121,3.9033061353845424,8.197113379484112,4.180617450953531,4.881731592867177,3.28033716357392,4.504806300859595,5.721512841301714,5.537063762114834,6.95433910350376,4.924279651360826,2.406082349072236,6.085009534462967,3.1556683223062634,2.2215956649074715,4.547307259730278,4.660777199923809,4.666637269708803,4.660137183459966,4.223974265683268,3.4620980913362778,2.7937348720898347,2.6924049974873934,4.4257592281402225,3.389933386121819,4.115861926081884,7.534049457841671,3.782160293992961,5.708222485640863,3.9094820378061743,4.609438189022643,4.6592916517404355,2.8089365314905517,4.978768492471201,6.0884003795601895,5.387883580952205,6.367963220266614,5.013203493694618,3.5356492596583187,3.9264494183396232,2.764088423320143,3.6349848890167493,5.435140694484108,3.6115643555596755,4.462827249179458,4.681724579441905,5.283267099341004,3.937962722963593,4.048308913209393,4.7382622383773745,4.593073784400696,3.818657450174384,5.543205406298195,4.2428753762525435,5.187195409415323,3.474168469596905,6.331516741545286,4.796455707134564,5.513191856032981,8.78960864510106,7.102222187337916,4.400887099814573,5.082084705356748,3.508833141482715,6.510805322916059,3.5812912515144153,1.9033353620976194,5.0660493655243215,6.155644228636076,7.172683221858633,3.311357523821789,2.5532908809608905,7.086204649597182,5.632324839164995,3.7463633190220493,3.6804194378458117,6.490739602398171,5.1740967640319,3.09034410857058,6.160686823302077,3.537108247855048,4.231828678928803,8.448473322727276,3.2736924228499045,4.441806280575347,4.768777784447359,4.3653738996153795,4.00528375468275,4.953757054655322,5.410816285860361,3.521635394441746,3.5333271573494933,3.3448323861545974,4.402510148802846,3.1182067244587883,2.9659694144654147,2.968382466715872,11.768390484526591,3.1410889261923347,4.210047117165007,6.088366715219316,5.367295218140262,5.05029903391323,7.42722130449681,6.794718178593831,6.69169319542883,2.7695667310955483,2.8327646081420883,5.560894499108916,3.669415764578386,4.2864145172778665,3.9008689035904482,4.602102163520012,5.711214919242315,8.695116237594,5.705116546484353,4.088968624512998,4.888168372714316,6.060482650918588,5.657244573865603,0.0,3.331403436996163,7.285160997179257,6.887920862026195,2.874656224293876,2.8099950475065265,5.528064566464171,3.9278071606239586,4.8042514405801,3.5567037064984577,5.888090470613701,6.515551579428644
TUR,6.301674871964697,4.108888740199177,4.482102399971946,2.089119862195521,3.2391197774078737,4.364008879586304,4.246184337923186,3.2385432026454275,4.7327389030365685,7.7308098823269615,8.110970540745397,5.42002092550749,3.5467978932255573,5.235872868954416,6.980435006133968,3.9484951708000087,3.676591559414066,5.460315275518752,3.9552256289318266,2.5547838313446043,5.664201362901844,4.928212924927546,5.09350882539114,9.514537654112525,3.531309806315501,4.589199609007939,2.1207582568556873,3.545683518369033,6.5253939389895725,6.587327578742648,7.561976137332414,5.867942710191062,2.2754083229790156,7.900005704657605,5.563507733760324,3.4786974629499876,5.290042831194597,4.744013908256521,4.335800746605303,6.80704747282238,4.455667922363162,2.794382632647228,3.0006019498660637,3.3782041331210784,4.403330989176894,3.6087228619637255,4.531328298077228,7.992302888765589,4.351985112975847,8.217523857917326,4.300356816086942,4.808458327633643,4.633791190393725,3.310397087966778,5.224598320645415,7.351893303284184,6.568877052977413,8.034318321373862,5.887082467840032,4.359925936678705,4.707178017353093,4.115909442960939,4.329591783063102,6.395857680289164,3.8567782123865744,4.111617138151003,4.589876247924376,4.786427234146738,2.415836940279834,3.9031952533486445,5.167250188044625,4.552530748833385,3.8570548387560617,5.3273907496561455,3.521759827633095,6.26456335166328,4.5582677351954946,6.754367956760365,4.063468027988566,4.7785898665376925,8.664946254833616,6.081760565311328,4.854821492690028,7.268791142859092,3.9402608762048534,6.753451937726658,4.497123765521071,3.462189481130688,5.4250778015402314,7.547909358194166,7.4096340646861245,2.8366358832269554,4.033767467734225,8.244819385510711,6.069746232774646,4.625994156710037,4.071412045625495,8.045450400702695,6.520103101920911,4.973741531065677,7.723046980411042,3.2248365882515135,6.392936274284826,9.648647423376392,4.443639036674894,4.644207768012462,3.926844473876052,5.334604170568918,4.212065858236639,4.554841124617479,5.997474852887521,3.943961655512747,2.5541288656582997,4.2917143413993575,4.094295360863689,3.9682272539434225,3.5693535868863577,4.494175696737045,11.006230846767536,3.5890054142817043,2.8627981245163414,7.566953283719179,4.095809805991121,6.371588520268607,6.626798767620394,8.879141313448816,7.603326289133203,3.815407078170652,3.4237481619362082,7.437801818987121,4.545167918855225,4.749830993125154,4.2511413235595885,6.898683705877994,5.607219201614416,9.560800375136298,6.962066234174552,4.646516340909141,5.524665835589403,6.830975381401711,7.673432162407175,3.331403436996163,0.0,7.826946648727283,7.846112598951999,2.805309501972439,3.171491344526178,4.602308236417365,3.8557016110993936,5.166048089699135,4.349097365202141,6.41565303141941,6.448380815464761
TZA,4.819736729800387,7.790371311943809,9.502205892060406,8.063845101266722,7.409660606972705,9.218065426511359,9.099671425964994,7.017751318772782,10.011327896976827,2.76706997144998,3.8555528670121095,4.415920311573022,8.409481327567443,9.41812867011456,10.621218660897947,8.573761161164867,8.510976448744202,7.7568675572423915,5.715737308548444,7.327219420141125,9.531213149702776,6.859635370857445,7.879056736427627,4.8046980517038325,9.29618353282591,9.257009038335081,8.307889512086096,7.428790903741667,2.895069833630176,2.774547259521813,4.091670411755952,5.480446152722376,6.9998671269044515,4.427234380615645,8.143875029060192,8.143975021174683,9.928661176475856,9.464830740931367,9.228640644194142,8.399411936119309,9.564702082010696,6.7048062860585755,6.253333024664579,6.259670692079812,5.129674548222933,9.24832563252071,9.458074227276885,2.6136990296903058,9.15051313583268,7.693561828496047,9.070463373298892,6.552471334491533,9.341467714959691,7.8808320941844805,3.50012969195677,4.215719657090616,3.882859885890967,4.062620858108404,6.499852890681819,9.579112748073152,4.815514016047305,5.638359065082962,8.926587829272462,4.651364767766989,8.752486871289952,4.788500723550921,5.141362206904216,9.417993807532834,7.2857211697282285,6.709267851854615,9.7674329265247,8.881699357257927,9.003908874324402,9.4906327864618,6.864686681753964,3.560381008129087,6.01746717736096,4.484246551240377,9.325024695306546,9.85405873246776,11.332294316095735,10.324060156273944,5.5673233812885075,6.935069241153862,8.89062617526809,11.642452687599532,9.213962770137137,6.435368522224998,7.733208138994129,3.2407139336650603,10.435346123134204,6.721916953705828,8.495659553731112,2.820262218872941,10.739074883631373,9.357071678222336,6.793327871728655,3.9189710095961914,4.255016726207725,8.145031888180867,3.8349572286974016,7.535439505041593,6.143696050511887,3.279500673894995,5.402082301235895,9.789387868127193,9.257909434833396,4.896560755321058,8.72521490317296,8.716707679530835,3.5570115121430828,7.575690501577347,6.204132651248788,5.473066356036706,8.970009164023407,8.350019979024022,5.659219323248925,7.639416827669834,15.16386333500993,8.00040375135197,8.249368300010195,4.830126753099131,9.712768940742981,3.618712894763404,12.464873867703375,5.088918745673945,2.746220937942798,6.751866311982,8.444964511066209,7.386585120053575,8.995954609415568,9.181346749410883,9.448242039366715,6.848941782151936,5.6754129175067956,3.0411462393625603,3.047391207429862,7.248583521810314,4.601577522832159,6.6636933353261245,7.9473054222727555,7.285160997179257,7.826946648727283,0.0,1.6301539552655282,8.07643670472872,8.366413726136047,9.259267657104385,5.436914088333519,5.939901311817346,7.546796554973764,4.341472266248412,4.607492864172713
UGA,4.305369996556235,7.828259274882162,9.47627954061583,8.218134933872395,7.245316667074667,9.24926612745709,8.935491841571034,7.148992780219994,9.769561854782223,2.73197962368097,3.1168300932852584,4.625628801666095,8.298803985763332,9.461213422126356,10.426385804198697,8.398750431109137,8.566128696625249,7.443834003369497,5.697626923591814,7.288703916184414,9.534352387816824,6.636791863830203,7.3207236459118175,4.540477761212407,9.20329632786197,9.0852739660263,8.326664254317935,7.554396350432424,2.7667404590326887,2.5235746125887113,3.478289001173439,4.922723946214437,6.889643493987345,4.0881916978525,7.632403592007659,7.86405497280028,9.593235738673926,9.473799963301792,9.205293919184879,7.600868580590083,9.425883366854285,6.777072348657008,6.1063197514669945,6.237706064742136,5.311181453067985,9.075969871613651,9.27200518518767,2.7336290702788744,9.009216059774849,7.374570157853793,8.90175526053644,6.360297871433733,9.265412235988387,7.689670161954505,3.7358291925872633,3.6668241052971258,3.585094955891278,3.714442972947609,6.126613962789162,9.375162834087414,4.7771725423799305,5.164872642632648,8.793097242395335,4.3515531603050635,8.681535519391323,5.1477547261656005,5.216408724380324,9.331527503247429,7.373923491021174,6.535187179469538,9.590225563484427,8.772429586188457,8.922429604653997,9.56953070743982,6.912790023617364,3.2139833675670477,5.742055477252999,4.870148160645758,9.421076651895966,9.97686810455931,11.171247723793819,10.224113999071111,5.45859061006733,6.0683077805330585,8.681515774885622,11.306960775427914,9.048085696396402,6.268865895751065,7.846923992549973,2.3589554263488437,10.142277573478074,6.766071456806619,8.254250374230894,2.4452752539373988,10.464378079127313,9.108174475150644,6.671647372419292,3.0025691747651853,3.5811226396308267,7.769956240621209,2.919427036533544,7.533769400945496,5.312317883720585,3.1636626167620885,5.1667784559899745,9.593992196962871,9.316111259353455,4.742659360192184,8.708519098600535,8.855247548093422,3.4262074879439646,7.303342376373282,6.3322801003791405,5.307778719324327,9.030829788841556,8.167965814283983,5.5719134871342515,7.138707047295004,15.659322603677655,7.979522927830175,8.416202408652977,3.63025995878655,9.975478297325223,3.1762383533069767,12.520240103755135,4.5587020751445095,2.651537078258446,6.551786000839957,8.337686068968253,6.884015995583208,8.773738400475342,9.036180572656008,9.255612770322509,6.103996307125817,5.626926550838007,3.07178176868245,2.712960464667677,7.198371812208872,4.438747080501045,6.49470426723411,7.8509439455551995,6.887920862026195,7.846112598951999,1.6301539552655282,0.0,8.038369274817057,8.29535656414427,9.3461786999348,5.544048256674017,5.880594678355273,7.122907174672825,3.7217890274872514,4.500279387776663
UKR,6.834412734509574,3.196237887385877,4.867304129955708,2.7583294414336703,2.5368946123139233,4.200512770922759,3.9406774138260174,3.005133892181773,4.565220448320254,7.9093666587086116,8.092623942661962,5.713611375584433,2.6975461996608265,5.784852665625685,6.972192005799613,2.790751205560928,2.455596850509679,5.25732159297849,3.989134135754998,2.779300326273805,5.511007294848394,4.261520376235149,5.255950325170078,9.315655279243966,3.6174418139553906,5.070992440550982,2.878080751581449,4.004540908258728,6.858867917233925,6.7431426956410885,7.871806782086576,6.0523940040056665,3.011728407054837,7.497901493882628,5.139682914072748,3.5830629079838987,5.053810152656361,3.812660060516578,4.087547814412219,6.7217897561090805,4.287639891524971,3.871850775664769,3.679480139020833,3.3776811565367133,4.629423747272364,3.5429181566448738,4.052250297840178,8.261883454987618,3.767606077497525,7.199247420022681,4.221534135545548,5.480367467642325,4.649645563401743,2.7624274272784333,5.52389748432301,7.34106190332596,6.739703197110471,7.712415016615815,6.105280930552507,3.7333810417287974,4.875678248765609,4.383483989654947,3.6627086441021137,6.304811127076607,2.9846438909273494,4.273464081431786,4.748231348205775,5.546733575219119,2.7982402280902856,4.648422280756434,5.027110100014434,5.048108138783142,3.7107776461865662,5.248755994589774,4.061856201519239,6.08299825101398,3.9054975535783005,6.6901240103175015,3.835656734437749,4.938921714764688,8.590783467559353,7.1158647924146265,4.558699613209933,6.68618633836004,3.2749742124817818,6.806657169273771,3.4113512062927156,3.5174042784562416,4.564710409511762,7.404255735072056,8.041360928798413,3.292446610408252,2.976978263977584,8.408072997195836,6.044619750583564,4.084952235044538,4.151760376246802,7.875232141491798,6.757536338589392,3.899216000710514,7.40827185137566,3.219381487913538,6.305699386199247,9.534841915780333,4.197294654144953,4.494003531121459,3.952801802766474,5.38019618794368,3.7624752719185954,4.287833767367124,6.274078220841695,4.656109344934366,3.5133036370779402,3.966746309042322,3.1030849156020217,3.6010182868226246,3.787194880149663,4.801071588090261,10.197213631529337,2.429718830354085,2.516499951468032,7.843922692808997,3.9265201891079378,6.6865751373899425,6.416122324017645,8.301821480152258,7.718285349729625,3.808593070189293,2.2867296374921984,7.092163663121632,3.6738566597887026,4.26192915610445,4.173584825709569,6.462969846561705,5.925058417064324,9.639863089238304,6.819422981852529,4.101722951364284,5.4227327312931,6.458413527733118,6.11385467636189,2.874656224293876,2.805309501972439,8.07643670472872,8.038369274817057,0.0,2.828313579933117,4.866587208423392,3.945005686113796,5.028453319762951,4.383784670048979,6.824044778816736,6.748990419822238
URY,7.145385618991684,3.2655298446686194,5.054885156655461,2.8766064594438583,2.484960883384888,3.596469175697142,3.5015378979437237,4.136993540093634,3.8409680615870667,7.777050084994183,8.30135816548371,6.214154623346963,2.594623211869773,5.338992721426244,5.452873576871969,3.294625040611564,3.379188287730506,4.448582477762586,3.8540457613724937,2.98520996727671,5.757634710310292,4.217110863906852,5.053778072644121,9.515487888772297,3.388563962701314,4.105023410962413,2.4472093266772568,4.899247827631392,6.775758981456238,6.6918684204080625,8.494861733819661,6.438495989002721,2.7187222605862784,7.02901111384608,3.673388380719827,2.0584708399341913,3.8946700182125458,4.015698866243591,3.981057971069042,6.041587002834948,3.1840177282781648,3.3653307470844345,4.020337217309628,3.095472163676664,5.09756621266922,2.898623039832387,3.4708291009017422,8.753011893512632,3.165140762094689,6.6461328530264785,3.431483650837543,5.439318675908492,3.7949899733279726,2.725998859665607,5.806154257084624,7.864757584591939,6.252154877925262,7.50670920009555,6.143170654390276,2.933516789841442,4.536182572715707,4.286069204192218,3.341330726896211,6.412604747635992,3.1854347885559156,5.206084569787345,5.956473426722556,5.231320755897344,4.026875030380451,5.342744566238763,3.5160168333507866,3.6557721763849833,3.4343513176825784,4.697451976311886,4.363900867567013,6.357576934604513,4.475593534227452,7.208707867586973,4.002165665510077,4.925134325715608,7.855628411235162,7.616698802308244,5.01431681264352,7.074724426370903,3.0317161633491114,5.686966624879547,2.9569416669930035,3.625741572205627,4.727526326319391,7.730428644986158,7.119395982069018,3.6086478776852804,2.9047338368484934,8.68978168113542,4.468306581299871,3.1611294919657746,4.6123800168757745,8.359489737507555,6.818732523373933,3.624801991907594,7.75899327080875,3.8146818583969693,6.043148114990828,9.810075079028538,4.368520182410712,3.7414029640933326,3.6904500114571377,5.230597149633835,2.4953706183714712,4.598408320789206,6.680456754724617,3.6729842363226433,3.5348346067018457,4.392191124302406,3.9654124986557697,2.8976985432103235,3.764864179047886,3.8443350650129005,10.654700676231254,3.046378233008998,3.67313121381361,7.869131726539721,4.679839920318305,6.513090136341161,6.206297359704772,8.021538226799283,7.779196430186397,3.195477043990793,2.8697184891176546,5.725909145930765,3.9038023936939124,4.038268665159523,3.1443565210720523,6.53131101442453,6.346649713269896,10.018162505754345,6.86319817854183,4.61470851820205,6.235775123844491,7.247730740862431,5.98004490669848,2.8099950475065265,3.171491344526178,8.366413726136047,8.29535656414427,2.828313579933117,0.0,4.544867253056059,4.740856881138566,6.037566389262236,4.765296556544916,7.22685380504493,7.439535863324242
USA,8.870315361119038,6.133731469007118,5.586834667419288,4.295804068693591,5.473548691333909,2.8750955234877256,4.246407879769361,5.9706382010241885,4.571370185713189,9.18748190875032,9.68226421179884,6.70280562202295,4.554091489791762,6.1480188563629365,6.101436387736857,5.429161637323677,5.368615531289269,6.879831976471853,5.5063948607695155,4.166523990901068,7.335107595531514,7.002674981004603,6.8955802439397775,11.130708583592709,2.8975124945544204,4.529919148820597,4.106845049863277,4.174520377949563,7.947830147946503,7.9006955576696365,9.771316764280488,8.496166332805863,4.391668479092971,8.836115805515098,6.679805389812743,4.757369143989753,5.388096515556374,4.754892501847545,3.1952151893666225,8.600155366003277,4.288617462329345,4.839308673492455,5.631016682865795,4.641155140386635,5.337847905977363,3.6059608435081167,5.183625723310895,9.824679830655976,4.270099642129828,8.2935546249947,3.175998394164294,7.7227298312132735,2.8203454780749464,5.230209882061306,7.373688857626476,9.915421128391229,8.342699711342398,9.540842973759322,7.854724487427666,4.364379707857234,5.809482256566298,6.517543626261091,5.002823991725871,8.194657802197376,4.895667820128597,5.7551205328683,6.331583233448206,6.096065052594953,4.977822343887439,6.702631055053198,5.382991904050668,3.6735924030918716,3.4275204765618805,3.073819985201591,4.6304202010916615,7.375040074354897,6.462346973736354,8.662470239411153,3.7459930115024442,5.889913062071945,8.440607733311525,9.407389570691201,5.847234215555725,9.150936531457772,5.049115997508817,6.8028332485706775,5.235222307946435,5.694362588652155,6.398370752748859,9.18450084589712,8.512195150351495,4.2475920225126025,5.842233607218837,10.187626738059578,6.224411768211753,5.707343224961219,6.71576998579479,10.083664051975024,8.930693051667102,5.699256339367662,9.245458046403206,5.104120577506309,7.967340783993008,11.007068103999794,6.812851706694053,4.477373036553311,4.693217331845803,7.167281875848509,3.572383254039776,5.519718606865869,7.439043189063518,5.089985668737266,5.2016027656482136,5.27997593214329,4.294113540108564,4.13672611902305,6.121025720222703,6.464723395422252,10.958368534139916,4.282459297822402,3.3853228216054325,9.473518073815244,4.934758237805584,8.103237082478044,7.0230884885776,9.780892053090287,9.454828035362194,5.627807033758655,4.926644786173097,8.094476437463511,5.199882341301024,5.4227984735550985,4.272701679214907,8.481910983099874,8.474618130440637,11.323322557390233,8.49208252496105,5.465046434286114,8.009546609006884,9.515384354313339,8.194323989322998,5.528064566464171,4.602308236417365,9.259267657104385,9.3461786999348,4.866587208423392,4.544867253056059,0.0,6.078312240433751,7.095253064280493,5.2448852034509175,8.530061715004104,8.986514860957042
UZB,5.059916272453847,4.35565100340962,5.652039777610573,4.043210286723865,3.535616739836056,5.440274748294047,5.260846752583484,2.95967618103538,6.2630562301508705,5.87971656635392,6.187395949345744,4.441773155521861,4.569066017181286,6.0272502582136,7.927926727358183,4.663590271990391,4.356231004051161,5.318579544844129,2.972977970003968,4.065534485288905,5.913030686837525,3.955069255758055,5.331750260418014,7.608234967824106,5.1502056431728285,5.911899611644248,4.2838178668859515,4.423032208490492,4.927013238660884,4.681985175669098,5.639518367649874,4.778690755540083,3.5545749581603263,5.947185933724593,6.003706652417034,4.9092797027327455,6.459661398243132,5.647812234851114,5.466293698444784,7.2919034966538305,5.741467385336762,3.666266811331869,2.7559894453042664,3.183788184826312,3.118745721016895,5.495331704065107,5.449018214840878,6.063606997162344,5.197989144068874,6.844643544727454,5.606132326935435,4.385127933189256,5.918212693664076,3.910359888790011,3.538873407755331,5.531222855382817,5.178556089439306,6.070637818958924,4.9366680818396835,5.942057920334696,3.9620314733921997,3.5835552253348215,5.090991330978656,5.511025451642487,4.700763063745382,2.9147003929715596,3.7988327514173896,5.90267180108622,3.146284833194998,3.7250640177009346,5.830228454447236,5.342557786075705,5.486401637984603,6.442819049695022,2.920056130862065,4.527410058903491,2.4474678004854953,5.083973400082677,5.498866245936649,6.152056250389629,9.885507795016315,7.157897044430825,3.5688022294743798,6.062599644172634,4.853683178075755,8.306885558198353,5.228877443033633,3.213348471764303,4.806919794880985,5.52810857936872,7.998927081520924,3.6515725100973184,4.790973064271794,5.983489120129073,7.571982104715032,5.561974117149197,3.018988641087667,5.930250766041798,4.859504609762568,5.184645343469039,5.655083838347829,3.5939516269375695,5.288052925571738,7.2014015900312405,3.2947430227933943,6.051491235474841,5.049178554376681,4.979303194369555,4.968943213294386,4.718295400538402,4.585157077362057,4.820027619731755,3.038435049698064,3.414186236467263,5.017136770560366,4.967773727691699,2.538993628935857,4.532406239387216,12.218620951764992,4.107004579661204,4.105664051338014,6.004870466148775,5.476808947490837,4.76256230144119,8.943880747095532,6.472638926982705,5.853633257504862,4.245225237022642,4.302605497230766,6.9628878057013655,5.077023371831301,5.284332383409693,5.60663351048083,5.752622724532984,5.13498578787856,7.172114627689433,4.94596870167205,4.340893551933356,2.852316494300283,5.046121238105093,5.893679620337575,3.9278071606239586,3.8557016110993936,5.436914088333519,5.544048256674017,3.945005686113796,4.740856881138566,6.078312240433751,0.0,3.8292214772020605,4.81351691995163,5.135112418791536,4.83504449739293
VNM,6.399251798221076,5.193721956518428,5.309235625991204,6.21550194187225,4.789085872150029,6.475367972450368,5.460084248202821,3.998874537400956,6.3424362559392815,6.24050714476486,6.40214969982426,4.742589000375766,5.211544459022643,5.924502040125896,8.47982296990268,5.46051945813344,4.733693470512984,6.0358670503432075,4.7117478463586435,5.618059065984377,6.127922027821307,4.505000362263101,6.829707139909178,8.289348609581175,6.12360187786201,5.595287475779715,5.293997910298443,4.887841346130638,5.520207997175738,5.656935835415052,6.566167934694849,6.079074555497687,5.286133432139806,6.521457277614544,6.734554307978342,5.620872378762009,6.624801478062573,5.797676159674436,5.856466978979183,7.245394859099201,6.25361801862749,4.993392656564687,4.752851620672635,4.138042316271952,4.289090889747349,6.208986762265338,5.823165837969439,6.849786747687261,5.888384565563528,6.728742553851873,6.33888576875383,5.761598242461341,6.528762581540617,5.077270991375275,4.132012697607246,5.8934009676009635,6.272224985725007,6.955004495753686,6.252016133282828,6.6702914966932765,4.295824787004092,4.347760295046631,5.832604219512073,6.44000070244075,4.981968079130759,3.5528766279277293,4.29827872417144,5.377536477631405,5.073454266370197,5.251904950938492,7.047442366835495,6.5978410871365805,6.054244520454138,6.889515682864931,4.319286455031102,5.6815910777453045,3.8495772840447935,3.4096564098633535,5.602302553258061,6.844360803391691,10.097710125515894,8.57780978922571,4.1743448940985175,6.6051800607799205,5.118841356390989,7.948567120973175,5.832006007622079,4.145050357184161,5.309365204138563,6.138004611879538,8.485251802772654,3.710735223078666,5.15454551332854,6.314638137410321,7.516261344651913,6.729797428520459,3.9054214644980734,6.155718395387245,5.586617057672368,5.098010977782725,6.593812158549773,3.313716686900382,6.212395086484603,7.566246087789107,4.1149541827878595,6.189594953837562,6.058356355674498,5.7467399603509035,6.118719969563192,5.4468720042789736,5.706092569766167,5.58046495283384,4.604803606305282,3.7487959030638507,5.2057896969282185,5.172015560150976,3.628750155131194,6.369129322213052,12.372622076302148,4.777524958658031,5.356659605877628,6.566575074925344,6.84506903731845,4.933491072828598,8.560756270880729,6.498463909160868,6.435318414587574,4.924381130291343,5.062694813800861,7.957807922782654,5.052533351362738,5.3894801394686915,6.308251131761151,6.39294347144232,6.353103011174416,7.462413459524671,5.585311901304292,3.1029575774932185,4.23193112779318,5.90713699217274,6.899594917611019,4.8042514405801,5.166048089699135,5.939901311817346,5.880594678355273,5.028453319762951,6.037566389262236,7.095253064280493,3.8292214772020605,0.0,6.233473337253239,5.6398780786076035,6.603641296550897
ZAF,5.485122408453773,5.53572248325682,6.2288198452985695,4.753183866920183,4.026780403269554,5.361217311616193,5.129574798068659,4.861424284844351,5.648854934076078,7.198635924118352,6.855598785669228,5.956447812349149,4.741274063120778,6.7666037876963765,6.607874760386687,4.605780836957695,5.563844648704301,5.474623664995948,4.030664944552791,3.6450992345643622,6.61218229391987,5.573689198767754,3.331123340862005,7.9641217270160425,4.7136585240354165,5.919456432168799,4.635652146452841,5.35552531165331,6.014234814174025,5.600758681868148,6.704978589784786,4.680354408496496,3.6070833346766435,6.98741817570509,5.116938042595693,4.307726190432632,5.969302832983731,6.066723199729193,5.4250912768666755,5.317192304966512,5.573199052536783,4.107297579969815,3.808098105857012,4.463553115646368,4.594608525643739,4.691091032967007,5.567796893843374,7.77857395842642,5.150050639647153,6.747973867771016,4.93337567902036,4.652929050574282,5.37233599341973,4.3200280086222005,5.569933377218328,6.695450140549918,5.992253413570794,7.189364264373701,4.6229868322168315,5.076437355851523,5.249476328809935,4.284381302922626,5.286501103070137,5.410725575294515,5.3137722914523176,5.089511835192095,5.256716349271651,6.4911085827976045,4.433139550946451,4.302161560597032,6.0870992785354705,5.394886359284723,5.07268628349254,6.336904500467556,4.342464198144838,5.2654275615217445,4.794532401890922,7.597182356304181,5.887584402630517,6.55627140351993,8.954484831449195,7.388270576727016,5.527857725064845,4.9524272178666875,5.035718852113917,7.658016316115598,5.267641406599625,4.1264152512862,6.734973472314869,6.5723750900547415,8.524867638014042,4.357329176850087,4.732705681268643,7.451062118184273,7.2541475070399155,5.1752696280941,4.930088666272836,6.928981559877409,5.662558830143045,4.819293889647658,6.494545180862705,4.92415041407394,4.03276068885867,8.86917726973188,4.799664354301641,5.8106063105994314,5.894313791977645,5.262904287645621,5.450380664796858,5.996521328095991,5.67979795209896,4.4258692813636324,4.494180854250766,4.2608643310337095,5.568921963854455,4.954089140833018,4.451859610996791,4.084576797249947,12.815714696629499,4.61384966323258,4.606731343560304,6.361006883033554,5.969803218703286,5.899012016078133,8.694473509503224,8.093330580026764,7.116142294948369,4.791632049123961,4.508623098584885,6.48921374147187,4.990384241940246,5.8715544089356415,5.222226393071304,4.4898603754520625,6.383360299207449,8.859344009485325,6.277354025086753,5.972457379796839,5.7800590107565535,7.39270536694559,7.426560295080283,3.5567037064984577,4.349097365202141,7.546796554973764,7.122907174672825,4.383784670048979,4.765296556544916,5.2448852034509175,4.81351691995163,6.233473337253239,0.0,5.722601578135326,6.1924365899157365
ZMB,3.2921176579062,7.236008012676274,7.856724321479337,6.9963918692625695,6.209462198479909,8.415506780058758,7.787470117026917,5.74068205304937,8.390617970104012,4.398567261439065,4.291465183274617,5.031137370578195,6.8884348372987265,7.847102226667542,9.653450888300156,7.20063048495264,7.189580533858551,6.711587590784219,4.8981845185845945,6.419974654746517,7.899183429967772,6.0042089247383625,5.275041520678596,5.296988363287389,7.976708396431252,7.911948174675831,7.1276784445316945,7.157345190122799,3.406616198284816,3.428878720686547,2.4162806225483204,3.140228029105248,6.050450064453349,5.668312288960036,6.947723868879073,6.920482834859733,8.372412405524807,8.08451731741688,8.09645603775291,6.024980735099378,8.175245552307713,5.502131564376345,5.254468813441486,5.642771001455943,5.321048553910761,8.1515348775839,7.853514145163894,4.602148428115119,8.00687620585105,7.981685302923444,8.06164036187156,4.733523032288115,8.393394404703432,6.366024112308709,3.5414184446449366,3.478207391840361,4.014785110529757,5.049477308580714,4.146808311734581,8.387807846110764,4.552101505387065,4.1288259340870335,7.701475168075609,4.255569498228704,7.294681781652177,5.02219116471098,5.252990718261471,8.020273223543603,6.183227915327437,4.846590098388903,8.555607177891668,7.828067238262895,8.029988386175456,8.949062323583691,5.833085966093285,3.9533234424665693,4.810228371504004,4.982116450202185,8.404483387423834,8.131703661392795,10.117514268870185,7.978188756708846,5.256937627417927,4.83337112103722,7.282430792201512,9.808201863851037,7.773304379072793,5.76057526250719,7.024399158542553,3.3582857257456875,9.392918607998316,5.641791826941017,7.056828162488596,4.23030944616045,9.1219496513127,7.83638368390551,5.648127748298674,3.8111490274034785,3.344796092818181,6.59910297224713,3.9578168263685436,6.546180271566326,4.709654681373426,5.321847890470022,4.420924675411284,8.371373622378034,7.914394665929798,5.091652610699012,7.954483596436078,7.330913438381311,4.306366262269163,6.110421455229828,5.161745046450643,4.829808330469699,7.736223092313565,7.275411955866385,4.741964604912835,6.107142972152751,14.134062802757557,6.797492110718958,7.152701227808219,4.543139283647611,8.523324977282627,3.8819433534604038,10.67690878680937,6.156491131392259,3.9294536702239897,5.368566790754071,7.05799300418206,6.793471515927556,7.375838361769284,7.725742815085684,8.084758303818731,5.430984981854934,5.131016126209922,4.843829916341792,3.3692318297949067,6.729366757221541,4.2300413690958205,5.006860868734433,7.603293019240028,5.888090470613701,6.41565303141941,4.341472266248412,3.7217890274872514,6.824044778816736,7.22685380504493,8.530061715004104,5.135112418791536,5.6398780786076035,5.722601578135326,0.0,3.558066048402321
ZWE,3.490843455445538,7.060283085822138,8.872496455761203,6.4395827387999285,6.294386786008281,9.016294914421247,8.823722638166021,5.7155626274300735,9.63012753954584,5.144366022484615,5.593452303794288,5.085043280549936,7.635306400698649,9.08344482177139,10.585256940557871,7.498965007686308,7.647178886906865,7.366073696436694,5.379053348575256,6.46474985573518,8.639065425926638,6.299647081770448,6.177102966436136,5.437401743655557,8.573752649700577,9.096326530730401,7.469526621715984,7.425453318584943,4.374403925737856,4.251013274261169,3.6035183548854763,3.7869383224404944,6.1144123987369845,6.102407191001413,7.780186242558945,7.583806556822973,9.436164003997419,9.049054202617459,9.082381711868221,7.664840687083093,9.192128685978453,5.8227690823574045,5.293609404099972,6.299263129116747,5.255579781581056,8.768830797380934,8.761931397278135,3.8636481144274173,8.772105013631283,9.133140199232786,8.987727335046152,4.991223694527647,9.351848419287284,6.5889321285587386,3.8022813740426185,4.2217344106673975,4.324714677027474,5.399475594242145,5.220163710284705,9.023971355229483,5.555653766941784,5.169130802991146,8.306002201000734,3.839887152734884,8.140261469943233,5.081254747721614,5.129911227050919,9.139730857369813,5.6903217228414995,5.2533952720599295,9.149960077827359,8.784209391815125,8.756971074297178,9.902463133725076,6.112477661738297,4.148612026597407,5.2590606202616055,6.175026472409234,9.11904099844754,8.874712508272438,10.44479615418755,7.993808132178592,5.576271284422566,5.999671104734701,8.045193655971053,11.13674051745573,8.459320652611447,6.2843609264229165,7.309566642182429,4.382846798368905,9.953660233618972,6.635487471847492,7.581510006784275,4.744686024946918,10.338543942142373,8.237957164194688,5.9690289814620545,5.008861584661431,4.307420797483028,7.652014824567317,4.435036278270598,7.226702626011016,5.748378489724884,5.880250747898002,5.147337387035865,9.539655502962953,8.389588107752969,5.085156900737221,8.440186316519714,8.053872503707742,4.12948093923675,7.079826626125237,5.404638965549542,5.7738064125243245,8.428520881269467,8.263350397846699,5.039014170250991,6.645124391042193,14.29906970573109,7.383981024635529,7.289695867663065,4.946627035134354,8.481332089969573,5.188920712401229,11.532626147990008,7.37832235476275,4.0116217088902,6.390267633760274,7.4951360674832745,7.441579816799393,8.443361948064226,8.766448079115703,9.032481937858554,6.21701831386162,4.212073850028718,5.122330696747737,4.309592586481826,7.7977083457028895,4.023986612303033,5.423196163045738,8.15543591177888,6.515551579428644,6.448380815464761,4.607492864172713,4.500279387776663,6.748990419822238,7.439535863324242,8.986514860957042,4.83504449739293,6.603641296550897,6.1924365899157365,3.558066048402321,0.0
