,AGO,ALB,ARE,ARG,ARM,AUS,AUT,AZE,BEL,BEN,BFA,BGD,BGR,BHR,BHS,BIH,BLR,BLZ,BOL,BRA,BRN,BTN,BWA,CAF,CAN,CHE,CHL,CHN,CIV,CMR,COD,COG,COL,COM,CPV,CRI,CYP,CZE,DEU,DJI,DNK,DOM,DZA,ECU,EGY,ESP,EST,ETH,FIN,FJI,FRA,GAB,GBR,GEO,GHA,GIN,GMB,GNB,GNQ,GRC,GTM,HND,HRV,HTI,HUN,IDN,IND,IRL,IRN,IRQ,ISL,ISR,ITA,JPN,KAZ,KEN,KGZ,KHM,KOR,KWT,LBN,LBY,LKA,LSO,LTU,LUX,LVA,MAR,MDA,MDG,MDV,MEX,MKD,MLI,MLT,MNE,MNG,MOZ,MRT,MUS,MWI,MYS,NAM,NER,NIC,NLD,NOR,NPL,NZL,OMN,PAK,PAN,PER,PHL,POL,PRT,PRY,PSE,QAT,ROU,RUS,RWA,SAU,SEN,SGP,SLB,SLE,SLV,SRB,STP,SVK,SVN,SWE,SWZ,SYR,TCD,TGO,THA,TJK,TLS,TON,TUN,TUR,TZA,UGA,UKR,URY,USA,UZB,VNM,ZAF,ZMB,ZWE
AGO,0.0,7.452685792898756,9.486615309865048,6.647852244545779,6.304521847626045,8.164998681824864,8.081708179616058,6.165557348670621,8.668959087032398,4.646571639936402,3.80982614123178,5.635729118954307,7.89331828741185,9.493909671691178,8.887838933217061,7.620772410493394,7.71810423183746,6.22228029549832,4.475574928272559,6.325322234531085,8.551895239386557,6.044765854281878,5.25660762530374,4.679261821850185,8.095789008734224,8.35879194430781,6.741819673484537,7.215601291746548,3.7597531759926097,3.2335942755381994,3.1203295346817637,4.224892790481624,5.461047974917883,5.975949915254483,6.828237546266362,6.706623952292344,8.760045078162753,8.14236567758965,8.528032823734721,6.4063245752580515,8.48089772088139,5.646878257525982,4.461151110408848,5.409568580002364,5.373175034570803,7.891882056070444,8.36603706690817,4.834337791755889,8.213159641666941,6.292628992501855,8.049141700426462,4.2535004604947595,8.519895849537162,6.502763685500508,3.8849094139267555,3.79304733881787,4.004805569185603,5.105888861990128,4.617072533247444,8.135621591161582,4.873053686732177,3.8641034381300376,8.016142318000831,3.8647821046516664,7.91770654111246,5.051608491279549,5.042110666125811,8.515078878851535,6.260814073911117,5.004575548834186,8.51884024183452,7.831186806291447,8.15434285065278,9.099839778817982,6.117461474259158,4.282298133056894,5.135737000182375,6.383600746897508,8.78475255660634,9.97020261224417,9.747000124870114,8.130425608817916,6.3613405140980905,4.803043906441644,7.935203429660082,10.321035063562311,8.24110366059902,5.087836008779233,7.4815122291342435,4.058482347887511,8.541164585570892,5.798402543020674,7.586151901848738,3.912210454314972,9.212654757218903,7.829746064647489,5.335144482278084,3.8146217559732736,2.258146782762578,7.56511876106032,4.308385182269154,6.614921200230522,3.402651638408287,5.848250734410358,4.484091277301184,8.711572169973762,8.50655050323019,4.845153183711709,7.579724145946226,8.940931851506488,4.266967693806214,5.960030169531072,4.868476564113246,5.084467966934346,8.594935006553678,7.740868512829667,4.638764796422391,5.338778834947238,10.136020936939829,7.457023449598698,7.526150942700787,4.227406148981327,7.41163097585587,3.508113022012786,10.162415161623858,5.79368972861691,4.529086651134378,5.855557018710782,7.525163933941508,6.95021431706441,7.978627161106138,8.08933178871315,8.10628484256128,4.609331944096834,3.7239100826876497,5.138520157684365,4.163102588989504,7.140200225834538,4.773640792502023,9.52247388026266,8.22204588167467,5.565427120673293,6.0926182831628894,4.567074018996575,3.982133769126288,7.2460526525497,7.31079981141352,8.802120047886008,5.074985865749707,6.459491107611622,5.2164840802145145,3.013547383167233,7.552765804064945
ALB,7.452685792898756,0.0,5.851657052392871,4.12603281098393,2.2157911265511823,5.357936729677002,4.635544326366423,3.6717050086060845,5.532430814206238,7.927866741106456,7.768675031648819,5.499088131256191,3.4331869420720844,6.003870475242635,5.9867933836299825,2.3788993167373107,3.5417260399617456,4.285155688038594,4.69845546642292,4.433821401935671,6.220181831786149,4.056769046315961,5.952295796112321,8.230440977381512,5.367377264347165,5.532797974190813,3.7967995293110532,5.140949925301909,7.081441814315639,6.869338233421053,8.387724118155985,6.884332165502341,4.176836345511284,6.849867828091103,5.29703668035098,3.6877590386299977,5.384323399055647,4.795064389768078,5.273322574674881,7.095176788921618,4.867501490329783,3.9956425275260794,4.695602030306361,3.850639271423579,4.852668073843916,4.718270751177194,4.428348058214159,8.194696575857128,4.163140180279293,4.418809765664526,5.085348505462754,5.8490771713836045,5.523996388728086,2.73668234727895,5.871549086284967,7.604425093048484,6.579860892045829,7.452840190672879,7.212916267913057,4.191555960941159,4.849715733271261,4.763265232714105,3.3400207355140195,5.913007215923052,3.9109779147552706,4.853498462839154,5.463544132022976,5.668696479055778,4.213056877076462,6.0653430627462,5.634419842310262,5.844904744749197,4.253715161518628,5.731908479368408,5.059796900869907,6.219713347363225,4.533502657902155,6.620674018703887,4.860105529690878,7.050041652233733,6.892103636835243,8.278044259933852,4.080207549350382,7.216513376624122,3.680537052297934,7.7163354290343955,3.4662193843056435,3.87769083102613,3.640678675331284,7.7509182399618926,7.895590976958235,4.612520617661146,2.389821127982368,8.52699364361182,6.936759530098686,4.112168918118742,4.7238672072819865,8.109015239797722,6.9239385215133,4.209846538234325,7.461958328482732,4.433953250298167,6.6367522614615595,9.532978491953903,3.932720586496168,5.671074290087698,4.927091514324914,5.466091684036219,4.99595099096066,5.3426395895276,6.61660120026173,5.037576777711903,4.236001305322011,5.018813717198083,4.051124134929449,3.8617868417626395,3.888283974969993,5.679662171420788,10.296032337851333,3.207104472667867,4.363306490814027,8.227441829205286,7.964312105633082,6.847306881496877,6.508347318215748,7.370496094203189,7.698797900790923,3.7315086189219073,2.745884192530689,6.833498441230543,4.186744466627732,4.437065525676881,4.960322568330882,5.778695441550314,6.038292632564574,9.470608261109529,6.912087499560861,4.770179092163719,5.382454115168955,9.093232318112381,4.583032983249856,3.738691490357722,3.988284373127779,8.01505166287138,8.177746863681412,2.8259882766530837,3.502241007362853,6.194007797481814,4.480577711469211,5.412829969753724,5.608633647340892,7.39710629360466,10.034238377967585
ARE,9.486615309865048,5.851657052392871,0.0,5.984218271055809,5.322621267143127,4.349187527793754,3.3979092595798313,4.641000473116145,3.705404595588041,10.507654946510668,10.386404631048245,8.479195958993753,4.190846667386716,2.3531321228325273,6.062137103987242,4.915706016008384,4.095309509835623,6.6082664404018585,6.684532938179243,6.378826843344552,4.1270756033839495,6.5255963168052125,6.9446266164966675,11.379260455205173,4.192763089155258,3.8444572607505734,4.467524640322609,6.010259715293048,9.427092649358716,9.351146687810965,10.502851132420647,8.203951713409884,6.240401194596771,10.376043295394506,7.159636170826311,5.500805614813177,4.8688529668153775,3.245560707834529,3.762759947049327,8.508921223931058,4.022209476405119,5.467155140405577,6.365123488370217,5.754615539295758,7.233504940984899,4.82565981008075,3.7667349145659847,11.37844331365658,3.931035406594803,6.492699486698028,4.991037380618575,6.718889139073069,4.673192275062203,5.12459439227208,8.174606278301086,10.136076793273402,9.483039623540696,10.626085975624141,7.300847800618422,5.0190168617467465,7.221651126653178,6.962123960942124,4.364209999610219,9.30981594650456,3.718523889172434,6.981025933867066,8.10806488800536,3.821869930425983,6.082299878466449,6.359224191729736,5.067851309573499,5.085721699643216,4.595756222441483,4.76025153960445,5.033204091012385,9.409531588220164,6.6812726908298385,7.9631568787811124,3.4554356691548067,3.892921617932679,8.36751592791108,8.276811886569487,6.898613474583493,9.022618642570261,3.9335471512936815,5.679991474782994,4.291592725665422,6.081403453000598,5.7995963890960756,10.369809666012815,8.039484821974519,4.920559289557733,4.802913141258727,11.009973060683029,5.806044144706845,5.298065787474834,5.437720543626545,10.547725230656903,9.14188198087119,5.45356529249856,10.511596413883606,3.7650106897571907,8.406512988379676,12.193198495762262,6.756736880034293,4.018588807476476,3.7699519784722755,8.817516965094498,5.1361262474958425,3.1682449351104163,9.605203248878542,5.809597016128365,5.853321003292805,6.552015599372597,3.7704625385967168,4.366016039907753,6.1439189525502,7.430047898824085,6.996703619912068,4.387233307435085,4.447008704335311,10.965410411021432,6.2364254893832225,9.012923543242263,3.420552048754057,9.837228024021321,10.890026608105321,5.8002913791108615,4.236439274489986,9.669469260733809,3.5889644160691527,3.5774789552751605,4.3696266828649355,8.435420825264492,9.152393017554232,12.049071606542109,9.529582221727823,4.828315000059946,8.45102001894692,10.420424280046163,7.779061296226363,5.923321327572215,5.354634452021234,10.625096362886165,10.733160391344905,5.015417084539378,5.58329263419234,5.862478175164779,6.80110353599552,6.345709721905351,6.627915067266749,8.921384600926206,13.080606417297814
ARG,6.647852244545779,4.12603281098393,5.984218271055809,0.0,3.187085796990564,3.568332527512963,3.9463991224468153,4.379984177479099,4.64520701254283,8.049797841324576,8.125713507690794,5.906707929689574,4.051853131491447,6.016770975122947,4.9313138339978035,4.140422488683561,4.072056796988605,4.899558224494901,3.6081631992176977,2.2181459743538743,6.775273738209769,4.936208928327773,5.201888774588553,8.875584697561775,3.4699746442878308,4.815354057190609,2.0582458242134245,4.1407318687485155,6.83591391473041,6.521811735002794,8.071227027530867,7.244549864276329,2.2189246566625878,7.581206309747273,5.101804329693615,3.1341084713109457,5.297765036095618,4.407876555614407,3.871518140836725,7.3534562408961515,4.161910377238324,2.8573119942081684,3.697336743996513,2.9849315190924157,4.583301833785503,2.9406758005217872,4.639098012439596,8.36312302115969,3.7017378796896963,4.961072838693377,3.329021925430592,5.764421969123905,3.5589764004655735,3.402154139855974,5.97586608340912,8.26401181292752,6.821978160166089,7.954798029062226,6.953805707490297,3.4303987703086647,4.656874484595262,4.613699678979839,3.8927560805932364,6.106016952067942,4.174039015461382,4.513333889654265,5.05643196959845,6.214415471343711,3.218063290668277,5.323158120025492,4.61995997788349,4.074983901707041,3.1831124648662006,3.9601070671972445,4.0269578112943885,6.250149269606291,4.669795895560014,7.51913272310202,4.027866828911798,7.181007080653266,5.701839701210817,6.583328362867983,4.74758420176761,7.422531140093466,4.331628832904883,7.268658160173068,4.285737070536976,3.458909584538013,4.891104096180097,7.689619094151834,7.217251892622811,3.209483730835428,4.251346801531291,8.749811544612326,6.3638709527821,4.239952131513136,4.796606952933794,8.347246413665614,7.117546370318886,4.815859959890267,7.734842263812453,3.836445039292992,6.116366804784605,9.835037284403349,4.651951318432824,4.651604124773069,4.1676701327645596,5.359372778167835,3.5513923901206406,5.988465405014927,6.237674045837476,3.978392757708335,2.5814987285221522,4.293631916165227,4.41079457989452,3.46801293306952,4.005059113451378,4.384441555030726,9.212427534591376,3.648488567002178,3.0673345187491527,8.194384785620581,6.216585621658697,6.752651474530491,6.465722836812755,7.997166605401585,7.938619426272728,3.645487459064518,3.787428574075631,7.016259435542418,4.679862181489685,4.81117510621865,3.854202754461106,6.517798329262487,5.369158594191852,9.779691802106582,7.241972881888087,4.6457185231662335,6.3492887268331915,10.86898834049013,6.8380256439858265,3.242043202112412,2.6121057316394647,8.042057681823099,8.206926308626198,2.925665244863951,2.5075485748956314,3.9585456015025295,4.431654415104897,6.18971477061541,3.9616635574827748,7.046864147593361,9.237774066590179
ARM,6.304521847626045,2.2157911265511823,5.322621267143127,3.187085796990564,0.0,4.577352673321862,3.8556266742475507,2.932704050106139,4.682271065662774,7.654315051000372,7.349604990041765,5.57365230473512,3.2386023300648876,5.632881926804019,4.812775954070979,2.301681687030942,3.3535678816824532,3.2139700805186777,3.3665351700240853,3.6860091794425798,5.613424695527858,3.5169162365278686,4.423470709236647,7.906410290073066,4.2829724056131315,4.6947931606363476,2.627739263994219,5.0310443001701755,6.5433743467598315,6.244141908076937,7.595896020329858,5.831450297386951,2.9258726557967596,6.755235908607859,4.2720666563555865,2.5979179272630932,4.556495280554585,4.200315102749615,4.681713882674962,6.049637812200267,4.2164886929327405,2.875910452925815,3.5397777463637343,2.785310022852041,4.3687171198177746,3.7037108342320413,3.6734893354202858,8.12448448638924,3.577270296317548,3.627254220869291,4.31564302218369,4.533907391091481,4.743418002508871,1.4330227631863057,5.403631075524842,7.179360526304313,6.073597407525808,7.2669824715760125,5.950056437631077,3.4059012474991026,4.42359756965528,3.525533476272229,2.958308354591311,5.3749347039388615,3.449992536859034,4.601872665165594,5.173580684444275,5.172421935660006,3.7101114511427915,4.693683793533138,4.683309963634804,4.892582345358802,3.7966237596221197,5.441172043862754,3.970953440299362,5.85091665186813,3.441617919121502,6.66993316512182,4.612566271498764,6.696008383601105,6.336799275164336,6.886472690554793,3.9664521033841544,6.062634770170627,3.019714809532427,6.856507957157171,2.99816598675315,2.8374547490023083,3.817674550908519,7.207322097550292,6.73632224602337,3.59699584204416,1.974821787266077,8.075020775444838,5.969459082768933,2.937069317834464,3.6915394081325377,7.539704249564801,6.119167343647268,3.3614980984460696,7.062009211990175,3.453527018188764,5.183607684405731,9.408575020928351,3.3447167268680293,4.944618161172002,4.400680949469875,5.063975415354984,4.171998013295967,5.1821626989523475,6.26362148972871,3.419924296581581,3.055699837184156,4.290163259496103,4.113977858142707,3.2871565908939133,2.989601323597056,4.029283968676373,9.3422290645907,2.9734355564310015,3.847604718112212,7.572382788007135,6.619994439991978,6.286207862906407,6.050711597293247,7.1277392218733535,7.463812630262296,2.9790735740497065,2.4581003811825317,6.367841738329612,3.4774589196983854,3.764079945384201,4.112844010501404,4.712331429357761,5.345157847771675,9.168910604704946,6.531084680680824,4.511143900259073,5.02625921141549,9.327727679590986,5.0624220990124975,2.3302223263407624,3.163877412524256,7.822608345992847,7.738785378543351,2.5255297332393685,2.822106778075642,5.556700506490856,3.91377888653055,5.290584250455229,3.9992244705166633,6.383541522745929,9.571956272804885
AUS,8.164998681824864,5.357936729677002,4.349187527793754,3.568332527512963,4.577352673321862,0.0,2.438840759516707,4.804606187882156,2.93403899857718,9.200272885938325,9.298062709694054,7.2324248450670465,3.8686905845156385,4.469561109676942,5.190847940570465,4.353268604125069,3.8758882757671214,5.885840025312764,5.380988907626255,3.8705859271891563,5.307459868800357,5.918956474510176,5.741686667509723,10.523371618923733,1.3716913527828667,3.2010981114067287,2.6819831970683734,4.1384603297875975,8.060420246877177,7.865925900984866,9.29227867339324,7.965049228639003,4.026291050398246,8.869291941536579,6.375922773291153,3.6768775992679164,3.982732691723238,3.045531420380568,2.1152276106695806,7.857573859739617,2.5426829073798154,4.2368221059485505,4.723109288571283,4.260988953972469,5.685687813340632,2.85022016429743,3.2752403176226625,9.78675653372994,2.1173539200099163,6.172574110188208,2.577887975932691,6.365092356020075,2.678032776824953,4.273852456468728,7.315928244019263,9.402394981081796,8.20068989311043,9.179419788580498,7.040817032740186,3.358965668644078,5.7068821949397766,5.929540559211819,3.7256243325758263,8.077600488483144,3.6292930541270914,5.872702226300322,6.773117288911419,4.491631344151377,4.0703596655419245,5.867119449827316,3.2018904520840383,2.1234592621339834,2.9028647597110293,2.453581794830578,3.6172820612658905,7.773699905849087,5.638151041971646,8.268607435230624,2.326827976609537,5.456920982380973,7.105147390845134,7.091050197117746,5.622204922535598,8.470410229621336,3.496405460141855,5.448446657021263,3.8598038262232204,4.889871839630472,5.579718150910283,9.103335707011835,7.605235639488855,4.138598684082193,4.710223404517632,10.05672758160018,5.129415824182401,4.634956336462289,5.117848187608628,9.559363002582026,8.259290867029597,5.284283008719989,8.945839157698828,3.5659166176357173,7.11022712112332,10.946671578295556,5.840169737708429,2.924012011647208,1.826526529915553,7.211811168365601,1.9809122957704652,4.6438089315893105,7.851201582242451,4.919164382582082,4.39206392198902,5.49032483425007,3.6498847350495076,3.0761222341300085,5.019359276034506,5.70193327947757,7.221769363093139,3.6159644075876898,2.7571153529780217,9.40723173986145,4.745008500843536,7.702844311911287,4.882599702709667,8.671045744143509,9.632929402464528,4.761625948174283,3.6295973504676065,7.782513115171077,3.715680249592562,3.5344784889559784,2.2658585824696975,7.597152786594883,7.186256290121202,11.1301699083095,8.34947755431138,4.451097124579587,7.450158418541984,10.095894112164498,7.154051595218889,4.591353874838912,3.3131533253154304,9.325677302332695,9.349822915662761,3.840577526006509,3.6705977205920886,3.0120902987356883,5.379975149751056,6.345030990901745,4.874609934172991,7.992366160986295,11.426220978686569
AUT,8.081708179616058,4.635544326366423,3.3979092595798313,3.9463991224468153,3.8556266742475507,2.438840759516707,0.0,4.1929750383022775,1.7274698857125574,9.073673391380908,8.928074896599336,7.207014070509307,2.6638468259512207,3.6987669144650344,4.505414441034053,3.4333440085770563,2.9514845907051965,4.790420648517082,5.08259337422233,4.420018640702495,4.899010910500436,4.923950814557455,5.185614882303284,10.19810404264406,2.1568842547240954,2.376832932948011,2.623303756082562,4.78905594149535,7.951716361403112,7.863878654857162,9.103328003780085,7.681296315451918,4.28291453180378,8.616534843142526,5.409918496982664,3.326124601238034,2.8382676542020175,1.4629628325995152,1.8216759740956276,7.122544375190382,1.655727805778244,3.976448960025958,5.027734788028211,3.91835618800309,5.895600925211134,2.6596499176068167,1.7226756020063196,9.827105509128568,1.368936607334811,5.116240169928995,2.441377693741461,6.292640474080337,2.3579815573673897,3.262572210117513,7.025350625808951,8.923316478751037,8.027548796419543,8.943455090385157,6.73692913087183,2.8831606308799222,5.482547987441991,5.2753582773911205,2.156021667865002,7.894264117272397,1.9300324318789117,5.93481390292536,6.69177139633453,3.4470465093941858,4.650830598392055,5.748365656449249,3.116666177254093,2.8247960725368775,2.3921312117813627,3.2978500240981834,3.7786811636570556,7.653710047112911,4.875918509705056,7.493132948692206,2.405502720216577,5.308735280041676,6.745619309992166,6.878795554770083,5.038254820918155,7.616181506133014,2.1406695542676455,4.6134141337855805,2.421779740005169,4.473688956689587,4.308592872085071,8.732563107861896,6.556246550357319,3.67415004424081,3.493984351680604,9.76608657967123,4.189288858293916,3.4249124254012986,4.65395098705584,9.109614950195883,7.94245712141183,3.670061020447438,8.686370066597302,3.0210692367755763,6.6840497124191325,10.768040861337674,5.1425193303258006,2.1310730644065656,1.6810534987827532,7.172710554047699,2.8541414723353085,4.152639089959715,7.923168291866595,4.081862891317569,4.208057674444282,5.003412923384144,2.5800393250166906,1.752080760732421,4.681937976653959,5.492281122290118,7.471672437392606,2.4918954256328303,3.0951349366948238,9.208366370759002,5.586393520776145,7.525749474546016,3.6184891852134395,8.130550971355733,9.468532139921496,3.922334325866341,2.620544700550576,7.6538989478209265,1.8820427858871127,1.6027675336231726,1.774683019009498,6.862407195711794,7.375480570619107,10.872581292191283,8.030291325543551,3.658245451546611,7.1173887959737945,9.969038395890868,6.17996694564479,4.016372795548783,3.7557105822140895,9.286667176810946,9.267464476531547,3.290226271636804,3.476112519549589,4.2736104624399935,5.351800338682621,5.6605252809743,5.005550710448189,7.500549542110926,11.19008613797221
AZE,6.165557348670621,3.6717050086060845,4.641000473116145,4.379984177479099,2.932704050106139,4.804606187882156,4.1929750383022775,0.0,5.248652709085895,7.314033212671637,6.867017104576843,5.294379502167206,4.07860987346096,5.046555051362774,6.192266811886305,3.6667851966072837,3.4791491444926974,4.604394936346293,3.5758042854255767,4.456437599002457,4.159421307883039,3.5692013285538677,5.104434989964325,7.79916479784842,4.791294226033162,4.978795375571702,3.402061724690246,4.386573037927894,6.201702297372432,5.900470150256877,7.108122346862975,5.305608253318518,3.8204784199350765,7.353090385184326,5.781771979570939,4.196706226235385,5.65315973899822,4.150666964720318,4.728592251979943,7.016625421325406,4.900538228742959,3.1518891439919656,3.31723035074546,3.185907724197975,4.041769886299477,4.854104777476511,4.508380648689104,7.753241563049242,4.224456311488387,4.184703723515662,5.197248350420431,3.9173979634279354,5.3507077192753085,3.363728190738493,4.873127611486312,6.626143962636133,6.3795144920052325,7.325496624990807,4.790335417443518,5.086138037609934,4.447964993579488,4.185080797646493,4.032999287488018,6.003451384224811,3.8710957409827356,3.697127550133521,4.9269325375636965,4.752886184441465,3.8424289958150393,3.822106317939622,5.496433390233962,5.300123606399447,4.740355195678188,5.535255510815382,3.440594968791213,5.962923447267067,3.49827648854357,5.640826469416324,4.386769038640154,5.659487531822215,8.439896388833443,7.867034796594846,4.303565223413951,6.114326745488336,3.8819062606048584,7.661218757829304,4.270816592568843,3.1298062416741024,3.902761163290905,7.043698910135309,7.417473087284274,3.337445319495091,3.788750479290617,7.40750936154791,6.815874341113317,4.783074451152636,3.1024216944120826,7.175988238708482,5.876121258319193,4.698622099879772,7.0266252805917695,2.8706377874608333,5.518136526392079,8.737643858548207,3.7236748111413083,5.426300635329853,4.506013797541395,5.910457559700669,4.653946690575461,4.117981845771881,6.257153919855014,4.63017909908852,3.3445852984629214,3.9443159591331947,4.110205045390754,4.290441635360704,2.7496883970245953,5.3006592681879985,7.663879002279216,3.4028508515581133,3.6139092536182975,7.6521268411385535,5.476551147395856,5.858289656499116,6.432972255284151,6.918580911872263,7.427349620082055,3.614948761386984,3.3193051982942032,7.778140598905046,3.760489147036376,3.9896166404483275,4.800748038782354,5.158661766765099,6.068994040859609,8.459556496912441,6.255343393822377,3.6408438338361653,4.5565271433943515,8.02147384893922,5.757204757407466,3.8088693620081413,3.658160698836655,7.172610784506161,7.266063318035005,3.6434616042545374,4.627238987560807,6.03575766722404,3.284766591214054,4.119279104390896,4.584904469493809,5.950317111274207,10.298813243058166
BEL,8.668959087032398,5.532430814206238,3.705404595588041,4.64520701254283,4.682271065662774,2.93403899857718,1.7274698857125574,5.248652709085895,0.0,9.549573777260209,9.557250262640176,8.194452184580673,2.9783246392702027,3.904840139425233,4.4615854786425295,4.202776032240003,3.6762522353185623,5.377287909598317,5.829138037136542,4.816158223361289,5.590256466924714,5.924417905013009,5.426178731889934,10.735547000820631,2.4352915545565454,2.5677539116412897,3.4840830880349962,5.6512417712509535,8.474398166034183,8.461681399815944,9.644848417091636,8.174664814404007,4.968657384547658,9.107286419468466,5.6284407398985214,3.7421022805760646,2.358702543382951,2.237796976770097,2.2668416834825393,6.789237786087547,1.3000274440861717,4.791522492004384,5.728398689262459,4.745422926533236,6.8567937494805715,3.037266780004799,2.0008286327853386,10.62981920744432,2.294175265243232,5.649953474984414,2.479973681060001,6.831537353553986,2.40162407827613,3.945002332076166,7.72008504603885,9.447790521183256,8.485205781997598,9.375286471718265,7.201382735372338,2.8999451559838065,6.1978004773187765,5.860047327489462,2.914698351925592,8.549640417389849,2.3986931200418242,6.952040727925515,7.542637033860295,3.85219586638787,5.493042570006834,6.358880289597899,3.2679595806933017,2.8749568380639783,3.076009669376949,3.8551826971709087,4.683368302915332,8.327716395115194,5.740026476826376,8.320493167742445,3.2863469709853796,5.432429038021625,6.513285621622278,6.733349795369096,6.24904277714193,7.986347788897446,2.629265940007011,3.4956067784905573,2.718562434405272,5.141512218302248,5.1703510517705835,9.30972901076519,6.8583032159586,4.3277986073930705,4.026095190122324,10.439499084202545,3.316426944985891,3.8642537525353493,5.4418432348783385,9.581350553457204,8.56595167198588,4.134087675222657,9.319545003368,3.8187151068953846,7.131323040766089,11.404209933432876,5.8380071483893765,0.9093361493930371,2.4190881594448497,7.604956708118724,3.348090517175684,4.661285823357899,8.585408791560893,4.6281871065715245,5.022879077967968,5.743974452641272,3.355212806032285,2.5890708938343834,5.573788238201822,5.6384036480065145,7.790121863975885,3.4524269941797603,3.902739707358953,9.822222669116266,6.067859509445516,8.064380088604297,2.9348335468439464,8.72628773839851,10.119429655923161,4.505514197574765,3.344694270888915,7.60373222664817,2.567760090984172,2.6339822960760593,1.7935795185308931,7.498489590030399,7.96019736864478,11.565914880259665,8.56405559025227,4.502521621022396,8.074235214016568,10.319275236247794,6.748076182123099,4.451887062108532,4.295779918666213,10.13152540886748,10.014486064051917,3.8273707249392426,3.785045550136685,4.517496902560067,6.320125034532598,6.471804066678444,5.36705263523427,8.121608072124069,12.001616245988224
BEN,4.646571639936402,7.927866741106456,10.507654946510668,8.049797841324576,7.654315051000372,9.200272885938325,9.073673391380908,7.314033212671637,9.549573777260209,0.0,2.9805073815760634,5.330041067429247,8.323369230993851,10.10683465269588,9.737986661839791,8.475498495909399,8.384105637682627,6.788091406433785,5.825246519358938,7.435702289285522,9.84888586240632,6.59675524307692,7.295753503151452,3.080235423877233,9.385423025624993,9.249020972499075,8.25474042070409,7.901628081596269,1.7627674112376606,2.2693270831601873,3.6554176964499336,6.040668211972107,6.993526354660054,3.4920729888835003,7.768071267797351,7.83046056801601,9.251953970224788,8.897153638887444,9.442333082172121,7.078182227686481,9.304169885035735,6.585573169995911,6.202901285198789,6.152888888139297,5.972186491687933,9.32506827249211,9.180877011759673,3.1466773480194323,9.234810357078757,6.702087077420696,9.012716624653146,6.603520642778579,9.337944993427355,7.449845715278561,3.5105434702164175,3.336836203773092,2.5221686476212644,2.250756574034751,6.4061144424654515,9.132608268612302,4.223740489365969,5.216715502524088,8.742606585717619,4.235284915869288,8.613087732433478,5.5815364204620295,5.495460515984032,9.431267286805522,7.450123447651855,7.142089460882411,9.472987071105232,8.645465573278136,9.146010832989866,9.813926640065999,7.138099222318548,3.218352700114843,6.00446188780573,5.160653763199708,9.625819169749864,10.737578688137377,10.044467142939093,9.71763955047225,6.601156474664367,6.406290480202142,8.794204808782386,10.896528844042363,8.945308794276091,6.336301473408219,7.041561016856391,2.7940471818249812,9.202856504904135,6.811817439590205,8.506080198920928,2.6749046834670294,9.65967644589913,9.10076913002644,6.627490661556103,3.168753081655332,3.9511029671083215,8.08237071087665,3.192624947019601,7.715407027990917,5.660213695229965,2.6413559789866787,5.016560093265247,9.39761235962273,9.384433373817453,4.4683361400541886,8.219908357032777,9.67466127523596,3.4494847241001527,7.650440706924577,6.400020169507902,5.349069368056601,9.066746471047885,8.461042311843805,5.7711909525070695,7.268429303146497,10.82633155694965,8.052894106409896,8.451137240973438,4.309494460314704,9.161316866693362,2.4759469473542226,10.848563869921806,3.8537039864543385,2.0163204337451326,6.295577306905826,8.255682659813559,5.803850538719868,8.925806632586491,8.99566825364742,9.271872918492576,6.414936911232777,4.773882660184803,2.848300519037599,1.614059202158865,7.263552334778192,5.127291472235565,8.494833124705606,7.258729075776951,7.021335219431655,7.473762961673393,2.970375857015798,2.902534370210503,7.975964414984197,8.122839071466306,9.527163687208493,5.9002447705098,6.42773796508237,7.228792396971637,4.336269230797074,8.47885955419316
BFA,3.80982614123178,7.768675031648819,10.386404631048245,8.125713507690794,7.349604990041765,9.298062709694054,8.928074896599336,6.867017104576843,9.557250262640176,2.9805073815760634,0.0,5.423909009761615,8.23261886020508,10.174037691881875,9.916198419502354,7.978678130119468,8.30037808094836,6.619429375306553,5.639245829313601,7.403203694978892,9.317331688968538,6.046303460109382,6.356195185168768,3.2510757625056383,9.356326991235282,9.509829372127385,8.156529025209526,7.642175364087872,3.0091581693394422,3.006260512793516,2.4959368901565764,5.24553114344388,6.868461661375636,4.922164429241052,7.523972818921255,7.762700398378214,9.446915221121893,8.784646631613267,9.423251324459306,6.665109905563003,9.366063601997698,6.724598591833268,5.855902526419265,6.151067110723699,6.126149728401516,9.159808418691874,9.121070597948373,3.394370363257302,9.09052286435049,6.539013439286934,9.011816741497865,6.31744631365893,9.484964782250707,7.359267563898751,4.076585066172371,1.8574703734377755,3.7680167641755853,3.1489034043282222,5.576290173765691,9.08828025947144,4.753691061995712,4.7319101744778305,8.457149947881549,4.307430473674993,8.445309340796317,5.567874077998641,5.119491545940748,9.283233845757193,7.292220290315085,6.407664956976688,9.69856941119728,8.979672715371052,8.958193532319823,9.935436413187597,7.294492850446732,3.467651981810594,5.590936483478888,5.671960401818885,9.58592073069137,10.46723535924759,10.6807101311933,9.323698052677189,6.4253200295123385,4.721202269448972,8.64294268577593,11.258294700193211,8.830484339310301,5.8704908605041854,7.122543070151354,2.2767321605837507,9.240426316259176,6.844127122849267,8.179071012245602,2.4458225839824883,10.072281689731943,8.833220254779501,6.349572011150752,1.9018099395344468,3.321526743001727,7.852581273715376,2.1357184758840577,7.71073718771055,4.659124155633338,3.219696245010716,4.751314909172835,9.559206256155802,9.403657295013486,5.160870462835003,8.62004026012772,9.370517239415056,3.6920848561546324,7.4605013041409025,6.3166757672808584,5.275492810452228,8.876138610148303,8.366214965737374,5.719316133420431,7.1113768056170485,11.119775549036964,7.787846162217742,8.32595993355962,4.056186855166328,9.06787730234566,2.8381586458329155,11.025151270365999,4.10846368067966,3.4236062044657585,6.159448947443824,7.967283282749007,6.879066932537549,8.517054751972726,8.71790353844058,9.198182888558922,4.899824010809617,5.001350794781243,3.4169722508336022,2.427392303362111,7.227611040068176,4.630640919768454,7.845700680539492,7.241108684103136,6.580156320658922,7.405086566205878,3.77242982073128,3.178847524513059,7.778641736756734,8.366560461391549,9.869151636841485,5.773049951837027,6.3485077824129075,6.661701004034284,3.1486728958950048,8.25740873888915
BGD,5.635729118954307,5.499088131256191,8.479195958993753,5.906707929689574,5.57365230473512,7.2324248450670465,7.207014070509307,5.294379502167206,8.194452184580673,5.330041067429247,5.423909009761615,0.0,6.640633701898667,8.64958084136263,8.801471817206382,6.345513484460665,6.501582329682631,6.367569811815935,5.088247346904889,5.401951536753987,8.608368888926687,5.85539801411345,7.240019518897697,5.97869570120285,7.42826623654467,7.287407863418342,5.970460268497333,4.869886383006112,4.334606110029392,4.21453419721111,5.589176169120307,6.443458682814008,4.970136452839284,5.760557426458614,7.705020739515059,6.014772939064744,8.160839815432352,7.265389497174904,7.3140984423598905,7.8741131102556325,7.838093937506476,4.661686837802883,4.952077848503661,4.61030366414798,2.5641691070095227,7.1807433539636945,7.684358123889564,4.378835455336543,7.296386157077912,6.7873025463163295,7.2263523445872115,6.1753458686269465,7.51027457392924,5.659689509688524,3.5012183899464593,5.869873903177514,4.8095704628930855,6.15429807969242,7.2571519388356975,7.392425120068453,3.3125792800927183,4.784700785476417,6.99314305907439,3.7497676596210767,7.007780884856231,2.570450121327092,2.931656310676226,7.521316418875492,4.76696515765901,6.255397972525541,8.65682886745891,7.516691512814154,6.6804989342662795,7.306213342700426,5.451941244738917,3.6211868134722054,5.14638802483605,4.80280222975766,6.992857525365235,9.366067482517984,8.79086938732238,9.846282872237959,3.371465660223079,7.512694633229312,6.954716209183241,10.291430149065732,7.305208376321986,4.963453272700627,5.778483109538069,5.551067540071986,9.413268302447108,4.807949383210188,6.605710495301055,5.817844490723343,9.255553743239608,7.822502939529206,5.969349204239652,6.235141714577916,5.437124424573793,6.821505687816662,5.294277303999581,5.8084287218891735,6.591528941440231,6.592487215918959,4.408200218236948,8.248053243926037,7.638669294103,4.2342302227044835,6.851484858888354,8.068191640161505,3.400916899084007,6.321271160191078,4.805256611879958,4.043384091340779,6.68133750556275,6.488546063092264,4.230257257576924,7.062349709695232,10.669702741253912,5.782841359297289,6.040850706135616,6.067077130063778,8.401751290719371,4.779829367592778,9.130257338558117,6.680197064991756,4.8500632040034795,5.262597150940338,6.232720283892347,7.34516978109431,7.090577544400381,7.3259988190884835,7.646438286554015,6.287671479258666,4.702400567919717,6.399963979972994,4.769120563441473,5.554159049146061,3.9179778557030556,9.057264771146189,7.066358120300737,5.821852490761042,5.218115539631545,4.334213783746105,4.637122151815473,5.807694329755278,6.5810253335096185,6.998472950079859,4.3094758424079025,4.649588620797535,5.9667739928538746,5.120641073513721,8.092953655161553
BGR,7.89331828741185,3.4331869420720844,4.190846667386716,4.051853131491447,3.2386023300648876,3.8686905845156385,2.6638468259512207,4.07860987346096,2.9783246392702027,8.323369230993851,8.23261886020508,6.640633701898667,0.0,3.94148827398084,4.842947774402656,2.5023856536924773,2.304011340765697,4.462450253773597,4.733114115417755,4.254914836087103,5.516327361244263,4.824268218822338,5.092784279149278,9.063276251009459,3.7475999680584096,3.9558155040615546,3.3584892796773995,4.951096096956935,7.304704611915922,7.281762674098254,8.594306584980295,7.298144756257782,4.455376165004738,7.773109922729349,5.272575761616496,3.5491983104461924,3.695340243454184,2.3957448972985773,3.111476355360201,6.426069853156874,2.66848680625766,3.8013803765618133,5.068218626561493,3.7985666293313782,5.613693955702107,3.763363947387586,2.5096226258103074,9.296847498018423,2.7316316045086637,4.4309217682060345,3.349151312041422,6.2080609851229935,3.495831672853698,2.666911180429899,6.425989911806026,8.156254016073223,7.261128758486011,8.044851554404296,6.747087621681232,3.089362110756119,4.993080889134695,5.004053599167927,1.8737285299803699,7.079648250404373,1.542730652158036,5.5388731893525405,6.270836369225405,4.389643178599433,4.418646642815908,5.97839946016641,4.388358891428756,4.083826744831817,2.944131523121418,4.156544691253669,4.3265386387002005,6.855784281148268,4.800687347726729,7.00393539366786,3.481857804802436,5.530447050473508,6.126855735301496,7.253252202611413,4.886436820077536,7.135403651470614,2.0479075381632907,5.6128670837540335,1.6993805802582125,4.241078181158897,3.323470303109678,8.172917929326262,7.5037410317395405,3.6275367945611157,2.530596438682942,9.278661445381756,5.1545423413984635,3.552670879842016,4.598991337257912,8.517662667817154,7.601692187308842,3.3580683999653065,8.114031173983483,3.6106598385819346,6.704549696864896,10.11701447965053,4.404799525684959,3.180943366065238,3.2988209641112336,6.454996572082633,4.017680472466205,3.929225103525872,7.2796035564804376,4.568283861188564,4.268264700344696,4.731248158880996,1.986377460954478,2.4805355995756764,4.615453152743851,5.702486630810136,9.101003916928802,1.6119910408755889,3.0715340326805523,9.154727354663477,7.2185515706628065,7.2163273201447895,4.219644719552856,7.764341455814664,8.651921183678626,3.2370135694949216,1.6143711697785164,6.852625237165671,2.261043134281721,2.8471130203043735,3.2005745392225022,6.316192964598793,6.983762787438442,10.224519545316856,7.223501409211058,4.005245822799577,6.596262733597975,9.259648159961834,4.832487620150579,3.7654615363429063,3.7390271547789373,8.892768314067181,8.974460941321265,2.206343127570284,3.1920910328096705,4.8210327305583185,5.141257079742458,5.61816164244023,5.004778078381949,7.248881534432034,10.78609547969264
BHR,9.493909671691178,6.003870475242635,2.3531321228325273,6.016770975122947,5.632881926804019,4.469561109676942,3.6987669144650344,5.046555051362774,3.904840139425233,10.10683465269588,10.174037691881875,8.64958084136263,3.94148827398084,0.0,5.9982583279910004,5.163791523753939,4.023631950015298,6.675784546328971,6.65671719026114,6.567306987833833,4.031905814475337,6.41866373240624,6.90123804923122,11.043848268145435,4.730520369719514,4.292830016168546,4.7927529124964465,6.420585151216969,9.146635341935342,9.124228662904686,10.398078792869132,8.561446345879414,6.579251531433466,10.082341280219953,7.157084920119324,5.7422654736996295,5.174691103102225,3.2137439709699596,4.053179320420811,8.401113804887645,3.9558620698133056,5.3182638651555765,6.627712009597186,5.893864377053632,7.43831090675964,5.506062302778145,3.880496681639792,11.278807403201467,4.141811373374056,6.397900714357584,5.298004318472267,6.8517505967375545,4.882172785612199,5.39939715632413,8.041819801823088,9.971309235212283,9.170992737903553,10.19488772732493,7.150898510811768,5.45846747087305,7.027923307863112,7.178333647289687,4.530846958761824,9.290281403793584,3.795008199173468,7.17453246071277,8.555357879615299,4.325056343063489,6.129394705065772,6.8555911163603565,4.8025980201188165,4.842424401934744,5.086052646972919,4.753908528809521,5.082135969986556,9.3893835485709,6.842365691780772,7.833099469750738,3.8334919422142932,3.726984886837675,8.165291620804478,8.480409199099634,7.228790644945086,8.994589934727497,4.199527701939962,5.764490740417656,4.364274035816861,6.316007975913736,5.4804209600123315,10.262568396639413,8.417017618485799,5.113936205589511,5.138436727485577,10.845068101724598,5.807229221676516,5.5709860826204265,5.3708183255068285,10.480123454320188,9.058138152183963,5.681681616433914,10.448601753819027,4.320880964367073,8.493452946087702,11.812615506256122,6.783534163106418,4.129214183128554,3.7689183403624664,8.919303631528965,5.106696598247016,2.8356696864717255,9.595657130768066,6.215543961918029,5.991482526403729,6.705536596188578,3.907890706785914,4.6520804391989135,6.166314305793049,7.591842107372416,7.055231315777119,4.489222412905341,4.6754281735698635,11.08145433941762,6.766257596687649,8.805067119321476,3.7479116871610536,9.493831243992904,10.588885674034186,5.588983919492042,4.406000322222599,9.220526227017137,3.948063529889521,3.847297862167706,4.537491282741143,8.527998203184074,9.116344094741848,11.788328303789612,9.178984256232646,5.09876179154676,8.578321190613796,10.272606286190905,7.27466908843175,6.200102465748196,5.575767498426112,10.479718730907452,10.727496191404223,5.325854377824625,5.444812762321688,6.129809655679976,6.88212790448345,6.7271808551784895,6.962404399611234,8.80328224903455,12.662022266990585
BHS,8.887838933217061,5.9867933836299825,6.062137103987242,4.9313138339978035,4.812775954070979,5.190847940570465,4.505414441034053,6.192266811886305,4.4615854786425295,9.737986661839791,9.916198419502354,8.801471817206382,4.842947774402656,5.9982583279910004,0.0,5.127950096972311,6.0671380030250495,4.167773305200748,5.291103103762765,5.505405720717601,7.158309552500039,5.941238199558538,5.1328324915089425,10.428411337063613,4.516739564286365,5.254824900266752,4.8511019622463305,7.656918168231082,8.641337122896799,8.506146542743672,10.109139697180202,7.948632119810989,5.118154002537563,8.343519733622726,3.902182521216048,4.1544434636555545,3.991270460328397,5.30233467162828,5.257401204396486,6.7574654208271685,4.4532581538410545,4.947053583064615,6.223484809871098,4.825708837953861,7.662926704661106,4.113749038127545,4.375892366369902,11.007091767470868,4.628560001927367,4.666906941954235,4.2408712789630805,7.096555501392367,4.143590159308924,4.51878251904825,8.437333939530474,10.084257729978212,8.223795289126597,9.127687071296865,7.36592991250351,3.4775877803005275,6.598492906768016,6.059804024684785,4.075991148577374,8.129109382358964,5.120051042392454,7.9055054632813135,8.165811389551145,7.1148722655677785,7.150259718434775,6.537962433499126,4.180558798765165,4.753595201866385,4.56428716597625,5.844428190735653,6.097214382642726,8.239250548854594,6.132401023673043,9.447867820644635,6.050656186456713,6.859362694334835,4.8162007554782456,4.939626149525726,6.756505125361066,7.81425301025579,4.914360708901251,5.724174571061544,4.368334602690595,5.769340420806279,5.7208831787739465,9.172441144979539,5.348920615812269,5.7303847856622925,4.9321259387253145,10.657833297502188,4.777360179232345,3.0958505857596754,6.666358042140477,9.98093085997633,9.041075037664534,3.5635404858865525,9.329580384112456,5.961053038925407,6.757149935044764,11.643508532120089,6.597035767809972,4.816702858104246,4.9729168852140715,7.319490464680353,4.777384849981166,6.510342456570579,8.707743880497993,3.7603719032499074,5.425473658074548,6.406169020393632,5.929170774507699,4.0638399279410375,6.468531933071896,5.045669114532389,9.30185701704525,5.1991568726793105,5.76502482515421,9.744842395616564,7.277188498628274,8.596074360923057,6.066943935001029,8.775580603921783,9.781834819955165,4.872179841177829,5.155761309326647,6.675343191451906,5.131436718024928,5.126067023402264,4.580093141483383,7.202596260878575,8.27872941600687,11.587314789212831,8.760415597935047,6.579642154164429,8.682170796193155,11.591918113989456,6.823076797585341,4.789142211148091,6.114375946039453,10.558449762722017,10.37791339976485,5.260752508552932,3.8181441775905265,5.537382556619171,7.521248814733107,8.585304699330214,5.341890380444267,8.60651976784899,12.074702031095411
BIH,7.620772410493394,2.3788993167373107,4.915706016008384,4.140422488683561,2.301681687030942,4.353268604125069,3.4333440085770563,3.6667851966072837,4.202776032240003,8.475498495909399,7.978678130119468,6.345513484460665,2.5023856536924773,5.163791523753939,5.127950096972311,0.0,3.1271254036089964,4.055756341442662,4.725091822591078,4.243329687545347,5.279911927699077,4.186294542154497,4.900194762543022,8.838770310034166,4.134289014633897,4.810698584064859,3.435349859229963,4.8995063375012595,7.521064450729555,7.343553023526266,8.54790649172998,6.817385410915902,4.116338612986879,7.506557411401752,4.928688468088264,3.2591135374576385,4.253834712175626,3.7612245033583123,4.25282977481635,6.429331635137957,3.7897803096268694,4.150051089649536,4.546644098307748,3.8735151208218044,5.348169728081419,3.796013575318083,3.113234117867809,8.91987731154713,2.9686208540180203,4.402273153917997,4.0545708260735855,5.862625735746776,4.5981551136397805,2.356292320025557,6.5851979932555205,7.89650234213235,7.199623343448839,7.939842225675138,6.680031048182564,3.1085101999181064,5.26181142760539,4.7282374328340655,2.0400747014665397,6.6335380185628,2.9516674451650746,5.492272894221784,5.891244811415918,4.856438985052974,4.193083976281061,5.592043353623476,4.828140841496854,4.9698847003263875,3.3010492150455697,5.103464712963822,4.486664305786519,6.70754610928052,4.499249423485084,7.426513954699606,4.169275509789129,6.070690517887964,6.691263736079565,7.316157775528082,4.477467717799445,6.578697435278883,2.5428081266563143,6.511791992801285,2.3661631538097607,3.783547444368078,3.8894457318442095,8.044484259939225,7.411034770279148,4.435883281073188,1.5173679486529648,9.006502479053061,6.092536764982416,3.0755251860082797,4.43181921332242,8.296362323994588,7.223111220261688,3.3959301697015003,7.693838184476182,4.109023901403928,6.179312682103254,10.072854067853836,4.3601600385290205,4.556224075943077,3.9682672451107033,6.170822009820882,4.478552628935617,4.474666723678351,7.071709399776523,4.605915120555454,4.452155859275113,5.173352113874395,3.1785358130720898,2.911934714532026,4.313260240754375,5.357110932900029,9.674501550975029,2.433034016087111,3.600448842206639,8.420195178937696,7.156125226909953,7.139235340437084,5.621000900019976,7.642944214249758,8.531027746318127,3.619569210633445,1.4101752949395132,6.913764294436342,2.7885466390310087,3.2903968507638695,3.868879376412884,5.301711646300638,6.635409695218851,10.10162436327502,7.3251052129671335,4.59769464489444,5.963536085492924,8.9670324545009,4.768511548947985,3.23332819953957,3.7485072621154436,8.797987905086453,8.707049003552859,2.2922996766715382,3.4912413626599466,5.408698856536271,4.844176500578764,5.618181894004774,4.616205836513468,7.277259674794099,10.609102177775274
BLR,7.71810423183746,3.5417260399617456,4.095309509835623,4.072056796988605,3.3535678816824532,3.8758882757671214,2.9514845907051965,3.4791491444926974,3.6762522353185623,8.384105637682627,8.30037808094836,6.501582329682631,2.304011340765697,4.023631950015298,6.0671380030250495,3.1271254036089964,0.0,5.222305207388368,4.92020511667441,4.646488387325428,4.988376384509043,4.651267853674098,5.9022778167986685,9.178696738562167,4.012398173880263,3.9269972117491774,3.022870398003408,4.4671756514571195,7.435607783387692,7.348356379210369,8.549114955148184,7.562976429214371,4.644034869551496,8.225406836953734,6.132537173865665,4.194615839565906,4.498835977937853,2.295854427074906,3.365440992882934,7.401408202823701,3.292660053572544,4.090823107255541,5.028278999893294,4.115304724485855,5.2603629765967295,4.289426741656727,2.8993310055275625,9.071363676013315,2.870258601935282,5.037174208116499,4.314360084259612,5.97355257277116,4.286591802979959,3.0410964902753572,6.010345838066212,8.01584499314121,7.450056612288785,8.330778032802968,6.868314014897294,4.220048958103857,5.24566069740443,5.184584705143502,2.985609625114452,7.224597930593236,1.7778553321534682,5.000631452047238,6.191304100873622,3.758701272004954,3.528506025046848,6.125535517109047,4.4594487354500325,4.478100094994493,3.8377118587210552,4.4097080594607325,3.73887747661264,7.127771713960464,4.6649453039824715,6.395922708592793,2.9364804087237912,6.005799691497939,7.497384628925385,8.296503658272455,4.994476719917055,7.359673546191274,2.1851672661539014,6.094447899851075,2.5814312615725745,4.288510942555987,3.570949042558252,8.368461121523133,7.944415917543891,3.5316448526877786,2.9445850300372185,9.049464797037395,5.707399509300869,4.3419868404733215,3.7899340410566795,8.491022710136082,7.298016416752541,4.623588268925442,8.318382775986086,2.669277790588421,6.936280487081882,10.06965740421768,4.265472116780752,3.700876688554558,3.31453571985825,6.753662857448133,3.981372951859901,4.104389023915937,7.5129563148002045,5.336582551325343,4.173531110785958,4.852688576747634,2.188040420368378,3.393751938753353,4.031578678488868,6.087862876378581,8.411483625318025,2.395413077436598,2.8436278465985003,9.033433053556976,6.642130787757018,7.100068030830228,4.618013734382579,7.799107317935218,8.696665930538071,3.8283720038257645,1.914882744648119,7.771898003540085,2.5501228185880573,2.7173517574660058,3.5840345759053855,6.631567828701071,6.688308346225702,10.037521693820947,7.359030973950081,3.4481690905839426,6.113040222073989,9.36592589386355,5.581678577801793,4.246597257293826,3.388085538842874,8.536435747560668,8.733522274946226,2.5344669470840273,3.899179647981109,5.4517975703957084,4.245632652588572,4.632818852188588,5.508728418495836,7.297100692579913,10.297851956264818
BLZ,6.22228029549832,4.285155688038594,6.6082664404018585,4.899558224494901,3.2139700805186777,5.885840025312764,4.790420648517082,4.604394936346293,5.377287909598317,6.788091406433785,6.619429375306553,6.367569811815935,4.462450253773597,6.675784546328971,4.167773305200748,4.055756341442662,5.222305207388368,0.0,3.5409379011145137,5.131098237017146,6.713653476403754,3.2608037686741445,3.947916477066002,7.2598372986812985,5.482013603018529,5.668670224815974,4.590283220643249,6.756897917649481,5.897754679747874,5.77462967464375,7.196720454754438,5.541514567154553,4.135748215612596,5.313796045880343,2.7224754965823794,3.5836930867687986,4.38549128846567,5.197210434766238,6.013416698285659,5.0519831545191805,5.195136588909504,3.864924231738915,4.555845365090696,3.130514676174209,5.675649226867801,4.830828543600489,4.4818683942599655,7.850936695898961,4.93376413023494,2.575557152225272,5.105526200725734,5.3152114378587285,5.490751537606185,2.969655607280225,5.598753128937808,6.68615184124526,5.213785684439312,6.0297321029038855,5.623314604991653,4.2327641093340835,4.204165811871084,3.0389981180616137,3.84177853948279,5.261310414857892,4.644693015382278,5.873230822030207,5.8392296302899345,6.355892933071041,5.950122326585594,5.110943100120342,5.008817608094059,5.441381465276549,5.006407563613664,6.8309626410667255,5.096440187840503,5.349708278260754,3.3513984776341714,6.577193859606157,6.36609468369137,7.605798107461507,6.127581588634748,5.735458822254439,4.480070595147496,5.274052770112847,4.469530140128288,6.7505546739239914,4.18125953477625,3.722819030937265,4.070608275824139,6.02183887976145,4.604567153188329,4.749122822910181,3.731888474307256,7.356308750149039,5.508188231577543,3.0655586444858214,4.550669079279742,6.640650139276596,5.822637253180504,2.345521482058698,6.0293020949088465,4.906076374225157,4.141927863230105,8.445463112610499,3.5518589759686283,5.632442511196908,5.551647077575785,4.766084350611254,4.911162357821902,6.562829239595726,6.0829955864927046,2.906985314855258,4.048274069741894,4.4017528248936255,5.690602289638893,3.8927041289073347,4.2045258248814985,3.834880749549468,9.362745197134842,4.382714483939189,5.71402828403269,6.752749059219666,7.11763901828077,5.6241519156011615,6.898904108207231,5.589221071458671,6.694980270443181,3.2050916296446905,4.275024080656852,4.7970468392313075,4.591494361049896,4.532986665129219,5.213807681838871,4.350923965177982,5.565263833823229,8.352093323391918,5.656186470538119,5.301426220009232,5.55860518497423,9.434492148500599,4.34641201836625,3.051995448925802,5.245981441952962,7.532343480698057,7.246194809836134,4.4673703574269,3.918344751712635,6.757069099407497,5.205540326923929,6.215773669703753,4.563546164200837,5.8379962922902955,9.798085172566246
BOL,4.475574928272559,4.69845546642292,6.684532938179243,3.6081631992176977,3.3665351700240853,5.380988907626255,5.08259337422233,3.5758042854255767,5.829138037136542,5.825246519358938,5.639245829313601,5.088247346904889,4.733114115417755,6.65671719026114,5.291103103762765,4.725091822591078,4.92020511667441,3.5409379011145137,0.0,3.7012326624655323,6.582723853011881,3.703838518365806,3.746934652014763,6.312834238746222,5.177341833102587,5.870513216125943,3.9104803235684216,5.155026034704523,4.503496517411742,4.126601780507732,5.598390572330747,4.545796542921112,2.73568420849538,5.720587461628898,4.228638730346424,3.983906994908694,6.011431198866009,5.194982380380559,5.483355270964051,6.078019023351955,5.546578364242701,2.68819026911365,2.712767722035003,1.9256292907073198,4.1988468466405715,4.814141640696096,5.432037191255379,6.646720893058437,5.17378423912736,3.036321400637876,4.970694425962536,4.0653424890245535,5.193310104185838,3.554141189414666,4.243213249390058,5.940513109290403,4.712455834955328,5.678867258544213,4.416928544254806,4.911778771636186,3.218338205949024,2.6634397405954418,4.623019936461156,4.410300786841667,4.938260217415039,3.709369825613781,4.222759199701532,6.842994096167577,4.531863119785969,3.4561399521550755,5.61774660787275,5.131089435211368,4.917055637604407,5.92090204301019,3.954339589240182,4.160160333046605,3.092166973751768,6.066031318842463,5.901317593036526,7.182792121137032,6.946317609879565,5.805636889177722,4.159088703469364,4.961357161992159,5.086922844480578,8.16825799957561,5.06470436673695,2.820841330712196,4.234879563850009,5.077391598912794,6.281264807696254,3.201068752268008,4.781402104573378,6.245493057682561,6.917019807556391,4.537804098680042,3.9612890910287306,5.853051998354662,4.989035156640843,4.4856953389797045,5.407186399250319,4.237056928895519,3.8086249743768157,7.497084816017861,3.1237974430557425,5.906140771562727,5.506882129689651,4.335757070593421,4.766859268431193,6.071031384194311,4.587731089613477,3.3287093464579036,2.023322132499882,2.7563964000369103,5.505783080439549,4.564697906487439,3.1287988965977065,3.6851619666231117,8.745747265419148,4.2718344259129335,4.373671206733379,6.125161220966188,6.000381913431689,4.674164347759481,7.642416151260774,5.650059415531485,5.773851389008826,2.654807024198268,4.570102644947861,5.966287658738807,5.228070594095324,5.354158434583202,5.299167816671975,4.414158895825204,4.698187261908962,7.180096280501901,4.8007444875316505,4.585796109562873,4.708956721162166,9.180094297484814,5.876134287820531,3.115919847321779,4.145964821376616,6.134638683533784,6.052219403526014,4.156296727216018,4.085854786955321,5.844976946665063,3.7799491186337,5.669196110720803,3.41067194117088,4.6227667333933695,8.90569616800042
BRA,6.325322234531085,4.433821401935671,6.378826843344552,2.2181459743538743,3.6860091794425798,3.8705859271891563,4.420018640702495,4.456437599002457,4.816158223361289,7.435702289285522,7.403203694978892,5.401951536753987,4.254914836087103,6.567306987833833,5.505405720717601,4.243329687545347,4.646488387325428,5.131098237017146,3.7012326624655323,0.0,6.994921388661334,5.16113899649452,4.989070005096208,8.391787831824416,3.777198258168716,5.139176326315484,2.8354253591627323,3.4341189382529307,6.187659522646811,5.956334392411338,7.473630523610736,6.642570410379711,1.723070395688097,7.205316330699795,5.193246860360327,2.838109208141949,5.416267829896104,4.95168790523422,4.163126062411687,6.485594208730293,4.422823878295629,3.1815276795022784,3.0921738785969004,2.832465396037628,4.333784984718467,3.0799727578499234,5.099462773679803,7.74387114281179,4.155296546327235,5.2233490225714805,3.20217216194234,5.638376894545852,3.828739697050876,3.868824092095946,5.725242843615598,7.612033383843122,6.364714113041332,7.338775971173757,6.613134722667721,3.516021948476105,4.133970015690476,4.33340386212712,4.251228980625062,5.730581185782033,4.555646073943917,4.273755038256776,4.3548681342905375,6.354580257436068,3.49103780245494,4.7810870814838085,5.452619578929159,4.329117200566504,3.269721469980847,4.214229453634154,4.494835040797258,5.60993911044834,4.850281714983219,7.551195071807959,4.469564173431246,6.891630351265847,6.22842669504017,6.438534919749142,4.769733480579147,7.023860050402201,4.662458488465739,7.471348974433301,4.664135124070509,2.9011359124395,5.287636858726506,7.122848470046435,7.628441146883603,3.2406321877495063,4.491115712665111,8.236136428354495,6.519060607967273,4.922441041067476,5.3105599382129585,7.698714018241925,6.864532102946658,5.06111833612164,7.017248857426514,4.243203452107319,5.768535795618882,9.23225433773567,4.575098829277617,4.788738797177077,4.578953066014527,4.646748893436571,3.9468566699252956,6.102511446603269,5.4248332132296735,4.322952672923656,2.914617007505661,3.9585346859525226,4.705578814172851,3.6540788339596073,4.036823774084699,4.286107708438664,9.391263049113656,3.7911730640882153,3.225390284545518,7.636078030752417,6.19357252511986,6.080436518943358,6.742965589698385,7.708417796065344,7.571606041704654,3.3886396296990497,3.9804010355614095,6.530234322860679,4.9571026053319684,5.339253172509924,3.9982938803403645,6.161166880057747,5.275543227227673,9.34087659912328,6.687829039822355,4.574740544946376,6.251980838261314,9.710990774283273,6.909353262760975,2.9690482870469657,2.3236493773207587,7.735757579549373,7.717710532179809,2.9391770834296302,2.956949909755161,3.8106504891867066,4.633268133049766,6.033711662209436,3.4658609214367204,6.66998828962463,9.990599495399836
BRN,8.551895239386557,6.220181831786149,4.1270756033839495,6.775273738209769,5.613424695527858,5.307459868800357,4.899010910500436,4.159421307883039,5.590256466924714,9.84888586240632,9.317331688968538,8.608368888926687,5.516327361244263,4.031905814475337,7.158309552500039,5.279911927699077,4.988376384509043,6.713653476403754,6.582723853011881,6.994921388661334,0.0,5.819986113172432,6.401332401148473,10.48141951821027,5.600866529494864,5.7244300395301515,5.333622929700436,6.633451034641625,8.984915336118332,8.76918531350533,9.772580695617076,7.215062279739606,6.5807245944725095,9.913419582426958,7.4855061690390325,6.086152494411013,6.223529139019048,4.849976252019347,5.694680188173558,8.31829671274308,5.381299197001094,5.9428917446829335,5.8671855110798425,6.205653541940723,7.255651151553632,6.323365159370374,4.908195784313008,10.619250298180514,4.844365460495357,6.564022948753658,6.5657558048302995,5.441100673183727,6.689721070260345,5.876678905582541,7.942839156970006,8.931681064730068,8.976174435022466,9.720650565990265,5.585154497225858,6.459188030861448,7.326370392957992,6.981809236980066,5.447191400372367,9.0742494002222,5.146738675087174,7.112708154398685,8.451761260708912,4.533853228164908,6.169077581477559,5.746111715317929,5.457956398429618,5.944800377465609,6.29264363459935,6.549403468812183,5.2088803979185485,9.162147012311737,6.521118030756293,8.15441816715705,5.171045392644639,4.244031125538085,10.330302681383106,8.92065489182284,7.380049391151534,7.939897211803598,4.909793001414051,7.104940859362828,5.436120312752041,6.102260730895896,6.500352716708971,9.86491911321196,8.674935813358303,6.102126080241314,5.478283961967605,9.933229871891694,7.023452010146923,5.989866182370279,4.649729349440093,9.686293959863344,7.996251597961844,6.5073691093433546,9.737237683826276,4.876644334032003,7.4255010716065675,11.189420969585658,6.675958154345285,5.8850199768513285,4.639556358862012,8.919690529823193,5.694457314606615,3.6335138058214493,9.402871155238424,6.696503756219374,6.3170099572354,7.238082336376816,5.51090815811584,5.777383766835775,5.682094062688345,7.373881204036224,6.250649175289368,5.483919831406828,5.472209331753104,10.144717952549394,5.363343683237983,8.295573492140614,6.220649261681415,8.993759511070392,10.292794551559943,6.15691210835471,4.965151860296828,9.547742337773114,4.683714351639912,4.482114838175226,5.423315647564703,7.186935040079996,8.702847503255756,11.020269037360515,8.915294983472798,5.917949464555738,7.592966617752262,8.444631726219317,7.434637811423537,6.1910708467588185,5.770200200713665,10.00470692237711,10.020039895608935,6.108904811968393,6.442297864945727,7.458497429120078,6.340405015665487,6.639358853939459,6.6799017268021705,8.277848268232658,12.79539252875241
BTN,6.044765854281878,4.056769046315961,6.5255963168052125,4.936208928327773,3.5169162365278686,5.918956474510176,4.923950814557455,3.5692013285538677,5.924417905013009,6.59675524307692,6.046303460109382,5.85539801411345,4.824268218822338,6.41866373240624,5.941238199558538,4.186294542154497,4.651267853674098,3.2608037686741445,3.703838518365806,5.16113899649452,5.819986113172432,0.0,4.875379661869545,7.347126042222868,5.860874372330387,5.960277898038846,4.449138580125147,5.697459977762866,5.787523762878447,5.7018171641367275,6.959314674616594,6.135516012646118,4.293043458356939,6.152545189100746,4.1611903316325565,4.198891726888112,5.662102280391728,5.052108433859129,6.0737698347530085,6.390366676677915,5.599476438045221,3.756238572683109,4.086641948814374,3.259127126247901,5.221845011361869,5.400431286126327,5.05936892470586,7.263978265760322,5.0249236344078,3.165539759783387,5.763810789304877,5.394313562631599,6.058237864454548,3.7489211316212603,5.043669163938722,6.028364950963138,5.670292847627852,6.095239291721105,5.4420924058686495,5.367144718653212,3.9788551400845975,3.4806773343738477,4.271784432905804,5.614846867429931,4.6572469785248245,4.962993069451219,5.320368927286507,6.0846190204941815,5.092735969282001,4.9048210730908615,5.431358850793173,5.9562330069454115,5.4280132889203765,6.702032358730764,4.7250180880967365,5.6472272684237055,3.178997686178383,5.652188991507213,5.9357198964143025,7.22939872850633,7.927990001272528,7.159374723826048,4.355152838427535,5.254546386213592,4.779431167286933,7.805227144186617,4.782950946699176,3.1180988400535488,3.451907162124415,5.97213493603006,5.679908023586043,4.483992068864171,4.0830522654907675,6.699578062156351,6.574718144645586,4.576594049603098,3.758540105448509,6.366587761971616,5.510473051010543,3.9444387158355676,6.004551066698727,4.313090407663233,4.61876568869862,7.854698141361454,3.5800884007653444,6.023307872698571,5.473635565354153,5.487657089235122,5.088263646813876,5.96752332818179,5.9120293605975185,4.4736311993887625,3.9055909521252743,3.9525264273680065,5.4361881419841165,4.433393409336913,3.227452186916878,4.93637340818437,8.685275370405241,4.299204781255976,5.359615639464374,6.540140759280923,6.720762892956213,5.086000879394334,7.407286196397387,5.1746855995859535,6.659568184579859,3.05964226607195,4.2821396186826535,6.6038282056024515,4.676996211788385,4.5749277807262425,5.549345648214721,4.5461721307088805,5.652747406260553,7.870736071132798,5.547242867094767,3.945244260409509,4.9389235689929185,8.654404261513825,4.8686724305327065,3.368155643954772,4.881009668588533,7.009780349281325,6.90820360855931,4.475451568260115,4.532401557779748,7.34345408074765,4.232675428289173,4.880207462373077,5.371866311570956,5.761174088820843,9.312781867806258
BWA,5.25660762530374,5.952295796112321,6.9446266164966675,5.201888774588553,4.423470709236647,5.741686667509723,5.185614882303284,5.104434989964325,5.426178731889934,7.295753503151452,6.356195185168768,7.240019518897697,5.092784279149278,6.90123804923122,5.1328324915089425,4.900194762543022,5.9022778167986685,3.947916477066002,3.746934652014763,4.989070005096208,6.401332401148473,4.875379661869545,0.0,7.584833707404742,5.256717541770181,6.122437695664697,4.9226454906116635,6.718837467529,6.19601353545355,5.865588055203792,6.434839698492066,4.83533564392764,4.3956622074739915,7.048991611538297,4.07369419624342,4.326976899184631,5.548165825710765,5.573231173702543,5.893716979992725,4.442578680176836,5.351637711418946,4.620241306807931,4.3469212904004575,4.207293762269563,6.389051187443115,5.178430338827868,5.201303599034163,8.36019215816228,5.254063066045269,4.094106955152459,5.168330193329368,4.6371034525790495,5.661602962583359,4.389897650831582,6.309973746704442,6.532481400345533,6.10874583442934,6.622949074094687,3.9175140900091856,4.933202550286484,5.280375321843921,3.7426287844240425,4.783279320418221,5.90710405256859,5.285286440508049,6.318692237356666,6.3790119294472785,6.73498806611926,5.924024011322018,4.552693741267611,5.520641211900535,5.378636967267308,5.447004984432849,6.833608859032942,5.365300219750154,5.917385578849506,4.551207780578968,8.08409362902615,6.638715963131574,7.214462725326349,7.482773233543862,4.928746221786899,6.0294738775950325,3.7873923326868475,5.109746244367476,7.21855430402457,5.098068799238437,4.377639305276047,5.779620046702036,6.284668789953417,6.657451040213578,5.054896147756087,5.032075112308508,7.657049938469162,6.221428281349504,4.4223776713594445,4.991512551965138,6.5491991879036,5.686179649805961,4.449107646071611,6.181171686838777,5.566249637663285,2.950393050371542,8.87599974400226,4.376864054609481,5.726701703966649,5.706049149397447,6.021310580213008,5.442505511247131,6.394805785532314,6.50095315233508,3.589675249088827,4.249357286556542,4.960357490695899,6.1749998043510725,5.027738102706353,4.896528142466965,3.946956909255178,9.245945479292224,5.099046171112902,5.625978502955044,6.895118104252472,6.476894398373175,5.912811593544785,7.4289654484389525,6.596577222733788,7.531882676279012,4.1291331676524905,4.9920435689848075,6.084309322494776,5.014330942824239,5.338759191628146,5.101183426437526,3.4619197064421505,6.079699071544945,8.813951030984265,6.104831235338491,6.113272647176801,6.337847103922971,9.060080496487318,6.390679607756848,3.6375731613859306,5.180964492119821,8.116981955339352,7.541487038498875,5.12392223057449,4.954840157090069,6.671506473313301,5.785604459942178,7.138333388628691,3.0892709268748195,5.02278417290782,9.918622855487593
CAF,4.679261821850185,8.230440977381512,11.379260455205173,8.875584697561775,7.906410290073066,10.523371618923733,10.19810404264406,7.79916479784842,10.735547000820631,3.080235423877233,3.2510757625056383,5.97869570120285,9.063276251009459,11.043848268145435,10.428411337063613,8.838770310034166,9.178696738562167,7.2598372986812985,6.312834238746222,8.391787831824416,10.48141951821027,7.347126042222868,7.584833707404742,0.0,10.558525170516123,10.52185580979509,9.15715483737132,9.125407821880192,3.513785394883332,3.4624610048052937,3.7294157734151265,5.692436597615803,7.838067667227789,4.3274411339568415,8.279253349922401,8.717462376804251,10.414137522083077,10.01688684345659,10.65938523154485,7.266941004189845,10.4717873446338,7.441767461697894,6.97740512695966,7.146637617235423,6.688608482068402,10.320361766999381,10.098166272696952,3.9784867340162897,10.271172429645436,7.156937641356957,10.219561758540625,6.642850233352673,10.604041272532866,7.956680969237212,4.421825338147754,3.301130575230702,3.2914580597546257,3.403210636418439,6.719279136135529,9.998322587291769,5.721354217885108,5.8163702719914285,9.49855337977925,3.9492920832745875,9.514261211135306,6.398566026493763,6.2244898672169215,10.476067144309162,8.22576062103562,7.582990394804322,10.714713572468582,10.08382449233523,10.140445838849569,11.146704960804938,8.175812863746861,3.926958552552979,6.6436185792794795,6.240664325024675,10.810172760869037,11.617893356575555,10.630040279758576,10.386460737416838,7.397821653635565,5.929801924811886,9.56157460756858,12.177648704760099,9.641202679178917,7.050446218609107,7.884155968503911,3.6246621389857268,10.281335851571258,7.816465002869314,8.859686391907182,3.0782073449431584,11.037064869502837,9.53817797848071,7.251354453804678,3.4777529812148376,4.048063145984567,8.707014949724098,3.829046457379723,8.793571885939528,5.936910253881093,3.863341818632147,5.631270862326452,10.757350063803194,10.64579999455935,5.198928354590947,9.715993499860273,10.395459725516142,4.450982556426095,8.307888765751388,7.265376361331564,6.574434356345016,9.961692802058085,9.534361609252937,6.57343464704582,7.785352295962401,12.521464452059227,8.86755696823136,9.382292886945427,4.889993559617482,10.514365125707275,4.232164780929597,11.938306292730022,5.344402386664047,2.508820454435391,7.169747860184506,8.884220124287307,6.688422273163348,9.704171189966512,9.95124236394836,10.420070752550677,5.866415147892524,5.400098937388092,2.973417922201958,3.0434654525152047,8.740211564038214,5.202741180757386,9.05587779675895,7.705980476678914,7.649194829379254,8.403278710083047,4.088485505091833,3.873087862737733,8.666278353424968,9.041354341064496,10.730146102215866,6.66394229997238,7.552738327321598,7.5954244999954,4.631887809530468,8.209875874062101
CAN,8.095789008734224,5.367377264347165,4.192763089155258,3.4699746442878308,4.2829724056131315,1.3716913527828667,2.1568842547240954,4.791294226033162,2.4352915545565454,9.385423025624993,9.356326991235282,7.42826623654467,3.7475999680584096,4.730520369719514,4.516739564286365,4.134289014633897,4.012398173880263,5.482013603018529,5.177341833102587,3.777198258168716,5.600866529494864,5.860874372330387,5.256717541770181,10.558525170516123,0.0,3.0273864222773406,2.580142585700161,4.491075171729839,8.171909783790582,7.976354246040593,9.276738307277212,7.758793216112174,3.81822231737476,8.917836998130955,5.859379797282838,3.40671276950952,3.4837270879938904,3.0213908777557417,2.0145379216818156,7.458778843721304,2.4221318553692703,4.224826112897213,4.709554635300929,4.122687423233578,5.877859767556293,2.133497116201552,3.0096768133868412,10.020470889675178,2.1108911864921054,5.802641796287205,2.057018575244077,6.351303668275216,2.1688173496859537,3.8741243981392817,7.458028005473425,9.43476847938274,8.294634535855717,9.290760411959312,6.975602150627688,2.68546283490347,5.863962345155687,5.638416796235625,3.3428055937811223,8.019011406233313,3.419232868168642,6.076684323749089,6.665218587074495,4.60511851857135,4.40214253430029,5.626331711904482,3.2510529276682743,2.44762823238174,2.515804117201327,2.962984120680975,3.781882426803932,7.7619352577269165,5.433708527995886,8.489751891171293,2.739575805126126,5.6981889105166665,6.5964097441719005,6.408007078472097,5.617012414929605,8.059176887813106,3.2567333539992,5.066038316550139,3.5554055806142566,4.71793130835296,5.529868170637503,9.025667233633179,6.9928091774864365,3.987893636683322,4.371234114532057,10.149768541219967,4.730530452479917,4.021464630845876,5.18510130942768,9.489156082165488,8.30466957782938,4.657661538527993,8.93145265900236,3.515830210696298,6.769277305190636,11.171977454621182,5.78517940952101,2.582582636918679,2.2605549371801517,7.13413268468976,2.4094506496631363,4.898049934383229,7.889101301567882,4.282631972699908,4.281003777358038,5.341628982100903,3.663356252192454,2.766106399606725,5.147311964508451,5.262546801325824,7.575686532773209,3.531713552884657,2.8740448615658933,9.305026104422426,4.859172978411529,7.846733730830074,4.65787686239349,8.773747982696085,9.750009059661588,4.6523595766565276,3.4991712367485284,7.761497671718505,3.3758557423134823,3.3891682339071725,2.09563123428038,7.268158288115708,7.2777190498741655,11.268903494454648,8.455460587325156,4.503229552141452,7.531324054483907,10.464816614021187,7.252615938116892,4.16019036788518,3.452122886780562,9.582487652604476,9.470385575192852,3.561494959804359,3.5745227849344707,2.992194293977461,5.582403247922607,6.437604304644636,4.328904262731048,7.913696326532084,11.461855198118661
CHE,8.35879194430781,5.532797974190813,3.8444572607505734,4.815354057190609,4.6947931606363476,3.2010981114067287,2.376832932948011,4.978795375571702,2.5677539116412897,9.249020972499075,9.509829372127385,7.287407863418342,3.9558155040615546,4.292830016168546,5.254824900266752,4.810698584064859,3.9269972117491774,5.668670224815974,5.870513216125943,5.139176326315484,5.7244300395301515,5.960277898038846,6.122437695664697,10.52185580979509,3.0273864222773406,0.0,3.333161582212051,5.510072954573029,8.09726694352054,8.073827478615964,9.39448268115579,8.058945135454762,4.909531142942741,8.911563107998758,6.296532732248169,3.7513925012406224,3.069473448704173,2.9659210814621084,2.8948837668550995,7.2364988921725715,2.6035994380067775,4.419580544242907,5.724094405119946,4.686211393628882,5.983861163230697,3.7136137318105056,2.7148250258953777,10.099745292389981,2.9479541116361476,6.211339840840533,3.5491481284149002,6.345235336917228,3.232295055336563,3.983824379059366,7.042234323420584,9.382878534880255,8.075707538505435,9.433444452753594,7.266412463928556,4.017256041582974,5.745325793329093,5.769245911716792,3.944429182370352,8.046711655314176,3.3686336633554177,6.319623931822692,7.300329687312528,3.0565900105674606,5.216012923468724,6.482438803304837,3.8255990700636247,3.169197497505492,3.8022330853599327,4.033455590379261,4.0840645961256765,8.09861810929679,5.625028766313934,7.532599376619768,3.2565083364208536,6.062326521220398,7.025682576270247,7.849771829064377,5.524989569855011,8.414991373672137,2.971608916693662,4.1105059419874115,3.5597506643745254,5.372136308834575,5.241945993444817,9.277217048878384,7.210004246480376,4.0671991590306655,4.471512984546678,10.08087403081321,3.660528385188908,4.716155199557688,5.424082716787779,9.611994298801454,8.15774679235207,4.711031907749124,9.272925181619941,3.397184657427756,7.260802239967745,11.18106853332525,5.673887781672283,2.787689035904206,2.8424145428791165,7.391127906286231,3.210958012781632,5.186209949688425,8.344012853911192,4.501389935756447,4.800752826326244,5.534399583338799,3.9297057891648493,3.216620712062734,4.841236306624033,5.935161816937179,7.280795254339806,3.9225709966170483,4.301505989992108,9.309527039697231,5.846209841128692,7.710624182081869,3.1417796887686014,8.675538455627766,9.676881010938022,4.777667849321411,3.974410364324384,7.759479767824639,3.2241374901751523,2.9704257317928118,2.6670014865043727,7.634768209650216,7.663811228586461,11.145841496247556,8.324910480723675,4.2664531912835075,7.521943508839072,10.37959766188438,7.214080771447291,4.9978628497197475,4.216357197529302,9.419602273021397,9.322598311363652,4.525832880774065,4.191237569050507,4.5821272732627705,5.920140500303285,5.7018111627066626,5.741187203329356,7.759169304309104,11.461357535106824
CHL,6.741819673484537,3.7967995293110532,4.467524640322609,2.0582458242134245,2.627739263994219,2.6819831970683734,2.623303756082562,3.402061724690246,3.4840830880349962,8.25474042070409,8.156529025209526,5.970460268497333,3.3584892796773995,4.7927529124964465,4.8511019622463305,3.435349859229963,3.022870398003408,4.590283220643249,3.9104803235684216,2.8354253591627323,5.333622929700436,4.449138580125147,4.9226454906116635,9.15715483737132,2.580142585700161,3.333161582212051,0.0,3.865364782059655,7.04529983954892,6.784531490394321,8.150040921996581,6.8038516672219735,2.427621458029266,7.930321937415671,5.018531516863355,2.36359042599119,4.190608018009117,3.19587577249387,3.0086515725212624,6.845716287794892,3.0845244357928494,2.7226064571424895,3.550146943875632,2.8736176612761675,4.5731847413929465,2.340065017551375,3.314125164102417,8.674251879492452,2.50194421664956,4.928874234582434,3.018125631378503,5.057047883658751,3.23183612502271,2.7810644591781033,5.885627097291796,8.11190716712771,6.93701521631632,8.22470606265664,6.3404465958324225,3.0277111193186603,4.638028022239021,4.281588737240978,3.1879314894552326,6.407655673637754,3.0913841385787455,4.561180149317125,5.431140733421579,4.4407199361101775,3.0325233755610186,4.8304383929983,3.780063181620777,3.435907836382026,2.717614821245707,3.579246440134203,3.4028125433000356,6.691131218789407,4.332629860205987,7.002489946536894,2.806981272719851,6.053337876145793,6.477450692559386,6.771174722182612,4.52561721443861,7.167327041514,2.997925787638321,6.074141117898762,3.336614654394723,3.205853673785096,4.6237361227897615,7.9551404676692545,6.886944109422793,2.724545551009518,3.3349500578373235,8.830937298905868,5.237525110652514,3.7016667123077616,3.988726184655269,8.352887387125623,6.85100378996076,4.282807922191233,7.930819063473193,2.475007356662485,5.938657962141212,10.073014130603145,4.2556106615975535,3.631353724375887,2.972023080965229,5.731425450754576,2.8040096750639125,4.938843688159259,6.780899093922911,3.573378705261691,2.5683197538471427,4.253555627515972,3.5923281670624236,2.60279437886289,3.347826836624992,4.362059120670718,7.973809332640214,2.998729673083205,2.7411676917379744,8.265047982125644,5.302536953887013,6.644917109470496,5.037214895375196,7.898812139038105,8.332838374994656,3.3104969466502903,2.8352773307864627,7.222242765795989,3.3320582878037928,3.3313023952847165,2.7070103960180285,6.256810282947611,5.686186256618309,9.983116857529694,7.321143622173818,3.777258085137233,6.105891124614761,10.047084575446933,6.590741415992267,2.9316378873170863,1.9916600946761411,8.231228098749115,8.25979299022128,2.644360931573758,2.482995480395025,4.151967507380675,4.22716619756565,5.301989424399538,4.0309981201731535,6.791108226733271,9.952258701897977
CHN,7.215601291746548,5.140949925301909,6.010259715293048,4.1407318687485155,5.0310443001701755,4.1384603297875975,4.78905594149535,4.386573037927894,5.6512417712509535,7.901628081596269,7.642175364087872,4.869886383006112,4.951096096956935,6.420585151216969,7.656918168231082,4.8995063375012595,4.4671756514571195,6.756897917649481,5.155026034704523,3.4341189382529307,6.633451034641625,5.697459977762866,6.718837467529,9.125407821880192,4.491075171729839,5.510072954573029,3.865364782059655,0.0,6.793397283250777,6.659535880194875,7.810814931005197,7.53656212597191,3.871795131251289,8.363751063450096,7.332600264616638,4.862920420835102,6.613859165938809,4.841135554447629,4.260444936829704,8.41938979345506,5.415089148543219,4.424627075776327,4.053426150467508,4.106856028620495,4.124382376196864,4.604569841330086,5.80161301403709,7.624074543512067,4.71350441207059,6.6621592986576745,4.632872927070016,6.6136681704157185,4.92579224137139,5.110445164038482,5.911942212131736,7.918767354514107,7.479464502875118,8.27693745850516,7.307374799038703,5.318100777650671,4.692742597121133,5.494347402905793,5.155397840610841,6.823562504152584,4.938954127880109,3.465385545391629,4.107481291622114,5.894146174077528,2.9850319039880064,5.462674139836872,6.565006665140032,5.3133876939511895,4.075791763424363,4.009522968378396,4.228614738161348,6.300374462001463,5.521201366005898,6.800434991667559,3.756213061518765,6.712794541912825,8.463535157341827,8.484847236196048,4.5483727776687255,8.10422487936998,5.237998446783937,8.470579362938077,5.664829991420109,4.149109813817472,5.529437782042051,7.719878651814645,8.912077806461136,3.5949235364607315,5.487052240603842,8.425439586833951,7.8630941617564645,6.588349408797969,5.296084225898538,8.15841883631172,7.388597666343468,6.390636408391837,7.549236554435899,3.9302034627411895,7.219114088497816,9.249733033090074,5.28096650438088,5.554354591903364,4.874571134462313,6.164835381107826,4.766847503422766,5.686754396397068,5.872603395378919,6.101071737534132,4.159268132019409,4.203378090958079,4.231230758981245,4.576670821526998,4.559592412029758,6.704819890618126,8.735382311547296,4.035886340012189,2.8779639511613615,8.228617235650127,6.122790969550476,6.525756753535892,7.065530130089212,8.091052134988447,8.21112017953787,4.681778572295024,4.408308268707599,8.584699462253651,5.226716951108641,5.477973030233198,5.091831891063333,7.308406903339077,6.281938549364171,9.448404432461393,7.213207877551837,3.554643028653965,6.119697581989054,9.2820564445451,7.627033682277551,4.8267721753037165,3.127825543975743,7.5268264941846175,7.711154830359226,3.7915137270018566,5.18269879573773,4.477930864457849,4.356934644508421,4.735075218336362,5.150118121444066,7.038097319244728,10.34001646007558
CIV,3.7597531759926097,7.081441814315639,9.427092649358716,6.83591391473041,6.5433743467598315,8.060420246877177,7.951716361403112,6.201702297372432,8.474398166034183,1.7627674112376606,3.0091581693394422,4.334606110029392,7.304704611915922,9.146635341935342,8.641337122896799,7.521064450729555,7.435607783387692,5.897754679747874,4.503496517411742,6.187659522646811,8.984915336118332,5.787523762878447,6.19601353545355,3.513785394883332,8.171909783790582,8.09726694352054,7.04529983954892,6.793397283250777,0.0,1.0421497891104943,3.1980784482287747,5.222840627185377,5.6928726126157745,3.8203066983434693,6.93434300301694,6.6681556533980055,8.305798554113462,7.848797401967246,8.255455066199332,6.361235109307834,8.245104393179714,5.22509493097541,5.0095467001553144,4.860628101506629,4.700700481849165,8.084970243947469,8.184041594780838,3.4622899899552,8.168781100552376,5.849855019098665,7.814684810321006,5.582479841490671,8.107504768506457,6.362241352809832,2.5547206629186463,3.507413862709773,2.264365506495918,3.048799170392156,5.499488369548899,8.040916297371055,3.028999960216951,4.122298954728705,7.7155200888657465,3.395856182070139,7.594670149202044,4.409007730429933,4.424153314310888,8.483613982209064,6.380153293026516,5.92228789842991,8.548927198504053,7.5492724343694,7.9530183041570925,8.616320708897153,5.9581385463597645,2.3331769232122124,4.9703873927212046,4.816554206374676,8.52146605279832,9.71897223597173,9.05383665807984,8.660495424406301,5.515796321618149,5.777506786242588,7.7539326939576085,10.070154355534335,7.9297620861389335,5.179304296947914,6.185248530497052,2.7430568463901053,8.45504340511981,5.461022282504621,7.5441762953945934,3.1088049517893777,8.816312517080203,8.089479566950102,5.824549186384688,3.4507789218594502,3.6145251683356308,7.054779549115746,3.187896722861661,6.570221713070088,4.732418950850803,3.8012444285846265,4.159048506045623,8.37918831293307,8.327957181214673,3.8109371653746975,7.185102108973757,8.678975582259534,2.6074701030139398,6.335872803901602,5.1113823088955925,4.032871081730712,8.00389003080079,7.353261350168188,4.674668316375911,6.228594845096928,10.10666897586348,6.896618316395666,7.238632665292931,4.304009561922677,8.129555889284465,2.051815169349353,9.838421610722026,4.244649420056221,2.468908057188351,5.20955854931117,7.260831662791603,5.53592627976725,7.85071119591282,8.001294698950357,8.149390885043953,5.548194760145633,4.2410934410294825,3.693818067151828,1.5090738653190217,6.268579326891808,4.536612208164462,8.439645151789849,6.875459287814317,5.916837896424901,6.31239700467646,3.110957115090223,2.9710677531435383,6.913578821118388,7.052386878220919,8.22637129308741,4.974245567303425,5.721847724701006,5.894620149004314,3.437585943028776,8.178735229600278
CMR,3.2335942755381994,6.869338233421053,9.351146687810965,6.521811735002794,6.244141908076937,7.865925900984866,7.863878654857162,5.900470150256877,8.461681399815944,2.2693270831601873,3.006260512793516,4.21453419721111,7.281762674098254,9.124228662904686,8.506146542743672,7.343553023526266,7.348356379210369,5.77462967464375,4.126601780507732,5.956334392411338,8.76918531350533,5.7018171641367275,5.865588055203792,3.4624610048052937,7.976354246040593,8.073827478615964,6.784531490394321,6.659535880194875,1.0421497891104943,0.0,2.8388482095320713,4.730218439730351,5.36472598871454,3.9232701994782606,6.834631977376334,6.507923599991982,8.327533109708826,7.8013790869458,8.13422058483901,6.488345429256212,8.16085593809114,5.043146834566121,4.618235748249772,4.669214853963218,4.446679098324778,7.907298190667992,8.101370315997302,3.3952562730708777,7.990226381131019,5.684369870900535,7.703396698218127,5.085093281734974,8.023556316593789,6.1787556679034,2.5527292344257173,3.5463446857732737,2.2857351942475663,3.1533008049616944,5.134557650394279,7.897899390116649,3.183000969733927,3.93898923213034,7.602759553882532,3.1372865317359935,7.558544371578187,4.152387355922352,4.2631687953204995,8.483381621210228,6.092069374824644,5.5729889800877785,8.359465220198267,7.387971252768768,7.831466117855543,8.47234031724743,5.7783324868692505,2.11905218823439,4.6590668106714865,5.103119782154631,8.38322648319347,9.639257836911012,9.107817950505535,8.473375358442269,5.364880729771658,5.553893699816156,7.658537459710958,10.193875244857002,7.838387928318575,4.988338157518882,6.216592316677956,2.7044325072549174,8.481687069292516,5.42104148149712,7.435388402925857,3.1621086601503174,8.906605851540574,7.8659159657285125,5.5984675552859615,3.4203073085969553,3.301476892269046,7.071732847378689,2.9874328198664344,6.475451923010095,4.387826581804832,4.016417656400665,3.9148203599273863,8.390987785906514,8.168283515024264,3.7519606333413016,7.001554232091913,8.524235355455726,2.585613385775332,6.124399322990844,4.7586197731104445,4.002060281155757,7.951600407824257,7.309897199237218,4.414660249576487,5.854419163757288,10.026733999005963,6.820806896980651,7.050194000477809,4.162448203678817,7.805484205959824,2.2197474257897283,9.949259092453962,4.325324473900707,2.5438111169970616,5.187518763378262,7.134098182838159,5.660494771724453,7.767333066130929,7.904587243369009,7.996303749838636,5.2148486794810935,3.873292227791701,3.8132975698295617,1.7651398564425627,6.35840263580091,4.085556330374288,8.378363704257538,6.838806617607124,5.737774855657354,6.110608716491776,2.9280634642692447,2.764548133462384,6.779168108259443,6.900254869305852,8.087331261872412,4.577208346304701,5.824413707418333,5.545802959570368,3.2162993161727664,8.006968691557143
COD,3.1203295346817637,8.387724118155985,10.502851132420647,8.071227027530867,7.595896020329858,9.29227867339324,9.103328003780085,7.108122346862975,9.644848417091636,3.6554176964499336,2.4959368901565764,5.589176169120307,8.594306584980295,10.398078792869132,10.109139697180202,8.54790649172998,8.549114955148184,7.196720454754438,5.598390572330747,7.473630523610736,9.772580695617076,6.959314674616594,6.434839698492066,3.7294157734151265,9.276738307277212,9.39448268115579,8.150040921996581,7.810814931005197,3.1980784482287747,2.8388482095320713,0.0,5.141024806131033,6.879015100785295,5.7591152988301175,8.098277187845857,8.026095472160122,9.710237190135285,8.912260721096182,9.3605347605118,7.121159649225309,9.499674608664852,6.750350419418031,5.910012223826429,6.343442302575324,5.971631103497313,9.265769195637366,9.346110885611433,3.945483236712371,9.321150713464453,7.036249113156824,9.063107970109765,6.050907140580686,9.42106167403808,7.512254723091267,4.016346816228807,3.1450407908108753,4.122013706537437,4.380351612361137,5.579435045165218,9.33182939074193,5.205579814872766,4.878710913383714,8.897653145525378,4.539847115722123,8.70464177615116,5.544179449267334,5.303366280832555,9.447663017357778,7.25558673521064,6.339497614190021,9.827915008622545,8.79861587749811,9.192344709367214,9.902997209161878,7.097411698777663,3.7877047239239103,5.54514613956774,6.084082898304384,9.70329067970783,10.835330565541286,10.735509282029366,9.374347640590582,6.672437306803019,5.12746242754817,8.889305481578816,11.415228412057152,9.14849119841655,6.195120629587557,7.640068172682248,2.8197286319160826,9.614547638984908,6.709147930230708,8.703369127221542,3.1263315152379563,10.191667987148685,9.1253822482326,6.510595171536924,2.5319229340216003,3.4307226191299356,8.390858210625852,3.0926923561368023,7.687445153738985,4.832528196590688,4.119805939519169,5.002756408088733,9.637812892733095,9.580491125475362,5.603521651719395,8.659262602764253,9.630238278459306,3.9981657143049776,7.401917848689203,6.1520074579025055,5.266952343318222,9.136399147299388,8.743059710551975,5.806794334151689,6.826196656974524,11.01438767413279,8.127126687507577,8.3880811960865,4.283298401848021,8.788334521922419,3.412677771175364,11.158777372226567,5.077416139430259,4.025988341752144,6.606188725386089,8.37215718682667,7.429593988809536,8.762831076879685,8.981962769634393,9.251390193541154,5.504595230849167,4.988149070498898,3.926565292224205,3.0682424699130753,7.538997974206972,4.630037342559779,8.751937292946941,8.116108136616685,6.90405039721791,7.44313524278814,3.679558160997988,2.903243172608301,8.089939954408326,8.650189588355124,9.714125147415052,5.624846700755438,6.557290005745564,6.495479689516542,2.4948557185022437,7.923167460469909
COG,4.224892790481624,6.884332165502341,8.203951713409884,7.244549864276329,5.831450297386951,7.965049228639003,7.681296315451918,5.305608253318518,8.174664814404007,6.040668211972107,5.24553114344388,6.443458682814008,7.298144756257782,8.561446345879414,7.948632119810989,6.817385410915902,7.562976429214371,5.541514567154553,4.545796542921112,6.642570410379711,7.215062279739606,6.135516012646118,4.83533564392764,5.692436597615803,7.758793216112174,8.058945135454762,6.8038516672219735,7.53656212597191,5.222840627185377,4.730218439730351,5.141024806131033,0.0,5.673059370937372,6.330276127756134,6.288753413186831,6.397550619876522,8.03423499691176,7.79197339343204,8.232833807516613,6.019573436387612,8.042358079008798,5.898961844388194,4.456724911343457,5.3041468493270445,6.204538485496588,7.572726676846947,7.672578711250947,6.820352639990696,7.727832867876213,5.45005974047046,7.788573970281829,3.2127539027298306,8.302792627353115,6.150055845487404,5.427694894433684,5.196753253994508,4.989038223588544,5.863348185147264,3.3021207773724908,7.447433048605723,5.515292023469223,4.246623989996751,7.298466380446412,5.134258660130548,7.526225929235038,5.783099575249098,6.008551300819555,8.100863536025914,7.131699443776121,3.7316314773559998,8.127112778083793,7.670657375691758,7.7210177573224525,8.88786068270681,6.430905256495848,5.232684565383701,5.376305967486339,7.032701032999203,8.50709365940305,8.093519663777288,9.91210728657576,7.362889743906429,6.431632833050481,4.9173668527578105,7.31895426879886,9.79637872404048,7.53023104073946,5.330345954857854,7.240214385737064,5.320684667305593,8.132821637054386,6.1657355946663674,6.869058017684714,5.7646807125421,8.745288802937676,6.91228189815294,5.4866669354872295,5.229264032452953,4.207799850399101,6.835745922146104,5.392199583763213,6.592402759260378,4.07122660429968,7.32819715862443,4.7331571214916055,8.346172705491703,7.972298927809967,5.514508375936864,7.468891201254312,7.5172952309718,5.743170395460599,5.562046689277201,5.275676368061537,5.574372885143886,8.157238639312066,7.321310723574083,5.204620868223936,5.452744998247815,9.373907600768861,7.091249751841599,7.342680597072795,5.8990986599627435,6.97887407903467,5.093928712706126,9.456621378109322,6.195481147078066,6.092547513411357,5.671696911010042,6.955265567518203,6.992157418126946,7.395609453886072,7.529477728161478,7.751836263961311,4.508730491355636,5.889211305406795,6.653049353196207,5.213869938330468,7.210894490536827,5.272802060456483,7.728721325675034,7.439651042702859,5.553701211434263,6.562353063998049,6.375603911017278,5.747509697012026,7.024080102452178,7.165504080653542,8.649861119832119,5.906929902867589,7.011319589210045,5.26373733347238,4.56077885930278,10.918881650425591
COL,5.461047974917883,4.176836345511284,6.240401194596771,2.2189246566625878,2.9258726557967596,4.026291050398246,4.28291453180378,3.8204784199350765,4.968657384547658,6.993526354660054,6.868461661375636,4.970136452839284,4.455376165004738,6.579251531433466,5.118154002537563,4.116338612986879,4.644034869551496,4.135748215612596,2.73568420849538,1.723070395688097,6.5807245944725095,4.293043458356939,4.3956622074739915,7.838067667227789,3.81822231737476,4.909531142942741,2.427621458029266,3.871795131251289,5.6928726126157745,5.36472598871454,6.879015100785295,5.673059370937372,0.0,6.584695086374443,4.479143275169566,2.359307682258868,5.177300063557707,4.884699939654073,4.517661159610553,6.210113103908096,4.619201733649147,2.5447532122097174,2.227610776023468,1.9250348677779097,3.854306632672702,3.0695137027534747,4.878419224523733,7.255973083726534,4.134014259227644,4.531001522638387,3.599752389292152,4.679617187277649,4.177106637301578,3.256537577497106,5.151262222296496,7.080150304787415,5.672242895814387,6.885097847864969,5.837051354188686,3.5588828726335793,3.576640061243888,3.240956900595514,4.167736721171275,5.018658492239769,4.5935336763957295,3.8707336728420727,4.04644178884976,6.1041277751887,3.514913840401239,3.842712899111284,5.05561864511348,4.300224473933414,3.501327096156059,4.734071878523601,3.9642020189464287,5.103785932352784,3.9016286004459584,6.965659491166718,4.715858010449761,6.998138514672832,6.373434657204795,6.021209724488838,3.974744507951522,6.37115334331451,4.4901366237965945,7.382151195945434,4.615079695728936,2.328731853038926,5.021421455381485,6.462287776340176,6.599975013893185,2.9667469404673987,4.2100644903425914,7.553562229081832,6.235295632630092,4.292432834320271,4.502942017520808,7.0937501304898865,5.957746077522079,4.502574584976884,6.415459503676961,3.7591358242024775,4.804141863264628,8.777573787617781,3.826898970674384,5.0385427684981945,4.591882095566107,4.111373729113229,3.6783721909782483,6.168050353121612,5.036152282043854,3.216305719634194,1.9771991368330764,3.4255240056478065,5.024204894170778,3.5095532430403185,3.140702444793869,3.371103542645403,8.799069655576746,3.8730373127459785,3.639807678708586,6.802604015031766,5.525641080333715,5.501896266306336,6.828499992366315,6.982464003549673,6.949850756277491,2.9129439034458464,3.983686450257559,6.193352466070508,4.808655217907282,4.955216002113725,4.108056401004523,5.3750800041790505,4.533779201536744,8.687022539968943,6.160985131022014,4.390580929944652,5.380594557260425,9.593436396826226,6.572396134840132,2.274395288136094,2.4635236795863245,7.094544796758302,6.948957262672062,3.243894741256565,2.8839494341589162,4.431847947271739,4.031430273345422,5.64191081252559,3.1002825868068373,5.8699673621571495,9.497100427240515
COM,5.975949915254483,6.849867828091103,10.376043295394506,7.581206309747273,6.755235908607859,8.869291941536579,8.616534843142526,7.353090385184326,9.107286419468466,3.4920729888835003,4.922164429241052,5.760557426458614,7.773109922729349,10.082341280219953,8.343519733622726,7.506557411401752,8.225406836953734,5.313796045880343,5.720587461628898,7.205316330699795,9.913419582426958,6.152545189100746,7.048991611538297,4.3274411339568415,8.917836998130955,8.911563107998758,7.930321937415671,8.363751063450096,3.8203066983434693,3.9232701994782606,5.7591152988301175,6.330276127756134,6.584695086374443,0.0,6.595385620037054,6.970913787083634,8.151579561269939,8.716911036717852,9.247457104549156,6.752328000164373,8.742919375537165,6.4091802205749095,6.291604171523862,5.792442188848471,6.144714466505274,8.62606966860774,8.392084463418941,4.794802654363719,8.578109443272671,5.828678315379086,8.39395335155887,6.932903101721785,8.849326394226571,6.476944498359638,4.921678960222093,5.218148916100898,2.8568804597942674,2.7181349951251987,7.236738318703743,8.009828161239394,4.438182992772913,5.088994554899538,7.820823061095408,4.309358295072574,8.241773389150165,6.376190058063678,5.987488933835907,9.38967366267378,7.6412466852031455,7.425370061932866,8.616281840260655,8.207913672636593,8.478002930993576,9.649359916472436,7.207928946947505,3.4751080623805124,5.599451633737733,6.415562668079087,9.502554190787293,10.830814316051729,8.522753484805751,9.065436228970214,5.906813435371243,6.783839740608934,8.130344159790756,10.127459667379174,8.041135656995673,6.233854738648006,6.483646150781521,4.07212262330922,8.030699179011714,7.208668621316488,7.526642506132505,4.925120947505889,8.875182347591132,7.734720681867424,6.80251164485176,4.882168895885211,5.145963328319093,6.856125904700488,3.8792777277535815,7.879586613855893,5.71726255882652,4.978471138798242,4.978649175188307,9.039286590815841,8.932000974818228,3.8138266559243204,7.612501884987615,9.679294814997071,4.192377557347512,6.891928182492085,6.477016236664316,5.876744644520567,8.806053347145411,7.6651996722110995,5.874423441408114,6.469963912805929,11.521131661251147,7.607964976323036,8.416434736978006,4.779059942663334,9.47845598361506,4.25890982484819,10.518292178280133,3.9829458968678795,3.3179849584285557,5.991259533453109,7.619613016317464,3.853381847421469,8.471500380980705,8.451761507829447,8.764518616704926,6.082352158258617,4.898180774114186,5.142005638295782,3.375986128000065,7.642483918249991,5.203251847252872,9.039389097973084,5.699655054947769,6.408180326638443,7.489718390471351,4.876389624750928,4.636765434080259,7.433929096852458,7.155810837461282,9.058927501266073,6.1408718090821655,7.187260762351517,7.0678749899636495,5.820337982395849,9.05847365521901
CPV,6.828237546266362,5.29703668035098,7.159636170826311,5.101804329693615,4.2720666563555865,6.375922773291153,5.409918496982664,5.781771979570939,5.6284407398985214,7.768071267797351,7.523972818921255,7.705020739515059,5.272575761616496,7.157084920119324,3.902182521216048,4.928688468088264,6.132537173865665,2.7224754965823794,4.228638730346424,5.193246860360327,7.4855061690390325,4.1611903316325565,4.07369419624342,8.279253349922401,5.859379797282838,6.296532732248169,5.018531516863355,7.332600264616638,6.93434300301694,6.834631977376334,8.098277187845857,6.288753413186831,4.479143275169566,6.595385620037054,0.0,3.8319137127718204,5.077933750817192,5.983069444221804,6.475692827685938,5.066276795625097,5.56966255962108,4.83192619228857,5.132447817201751,4.023794711398915,7.216946073319548,4.7607382644084835,5.301806643986636,8.938780092488981,5.4948435740283506,3.2454504919082487,5.217482495225673,6.137224493598433,5.6231758455708425,4.324994491813562,6.8752439851745955,7.6733458513845765,6.212722933775675,6.878931524422826,6.256096761853675,4.2642721498659375,5.333162623434723,3.908958864580011,4.507677697678814,6.154923364496066,5.459058812133007,6.970293901952442,6.756469349664545,7.495742684586676,6.871012157733558,5.546669806803812,5.31681560654977,5.936216551585019,5.254031256195103,7.058653907546556,6.402256948362638,6.642714318251084,5.06638483715299,7.96549855139322,6.966678733890731,7.6521165703484835,5.869421452268824,4.320298245767554,6.091722233144113,5.5157805617415105,5.483158904111682,7.04812448118528,5.007373075832143,4.28759704813909,5.338998476591139,6.7851477338200565,4.46813904301312,5.438171449312477,4.548700295323574,8.325675438776466,5.694691479946589,3.4743341215926673,5.809186773002308,7.444508702130414,6.783532054549552,3.513615279076301,7.013446852932859,5.877235160926277,4.649714993059175,9.501103766145885,4.846382191490578,5.828257662386702,6.071504369798742,5.469496524041801,5.6256806196633855,7.153527167048955,7.046247430554736,3.3601783930514943,4.473889846802503,5.250250995569302,6.602887419352649,4.467115172319854,5.339320857631041,3.793773202950449,9.90514415280226,5.485049638232959,6.406454676661432,7.284679656082601,7.635946121988715,6.418142829553932,7.252459215902196,6.494956472153745,7.7366926058400844,3.602978214152587,5.264391557681217,5.420643067299705,5.648184796849076,5.610185044728623,5.461279690907181,5.356379874219253,6.455111799550605,9.453557714864726,6.817958884597452,5.97742646370595,7.343964396275291,10.518520835104148,6.186049130496956,3.34780781480551,5.820528070736515,8.763931455908143,8.400362260395084,5.134367590643425,3.9331948933557324,7.253869992112721,6.7011069787372515,7.556630371439902,5.06416216452023,6.809781333926573,10.598857945230183
CRI,6.706623952292344,3.6877590386299977,5.500805614813177,3.1341084713109457,2.5979179272630932,3.6768775992679164,3.326124601238034,4.196706226235385,3.7421022805760646,7.83046056801601,7.762700398378214,6.014772939064744,3.5491983104461924,5.7422654736996295,4.1544434636555545,3.2591135374576385,4.194615839565906,3.5836930867687986,3.983906994908694,2.838109208141949,6.086152494411013,4.198891726888112,4.326976899184631,8.717462376804251,3.40671276950952,3.7513925012406224,2.36359042599119,4.862920420835102,6.6681556533980055,6.507923599991982,8.026095472160122,6.397550619876522,2.359307682258868,6.970913787083634,3.8319137127718204,0.0,3.4780076388834207,4.210148943145424,4.096755669157673,5.365132233085392,3.299981000873598,3.036089160964329,3.6771616802763645,2.7484314367957228,4.965619773625005,2.5134613702791078,3.439703640818078,8.481838412060323,3.0914672442850697,4.499440622087756,3.013862550390936,5.178054913213296,3.6789045249741488,2.6194753816421397,6.040519103084005,7.797180308917021,6.250328487868974,7.472036416357178,6.292582923778348,2.4199488421880004,4.219868831473762,3.7785134337957964,3.1216703792275253,5.90022114794346,3.72900757438034,5.33635182042464,5.6543341384274886,5.03490619673401,4.334882202001043,4.9212091626661945,4.0082294984295235,3.7385787678570774,3.0088108725162876,4.607888191590638,4.444621368456598,6.245537274374381,4.368735125348421,7.420433157192487,4.331786577821234,6.387346375437751,5.778680265463382,6.076916114737799,4.431445150511731,6.663227496638222,3.2274219889072846,5.747583789884347,3.228028892286938,3.0804908812043097,4.720217098027356,7.50625156248559,6.300801578936412,3.6823082667539477,3.000893135923397,8.61163532382527,4.610112021019597,3.2345918610415008,4.882295829366764,7.988662553239219,6.712349618657383,3.440180550801528,7.314642140529511,3.8632025557135004,5.292416631458343,9.768848320396403,4.159334339215165,3.9669396514114696,3.7059841805768814,4.976386030062301,3.1698551714154544,5.670724447249347,6.429448525128345,2.980607405697661,3.242358806206917,4.4424256804177364,4.516863263080377,2.426819077080713,3.57518444391247,3.576659980119339,8.843443016454968,3.402252336327776,4.103757566211977,7.634542296301267,6.132433370423568,6.257095724108165,5.384671918305782,7.328191257496303,7.942497354601926,2.789561833460328,3.20367441231966,5.68118793029215,3.7480233279330535,3.866118025998599,2.9350351438689737,5.535070477427439,5.6539176131135855,9.799426486046675,6.866798077016841,4.501350737184946,6.242911399516574,9.422606320723723,5.8849626157951125,2.253053393844333,2.9295359444912505,8.32031639891129,8.073006158303976,3.1131756837033877,1.8316229446285377,4.632420460648636,5.041443991382203,5.959032872012635,3.963610579684653,6.678423044811423,10.404359287039995
CYP,8.760045078162753,5.384323399055647,4.8688529668153775,5.297765036095618,4.556495280554585,3.982732691723238,2.8382676542020175,5.65315973899822,2.358702543382951,9.251953970224788,9.446915221121893,8.160839815432352,3.695340243454184,5.174691103102225,3.991270460328397,4.253834712175626,4.498835977937853,4.38549128846567,6.011431198866009,5.416267829896104,6.223529139019048,5.662102280391728,5.548165825710765,10.414137522083077,3.4837270879938904,3.069473448704173,4.190608018009117,6.613859165938809,8.305798554113462,8.327533109708826,9.710237190135285,8.03423499691176,5.177300063557707,8.151579561269939,5.077933750817192,3.4780076388834207,0.0,3.578783455780117,3.9807622713620727,6.168612388582974,2.5313389771631485,5.084011747888513,6.041751293764804,4.80577008145307,6.918083235816127,3.6493702781279467,2.0930298251749235,10.407782603855383,3.0609976888716206,5.4031026752626845,3.441191214470629,6.916284849860243,3.633803520129965,3.656756369239232,7.697548060958775,9.303519200815586,7.940499315591822,8.854165635032672,7.450502466724177,2.9710793337797097,6.046750870210735,5.606596736226821,3.2206221156751464,8.180753558260285,3.3503291960080817,7.408183813282148,7.762892521095374,4.234466431917552,6.17357803712116,6.7553527260701784,3.244614751392343,3.56521785025059,3.933149708745527,5.259605320511187,5.139249428688341,8.019156057608258,5.485257696737652,8.31740042517252,4.599991560771462,6.567198573704945,6.202584000300455,6.81074309043142,5.988670052457397,7.891517101994916,2.8243644626773268,2.913079593420679,2.806464711693924,5.34961527217742,5.203121952224837,9.057195558429347,5.952501127880897,5.168756293187383,3.8136137761374935,10.230075592084885,2.369571310467456,3.387099149823016,5.720976498054628,9.38315940756021,8.382048177255289,3.4066741721687164,8.918766073693824,4.5209734140959155,6.7917436141110015,11.156303201557497,5.684754631747122,2.658747235643049,3.4452660649421656,7.085780706004705,3.44772892820894,5.848105077062786,8.491064658970933,4.378210945826199,5.506854661100292,6.068055084952856,4.498738985585755,2.8397619735702344,5.599608383755774,5.321849686116528,8.294561550358905,4.096884015553837,5.118504242567309,9.30247795618249,6.56047389000619,7.865737289814091,3.8072969662801546,8.165932326084036,9.717805620427773,4.676117287798998,3.748843443218799,6.404668329394946,3.1599934115251225,2.9587572265231854,2.8750143632782184,7.1238989894300095,7.705278860170614,11.311247598409734,8.266084545667828,5.203736676492613,7.810630931259836,10.141886815043224,5.953431611622946,4.445448149362864,5.005227339408724,9.997926012549842,9.731344036372178,4.382355154087914,3.819305094499673,5.306327790877488,6.523750283472559,6.7002239448668846,5.643854100991458,8.181146076574409,12.042192401880966
CZE,8.14236567758965,4.795064389768078,3.245560707834529,4.407876555614407,4.200315102749615,3.045531420380568,1.4629628325995152,4.150666964720318,2.237796976770097,8.897153638887444,8.784646631613267,7.265389497174904,2.3957448972985773,3.2137439709699596,5.30233467162828,3.7612245033583123,2.295854427074906,5.197210434766238,5.194982380380559,4.95168790523422,4.849976252019347,5.052108433859129,5.573231173702543,10.01688684345659,3.0213908777557417,2.9659210814621084,3.19587577249387,4.841135554447629,7.848797401967246,7.8013790869458,8.912260721096182,7.79197339343204,4.884699939654073,8.716911036717852,5.983069444221804,4.210148943145424,3.578783455780117,0.0,2.0933510972509755,7.491105908978629,2.2416533119923,4.220093824815601,5.3088253402721035,4.202181641357285,5.9859195944127315,3.709460862063623,2.1331822560261404,9.783269739163908,2.208018800730092,5.128908771416145,3.2897803854463876,6.433141337146308,3.0339883117257944,3.5336994550311727,6.8056361569010155,8.71761979632852,8.048992928737478,8.865533146364067,6.724881345297982,3.7701289967039533,5.539817197695411,5.447706657181096,2.5910155067905216,8.068370408378874,1.4475407565633134,5.800517120500785,6.780527730571697,3.430611852496409,4.61431335513194,5.965827388301846,3.596216509237458,3.266593616095798,3.1838401541564867,3.5627831864389963,3.6979542901554705,7.671872841641483,4.8457652061040974,6.987280048202933,2.5465608144387026,5.248847229858025,7.2463400481513265,7.440834169348427,5.227625837180214,7.669789884761563,2.3302048860634414,5.052120888965493,2.6209304308722916,4.725236889873128,3.923418282370505,8.648264052311976,7.064046720505055,3.599589792186182,3.7990837606200127,9.616947585092033,4.707397264433468,4.056564741910368,4.310670678255196,8.938521849334515,7.890175997952742,4.170816682650304,8.702850192724835,2.7984969991325253,7.010370809399144,10.521198199301542,5.008543039272356,2.362732601412924,2.2457165680025613,7.463004028029965,3.3965328897144724,3.6836099603669936,7.985227273219069,4.776734506204183,4.396292315308074,4.902926603972924,2.080399177582763,2.628471117237342,4.774469639159934,6.021414282978244,7.392997637537102,2.4263723348462007,3.0427458812387926,9.443710945919054,5.929114098562504,7.495515940419383,3.6812026894971273,7.960710428979078,9.403388050451811,4.025707782817085,2.6644248935497528,7.983550687680586,1.9389248280223128,1.7071774028160616,2.6443554314369027,7.128864997312134,7.499811258423305,10.64157352750682,7.839322532264688,3.3182768385081123,6.9652085681115565,9.758375830136394,5.940511644795267,4.475730720426876,4.052527504739955,9.116649900980402,9.209248202489574,3.3887381253593274,4.087146139487248,4.880473344433924,5.108364677549682,5.286752802730766,5.526411381001998,7.410431457581939,11.098046854599662
DEU,8.528032823734721,5.273322574674881,3.762759947049327,3.871518140836725,4.681713882674962,2.1152276106695806,1.8216759740956276,4.728592251979943,2.2668416834825393,9.442333082172121,9.423251324459306,7.3140984423598905,3.111476355360201,4.053179320420811,5.257401204396486,4.25282977481635,3.365440992882934,6.013416698285659,5.483355270964051,4.163126062411687,5.694680188173558,6.0737698347530085,5.893716979992725,10.65938523154485,2.0145379216818156,2.8948837668550995,3.0086515725212624,4.260444936829704,8.255455066199332,8.13422058483901,9.3605347605118,8.232833807516613,4.517661159610553,9.247457104549156,6.475692827685938,4.096755669157673,3.9807622713620727,2.0933510972509755,0.0,7.97084509109101,2.1315720110271306,4.38207544143055,5.346411066380702,4.394534528518457,5.980340235988387,2.9425955347553887,3.0245533817473613,10.104122036776792,2.1512759696537325,5.960075560430317,2.1926520492061856,6.8756572496490005,1.7609694579120727,4.137355704772613,7.385204231117635,9.514100603902994,8.593164671524685,9.471693698324211,7.340610868823511,3.3894474867379785,5.891722837709634,6.064141721903579,3.1056158510520198,8.382633117614196,2.665689195992339,5.87863448934475,6.718737678377906,4.28013382610245,4.563145261434944,6.179589550588921,3.9997266226075534,2.7721666640799754,2.3871757042881643,2.1224660076884008,4.068470738691562,7.906723167675315,5.608778910686066,8.01265239663382,1.939705233354157,5.393040107067329,6.975658253232511,7.340860902271219,5.501913438660012,8.413832719779535,3.139505992293032,5.471767368907444,3.3437698146152335,5.032259065875324,4.906771526772003,9.180083505652831,7.753147705785884,3.734328696554057,4.545688621442851,10.282387605770225,5.146724948056904,4.601404439613122,5.475376137473021,9.630454935525863,8.642208283099656,4.903008919526398,9.159318681697716,3.5187074726598038,7.52416100346132,11.131196711596283,5.784983106305658,2.325644875406347,2.023562336693126,7.590050997306262,3.16728750461223,4.242007479457607,8.080125447329491,4.961170831821975,4.460848170542923,5.187799357785834,2.4316714203386267,2.739022201452799,5.32359925462131,6.145487892498234,7.7910566182916545,2.861967955726957,2.4475351422080913,9.817750668940924,5.798957932257715,8.034642562772717,4.100823597448344,8.86264774941888,9.908038791084628,4.576262635075321,3.3102389173397375,8.340952939975006,2.9801749054460327,3.0933149639740853,2.1563993165101607,7.759958875886485,7.825289933260372,11.30507865051268,8.475257173776363,3.9383008535365556,7.616884392017302,10.29455255807342,7.0223065642876055,4.813759664533931,3.7955749509480534,9.537932073898435,9.631426300497568,3.4503787986455032,3.993262916065277,3.314839384176489,5.610908961588151,6.0797608909648515,5.239288739113693,7.9950118461695,11.558056584704593
DJI,6.4063245752580515,7.095176788921618,8.508921223931058,7.3534562408961515,6.049637812200267,7.857573859739617,7.122544375190382,7.016625421325406,6.789237786087547,7.078182227686481,6.665109905563003,7.8741131102556325,6.426069853156874,8.401113804887645,6.7574654208271685,6.429331635137957,7.401408202823701,5.0519831545191805,6.078019023351955,6.485594208730293,8.31829671274308,6.390366676677915,4.442578680176836,7.266941004189845,7.458778843721304,7.2364988921725715,6.845716287794892,8.41938979345506,6.361235109307834,6.488345429256212,7.121159649225309,6.019573436387612,6.210113103908096,6.752328000164373,5.066276795625097,5.365132233085392,6.168612388582974,7.491105908978629,7.97084509109101,0.0,6.891411470005713,6.204460796257108,6.300581840834815,5.96414209043128,7.49163108287703,7.013369446681381,6.652707209908385,8.60667786808247,7.288074761880389,6.0116931461333,7.012224583409236,6.011143686595458,7.5710723095397805,5.829463428251933,6.620686847490223,6.377068179734385,5.624215023375888,6.4985106078215225,6.0161028440684055,6.469638283355626,5.917478564444482,4.762398115592486,6.673609812891418,5.884561632182041,6.793818268709257,7.822055455648132,7.536150100967826,7.474223639521881,7.632243063482874,6.639091470214674,7.595525802520694,7.32460069075366,7.349137447648512,8.930754549036248,7.3754345446178124,6.604379559566489,6.340026111029348,8.271410493247018,8.487674097979138,8.787865208779921,7.737124473799256,6.974434446735278,7.513130536526698,4.92411808990899,6.453661926067912,7.259555664754592,6.442038694998831,5.648245554262154,7.216654630153649,6.8678525000434005,7.8114901882497625,6.506353500345107,5.962649945852695,7.8068951940038165,6.339685720435347,6.378707601780352,6.79734118509492,6.6843146500851445,6.126668401640391,5.523704286366971,6.705800943522795,7.112899464087389,4.565696724858302,8.992967632382388,5.466570426432632,7.06089012756975,7.80566010570282,5.691204815793772,7.319112855214994,8.42332234642835,7.0960860714176786,5.518397501456232,6.41006725508933,6.4791850551934616,7.889431457648365,6.530793819902029,6.130073348706299,5.292333963168387,10.949141814517754,6.838925748095858,7.849601609042108,7.153990500790771,8.827981213196319,5.963128176836318,7.827737620648382,7.2608733668790295,7.475004628452766,5.363206126583589,6.485602366993691,4.88527066709497,6.599117195719115,7.076974186374012,6.869853644067806,4.808828544138479,6.608193554414475,8.953216664975852,6.202420246716707,7.553195808689283,7.512420347362787,9.116787185519662,7.1042125408513215,5.049427930993332,6.524780819681477,8.75349445363066,8.000401372171103,6.613620723049055,6.243246496108212,8.448358809769692,7.562451457411377,7.760320668392506,5.3245216616070845,5.952409009774507,10.859501974708486
DNK,8.48089772088139,4.867501490329783,4.022209476405119,4.161910377238324,4.2164886929327405,2.5426829073798154,1.655727805778244,4.900538228742959,1.3000274440861717,9.304169885035735,9.366063601997698,7.838093937506476,2.66848680625766,3.9558620698133056,4.4532581538410545,3.7897803096268694,3.292660053572544,5.195136588909504,5.546578364242701,4.422823878295629,5.381299197001094,5.599476438045221,5.351637711418946,10.4717873446338,2.4221318553692703,2.6035994380067775,3.0845244357928494,5.415089148543219,8.245104393179714,8.16085593809114,9.499674608664852,8.042358079008798,4.619201733649147,8.742919375537165,5.56966255962108,3.299981000873598,2.5313389771631485,2.2416533119923,2.1315720110271306,6.891411470005713,0.0,4.4477172508035725,5.438936003161655,4.449894694215711,6.4557479521992756,2.940073339575248,1.745859681597434,10.29861962840615,1.5577450938177289,5.406972612351243,2.316113472177361,6.537052377871383,2.3958430483956543,3.5960576214284887,7.45258954736702,9.269342981054919,8.187477924991754,9.035017320881323,7.091600709709787,2.7121079650143654,5.906653506451601,5.779618190455928,2.537596578588406,8.260714292284263,2.228104950641214,6.627880359488048,7.3927023973014725,3.861830352664655,5.06080809769675,6.350963379619202,2.768104242967856,2.4336920559352504,2.894395671071716,3.495970558980634,4.5016015612896245,8.020036161424033,5.462519579541964,8.209966235284664,3.0011431390207286,5.420546401118236,6.54850094713445,6.977682523936392,5.884636835659136,7.989757887186777,2.2453985550874926,4.074363865984628,2.2115611148902463,4.908906597334811,4.798859751733667,9.175198130387871,7.170678671554835,4.352586840523601,3.7026317683415884,10.246466380152452,3.661855085079255,3.634826792180369,5.309101297797118,9.481814914788671,8.358453430557422,4.217499457507699,9.069122281123384,3.8250262179211783,7.030567452145105,11.143981684064636,5.502356938907528,1.462428970804958,1.6653457453832519,7.3526469665592415,2.735313561200646,4.394535540808449,8.353724088710623,4.630074061247419,4.7073967921265005,5.662912622818302,3.1130600195728926,2.4007645723372786,5.122741290381198,5.4252953336776075,7.963855408343485,3.0457743699398554,3.596135144264791,9.64749175819671,6.075145751997899,7.858406778154662,3.4951428048406834,8.456566122281467,9.819440851269368,4.243164446559236,2.9431166516817706,7.261037876480189,2.5027097001984493,2.4664002214448075,1.0706746780090903,7.259849326118508,7.63727004805891,11.34329179439121,8.308951585864342,4.491212437180183,7.679944436848086,9.886453577165014,6.180301403030759,4.298949427990143,3.9286841144625675,9.80970550161476,9.773371891350548,3.510227165664221,3.139743766669917,4.340753000099188,5.867024394110282,6.430477625506565,5.370305233078089,8.077086073394218,11.72536443007729
DOM,5.646878257525982,3.9956425275260794,5.467155140405577,2.8573119942081684,2.875910452925815,4.2368221059485505,3.976448960025958,3.1518891439919656,4.791522492004384,6.585573169995911,6.724598591833268,4.661686837802883,3.8013803765618133,5.3182638651555765,4.947053583064615,4.150051089649536,4.090823107255541,3.864924231738915,2.68819026911365,3.1815276795022784,5.9428917446829335,3.756238572683109,4.620241306807931,7.441767461697894,4.224826112897213,4.419580544242907,2.7226064571424895,4.424627075776327,5.22509493097541,5.043146834566121,6.750350419418031,5.898961844388194,2.5447532122097174,6.4091802205749095,4.83192619228857,3.036089160964329,5.084011747888513,4.220093824815601,4.38207544143055,6.204460796257108,4.4477172508035725,0.0,3.0565423324475316,1.8620707515838923,3.356721118031062,4.039418106063852,4.525037666047776,7.297510523683874,4.238282953808902,4.044550440152799,4.137186461243679,4.448747098626732,4.22217350883071,2.936938832057537,4.312686732181632,6.825213100109841,5.329728569150196,6.772038858478144,5.3982033870307085,4.284310452972401,2.9822728292014427,3.45104429829066,4.007883077092439,4.940279798792321,4.042620648399922,3.5752365555801324,4.4853226573986404,5.436564591097366,3.576393259043443,4.2270965747694484,4.989529037492619,4.236273935301962,4.018726541633834,4.745596502624393,3.1287083964357687,5.159445751671122,3.4235908263828807,5.684758332727369,4.506240429506507,6.449499542113276,6.112145511836095,6.7797625887101,3.771197984488234,6.452370091371816,4.162952655417906,7.12613674512058,4.273981762376321,2.671596475030134,3.7969961987042815,6.478265668936616,6.645503989502623,2.1579146522966255,4.096482479710738,7.265534142489115,5.999501780487182,4.513718107431599,3.8073692922199944,7.132023898644917,5.789576347662115,3.9256895291095097,6.66108848908111,3.09184730469469,5.137503226726139,8.410365966540747,3.6270918534904846,4.923124117208904,4.494563163807235,4.696288231094749,3.8047453733728247,5.273548365881159,5.209680857078661,3.1550920646345824,2.1653460558736897,2.9494835234934933,4.402517185870888,3.5104271315125075,2.590004395857274,4.235228973910781,8.314361281394161,3.261458491241433,3.6577656969336156,7.289332435392061,5.96699649886049,5.281576967640195,6.161826757498964,6.765953006069098,6.571143219833544,2.629342155668697,3.756047536133725,6.26020042258836,4.220136602561447,4.424473420183185,4.379706949311994,5.4637434768174655,5.049100307916345,8.266054701574658,5.6550386995568545,3.8113524729094284,5.117086179594633,9.477195531320298,5.79546574621176,3.0085907892256927,3.005827400374739,6.768251652016418,6.905030231837937,3.505802572373417,3.1718770014612243,4.748833861701049,3.708722916930867,4.8961639536507064,3.806624508354431,5.476978273977906,9.049517599604407
DZA,4.461151110408848,4.695602030306361,6.365123488370217,3.697336743996513,3.5397777463637343,4.723109288571283,5.027734788028211,3.31723035074546,5.728398689262459,6.202901285198789,5.855902526419265,4.952077848503661,5.068218626561493,6.627712009597186,6.223484809871098,4.546644098307748,5.028278999893294,4.555845365090696,2.712767722035003,3.0921738785969004,5.8671855110798425,4.086641948814374,4.3469212904004575,6.97740512695966,4.709554635300929,5.724094405119946,3.550146943875632,4.053426150467508,5.0095467001553144,4.618235748249772,5.910012223826429,4.456724911343457,2.227610776023468,6.291604171523862,5.132447817201751,3.6771616802763645,6.041751293764804,5.3088253402721035,5.346411066380702,6.300581840834815,5.438936003161655,3.0565423324475316,0.0,2.556761428373178,3.7270716326420574,4.49089195050214,5.518812950621186,6.517011374830143,4.923153143357754,4.479238769220265,4.782802895338349,3.5831572155844635,5.401175574095626,3.938868108210855,4.558444552007784,5.928877040407317,5.18060067272446,6.2128828128443985,4.509781127996675,4.801078492621513,3.5881985554968057,3.081282828521674,4.935291635326733,4.935011997414594,5.138844073812931,3.529231418761526,3.8879973315783216,6.222635718173443,3.716137465032428,2.4304192007550247,5.636654847318078,4.886134266300516,4.763068994804442,5.723357542539923,3.6222916127550966,4.818989031448815,3.612317514736691,6.427246053816268,5.4823798906865555,6.633578161351607,7.7614880087638785,6.4566550151087165,4.4231454141375455,5.757066389853165,5.144461702922864,8.04460757036663,5.3839588224041135,2.141155541284897,5.3157329665720106,5.7497039996446135,6.941842123037762,3.4068916546499137,4.8087008535453775,6.367628657951624,7.052173777078819,5.108973397648774,3.533319532886379,6.051862157756066,4.816360484884474,5.2714462537828535,5.74852327595164,3.807776929406996,4.215958256919314,7.752945253749406,3.723997056054525,5.751764360413291,5.202517497957563,4.375403375342112,4.416726457962991,5.74303821494978,4.517197457191815,4.098443562342263,2.58392947252572,3.51684765428206,5.593776492637577,4.578336885410179,2.747963730935084,3.640946938408478,8.178978544629517,4.4858408532249845,4.176599254170836,6.100017218673086,4.8611340702343355,4.60089461170057,7.555026681603123,6.24634105915791,6.381943663797818,3.4208835107532596,4.4760057867831184,6.5065400596119565,5.253557208546414,5.374826489956617,5.015186248502418,4.8857734812785365,4.365561940028414,7.608339751418568,5.433174048424323,4.459872678700257,4.599704223010602,8.478163371828613,6.520512290416081,2.7426873498777686,3.017670675473792,6.308527323340953,6.111873215256853,4.122224922682146,4.25858217001699,5.575873503961322,3.357875356892093,5.09924862163989,3.4086205666942746,5.175149759016398,9.678408173837713
ECU,5.409568580002364,3.850639271423579,5.754615539295758,2.9849315190924157,2.785310022852041,4.260988953972469,3.91835618800309,3.185907724197975,4.745422926533236,6.152888888139297,6.151067110723699,4.61030366414798,3.7985666293313782,5.893864377053632,4.825708837953861,3.8735151208218044,4.115304724485855,3.130514676174209,1.9256292907073198,2.832465396037628,6.205653541940723,3.259127126247901,4.207293762269563,7.146637617235423,4.122687423233578,4.686211393628882,2.8736176612761675,4.106856028620495,4.860628101506629,4.669214853963218,6.343442302575324,5.3041468493270445,1.9250348677779097,5.792442188848471,4.023794711398915,2.7484314367957228,4.80577008145307,4.202181641357285,4.394534528518457,5.96414209043128,4.449894694215711,1.8620707515838923,2.556761428373178,0.0,3.685581898716426,3.6181626442959227,4.430304322662958,6.841933035216113,4.065097985585723,3.264685857669463,3.7794690442326977,4.625897701246004,4.070998630692599,2.7617174246868075,4.326545998095683,6.42831432178311,4.988144310027927,6.067624074630352,5.214421150320119,3.792944666198643,2.5085468910051145,2.5765595667900687,3.6168333126855243,4.734528544821636,3.951689346807968,3.449213618113715,3.884590967693592,5.768898753572992,3.9109188917892777,3.74325968143103,4.837843271594832,4.184486090778463,3.636792017260851,4.754384975290845,3.453107636691646,4.444414225902536,2.8809241612916656,5.6800208535350745,4.6600645216033705,6.51748681820747,6.317505674083671,5.918669861574743,3.2401215928656373,5.847891038944639,4.118852972698627,7.1792986439071775,4.126453805654333,2.068811164691745,3.5529289102650847,5.627339133844299,5.846789883230421,2.3929427987341234,3.9173129709679215,6.837443466088795,5.921731936880705,4.011785092766657,3.89032965456035,6.417637026490373,5.547253338491787,3.5880364201864876,5.760215014867094,3.2314759194100793,4.500344570363758,7.897642161585365,2.9458494429984974,4.796650418896717,4.416989681407802,4.075993397296587,3.603129721286918,5.473098980519286,4.694788779628298,2.8531332210562907,1.6891007137043257,2.1834186624796375,4.43533264368254,3.1170286436765435,2.711595246429389,3.7527995650724124,8.308844568629915,3.155985604889629,3.5715647224901432,6.535834964077813,5.695116955936736,4.765871749277735,6.495039893499108,5.808293232114292,6.250180851288866,1.8806868373191512,3.6006828983073653,5.728774959580482,4.241510425213446,4.316219824069226,4.234934979275364,5.038326557716828,4.779858893927435,7.866086985770553,5.155444913631011,3.37874778666775,4.858680090000477,8.971343755300168,5.382430621472943,2.3909518920354755,3.223567389404679,6.433775095618862,6.40746691107643,3.1529412512614914,3.0434990581567862,4.843023782506789,3.589777710960126,4.882578096113735,3.544622277243283,5.219200108870548,9.41290567889932
EGY,5.373175034570803,4.852668073843916,7.233504940984899,4.583301833785503,4.3687171198177746,5.685687813340632,5.895600925211134,4.041769886299477,6.8567937494805715,5.972186491687933,6.126149728401516,2.5641691070095227,5.613693955702107,7.43831090675964,7.662926704661106,5.348169728081419,5.2603629765967295,5.675649226867801,4.1988468466405715,4.333784984718467,7.255651151553632,5.221845011361869,6.389051187443115,6.688608482068402,5.877859767556293,5.983861163230697,4.5731847413929465,4.124382376196864,4.700700481849165,4.446679098324778,5.971631103497313,6.204538485496588,3.854306632672702,6.144714466505274,7.216946073319548,4.965619773625005,6.918083235816127,5.9859195944127315,5.980340235988387,7.49163108287703,6.4557479521992756,3.356721118031062,3.7270716326420574,3.685581898716426,0.0,5.929672026417227,6.330796360970998,5.575128192083382,5.919191470335823,6.079453616835427,5.992157941974696,5.084866477477123,6.260118892258611,4.397606328589349,3.461746308292077,6.218948118625607,5.154789323452688,6.651332414097363,6.462050117085384,6.253291617074122,3.30338887556952,4.3715423237029665,5.928074715667454,4.402435901813253,5.777250500056644,2.3184091573394827,3.2799375414675787,6.215316172395765,3.2921820552227388,5.2424751173959665,7.157173269914687,5.991145735433529,5.709411902707226,6.236403834345094,3.548629459121824,4.200604432006223,4.0026251870461635,5.270837713707048,5.761206930959743,8.347658116968123,8.074233758211497,9.08469881990028,3.2699396552881854,7.234561479783903,5.62984884094126,8.957232998407674,6.06270435038786,3.8926176696556225,5.174707352058923,6.224423011476759,8.655755557249796,3.7127215928671995,5.566789048351355,6.348138397153199,8.117269675866272,6.645494566749352,4.623290187171053,6.6603105435363235,5.393283280269148,6.044201535845845,5.994987031588793,4.32257433901225,5.952940700360307,7.440167124226886,4.111301609352434,6.921999392363584,6.2411654047716105,4.545137532563281,5.358869316960504,6.881599299457018,4.075442853187541,5.429590682363757,3.9263709442163575,3.777233405206686,5.597152983296347,5.465286193267245,3.0261296935121256,5.850380190380338,9.453143524509402,4.648197509837462,4.630047047460277,6.5293471176226605,6.76868163238075,4.96709426909435,8.040950752362132,6.979295957260604,5.7948388710678715,4.712487272365703,5.03654916921187,7.067634060427762,5.770892804641431,6.033432236264667,6.244586927889225,5.817027853683186,4.475325322465156,7.1949252642926025,5.251317377762822,4.860872264669751,3.657819136540555,9.04773727860339,6.5623149950429225,4.77737775261562,3.7634979952132044,5.279330878736265,5.503439673636008,4.732791701717015,5.490447097896841,5.6518418730110636,2.8068136405470074,4.105315739030281,4.753538721928615,5.345498382804773,8.313890140684409
ESP,7.891882056070444,4.718270751177194,4.82565981008075,2.9406758005217872,3.7037108342320413,2.85022016429743,2.6596499176068167,4.854104777476511,3.037266780004799,9.32506827249211,9.159808418691874,7.1807433539636945,3.763363947387586,5.506062302778145,4.113749038127545,3.796013575318083,4.289426741656727,4.830828543600489,4.814141640696096,3.0799727578499234,6.323365159370374,5.400431286126327,5.178430338827868,10.320361766999381,2.133497116201552,3.7136137318105056,2.340065017551375,4.604569841330086,8.084970243947469,7.907298190667992,9.265769195637366,7.572726676846947,3.0695137027534747,8.62606966860774,4.7607382644084835,2.5134613702791078,3.6493702781279467,3.709460862063623,2.9425955347553887,7.013369446681381,2.940073339575248,4.039418106063852,4.49089195050214,3.6181626442959227,5.929672026417227,0.0,3.472493516848235,9.800129693789398,2.5744937733190576,5.348409485717697,1.739331629134222,6.447448559259669,2.342331058356523,3.5876753176237988,7.371133123406962,9.278358322589401,8.022222572805886,9.083446169743507,7.2974725736934,1.7409951419032392,5.617687129550529,5.1026880057335005,3.001030380278063,7.503477532296655,3.5680610256942242,5.9943387679360915,6.1954673538614475,5.308090025398513,4.751570431824817,5.387321586810523,3.899670515063842,3.474316775779464,1.7136146917482793,3.474431846618602,4.688053328170511,7.5039644220989565,5.342196672682345,8.430521879383395,3.466308749299839,6.116147330584811,5.823321184476232,5.701758072135236,5.292867905222137,7.830715610633945,3.5605719616752904,5.669187891274779,3.4874890321257785,4.007901502194213,5.448537913433119,8.72903779491495,6.360224372949648,3.889790952022126,3.801818382369119,9.977529083643356,5.02577891232014,3.334535127218138,5.578393286190804,9.280746464540442,8.188233897052681,4.069153749723541,8.67199300969701,3.8826372192892427,6.52454393396509,11.115601513297737,5.520204153716024,3.2634217000020898,3.153767358577692,6.444204150758164,3.2820592351843416,5.541044709206044,7.582246063312011,3.588424190952874,3.8465955907172833,5.103497384390554,4.04592114904001,2.1023279324500805,5.051984615433899,4.635465271511048,8.663495927736705,3.4616019724965206,3.3988971943498414,9.043217824865492,5.792243385166681,7.706125302078789,4.99542153837776,8.691414935942925,9.485592204881064,4.044761674129856,3.517960066772154,7.407612318519605,3.740075695662825,3.8030232518575087,2.4270047158181636,6.970518570545483,6.955666367454957,11.166124308520462,8.393928858142708,4.618383533369968,7.58876103742327,10.81510167745188,7.146365944768363,3.308100267629262,3.4017122028337874,9.542735284498887,9.432453457211734,3.159861754988087,2.697659988349124,3.6484275973672857,5.840543902372781,6.682695286274284,4.313020781080563,7.928207754044652,11.31135711557233
EST,8.36603706690817,4.428348058214159,3.7667349145659847,4.639098012439596,3.6734893354202858,3.2752403176226625,1.7226756020063196,4.508380648689104,2.0008286327853386,9.180877011759673,9.121070597948373,7.684358123889564,2.5096226258103074,3.880496681639792,4.375892366369902,3.113234117867809,2.8993310055275625,4.4818683942599655,5.432037191255379,5.099462773679803,4.908195784313008,5.05936892470586,5.201303599034163,10.098166272696952,3.0096768133868412,2.7148250258953777,3.314125164102417,5.80161301403709,8.184041594780838,8.101370315997302,9.346110885611433,7.672578711250947,4.878419224523733,8.392084463418941,5.301806643986636,3.439703640818078,2.0930298251749235,2.1331822560261404,3.0245533817473613,6.652707209908385,1.745859681597434,4.525037666047776,5.518812950621186,4.430304322662958,6.330796360970998,3.472493516848235,0.0,10.151531126621554,1.7477865000650155,4.991751966237475,3.3293257218493375,6.244246335804427,3.39870329762858,2.925756559776983,7.244997996483755,8.951279767880369,7.933592098191528,8.848913840433159,6.852768778875636,2.974144363106566,5.866382622756588,5.410168289690379,2.1575655424088103,7.968736208870346,1.9626937789712158,6.60475462344163,7.388436777759025,3.347324742847993,5.11598906747216,6.266176422844541,2.849499620731665,3.274392777571813,3.3787392327463355,4.447371384203249,4.211007992657821,7.864204342439661,4.964381468370109,7.778774098017222,3.425849003814304,5.649138148917987,6.724252014044386,7.173328494078399,5.4684341230771345,7.472983027287537,1.3124003033016558,3.9356813914434636,1.5111116044071695,4.891570719530941,4.341272601074956,8.968933007627362,6.71517420416631,4.504424731815362,2.8758799145130456,9.961040946281825,3.673290930191045,2.9130270964314033,4.6964577899671385,9.204381447662614,7.972506209778481,3.521851690347498,8.820196180127503,3.610953669029852,6.699908607158548,10.977558326277563,5.1005830649685695,2.44990460606684,2.320005829101046,7.282214590272468,3.195807576758564,4.347857842349463,8.358368777102271,4.425751909328358,4.862920335616596,5.687339478911815,3.0879005795650194,2.448217807871592,4.864255657615192,5.447345460255047,8.00120700334353,2.929639773558781,3.93514850008093,9.311594541067585,6.230514176673455,7.738127581951832,3.5325967979021855,8.071213714281651,9.58162112690442,4.176525141679263,2.382490666480798,7.099352916590356,1.7336047603070022,1.4522055072532756,2.195878499658135,6.642057933122268,7.51700899474409,11.040207736339653,8.073069234977998,4.491392434519438,7.131993311169672,9.683135477010094,5.50258577164619,4.189996453379712,4.283380069797129,9.633610994912264,9.517869829924631,3.5165445793274577,3.5472844179551526,5.0995608346252785,5.608344018039628,6.015177427806662,5.356111515279482,7.778862366786099,11.453247250421581
ETH,4.834337791755889,8.194696575857128,11.37844331365658,8.36312302115969,8.12448448638924,9.78675653372994,9.827105509128568,7.753241563049242,10.62981920744432,3.1466773480194323,3.394370363257302,4.378835455336543,9.296847498018423,11.278807403201467,11.007091767470868,8.91987731154713,9.071363676013315,7.850936695898961,6.646720893058437,7.74387114281179,10.619250298180514,7.263978265760322,8.36019215816228,3.9784867340162897,10.020470889675178,10.099745292389981,8.674251879492452,7.624074543512067,3.4622899899552,3.3952562730708777,3.945483236712371,6.820352639990696,7.255973083726534,4.794802654363719,8.938780092488981,8.481838412060323,10.407782603855383,9.783269739163908,10.104122036776792,8.60667786808247,10.29861962840615,7.297510523683874,6.517011374830143,6.841933035216113,5.575128192083382,9.800129693789398,10.151531126621554,0.0,9.872422054783131,8.054605019453014,9.710520098890434,7.37520614139416,10.153876367302628,8.149240806044888,4.104405754245197,4.05562712564789,4.0855997608765575,4.1988599711805685,7.689965782994559,9.877982604376761,5.06089472521957,5.939379367017084,9.509510598516702,4.28803176731784,9.51101115984101,5.2394426569308,4.744912852608237,10.079606040934923,7.343681747050516,7.6646074737648355,10.58817591280611,9.623451327240117,9.567585106439196,10.27987200688403,7.68346424132453,3.476617602280403,6.547083914892468,5.717037673369395,10.023640293186947,11.817399740352245,11.051318633413306,10.90706635779494,6.351907233766518,7.375650608109182,9.616357721290933,12.318116824178997,9.878497725329296,6.753762984261504,8.022393130766531,3.672310495048086,10.338973943129664,7.465033891489286,9.1618504645303,2.946773517136636,11.169657637714469,9.957787802663805,7.341941417817469,3.9564813914686026,4.4102876198190115,9.097845472295283,3.349109794741625,8.340752721549311,6.557686872510819,3.1638012132034543,5.750609830218959,10.548543390850687,10.153699025902277,4.888563550947755,9.046798377063945,10.598878806230807,3.1136335452213038,8.473326126167523,6.916790244060884,6.018999006065684,9.650056222962258,9.126995680825635,6.19833533125004,8.11008316692907,11.908808327987494,8.641453832771699,8.85389914541994,4.123040850905395,9.717719639599775,3.6341806984186613,11.970370805246935,5.327733340972561,2.786209868703001,7.308947125201311,8.871668775705508,7.495046300154888,9.691894772198049,9.76206540019729,10.069157775312105,6.883127131313077,4.601157594521568,3.2318127361761952,3.572571806049006,7.901492861028481,4.738941185245745,9.259663243850468,8.336546518872142,7.66253744454733,7.740769568486855,2.0009409608515263,2.186861467958421,8.475352363892673,8.97048702361681,9.952436718668878,5.886160123910409,6.538674300487002,7.726632136041252,4.920383271784237,7.63514534840993
FIN,8.213159641666941,4.163140180279293,3.931035406594803,3.7017378796896963,3.577270296317548,2.1173539200099163,1.368936607334811,4.224456311488387,2.294175265243232,9.234810357078757,9.09052286435049,7.296386157077912,2.7316316045086637,4.141811373374056,4.628560001927367,2.9686208540180203,2.870258601935282,4.93376413023494,5.17378423912736,4.155296546327235,4.844365460495357,5.0249236344078,5.254063066045269,10.271172429645436,2.1108911864921054,2.9479541116361476,2.50194421664956,4.71350441207059,8.168781100552376,7.990226381131019,9.321150713464453,7.727832867876213,4.134014259227644,8.578109443272671,5.4948435740283506,3.0914672442850697,3.0609976888716206,2.208018800730092,2.1512759696537325,7.288074761880389,1.5577450938177289,4.238282953808902,4.923153143357754,4.065097985585723,5.919191470335823,2.5744937733190576,1.7477865000650155,9.872422054783131,0.0,5.226188554431128,2.495723203545586,6.251039536630379,2.74303887113364,3.207566992703999,7.260824094316325,9.07082619351993,8.097774956679347,8.92364530187532,6.923656035410444,2.5733097123975583,5.709172027094924,5.507323648890975,2.056999842780788,7.921326842788235,2.277775141939543,6.041935266656636,6.847726408705719,3.8377140180166456,4.373092567478859,5.940671225925059,2.7883378690135947,2.8022225937669805,2.4037923376743247,3.2543651572914802,4.004221837513213,7.703678858457416,5.055556520819029,8.001460068797776,2.413731786298759,5.398257626824931,6.9146493201258465,7.044157392016156,5.173766686876845,7.758366754581338,1.9835894390174271,4.985150119121183,2.1582171152663956,4.525572471497166,4.549978427522468,8.953462402108258,7.097229935169689,4.237455656060913,3.212805226210719,9.967283668070811,4.60225564471411,3.2393910413722984,4.818086887186879,9.302759721076164,8.064507873844853,4.13138327957887,8.732726353782004,3.485630298397889,6.783518502557804,10.93661173819815,5.191791753561902,2.544942755846435,1.2301963440804675,7.143703505188852,2.5245076011491046,4.150397078651186,8.032998561114631,4.499179401299328,4.336158277746576,5.444303013169523,2.75935856502592,2.0760737336070973,4.686862511635418,5.415106197833252,7.9194270854992705,2.6097167214516412,2.954678571557038,9.259392242108236,5.670234094264375,7.7075798710451995,4.272286949048997,8.238763241294357,9.582416466747727,4.105050792121041,2.3112196068379287,7.493178531359953,2.2881742998218355,2.057161168266427,1.4609406847557473,6.802618467012444,7.284498532325053,11.077596257742783,8.197671744444365,4.189460148343301,7.082758865131722,9.689873260646323,5.9923006290687715,4.00208175754039,3.54367355477262,9.441444706165575,9.420664498518509,3.0464492727052175,3.092878786652264,4.190178804693344,5.262298427164137,6.062081078033189,5.034852102358351,7.8896667561822245,11.336355837225183
FJI,6.292628992501855,4.418809765664526,6.492699486698028,4.961072838693377,3.627254220869291,6.172574110188208,5.116240169928995,4.184703723515662,5.649953474984414,6.702087077420696,6.539013439286934,6.7873025463163295,4.4309217682060345,6.397900714357584,4.666906941954235,4.402273153917997,5.037174208116499,2.575557152225272,3.036321400637876,5.2233490225714805,6.564022948753658,3.165539759783387,4.094106955152459,7.156937641356957,5.802641796287205,6.211339840840533,4.928874234582434,6.6621592986576745,5.849855019098665,5.684369870900535,7.036249113156824,5.45005974047046,4.531001522638387,5.828678315379086,3.2454504919082487,4.499440622087756,5.4031026752626845,5.128908771416145,5.960075560430317,6.0116931461333,5.406972612351243,4.044550440152799,4.479238769220265,3.264685857669463,6.079453616835427,5.348409485717697,4.991751966237475,8.054605019453014,5.226188554431128,0.0,5.376242480002193,5.354147145024093,5.569807869564712,3.523840593430785,5.605357618991449,6.569049901784428,5.662957580894797,5.9097590408109655,5.118790564269572,4.797770649425987,4.546535642197854,3.651736709969954,3.9493652021280363,5.855341604174531,4.582580099556992,5.6580456197142945,5.863966715343566,6.9770155237618035,6.079220074959387,4.863505779404315,5.2717481600184595,5.706796398454834,5.363595782707818,6.776621713127313,5.196386531093276,5.506008105224666,3.4572698956813133,6.531106721633669,6.478851598122888,7.075802210901814,6.853627758057628,5.720182943385167,5.1327495315465566,5.023793843748698,4.887674872548116,7.611163717654955,4.4347895528496215,3.7925457034494885,3.330108102584108,5.851709232167587,5.279254017052588,4.683611983002841,4.248464244174189,7.222954111579983,6.339296870263647,3.736550867432886,4.480015393633148,6.476506975247484,6.091520086946337,3.4128902136920383,6.179981400948476,4.94315453093681,4.545106989144036,8.20862174808738,3.696278047144336,5.704276281854319,5.649421494154213,5.518084342385187,5.287977801539956,5.779881980378416,6.210580893316478,3.864513562520377,3.876971270869607,4.049286131218851,5.516370181803465,4.566397392721715,4.3739519237161835,4.370956500365815,9.22482906853783,4.400198629450171,5.422586558678941,7.0733556493257,7.161646298754388,5.723641901333894,7.367155339838684,5.310349866009525,6.814057127993643,3.1316510027090363,4.465813875440172,5.881731291165627,4.890523661885462,4.976586343317283,5.530713606154292,4.75201413606253,6.282247574333282,8.12905103792687,5.5708432591624,4.862607170211418,5.740021905544226,9.089918757470416,4.499981016452315,3.5417053705505506,5.552124224977271,7.545059512929527,7.434903552870327,4.42899920483581,4.308920121308452,7.08288492691675,5.035869768745784,6.216068638048191,5.002350600649501,6.077204123842319,10.195802672093299
FRA,8.049141700426462,5.085348505462754,4.991037380618575,3.329021925430592,4.31564302218369,2.577887975932691,2.441377693741461,5.197248350420431,2.479973681060001,9.012716624653146,9.011816741497865,7.2263523445872115,3.349151312041422,5.298004318472267,4.2408712789630805,4.0545708260735855,4.314360084259612,5.105526200725734,4.970694425962536,3.20217216194234,6.5657558048302995,5.763810789304877,5.168330193329368,10.219561758540625,2.057018575244077,3.5491481284149002,3.018125631378503,4.632872927070016,7.814684810321006,7.703396698218127,9.063107970109765,7.788573970281829,3.599752389292152,8.39395335155887,5.217482495225673,3.013862550390936,3.441191214470629,3.2897803854463876,2.1926520492061856,7.012224583409236,2.316113472177361,4.137186461243679,4.782802895338349,3.7794690442326977,5.992157941974696,1.739331629134222,3.3293257218493375,9.710520098890434,2.495723203545586,5.376242480002193,0.0,6.7959025669847675,1.3268713347647356,3.7895188284972394,7.349264491568131,9.212588350669161,7.960504030938974,8.79513496281065,7.281297449486492,1.9821349181670596,5.435028067879877,5.373291403104665,2.857311381276789,7.7645173104833,3.2888972570279376,6.088540918127063,6.329141698847788,5.292656217235148,4.959981274358818,5.738948192740033,3.8511126171904575,2.595292255600048,1.6770035601262694,2.9388337526169517,4.586778144511529,7.308147587006081,5.345361629907532,8.40578768388828,3.471431248657427,6.0109737009781625,5.71684435673273,5.941815900539205,5.290413997049528,7.951261356498879,3.5639920220299532,5.39541400699319,3.372033695716086,4.3721768079771355,5.127560554587839,8.554137764731676,6.747041929578547,3.917566135465176,4.293707275762248,9.921629747029241,4.778265934109308,3.7905247225312015,5.7936715643835495,9.145056071322514,8.32885789171616,4.167357706519792,8.496544418048966,4.186688022303053,6.745270326123666,10.776072939934279,5.568269737254228,2.554529278304655,2.7965134774291,6.638618269693424,3.0249433313835405,5.275143547485364,7.408844304958866,4.024677681572344,4.134227736429859,4.973248135942622,3.6306059532240345,2.057331048469283,5.28014768156996,4.923764301138741,8.630915097506934,3.1523705053771534,3.2435272632199124,9.116676877078541,6.013886470151679,7.591629255478273,4.841327789272841,8.39698658314948,9.408992004729654,4.014306636138382,3.556568458535278,7.106303958145296,3.609046489921368,3.746429312631755,2.0169802594801527,7.206470602902697,7.213042803631197,11.01791919674869,8.09279485486891,4.501620244791328,7.625759797341637,10.424991768440167,6.7088013205044,3.792409616735815,3.6872826376956054,9.391872423203937,9.322458432617422,3.289575330796662,2.9753617374212356,3.110112959044136,5.845086786508166,6.681468494332555,4.5517581871469135,7.804423754656495,11.43372239350246
GAB,4.2535004604947595,5.8490771713836045,6.718889139073069,5.764421969123905,4.533907391091481,6.365092356020075,6.292640474080337,3.9173979634279354,6.831537353553986,6.603520642778579,6.31744631365893,6.1753458686269465,6.2080609851229935,6.8517505967375545,7.096555501392367,5.862625735746776,5.97355257277116,5.3152114378587285,4.0653424890245535,5.638376894545852,5.441100673183727,5.394313562631599,4.6371034525790495,6.642850233352673,6.351303668275216,6.345235336917228,5.057047883658751,6.6136681704157185,5.582479841490671,5.085093281734974,6.050907140580686,3.2127539027298306,4.679617187277649,6.932903101721785,6.137224493598433,5.178054913213296,6.916284849860243,6.433141337146308,6.8756572496490005,6.011143686595458,6.537052377871383,4.448747098626732,3.5831572155844635,4.625897701246004,5.084866477477123,6.447448559259669,6.244246335804427,7.37520614139416,6.251039536630379,5.354147145024093,6.7959025669847675,0.0,7.171158549843966,4.987388078932154,4.800106616857991,5.845146948333576,5.202836140273711,6.726984470323883,3.205760486349264,6.542669643621382,5.140988755175315,4.163575293113541,6.371689014843141,5.220181511539513,6.241427002773873,5.066278450064291,6.132937222505243,6.2818931495695916,5.439321569847685,3.6459915658458844,6.520799131097684,6.226586663878266,6.8069782517941775,7.601997238130117,4.7561434231978845,5.949477673050365,4.821794608788901,6.6002183344690435,6.894277748863287,7.106370003061567,9.167969193197026,7.735669310769073,6.110478038496505,5.5879069993697,5.854923696798004,8.342508562033913,6.273483016788386,4.5076416453082775,6.540044760471241,6.632751438487127,8.1068471326283,4.951245313286602,5.695139234992995,6.51343937543561,7.457968378074817,6.0377834677559905,3.9253276938154325,6.415006168577119,4.148661680577977,6.3576857419444055,6.668488173739214,4.948519474082884,4.302575069543626,8.296149619814065,4.308810764255193,7.014010148694678,6.402297507187389,5.594074404802616,5.934018632940044,6.285630253513888,6.272854092720204,4.9089653155977615,4.214335889115845,5.394369121792331,6.9811613907021375,6.321407842114642,3.5367273704247957,4.689696199675045,8.045468969627684,6.0589127864743535,6.05886051712612,6.6435102409467905,5.621135396349394,5.223092370340721,7.901211877143472,6.962570142241763,6.651884679824972,5.0329243904408,5.725968119922888,6.998229131740881,6.096967020252574,6.157642780019884,6.2581563504691,4.7330093651411405,5.266854053882011,7.587026021707951,5.804863859772751,6.315623348738372,5.028259902731575,8.299101355953837,7.269099927335877,4.760568086774027,4.849282712367071,6.714928009099822,6.437421211736925,6.007925818163668,5.815485398991477,7.487844214546878,4.694452113198758,6.028620102681739,4.640686138254109,5.015323776547874,10.123539662006499
GBR,8.519895849537162,5.523996388728086,4.673192275062203,3.5589764004655735,4.743418002508871,2.678032776824953,2.3579815573673897,5.3507077192753085,2.40162407827613,9.337944993427355,9.484964782250707,7.51027457392924,3.495831672853698,4.882172785612199,4.143590159308924,4.5981551136397805,4.286591802979959,5.490751537606185,5.193310104185838,3.828739697050876,6.689721070260345,6.058237864454548,5.661602962583359,10.604041272532866,2.1688173496859537,3.232295055336563,3.23183612502271,4.92579224137139,8.107504768506457,8.023556316593789,9.42106167403808,8.302792627353115,4.177106637301578,8.849326394226571,5.6231758455708425,3.6789045249741488,3.633803520129965,3.0339883117257944,1.7609694579120727,7.5710723095397805,2.3958430483956543,4.22217350883071,5.401175574095626,4.070998630692599,6.260118892258611,2.342331058356523,3.39870329762858,10.153876367302628,2.74303887113364,5.569807869564712,1.3268713347647356,7.171158549843966,0.0,4.126847566636906,7.531366070148362,9.699896528313968,8.354319870019248,9.25772403687753,7.566722144832688,2.740464430895523,5.7214411464744535,5.848496683009612,3.1550645313757903,8.173075995085997,3.29877238202227,6.262274061813529,6.73697584188007,5.346833128559976,5.249958321835777,6.221262968865272,3.884628622538637,2.6390195148432496,2.185977034833975,2.540397162707086,4.577815148615797,7.724493762383837,5.618355962683634,8.365464450590217,3.2178419229399213,5.9941130899983,5.718643419208072,6.264244158615717,5.580922836292377,8.353181847701277,3.7363233634401753,5.35631156885655,3.564557118853125,4.928520297110355,4.993318704168629,8.939482302999936,6.830061533991921,3.8629097263396113,4.739463675591861,10.303912001748321,4.727004292503755,4.1694330844967915,6.041842356059048,9.617997130408819,8.803186672211412,4.381809196544179,9.020407342905882,4.153837953819606,7.26515839372444,11.124486168599361,5.937271484220023,2.451960421145425,2.7942998308384723,7.191070823677303,3.1668772116540844,5.215753570442285,7.894218355724156,4.275276625631903,4.333459879094616,5.054250420093445,3.482118387799477,2.4561141387193564,5.594169395045229,5.525885784765796,8.32815347235974,3.337510089127522,3.249748905619715,9.611635376701411,6.151901798044931,7.977729007758686,4.536286820481818,8.727753552289855,9.734880892339062,4.3262173397121275,3.9058152689775065,7.6445252425125325,3.689628809621751,3.772975069977287,2.3542288258885997,7.775191224476881,7.765348782599565,11.319945867408528,8.40996037303479,4.388798834962764,8.016513979251917,10.951691348838294,7.074797685491067,4.51100241452749,4.214161332628049,9.65459475118442,9.683551729639909,3.691129056533136,3.4190072257559962,3.0299695536831774,6.124179966132521,6.778956099971524,5.015798179152471,8.080129075047648,11.540890811389085
GEO,6.502763685500508,2.73668234727895,5.12459439227208,3.402154139855974,1.4330227631863057,4.273852456468728,3.262572210117513,3.363728190738493,3.945002332076166,7.449845715278561,7.359267563898751,5.659689509688524,2.666911180429899,5.39939715632413,4.51878251904825,2.356292320025557,3.0410964902753572,2.969655607280225,3.554141189414666,3.868824092095946,5.876678905582541,3.7489211316212603,4.389897650831582,7.956680969237212,3.8741243981392817,3.983824379059366,2.7810644591781033,5.110445164038482,6.362241352809832,6.1787556679034,7.512254723091267,6.150055845487404,3.256537577497106,6.476944498359638,4.324994491813562,2.6194753816421397,3.656756369239232,3.5336994550311727,4.137355704772613,5.829463428251933,3.5960576214284887,2.936938832057537,3.938868108210855,2.7617174246868075,4.397606328589349,3.5876753176237988,2.925756559776983,8.149240806044888,3.207566992703999,3.523840593430785,3.7895188284972394,4.987388078932154,4.126847566636906,0.0,5.3240199083862,7.203086248026731,6.0003219136417085,7.130455586171448,6.113069763682734,3.055177912629031,4.200078112393417,3.4557555479659676,2.4533568102121603,5.611209594742532,2.7706223529371634,4.782339871991902,5.259394914902766,4.667280126735325,3.8969024957047718,5.081197785914781,4.286460765617386,4.270439690541527,3.528058837816005,5.201256970650883,3.5460171684637434,5.710457091449768,3.1039892673259475,6.458973237503524,4.408974184613575,6.838753179096045,5.875679945207911,6.8678554781328325,3.6972129927231836,6.105597161327077,2.375513688130562,5.995945322012351,2.349125551885086,3.1301014119453545,3.263122372373911,7.064639082773952,6.364713186654589,3.3533722218447766,1.9822059805784387,8.080331606642998,5.154424380271018,2.7095686894101267,3.6823072895956597,7.420811383681531,6.226373434811949,2.727196628968697,6.954431120207079,3.2000469943914576,5.233733413913888,9.264587539709275,3.1983730748000743,4.1842047709737935,4.035776024988756,5.125719558953859,3.724041962064113,5.18793467246941,6.207194518331348,3.244995644652803,3.2532558912729392,4.027485785900425,3.613131822199736,2.7592787147010682,3.1437779596527893,4.041852558786294,9.143356223349281,2.507733263317976,3.724137152937801,7.478010249860851,6.605561191590936,6.1704556406333335,5.42877249259686,6.806277214601986,7.458463515552261,2.8639014645304206,2.116136261273655,5.939946910122991,2.8260753911560488,3.125523768472459,3.6528349567208984,4.935339950925137,5.492511796027388,9.127825546800453,6.300792601965725,4.120252928721978,5.055959693595447,9.376421602177937,4.616845963430238,2.489578234552006,3.3027954267767905,7.754118441281756,7.625104208652241,2.3600840554103653,2.84876715649257,5.1872626896486995,3.8743637740520738,4.931840870558201,4.034295694851401,6.233213029284327,9.554327771279727
GHA,3.8849094139267555,5.871549086284967,8.174606278301086,5.97586608340912,5.403631075524842,7.315928244019263,7.025350625808951,4.873127611486312,7.72008504603885,3.5105434702164175,4.076585066172371,3.5012183899464593,6.425989911806026,8.041819801823088,8.437333939530474,6.5851979932555205,6.010345838066212,5.598753128937808,4.243213249390058,5.725242843615598,7.942839156970006,5.043669163938722,6.309973746704442,4.421825338147754,7.458028005473425,7.042234323420584,5.885627097291796,5.911942212131736,2.5547206629186463,2.5527292344257173,4.016346816228807,5.427694894433684,5.151262222296496,4.921678960222093,6.8752439851745955,6.040519103084005,7.697548060958775,6.8056361569010155,7.385204231117635,6.620686847490223,7.45258954736702,4.312686732181632,4.558444552007784,4.326545998095683,3.461746308292077,7.371133123406962,7.244997996483755,4.104405754245197,7.260824094316325,5.605357618991449,7.349264491568131,4.800106616857991,7.531366070148362,5.3240199083862,0.0,3.8303954439454473,3.0625706461288575,4.611510077515363,5.616317140800029,7.499552822983441,2.9540476398914977,3.6884074975369905,6.9411498318788265,3.247440902740954,6.487442677669693,3.150884682542199,3.8849435993746235,7.0706612432135225,5.025858329429658,5.683898339735423,7.9145302153166375,7.09909255493026,7.272302180535101,7.8868234899296175,4.878490718275413,3.342732135547219,4.128097248601524,3.2430541146605787,7.306567179885972,9.132132845840234,8.8275989301476,9.128484749818682,4.775177501853016,5.982480546876795,6.661304705439343,9.429734287061304,6.976838954565988,4.350899366381925,5.318362447887782,4.208134172275171,8.430053196323867,4.352053771927548,6.4219454666044244,3.893577365458477,8.32408146591164,7.4359167284826455,4.542471102001013,4.336054409158941,3.306027343826981,6.544394810481255,4.495798815623558,5.10173403112979,5.057507163295152,5.202022340632842,3.1900489037128024,7.667877294251852,7.498390917528904,3.951648379860941,6.574155511959827,7.736148011722402,3.592819620068786,5.905872006820431,4.262375646183371,3.559038346770673,6.866440330723363,6.619437992219248,3.2934899358139775,6.018642726193422,9.575357412658057,5.930435107276143,6.299160418003044,5.112770058520488,7.665980333186444,2.6897594560938525,8.721949672690403,5.1277830285835675,3.565974725710338,4.771694737650906,6.174767697768504,6.382486611849586,6.7398620339539095,6.892043512055686,7.392957452343814,5.469977999859829,3.761991965809499,4.759626215147891,2.9041095990681343,5.218818665839919,3.590186517457597,8.742556135898308,6.579502018216737,5.317089928791746,5.196654502831885,3.3711046582150255,3.7079145720806173,5.920992943948942,6.396587086490837,7.806232916671634,3.5611002550189843,3.980805674082619,5.678359639839775,3.714225727950342,7.532871357069208
GIN,3.79304733881787,7.604425093048484,10.136076793273402,8.26401181292752,7.179360526304313,9.402394981081796,8.923316478751037,6.626143962636133,9.447790521183256,3.336836203773092,1.8574703734377755,5.869873903177514,8.156254016073223,9.971309235212283,10.084257729978212,7.89650234213235,8.01584499314121,6.68615184124526,5.940513109290403,7.612033383843122,8.931681064730068,6.028364950963138,6.532481400345533,3.301130575230702,9.43476847938274,9.382878534880255,8.11190716712771,7.918767354514107,3.507413862709773,3.5463446857732737,3.1450407908108753,5.196753253994508,7.080150304787415,5.218148916100898,7.6733458513845765,7.797180308917021,9.303519200815586,8.71761979632852,9.514100603902994,6.377068179734385,9.269342981054919,6.825213100109841,5.928877040407317,6.42831432178311,6.218948118625607,9.278358322589401,8.951279767880369,4.05562712564789,9.07082619351993,6.569049901784428,9.212588350669161,5.845146948333576,9.699896528313968,7.203086248026731,3.8303954439454473,0.0,3.8667149112975827,3.550521651351019,5.477746959923601,9.159593806324473,5.176317930161581,4.8181944304172175,8.483989748398798,4.5407866939863535,8.246821388669558,5.786176347938392,5.536459984305972,8.812390731847232,7.2149693494736065,6.50271984247353,9.633417539044798,9.11607149709637,9.195054233619109,10.273027215495773,7.24667147304708,4.218291877167056,5.604400652946163,5.420859524004492,9.590317816466708,10.464446941852273,10.910344501531181,9.80970711448236,6.88734662959842,4.672217365538922,8.402573577694323,10.892200320617055,8.657876932161491,5.830354483283383,7.19539698544273,3.3825142964628347,9.40927436171332,6.879349262583318,7.887228348767615,2.512208708248965,9.827710625691564,8.808791574116006,5.891389111577464,1.9898763891254359,2.7443937440418473,7.907089006571439,3.3222521018546125,7.447703600064705,4.721613590423099,3.8958231172090207,4.631974814285674,9.433818081102215,9.409504798195417,5.281420352376019,8.688756650472044,9.264692828702458,4.467048229054076,7.654742187260666,6.4982944179101665,5.70071858022536,8.861755302885781,8.489463616557645,5.476644230332209,7.06834543822409,10.984679331588334,7.843866918548611,8.431748487943324,4.4456103083571925,9.034845840190252,3.006655141814865,10.712517487156914,4.576210998314294,3.843952864597975,6.347815985339196,7.806835487420775,7.015872446056637,8.322841336363046,8.560689640320486,9.166434399933141,4.834499974948967,4.904520244382171,3.691709525878921,2.9126682736214624,7.28108057967806,4.504884562444255,7.687643589189513,7.241533771603045,6.523379190637479,7.246168879666825,4.257933438925228,3.755557231747685,7.711895902611746,8.391215215053947,10.206794005273455,5.597424444478465,5.906689089443705,6.843848382773111,3.6729579884791432,8.435462228563729
GMB,4.004805569185603,6.579860892045829,9.483039623540696,6.821978160166089,6.073597407525808,8.20068989311043,8.027548796419543,6.3795144920052325,8.485205781997598,2.5221686476212644,3.7680167641755853,4.8095704628930855,7.261128758486011,9.170992737903553,8.223795289126597,7.199623343448839,7.450056612288785,5.213785684439312,4.712455834955328,6.364714113041332,8.976174435022466,5.670292847627852,6.10874583442934,3.2914580597546257,8.294634535855717,8.075707538505435,6.93701521631632,7.479464502875118,2.264365506495918,2.2857351942475663,4.122013706537437,4.989038223588544,5.672242895814387,2.8568804597942674,6.212722933775675,6.250328487868974,7.940499315591822,8.048992928737478,8.593164671524685,5.624215023375888,8.187477924991754,5.329728569150196,5.18060067272446,4.988144310027927,5.154789323452688,8.022222572805886,7.933592098191528,4.0855997608765575,8.097774956679347,5.662957580894797,7.960504030938974,5.202836140273711,8.354319870019248,6.0003219136417085,3.0625706461288575,3.8667149112975827,0.0,2.839963467538049,5.797039266557829,7.740230547151763,3.442598970891298,3.8143719154062494,7.6083281498629685,2.6323155472312996,7.645671691239213,5.165514722631063,5.219195709516621,8.453802266727227,6.5713267745547945,6.218483033067634,8.238608579311736,7.623797363542467,8.03711168360953,8.970042773753866,6.323628855825561,3.0499859535167007,5.048729342264149,5.203893758741417,8.727992495226983,9.904859920130166,8.50250376174423,8.529218599465116,5.702617239576856,5.752882244924468,7.565666049715013,9.702451517484604,7.666621365146149,5.214709239419942,6.377756091602881,3.425270715424408,8.140808911698185,5.927287241269899,7.0458844340163695,3.767358604961688,8.41262341011525,7.542181603334546,5.740141626105758,3.8795234115952626,3.2231398036987025,6.762093467154799,3.5724595697621426,6.768828847677064,4.568604130136089,4.717965543674886,3.873122244469714,8.458313970580113,8.390910692441333,3.0256600214117926,7.15193619820603,8.894328664765514,3.5702766342666994,6.060089404161741,5.227268373304869,4.8528272137475215,8.287841930024246,7.275611111229392,4.580388439331416,5.634865571303526,10.539728942329083,7.116488523927211,7.692039028650643,4.1962012881537625,8.516561673449006,2.540913210650746,9.686150001544057,4.267209356266902,2.4015210969230787,5.164324248445218,7.123034537056695,4.2878032479044625,7.870553205913956,7.921529539006634,8.109135237329006,5.303563900386587,3.5763636835315293,4.427637443527361,2.2056261483236947,6.8635221861552544,4.576797662288944,8.732299164997476,6.429380022966787,5.6275853559805,6.353309659917885,3.8788324021935634,3.579735324590395,6.918751333804046,6.616915705520997,8.595451966981832,5.300973052404359,6.2190088181786445,6.045062138498311,4.022619162776205,8.200522291050962
GNB,5.105888861990128,7.452840190672879,10.626085975624141,7.954798029062226,7.2669824715760125,9.179419788580498,8.943455090385157,7.325496624990807,9.375286471718265,2.250756574034751,3.1489034043282222,6.15429807969242,8.044851554404296,10.19488772732493,9.127687071296865,7.939842225675138,8.330778032802968,6.0297321029038855,5.678867258544213,7.338775971173757,9.720650565990265,6.095239291721105,6.622949074094687,3.403210636418439,9.290760411959312,9.433444452753594,8.22470606265664,8.27693745850516,3.048799170392156,3.1533008049616944,4.380351612361137,5.863348185147264,6.885097847864969,2.7181349951251987,6.878931524422826,7.472036416357178,8.854165635032672,8.865533146364067,9.471693698324211,6.4985106078215225,9.035017320881323,6.772038858478144,6.2128828128443985,6.067624074630352,6.651332414097363,9.083446169743507,8.848913840433159,4.1988599711805685,8.92364530187532,5.9097590408109655,8.79513496281065,6.726984470323883,9.25772403687753,7.130455586171448,4.611510077515363,3.550521651351019,2.839963467538049,0.0,6.298609131460865,8.638082913015657,4.630507179396161,5.0685019874840505,8.232355546056603,4.506307324311256,8.415060311628944,6.324962369614238,6.007020290368491,9.637452376480585,7.705912974809797,7.19159296609546,9.017092286814593,8.570732921873967,8.945728506941245,9.912635689876765,7.558862796715487,3.397946889358137,5.78930327053985,6.2757011011668435,9.73107886907304,10.656845723485368,9.769649922757305,9.030895213513736,6.718243866188461,5.6538915620360575,8.513776566346356,10.6856892867304,8.485836476938529,6.195907480003776,6.779813207013028,2.7843516321562554,8.699344078470217,7.2875828186921865,8.020515289189685,3.6830510625204678,9.354690782938702,8.392365831101772,6.725748987287915,3.212734598169915,4.357185694329646,7.560950578873349,2.662159614364319,8.0393098265558,5.112258738333827,3.48378669723144,4.8038206395924785,9.24562912420534,9.188126521298084,4.4425424689542545,8.062713282769211,9.579656616029348,4.107578618817671,7.452101057198845,6.483868459655814,5.709579980321078,9.023774650357192,8.206959920830514,5.968572403871837,6.750866694694573,11.282829356856212,7.896895034206962,8.527089255631639,4.384396445075955,9.365639165609906,3.225833358719588,10.941846675418867,3.0443782871520324,2.9313112247599697,6.011141100026528,7.930101028461619,4.891317896536791,8.701128465508264,8.769965309204894,9.009309183974025,5.659849668946459,4.957769332980155,4.037918027015855,2.1837728176091864,7.547211290015449,5.274489975813761,7.994570756873347,6.263169552429535,6.593430147343257,7.621493938594443,4.3973745988578985,4.058104672799525,7.697054805194685,7.6983087736261755,9.691801030614847,6.150977265330461,7.151322609192529,7.081640151192207,4.915321773181678,8.994596318626277
GNQ,4.617072533247444,7.212916267913057,7.300847800618422,6.953805707490297,5.950056437631077,7.040817032740186,6.73692913087183,4.790335417443518,7.201382735372338,6.4061144424654515,5.576290173765691,7.2571519388356975,6.747087621681232,7.150898510811768,7.36592991250351,6.680031048182564,6.868314014897294,5.623314604991653,4.416928544254806,6.613134722667721,5.585154497225858,5.4420924058686495,3.9175140900091856,6.719279136135529,6.975602150627688,7.266412463928556,6.3404465958324225,7.307374799038703,5.499488369548899,5.134557650394279,5.579435045165218,3.3021207773724908,5.837051354188686,7.236738318703743,6.256096761853675,6.292582923778348,7.450502466724177,6.724881345297982,7.340610868823511,6.0161028440684055,7.091600709709787,5.3982033870307085,4.509781127996675,5.214421150320119,6.462050117085384,7.2974725736934,6.852768778875636,7.689965782994559,6.923656035410444,5.118790564269572,7.281297449486492,3.205760486349264,7.566722144832688,6.113069763682734,5.616317140800029,5.477746959923601,5.797039266557829,6.298609131460865,0.0,7.342630400444286,5.577475295017002,4.713600935854771,6.774520774445813,6.287645756639772,6.74416284568901,6.06151385850861,6.797624944407407,7.181943302991167,6.7665964897252,3.801994952558848,6.983944950854112,6.668092380263245,7.478444734930266,8.147099632527564,5.526069533574179,6.14058549636675,5.149784391685654,7.039057048510787,7.700114198283784,6.893495732315713,10.056176355251097,7.063916078404627,6.905125053364251,4.4222844545156885,6.6981076819616385,8.811478348226473,6.984212019217117,5.2666374023762215,6.654494076459669,5.975421308820035,7.804587700143683,5.738153534491194,6.798046073980842,6.233749212655706,7.846860033034173,6.702159848193466,4.690219638901403,5.816515055800857,4.668215428704722,6.565094003631737,6.1499859936512875,5.932879808208692,3.729339612905134,7.632778305025934,5.036785118805023,7.3628875806636955,6.911473660062817,6.76851957589548,6.646489662062397,6.328348119480642,6.587651359626849,5.523124315424999,5.15064114662828,5.463006039753666,7.465824809131716,6.910109343187717,4.93307275173814,5.587881375498741,7.581847177152813,6.56745448919032,6.7008486446080955,6.687173780825989,5.71499236782611,5.1262945063266185,8.669713924699805,6.126717133008801,6.936358518177903,5.387950721301905,6.53790553951934,7.4296656733199145,6.508282278354112,6.596761111727401,6.900587032392134,4.504399220163732,6.620463151221717,7.257737597492632,5.484890481473497,6.479043047689966,5.9050929870721385,7.523608106608578,7.307782667814441,5.554733148799334,6.300396590185601,7.033271082987604,6.597420214113724,6.906436586015202,6.929206726064066,8.244603645622425,5.704829934854583,6.7432974517465185,5.021463789536507,4.489503198649558,10.806348562106935
GRC,8.135621591161582,4.191555960941159,5.0190168617467465,3.4303987703086647,3.4059012474991026,3.358965668644078,2.8831606308799222,5.086138037609934,2.8999451559838065,9.132608268612302,9.08828025947144,7.392425120068453,3.089362110756119,5.45846747087305,3.4775877803005275,3.1085101999181064,4.220048958103857,4.2327641093340835,4.911778771636186,3.516021948476105,6.459188030861448,5.367144718653212,4.933202550286484,9.998322587291769,2.68546283490347,4.017256041582974,3.0277111193186603,5.318100777650671,8.040916297371055,7.897899390116649,9.33182939074193,7.447433048605723,3.5588828726335793,8.009828161239394,4.2642721498659375,2.4199488421880004,2.9710793337797097,3.7701289967039533,3.3894474867379785,6.469638283355626,2.7121079650143654,4.284310452972401,4.801078492621513,3.792944666198643,6.253291617074122,1.7409951419032392,2.974144363106566,9.877982604376761,2.5733097123975583,4.797770649425987,1.9821349181670596,6.542669643621382,2.740464430895523,3.055177912629031,7.499552822983441,9.159593806324473,7.740230547151763,8.638082913015657,7.342630400444286,0.0,5.6264997069274045,5.070133616627297,2.3263049564023794,7.412276961299859,3.3177906526994527,6.415102909676536,6.53523658098552,5.482470556305554,5.122487794718581,5.761623901624663,3.6794161291539824,3.582070339501614,2.0174446090520903,4.107587520524835,4.994011580294424,7.345070021935896,5.305287528832862,8.563956996822693,4.062858785759551,6.1909481097125045,5.131452041331037,5.647696290139622,5.3389036826039815,7.6179076366431735,3.133419552233203,5.229219175861665,2.7113729666780992,4.258856410358287,5.039322680401595,8.611509535164302,6.318560431193775,4.41300319914048,3.120441373321923,10.00790211456703,4.621274399497241,2.512722075996568,5.5866585000170454,9.15335708524377,8.194054101363706,3.3715156846823633,8.490629300809102,4.386336397112705,6.507385936402028,11.005528629146266,5.308737972260403,3.1314532243199342,3.3408479160655578,6.239227239413646,3.414067309686048,5.428335572954617,7.587916242068433,3.687740408896751,4.294107353412683,5.37163765059768,3.966068897014263,2.0059142016816716,5.250110606623714,4.539074019296419,9.27548408511349,3.3091147307662836,3.8116532230145026,9.02457384498608,6.582626815036236,7.759406273556664,4.90024904375164,8.340647150513457,9.313871599857471,3.8501976880483726,3.0378580194162903,6.541052863189905,3.5618553315076906,3.720788337587088,2.604781934183354,6.704515240026197,6.995697202323946,11.113406341185355,8.158843641471883,5.014510366594918,7.496599875056031,10.431000588450416,6.165469350778069,3.1699867380350977,3.8427905761396297,9.662344564189032,9.497773496206003,2.8690183173731314,2.2861110311100052,4.058123310253409,6.014395267460518,6.929108868792097,4.490633734223214,8.044161535833874,11.498757865244812
GTM,4.873053686732177,4.849715733271261,7.221651126653178,4.656874484595262,4.42359756965528,5.7068821949397766,5.482547987441991,4.447964993579488,6.1978004773187765,4.223740489365969,4.753691061995712,3.3125792800927183,4.993080889134695,7.027923307863112,6.598492906768016,5.26181142760539,5.24566069740443,4.204165811871084,3.218338205949024,4.133970015690476,7.326370392957992,3.9788551400845975,5.280375321843921,5.721354217885108,5.863962345155687,5.745325793329093,4.638028022239021,4.692742597121133,3.028999960216951,3.183000969733927,5.205579814872766,5.515292023469223,3.576640061243888,4.438182992772913,5.333162623434723,4.219868831473762,6.046750870210735,5.539817197695411,5.891722837709634,5.917478564444482,5.906653506451601,2.9822728292014427,3.5881985554968057,2.5085468910051145,3.30338887556952,5.617687129550529,5.866382622756588,5.06089472521957,5.709172027094924,4.546535642197854,5.435028067879877,5.140988755175315,5.7214411464744535,4.200078112393417,2.9540476398914977,5.176317930161581,3.442598970891298,4.630507179396161,5.577475295017002,5.6264997069274045,0.0,2.9006700569522446,5.301841381023406,3.6826130973506115,5.325498296175987,3.115864935165849,3.5271466036146872,6.438155525117561,4.517501922787015,4.913615241876329,6.399813497185896,5.442341975643279,5.327348241519919,6.096648341591157,4.233180462741092,3.1160813203296325,3.6742708645084994,4.455169297670797,6.002484080856714,7.789492104120474,7.1923814069026,7.504996145430815,3.258738983307397,6.074505766494462,5.4520184046153854,8.11680558320602,5.619658470419201,3.3549392540715086,4.154261751436456,4.42506971750693,7.012016849233057,3.3580765785158246,5.2997919380152725,5.362631068582605,6.841310785178124,5.95609432356421,4.5536277728012,5.3019690391001895,4.632552795441735,4.871304326758178,4.541802137103093,4.451590766672283,4.794893470189703,6.1157688361873195,2.9253115886275602,6.149760334713514,5.9146579381236055,3.2391238760553995,4.880644246520783,6.756633118614723,3.202381745981182,4.429983266838961,3.203893222451976,2.2971365496939398,5.632808561779097,4.686678601690291,2.974768987059498,5.079943994460927,8.953744944653199,4.464400765457921,5.040976602189764,5.473423715225632,6.887924990211264,3.2553774820723476,7.52274728562086,4.781560580449129,4.4788206648944255,2.8871487135693967,4.956837373496257,5.116840325813983,5.624851615094791,5.689623216708469,5.8184299357852565,5.296003693420121,4.0888562801364,6.205992535147785,3.4512148935267266,4.017933069201972,4.276421461782168,8.414497088140003,5.501486982325046,3.946764807307099,4.20327461112282,4.7408222212901086,4.77467884432126,4.625665889359042,4.60926445781886,6.0165689867597445,3.8366127756420134,4.46208972801845,4.753445792075464,4.273137667354099,8.573397711800403
HND,3.8641034381300376,4.763265232714105,6.962123960942124,4.613699678979839,3.525533476272229,5.929540559211819,5.2753582773911205,4.185080797646493,5.860047327489462,5.216715502524088,4.7319101744778305,4.784700785476417,5.004053599167927,7.178333647289687,6.059804024684785,4.7282374328340655,5.184584705143502,3.0389981180616137,2.6634397405954418,4.33340386212712,6.981809236980066,3.4806773343738477,3.7426287844240425,5.8163702719914285,5.638416796235625,5.769245911716792,4.281588737240978,5.494347402905793,4.122298954728705,3.93898923213034,4.878710913383714,4.246623989996751,3.240956900595514,5.088994554899538,3.908958864580011,3.7785134337957964,5.606596736226821,5.447706657181096,6.064141721903579,4.762398115592486,5.779618190455928,3.45104429829066,3.081282828521674,2.5765595667900687,4.3715423237029665,5.1026880057335005,5.410168289690379,5.939379367017084,5.507323648890975,3.651736709969954,5.373291403104665,4.163575293113541,5.848496683009612,3.4557555479659676,3.6884074975369905,4.8181944304172175,3.8143719154062494,5.0685019874840505,4.713600935854771,5.070133616627297,2.9006700569522446,0.0,4.911587133317234,3.640281026458386,5.0408020130792535,4.144900084652663,3.988423151845836,6.281265465436143,4.805235080900624,3.8878975193528396,6.0142702789953555,5.621101941069875,5.294076636557085,6.775038751825511,4.4795044433722095,3.8973195173758493,2.7799247476914637,5.332626485528152,6.338086473064756,7.892185764548424,7.159285637055003,6.203692603774388,3.9442962530157657,4.292491523438714,5.058375488194672,7.657183963703262,5.204997420187699,2.578284907214044,4.669081934896697,4.290401016600241,5.870739455739661,3.573769943748559,4.5125860274978935,5.484126056022628,6.382490330489073,4.757971765761001,3.757822155857026,4.676516673046347,3.732222887947486,4.174785487935915,4.459967503895011,4.227295502066284,2.9946233651652383,6.9369012081561845,2.0987106271179314,5.970256366961285,6.023822959127154,3.463191247620999,5.180530838584935,6.820348820532819,4.2217588023882024,3.2412373029449206,2.7776229221054987,2.8274726683472498,5.914026263027734,4.579430723223878,2.873285871367311,3.4056393268283793,9.102810606766512,4.671737455152876,5.3928173099864525,4.944496735110962,6.506199075456384,3.6278331830749786,7.380143704346682,4.871146936720056,5.253655690032817,2.7988916599334166,4.66622562937194,5.284009033243405,5.134115256607442,5.223075342529496,5.529465304078737,3.80847431518584,3.713397540741148,6.723432823952075,4.123830821512615,4.5289156258206225,4.165941068767072,8.879934783656717,5.71221189411367,2.5773909179399737,4.202539345686033,5.665317208715395,5.179573172659771,4.421878026010232,4.519592898807318,6.763151913064745,3.922841797356781,4.804830961848574,3.794285818470624,3.6721814619528437,8.527003830378835
HRV,8.016142318000831,3.3400207355140195,4.364209999610219,3.8927560805932364,2.958308354591311,3.7256243325758263,2.156021667865002,4.032999287488018,2.914698351925592,8.742606585717619,8.457149947881549,6.99314305907439,1.8737285299803699,4.530846958761824,4.075991148577374,2.0400747014665397,2.985609625114452,3.84177853948279,4.623019936461156,4.251228980625062,5.447191400372367,4.271784432905804,4.783279320418221,9.49855337977925,3.3428055937811223,3.944429182370352,3.1879314894552326,5.155397840610841,7.7155200888657465,7.602759553882532,8.897653145525378,7.298466380446412,4.167736721171275,7.820823061095408,4.507677697678814,3.1216703792275253,3.2206221156751464,2.5910155067905216,3.1056158510520198,6.673609812891418,2.537596578588406,4.007883077092439,4.935291635326733,3.6168333126855243,5.928074715667454,3.001030380278063,2.1575655424088103,9.509510598516702,2.056999842780788,3.9493652021280363,2.857311381276789,6.371689014843141,3.1550645313757903,2.4533568102121603,6.9411498318788265,8.483989748398798,7.6083281498629685,8.232355546056603,6.774520774445813,2.3263049564023794,5.301841381023406,4.911587133317234,0.0,7.350832408321255,1.9191319875142632,5.906306272389629,6.345776677215346,4.679355053344464,4.866529596488742,5.750015518453519,3.7784854195449835,3.9343507917959926,2.4107166385403223,4.218853619419087,4.477205503249271,7.057423156282382,4.4666828977850175,7.553850857085095,3.617878604170113,5.714012624917032,6.16223037170276,6.57020462644666,4.647362510676738,6.945021799076608,2.128313683409161,5.579712448928773,1.5147458570260666,4.059346148121164,3.369622249392938,8.211548708276485,6.4658626885774995,4.118546164099334,2.315016093473397,9.456663044887462,4.981919566664277,2.3733824884049644,4.792575705445047,8.657867004240604,7.797013389816809,2.678062272695458,8.079856471139962,3.8740473062643024,6.37285233293388,10.374411410194494,4.626782592808807,3.2395464209616334,2.916550774557816,6.634823637551638,3.7229744464457806,4.249111656717234,7.497158197631109,4.026150108238793,4.223508461727656,4.888216543936109,2.5731107269289293,1.7460113019585484,4.69334898714217,5.211099817629306,8.96735077276688,1.8911649491892604,3.3659364938165224,8.889570584282579,6.789989589554657,7.412524395040081,4.729866432377565,7.600165809354842,8.976041247496088,3.3115223211742455,1.7975022076142853,6.973137045827098,2.1053351167054526,2.360675293531923,2.782098702580254,6.0418883568496415,7.199754112287673,10.505813365970486,7.593199911800636,4.077032039149065,6.697227524918978,9.54040396001366,4.837455264302533,3.4043542021540665,4.106221387962441,9.156667931229375,9.124365101249813,2.44411970049756,2.9924321354771544,4.8985599735798555,5.274516125439357,5.9565657020205185,4.888434564985345,7.493820156826819,11.027441930676527
HTI,3.8647821046516664,5.913007215923052,9.30981594650456,6.106016952067942,5.3749347039388615,8.077600488483144,7.894264117272397,6.003451384224811,8.549640417389849,4.235284915869288,4.307430473674993,3.7497676596210767,7.079648250404373,9.290281403793584,8.129109382358964,6.6335380185628,7.224597930593236,5.261310414857892,4.410300786841667,5.730581185782033,9.0742494002222,5.614846867429931,5.90710405256859,3.9492920832745875,8.019011406233313,8.046711655314176,6.407655673637754,6.823562504152584,3.395856182070139,3.1372865317359935,4.539847115722123,5.134258660130548,5.018658492239769,4.309358295072574,6.154923364496066,5.90022114794346,8.180753558260285,8.068370408378874,8.382633117614196,5.884561632182041,8.260714292284263,4.940279798792321,4.935011997414594,4.734528544821636,4.402435901813253,7.503477532296655,7.968736208870346,4.28803176731784,7.921326842788235,5.855341604174531,7.7645173104833,5.220181511539513,8.173075995085997,5.611209594742532,3.247440902740954,4.5407866939863535,2.6323155472312996,4.506307324311256,6.287645756639772,7.412276961299859,3.6826130973506115,3.640281026458386,7.350832408321255,0.0,7.55221386779648,4.390725823427296,4.1371779819948085,8.480134805287785,5.806368974931704,6.108481078893717,8.581509099260723,7.994038866393471,7.502228569244846,8.661603305059305,6.247431348637535,2.9700936148326695,5.1397940962708555,5.608264689898489,8.342225073304649,10.046882900998996,8.036747431643375,8.459281399702837,5.113785811159688,5.633135441023108,7.370759472593905,10.151545463535225,7.508270483824695,4.851330156313976,6.398892523988119,4.2009911639793485,8.556961888714554,5.500189474017468,6.527292792261549,4.674136508339385,8.975287791002202,7.315431923011141,5.877668583130383,4.79901867263205,3.739247391657421,6.50942581843813,4.1300744463464785,6.57080846622697,4.6000337686384585,6.022931692064457,3.8484107789163247,8.648676337386775,8.43434158251129,2.7315121985812985,7.374066398092797,8.922392499536297,3.376019176648463,5.619961840025482,4.752482413567651,4.611339934721841,7.920760870507249,7.041458762818205,4.453951573524621,5.788181114210859,11.386132245768598,6.728027642528978,7.173520810444304,4.569150966486683,8.838873949701066,3.7598324602821718,9.686808358934726,5.848417210322117,3.1779040559348846,5.1520488263621855,6.751950915616341,5.482735783940517,7.665602482956542,7.924083833786871,8.083507486771971,4.70163241597541,3.3132932161208273,5.435687371466137,3.6467226977182765,6.834657727829899,4.488010354598403,9.652920492732266,7.0588909407492535,5.228180287602854,5.806077760159086,4.450366500042548,4.208778967524306,6.309703970075304,6.377779785345034,8.101926316445333,5.187153331801391,6.161938712256668,5.211081193462205,4.177131000768481,7.190342750486353
HUN,7.91770654111246,3.9109779147552706,3.718523889172434,4.174039015461382,3.449992536859034,3.6292930541270914,1.9300324318789117,3.8710957409827356,2.3986931200418242,8.613087732433478,8.445309340796317,7.007780884856231,1.542730652158036,3.795008199173468,5.120051042392454,2.9516674451650746,1.7778553321534682,4.644693015382278,4.938260217415039,4.555646073943917,5.146738675087174,4.6572469785248245,5.285286440508049,9.514261211135306,3.419232868168642,3.3686336633554177,3.0913841385787455,4.938954127880109,7.594670149202044,7.558544371578187,8.70464177615116,7.526225929235038,4.5935336763957295,8.241773389150165,5.459058812133007,3.72900757438034,3.3503291960080817,1.4475407565633134,2.665689195992339,6.793818268709257,2.228104950641214,4.042620648399922,5.138844073812931,3.951689346807968,5.777250500056644,3.5680610256942242,1.9626937789712158,9.51101115984101,2.277775141939543,4.582580099556992,3.2888972570279376,6.241427002773873,3.29877238202227,2.7706223529371634,6.487442677669693,8.246821388669558,7.645671691239213,8.415060311628944,6.74416284568901,3.3177906526994527,5.325498296175987,5.0408020130792535,1.9191319875142632,7.55221386779648,0.0,5.670128100522855,6.434804508962199,3.59127905647478,4.450057566374211,5.949154013478062,3.937557393961986,3.8345833230571458,3.093806578891564,4.179199176138107,4.055039881310134,7.267280575067817,4.519443943759116,6.873202683032702,3.0418054190470603,5.647528066983819,6.812388186093515,7.4054044079326555,5.062429857272488,7.165266507861335,1.6544149698357946,5.11688857684284,1.676257581460397,4.193418243169664,3.4458457414231196,8.357646684728673,7.082684817458808,3.5417587400045707,2.7477430989532223,9.340216676026472,4.6917296418453995,3.543805474377867,4.265805947785776,8.555980271524083,7.608011062565601,3.571494126951339,8.344210911062069,2.932818381927182,6.680078558876818,10.299445035558627,4.472707328098478,2.5627511138300965,2.808267029188826,6.8844915902819706,3.739558903389784,3.9688570308243327,7.672208415289106,4.621031347553477,4.259125728360604,4.769258611605273,1.8757245571248764,2.4023057075699876,4.475422521749472,5.623148680211701,8.358050619563796,1.8549554557102457,3.1025831508601223,9.169968468939063,6.581176649653638,7.261476152521627,3.8080201033339036,7.776671172719816,9.035267053739588,3.561977257641035,1.786707838196623,7.44416530413567,1.4574751458867232,1.8573872199503005,2.7069330397366125,6.520806433660343,7.121492809176233,10.39370820273706,7.5115667310002205,3.476061866533614,6.623811230848374,9.479318538849512,5.290316363379135,3.843944080958185,3.743056851514958,8.999118723255242,9.061937721285096,2.5065469837097214,3.564670932690748,5.138321808758468,4.906217277968452,5.135911352629142,5.240265829688361,7.314038636657482,10.858450219827745
IDN,5.051608491279549,4.853498462839154,6.981025933867066,4.513333889654265,4.601872665165594,5.872702226300322,5.93481390292536,3.697127550133521,6.952040727925515,5.5815364204620295,5.567874077998641,2.570450121327092,5.5388731893525405,7.17453246071277,7.9055054632813135,5.492272894221784,5.000631452047238,5.873230822030207,3.709369825613781,4.273755038256776,7.112708154398685,4.962993069451219,6.318692237356666,6.398566026493763,6.076684323749089,6.319623931822692,4.561180149317125,3.465385545391629,4.409007730429933,4.152387355922352,5.544179449267334,5.783099575249098,3.8707336728420727,6.376190058063678,6.970293901952442,5.33635182042464,7.408183813282148,5.800517120500785,5.87863448934475,7.822055455648132,6.627880359488048,3.5752365555801324,3.529231418761526,3.449213618113715,2.3184091573394827,5.9943387679360915,6.60475462344163,5.2394426569308,6.041935266656636,5.6580456197142945,6.088540918127063,5.066278450064291,6.262274061813529,4.782339871991902,3.150884682542199,5.786176347938392,5.165514722631063,6.324962369614238,6.06151385850861,6.415102909676536,3.115864935165849,4.144900084652663,5.906306272389629,4.390725823427296,5.670128100522855,0.0,2.467094501971365,6.595415158664036,3.4132108188263137,4.843069779919898,7.350827987491482,6.3029536778732504,5.5999058364151395,5.990068785363131,3.9704662729450737,4.027676864453016,4.273815601383664,4.505424011008244,5.575569787986914,7.904190683012601,8.520669499610383,8.755579814953855,3.523621923058767,6.878797996053061,5.904159070574324,9.430409572554963,6.2798844286731885,3.7669010567904895,4.880013375850413,5.585019041821515,8.611031587321163,3.215958581677194,5.754121458062619,5.886350536377719,8.474842434628737,6.803780590133122,4.407440752570335,6.110312108081536,5.1276625882859515,6.259844239629887,5.6738229013113175,4.135682453736418,5.959270387199005,6.956222565065284,3.662456342034099,6.918508375427118,6.265480793025583,4.517476123634077,5.676456661249898,6.500012539732015,3.8433928536763284,5.54721968736255,3.237029315810044,2.9071527392628864,5.405803559176684,5.539813109834425,3.1860848274857863,6.197877627478717,9.127354872702686,4.663295848066891,4.315291508547026,6.398650305141308,6.748533850908245,4.610892627275105,8.12022085739777,6.48893610124959,5.462485755554781,4.285819799284997,5.110940450743612,7.625200058740913,5.975028911492128,6.168583410672215,6.420820299201809,6.014464131427653,4.544332028525436,6.671538356864984,4.919213222547101,4.103421944630089,3.8844762086385596,8.943407030319584,6.893711660743698,4.823532186256775,3.89428762210378,4.73839095394112,5.189405008135046,4.578614308339418,5.610767349110913,6.043891212296389,2.9205131178669794,3.838377173710746,4.980077897185795,4.9786671531630216,8.404430404012976
IND,5.042110666125811,5.463544132022976,8.10806488800536,5.05643196959845,5.173580684444275,6.773117288911419,6.69177139633453,4.9269325375636965,7.542637033860295,5.495460515984032,5.119491545940748,2.931656310676226,6.270836369225405,8.555357879615299,8.165811389551145,5.891244811415918,6.191304100873622,5.8392296302899345,4.222759199701532,4.3548681342905375,8.451761260708912,5.320368927286507,6.3790119294472785,6.2244898672169215,6.665218587074495,7.300329687312528,5.431140733421579,4.107481291622114,4.424153314310888,4.2631687953204995,5.303366280832555,6.008551300819555,4.04644178884976,5.987488933835907,6.756469349664545,5.6543341384274886,7.762892521095374,6.780527730571697,6.718737678377906,7.536150100967826,7.3927023973014725,4.4853226573986404,3.8879973315783216,3.884590967693592,3.2799375414675787,6.1954673538614475,7.388436777759025,4.744912852608237,6.847726408705719,5.863966715343566,6.329141698847788,6.132937222505243,6.73697584188007,5.259394914902766,3.8849435993746235,5.536459984305972,5.219195709516621,6.007020290368491,6.797624944407407,6.53523658098552,3.5271466036146872,3.988423151845836,6.345776677215346,4.1371779819948085,6.434804508962199,2.467094501971365,0.0,7.679599614713886,4.491908630670767,5.127193997562556,8.210004087162169,7.145484198990147,5.907729127266155,6.961370650346747,5.19285182199741,3.4349533991804817,4.512316631496279,5.409925091055068,6.690956409056177,9.04402902147186,8.284792838547238,8.385484820013668,3.8316639779911825,6.58347803333649,6.737055357523046,9.940135978987206,6.95631015626332,3.7529187498306955,5.602562217008059,4.832128549768395,8.265661461468332,4.102128571280261,6.202344615605345,5.616624302016051,8.942043214344045,7.09646922030425,5.4116797728036055,5.476463102669594,5.341576401007841,6.225155536965234,4.861031227276016,5.235675219913952,5.697928123773867,6.621377545841003,4.149822461964097,7.524378604627072,7.302731170721639,3.8418955862012414,6.547330238133627,7.803461065899235,2.8176201169595783,5.699210350847461,4.021318418989144,3.1037387325574217,6.296636378291306,5.903724808578956,4.312048807163339,6.097335274969695,10.41141442793628,5.36590821856586,5.292064378095053,5.715668682831891,7.5825252106391625,4.581650878352561,8.989871093577886,6.431239375645967,5.250677725158134,4.74652031030115,5.7920144845744606,7.446550983762157,6.66751511557142,7.008196546145398,7.127954471621663,5.831922012841849,4.3754989596543155,6.529274300085806,4.918288352195828,4.885995543712573,4.323868655361845,9.512711379980866,7.240053441124138,4.6745387747657645,4.64008065968601,4.903546144856473,5.002467547170758,4.913840998916513,6.132956401646833,6.552504499973011,3.962160265034308,4.568112674089702,4.8290153617137905,5.080929472827115,8.345390877935934
IRL,8.515078878851535,5.668696479055778,3.821869930425983,6.214415471343711,5.172421935660006,4.491631344151377,3.4470465093941858,4.752886184441465,3.85219586638787,9.431267286805522,9.283233845757193,7.521316418875492,4.389643178599433,4.325056343063489,7.1148722655677785,4.856438985052974,3.758701272004954,6.355892933071041,6.842994096167577,6.354580257436068,4.533853228164908,6.0846190204941815,6.73498806611926,10.476067144309162,4.60511851857135,3.0565900105674606,4.4407199361101775,5.894146174077528,8.483613982209064,8.483381621210228,9.447663017357778,8.100863536025914,6.1041277751887,9.38967366267378,7.495742684586676,5.03490619673401,4.234466431917552,3.430611852496409,4.28013382610245,7.474223639521881,3.861830352664655,5.436564591097366,6.222635718173443,5.768898753572992,6.215316172395765,5.308090025398513,3.347324742847993,10.079606040934923,3.8377140180166456,6.9770155237618035,5.292656217235148,6.2818931495695916,5.346833128559976,4.667280126735325,7.0706612432135225,8.812390731847232,8.453802266727227,9.637452376480585,7.181943302991167,5.482470556305554,6.438155525117561,6.281265465436143,4.679355053344464,8.480134805287785,3.59127905647478,6.595415158664036,7.679599614713886,0.0,5.327022667396917,6.82400645271189,5.1268174152537656,4.894506477267259,5.165928707333756,5.658360089881276,4.539044659618422,8.550786322189849,5.901407063708183,7.102387639827452,3.88386051052838,6.169141870758955,8.958421622379934,9.443934267493173,6.092814159658842,8.384278970300459,3.16995898652454,4.827751858385103,4.127205261743905,5.780776887332915,5.76877391751388,9.631419825434758,8.419717148242754,4.974038967337599,4.547804656359263,9.903885606949109,4.9955546214369875,5.7058480999682,4.89334611246808,9.450422013687097,7.844214984549726,5.541037034193927,9.42669215083127,3.6124844447564706,7.598236419453555,11.0770474784966,5.801178698914961,4.1349278967515,3.87705702450204,8.050328752059752,4.723259952071796,4.99485629330714,8.818794386632073,5.983405700859929,5.917638226055553,6.409820408145775,4.118800647155326,4.40570135237819,5.035654603343135,7.036273492292132,7.314397769215696,4.324858269283521,5.011342769437015,9.6838844444153,6.281629579857195,7.845251794661835,3.625430764187937,8.892468210822303,9.948279151386409,5.670350052502428,3.9903227605638762,8.65540148555076,3.0364412560666754,2.883347235128286,4.038824766703275,7.456521441919121,7.8958536366097585,11.030966416164425,8.480814582768014,4.758786995727661,7.1288112228665685,9.317319995677243,7.026374847663966,5.667946352356386,4.669288606028321,9.484738681661456,9.425616321756939,5.082133531301259,5.678600564999681,6.362536057498598,5.789146460438756,4.930439586309388,6.533909953692875,7.8154697770631145,11.682352505681653
IRN,6.260814073911117,4.213056877076462,6.082299878466449,3.218063290668277,3.7101114511427915,4.0703596655419245,4.650830598392055,3.8424289958150393,5.493042570006834,7.450123447651855,7.292220290315085,4.76696515765901,4.418646642815908,6.129394705065772,7.150259718434775,4.193083976281061,3.528506025046848,5.950122326585594,4.531863119785969,3.49103780245494,6.169077581477559,5.092735969282001,5.924024011322018,8.22576062103562,4.40214253430029,5.216012923468724,3.0325233755610186,2.9850319039880064,6.380153293026516,6.092069374824644,7.25558673521064,7.131699443776121,3.514913840401239,7.6412466852031455,6.871012157733558,4.334882202001043,6.17357803712116,4.61431335513194,4.563145261434944,7.632243063482874,5.06080809769675,3.576393259043443,3.716137465032428,3.9109188917892777,3.2921820552227388,4.751570431824817,5.11598906747216,7.343681747050516,4.373092567478859,6.079220074959387,4.959981274358818,5.439321569847685,5.249958321835777,3.8969024957047718,5.025858329429658,7.2149693494736065,6.5713267745547945,7.705912974809797,6.7665964897252,5.122487794718581,4.517501922787015,4.805235080900624,4.866529596488742,5.806368974931704,4.450057566374211,3.4132108188263137,4.491908630670767,5.327022667396917,0.0,5.588689976973846,5.788112227749898,5.055644224301402,4.561655852151964,4.8439648081046975,3.255138350429598,5.916361059214107,4.601345269132406,6.496193162581202,3.9748453048409362,7.415355309242265,7.786768670435794,8.615494727089843,4.499896523020993,7.299391226240592,4.377430052239832,7.8957593040019916,4.906273481280875,3.762559679729248,5.103713136269744,7.501090752751874,8.8281885951657,3.4132857846641835,4.512023046551886,7.952604387177515,7.316869592787207,5.809099248231336,3.855830071701304,7.70297902656498,6.28143466032921,5.91681775203705,7.260239987070685,3.361433928008507,6.348266990707086,9.039885533394697,4.271797312813225,5.481292915729948,4.797562861361617,5.58328884623492,4.2949148274763385,5.793271880286563,5.787144887699932,5.573981945254425,3.608034710944029,4.418166005252604,4.2405345080907075,4.639705938160585,3.3516239423290095,5.750681973413467,9.062293508454673,3.8251088671332663,3.0430511620849856,7.785285681126817,6.247008916348352,6.144635642541244,6.869216065686344,7.799174758760546,7.4917388044114634,4.424563250797205,3.6370972075796586,7.6947566888019825,4.661067643202189,4.951877392191918,4.858012672418741,6.234626330714961,4.849681005483881,8.998465247648115,6.649051564136421,4.2787494431208115,4.990231707209469,9.544887163110676,6.8011485319599005,4.116597111077769,2.049590051782803,7.127784891251856,7.297997278906619,3.2459652229809803,4.4512508873596754,4.932603593337129,3.0125496198427704,4.476301363987649,4.431617475908919,6.405846328148942,8.601240618212447
IRQ,5.004575548834186,6.0653430627462,6.359224191729736,5.323158120025492,4.693683793533138,5.867119449827316,5.748365656449249,3.822106317939622,6.358880289597899,7.142089460882411,6.407664956976688,6.255397972525541,5.97839946016641,6.8555911163603565,6.537962433499126,5.592043353623476,6.125535517109047,5.110943100120342,3.4561399521550755,4.7810870814838085,5.746111715317929,4.9048210730908615,4.552693741267611,7.582990394804322,5.626331711904482,6.482438803304837,4.8304383929983,5.462674139836872,5.92228789842991,5.5729889800877785,6.339497614190021,3.7316314773559998,3.842712899111284,7.425370061932866,5.546669806803812,4.9212091626661945,6.7553527260701784,5.965827388301846,6.179589550588921,6.639091470214674,6.350963379619202,4.2270965747694484,2.4304192007550247,3.74325968143103,5.2424751173959665,5.387321586810523,6.266176422844541,7.6646074737648355,5.940671225925059,4.863505779404315,5.738948192740033,3.6459915658458844,6.221262968865272,5.081197785914781,5.683898339735423,6.50271984247353,6.218483033067634,7.19159296609546,3.801994952558848,5.761623901624663,4.913615241876329,3.8878975193528396,5.750015518453519,6.108481078893717,5.949154013478062,4.843069779919898,5.127193997562556,6.82400645271189,5.588689976973846,0.0,6.515598255886828,5.8538073362639125,5.690623835776858,6.7108205674394705,4.721459308519407,5.961498525716716,4.441325481868114,7.045133452674322,6.492099102891763,6.205363294171287,8.749801678490291,6.153855066573905,5.522286339454363,5.733468354114236,6.051635419810605,8.576113471815214,6.277789845395411,3.457745761287249,6.241408800953402,6.306282162518087,6.753204331523821,4.291654675701122,5.7818185816059655,6.894314390665154,7.609779056844566,5.62441920287191,4.311067043458048,6.5083605242972125,5.48057388528522,5.736010197494108,6.575101194309734,4.662188114385202,4.555762090396044,8.446279336042746,4.910559441069812,6.5271199230955474,6.0987200065009795,5.7948584901015865,5.767405682131108,5.851247556281388,5.742480172069036,4.404179481272174,3.8275321720477087,4.400622593256739,6.49783077386827,5.484043113685099,4.216807951445395,4.332056326799075,7.728245862689815,5.478752338842605,5.308428826023172,6.944790054734187,4.785275155555963,5.579426420583535,7.962644933643316,6.943582561092747,7.378798321188472,4.337404745491067,5.577148891013066,7.690906754588015,5.8788815184083445,5.98211615028639,5.9284788525145755,5.283355345636137,6.025703552323313,8.090687080705692,6.309862992681749,5.337166128367422,5.600249988425192,8.607957749959779,7.40440848700298,3.920167476053594,4.781838329715239,7.272993828239098,6.937947820679992,5.482639802933749,5.654336885047628,6.699239418187794,4.902563550644747,6.0657904908073865,4.186145015860152,5.399781964880966,11.032209390483898
ISL,8.51884024183452,5.634419842310262,5.067851309573499,4.61995997788349,4.683309963634804,3.2018904520840383,3.116666177254093,5.496433390233962,3.2679595806933017,9.472987071105232,9.69856941119728,8.65682886745891,4.388358891428756,4.8025980201188165,4.180558798765165,4.828140841496854,4.4594487354500325,5.008817608094059,5.61774660787275,5.452619578929159,5.457956398429618,5.431358850793173,5.520641211900535,10.714713572468582,3.2510529276682743,3.8255990700636247,3.780063181620777,6.565006665140032,8.548927198504053,8.359465220198267,9.827915008622545,8.127112778083793,5.05561864511348,8.616281840260655,5.31681560654977,4.0082294984295235,3.244614751392343,3.596216509237458,3.9997266226075534,7.595525802520694,2.768104242967856,4.989529037492619,5.636654847318078,4.837843271594832,7.157173269914687,3.899670515063842,2.849499620731665,10.58817591280611,2.7883378690135947,5.2717481600184595,3.8511126171904575,6.520799131097684,3.884628622538637,4.286460765617386,7.9145302153166375,9.633417539044798,8.238608579311736,9.017092286814593,6.983944950854112,3.6794161291539824,6.399813497185896,6.0142702789953555,3.7784854195449835,8.581509099260723,3.937557393961986,7.350827987491482,8.210004087162169,5.1268174152537656,5.788112227749898,6.515598255886828,0.0,2.741850510038696,4.400402383654805,4.735478044480859,4.735849635687648,8.429103153394687,5.576685755605167,8.71366292339669,4.409578506498923,6.175259907397321,7.0577047259000025,6.525010066262245,6.516840271083663,8.184277108521435,3.6504377804710306,4.5395454830494035,3.61301052815647,5.530896783332645,5.482285423582716,9.278362976327003,6.1757570016458905,5.4401685895773575,4.673562420784573,10.328978116231053,3.8357333800600086,3.573580720137171,5.183721217903412,9.695935790052209,8.347242123293412,4.841581902437738,9.23303350613752,4.493531634132916,6.811228671012634,11.25481471112961,5.943938650609457,3.207227680310619,2.6084751033565863,7.721897166448391,2.3838142284737134,5.325749001242243,8.836240859023146,4.748138114879036,5.045292104968509,6.324097654132718,4.980769071591631,3.7035070881352135,5.432148767450547,5.183100803420208,7.209996459228157,4.639915002052177,4.8681674799153365,9.526154579219313,5.391254432085438,8.030533076731063,5.162374488911577,8.087504703582942,9.90055566803689,4.938989127931335,4.3177659329410085,7.134333048599663,4.0851853315860955,3.3811582115958005,2.8410097307913826,7.512132935769254,7.614459405317459,11.394719871493956,8.55676025674372,5.373364263421118,7.927821236037601,10.474636878146141,6.4438514145850405,4.777810963236706,4.9761625923335195,9.974238854514077,9.885203648949162,4.881987572488089,3.6073054792063153,5.487535057828329,6.14366579589219,7.3080838637066385,5.94652897971239,8.450826077333627,11.751710337347362
ISR,7.831186806291447,5.844904744749197,5.085721699643216,4.074983901707041,4.892582345358802,2.1234592621339834,2.8247960725368775,5.300123606399447,2.8749568380639783,8.645465573278136,8.979672715371052,7.516691512814154,4.083826744831817,4.842424401934744,4.753595201866385,4.9698847003263875,4.478100094994493,5.441381465276549,5.131089435211368,4.329117200566504,5.944800377465609,5.9562330069454115,5.378636967267308,10.08382449233523,2.44762823238174,3.169197497505492,3.435907836382026,5.3133876939511895,7.5492724343694,7.387971252768768,8.79861587749811,7.670657375691758,4.300224473933414,8.207913672636593,5.936216551585019,3.7385787678570774,3.56521785025059,3.266593616095798,2.7721666640799754,7.32460069075366,2.4336920559352504,4.236273935301962,4.886134266300516,4.184486090778463,5.991145735433529,3.474316775779464,3.274392777571813,9.623451327240117,2.8022225937669805,5.706796398454834,2.595292255600048,6.226586663878266,2.6390195148432496,4.270439690541527,7.09909255493026,9.11607149709637,7.623797363542467,8.570732921873967,6.668092380263245,3.582070339501614,5.442341975643279,5.621101941069875,3.9343507917959926,7.994038866393471,3.8345833230571458,6.3029536778732504,7.145484198990147,4.894506477267259,5.055644224301402,5.8538073362639125,2.741850510038696,0.0,3.6317967705506127,3.370120763650927,3.8392225736340677,7.487675613698052,5.218353692762266,8.156892968253796,3.8023833582082998,5.898735384409036,6.735563713236879,6.601568866549925,5.7026290274041695,8.169755553825562,3.84104935971504,5.007394984641326,3.945116440153063,4.994461721159427,5.421985806446179,8.570823681624418,6.947366194873516,4.357231479257109,5.149820767707823,9.651897871852608,4.33526908389596,4.450184108794647,5.2693437921121635,9.067201763257382,7.928816271027784,5.110545442739834,8.525228792576254,4.107750113508607,6.693817966789949,10.425724071770432,5.625559586357201,2.7723346608779966,2.373735940624216,7.071027820963961,1.9044395758472867,5.087425520478373,7.685129489825788,4.536534889769772,4.391220624045178,5.3685742954603635,4.398438658470506,3.298953557635157,4.9882064407899644,4.924944844189789,7.129732999952798,4.035502428301251,3.905551349342562,8.987942940866116,4.927476640243259,7.251701897411796,5.064939760961775,7.917244045506827,9.250099166154703,4.51428246449772,4.246546301206564,6.8550536434373734,4.030890934627251,3.673912331161,2.240428502346386,7.4971791778820105,7.110002760090424,10.679349778289602,7.788452453225096,4.797400398492895,7.380410124498932,9.972761109046067,6.625746932346583,4.637946063044523,4.1063178944104495,9.008219179517198,8.963573616676776,4.5426929640931455,3.666031146541986,3.8061379948592284,5.494403004674188,6.647932599924491,5.150496128961275,7.541349874739274,11.400152632127465
ITA,8.15434285065278,4.253715161518628,4.595756222441483,3.1831124648662006,3.7966237596221197,2.9028647597110293,2.3921312117813627,4.740355195678188,3.076009669376949,9.146010832989866,8.958193532319823,6.6804989342662795,2.944131523121418,5.086052646972919,4.56428716597625,3.3010492150455697,3.8377118587210552,5.006407563613664,4.917055637604407,3.269721469980847,6.29264363459935,5.4280132889203765,5.447004984432849,10.140445838849569,2.515804117201327,3.8022330853599327,2.717614821245707,4.075791763424363,7.9530183041570925,7.831466117855543,9.192344709367214,7.7210177573224525,3.501327096156059,8.478002930993576,5.254031256195103,3.0088108725162876,3.933149708745527,3.1838401541564867,2.3871757042881643,7.349137447648512,2.894395671071716,4.018726541633834,4.763068994804442,3.636792017260851,5.709411902707226,1.7136146917482793,3.3787392327463355,9.567585106439196,2.4037923376743247,5.363595782707818,1.6770035601262694,6.8069782517941775,2.185977034833975,3.528058837816005,7.272302180535101,9.195054233619109,8.03711168360953,8.945728506941245,7.478444734930266,2.0174446090520903,5.327348241519919,5.294076636557085,2.4107166385403223,7.502228569244846,3.093806578891564,5.5999058364151395,5.907729127266155,5.165928707333756,4.561655852151964,5.690623835776858,4.400402383654805,3.6317967705506127,0.0,2.778057318031882,4.631589854385339,7.237654707030432,5.395592700629474,8.043032431673646,2.944509375180311,5.831488754949358,5.871913061172312,6.423072614275745,4.647661141583008,8.006253193641376,3.3203346909061198,6.055877568851571,3.1935642498194245,4.268866371799378,4.787531396335527,8.615830211461223,7.014415263630591,3.7140270777741806,3.67523538391946,9.938037995913263,5.513827630343929,3.641831042590231,5.609872141246043,9.250727043906036,8.310325609919724,3.907077062953659,8.523558979086882,3.968131540422324,7.000710161601506,10.854569083774086,5.362514151466951,3.3074923577320154,2.970796127415022,6.529674808330863,3.571038825788721,4.984423787275091,7.326547478910507,4.0510467800277725,3.98979009274322,4.8430554167577275,2.9958134287947997,1.6181145953739189,5.147554732510503,5.499898493813194,8.986288575491045,2.5686142080187557,2.8050280346703396,9.220282830066896,6.479706470345262,7.754403391973488,4.810433832797031,8.540010464330265,9.325412490155601,3.801311097058467,2.9813956748261488,7.5524694190031,3.4040578565836017,3.564031113643608,2.671636191453706,7.070243129758341,7.158609118257396,10.992240854190694,8.179469827579354,4.212397908069673,7.340177982293658,10.418452211614612,6.564196124375925,3.7270924713392914,3.5130235583068203,9.296112434580598,9.304981605966782,2.7017774188038994,2.9839015394160864,3.3466966558883127,5.722310513848253,6.373652482493906,4.695300590967282,7.8168076589913635,11.208477822981573
JPN,9.099839778817982,5.731908479368408,4.76025153960445,3.9601070671972445,5.441172043862754,2.453581794830578,3.2978500240981834,5.535255510815382,3.8551826971709087,9.813926640065999,9.935436413187597,7.306213342700426,4.156544691253669,4.753908528809521,5.844428190735653,5.103464712963822,4.4097080594607325,6.8309626410667255,5.92090204301019,4.214229453634154,6.549403468812183,6.702032358730764,6.833608859032942,11.146704960804938,2.962984120680975,4.033455590379261,3.579246440134203,4.009522968378396,8.616320708897153,8.47234031724743,9.902997209161878,8.88786068270681,4.734071878523601,9.649359916472436,7.058653907546556,4.607888191590638,5.259605320511187,3.5627831864389963,2.1224660076884008,8.930754549036248,3.495970558980634,4.745596502624393,5.723357542539923,4.754384975290845,6.236403834345094,3.474431846618602,4.447371384203249,10.27987200688403,3.2543651572914802,6.776621713127313,2.9388337526169517,7.601997238130117,2.540397162707086,5.201256970650883,7.8868234899296175,10.273027215495773,8.970042773753866,9.912635689876765,8.147099632527564,4.107587520524835,6.096648341591157,6.775038751825511,4.218853619419087,8.661603305059305,4.179199176138107,5.990068785363131,6.961370650346747,5.658360089881276,4.8439648081046975,6.7108205674394705,4.735478044480859,3.370120763650927,2.778057318031882,0.0,4.833803094496889,8.244222845352715,6.530218381028891,8.49380008954404,2.400482282636194,5.523554596291445,7.100841546041393,7.618980628643987,5.771752100347912,9.437142399378242,4.538793401576474,6.826784409470048,4.600981710303363,5.636561119265459,5.633701745129358,9.632045457344622,8.481662224315421,4.357679060195643,5.556387776842459,10.796782600664892,6.345532749791459,5.578016025985254,6.444313357291378,10.349984673685778,9.335626307063318,5.945224705052492,9.608504135663052,4.491425079529235,8.374668807845472,11.475747075154183,6.549509178969674,3.7975609791688782,2.9140350678561773,7.8685546374744915,3.600305655701261,4.822049826093805,8.259736408746388,5.654889858996799,4.795772585487694,5.5914161417626,3.491595112092214,3.5575726060044097,5.957221341411668,6.88500125761504,8.24418387371416,3.7951183423960266,2.9139432584411225,10.338918389654198,6.337482397589283,8.492698783862611,5.262786395643697,9.389265145905394,10.18238735961275,5.0747245195869946,4.413194934513588,8.760492957619283,4.602640766970564,4.551496409466431,3.3571186112631795,8.700029949822857,8.187807291540086,11.732228843226014,8.962607781037164,4.533859012926475,8.280584019584747,10.81466645416328,7.748565545327192,5.587750214595552,4.30498993538094,9.771974442325138,10.006182994287395,4.261163329193758,4.258432846104279,2.9525309237546176,6.263350363965325,6.965380820588094,5.977534507243546,8.661630441906219,11.868600967309884
KAZ,6.117461474259158,5.059796900869907,5.033204091012385,4.0269578112943885,3.970953440299362,3.6172820612658905,3.7786811636570556,3.440594968791213,4.683368302915332,7.138099222318548,7.294492850446732,5.451941244738917,4.3265386387002005,5.082135969986556,6.097214382642726,4.486664305786519,3.73887747661264,5.096440187840503,3.954339589240182,4.494835040797258,5.2088803979185485,4.7250180880967365,5.365300219750154,8.175812863746861,3.781882426803932,4.0840645961256765,3.4028125433000356,4.228614738161348,5.9581385463597645,5.7783324868692505,7.097411698777663,6.430905256495848,3.9642020189464287,7.207928946947505,6.402256948362638,4.444621368456598,5.139249428688341,3.6979542901554705,4.068470738691562,7.3754345446178124,4.5016015612896245,3.1287083964357687,3.6222916127550966,3.453107636691646,3.548629459121824,4.688053328170511,4.211007992657821,7.68346424132453,4.004221837513213,5.196386531093276,4.586778144511529,4.7561434231978845,4.577815148615797,3.5460171684637434,4.878490718275413,7.24667147304708,6.323628855825561,7.558862796715487,5.526069533574179,4.994011580294424,4.233180462741092,4.4795044433722095,4.477205503249271,6.247431348637535,4.055039881310134,3.9704662729450737,5.19285182199741,4.539044659618422,3.255138350429598,4.721459308519407,4.735849635687648,3.8392225736340677,4.631589854385339,4.833803094496889,0.0,5.942172178870479,3.737269035650254,5.961631412274054,4.157107633860589,6.519185977273397,7.5723894105699925,7.743123730247229,4.2954843576452655,6.950056606783969,4.001645461425682,6.721008032144178,4.550091767644783,3.946525575650323,4.487952027721401,7.191952119726447,7.247324338640007,3.046765238232182,4.707662455300942,7.565735697109756,6.266031216947804,5.1138034219202995,2.992842649998702,7.50426807851471,6.0217960037327485,5.073609509125684,7.220181336191844,2.5541878504856093,5.676511752315064,8.746655372265693,4.393882370668645,4.7492421777118965,4.095052176383287,6.10648143693446,3.5249017901732707,4.935785697351251,6.023134811317408,4.576537776944602,3.6168285209889413,4.05588487263486,4.21143855688112,4.177242441387032,3.1757274320117683,5.298259312724506,7.173354891083556,3.6814368343798907,3.2768972672398227,7.416808034170298,4.709509773907609,5.754853163793992,6.165314872556459,7.0138205690912185,7.463200194633566,4.29356850433989,3.822206476653273,7.243237011555176,3.9981994341415485,3.9545790967226915,4.431721279358433,6.0483528919858145,5.727925081676248,8.566110560486035,6.268067753452407,3.7700444748287043,5.111584624994537,9.432136714626624,6.358912469406845,4.282086518571457,3.388758424443933,6.981311762754025,7.050330589649156,4.145122003901635,4.716931377301048,4.678003187813784,3.116730491703689,4.208347263461299,4.247105520661398,5.906562926234364,9.404593344716305
KEN,4.282298133056894,6.219713347363225,9.409531588220164,6.250149269606291,5.85091665186813,7.773699905849087,7.653710047112911,5.962923447267067,8.327716395115194,3.218352700114843,3.467651981810594,3.6211868134722054,6.855784281148268,9.3893835485709,8.239250548854594,6.70754610928052,7.127771713960464,5.349708278260754,4.160160333046605,5.60993911044834,9.162147012311737,5.6472272684237055,5.917385578849506,3.926958552552979,7.7619352577269165,8.09861810929679,6.691131218789407,6.300374462001463,2.3331769232122124,2.11905218823439,3.7877047239239103,5.232684565383701,5.103785932352784,3.4751080623805124,6.642714318251084,6.245537274374381,8.019156057608258,7.671872841641483,7.906723167675315,6.604379559566489,8.020036161424033,5.159445751671122,4.818989031448815,4.444414225902536,4.200604432006223,7.5039644220989565,7.864204342439661,3.476617602280403,7.703678858457416,5.506008105224666,7.308147587006081,5.949477673050365,7.724493762383837,5.710457091449768,3.342732135547219,4.218291877167056,3.0499859535167007,3.397946889358137,6.14058549636675,7.345070021935896,3.1160813203296325,3.8973195173758493,7.057423156282382,2.9700936148326695,7.267280575067817,4.027676864453016,3.4349533991804817,8.550786322189849,5.916361059214107,5.961498525716716,8.429103153394687,7.487675613698052,7.237654707030432,8.244222845352715,5.942172178870479,0.0,4.522361644089536,5.542726887009868,8.172127982066764,9.932180477653818,8.517050542439234,8.40739231329886,4.470526839334958,5.723401485382032,7.316496756075998,10.184791237721031,7.408985512034713,4.910928653575346,5.787687841508838,2.890053025685961,8.391631619740584,5.46129544980691,6.921511993757067,4.164514487236769,8.972795002211473,7.418886148014387,5.958329050246335,3.9468703531502682,4.327019248010152,6.4830497395429525,2.634535102955401,6.584214051911547,4.74973066550038,4.642647868789526,3.736768411938351,8.293234480077434,8.077434065033277,3.2059385334550425,6.968311494836874,8.668402776178489,1.9671478275407173,5.987782100573959,4.85639905763303,3.853622175815878,7.475096441742433,6.840676805355923,4.756287982011741,6.0356211505086526,10.934710216806156,6.286906179729401,6.692822060409649,4.431747362445664,8.38652349272012,3.386665500449463,9.900575264106248,4.6056372529148115,2.9865869613312097,5.024927604789211,6.646187605862207,5.427802197672684,7.4720027525952295,7.7050484671904425,7.865504527009365,4.97503320504251,3.949625380869895,4.629860636141942,2.5059810329930765,6.294828658731962,3.8848676652819067,8.582030780196906,6.204634538476113,5.463946913651069,6.019011998409149,3.5850817224344786,3.384614299873651,6.130181607373837,6.631605606560007,7.63028395354166,4.598526366679076,5.885342807612429,5.297241886677325,3.9898229218860055,7.9696548311488735
KGZ,5.135737000182375,4.533502657902155,6.6812726908298385,4.669795895560014,3.441617919121502,5.638151041971646,4.875918509705056,3.49827648854357,5.740026476826376,6.00446188780573,5.590936483478888,5.14638802483605,4.800687347726729,6.842365691780772,6.132401023673043,4.499249423485084,4.6649453039824715,3.3513984776341714,3.092166973751768,4.850281714983219,6.521118030756293,3.178997686178383,4.551207780578968,6.6436185792794795,5.433708527995886,5.625028766313934,4.332629860205987,5.521201366005898,4.9703873927212046,4.6590668106714865,5.54514613956774,5.376305967486339,3.9016286004459584,5.599451633737733,5.06638483715299,4.368735125348421,5.485257696737652,4.8457652061040974,5.608778910686066,6.340026111029348,5.462519579541964,3.4235908263828807,3.612317514736691,2.8809241612916656,4.0026251870461635,5.342196672682345,4.964381468370109,6.547083914892468,5.055556520819029,3.4572698956813133,5.345361629907532,4.821794608788901,5.618355962683634,3.1039892673259475,4.128097248601524,5.604400652946163,5.048729342264149,5.78930327053985,5.149784391685654,5.305287528832862,3.6742708645084994,2.7799247476914637,4.4666828977850175,5.1397940962708555,4.519443943759116,4.273815601383664,4.512316631496279,5.901407063708183,4.601345269132406,4.441325481868114,5.576685755605167,5.218353692762266,5.395592700629474,6.530218381028891,3.737269035650254,4.522361644089536,0.0,5.392383535113617,5.933114623109061,7.877652227569215,7.701924165938532,7.236796754146361,3.5261387710255363,5.107325446541631,4.659055513032977,7.7568284099374605,4.76097964825141,2.9316011842705407,3.6287287414331733,5.170524730758552,6.050692236083568,3.91164283075664,4.544140172228758,6.124521834261452,6.5497260253428555,4.629757036712053,3.3988223997502924,5.502939540356707,4.88366072370252,4.202681607340118,5.160521086611427,3.939314923951574,4.1753755675043,7.2339918682371565,2.7357761531457196,5.836137390608623,5.525225744034291,5.032987562671788,4.765184920229445,6.203137333744518,5.0397864173343825,4.080530076989258,3.3832721109272885,3.1837523351404324,5.249384942527056,4.560312797898962,2.8130642388087006,3.932735499674199,8.7219861018769,4.082497945519364,4.994640912260518,5.99654674200731,6.2061942217599935,4.625440951667401,7.513713106474648,5.0039955846708875,6.158039619416403,3.4645150753607328,4.273422852983454,6.260056316922979,4.438517733482049,4.478009305681005,5.320989811411482,4.3733611910258405,4.848441444429634,7.231501215201665,4.756954871797396,4.203344163957236,3.4214797744896006,8.62884424008499,4.626033408720938,3.3869715001230234,4.563397022585291,6.004337176324842,5.812894567732556,4.3210238241511885,4.866407886677213,6.679300863063322,2.6680551970944397,4.317544274672318,4.518590674571629,4.644830461087675,8.760737424336742
KHM,6.383600746897508,6.620674018703887,7.9631568787811124,7.51913272310202,6.66993316512182,8.268607435230624,7.493132948692206,5.640826469416324,8.320493167742445,5.160653763199708,5.671960401818885,4.80280222975766,7.00393539366786,7.833099469750738,9.447867820644635,7.426513954699606,6.395922708592793,6.577193859606157,6.066031318842463,7.551195071807959,8.15441816715705,5.652188991507213,8.08409362902615,6.240664325024675,8.489751891171293,7.532599376619768,7.002489946536894,6.800434991667559,4.816554206374676,5.103119782154631,6.084082898304384,7.032701032999203,6.965659491166718,6.415562668079087,7.96549855139322,7.420433157192487,8.31740042517252,6.987280048202933,8.01265239663382,8.271410493247018,8.209966235284664,5.684758332727369,6.427246053816268,5.6800208535350745,5.270837713707048,8.430521879383395,7.778774098017222,5.717037673369395,8.001460068797776,6.531106721633669,8.40578768388828,6.6002183344690435,8.365464450590217,6.458973237503524,3.2430541146605787,5.420859524004492,5.203893758741417,6.2757011011668435,7.039057048510787,8.563956996822693,4.455169297670797,5.332626485528152,7.553850857085095,5.608264689898489,6.873202683032702,4.505424011008244,5.409925091055068,7.102387639827452,6.496193162581202,7.045133452674322,8.71366292339669,8.156892968253796,8.043032431673646,8.49380008954404,5.961631412274054,5.542726887009868,5.392383535113617,0.0,7.629816915695076,9.236107254445137,9.927174109600175,10.45985023406549,5.474744269679949,7.634976314571573,7.335233880872587,9.86390075658884,7.665014329921328,5.8713969992054915,5.447744396702296,5.770122796794788,8.708140842226557,5.3393520347614,7.197351608564534,5.367079214158876,8.886753706219071,8.343763683079985,5.311849552518735,5.897122635684588,5.235213827547867,7.104944341894576,6.26933633837826,5.562145789951622,7.147221978733604,6.17749246187548,4.625706006847574,8.261878798805265,8.104849185322825,5.994584013493769,7.625145565794432,7.859042338841054,5.726425259248081,7.123141646015377,5.783201419339595,4.677135414473352,7.08904715062426,7.211370046174953,4.916811930770642,7.991947903011355,9.344210414003326,6.559905356856653,7.259606421649567,7.002105615497318,8.687383658666164,4.624739385275723,8.63181679741174,5.78916285164027,5.338858977738996,5.8398043090857215,6.914092001851078,8.125585843879152,7.176938895773614,7.093469400390513,8.353870196358125,7.370267773168901,6.05457542480744,5.879553715089832,4.717151547845401,5.153090679653967,5.054843663100441,9.336245263079716,6.968287857040829,6.823979492794724,6.732164407791052,4.68234121003336,5.377823630017439,6.957187505163981,7.656028023329306,9.056967109951438,5.0776076845433264,3.7232516755296308,7.773141707896443,5.399480481054747,8.876667411369825
KOR,8.78475255660634,4.860105529690878,3.4554356691548067,4.027866828911798,4.612566271498764,2.326827976609537,2.405502720216577,4.386769038640154,3.2863469709853796,9.625819169749864,9.58592073069137,6.992857525365235,3.481857804802436,3.8334919422142932,6.050656186456713,4.169275509789129,2.9364804087237912,6.36609468369137,5.901317593036526,4.469564173431246,5.171045392644639,5.9357198964143025,6.638715963131574,10.810172760869037,2.739575805126126,3.2565083364208536,2.806981272719851,3.756213061518765,8.52146605279832,8.38322648319347,9.70329067970783,8.50709365940305,4.715858010449761,9.502554190787293,6.966678733890731,4.331786577821234,4.599991560771462,2.5465608144387026,1.939705233354157,8.487674097979138,3.0011431390207286,4.506240429506507,5.4823798906865555,4.6600645216033705,5.761206930959743,3.466308749299839,3.425849003814304,10.023640293186947,2.413731786298759,6.478851598122888,3.471431248657427,6.894277748863287,3.2178419229399213,4.408974184613575,7.306567179885972,9.590317816466708,8.727992495226983,9.73107886907304,7.700114198283784,4.062858785759551,6.002484080856714,6.338086473064756,3.617878604170113,8.342225073304649,3.0418054190470603,5.575569787986914,6.690956409056177,3.88386051052838,3.9748453048409362,6.492099102891763,4.409578506498923,3.8023833582082998,2.944509375180311,2.400482282636194,4.157107633860589,8.172127982066764,5.933114623109061,7.629816915695076,0.0,5.370329071516526,7.682006914907039,8.293477007348965,5.497070554687389,8.859967268598323,3.2607256622066174,6.04228926319637,3.7357704784141674,5.152563790134034,5.100083578998802,9.54044702384725,8.314293965763955,3.9361906668777915,4.429245215521956,10.377468920924027,5.780038374379687,5.135432919962451,5.266945074850213,9.921992160737755,8.666520229697237,5.403554598171085,9.43646069476235,3.193318381667937,7.978467966311424,11.280784550280503,5.8494962701158855,3.3511411391973924,2.336578416103489,7.634004959754334,3.4352403706425965,4.212997101026728,8.29466696494911,5.576699908636524,4.661184425369598,5.500704561757709,2.432826475042505,3.187588794371689,5.173915511018324,6.817976272527102,7.64983027570632,3.1346184521512286,2.4745087699153765,10.058099189731843,5.919194027379506,8.15919959683379,4.246413523790708,9.149747583202812,9.951124227596626,4.90503930721787,3.2288820270124967,8.842441806070928,3.26750164693317,3.2280130152541346,3.0286418271509117,8.037064764861588,7.710141150893045,11.4004975953818,8.714132823768862,3.8059288350623746,7.480952977374907,10.22422541648848,7.249482363220147,5.13038263088324,3.566046508392188,9.49520815282422,9.713655579331906,3.4910549572197525,4.252848754191826,3.9362543560427348,5.460306983175441,5.661285551571929,5.750721833723632,8.31214363798587,11.467778688588155
KWT,9.97020261224417,7.050041652233733,3.892921617932679,7.181007080653266,6.696008383601105,5.456920982380973,5.308735280041676,5.659487531822215,5.432429038021625,10.737578688137377,10.46723535924759,9.366067482517984,5.530447050473508,3.726984886837675,6.859362694334835,6.070690517887964,6.005799691497939,7.605798107461507,7.182792121137032,6.891630351265847,4.244031125538085,7.22939872850633,7.214462725326349,11.617893356575555,5.6981889105166665,6.062326521220398,6.053337876145793,6.712794541912825,9.71897223597173,9.639257836911012,10.835330565541286,8.093519663777288,6.998138514672832,10.830814316051729,7.6521165703484835,6.387346375437751,6.567198573704945,5.248847229858025,5.393040107067329,8.787865208779921,5.420546401118236,6.449499542113276,6.633578161351607,6.51748681820747,8.347658116968123,6.116147330584811,5.649138148917987,11.817399740352245,5.398257626824931,7.075802210901814,6.0109737009781625,7.106370003061567,5.9941130899983,6.838753179096045,9.132132845840234,10.464446941852273,9.904859920130166,10.656845723485368,6.893495732315713,6.1909481097125045,7.789492104120474,7.892185764548424,5.714012624917032,10.046882900998996,5.647528066983819,7.904190683012601,9.04402902147186,6.169141870758955,7.415355309242265,6.205363294171287,6.175259907397321,5.898735384409036,5.831488754949358,5.523554596291445,6.519185977273397,9.932180477653818,7.877652227569215,9.236107254445137,5.370329071516526,0.0,9.62219346324914,8.021776713726645,8.141834235117098,9.324343327487668,5.862296597345214,7.521642891512692,5.898763250218293,6.764968800725581,7.0061946255337055,10.665906384245488,9.105411366779276,6.3493062660667485,6.365650964656679,11.308695585815382,7.3634555937975135,6.593683124767993,6.815610442368521,10.910191561482478,9.78552126219638,6.909173767991061,10.755582733881536,5.875532391087616,8.827805142819775,12.249340034972832,7.872024899984071,5.626180586560981,4.937201859627427,9.563552933251419,6.234350460025031,2.8578140652121613,10.007489106733807,7.0321422044900475,6.837316863067327,7.451825068384091,5.585178312794021,5.789010156891758,7.187513032088264,8.07701383350964,7.189784385349788,5.739312925172377,5.594402510057217,11.498587003921328,6.605850595230021,9.323742606575804,5.889721005910031,10.043774724670026,11.357765166155954,6.317467108711155,5.77676641276889,9.940101978109414,5.620796072665725,5.6731645435566165,5.566061402486905,8.886316318461686,10.180277487862943,12.312649171086827,9.845282393359534,6.161278943641953,9.478380899475853,9.151393210844189,8.30749819974562,6.825420521369406,6.557218242664383,11.253029830691734,11.323257374670746,6.455286877540162,6.466287755730599,6.775074572501167,8.026065461675099,8.110528909829702,7.384456845918278,9.503285217297652,14.656249987572624
LBN,9.747000124870114,6.892103636835243,8.36751592791108,5.701839701210817,6.336799275164336,7.105147390845134,6.745619309992166,8.439896388833443,6.513285621622278,10.044467142939093,10.6807101311933,8.79086938732238,6.126855735301496,8.165291620804478,4.8162007554782456,6.691263736079565,7.497384628925385,6.127581588634748,6.946317609879565,6.22842669504017,10.330302681383106,7.927990001272528,7.482773233543862,10.630040279758576,6.5964097441719005,7.025682576270247,6.477450692559386,8.463535157341827,9.05383665807984,9.107817950505535,10.735509282029366,9.91210728657576,6.373434657204795,8.522753484805751,5.869421452268824,5.778680265463382,6.202584000300455,7.2463400481513265,6.975658253232511,7.737124473799256,6.54850094713445,6.112145511836095,7.7614880087638785,6.317505674083671,8.074233758211497,5.823321184476232,6.724252014044386,11.051318633413306,6.9146493201258465,6.853627758057628,5.71684435673273,9.167969193197026,5.718643419208072,5.875679945207911,8.8275989301476,10.910344501531181,8.50250376174423,9.769649922757305,10.056176355251097,5.131452041331037,7.1923814069026,7.159285637055003,6.16223037170276,8.036747431643375,6.812388186093515,8.520669499610383,8.284792838547238,8.958421622379934,7.786768670435794,8.749801678490291,7.0577047259000025,6.735563713236879,5.871913061172312,7.100841546041393,7.5723894105699925,8.517050542439234,7.701924165938532,9.927174109600175,7.682006914907039,9.62219346324914,0.0,7.015593802169097,7.479663823022842,9.661134346888623,6.89433954453693,7.588607728652427,6.274802664450179,6.990764032602081,7.013564944499842,9.769826017288803,7.616339490493755,6.628913147362731,6.397903053379897,11.291038032122806,6.999965249779527,5.805834517081789,8.381213564127663,10.735830249561817,9.977627109247146,5.4251570320008184,10.018732809574832,7.5074699293990035,8.589922061109222,12.07584800480546,7.681154816071014,6.662011321467321,7.466588414665601,7.191445341730398,6.8649008418297806,8.882978171813255,8.621400705507082,5.648666244882109,6.742557922530558,7.280374475494528,7.207807454261414,5.735268172410641,7.838240592165528,6.6533390852912575,12.497952706677376,6.548202051044125,7.190432894280591,10.43776482149419,10.230595338919859,9.361114465902293,7.438152213540171,10.080279700330657,9.801936226997627,6.3378994265936,6.727216877107959,6.772139944848807,7.2264120382469255,7.494789727817654,6.797784547685015,8.945064352940157,8.332882462528953,12.078249780610513,9.346211501073988,7.967546492892238,9.724365725514678,13.846098345477866,8.072566234565109,6.11559726129215,6.97031827538761,10.872687839199427,10.879767364782781,6.19149197356321,5.0591243110226785,6.229751245626921,8.62869603007655,9.427407007898791,6.816445035684419,9.63394695367728,11.046313339684929
LBY,8.130425608817916,8.278044259933852,8.276811886569487,6.583328362867983,6.886472690554793,7.091050197117746,6.878795554770083,7.867034796594846,6.733349795369096,9.71763955047225,9.323698052677189,9.846282872237959,7.253252202611413,8.480409199099634,4.939626149525726,7.316157775528082,8.296503658272455,5.735458822254439,5.805636889177722,6.438534919749142,8.92065489182284,7.159374723826048,4.928746221786899,10.386460737416838,6.408007078472097,7.849771829064377,6.771174722182612,8.484847236196048,8.660495424406301,8.473375358442269,9.374347640590582,7.362889743906429,6.021209724488838,9.065436228970214,4.320298245767554,6.076916114737799,6.81074309043142,7.440834169348427,7.340860902271219,6.974434446735278,6.977682523936392,6.7797625887101,6.4566550151087165,5.918669861574743,9.08469881990028,5.701758072135236,7.173328494078399,10.90706635779494,7.044157392016156,5.720182943385167,5.941815900539205,7.735669310769073,6.264244158615717,6.8678554781328325,9.128484749818682,9.80970711448236,8.529218599465116,9.030895213513736,7.063916078404627,5.647696290139622,7.504996145430815,6.203692603774388,6.57020462644666,8.459281399702837,7.4054044079326555,8.755579814953855,8.385484820013668,9.443934267493173,8.615494727089843,6.153855066573905,6.525010066262245,6.601568866549925,6.423072614275745,7.618980628643987,7.743123730247229,8.40739231329886,7.236796754146361,10.45985023406549,8.293477007348965,8.021776713726645,7.015593802169097,0.0,8.320795620956513,7.203714127057437,7.58698198801595,8.291346623049003,7.166057939270009,6.416908755682907,7.97552719269252,8.384834379035185,5.551870153377053,6.992988744663129,7.31135090160731,10.22605799330522,7.314475347613866,5.589980521538444,7.845120170241905,9.221961273746338,8.881167843073289,6.056070856368421,8.74449050053341,7.5589748699167165,6.021568804977216,11.263704000933412,7.4661418480398805,6.8731262930184105,7.301198341582452,7.827117625804622,6.880930341704835,8.235436707837167,8.66692622926926,4.86980736491104,6.177649882423949,6.86345057237472,8.243376711181268,6.329117905356497,7.872534549125601,5.355270961301776,10.161372911153872,7.343324366158098,7.444646838350124,9.193848397725398,7.57926989968505,8.407477289354281,8.73390826331733,8.679163732106268,9.925871825471518,6.169496901851202,7.477119688140226,7.524597394451639,7.52845890385721,7.548459642897025,6.696262172965812,7.4514414603285655,8.570957208627108,11.300198364047521,8.869641372240736,7.822526425800677,9.753955635049905,12.135798893306056,8.898163043035755,5.6173095954948336,7.525145011988634,10.684595560502348,10.22238182799945,7.142848222045074,6.134597232387215,7.452354360412986,8.724028973581285,9.934889441327881,5.642951514258631,8.346390158038536,12.61369282286045
LKA,6.3613405140980905,4.080207549350382,6.898613474583493,4.74758420176761,3.9664521033841544,5.622204922535598,5.038254820918155,4.303565223413951,6.24904277714193,6.601156474664367,6.4253200295123385,3.371465660223079,4.886436820077536,7.228790644945086,6.756505125361066,4.477467717799445,4.994476719917055,4.480070595147496,4.159088703469364,4.769733480579147,7.380049391151534,4.355152838427535,6.0294738775950325,7.397821653635565,5.617012414929605,5.524989569855011,4.52561721443861,4.5483727776687255,5.515796321618149,5.364880729771658,6.672437306803019,6.431632833050481,3.974744507951522,5.906813435371243,6.091722233144113,4.431445150511731,5.988670052457397,5.227625837180214,5.501913438660012,7.513130536526698,5.884636835659136,3.771197984488234,4.4231454141375455,3.2401215928656373,3.2699396552881854,5.292867905222137,5.4684341230771345,6.351907233766518,5.173766686876845,5.1327495315465566,5.290413997049528,6.110478038496505,5.580922836292377,3.6972129927231836,4.775177501853016,6.88734662959842,5.702617239576856,6.718243866188461,6.905125053364251,5.3389036826039815,3.258738983307397,3.9442962530157657,4.647362510676738,5.113785811159688,5.062429857272488,3.523621923058767,3.8316639779911825,6.092814159658842,4.499896523020993,5.522286339454363,6.516840271083663,5.7026290274041695,4.647661141583008,5.771752100347912,4.2954843576452655,4.470526839334958,3.5261387710255363,5.474744269679949,5.497070554687389,8.141834235117098,7.479663823022842,8.320795620956513,0.0,7.042972004641216,4.965796776447951,8.438395023049159,5.177548479385393,4.107528029227322,3.9340374531707862,6.077153046845463,7.2888960300038725,4.048672239610387,4.829562149590568,7.099099383845154,7.391414828078231,5.409207941789313,5.01709836508864,6.910839133836154,6.117138587150448,4.608536744004946,5.829043332831092,4.576077278850865,6.042572784101474,7.891437178823367,3.698290818625167,6.391759969125501,5.637958072874078,4.934994828555574,5.0890346987450235,6.647977683357672,4.729412295463954,4.562928001801586,3.8864546728729366,3.4166751630677052,4.920220109601545,4.25802638094749,3.636244306092994,5.791261521517586,9.65654609569589,3.8434864331903356,4.780731251085813,6.595412201605336,7.324651743265921,5.61412857045835,7.4924712634315735,6.154777798117115,6.404441800745002,3.8405297532409177,4.4532944073844565,6.815939926032555,5.037520906806199,5.018297449610041,5.688953050737428,5.683982458777322,5.39577965141172,7.879332113165616,5.581394056525499,4.2276918281039455,4.007621967522061,9.130347065887552,5.298143203357491,4.42680169724091,4.614401452064245,6.013914945295907,6.0188060430567525,4.357644185692258,5.00194400988247,5.83692690025429,3.8023438664460474,4.528404367451347,5.350339612957858,5.554413291369497,8.897470131748525
LSO,4.803043906441644,7.216513376624122,9.022618642570261,7.422531140093466,6.062634770170627,8.470410229621336,7.616181506133014,6.114326745488336,7.986347788897446,6.406290480202142,4.721202269448972,7.512694633229312,7.135403651470614,8.994589934727497,7.81425301025579,6.578697435278883,7.359673546191274,5.274052770112847,4.961357161992159,7.023860050402201,7.939897211803598,5.254546386213592,3.7873923326868475,5.929801924811886,8.059176887813106,8.414991373672137,7.167327041514,8.10422487936998,5.777506786242588,5.553893699816156,5.12746242754817,4.9173668527578105,6.37115334331451,6.783839740608934,5.5157805617415105,6.663227496638222,7.891517101994916,7.669789884761563,8.413832719779535,4.92411808990899,7.989757887186777,6.452370091371816,5.757066389853165,5.847891038944639,7.234561479783903,7.830715610633945,7.472983027287537,7.375650608109182,7.758366754581338,5.023793843748698,7.951261356498879,5.5879069993697,8.353181847701277,6.105597161327077,5.982480546876795,4.672217365538922,5.752882244924468,5.6538915620360575,4.4222844545156885,7.6179076366431735,6.074505766494462,4.292491523438714,6.945021799076608,5.633135441023108,7.165266507861335,6.878797996053061,6.58347803333649,8.384278970300459,7.299391226240592,5.733468354114236,8.184277108521435,8.169755553825562,8.006253193641376,9.437142399378242,6.950056606783969,5.723401485382032,5.107325446541631,7.634976314571573,8.859967268598323,9.324343327487668,9.661134346888623,7.203714127057437,7.042972004641216,0.0,7.138402821472759,9.48758677043036,7.208937676725331,5.393698031010774,6.6167294658746005,5.032112660960244,7.759706853631875,6.571068062983397,6.588446916621244,5.982924942643415,8.4313197028886,6.711587998133142,5.792517322887141,4.661349899631508,4.795402781170799,6.245390641553291,5.008690444210703,7.112801486656329,2.955230347321463,7.410790945555266,4.796275617859236,8.21435476856481,8.31094708407747,6.392030359608864,7.970766805177455,8.28823525790448,6.387728654655494,6.048348370760746,5.934095495734222,5.745442025383973,8.038724190512568,7.371982611890232,5.713032681119932,5.6324498118744675,10.685494807845448,7.017137585058489,7.656427641997822,5.533503544226084,8.308969656617899,5.240174172092158,9.669942360010602,5.675682664171872,6.610701973499913,5.490849038158537,6.756556984778892,7.034185849955336,6.9388282809635,7.316892240652438,7.8031303648570205,2.702608305978351,6.3701113684628305,7.1543618947067715,5.233572622840562,7.132690735345106,5.908600571864866,8.714247034050928,7.085978368545747,5.349856697406062,7.062881745673027,7.36875344241033,6.550804225385722,6.835743027702205,7.383707720268701,9.38827928986366,6.3189591064957265,7.101948722102188,5.145057232237502,4.264735236929954,9.319267676075267
LTU,7.935203429660082,3.680537052297934,3.9335471512936815,4.331628832904883,3.019714809532427,3.496405460141855,2.1406695542676455,3.8819062606048584,2.629265940007011,8.794204808782386,8.64294268577593,6.954716209183241,2.0479075381632907,4.199527701939962,4.914360708901251,2.5428081266563143,2.1851672661539014,4.469530140128288,5.086922844480578,4.662458488465739,4.909793001414051,4.779431167286933,5.109746244367476,9.56157460756858,3.2567333539992,2.971608916693662,2.997925787638321,5.237998446783937,7.7539326939576085,7.658537459710958,8.889305481578816,7.31895426879886,4.4901366237965945,8.130344159790756,5.483158904111682,3.2274219889072846,2.8243644626773268,2.3302048860634414,3.139505992293032,6.453661926067912,2.2453985550874926,4.162952655417906,5.144461702922864,4.118852972698627,5.62984884094126,3.5605719616752904,1.3124003033016558,9.616357721290933,1.9835894390174271,4.887674872548116,3.5639920220299532,5.854923696798004,3.7363233634401753,2.375513688130562,6.661304705439343,8.402573577694323,7.565666049715013,8.513776566346356,6.6981076819616385,3.133419552233203,5.4520184046153854,5.058375488194672,2.128313683409161,7.370759472593905,1.6544149698357946,5.904159070574324,6.737055357523046,3.16995898652454,4.377430052239832,6.051635419810605,3.6504377804710306,3.84104935971504,3.3203346909061198,4.538793401576474,4.001645461425682,7.316496756075998,4.659055513032977,7.335233880872587,3.2607256622066174,5.862296597345214,6.89433954453693,7.58698198801595,4.965796776447951,7.138402821472759,0.0,4.710284058418796,1.213272638953596,4.466428094848361,3.9779742201651294,8.638261485342982,7.278486070519205,4.057659153399794,2.1908389468911946,9.5393971922841,4.360826770703665,3.2258885483996917,4.39024391311149,8.80917395287156,7.553947545529102,3.548212369604507,8.424423008530939,3.2368370891453306,6.492331595864954,10.607959294708069,4.524198473896625,2.972102138621497,2.728469778623305,6.795345166157141,3.4480580162977286,4.328609257788155,7.839119783820712,4.470317773458803,4.507434118684799,5.263755865851072,2.614165099815163,2.5950480315410083,4.310025979487525,5.481692839872941,8.45537915582836,2.3323707190684018,3.4500865913007703,9.008818648257966,6.463050420004059,7.4131519886244925,3.8546368404416373,7.974417144795959,9.10895904614731,3.85167344287931,1.6064155133044105,7.086104613701126,1.467135560386013,1.8164285653931411,2.559916113163242,6.122248423387189,7.0294195274570495,10.597040627246246,7.661490654093335,4.1884365504265695,6.472234357000496,9.225501344484165,5.298776023510875,3.8629369749518383,3.6591195925145588,9.175183104433705,9.075441950660037,2.7603260022544465,3.4311390323632787,5.048014087658076,5.015724607090512,5.4215912825455,5.012682151632074,7.40590933058659,10.953257464737572
LUX,10.321035063562311,7.7163354290343955,5.679991474782994,7.268658160173068,6.856507957157171,5.448446657021263,4.6134141337855805,7.661218757829304,3.4956067784905573,10.896528844042363,11.258294700193211,10.291430149065732,5.6128670837540335,5.764490740417656,5.724174571061544,6.511791992801285,6.094447899851075,6.7505546739239914,8.16825799957561,7.471348974433301,7.104940859362828,7.805227144186617,7.21855430402457,12.177648704760099,5.066038316550139,4.1105059419874115,6.074141117898762,8.470579362938077,10.070154355534335,10.193875244857002,11.415228412057152,9.79637872404048,7.382151195945434,10.127459667379174,7.04812448118528,5.747583789884347,2.913079593420679,5.052120888965493,5.471767368907444,7.259555664754592,4.074363865984628,7.12613674512058,8.04460757036663,7.1792986439071775,8.957232998407674,5.669187891274779,3.9356813914434636,12.318116824178997,4.985150119121183,7.611163717654955,5.39541400699319,8.342508562033913,5.35631156885655,5.995945322012351,9.429734287061304,10.892200320617055,9.702451517484604,10.6856892867304,8.811478348226473,5.229219175861665,8.11680558320602,7.657183963703262,5.579712448928773,10.151545463535225,5.11688857684284,9.430409572554963,9.940135978987206,4.827751858385103,7.8957593040019916,8.576113471815214,4.5395454830494035,5.007394984641326,6.055877568851571,6.826784409470048,6.721008032144178,10.184791237721031,7.7568284099374605,9.86390075658884,6.04228926319637,7.521642891512692,7.588607728652427,8.291346623049003,8.438395023049159,9.48758677043036,4.710284058418796,0.0,4.929918513006704,7.529184066315173,7.410446433595351,11.005576565434021,7.44424129365858,6.908180077031692,5.9265405511396025,11.911245899999049,2.3102690385702997,5.635504801782529,7.19263958801944,11.073840111790597,9.880916459511644,5.748238408945001,10.976875598915594,6.084894010507366,8.490653852111354,12.90317285672936,7.75940352450547,3.651176734180789,4.999199595021927,9.08690058212752,5.2614290935075845,7.201748386971947,10.544693922863628,6.428538603842318,7.560823064341699,8.18892314770527,6.272349554333438,5.2076622011664435,7.517584789376741,7.180017586517244,8.379174967327112,6.327228919093386,6.952330235001909,11.024445003200537,7.5195475220672385,9.540967736755785,3.601168421753417,10.009328937975274,11.551409709362158,6.862967347787047,5.851213772632411,8.01112028733635,4.977726036508056,4.734755009397504,4.517680484220949,9.040086266456083,9.42262908076469,12.99850988823804,10.083759126665555,6.996026759415491,9.882662828292283,11.635431403757822,8.174744029654128,6.6138920497370455,6.682661312709548,11.816058003423375,11.51854240826672,6.5579954908608595,5.942655984224713,6.875704749393876,8.51065637570751,8.21463818362464,7.452206254676173,9.778161875610955,13.40751192389557
LVA,8.24110366059902,3.4662193843056435,4.291592725665422,4.285737070536976,2.99816598675315,3.8598038262232204,2.421779740005169,4.270816592568843,2.718562434405272,8.945308794276091,8.830484339310301,7.305208376321986,1.6993805802582125,4.364274035816861,4.368334602690595,2.3661631538097607,2.5814312615725745,4.18125953477625,5.06470436673695,4.664135124070509,5.436120312752041,4.782950946699176,5.098068799238437,9.641202679178917,3.5554055806142566,3.5597506643745254,3.336614654394723,5.664829991420109,7.9297620861389335,7.838387928318575,9.14849119841655,7.53023104073946,4.615079695728936,8.041135656995673,5.007373075832143,3.228028892286938,2.806464711693924,2.6209304308722916,3.3437698146152335,6.442038694998831,2.2115611148902463,4.273981762376321,5.3839588224041135,4.126453805654333,6.06270435038786,3.4874890321257785,1.5111116044071695,9.878497725329296,2.1582171152663956,4.4347895528496215,3.372033695716086,6.273483016788386,3.564557118853125,2.349125551885086,6.976838954565988,8.657876932161491,7.666621365146149,8.485836476938529,6.984212019217117,2.7113729666780992,5.619658470419201,5.204997420187699,1.5147458570260666,7.508270483824695,1.676257581460397,6.2798844286731885,6.95631015626332,4.127205261743905,4.906273481280875,6.277789845395411,3.61301052815647,3.945116440153063,3.1935642498194245,4.600981710303363,4.550091767644783,7.408985512034713,4.76097964825141,7.665014329921328,3.7357704784141674,5.898763250218293,6.274802664450179,7.166057939270009,5.177548479385393,7.208937676725331,1.213272638953596,4.929918513006704,0.0,4.506562067761615,3.701174753577221,8.690040119522923,7.05198741575637,4.376438225219094,2.011430870742394,9.768551535353614,4.483708258469944,2.666732574998128,4.864578686743327,8.973332893368035,7.9108939234980875,3.168203062338673,8.516559202904233,3.8448510150626922,6.639262623065188,10.74560447185184,4.708468628256917,3.0382496067450964,2.9750476896905864,6.86098518915751,3.7145449282635976,4.358667136763424,7.982926164440377,4.421552951782975,4.636839036513386,5.399318960418783,2.7157265572138862,2.4388553735514726,4.725917128579458,5.366151973545025,9.063333100235573,2.2671999782443546,3.706233992843255,9.248038979901887,7.040304175966019,7.6486784047716965,4.140698135012048,7.975805646363856,9.227717599084647,3.7332809275660317,1.7245446056185976,6.830940582661608,1.8741182443644053,2.2495117411823706,2.6757490516696287,6.247651143195041,7.3165419839603,10.804026867513171,7.786684122613473,4.508815075884472,6.864179164352074,9.506102832685102,4.860092735295681,3.8031476561377704,4.12632625544886,9.47286444138544,9.419228345228117,2.6853341246173303,3.0534864748105384,5.16637643430553,5.412206498398451,6.037203824522536,5.214585214558322,7.760678581841909,11.171069145258526
MAR,5.087836008779233,3.87769083102613,6.081403453000598,3.458909584538013,2.8374547490023083,4.889871839630472,4.473688956689587,3.1298062416741024,5.141512218302248,6.336301473408219,5.8704908605041854,4.963453272700627,4.241078181158897,6.316007975913736,5.769340420806279,3.783547444368078,4.288510942555987,3.722819030937265,2.820841330712196,2.9011359124395,6.102260730895896,3.1180988400535488,4.377639305276047,7.050446218609107,4.71793130835296,5.372136308834575,3.205853673785096,4.149109813817472,5.179304296947914,4.988338157518882,6.195120629587557,5.330345954857854,2.328731853038926,6.233854738648006,4.28759704813909,3.0804908812043097,5.34961527217742,4.725236889873128,5.032259065875324,5.648245554262154,4.908906597334811,2.671596475030134,2.141155541284897,2.068811164691745,3.8926176696556225,4.007901502194213,4.891570719530941,6.753762984261504,4.525572471497166,3.7925457034494885,4.3721768079771355,4.5076416453082775,4.928520297110355,3.1301014119453545,4.350899366381925,5.830354483283383,5.214709239419942,6.195907480003776,5.2666374023762215,4.258856410358287,3.3549392540715086,2.578284907214044,4.059346148121164,4.851330156313976,4.193418243169664,3.7669010567904895,3.7529187498306955,5.780776887332915,3.762559679729248,3.457745761287249,5.530896783332645,4.994461721159427,4.268866371799378,5.636561119265459,3.946525575650323,4.910928653575346,2.9316011842705407,5.8713969992054915,5.152563790134034,6.764968800725581,6.990764032602081,6.416908755682907,4.107528029227322,5.393698031010774,4.466428094848361,7.529184066315173,4.506562067761615,0.0,4.276834289133127,5.738041755689036,6.343294246773621,2.9055045361872907,3.7818650073979208,6.535463904807672,6.459667864627548,4.445363028867074,3.610903627474147,6.00462511616697,5.153381906737217,4.181732226465639,5.775591533751041,3.4079442472385875,4.327819241859261,7.876395606076394,3.1772138268495818,5.2244457722995925,5.062009740033354,4.206741566076804,4.523178147211687,5.680322406349523,4.7850904632799836,3.7899525518865924,2.531536093906422,3.030727265144034,4.854058209516339,3.7468909826628702,2.5776173337720816,3.4785450212721023,8.820826169063077,3.635123213229953,4.072828883129202,6.382009760483578,5.920814804106951,4.603630637753077,6.877213213672148,6.116175137461312,6.490847351726146,2.500092386203228,3.6779880120275172,6.248305061482749,4.385554713092214,4.670680106081346,4.626782870358024,4.667102886341271,4.56780681746389,7.869721087329172,5.385191551115806,3.739174870034008,4.740102475999318,8.78124002032882,5.728682379370056,1.7377538377461015,2.9469055227316083,6.6535513647900615,6.544639855634643,3.218348888022085,3.6453939400883053,5.780397309702136,3.4156018047954504,4.530870427420975,3.645249265243946,5.311289203762329,9.38068555261531
MDA,7.4815122291342435,3.640678675331284,5.7995963890960756,4.891104096180097,3.817674550908519,5.579718150910283,4.308592872085071,3.902761163290905,5.1703510517705835,7.041561016856391,7.122543070151354,5.778483109538069,3.323470303109678,5.4804209600123315,5.7208831787739465,3.8894457318442095,3.570949042558252,4.070608275824139,4.234879563850009,5.287636858726506,6.500352716708971,3.451907162124415,5.779620046702036,7.884155968503911,5.529868170637503,5.241945993444817,4.6237361227897615,5.529437782042051,6.185248530497052,6.216592316677956,7.640068172682248,7.240214385737064,5.021421455381485,6.483646150781521,5.338998476591139,4.720217098027356,5.203121952224837,3.923418282370505,4.906771526772003,7.216654630153649,4.798859751733667,3.7969961987042815,5.3157329665720106,3.5529289102650847,5.174707352058923,5.448537913433119,4.341272601074956,8.022393130766531,4.549978427522468,3.330108102584108,5.127560554587839,6.540044760471241,4.993318704168629,3.263122372373911,5.318362447887782,7.19539698544273,6.377756091602881,6.779813207013028,6.654494076459669,5.039322680401595,4.154261751436456,4.669081934896697,3.369622249392938,6.398892523988119,3.4458457414231196,4.880013375850413,5.602562217008059,5.76877391751388,5.103713136269744,6.241408800953402,5.482285423582716,5.421985806446179,4.787531396335527,5.633701745129358,4.487952027721401,5.787687841508838,3.6287287414331733,5.447744396702296,5.100083578998802,7.0061946255337055,7.013564944499842,7.97552719269252,3.9340374531707862,6.6167294658746005,3.9779742201651294,7.410446433595351,3.701174753577221,4.276834289133127,0.0,6.775821985401242,6.869118483146052,4.0667361112643166,3.9279468752358953,7.85675276882105,6.374076602658732,4.6502014060280725,4.618326718811795,7.407577521313892,6.981863649509632,3.642391607694547,6.898034949263674,4.214371800445924,6.411829123230228,8.470390752250557,3.8327773865327623,5.179663631846001,4.919740005750092,6.167682224052886,4.914601281266299,5.095648238326732,6.377233218606491,5.003133417972428,4.285919200058791,3.734804764228542,3.663829840410486,3.9647796831567548,4.130850040027477,6.089579272951158,9.284805489368997,2.9527598234034422,4.44111794571638,7.957573384627469,7.7816677590638355,6.193690112252167,6.402894899564309,5.9664825293062,7.263383213606298,3.2030306677006393,3.490628970251838,6.837992997045306,3.875487595552974,4.043281038741271,5.168486821609342,5.993806956279751,6.79845058681304,8.613548787287462,5.894781148243665,3.3777846842437538,5.429062286799394,8.981312668167986,3.857580322197544,4.469234002998134,5.127389323344818,7.441323182457582,7.662485674081315,3.6772323120969537,4.455621288485726,6.370532129841125,4.394248557076513,4.733233889963603,5.931362364761617,6.5519284128828845,9.77115472184487
MDG,4.058482347887511,7.7509182399618926,10.369809666012815,7.689619094151834,7.207322097550292,9.103335707011835,8.732563107861896,7.043698910135309,9.30972901076519,2.7940471818249812,2.2767321605837507,5.551067540071986,8.172917929326262,10.262568396639413,9.172441144979539,8.044484259939225,8.368461121523133,6.02183887976145,5.077391598912794,7.122848470046435,9.86491911321196,5.97213493603006,6.284668789953417,3.6246621389857268,9.025667233633179,9.277217048878384,7.9551404676692545,7.719878651814645,2.7430568463901053,2.7044325072549174,2.8197286319160826,5.320684667305593,6.462287776340176,4.07212262330922,6.7851477338200565,7.50625156248559,9.057195558429347,8.648264052311976,9.180083505652831,6.8678525000434005,9.175198130387871,6.478265668936616,5.7497039996446135,5.627339133844299,6.224423011476759,8.72903779491495,8.968933007627362,3.672310495048086,8.953462402108258,5.851709232167587,8.554137764731676,6.632751438487127,8.939482302999936,7.064639082773952,4.208134172275171,3.3825142964628347,3.425270715424408,2.7843516321562554,5.975421308820035,8.611509535164302,4.42506971750693,4.290401016600241,8.211548708276485,4.2009911639793485,8.357646684728673,5.585019041821515,4.832128549768395,9.631419825434758,7.501090752751874,6.306282162518087,9.278362976327003,8.570823681624418,8.615830211461223,9.632045457344622,7.191952119726447,2.890053025685961,5.170524730758552,5.770122796794788,9.54044702384725,10.665906384245488,9.769826017288803,8.384834379035185,6.077153046845463,5.032112660960244,8.638261485342982,11.005576565434021,8.690040119522923,5.738041755689036,6.775821985401242,0.0,8.067953484034394,6.601554478933254,8.18367452418112,2.9217198045823003,9.628509109401856,8.352754458526856,6.498496181262615,2.080896926684221,3.9345390995127425,7.39484249517833,1.7221561585589253,7.599939392053888,4.549740655809235,3.380797999662568,4.604607285654207,9.245599305374713,9.261647499779313,4.5625020854861535,8.214372076905004,9.579868166488943,3.2687080532323662,6.817163338702843,5.841761296024019,4.6606658306415625,8.871668356987254,8.034590920241346,5.810561974312039,6.460599249511851,11.011107227370768,7.744329599009709,8.240437613204826,3.5911881042197953,8.88520982556257,2.919261894822338,10.95175325576545,3.3363220347636187,3.0742308243661944,5.847294076568969,8.015103615171974,6.2615769481682895,8.565974760371969,8.657743138772647,9.006130159273312,5.441076106899093,4.827787436259557,3.5984257143605345,2.300187404569531,6.999518046227909,4.883777196211597,8.925071473275382,7.1433762046558655,6.305744825542017,7.493135200916748,3.663015582302064,3.0294648618257733,7.613328310813728,7.951405617216946,9.468269235520493,5.80225372350755,6.611182287528473,6.508934267860569,3.5095579430234127,8.31109406868813
MDV,8.541164585570892,7.895590976958235,8.039484821974519,7.217251892622811,6.73632224602337,7.605235639488855,6.556246550357319,7.417473087284274,6.8583032159586,9.202856504904135,9.240426316259176,9.413268302447108,7.5037410317395405,8.417017618485799,5.348920615812269,7.411034770279148,7.944415917543891,4.604567153188329,6.281264807696254,7.628441146883603,8.674935813358303,5.679908023586043,6.657451040213578,10.281335851571258,6.9928091774864365,7.210004246480376,6.886944109422793,8.912077806461136,8.45504340511981,8.481687069292516,9.614547638984908,8.132821637054386,6.599975013893185,8.030699179011714,4.46813904301312,6.300801578936412,5.952501127880897,7.064046720505055,7.753147705785884,7.8114901882497625,7.170678671554835,6.645503989502623,6.941842123037762,5.846789883230421,8.655755557249796,6.360224372949648,6.71517420416631,10.338973943129664,7.097229935169689,5.279254017052588,6.747041929578547,8.1068471326283,6.830061533991921,6.364713186654589,8.430053196323867,9.40927436171332,8.140808911698185,8.699344078470217,7.804587700143683,6.318560431193775,7.012016849233057,5.870739455739661,6.4658626885774995,8.556961888714554,7.082684817458808,8.611031587321163,8.265661461468332,8.419717148242754,8.8281885951657,6.753204331523821,6.1757570016458905,6.947366194873516,7.014415263630591,8.481662224315421,7.247324338640007,8.391631619740584,6.050692236083568,8.708140842226557,8.314293965763955,9.105411366779276,7.616339490493755,5.551870153377053,7.2888960300038725,7.759706853631875,7.278486070519205,7.44424129365858,7.05198741575637,6.343294246773621,6.869118483146052,8.067953484034394,0.0,6.9707243013825915,7.032672512832094,9.437784795240923,6.213229221111138,5.428835809191433,6.962496494967458,8.812424919795355,8.429340716518226,5.064106803376047,8.580131483956611,6.817472745501851,6.448025546033245,10.50113462225119,7.052078552962986,6.958067277918497,7.3533748028242,7.639935122648135,6.643192992779011,8.779003730484225,8.624821379726582,4.957065102912318,6.505659716407887,6.608679056230435,8.244084186343777,6.0241231370386075,7.139445413915425,5.690579526381347,8.916989729358034,7.33940428153376,8.132411088043568,8.483879033705216,7.424105731245492,7.884297374973168,8.310685085153917,7.323030580365936,9.349111279129383,6.127406399342167,7.430086056053172,7.568224739608314,7.092901696257065,6.600669174196921,7.091544513650605,7.797485997554633,8.282843058094405,10.465368282760616,8.460520202086915,6.84824192168965,8.704878314435334,12.254255877937162,7.842129531024619,5.803563755421661,7.934936399677743,9.861536175139939,9.481143168557342,7.447555018488346,6.53897343961847,8.600895629508116,7.9972581273165035,8.35685579093445,7.225823597888129,8.320264438164859,12.022350239162481
MEX,5.798402543020674,4.612520617661146,4.920559289557733,3.209483730835428,3.59699584204416,4.138598684082193,3.67415004424081,3.337445319495091,4.3277986073930705,6.811817439590205,6.844127122849267,4.807949383210188,3.6275367945611157,5.113936205589511,5.7303847856622925,4.435883281073188,3.5316448526877786,4.749122822910181,3.201068752268008,3.2406321877495063,6.102126080241314,4.483992068864171,5.054896147756087,7.816465002869314,3.987893636683322,4.0671991590306655,2.724545551009518,3.5949235364607315,5.461022282504621,5.42104148149712,6.709147930230708,6.1657355946663674,2.9667469404673987,7.208668621316488,5.438171449312477,3.6823082667539477,5.168756293187383,3.599589792186182,3.734328696554057,6.506353500345107,4.352586840523601,2.1579146522966255,3.4068916546499137,2.3929427987341234,3.7127215928671995,3.889790952022126,4.504424731815362,7.465033891489286,4.237455656060913,4.683611983002841,3.917566135465176,4.951245313286602,3.8629097263396113,3.3533722218447766,4.352053771927548,6.879349262583318,5.927287241269899,7.2875828186921865,5.738153534491194,4.41300319914048,3.3580765785158246,3.573769943748559,4.118546164099334,5.500189474017468,3.5417587400045707,3.215958581677194,4.102128571280261,4.974038967337599,3.4132857846641835,4.291654675701122,5.4401685895773575,4.357231479257109,3.7140270777741806,4.357679060195643,3.046765238232182,5.46129544980691,3.91164283075664,5.3393520347614,3.9361906668777915,6.3493062660667485,6.628913147362731,6.992988744663129,4.048672239610387,6.571068062983397,4.057659153399794,6.908180077031692,4.376438225219094,2.9055045361872907,4.0667361112643166,6.601554478933254,6.9707243013825915,0.0,4.3200446427463595,7.414501054106318,6.010956923556393,4.994335097962032,3.7994617361884844,7.072779449475767,5.999240833368796,4.39749070055422,6.940011445947738,2.2673528067808846,5.609046728199865,8.621056520663725,3.6948347339459273,4.374155116085817,4.46065189348071,5.065999353974119,4.165710272261876,5.207681352915274,5.395885939620518,3.7251087349639183,2.238743346295241,2.492161459235876,3.806073140550465,3.4751379572308236,3.1253657916801583,4.902835633173244,8.02638243695018,3.121505107936579,3.017608045435004,7.503761479270244,5.825649272216619,5.432448528637991,5.528121488400938,7.108081394139573,7.0380071630854815,2.838375421533826,3.6721489029996817,7.118890405022233,3.9840422104331927,4.268786032625934,4.259471538519084,6.062602518320816,5.370555819984343,8.438362762467488,5.938443317227062,2.8833483459615503,5.483243016817481,9.733513550912646,6.630452102965158,3.353299130567897,2.726635951729164,6.879992254367511,7.008909458694527,3.1905392175323866,3.8814840382144498,4.602586736667675,3.8314986419445063,4.149297154709013,3.934656061426827,5.414483704350109,9.301283545185012
MKD,7.586151901848738,2.389821127982368,4.802913141258727,4.251346801531291,1.974821787266077,4.710223404517632,3.493984351680604,3.788750479290617,4.026095190122324,8.506080198920928,8.179071012245602,6.605710495301055,2.530596438682942,5.138436727485577,4.9321259387253145,1.5173679486529648,2.9445850300372185,3.731888474307256,4.781402104573378,4.491115712665111,5.478283961967605,4.0830522654907675,5.032075112308508,8.859686391907182,4.371234114532057,4.471512984546678,3.3349500578373235,5.487052240603842,7.5441762953945934,7.435388402925857,8.703369127221542,6.869058017684714,4.2100644903425914,7.526642506132505,4.548700295323574,3.000893135923397,3.8136137761374935,3.7990837606200127,4.545688621442851,5.962649945852695,3.7026317683415884,4.096482479710738,4.8087008535453775,3.9173129709679215,5.566789048351355,3.801818382369119,2.8758799145130456,9.1618504645303,3.212805226210719,4.248464244174189,4.293707275762248,5.695139234992995,4.739463675591861,1.9822059805784387,6.4219454666044244,7.887228348767615,7.0458844340163695,8.020515289189685,6.798046073980842,3.120441373321923,5.2997919380152725,4.5125860274978935,2.315016093473397,6.527292792261549,2.7477430989532223,5.754121458062619,6.202344615605345,4.547804656359263,4.512023046551886,5.7818185816059655,4.673562420784573,5.149820767707823,3.67523538391946,5.556387776842459,4.707662455300942,6.921511993757067,4.544140172228758,7.197351608564534,4.429245215521956,6.365650964656679,6.397903053379897,7.31135090160731,4.829562149590568,6.588446916621244,2.1908389468911946,5.9265405511396025,2.011430870742394,3.7818650073979208,3.9279468752358953,8.18367452418112,7.032672512832094,4.3200446427463595,0.0,9.056198727134745,5.437425243607553,2.8260549061457034,4.382151546259214,8.351379241887837,7.116591296295385,3.0787416231837406,7.966401270620938,3.832503542023453,6.109832382655859,10.286882912316237,4.195987021484038,4.362214727104282,4.190777638299607,6.01152534668856,4.553043218964165,4.914893302159655,7.357420881704982,4.307422745797385,4.416418216128219,5.2364183023729725,3.5547689156652598,2.973472007250069,4.158814128290122,5.116704343297233,9.662640547708456,2.7887577950781495,4.126449461117916,8.500744388699655,7.3418503877608625,7.132935898183873,5.0474087478156,7.74560471642126,8.530028653313929,3.519509746710159,1.7307748261053284,6.6848341489806735,2.7449354896617004,3.1995070480449423,3.869120657088066,5.3999273591183075,6.53168943981405,10.177100577795429,7.383192160677884,4.629097954836988,6.185167428793992,9.3784103962618,4.965991850224164,3.0463814519995505,3.783341062517846,8.965674862760094,8.850875847634617,2.446828152718463,3.181183481377373,5.8654901923100455,5.076523967089633,5.557118106656568,4.885359694468777,7.366055165490596,10.571433226337852
MLI,3.912210454314972,8.52699364361182,11.009973060683029,8.749811544612326,8.075020775444838,10.05672758160018,9.76608657967123,7.40750936154791,10.439499084202545,2.6749046834670294,2.4458225839824883,5.817844490723343,9.278661445381756,10.845068101724598,10.657833297502188,9.006502479053061,9.049464797037395,7.356308750149039,6.245493057682561,8.236136428354495,9.933229871891694,6.699578062156351,7.657049938469162,3.0782073449431584,10.149768541219967,10.08087403081321,8.830937298905868,8.425439586833951,3.1088049517893777,3.1621086601503174,3.1263315152379563,5.7646807125421,7.553562229081832,4.925120947505889,8.325675438776466,8.61163532382527,10.230075592084885,9.616947585092033,10.282387605770225,7.8068951940038165,10.246466380152452,7.265534142489115,6.367628657951624,6.837443466088795,6.348138397153199,9.977529083643356,9.961040946281825,2.946773517136636,9.967283668070811,7.222954111579983,9.921629747029241,6.51343937543561,10.303912001748321,8.080331606642998,3.893577365458477,2.512208708248965,3.767358604961688,3.6830510625204678,6.233749212655706,10.00790211456703,5.362631068582605,5.484126056022628,9.456663044887462,4.674136508339385,9.340216676026472,5.886350536377719,5.616624302016051,9.903885606949109,7.952604387177515,6.894314390665154,10.328978116231053,9.651897871852608,9.938037995913263,10.796782600664892,7.565735697109756,4.164514487236769,6.124521834261452,5.367079214158876,10.377468920924027,11.308695585815382,11.291038032122806,10.22605799330522,7.099099383845154,5.982924942643415,9.5393971922841,11.911245899999049,9.768551535353614,6.535463904807672,7.85675276882105,2.9217198045823003,9.437784795240923,7.414501054106318,9.056198727134745,0.0,10.756257364804494,9.64444249681994,6.666218285471191,2.4089675133858774,3.2192374732856885,8.776859813417149,3.3640052355600414,8.130111501796309,5.470305694699828,2.59460521779634,5.60388108108638,10.387867616742763,10.204013578395603,5.497380637358605,9.230622417438516,10.187698209206896,4.091816527735202,8.144090066670078,6.90847230343426,6.0013374632763306,9.844753852388086,9.253308946267232,6.037267049128945,7.600613725843421,11.087809641682533,8.78185788864731,9.14958904999043,3.7196199399713343,9.232484898385843,2.8709986278691733,11.767545993930357,4.449145813489238,2.922537867124275,7.112747453333623,8.928862380522386,7.456467784392436,9.476473400909088,9.535096908216172,10.082170337723472,6.112970195996156,5.190063502921018,1.8191359933262738,2.966236631092737,7.836688829633451,4.943884107494643,8.903947813548704,8.197952678923848,7.439271679692715,8.090836012519981,2.9078297422877286,2.589935410055256,8.737358198735691,9.126315366025059,10.612100022801096,6.032479511065531,6.4906217575166405,7.610002278781329,4.117851515251118,8.250296979202613
MLT,9.212654757218903,6.936759530098686,5.806044144706845,6.3638709527821,5.969459082768933,5.129415824182401,4.189288858293916,6.815874341113317,3.316426944985891,9.65967644589913,10.072281689731943,9.255553743239608,5.1545423413984635,5.807229221676516,4.777360179232345,6.092536764982416,5.707399509300869,5.508188231577543,6.917019807556391,6.519060607967273,7.023452010146923,6.574718144645586,6.221428281349504,11.037064869502837,4.730530452479917,3.660528385188908,5.237525110652514,7.8630941617564645,8.816312517080203,8.906605851540574,10.191667987148685,8.745288802937676,6.235295632630092,8.875182347591132,5.694691479946589,4.610112021019597,2.369571310467456,4.707397264433468,5.146724948056904,6.339685720435347,3.661855085079255,5.999501780487182,7.052173777078819,5.921731936880705,8.117269675866272,5.02577891232014,3.673290930191045,11.169657637714469,4.60225564471411,6.339296870263647,4.778265934109308,7.457968378074817,4.727004292503755,5.154424380271018,8.32408146591164,9.827710625691564,8.41262341011525,9.354690782938702,7.846860033034173,4.621274399497241,6.841310785178124,6.382490330489073,4.981919566664277,8.975287791002202,4.6917296418453995,8.474842434628737,8.942043214344045,4.9955546214369875,7.316869592787207,7.609779056844566,3.8357333800600086,4.33526908389596,5.513827630343929,6.345532749791459,6.266031216947804,8.972795002211473,6.5497260253428555,8.886753706219071,5.780038374379687,7.3634555937975135,6.999965249779527,7.314475347613866,7.391414828078231,8.4313197028886,4.360826770703665,2.3102690385702997,4.483708258469944,6.459667864627548,6.374076602658732,9.628509109401856,6.213229221111138,6.010956923556393,5.437425243607553,10.756257364804494,0.0,4.9062744649377334,6.56247885644972,9.870286925535243,8.844648331625372,4.807596441256725,9.683174331272298,5.463970189251815,7.3407011666909785,11.672941159893943,6.550674066257871,3.36179379858897,4.601538394717498,7.846513406348573,4.360821641391961,7.008947025418626,9.385000749057893,5.217004672094582,6.311222436517011,6.890142660989382,6.0379132425582895,4.49456906631922,6.408530609763028,5.8495367876523146,7.941063026525956,5.752706581169087,6.549638130480799,9.823865572857365,6.967540438235378,8.31705870452742,4.096834586111848,8.615033210442983,10.274583881128791,5.537679883897439,5.448104636866453,6.884551307116314,4.678343019734362,4.3557831886922305,3.9632847454329427,8.10931144093749,8.314291323972238,11.818416011418307,8.816564912092783,6.070658907849338,8.804237555435812,10.828842070787259,7.267840070171462,5.560781961945188,6.048425210365482,10.626984126103522,10.286686217570523,5.918115468735025,4.86949197888204,6.606368748383233,7.613843499146894,7.544847521989934,6.746489727898665,8.594413335430502,12.525816937970431
MNE,7.829746064647489,4.112168918118742,5.298065787474834,4.239952131513136,2.937069317834464,4.634956336462289,3.4249124254012986,4.783074451152636,3.8642537525353493,9.10076913002644,8.833220254779501,7.822502939529206,3.552670879842016,5.5709860826204265,3.0958505857596754,3.0755251860082797,4.3419868404733215,3.0655586444858214,4.537804098680042,4.922441041067476,5.989866182370279,4.576594049603098,4.4223776713594445,9.53817797848071,4.021464630845876,4.716155199557688,3.7016667123077616,6.588349408797969,8.089479566950102,7.8659159657285125,9.1253822482326,6.91228189815294,4.292432834320271,7.734720681867424,3.4743341215926673,3.2345918610415008,3.387099149823016,4.056564741910368,4.601404439613122,6.378707601780352,3.634826792180369,4.513718107431599,5.108973397648774,4.011785092766657,6.645494566749352,3.334535127218138,2.9130270964314033,9.957787802663805,3.2393910413722984,3.736550867432886,3.7905247225312015,6.0377834677559905,4.1694330844967915,2.7095686894101267,7.4359167284826455,8.808791574116006,7.542181603334546,8.392365831101772,6.702159848193466,2.512722075996568,5.95609432356421,4.757971765761001,2.3733824884049644,7.315431923011141,3.543805474377867,6.803780590133122,7.09646922030425,5.7058480999682,5.809099248231336,5.62441920287191,3.573580720137171,4.450184108794647,3.641831042590231,5.578016025985254,5.1138034219202995,7.418886148014387,4.629757036712053,8.343763683079985,5.135432919962451,6.593683124767993,5.805834517081789,5.589980521538444,5.409207941789313,6.711587998133142,3.2258885483996917,5.635504801782529,2.666732574998128,4.445363028867074,4.6502014060280725,8.352754458526856,5.428835809191433,4.994335097962032,2.8260549061457034,9.64444249681994,4.9062744649377334,0.0,5.014359851680811,8.80525126246214,7.699520810999503,2.7794820437752183,8.293234320632331,4.698294383771116,5.855338169298428,10.820074983850716,4.9831892321917906,4.271660046150903,4.0590226953636535,6.616330873726099,4.248830859988929,5.5211906716469175,7.965645544055849,3.363650722124886,4.4829852184349335,5.686726577072521,4.6431198665373605,2.932957138656632,5.091844105821703,4.195236263076965,9.254082097009924,3.7833757617238755,4.791746383418915,8.751217383302485,6.789699677258435,7.730408725618345,5.595390729357766,7.768754213462538,9.119864536719533,3.898531254162648,3.3015517791070796,6.534847366922054,3.5303190993802858,3.4024102622642953,3.604182996002781,5.817946536195927,7.082849384845161,10.725180215245304,7.960737737780108,5.538472488449893,7.050974010641576,10.43537288418171,5.379788305157502,3.3403250408272345,4.900769624835616,9.57508774448829,9.371539267990153,3.761081883386872,3.137349492066207,5.814349078739841,5.912357960740744,7.10138641648804,4.84853959567559,7.68161972416215,11.117986773630168
MNG,5.335144482278084,4.7238672072819865,5.437720543626545,4.796606952933794,3.6915394081325377,5.117848187608628,4.65395098705584,3.1024216944120826,5.4418432348783385,6.627490661556103,6.349572011150752,5.969349204239652,4.598991337257912,5.3708183255068285,6.666358042140477,4.43181921332242,3.7899340410566795,4.550669079279742,3.9612890910287306,5.3105599382129585,4.649729349440093,3.758540105448509,4.991512551965138,7.251354453804678,5.18510130942768,5.424082716787779,3.988726184655269,5.296084225898538,5.824549186384688,5.5984675552859615,6.510595171536924,5.4866669354872295,4.502942017520808,6.80251164485176,5.809186773002308,4.882295829366764,5.720976498054628,4.310670678255196,5.475376137473021,6.79734118509492,5.309101297797118,3.8073692922199944,3.533319532886379,3.89032965456035,4.623290187171053,5.578393286190804,4.6964577899671385,7.341941417817469,4.818086887186879,4.480015393633148,5.7936715643835495,3.9253276938154325,6.041842356059048,3.6823072895956597,4.542471102001013,5.891389111577464,5.740141626105758,6.725748987287915,4.690219638901403,5.5866585000170454,4.5536277728012,3.757822155857026,4.792575705445047,5.877668583130383,4.265805947785776,4.407440752570335,5.4116797728036055,4.89334611246808,3.855830071701304,4.311067043458048,5.183721217903412,5.2693437921121635,5.609872141246043,6.444313357291378,2.992842649998702,5.958329050246335,3.3988223997502924,5.311849552518735,5.266945074850213,6.815610442368521,8.381213564127663,7.845120170241905,5.01709836508864,5.792517322887141,4.39024391311149,7.19263958801944,4.864578686743327,3.610903627474147,4.618326718811795,6.498496181262615,6.962496494967458,3.7994617361884844,4.382151546259214,6.666218285471191,6.56247885644972,5.014359851680811,0.0,6.335185993471275,4.670837155422069,5.083684888990702,6.631079776390384,2.9483076118929867,4.945444716133391,8.081729031059277,3.488355151735483,5.502339526104257,5.098626442392428,5.785864718560342,4.737880236984099,5.195382743973375,6.093026078271488,4.905413851208327,3.7751789566391802,4.400323108541329,5.03200091442304,4.880182752016538,2.9371988697279625,5.00488092598191,7.455543911525458,4.41018892059855,4.59056592161812,7.008855748609267,5.369460092134482,5.21903230258182,6.689857018688943,6.146661443676598,6.881610224323686,4.111647139038229,3.970385657299503,7.200010343416398,4.34480687470763,4.211705748304763,5.314589428439262,5.21863637074346,4.948087379486199,7.791925925746958,5.7297592866362095,4.2414493979012535,4.35706224735252,8.837678881298999,5.79804958314224,3.835438009691994,3.9089894876046394,6.676979031858273,6.687859935969541,4.405886396842029,5.091869840707751,6.8350201576140615,2.9949776622280853,4.024580128367982,4.821697867576304,5.341733048271653,9.12030074550701
MOZ,3.8146217559732736,8.109015239797722,10.547725230656903,8.347246413665614,7.539704249564801,9.559363002582026,9.109614950195883,7.175988238708482,9.581350553457204,3.168753081655332,1.9018099395344468,6.235141714577916,8.517662667817154,10.480123454320188,9.98093085997633,8.296362323994588,8.491022710136082,6.640650139276596,5.853051998354662,7.698714018241925,9.686293959863344,6.366587761971616,6.5491991879036,3.4777529812148376,9.489156082165488,9.611994298801454,8.352887387125623,8.15841883631172,3.4507789218594502,3.4203073085969553,2.5319229340216003,5.229264032452953,7.0937501304898865,4.882168895885211,7.444508702130414,7.988662553239219,9.38315940756021,8.938521849334515,9.630454935525863,6.6843146500851445,9.481814914788671,7.132023898644917,6.051862157756066,6.417637026490373,6.6603105435363235,9.280746464540442,9.204381447662614,3.9564813914686026,9.302759721076164,6.476506975247484,9.145056071322514,6.415006168577119,9.617997130408819,7.420811383681531,4.336054409158941,1.9898763891254359,3.8795234115952626,3.212734598169915,5.816515055800857,9.15335708524377,5.3019690391001895,4.676516673046347,8.657867004240604,4.79901867263205,8.555980271524083,6.110312108081536,5.476463102669594,9.450422013687097,7.70297902656498,6.5083605242972125,9.695935790052209,9.067201763257382,9.250727043906036,10.349984673685778,7.50426807851471,3.9468703531502682,5.502939540356707,5.897122635684588,9.921992160737755,10.910191561482478,10.735830249561817,9.221961273746338,6.910839133836154,4.661349899631508,8.80917395287156,11.073840111790597,8.973332893368035,6.00462511616697,7.407577521313892,2.080896926684221,8.812424919795355,7.072779449475767,8.351379241887837,2.4089675133858774,9.870286925535243,8.80525126246214,6.335185993471275,0.0,3.216905758362561,7.9935702341684065,2.4342484980541266,7.780991166706985,4.6050656063716175,3.465618876720153,4.813985901693766,9.526954013205453,9.642119840323252,5.19589285902493,8.753694451753125,9.758700726563658,4.198569114232736,7.548715214101326,6.489954246616347,5.539992413843222,9.221900880283403,8.591918230956384,5.955124593571018,6.741349125262175,11.092062936586164,8.185466310232849,8.694071936634245,3.6964146047320527,9.00905891456111,2.9748139679857597,11.105472811138876,3.855865464925601,3.7930215857193605,6.4501285505888335,8.219361432818909,6.850798859124927,8.698087490816162,8.842229337132252,9.314668654371758,5.308005161300147,4.953013807150218,3.5157490400690383,2.7906173100529723,7.433015053104539,4.809628012860731,8.401697376197994,7.494437953625826,6.616883843054167,7.667461374916838,4.06732307160902,3.274670895629695,7.976161748257813,8.560034285138636,10.246315700307157,5.877955538449733,6.413219258508563,6.894887253855784,3.542016249073418,8.590224546308102
MRT,2.258146782762578,6.9239385215133,9.14188198087119,7.117546370318886,6.119167343647268,8.259290867029597,7.94245712141183,5.876121258319193,8.56595167198588,3.9511029671083215,3.321526743001727,5.437124424573793,7.601692187308842,9.058138152183963,9.041075037664534,7.223111220261688,7.298016416752541,5.822637253180504,4.989035156640843,6.864532102946658,7.996251597961844,5.510473051010543,5.686179649805961,4.048063145984567,8.30466957782938,8.15774679235207,6.85100378996076,7.388597666343468,3.6145251683356308,3.301476892269046,3.4307226191299356,4.207799850399101,5.957746077522079,5.145963328319093,6.783532054549552,6.712349618657383,8.382048177255289,7.890175997952742,8.642208283099656,6.126668401640391,8.358453430557422,5.789576347662115,4.816360484884474,5.547253338491787,5.393283280269148,8.188233897052681,7.972506209778481,4.4102876198190115,8.064507873844853,6.091520086946337,8.32885789171616,4.148661680577977,8.803186672211412,6.226373434811949,3.306027343826981,2.7443937440418473,3.2231398036987025,4.357185694329646,4.668215428704722,8.194054101363706,4.632552795441735,3.732222887947486,7.797013389816809,3.739247391657421,7.608011062565601,5.1276625882859515,5.341576401007841,7.844214984549726,6.28143466032921,5.48057388528522,8.347242123293412,7.928816271027784,8.310325609919724,9.335626307063318,6.0217960037327485,4.327019248010152,4.88366072370252,5.235213827547867,8.666520229697237,9.78552126219638,9.977627109247146,8.881167843073289,6.117138587150448,4.795402781170799,7.553947545529102,9.880916459511644,7.9108939234980875,5.153381906737217,6.981863649509632,3.9345390995127425,8.429340716518226,5.999240833368796,7.116591296295385,3.2192374732856885,8.844648331625372,7.699520810999503,4.670837155422069,3.216905758362561,0.0,7.268510673781673,3.9945400868562473,6.382525121602134,3.767089884059144,5.194888061443097,3.871303952255074,8.60976458292642,8.376241106411557,4.66514727686608,7.516665978148725,8.616624073679818,4.51162587855944,6.270049151498627,5.26217778666877,5.276614428814018,8.355952222640962,7.60689301855387,4.260069385822702,5.753373421152772,9.850765254167765,7.307048370668583,7.716548032599101,3.905530541436827,7.681181561137529,2.8032820180250932,9.763342478525285,4.806516735779025,3.965780357815598,5.741963406781721,7.145606172308968,6.472468448612954,7.62907874537915,7.628457292084611,8.137466008564395,4.502229543412027,3.5834343377911018,4.520426290309441,3.4419393535306178,6.836269476057475,4.004393393458517,8.623682939432795,7.294784535131939,5.636791832711688,6.204374670639303,4.041910768753296,3.482076321464808,7.173158688542832,7.345413360792504,9.259374551187562,4.78308473807206,5.584109333566391,5.920906954696776,3.0511503002543794,7.776403646406604
MUS,7.56511876106032,4.209846538234325,5.45356529249856,4.815859959890267,3.3614980984460696,5.284283008719989,3.670061020447438,4.698622099879772,4.134087675222657,8.08237071087665,7.852581273715376,6.821505687816662,3.3580683999653065,5.681681616433914,3.5635404858865525,3.3959301697015003,4.623588268925442,2.345521482058698,4.4856953389797045,5.06111833612164,6.5073691093433546,3.9444387158355676,4.449107646071611,8.707014949724098,4.657661538527993,4.711031907749124,4.282807922191233,6.390636408391837,7.054779549115746,7.071732847378689,8.390858210625852,6.835745922146104,4.502574584976884,6.856125904700488,3.513615279076301,3.440180550801528,3.4066741721687164,4.170816682650304,4.903008919526398,5.523704286366971,4.217499457507699,3.9256895291095097,5.2714462537828535,3.5880364201864876,6.044201535845845,4.069153749723541,3.521851690347498,9.097845472295283,4.13138327957887,3.4128902136920383,4.167357706519792,6.3576857419444055,4.381809196544179,2.727196628968697,6.544394810481255,7.907089006571439,6.762093467154799,7.560950578873349,6.565094003631737,3.3715156846823633,4.871304326758178,4.174785487935915,2.678062272695458,6.50942581843813,3.571494126951339,6.259844239629887,6.225155536965234,5.541037034193927,5.91681775203705,5.736010197494108,4.841581902437738,5.110545442739834,3.907077062953659,5.945224705052492,5.073609509125684,6.4830497395429525,4.202681607340118,7.104944341894576,5.403554598171085,6.909173767991061,5.4251570320008184,6.056070856368421,4.608536744004946,6.245390641553291,3.548212369604507,5.748238408945001,3.168203062338673,4.181732226465639,3.642391607694547,7.39484249517833,5.064106803376047,4.39749070055422,3.0787416231837406,8.776859813417149,4.807596441256725,2.7794820437752183,5.083684888990702,7.9935702341684065,7.268510673781673,0.0,7.430441765897792,4.5470442571314,5.557324684191926,9.77816421959247,4.515896977028285,4.530635948459782,4.833146008294258,5.923834951910045,4.786786302622527,5.843273841874503,6.9972918171904865,3.05684068612105,4.5372241542937255,4.628863197376642,4.439818491533522,2.813301345029861,4.892385578056455,4.917456129145901,9.446748994896073,3.3881416521553156,5.050663135710139,8.178945320807543,7.457851916910637,6.890353885870808,5.446103179404636,7.0455650759866515,8.12842107065244,3.36676431339178,3.4886777165202756,6.065716646330936,3.3903076024018546,3.6469069627285573,4.465182622417939,5.376974599394621,6.881165760495222,9.780681784032966,6.927063597195943,4.75841136509284,6.58248078306491,9.996836290611713,4.796043669070294,3.324163678034777,5.096013764802605,8.784290823511952,8.568777418668127,3.7744240367954065,3.7544972586844203,5.931411715557372,5.85206936852982,6.140314626021445,4.760162273895835,6.8091343420271935,10.532775380289971
MWI,4.308385182269154,7.461958328482732,10.511596413883606,7.734842263812453,7.062009211990175,8.945839157698828,8.686370066597302,7.0266252805917695,9.319545003368,3.192624947019601,2.1357184758840577,5.294277303999581,8.114031173983483,10.448601753819027,9.329580384112456,7.693838184476182,8.318382775986086,6.0293020949088465,5.407186399250319,7.017248857426514,9.737237683826276,6.004551066698727,6.181171686838777,3.829046457379723,8.93145265900236,9.272925181619941,7.930819063473193,7.549236554435899,3.187896722861661,2.9874328198664344,3.0926923561368023,5.392199583763213,6.415459503676961,3.8792777277535815,7.013446852932859,7.314642140529511,8.918766073693824,8.702850192724835,9.159318681697716,6.705800943522795,9.069122281123384,6.66108848908111,5.74852327595164,5.760215014867094,5.994987031588793,8.67199300969701,8.820196180127503,3.349109794741625,8.732726353782004,6.179981400948476,8.496544418048966,6.668488173739214,9.020407342905882,6.954431120207079,4.495798815623558,3.3222521018546125,3.5724595697621426,2.662159614364319,6.1499859936512875,8.490629300809102,4.541802137103093,4.459967503895011,8.079856471139962,4.1300744463464785,8.344210911062069,5.6738229013113175,4.861031227276016,9.42669215083127,7.260239987070685,6.575101194309734,9.23303350613752,8.525228792576254,8.523558979086882,9.608504135663052,7.220181336191844,2.634535102955401,5.160521086611427,6.26933633837826,9.43646069476235,10.755582733881536,10.018732809574832,8.74449050053341,5.829043332831092,5.008690444210703,8.424423008530939,10.976875598915594,8.516559202904233,5.775591533751041,6.898034949263674,1.7221561585589253,8.580131483956611,6.940011445947738,7.966401270620938,3.3640052355600414,9.683174331272298,8.293234320632331,6.631079776390384,2.4342484980541266,3.9945400868562473,7.430441765897792,0.0,7.764789168775478,4.4667031272152915,3.6034644571737866,4.530655493887317,9.294943742001346,9.113151491685876,4.530536296256933,8.073815777699835,9.595427871161847,3.303934280133213,7.021846520681281,6.1006808349193955,5.091590061255813,8.77099142020007,7.960848132757752,5.7611615568251135,6.543396049449799,11.331181948215882,7.608116590286761,8.175093033053905,3.3665050795362665,8.936854851827011,3.1152281313797667,11.04635147507413,3.4769708771223837,3.412875028804825,6.021051783532603,7.7771026895793804,5.977129282500348,8.404618334274462,8.529745006562738,8.850588316677223,4.9110567248392325,4.676309681025381,4.115394404583085,2.514729770762342,7.22100944690256,4.476348521700265,8.165950892485261,6.73931981223866,6.287454323590637,7.344817635497382,3.840258155668649,3.0051429508422607,7.480173675155595,7.9181263328156914,9.34512093117486,5.646101761853197,6.64727879192661,6.366261965662857,3.7638192520442146,8.376379530393143
MYS,6.614921200230522,4.433953250298167,3.7650106897571907,3.836445039292992,3.453527018188764,3.5659166176357173,3.0210692367755763,2.8706377874608333,3.8187151068953846,7.715407027990917,7.71073718771055,5.8084287218891735,3.6106598385819346,4.320880964367073,5.961053038925407,4.109023901403928,2.669277790588421,4.906076374225157,4.237056928895519,4.243203452107319,4.876644334032003,4.313090407663233,5.566249637663285,8.793571885939528,3.515830210696298,3.397184657427756,2.475007356662485,3.9302034627411895,6.570221713070088,6.475451923010095,7.687445153738985,6.592402759260378,3.7591358242024775,7.879586613855893,5.877235160926277,3.8632025557135004,4.5209734140959155,2.7984969991325253,3.5187074726598038,7.112899464087389,3.8250262179211783,3.09184730469469,3.807776929406996,3.2314759194100793,4.32257433901225,3.8826372192892427,3.610953669029852,8.340752721549311,3.485630298397889,4.94315453093681,4.186688022303053,4.948519474082884,4.153837953819606,3.2000469943914576,5.10173403112979,7.447703600064705,6.768828847677064,8.0393098265558,5.932879808208692,4.386336397112705,4.451590766672283,4.227295502066284,3.8740473062643024,6.57080846622697,2.932818381927182,4.135682453736418,5.235675219913952,3.6124844447564706,3.361433928008507,4.662188114385202,4.493531634132916,4.107750113508607,3.968131540422324,4.491425079529235,2.5541878504856093,6.584214051911547,3.939314923951574,5.562145789951622,3.193318381667937,5.875532391087616,7.5074699293990035,7.5589748699167165,4.576077278850865,7.112801486656329,3.2368370891453306,6.084894010507366,3.8448510150626922,3.4079442472385875,4.214371800445924,7.599939392053888,6.817472745501851,2.2673528067808846,3.832503542023453,8.130111501796309,5.463970189251815,4.698294383771116,2.9483076118929867,7.780991166706985,6.382525121602134,4.5470442571314,7.764789168775478,0.0,6.052795282573531,9.415497821822894,4.05788194110844,3.820328907604466,3.6458030007131086,6.069260434023026,3.527626625406051,4.494738120717149,6.66280851732435,4.278194848161003,3.2021885696191013,3.775833441394355,3.4627691496646267,3.4290857883268395,3.165114894488478,5.264712541549367,6.996875520754345,3.1547569396352895,3.0986034137104808,8.130224442524117,4.996280099564569,6.124043367254525,4.83212537162641,7.404099768902811,8.037567052393465,3.7409161430959115,3.176901920638104,7.702465744329671,3.1742382702305547,3.146143667913751,3.822247853364621,6.458523206410617,5.93609049643676,9.252765137710249,6.811586273905014,2.6139579821527468,5.643030480228371,9.53002565243758,6.496112366581882,3.666390294288011,2.846498288996655,7.669947995626592,7.762875833184843,3.3004191498311344,4.109366778230506,5.115085014832961,3.6499171791277094,3.6841870275418036,4.7315646698893605,6.392298983439322,10.098914517306518
NAM,3.402651638408287,6.6367522614615595,8.406512988379676,6.116366804784605,5.183607684405731,7.11022712112332,6.6840497124191325,5.518136526392079,7.131323040766089,5.660213695229965,4.659124155633338,6.591528941440231,6.704549696864896,8.493452946087702,6.757149935044764,6.179312682103254,6.936280487081882,4.141927863230105,3.8086249743768157,5.768535795618882,7.4255010716065675,4.61876568869862,2.950393050371542,5.936910253881093,6.769277305190636,7.260802239967745,5.938657962141212,7.219114088497816,4.732418950850803,4.387826581804832,4.832528196590688,4.07122660429968,4.804141863264628,5.71726255882652,4.649714993059175,5.292416631458343,6.7917436141110015,7.010370809399144,7.52416100346132,4.565696724858302,7.030567452145105,5.137503226726139,4.215958256919314,4.500344570363758,5.952940700360307,6.52454393396509,6.699908607158548,6.557686872510819,6.783518502557804,4.545106989144036,6.745270326123666,4.302575069543626,7.26515839372444,5.233733413913888,5.057507163295152,4.721613590423099,4.568604130136089,5.112258738333827,3.729339612905134,6.507385936402028,4.794893470189703,2.9946233651652383,6.37285233293388,4.6000337686384585,6.680078558876818,5.959270387199005,5.697928123773867,7.598236419453555,6.348266990707086,4.555762090396044,6.811228671012634,6.693817966789949,7.000710161601506,8.374668807845472,5.676511752315064,4.74973066550038,4.1753755675043,7.147221978733604,7.978467966311424,8.827805142819775,8.589922061109222,6.021568804977216,6.042572784101474,2.955230347321463,6.492331595864954,8.490653852111354,6.639262623065188,4.327819241859261,6.411829123230228,4.549740655809235,6.448025546033245,5.609046728199865,6.109832382655859,5.470305694699828,7.3407011666909785,5.855338169298428,4.945444716133391,4.6050656063716175,3.767089884059144,5.557324684191926,4.4667031272152915,6.052795282573531,0.0,7.042418405759859,4.06133877702205,7.292289515497083,7.216377903974958,5.015805766620573,6.366964949600943,7.964788261135886,5.312826954699847,4.432894578594183,4.603353994261155,4.8499353104126195,7.645832443865937,6.318748295385623,4.516427618980509,3.995057388361685,9.464743796954695,6.394190825803639,6.868274043917649,4.6287765222766275,6.623348573140843,4.124420920810513,8.972494351041442,5.19595053412965,5.797664664619996,4.819929459758042,6.278404548225301,5.652807283903481,6.466254974409894,6.597187307109942,6.7058019365805706,2.7652126101225205,4.799097309908959,6.778441805660419,4.664087777947451,6.495071804069374,5.359520072646288,8.938988109357648,6.84883523477079,4.195073047163948,5.833167340066482,6.451377020097625,5.639366275487721,6.256015312828881,6.104350916732474,8.018638137163457,5.358021142247008,6.641723824483723,3.904381446252769,3.842856394317655,8.888711550705299
NER,5.848250734410358,9.532978491953903,12.193198495762262,9.835037284403349,9.408575020928351,10.946671578295556,10.768040861337674,8.737643858548207,11.404209933432876,2.6413559789866787,3.219696245010716,6.592487215918959,10.11701447965053,11.812615506256122,11.643508532120089,10.072854067853836,10.06965740421768,8.445463112610499,7.497084816017861,9.23225433773567,11.189420969585658,7.854698141361454,8.87599974400226,3.863341818632147,11.171977454621182,11.18106853332525,10.073014130603145,9.249733033090074,3.8012444285846265,4.016417656400665,4.119805939519169,7.32819715862443,8.777573787617781,4.978471138798242,9.501103766145885,9.768848320396403,11.156303201557497,10.521198199301542,11.131196711596283,8.992967632382388,11.143981684064636,8.410365966540747,7.752945253749406,7.897642161585365,7.440167124226886,11.115601513297737,10.977558326277563,3.1638012132034543,10.93661173819815,8.20862174808738,10.776072939934279,8.296149619814065,11.124486168599361,9.264587539709275,5.202022340632842,3.8958231172090207,4.717965543674886,3.48378669723144,7.632778305025934,11.005528629146266,6.1157688361873195,6.9369012081561845,10.374411410194494,6.022931692064457,10.299445035558627,6.956222565065284,6.621377545841003,11.0770474784966,9.039885533394697,8.446279336042746,11.25481471112961,10.425724071770432,10.854569083774086,11.475747075154183,8.746655372265693,4.642647868789526,7.2339918682371565,6.17749246187548,11.280784550280503,12.249340034972832,12.07584800480546,11.263704000933412,7.891437178823367,7.410790945555266,10.607959294708069,12.90317285672936,10.74560447185184,7.876395606076394,8.470390752250557,3.380797999662568,10.50113462225119,8.621056520663725,10.286882912316237,2.59460521779634,11.672941159893943,10.820074983850716,8.081729031059277,3.465618876720153,5.194888061443097,9.77816421959247,3.6034644571737866,9.415497821822894,7.042418405759859,0.0,6.71472577581325,11.26092750895854,11.077669467704904,6.479765298137593,10.032499448561042,11.101435368819766,4.688140384788561,9.482922305287879,8.155720751425651,6.894873436216181,10.62757321512901,10.192824305451408,7.464206974973516,8.975678757122385,11.99299336172662,9.644456824655133,10.073120208767511,5.046285321070502,10.468578396211104,4.060941941291179,12.825371498181715,4.410323633466371,3.4054386252949813,8.09734030335298,9.942814233204075,7.84295860640906,10.528103004760855,10.562722085014281,11.069385091718159,7.594524634542028,6.407209562057523,2.1281798399125136,3.3668946121353787,8.698387418422573,5.990703053271101,8.86993877202009,8.378420063011939,8.757821495018565,9.314411646358407,3.3041734187851723,3.3976866026108663,9.710216018948067,10.117071627806439,11.352208952541375,7.119150545118147,7.603838373756793,8.946605927137199,5.423126265363183,9.019837662356949
NIC,4.484091277301184,3.932720586496168,6.756736880034293,4.651951318432824,3.3447167268680293,5.840169737708429,5.1425193303258006,3.7236748111413083,5.8380071483893765,5.016560093265247,4.751314909172835,4.408200218236948,4.404799525684959,6.783534163106418,6.597035767809972,4.3601600385290205,4.265472116780752,3.5518589759686283,3.1237974430557425,4.575098829277617,6.675958154345285,3.5800884007653444,4.376864054609481,5.631270862326452,5.78517940952101,5.673887781672283,4.2556106615975535,5.28096650438088,4.159048506045623,3.9148203599273863,5.002756408088733,4.7331571214916055,3.826898970674384,4.978649175188307,4.846382191490578,4.159334339215165,5.684754631747122,5.008543039272356,5.784983106305658,5.466570426432632,5.502356938907528,3.6270918534904846,3.723997056054525,2.9458494429984974,4.111301609352434,5.520204153716024,5.1005830649685695,5.750609830218959,5.191791753561902,3.696278047144336,5.568269737254228,4.308810764255193,5.937271484220023,3.1983730748000743,3.1900489037128024,4.631974814285674,3.873122244469714,4.8038206395924785,5.036785118805023,5.308737972260403,2.9253115886275602,2.0987106271179314,4.626782592808807,3.8484107789163247,4.472707328098478,3.662456342034099,4.149822461964097,5.801178698914961,4.271797312813225,4.910559441069812,5.943938650609457,5.625559586357201,5.362514151466951,6.549509178969674,4.393882370668645,3.736768411938351,2.7357761531457196,4.625706006847574,5.8494962701158855,7.872024899984071,7.681154816071014,7.4661418480398805,3.698290818625167,4.796275617859236,4.524198473896625,7.75940352450547,4.708468628256917,3.1772138268495818,3.8327773865327623,4.604607285654207,7.052078552962986,3.6948347339459273,4.195987021484038,5.60388108108638,6.550674066257871,4.9831892321917906,3.488355151735483,4.813985901693766,3.871303952255074,4.515896977028285,4.530655493887317,4.05788194110844,4.06133877702205,6.71472577581325,0.0,5.855142293313511,5.668808001447165,3.7950015175082212,5.02301692783189,6.3325698354976785,4.525106300297319,4.252026871651879,2.9490487970283645,2.9946936978779988,5.186595790363756,4.655590527987193,2.581860862910929,4.484016352515807,9.224616803896605,4.144325476691897,4.9993335625150905,5.5507752130783565,6.980163618392164,3.832065540515422,7.178571247452123,4.659246086112909,5.113927169948962,2.940078762113179,4.0669712230779895,5.4869202209726256,4.737490228045138,4.831932412568103,5.420562478050648,4.136079027672685,3.7740499522687783,6.608236890269464,3.8165812630000486,4.246560830967033,3.4143947560878907,8.143048709173973,4.766073995695316,3.383706133881301,4.083084835673136,5.271858283047214,5.132822082525551,3.9624172474875983,4.526734991457437,6.848153391526161,3.136079723291968,4.189890334738143,4.539252569200647,4.014385097901958,8.336138838158284
NLD,8.711572169973762,5.671074290087698,4.018588807476476,4.651604124773069,4.944618161172002,2.924012011647208,2.1310730644065656,5.426300635329853,0.9093361493930371,9.39761235962273,9.559206256155802,8.248053243926037,3.180943366065238,4.129214183128554,4.816702858104246,4.556224075943077,3.700876688554558,5.632442511196908,5.906140771562727,4.788738797177077,5.8850199768513285,6.023307872698571,5.726701703966649,10.757350063803194,2.582582636918679,2.787689035904206,3.631353724375887,5.554354591903364,8.37918831293307,8.390987785906514,9.637812892733095,8.346172705491703,5.0385427684981945,9.039286590815841,5.828257662386702,3.9669396514114696,2.658747235643049,2.362732601412924,2.325644875406347,7.06089012756975,1.462428970804958,4.923124117208904,5.751764360413291,4.796650418896717,6.921999392363584,3.2634217000020898,2.44990460606684,10.548543390850687,2.544942755846435,5.704276281854319,2.554529278304655,7.014010148694678,2.451960421145425,4.1842047709737935,7.667877294251852,9.433818081102215,8.458313970580113,9.24562912420534,7.3628875806636955,3.1314532243199342,6.149760334713514,5.970256366961285,3.2395464209616334,8.648676337386775,2.5627511138300965,6.918508375427118,7.524378604627072,4.1349278967515,5.481292915729948,6.5271199230955474,3.207227680310619,2.7723346608779966,3.3074923577320154,3.7975609791688782,4.7492421777118965,8.293234480077434,5.836137390608623,8.261878798805265,3.3511411391973924,5.626180586560981,6.662011321467321,6.8731262930184105,6.391759969125501,8.21435476856481,2.972102138621497,3.651176734180789,3.0382496067450964,5.2244457722995925,5.179663631846001,9.245599305374713,6.958067277918497,4.374155116085817,4.362214727104282,10.387867616742763,3.36179379858897,4.271660046150903,5.502339526104257,9.526954013205453,8.60976458292642,4.530635948459782,9.294943742001346,3.820328907604466,7.292289515497083,11.26092750895854,5.855142293313511,0.0,2.466261914039538,7.569581867476891,3.147504101208444,4.82376031329,8.518157518355428,4.955660873858472,5.033459770686488,5.679283532861695,3.499974102065946,2.892475847634944,5.625589710528709,5.756508760004184,7.681847650092646,3.658222295681647,3.923859161036702,9.814267857002392,6.035030581039874,7.977187772297548,3.2382271828739055,8.577955542375284,10.05507651305109,4.581763108802793,3.606562944879298,7.579063541074537,3.044120414967058,3.0211599471973574,1.9949699893484636,7.812274110019104,7.899799703519276,11.486816283212033,8.490577612160513,4.325199343432634,8.1353394648833,10.29527091651782,6.8216470031090575,4.600160757375715,4.300237446990761,10.031148251936608,9.95444931585159,3.882578327376283,3.810160105875213,4.564686530091079,6.2616102784356755,6.421285309908214,5.648251259987887,8.26036151392482,12.051076788940465
NOR,8.50655050323019,4.927091514324914,3.7699519784722755,4.1676701327645596,4.400680949469875,1.826526529915553,1.6810534987827532,4.506013797541395,2.4190881594448497,9.384433373817453,9.403657295013486,7.638669294103,3.2988209641112336,3.7689183403624664,4.9729168852140715,3.9682672451107033,3.31453571985825,5.551647077575785,5.506882129689651,4.578953066014527,4.639556358862012,5.473635565354153,5.706049149397447,10.64579999455935,2.2605549371801517,2.8424145428791165,2.972023080965229,4.874571134462313,8.327957181214673,8.168283515024264,9.580491125475362,7.972298927809967,4.591882095566107,8.932000974818228,6.071504369798742,3.7059841805768814,3.4452660649421656,2.2457165680025613,2.023562336693126,7.80566010570282,1.6653457453832519,4.494563163807235,5.202517497957563,4.416989681407802,6.2411654047716105,3.153767358577692,2.320005829101046,10.153699025902277,1.2301963440804675,5.649421494154213,2.7965134774291,6.402297507187389,2.7942998308384723,4.035776024988756,7.498390917528904,9.409504798195417,8.390910692441333,9.188126521298084,6.911473660062817,3.3408479160655578,5.9146579381236055,6.023822959127154,2.916550774557816,8.43434158251129,2.808267029188826,6.265480793025583,7.302731170721639,3.87705702450204,4.797562861361617,6.0987200065009795,2.6084751033565863,2.373735940624216,2.970796127415022,2.9140350678561773,4.095052176383287,8.077434065033277,5.525225744034291,8.104849185322825,2.336578416103489,4.937201859627427,7.466588414665601,7.301198341582452,5.637958072874078,8.31094708407747,2.728469778623305,4.999199595021927,2.9750476896905864,5.062009740033354,4.919740005750092,9.261647499779313,7.3533748028242,4.46065189348071,4.190777638299607,10.204013578395603,4.601538394717498,4.0590226953636535,5.098626442392428,9.642119840323252,8.376241106411557,4.833146008294258,9.113151491685876,3.6458030007131086,7.216377903974958,11.077669467704904,5.668808001447165,2.466261914039538,0.0,7.6202144636445155,2.2870262903918124,3.919139976960263,8.369407530856208,4.939487556546012,4.618773900609965,5.68204334907329,3.1474011779670015,2.7111137177800115,5.0054056939728095,5.891348145898737,7.082548234530742,3.199405986390565,3.1939587530693356,9.647941548667326,5.238728426594277,7.89419246246343,4.233453110484542,8.404387819173731,9.867979717361633,4.511819841626749,3.1966424726358316,7.860274448305781,2.9380330680683917,2.4807553598074135,1.6478471209329244,7.465022525627659,7.726259246032924,11.259281063696934,8.42830144926081,4.239795130994432,7.5011965814759005,9.627902849698003,6.441203905498278,4.717945008110791,3.964589894024029,9.588133000152606,9.637187771081386,3.8644229394509613,3.596684234425213,4.2041172893256755,5.582336841593166,6.3132477496335655,5.589364797689392,8.156571836899724,11.851948112458404
NPL,4.845153183711709,5.466091684036219,8.817516965094498,5.359372778167835,5.063975415354984,7.211811168365601,7.172710554047699,5.910457559700669,7.604956708118724,4.4683361400541886,5.160870462835003,4.2342302227044835,6.454996572082633,8.919303631528965,7.319490464680353,6.170822009820882,6.753662857448133,4.766084350611254,4.335757070593421,4.646748893436571,8.919690529823193,5.487657089235122,6.021310580213008,5.198928354590947,7.13413268468976,7.391127906286231,5.731425450754576,6.164835381107826,3.8109371653746975,3.7519606333413016,5.603521651719395,5.514508375936864,4.111373729113229,3.8138266559243204,5.469496524041801,4.976386030062301,7.085780706004705,7.463004028029965,7.590050997306262,5.691204815793772,7.3526469665592415,4.696288231094749,4.375403375342112,4.075993397296587,4.545137532563281,6.444204150758164,7.282214590272468,4.888563550947755,7.143703505188852,5.518084342385187,6.638618269693424,5.594074404802616,7.191070823677303,5.125719558953859,3.951648379860941,5.281420352376019,3.0256600214117926,4.4425424689542545,6.76851957589548,6.239227239413646,3.2391238760553995,3.463191247620999,6.634823637551638,2.7315121985812985,6.8844915902819706,4.517476123634077,3.8418955862012414,8.050328752059752,5.58328884623492,5.7948584901015865,7.721897166448391,7.071027820963961,6.529674808330863,7.8685546374744915,6.10648143693446,3.2059385334550425,5.032987562671788,5.994584013493769,7.634004959754334,9.563552933251419,7.191445341730398,7.827117625804622,4.934994828555574,6.392030359608864,6.795345166157141,9.08690058212752,6.86098518915751,4.206741566076804,6.167682224052886,4.5625020854861535,7.639935122648135,5.065999353974119,6.01152534668856,5.497380637358605,7.846513406348573,6.616330873726099,5.785864718560342,5.19589285902493,4.66514727686608,5.923834951910045,4.530536296256933,6.069260434023026,5.015805766620573,6.479765298137593,3.7950015175082212,7.569581867476891,7.6202144636445155,0.0,6.363492261275854,8.691446759142567,3.246991423342445,5.291256988706559,4.386567201978656,4.350361554186703,7.400678722319468,6.079668264914048,4.421448720433486,4.974805868962259,10.774784127435021,6.23798991851109,6.578410083721297,5.076590271133224,8.146395278960101,3.9635380169854884,8.893404189655579,5.735032979264766,4.039782936266759,4.487695578427953,6.170080471093217,4.543560299588613,7.223495212341422,7.385605593389778,7.169513578046606,5.600152780617643,2.952105101132796,6.302418629759534,4.178577223860156,6.2475191128272956,4.934445556684561,9.504004853468334,6.673961876464384,4.40547217039446,5.038565591470847,5.153948052882607,4.9560772624668115,5.473049467695746,5.332596454754437,7.191739723190224,5.116872202288299,6.048654775367251,5.070561508427604,5.271707587727228,8.624025908220265
NZL,7.579724145946226,4.99595099096066,5.1361262474958425,3.5513923901206406,4.171998013295967,1.9809122957704652,2.8541414723353085,4.653946690575461,3.348090517175684,8.219908357032777,8.62004026012772,6.851484858888354,4.017680472466205,5.106696598247016,4.777384849981166,4.478552628935617,3.981372951859901,4.911162357821902,4.766859268431193,3.9468566699252956,5.694457314606615,5.088263646813876,5.442505511247131,9.715993499860273,2.4094506496631363,3.210958012781632,2.8040096750639125,4.766847503422766,7.185102108973757,7.001554232091913,8.659262602764253,7.468891201254312,3.6783721909782483,7.612501884987615,5.6256806196633855,3.1698551714154544,3.44772892820894,3.3965328897144724,3.16728750461223,7.319112855214994,2.735313561200646,3.8047453733728247,4.416726457962991,3.603129721286918,5.358869316960504,3.2820592351843416,3.195807576758564,9.046798377063945,2.5245076011491046,5.287977801539956,3.0249433313835405,5.934018632940044,3.1668772116540844,3.724041962064113,6.574155511959827,8.688756650472044,7.15193619820603,8.062713282769211,6.646489662062397,3.414067309686048,4.880644246520783,5.180530838584935,3.7229744464457806,7.374066398092797,3.739558903389784,5.676456661249898,6.547330238133627,4.723259952071796,4.2949148274763385,5.767405682131108,2.3838142284737134,1.9044395758472867,3.571038825788721,3.600305655701261,3.5249017901732707,6.968311494836874,4.765184920229445,7.625145565794432,3.4352403706425965,6.234350460025031,6.8649008418297806,6.880930341704835,5.0890346987450235,7.970766805177455,3.4480580162977286,5.2614290935075845,3.7145449282635976,4.523178147211687,4.914601281266299,8.214372076905004,6.643192992779011,4.165710272261876,4.553043218964165,9.230622417438516,4.360821641391961,4.248830859988929,4.737880236984099,8.753694451753125,7.516665978148725,4.786786302622527,8.073815777699835,3.527626625406051,6.366964949600943,10.032499448561042,5.02301692783189,3.147504101208444,2.2870262903918124,6.363492261275854,0.0,5.282252209625165,7.228040965033488,4.39241766027797,3.9357316531133133,4.948696385676071,4.281749475794141,3.0991762344268508,4.2829987599616945,4.876438604366459,7.077615323311083,3.7950967722840323,3.6203645796241735,8.478826726864066,4.733455850331917,6.829726289965161,5.350225590651891,7.428383624972519,8.666803894900708,4.169018883344978,3.7886782382858835,6.556701709995075,3.9364872147155907,3.504568059124378,2.5611087385466966,7.084259714865697,6.386285382116035,10.2438500025966,7.3994869897719795,4.227886127413076,6.701626770914306,9.61888314121785,6.221892070766111,4.162142523145602,3.5361123793640323,8.513715862849947,8.481811443355971,3.9529523040689973,3.091882842605565,3.9463634368357803,4.814100014501695,6.024502666067419,4.992142997309094,7.460911316368978,10.922745160668388
OMN,8.940931851506488,5.3426395895276,3.1682449351104163,5.988465405014927,5.1821626989523475,4.6438089315893105,4.152639089959715,4.117981845771881,4.661285823357899,9.67466127523596,9.370517239415056,8.068191640161505,3.929225103525872,2.8356696864717255,6.510342456570579,4.474666723678351,4.104389023915937,6.562829239595726,6.071031384194311,6.102511446603269,3.6335138058214493,5.96752332818179,6.394805785532314,10.395459725516142,4.898049934383229,5.186209949688425,4.938843688159259,5.686754396397068,8.678975582259534,8.524235355455726,9.630238278459306,7.5172952309718,6.168050353121612,9.679294814997071,7.153527167048955,5.670724447249347,5.848105077062786,3.6836099603669936,4.242007479457607,8.42332234642835,4.394535540808449,5.273548365881159,5.74303821494978,5.473098980519286,6.881599299457018,5.541044709206044,4.347857842349463,10.598878806230807,4.150397078651186,5.779881980378416,5.275143547485364,6.285630253513888,5.215753570442285,5.18793467246941,7.736148011722402,9.264692828702458,8.894328664765514,9.579656616029348,6.328348119480642,5.428335572954617,6.756633118614723,6.820348820532819,4.249111656717234,8.922392499536297,3.9688570308243327,6.500012539732015,7.803461065899235,4.99485629330714,5.793271880286563,5.851247556281388,5.325749001242243,5.087425520478373,4.984423787275091,4.822049826093805,4.935785697351251,8.668402776178489,6.203137333744518,7.859042338841054,4.212997101026728,2.8578140652121613,8.882978171813255,8.235436707837167,6.647977683357672,8.28823525790448,4.328609257788155,7.201748386971947,4.358667136763424,5.680322406349523,5.095648238326732,9.579868166488943,8.779003730484225,5.207681352915274,4.914893302159655,10.187698209206896,7.008947025418626,5.5211906716469175,5.195382743973375,9.758700726563658,8.616624073679818,5.843273841874503,9.595427871161847,4.494738120717149,7.964788261135886,11.101435368819766,6.3325698354976785,4.82376031329,3.919139976960263,8.691446759142567,5.282252209625165,0.0,8.900982712638267,6.301022362700382,5.695870333577264,6.246821802260206,3.7091010519243617,4.835273102139626,5.760825891733372,7.2912034003696675,7.627505626946698,4.0101012710462935,4.160978810428734,10.458266538152227,6.505500974846468,8.353506928265494,5.447618562672291,8.871387774122098,10.195503742986212,5.326472499939294,4.045369460936653,9.217609364771796,3.9788923525728563,4.161995179974003,4.7099979076865,7.666916549822766,8.96957191830885,11.160485309668346,8.62836782077845,4.857615995860177,7.735181318710467,8.655589409145716,6.57543930322998,5.818729685282771,5.414690007292878,9.935513112495784,10.115973432278276,4.9213387484385525,5.577233196181881,6.163709674132027,6.1341726672929795,6.453946938883492,6.5376229577826575,8.410999954045083,12.861065581656657
PAK,4.266967693806214,6.61660120026173,9.605203248878542,6.237674045837476,6.26362148972871,7.851201582242451,7.923168291866595,6.257153919855014,8.585408791560893,3.4494847241001527,3.6920848561546324,3.400916899084007,7.2796035564804376,9.595657130768066,8.707743880497993,7.071709399776523,7.5129563148002045,6.0829955864927046,4.587731089613477,5.4248332132296735,9.402871155238424,5.9120293605975185,6.50095315233508,4.450982556426095,7.889101301567882,8.344012853911192,6.780899093922911,5.872603395378919,2.6074701030139398,2.585613385775332,3.9981657143049776,5.743170395460599,5.036152282043854,4.192377557347512,7.046247430554736,6.429448525128345,8.491064658970933,7.985227273219069,8.080125447329491,7.0960860714176786,8.353724088710623,5.209680857078661,4.517197457191815,4.694788779628298,4.075442853187541,7.582246063312011,8.358368777102271,3.1136335452213038,8.032998561114631,6.210580893316478,7.408844304958866,6.272854092720204,7.894218355724156,6.207194518331348,3.592819620068786,4.467048229054076,3.5702766342666994,4.107578618817671,6.587651359626849,7.587916242068433,3.202381745981182,4.2217588023882024,7.497158197631109,3.376019176648463,7.672208415289106,3.8433928536763284,2.8176201169595783,8.818794386632073,5.787144887699932,5.742480172069036,8.836240859023146,7.685129489825788,7.326547478910507,8.259736408746388,6.023134811317408,1.9671478275407173,5.0397864173343825,5.726425259248081,8.29466696494911,10.007489106733807,8.621400705507082,8.66692622926926,4.729412295463954,6.387728654655494,7.839119783820712,10.544693922863628,7.982926164440377,4.7850904632799836,6.377233218606491,3.2687080532323662,8.624821379726582,5.395885939620518,7.357420881704982,4.091816527735202,9.385000749057893,7.965645544055849,6.093026078271488,4.198569114232736,4.51162587855944,6.9972918171904865,3.303934280133213,6.66280851732435,5.312826954699847,4.688140384788561,4.525106300297319,8.518157518355428,8.369407530856208,3.246991423342445,7.228040965033488,8.900982712638267,0.0,6.3583708002252015,5.007847525345376,3.9672026500107154,7.796907444630583,7.057403491875853,4.880810872454151,6.1894274111435275,10.966636809201297,6.649336865292182,6.818930752029052,4.428942990250013,8.32327449507268,3.3903482858475167,10.149312206119864,5.243627695670173,3.3107310621150035,5.257476802474161,7.0364263179375826,6.151756613583091,7.918589013536993,8.15843350569357,8.13985705065855,5.7423020542665695,3.8508457819492996,4.760669005756531,3.2581902766032695,6.267697409517238,4.301977553877124,9.074733222162873,7.114513464996409,5.501573022387682,5.847367861034073,3.601270306368851,3.449486526735073,6.3792281519819705,6.865535653785489,7.618956048023299,4.766283943327595,5.778589098061494,5.542185802409405,4.338871635970067,7.967760713424556
PAN,5.960030169531072,5.037576777711903,5.809597016128365,3.978392757708335,3.419924296581581,4.919164382582082,4.081862891317569,4.63017909908852,4.6281871065715245,7.650440706924577,7.4605013041409025,6.321271160191078,4.568283861188564,6.215543961918029,3.7603719032499074,4.605915120555454,5.336582551325343,2.906985314855258,3.3287093464579036,4.322952672923656,6.696503756219374,4.4736311993887625,3.589675249088827,8.307888765751388,4.282631972699908,4.501389935756447,3.573378705261691,6.101071737534132,6.335872803901602,6.124399322990844,7.401917848689203,5.562046689277201,3.216305719634194,6.891928182492085,3.3601783930514943,2.980607405697661,4.378210945826199,4.776734506204183,4.961170831821975,5.518397501456232,4.630074061247419,3.1550920646345824,4.098443562342263,2.8531332210562907,5.429590682363757,3.588424190952874,4.425751909328358,8.473326126167523,4.499179401299328,3.864513562520377,4.024677681572344,4.9089653155977615,4.275276625631903,3.244995644652803,5.905872006820431,7.654742187260666,6.060089404161741,7.452101057198845,5.523124315424999,3.687740408896751,4.429983266838961,3.2412373029449206,4.026150108238793,5.619961840025482,4.621031347553477,5.54721968736255,5.699210350847461,5.983405700859929,5.573981945254425,4.404179481272174,4.748138114879036,4.536534889769772,4.0510467800277725,5.654889858996799,4.576537776944602,5.987782100573959,4.080530076989258,7.123141646015377,5.576699908636524,7.0321422044900475,5.648666244882109,4.86980736491104,4.562928001801586,6.048348370760746,4.470317773458803,6.428538603842318,4.421552951782975,3.7899525518865924,5.003133417972428,6.817163338702843,4.957065102912318,3.7251087349639183,4.307422745797385,8.144090066670078,5.217004672094582,3.363650722124886,4.905413851208327,7.548715214101326,6.270049151498627,3.05684068612105,7.021846520681281,4.278194848161003,4.432894578594183,9.482922305287879,4.252026871651879,4.955660873858472,4.939487556546012,5.291256988706559,4.39241766027797,6.301022362700382,6.3583708002252015,0.0,3.056968081154211,4.044788132609148,5.478912694787775,3.4651522874312786,4.2109915504298945,3.514091564279088,8.712187830031981,4.311406755426126,5.066864193108001,7.288339098073002,6.1835276378047945,6.190876411783529,6.102117474295866,7.070310188652312,7.549477311508807,3.4324204578119737,4.579217290735871,6.0599909855823135,4.516856905791786,4.507733492624918,4.377765634839054,5.2131621268949635,5.870629953390078,9.226323855443226,6.603787677608608,5.074898756015898,6.362414287574686,10.484031339626885,6.464600713115551,3.023894531251114,4.519616565607263,7.965197910894315,7.658023642765621,4.495735013660158,3.5828337336281066,5.473328681093987,5.511086076513804,6.4287551909090865,3.701368635229655,5.790556648752933,9.894667831137628
PER,4.868476564113246,4.236001305322011,5.853321003292805,2.5814987285221522,3.055699837184156,4.39206392198902,4.208057674444282,3.3445852984629214,5.022879077967968,6.400020169507902,6.3166757672808584,4.805256611879958,4.268264700344696,5.991482526403729,5.425473658074548,4.452155859275113,4.173531110785958,4.048274069741894,2.023322132499882,2.914617007505661,6.3170099572354,3.9055909521252743,4.249357286556542,7.265376361331564,4.281003777358038,4.800752826326244,2.5683197538471427,4.159268132019409,5.1113823088955925,4.7586197731104445,6.1520074579025055,5.275676368061537,1.9771991368330764,6.477016236664316,4.473889846802503,3.242358806206917,5.506854661100292,4.396292315308074,4.460848170542923,6.41006725508933,4.7073967921265005,2.1653460558736897,2.58392947252572,1.6891007137043257,3.9263709442163575,3.8465955907172833,4.862920335616596,6.916790244060884,4.336158277746576,3.876971270869607,4.134227736429859,4.214335889115845,4.333459879094616,3.2532558912729392,4.262375646183371,6.4982944179101665,5.227268373304869,6.483868459655814,5.15064114662828,4.294107353412683,3.203893222451976,2.7776229221054987,4.223508461727656,4.752482413567651,4.259125728360604,3.237029315810044,4.021318418989144,5.917638226055553,3.608034710944029,3.8275321720477087,5.045292104968509,4.391220624045178,3.98979009274322,4.795772585487694,3.6168285209889413,4.85639905763303,3.3832721109272885,5.783201419339595,4.661184425369598,6.837316863067327,6.742557922530558,6.177649882423949,3.8864546728729366,5.934095495734222,4.507434118684799,7.560823064341699,4.636839036513386,2.531536093906422,4.285919200058791,5.841761296024019,6.505659716407887,2.238743346295241,4.416418216128219,6.90847230343426,6.311222436517011,4.4829852184349335,3.7751789566391802,6.489954246616347,5.26217778666877,4.5372241542937255,6.1006808349193955,3.2021885696191013,4.603353994261155,8.155720751425651,2.9490487970283645,5.033459770686488,4.618773900609965,4.386567201978656,3.9357316531133133,5.695870333577264,5.007847525345376,3.056968081154211,0.0,2.5056678054231534,4.766009401836472,3.785110910041349,2.6441793947578462,3.771426404202454,8.29538777115171,3.765100104872926,3.6898198255704115,6.615180723902365,5.622711252256578,4.940767089739314,6.649983232226974,6.286542786032693,6.386519926341295,2.557898612268878,4.069452643397818,6.478863306873192,4.664152237359277,4.684957752197314,4.376408040496945,5.341128955794979,4.450728605861688,7.9656579726341965,5.479418242426157,3.731130993736922,4.978297622732701,9.581418549932968,6.353260310517738,2.813636176132623,2.9835113630259307,6.329013457006926,6.378133328151837,3.5103316006895313,3.3470661491509355,5.166808584984432,3.5260326578557732,5.023019693834455,3.6506812785584994,5.029381761507787,8.861583352459595
PHL,5.084467966934346,5.018813717198083,6.552015599372597,4.293631916165227,4.290163259496103,5.49032483425007,5.003412923384144,3.9443159591331947,5.743974452641272,5.349069368056601,5.275492810452228,4.043384091340779,4.731248158880996,6.705536596188578,6.406169020393632,5.173352113874395,4.852688576747634,4.4017528248936255,2.7563964000369103,3.9585346859525226,7.238082336376816,3.9525264273680065,4.960357490695899,6.574434356345016,5.341628982100903,5.534399583338799,4.253555627515972,4.203378090958079,4.032871081730712,4.002060281155757,5.266952343318222,5.574372885143886,3.4255240056478065,5.876744644520567,5.250250995569302,4.4424256804177364,6.068055084952856,4.902926603972924,5.187799357785834,6.4791850551934616,5.662912622818302,2.9494835234934933,3.51684765428206,2.1834186624796375,3.777233405206686,5.103497384390554,5.687339478911815,6.018999006065684,5.444303013169523,4.049286131218851,4.973248135942622,5.394369121792331,5.054250420093445,4.027485785900425,3.559038346770673,5.70071858022536,4.8528272137475215,5.709579980321078,5.463006039753666,5.37163765059768,2.2971365496939398,2.8274726683472498,4.888216543936109,4.611339934721841,4.769258611605273,2.9071527392628864,3.1037387325574217,6.409820408145775,4.418166005252604,4.400622593256739,6.324097654132718,5.3685742954603635,4.8430554167577275,5.5914161417626,4.05588487263486,3.853622175815878,3.1837523351404324,4.677135414473352,5.500704561757709,7.451825068384091,7.280374475494528,6.86345057237472,3.4166751630677052,5.745442025383973,5.263755865851072,8.18892314770527,5.399318960418783,3.030727265144034,3.734804764228542,4.6606658306415625,6.608679056230435,2.492161459235876,5.2364183023729725,6.0013374632763306,6.890142660989382,5.686726577072521,4.400323108541329,5.539992413843222,5.276614428814018,4.628863197376642,5.091590061255813,3.775833441394355,4.8499353104126195,6.894873436216181,2.9946936978779988,5.679283532861695,5.68204334907329,4.350361554186703,4.948696385676071,6.246821802260206,3.9672026500107154,4.044788132609148,2.5056678054231534,0.0,5.0023939462096,4.462703420477894,3.33342908425631,5.013600218602794,8.697978705723784,4.019745304121046,4.377826444091759,6.099514547283396,6.519053326986138,4.162548086036361,7.263654169733303,5.353850867193108,5.606350382955311,2.8311086775893304,4.733089649642332,6.5559635582187505,5.117114580654585,5.320949059191976,5.542438466645617,5.459351244251666,4.9282052931411,6.932534223740846,4.367661021166878,3.049343321695965,4.615039445523797,9.009565740613105,6.060432275424179,3.7110067346053217,4.1983223812476655,5.484927913013254,5.4897869880773875,4.118003131395442,4.775239168101554,5.8164543211461845,3.682860641279073,4.17212818342598,4.374987810638407,4.353247956459579,8.815250656409027
POL,8.594935006553678,4.051124134929449,3.7704625385967168,4.41079457989452,4.113977858142707,3.6498847350495076,2.5800393250166906,4.110205045390754,3.355212806032285,9.066746471047885,8.876138610148303,6.68133750556275,1.986377460954478,3.907890706785914,5.929170774507699,3.1785358130720898,2.188040420368378,5.690602289638893,5.505783080439549,4.705578814172851,5.51090815811584,5.4361881419841165,6.1749998043510725,9.961692802058085,3.663356252192454,3.9297057891648493,3.5923281670624236,4.231230758981245,8.00389003080079,7.951600407824257,9.136399147299388,8.157238639312066,5.024204894170778,8.806053347145411,6.602887419352649,4.516863263080377,4.498738985585755,2.080399177582763,2.4316714203386267,7.889431457648365,3.1130600195728926,4.402517185870888,5.593776492637577,4.43533264368254,5.597152983296347,4.04592114904001,3.0879005795650194,9.650056222962258,2.75935856502592,5.516370181803465,3.6306059532240345,6.9811613907021375,3.482118387799477,3.613131822199736,6.866440330723363,8.861755302885781,8.287841930024246,9.023774650357192,7.465824809131716,3.966068897014263,5.632808561779097,5.914026263027734,2.5731107269289293,7.920760870507249,1.8757245571248764,5.405803559176684,6.296636378291306,4.118800647155326,4.2405345080907075,6.49783077386827,4.980769071591631,4.398438658470506,2.9958134287947997,3.491595112092214,4.21143855688112,7.475096441742433,5.249384942527056,7.08904715062426,2.432826475042505,5.585178312794021,7.207807454261414,8.243376711181268,4.920220109601545,8.038724190512568,2.614165099815163,6.272349554333438,2.7157265572138862,4.854058209516339,3.663829840410486,8.871668356987254,8.244084186343777,3.806073140550465,3.5547689156652598,9.844753852388086,6.0379132425582895,4.6431198665373605,5.03200091442304,9.221900880283403,8.355952222640962,4.439818491533522,8.77099142020007,3.4627691496646267,7.645832443865937,10.62757321512901,5.186595790363756,3.499974102065946,3.1474011779670015,7.400678722319468,4.281749475794141,3.7091010519243617,7.796907444630583,5.478912694787775,4.766009401836472,5.0023939462096,0.0,2.973539626857091,5.0915685831386694,6.801186843890657,8.845559665943998,1.6612227730346976,2.444326671514185,9.772433035077434,7.1007693136969126,7.85817058689006,4.400710960349369,8.486953952134792,9.415872256779735,4.313802240204323,2.166481419969553,8.325960031361308,2.3222383589738995,2.8646098864624308,3.5173685250880333,7.219302731344354,7.729152635156054,10.781913681271359,7.987391424556252,3.5678940581594456,6.890266512805595,9.615650095179728,5.790297272164762,4.799396536691894,4.02150514628915,9.174724305698101,9.388791951661597,2.651765952856597,4.328146371050749,4.571298438413228,5.136990455034307,5.2466458946370595,5.627021292633993,7.834925409451987,11.08190389474881
PRT,7.740868512829667,3.8617868417626395,4.366016039907753,3.46801293306952,3.2871565908939133,3.0761222341300085,1.752080760732421,4.290441635360704,2.5890708938343834,8.461042311843805,8.366214965737374,6.488546063092264,2.4805355995756764,4.6520804391989135,4.0638399279410375,2.911934714532026,3.393751938753353,3.8927041289073347,4.564697906487439,3.6540788339596073,5.777383766835775,4.433393409336913,5.027738102706353,9.534361609252937,2.766106399606725,3.216620712062734,2.60279437886289,4.576670821526998,7.353261350168188,7.309897199237218,8.743059710551975,7.321310723574083,3.5095532430403185,7.6651996722110995,4.467115172319854,2.426819077080713,2.8397619735702344,2.628471117237342,2.739022201452799,6.530793819902029,2.4007645723372786,3.5104271315125075,4.578336885410179,3.1170286436765435,5.465286193267245,2.1023279324500805,2.448217807871592,9.126995680825635,2.0760737336070973,4.566397392721715,2.057331048469283,6.321407842114642,2.4561141387193564,2.7592787147010682,6.619437992219248,8.489463616557645,7.275611111229392,8.206959920830514,6.910109343187717,2.0059142016816716,4.686678601690291,4.579430723223878,1.7460113019585484,7.041458762818205,2.4023057075699876,5.539813109834425,5.903724808578956,4.40570135237819,4.639705938160585,5.484043113685099,3.7035070881352135,3.298953557635157,1.6181145953739189,3.5575726060044097,4.177242441387032,6.840676805355923,4.560312797898962,7.211370046174953,3.187588794371689,5.789010156891758,5.735268172410641,6.329117905356497,4.25802638094749,7.371982611890232,2.5950480315410083,5.2076622011664435,2.4388553735514726,3.7468909826628702,3.9647796831567548,8.034590920241346,6.0241231370386075,3.4751379572308236,2.973472007250069,9.253308946267232,4.49456906631922,2.932957138656632,4.880182752016538,8.591918230956384,7.60689301855387,2.813301345029861,7.960848132757752,3.4290857883268395,6.318748295385623,10.192824305451408,4.655590527987193,2.892475847634944,2.7111137177800115,6.079668264914048,3.0991762344268508,4.835273102139626,7.057403491875853,3.4651522874312786,3.785110910041349,4.462703420477894,2.973539626857091,0.0,4.4488730556274385,4.938199407990545,8.445179033852813,2.203196830189584,3.3091901546461964,8.611872290564689,6.2519418360227315,7.003924790263943,4.321990061789473,7.615551128414617,8.711581654453928,3.1010905451399635,2.4951283558635473,6.686375548087702,2.6172783872111696,2.5583191074436273,2.3955080060532823,6.452374190188242,6.71776706605346,10.343042717339692,7.454142916662691,3.6974535128849544,6.782707648338724,9.901119036977862,5.5741043726356505,3.1736119306472506,3.5409000354849067,8.791624296538117,8.765581395310429,2.723117974701489,2.5906372277025658,4.140518444489509,5.280760999354498,5.710678620387863,4.686811469414523,7.2429719333641955,10.86215865515529
PRY,4.638764796422391,3.888283974969993,6.1439189525502,4.005059113451378,2.989601323597056,5.019359276034506,4.681937976653959,2.7496883970245953,5.573788238201822,5.7711909525070695,5.719316133420431,4.230257257576924,4.615453152743851,6.166314305793049,6.468531933071896,4.313260240754375,4.031578678488868,4.2045258248814985,3.1287988965977065,4.036823774084699,5.682094062688345,3.227452186916878,4.896528142466965,6.57343464704582,5.147311964508451,4.841236306624033,3.347826836624992,4.559592412029758,4.674668316375911,4.414660249576487,5.806794334151689,5.204620868223936,3.140702444793869,5.874423441408114,5.339320857631041,3.57518444391247,5.599608383755774,4.774469639159934,5.32359925462131,6.130073348706299,5.122741290381198,2.590004395857274,2.747963730935084,2.711595246429389,3.0261296935121256,5.051984615433899,4.864255657615192,6.19833533125004,4.686862511635418,4.3739519237161835,5.28014768156996,3.5367273704247957,5.594169395045229,3.1437779596527893,3.2934899358139775,5.476644230332209,4.580388439331416,5.968572403871837,4.93307275173814,5.250110606623714,2.974768987059498,2.873285871367311,4.69334898714217,4.453951573524621,4.475422521749472,3.1860848274857863,4.312048807163339,5.035654603343135,3.3516239423290095,4.216807951445395,5.432148767450547,4.9882064407899644,5.147554732510503,5.957221341411668,3.1757274320117683,4.756287982011741,2.8130642388087006,4.916811930770642,5.173915511018324,7.187513032088264,7.838240592165528,7.872534549125601,3.636244306092994,5.713032681119932,4.310025979487525,7.517584789376741,4.725917128579458,2.5776173337720816,4.130850040027477,5.810561974312039,7.139445413915425,3.1253657916801583,4.158814128290122,6.037267049128945,6.408530609763028,5.091844105821703,2.9371988697279625,5.955124593571018,4.260069385822702,4.892385578056455,5.7611615568251135,3.165114894488478,4.516427618980509,7.464206974973516,2.581860862910929,5.625589710528709,5.0054056939728095,4.421448720433486,4.2829987599616945,5.760825891733372,4.880810872454151,4.2109915504298945,2.6441793947578462,3.33342908425631,5.0915685831386694,4.4488730556274385,0.0,4.216032203551841,8.192281182692591,4.041600337418687,4.476077312328702,5.893899611138279,5.782465605272686,4.152598161808951,6.860040462665208,5.704923230641028,5.874399438079749,3.0708993386471874,3.9788869155416013,6.261144048258658,4.544921307949898,4.554030290596908,4.896492589810621,4.678718838648332,4.134377791793544,7.213556695499764,4.840130332300717,3.803685409073446,3.572694256958453,8.336171853822803,5.649135831916788,3.2446303463728032,3.0898877565858758,5.692317990429061,5.642617597577639,4.052760840674587,4.162486116590538,6.210804434591887,2.424566633864506,3.652251933829095,4.472458072746498,4.723770531464934,8.607117399357147
PSE,5.338778834947238,5.679662171420788,7.430047898824085,4.384441555030726,4.029283968676373,5.70193327947757,5.492281122290118,5.3006592681879985,5.6384036480065145,7.268429303146497,7.1113768056170485,7.062349709695232,5.702486630810136,7.591842107372416,5.045669114532389,5.357110932900029,6.087862876378581,3.834880749549468,3.6851619666231117,4.286107708438664,7.373881204036224,4.93637340818437,3.946956909255178,7.785352295962401,5.262546801325824,5.935161816937179,4.362059120670718,6.704819890618126,6.228594845096928,5.854419163757288,6.826196656974524,5.452744998247815,3.371103542645403,6.469963912805929,3.793773202950449,3.576659980119339,5.321849686116528,6.021414282978244,6.145487892498234,5.292333963168387,5.4252953336776075,4.235228973910781,3.640946938408478,3.7527995650724124,5.850380190380338,4.635465271511048,5.447345460255047,8.11008316692907,5.415106197833252,4.370956500365815,4.923764301138741,4.689696199675045,5.525885784765796,4.041852558786294,6.018642726193422,7.06834543822409,5.634865571303526,6.750866694694573,5.587881375498741,4.539074019296419,5.079943994460927,3.4056393268283793,5.211099817629306,5.788181114210859,5.623148680211701,6.197877627478717,6.097335274969695,7.036273492292132,5.750681973413467,4.332056326799075,5.183100803420208,4.924944844189789,5.499898493813194,6.88500125761504,5.298259312724506,6.0356211505086526,3.932735499674199,7.991947903011355,6.817976272527102,8.07701383350964,6.6533390852912575,5.355270961301776,5.791261521517586,5.6324498118744675,5.481692839872941,7.180017586517244,5.366151973545025,3.4785450212721023,6.089579272951158,6.460599249511851,5.690579526381347,4.902835633173244,5.116704343297233,7.600613725843421,5.8495367876523146,4.195236263076965,5.00488092598191,6.741349125262175,5.753373421152772,4.917456129145901,6.543396049449799,5.264712541549367,3.995057388361685,8.975678757122385,4.484016352515807,5.756508760004184,5.891348145898737,4.974805868962259,4.876438604366459,7.2912034003696675,6.1894274111435275,3.514091564279088,3.771426404202454,5.013600218602794,6.801186843890657,4.938199407990545,4.216032203551841,0.0,9.25971834997259,5.605232490711657,5.987532206798376,6.572632911917191,6.088565414736192,5.733138889445404,7.650439297834188,6.656670331694345,7.386590691061537,4.035816896437963,5.368365410462672,5.485594884211414,5.690888726563516,5.700265678556218,4.980778781705866,5.179917365447223,5.049169443558968,8.870762333646566,6.379914929661443,6.138366264786859,6.023947634624494,10.03106431475427,6.618427290787528,2.8948670313162688,4.664229242803027,7.855311272160323,7.366035208525591,5.121351697641926,4.092797220467513,6.620494342930432,5.181685668685976,6.945641995609155,4.109193482503729,5.969489343607952,10.000538171616856
QAT,10.136020936939829,10.296032337851333,6.996703619912068,9.212427534591376,9.3422290645907,7.221769363093139,7.471672437392606,7.663879002279216,7.790121863975885,10.82633155694965,11.119775549036964,10.669702741253912,9.101003916928802,7.055231315777119,9.30185701704525,9.674501550975029,8.411483625318025,9.362745197134842,8.745747265419148,9.391263049113656,6.250649175289368,8.685275370405241,9.245945479292224,12.521464452059227,7.575686532773209,7.280795254339806,7.973809332640214,8.735382311547296,10.10666897586348,10.026733999005963,11.01438767413279,9.373907600768861,8.799069655576746,11.521131661251147,9.90514415280226,8.843443016454968,8.294561550358905,7.392997637537102,7.7910566182916545,10.949141814517754,7.963855408343485,8.314361281394161,8.178978544629517,8.308844568629915,9.453143524509402,8.663495927736705,8.00120700334353,11.908808327987494,7.9194270854992705,9.22482906853783,8.630915097506934,8.045468969627684,8.32815347235974,9.143356223349281,9.575357412658057,10.984679331588334,10.539728942329083,11.282829356856212,7.581847177152813,9.27548408511349,8.953744944653199,9.102810606766512,8.96735077276688,11.386132245768598,8.358050619563796,9.127354872702686,10.41141442793628,7.314397769215696,9.062293508454673,7.728245862689815,7.209996459228157,7.129732999952798,8.986288575491045,8.24418387371416,7.173354891083556,10.934710216806156,8.7219861018769,9.344210414003326,7.64983027570632,7.189784385349788,12.497952706677376,10.161372911153872,9.65654609569589,10.685494807845448,8.45537915582836,8.379174967327112,9.063333100235573,8.820826169063077,9.284805489368997,11.011107227370768,8.916989729358034,8.02638243695018,9.662640547708456,11.087809641682533,7.941063026525956,9.254082097009924,7.455543911525458,11.092062936586164,9.850765254167765,9.446748994896073,11.331181948215882,6.996875520754345,9.464743796954695,11.99299336172662,9.224616803896605,7.681847650092646,7.082548234530742,10.774784127435021,7.077615323311083,7.627505626946698,10.966636809201297,8.712187830031981,8.29538777115171,8.697978705723784,8.845559665943998,8.445179033852813,8.192281182692591,9.25971834997259,0.0,8.9030299802931,8.29635409428614,11.264103129653193,4.517146506582815,9.431896263988296,8.373506852776691,9.955000035959866,11.689783730797611,8.72249601898485,8.929406801506943,11.349255844182052,8.243222103171595,7.54460224721822,7.8583398779866,10.71086257459484,10.474331602268908,11.93275702625039,10.379775938894399,7.499193026549244,9.97687716096379,10.822351427419065,10.752401609752253,9.127814260500903,8.556881233937624,10.834649165741197,10.839325142584906,9.496695771155299,9.185994492495208,9.094921457348269,8.646952527715163,8.495844944355774,9.28003541941135,9.731452099171005,14.694005892252296
ROU,7.457023449598698,3.207104472667867,4.387233307435085,3.648488567002178,2.9734355564310015,3.6159644075876898,2.4918954256328303,3.4028508515581133,3.4524269941797603,8.052894106409896,7.787846162217742,5.782841359297289,1.6119910408755889,4.489222412905341,5.1991568726793105,2.433034016087111,2.395413077436598,4.382714483939189,4.2718344259129335,3.7911730640882153,5.483919831406828,4.299204781255976,5.099046171112902,8.86755696823136,3.531713552884657,3.9225709966170483,2.998729673083205,4.035886340012189,6.896618316395666,6.820806896980651,8.127126687507577,7.091249751841599,3.8730373127459785,7.607964976323036,5.485049638232959,3.402252336327776,4.096884015553837,2.4263723348462007,2.861967955726957,6.838925748095858,3.0457743699398554,3.261458491241433,4.4858408532249845,3.155985604889629,4.648197509837462,3.4616019724965206,2.929639773558781,8.641453832771699,2.6097167214516412,4.400198629450171,3.1523705053771534,6.0589127864743535,3.337510089127522,2.507733263317976,5.930435107276143,7.843866918548611,7.116488523927211,7.896895034206962,6.56745448919032,3.3091147307662836,4.464400765457921,4.671737455152876,1.8911649491892604,6.728027642528978,1.8549554557102457,4.663295848066891,5.36590821856586,4.324858269283521,3.8251088671332663,5.478752338842605,4.639915002052177,4.035502428301251,2.5686142080187557,3.7951183423960266,3.6814368343798907,6.286906179729401,4.082497945519364,6.559905356856653,3.1346184521512286,5.739312925172377,6.548202051044125,7.343324366158098,3.8434864331903356,7.017137585058489,2.3323707190684018,6.327228919093386,2.2671999782443546,3.635123213229953,2.9527598234034422,7.744329599009709,7.33940428153376,3.121505107936579,2.7887577950781495,8.78185788864731,5.752706581169087,3.7833757617238755,4.41018892059855,8.185466310232849,7.307048370668583,3.3881416521553156,7.608116590286761,3.1547569396352895,6.394190825803639,9.644456824655133,4.144325476691897,3.658222295681647,3.199405986390565,6.23798991851109,3.7950967722840323,4.0101012710462935,6.649336865292182,4.311406755426126,3.765100104872926,4.019745304121046,1.6612227730346976,2.203196830189584,4.041600337418687,5.605232490711657,8.9030299802931,0.0,2.4262476658906915,8.660247859451541,6.721538506504716,6.805123105701947,4.927471938644333,7.487756356162023,8.308877518937194,3.1208684726440015,1.6586279608020569,7.149398455150066,2.1619257291151888,2.7300893771868395,3.2482354332874284,5.963006171761892,6.680066306174449,9.76648548556979,6.917333580761145,3.324295202345445,5.930186804703017,9.069143879335819,4.868235265511217,3.5549297553422416,3.371930757417146,8.267774777818895,8.387217677280773,2.0135064620000045,3.3866525320044194,4.4186808948630585,4.3465237747892544,4.953331925238183,4.6498151179724525,6.8354220494334985,10.331062251493101
RUS,7.526150942700787,4.363306490814027,4.447008704335311,3.0673345187491527,3.847604718112212,2.7571153529780217,3.0951349366948238,3.6139092536182975,3.902739707358953,8.451137240973438,8.32595993355962,6.040850706135616,3.0715340326805523,4.6754281735698635,5.76502482515421,3.600448842206639,2.8436278465985003,5.71402828403269,4.373671206733379,3.225390284545518,5.472209331753104,5.359615639464374,5.625978502955044,9.382292886945427,2.8740448615658933,4.301505989992108,2.7411676917379744,2.8779639511613615,7.238632665292931,7.050194000477809,8.3880811960865,7.342680597072795,3.639807678708586,8.416434736978006,6.406454676661432,4.103757566211977,5.118504242567309,3.0427458812387926,2.4475351422080913,7.849601609042108,3.596135144264791,3.6577656969336156,4.176599254170836,3.5715647224901432,4.630047047460277,3.3988971943498414,3.93514850008093,8.85389914541994,2.954678571557038,5.422586558678941,3.2435272632199124,6.05886051712612,3.249748905619715,3.724137152937801,6.299160418003044,8.431748487943324,7.692039028650643,8.527089255631639,6.7008486446080955,3.8116532230145026,5.040976602189764,5.3928173099864525,3.3659364938165224,7.173520810444304,3.1025831508601223,4.315291508547026,5.292064378095053,5.011342769437015,3.0430511620849856,5.308428826023172,4.8681674799153365,3.905551349342562,2.8050280346703396,2.9139432584411225,3.2768972672398227,6.692822060409649,4.994640912260518,7.259606421649567,2.4745087699153765,5.594402510057217,7.190432894280591,7.444646838350124,4.780731251085813,7.656427641997822,3.4500865913007703,6.952330235001909,3.706233992843255,4.072828883129202,4.44111794571638,8.240437613204826,8.132411088043568,3.017608045435004,4.126449461117916,9.14958904999043,6.549638130480799,4.791746383418915,4.59056592161812,8.694071936634245,7.716548032599101,5.050663135710139,8.175093033053905,3.0986034137104808,6.868274043917649,10.073120208767511,4.9993335625150905,3.923859161036702,3.1939587530693356,6.578410083721297,3.6203645796241735,4.160978810428734,6.818930752029052,5.066864193108001,3.6898198255704115,4.377826444091759,2.444326671514185,3.3091901546461964,4.476077312328702,5.987532206798376,8.29635409428614,2.4262476658906915,0.0,8.985526050713487,5.733897148109491,7.186402484872986,5.586723945594767,8.294536535516015,8.73612310968361,4.045403108006029,2.779284279291492,8.04046541969036,3.5247453002796014,3.90291186650996,3.5143214203122737,6.826175393280004,6.766250056572462,10.105299877420432,7.523302995298275,3.6426837442599704,6.455324060681806,9.626544446719084,6.633200712667599,4.227171345771053,2.8499163231627644,8.44581042472208,8.64305063672927,2.4563682505886786,3.9163850769331257,3.321068056091138,4.363801934314941,5.3912994996385875,4.308302498021078,7.299961706441795,10.600123399330782
RWA,4.227406148981327,8.227441829205286,10.965410411021432,8.194384785620581,7.572382788007135,9.40723173986145,9.208366370759002,7.6521268411385535,9.822222669116266,4.309494460314704,4.056186855166328,6.067077130063778,9.154727354663477,11.08145433941762,9.744842395616564,8.420195178937696,9.033433053556976,6.752749059219666,6.125161220966188,7.636078030752417,10.144717952549394,6.540140759280923,6.895118104252472,4.889993559617482,9.305026104422426,9.309527039697231,8.265047982125644,8.228617235650127,4.304009561922677,4.162448203678817,4.283298401848021,5.8990986599627435,6.802604015031766,4.779059942663334,7.284679656082601,7.634542296301267,9.30247795618249,9.443710945919054,9.817750668940924,7.153990500790771,9.64749175819671,7.289332435392061,6.100017218673086,6.535834964077813,6.5293471176226605,9.043217824865492,9.311594541067585,4.123040850905395,9.259392242108236,7.0733556493257,9.116676877078541,6.6435102409467905,9.611635376701411,7.478010249860851,5.112770058520488,4.4456103083571925,4.1962012881537625,4.384396445075955,6.687173780825989,9.02457384498608,5.473423715225632,4.944496735110962,8.889570584282579,4.569150966486683,9.169968468939063,6.398650305141308,5.715668682831891,9.6838844444153,7.785285681126817,6.944790054734187,9.526154579219313,8.987942940866116,9.220282830066896,10.338918389654198,7.416808034170298,4.431747362445664,5.99654674200731,7.002105615497318,10.058099189731843,11.498587003921328,10.43776482149419,9.193848397725398,6.595412201605336,5.533503544226084,9.008818648257966,11.024445003200537,9.248038979901887,6.382009760483578,7.957573384627469,3.5911881042197953,8.483879033705216,7.503761479270244,8.500744388699655,3.7196199399713343,9.823865572857365,8.751217383302485,7.008855748609267,3.6964146047320527,3.905530541436827,8.178945320807543,3.3665050795362665,8.130224442524117,4.6287765222766275,5.046285321070502,5.5507752130783565,9.814267857002392,9.647941548667326,5.076590271133224,8.478826726864066,10.458266538152227,4.428942990250013,7.288339098073002,6.615180723902365,6.099514547283396,9.772433035077434,8.611872290564689,5.893899611138279,6.572632911917191,11.264103129653193,8.660247859451541,8.985526050713487,0.0,8.787744071207452,3.5582311356162455,11.423150962544787,4.499320431526611,4.285979860262867,6.8548373362405455,8.577821365794506,6.583839504624792,9.136814469126117,9.119982922046479,9.304278062879051,5.511105931564091,4.986514956799108,4.767116394497234,4.165725128087282,7.797188039014057,5.3288625614012854,9.566607726871194,8.40778634160401,6.776125397380837,7.731697065323263,4.48868411673283,3.2059173127895657,8.36452095267875,8.440258980194896,9.907854243541703,6.31332810929933,6.898223158504529,6.859525090355622,4.559941570201108,8.323692722012366
SAU,7.41163097585587,7.964312105633082,6.2364254893832225,6.216585621658697,6.619994439991978,4.745008500843536,5.586393520776145,5.476551147395856,6.067859509445516,9.161316866693362,9.06787730234566,8.401751290719371,7.2185515706628065,6.766257596687649,7.277188498628274,7.156125226909953,6.642130787757018,7.11763901828077,6.000381913431689,6.19357252511986,5.363343683237983,6.720762892956213,6.476894398373175,10.514365125707275,4.859172978411529,5.846209841128692,5.302536953887013,6.122790969550476,8.129555889284465,7.805484205959824,8.788334521922419,6.97887407903467,5.525641080333715,9.47845598361506,7.635946121988715,6.132433370423568,6.56047389000619,5.929114098562504,5.798957932257715,8.827981213196319,6.075145751997899,5.96699649886049,4.8611340702343355,5.695116955936736,6.76868163238075,5.792243385166681,6.230514176673455,9.717719639599775,5.670234094264375,7.161646298754388,6.013886470151679,5.621135396349394,6.151901798044931,6.605561191590936,7.665980333186444,9.034845840190252,8.516561673449006,9.365639165609906,5.71499236782611,6.582626815036236,6.887924990211264,6.506199075456384,6.789989589554657,8.838873949701066,6.581176649653638,6.748533850908245,7.5825252106391625,6.281629579857195,6.247008916348352,4.785275155555963,5.391254432085438,4.927476640243259,6.479706470345262,6.337482397589283,4.709509773907609,8.38652349272012,6.2061942217599935,8.687383658666164,5.919194027379506,6.605850595230021,10.230595338919859,7.57926989968505,7.324651743265921,8.308969656617899,6.463050420004059,7.5195475220672385,7.040304175966019,5.920814804106951,7.7816677590638355,8.88520982556257,7.424105731245492,5.825649272216619,7.3418503877608625,9.232484898385843,6.967540438235378,6.789699677258435,5.369460092134482,9.00905891456111,7.681181561137529,7.457851916910637,8.936854851827011,4.996280099564569,6.623348573140843,10.468578396211104,6.980163618392164,6.035030581039874,5.238728426594277,8.146395278960101,4.733455850331917,6.505500974846468,8.32327449507268,6.1835276378047945,5.622711252256578,6.519053326986138,7.1007693136969126,6.2519418360227315,5.782465605272686,6.088565414736192,4.517146506582815,6.721538506504716,5.733897148109491,8.787744071207452,0.0,7.4569565225001755,7.758508121063913,8.526533238861454,9.76436878655072,6.587142536542295,6.641118000058853,9.18288736684468,6.377372722423024,5.950636743666226,5.568161702309769,7.923925523091672,7.680582179420073,10.364878180632298,8.554403841837908,6.03086707816671,7.625597728629496,9.857048810785912,9.117951808678924,6.14841829857094,5.632838021441164,9.044550473928975,8.821103984924278,6.874233637868646,6.7016650292901225,6.428876459791047,6.014123808889028,7.025919587402184,5.849615209854549,7.741729610461309,12.451873705683182
SEN,3.508113022012786,6.847306881496877,9.012923543242263,6.752651474530491,6.286207862906407,7.702844311911287,7.525749474546016,5.858289656499116,8.064380088604297,2.4759469473542226,2.8381586458329155,4.779829367592778,7.2163273201447895,8.805067119321476,8.596074360923057,7.139235340437084,7.100068030830228,5.6241519156011615,4.674164347759481,6.080436518943358,8.295573492140614,5.086000879394334,5.912811593544785,4.232164780929597,7.846733730830074,7.710624182081869,6.644917109470496,6.525756753535892,2.051815169349353,2.2197474257897283,3.412677771175364,5.093928712706126,5.501896266306336,4.25890982484819,6.418142829553932,6.257095724108165,7.865737289814091,7.495515940419383,8.034642562772717,5.963128176836318,7.858406778154662,5.281576967640195,4.60089461170057,4.765871749277735,4.96709426909435,7.706125302078789,7.738127581951832,3.6341806984186613,7.7075798710451995,5.723641901333894,7.591629255478273,5.223092370340721,7.977729007758686,6.1704556406333335,2.6897594560938525,3.006655141814865,2.540913210650746,3.225833358719588,5.1262945063266185,7.759406273556664,3.2553774820723476,3.6278331830749786,7.412524395040081,3.7598324602821718,7.261476152521627,4.610892627275105,4.581650878352561,7.845251794661835,6.144635642541244,5.579426420583535,8.030533076731063,7.251701897411796,7.754403391973488,8.492698783862611,5.754853163793992,3.386665500449463,4.625440951667401,4.624739385275723,8.15919959683379,9.323742606575804,9.361114465902293,8.407477289354281,5.61412857045835,5.240174172092158,7.4131519886244925,9.540967736755785,7.6486784047716965,4.603630637753077,6.193690112252167,2.919261894822338,7.884297374973168,5.432448528637991,7.132935898183873,2.8709986278691733,8.31705870452742,7.730408725618345,5.21903230258182,2.9748139679857597,2.8032820180250932,6.890353885870808,3.1152281313797667,6.124043367254525,4.124420920810513,4.060941941291179,3.832065540515422,7.977187772297548,7.89419246246343,3.9635380169854884,6.829726289965161,8.353506928265494,3.3903482858475167,6.190876411783529,4.940767089739314,4.162548086036361,7.85817058689006,7.003924790263943,4.152598161808951,5.733138889445404,9.431896263988296,6.805123105701947,7.186402484872986,3.5582311356162455,7.4569565225001755,0.0,9.4698847148661,3.647716036862183,3.341188793545875,5.009909027929036,6.930444269139752,5.626727474974706,7.42816600731206,7.454084439336487,7.686994694886706,5.219476699703277,3.9654089492571907,4.178514296815014,2.1206672318541075,5.792309587274545,4.4762106649239755,8.09866486431978,6.853411302697183,5.423796261620307,5.96241866141013,3.4615134298921477,3.0735882732510436,6.751404722794783,6.838835741612099,8.425772084675582,4.692963737212112,5.098615271777378,5.838607987777137,3.370301973220006,8.39088963577752
SGP,10.162415161623858,6.508347318215748,3.420552048754057,6.465722836812755,6.050711597293247,4.882599702709667,3.6184891852134395,6.432972255284151,2.9348335468439464,10.848563869921806,11.025151270365999,9.130257338558117,4.219644719552856,3.7479116871610536,6.066943935001029,5.621000900019976,4.618013734382579,6.898904108207231,7.642416151260774,6.742965589698385,6.220649261681415,7.407286196397387,7.4289654484389525,11.938306292730022,4.65787686239349,3.1417796887686014,5.037214895375196,7.065530130089212,9.838421610722026,9.949259092453962,11.158777372226567,9.456621378109322,6.828499992366315,10.518292178280133,7.252459215902196,5.384671918305782,3.8072969662801546,3.6812026894971273,4.100823597448344,7.827737620648382,3.4951428048406834,6.161826757498964,7.555026681603123,6.495039893499108,8.040950752362132,4.99542153837776,3.5325967979021855,11.970370805246935,4.272286949048997,7.367155339838684,4.841327789272841,7.901211877143472,4.536286820481818,5.42877249259686,8.721949672690403,10.712517487156914,9.686150001544057,10.941846675418867,8.669713924699805,4.90024904375164,7.52274728562086,7.380143704346682,4.729866432377565,9.686808358934726,3.8080201033339036,8.12022085739777,8.989871093577886,3.625430764187937,6.869216065686344,7.962644933643316,5.162374488911577,5.064939760961775,4.810433832797031,5.262786395643697,6.165314872556459,9.900575264106248,7.513713106474648,8.63181679741174,4.246413523790708,5.889721005910031,7.438152213540171,8.73390826331733,7.4924712634315735,9.669942360010602,3.8546368404416373,3.601168421753417,4.140698135012048,6.877213213672148,6.402894899564309,10.95175325576545,8.310685085153917,5.528121488400938,5.0474087478156,11.767545993930357,4.096834586111848,5.595390729357766,6.689857018688943,11.105472811138876,9.763342478525285,5.446103179404636,11.04635147507413,4.83212537162641,8.972494351041442,12.825371498181715,7.178571247452123,3.2382271828739055,4.233453110484542,8.893404189655579,5.350225590651891,5.447618562672291,10.149312206119864,6.102117474295866,6.649983232226974,7.263654169733303,4.400710960349369,4.321990061789473,6.860040462665208,7.650439297834188,8.373506852776691,4.927471938644333,5.586723945594767,11.423150962544787,7.758508121063913,9.4698847148661,0.0,10.33703721527071,11.33310943369569,6.077547955318314,4.7708222863358385,9.013241331320978,3.9219773265267666,3.919749641442449,4.06837477491614,9.102822427091136,9.360144614135724,12.80344815846181,9.943876064447547,5.693192344958304,9.391764511996655,11.357250085580336,8.029401645343441,6.308890130124313,5.739885593214423,11.344523812057622,11.346471364396592,5.442308858431239,5.41520215441493,6.105744949487567,7.880659063889205,7.1282921505141665,7.334846774771682,9.437251064338218,13.082742101698576
SLB,5.79368972861691,7.370496094203189,9.837228024021321,7.997166605401585,7.1277392218733535,8.671045744143509,8.130550971355733,6.918580911872263,8.72628773839851,3.8537039864543385,4.10846368067966,6.680197064991756,7.764341455814664,9.493831243992904,8.775580603921783,7.642944214249758,7.799107317935218,5.589221071458671,5.650059415531485,7.708417796065344,8.993759511070392,5.1746855995859535,6.596577222733788,5.344402386664047,8.773747982696085,8.675538455627766,7.898812139038105,8.091052134988447,4.244649420056221,4.325324473900707,5.077416139430259,6.195481147078066,6.982464003549673,3.9829458968678795,6.494956472153745,7.328191257496303,8.165932326084036,7.960710428979078,8.86264774941888,7.2608733668790295,8.456566122281467,6.765953006069098,6.24634105915791,5.808293232114292,6.979295957260604,8.691414935942925,8.071213714281651,5.327733340972561,8.238763241294357,5.310349866009525,8.39698658314948,6.962570142241763,8.727753552289855,6.806277214601986,5.1277830285835675,4.576210998314294,4.267209356266902,3.0443782871520324,6.126717133008801,8.340647150513457,4.781560580449129,4.871146936720056,7.600165809354842,5.848417210322117,7.776671172719816,6.48893610124959,6.431239375645967,8.892468210822303,7.799174758760546,6.943582561092747,8.087504703582942,7.917244045506827,8.540010464330265,9.389265145905394,7.0138205690912185,4.6056372529148115,5.0039955846708875,5.78916285164027,9.149747583202812,10.043774724670026,10.080279700330657,8.679163732106268,6.154777798117115,5.675682664171872,7.974417144795959,10.009328937975274,7.975805646363856,6.116175137461312,5.9664825293062,3.3363220347636187,7.323030580365936,7.108081394139573,7.74560471642126,4.449145813489238,8.615033210442983,7.768754213462538,6.146661443676598,3.855865464925601,4.806516735779025,7.0455650759866515,3.4769708771223837,7.404099768902811,5.19595053412965,4.410323633466371,4.659246086112909,8.577955542375284,8.404387819173731,5.735032979264766,7.428383624972519,8.871387774122098,5.243627695670173,7.070310188652312,6.286542786032693,5.353850867193108,8.486953952134792,7.615551128414617,5.704923230641028,6.656670331694345,9.955000035959866,7.487756356162023,8.294536535516015,4.499320431526611,8.526533238861454,3.647716036862183,10.33703721527071,0.0,4.682366782938588,5.703207619143159,7.581867780276619,5.851857811402133,7.992008720798073,7.747731024105732,8.420724488102062,5.967401660302927,5.887301349816886,5.049842699838291,3.26896350930778,6.523347014745323,5.221523963580598,7.990408543961954,5.771593149847119,6.493942596707075,7.767862627402445,4.945041461790414,4.530499357713291,7.631926087191968,7.631369263198356,9.715871013317978,5.838737663356593,6.466710229893002,7.510345554149331,5.036023238171262,9.538383712024304
SLE,4.529086651134378,7.698797900790923,10.890026608105321,7.938619426272728,7.463812630262296,9.632929402464528,9.468532139921496,7.427349620082055,10.119429655923161,2.0163204337451326,3.4236062044657585,4.8500632040034795,8.651921183678626,10.588885674034186,9.781834819955165,8.531027746318127,8.696665930538071,6.694980270443181,5.773851389008826,7.571606041704654,10.292794551559943,6.659568184579859,7.531882676279012,2.508820454435391,9.750009059661588,9.676881010938022,8.332838374994656,8.21112017953787,2.468908057188351,2.5438111169970616,4.025988341752144,6.092547513411357,6.949850756277491,3.3179849584285557,7.7366926058400844,7.942497354601926,9.717805620427773,9.403388050451811,9.908038791084628,7.475004628452766,9.819440851269368,6.571143219833544,6.381943663797818,6.250180851288866,5.7948388710678715,9.485592204881064,9.58162112690442,2.786209868703001,9.582416466747727,6.814057127993643,9.408992004729654,6.651884679824972,9.734880892339062,7.458463515552261,3.565974725710338,3.843952864597975,2.4015210969230787,2.9313112247599697,6.936358518177903,9.313871599857471,4.4788206648944255,5.253655690032817,8.976041247496088,3.1779040559348846,9.035267053739588,5.462485755554781,5.250677725158134,9.948279151386409,7.4917388044114634,7.378798321188472,9.90055566803689,9.250099166154703,9.325412490155601,10.18238735961275,7.463200194633566,2.9865869613312097,6.158039619416403,5.338858977738996,9.951124227596626,11.357765166155954,9.801936226997627,9.925871825471518,6.404441800745002,6.610701973499913,9.10895904614731,11.551409709362158,9.227717599084647,6.490847351726146,7.263383213606298,3.0742308243661944,9.349111279129383,7.0380071630854815,8.530028653313929,2.922537867124275,10.274583881128791,9.119864536719533,6.881610224323686,3.7930215857193605,3.965780357815598,8.12842107065244,3.412875028804825,8.037567052393465,5.797664664619996,3.4054386252949813,5.113927169948962,10.05507651305109,9.867979717361633,4.039782936266759,8.666803894900708,10.195503742986212,3.3107310621150035,7.549477311508807,6.386519926341295,5.606350382955311,9.415872256779735,8.711581654453928,5.874399438079749,7.386590691061537,11.689783730797611,8.308877518937194,8.73612310968361,4.285979860262867,9.76436878655072,3.341188793545875,11.33310943369569,4.682366782938588,0.0,6.556078268132386,8.483214514721169,6.072263463314291,9.306055321060917,9.390296646646668,9.74845974882836,6.270588834039423,4.341867283259027,2.860678484212768,2.484458542719613,7.807234518264456,4.935126806716692,9.518345492175602,7.530775156155745,7.116308097201841,7.664196563257613,2.7598230517282283,2.8918995707859905,8.109585305023783,8.193016165831397,9.769462983259952,6.052201835821204,6.856907771595961,7.258500681315064,4.569704812091671,7.512058472206305
SLV,5.855557018710782,3.7315086189219073,5.8002913791108615,3.645487459064518,2.9790735740497065,4.761625948174283,3.922334325866341,3.614948761386984,4.505514197574765,6.295577306905826,6.159448947443824,5.262597150940338,3.2370135694949216,5.588983919492042,4.872179841177829,3.619569210633445,3.8283720038257645,3.2050916296446905,2.654807024198268,3.3886396296990497,6.15691210835471,3.05964226607195,4.1291331676524905,7.169747860184506,4.6523595766565276,4.777667849321411,3.3104969466502903,4.681778572295024,5.20955854931117,5.187518763378262,6.606188725386089,5.671696911010042,2.9129439034458464,5.991259533453109,3.602978214152587,2.789561833460328,4.676117287798998,4.025707782817085,4.576262635075321,5.363206126583589,4.243164446559236,2.629342155668697,3.4208835107532596,1.8806868373191512,4.712487272365703,4.044761674129856,4.176525141679263,7.308947125201311,4.105050792121041,3.1316510027090363,4.014306636138382,5.0329243904408,4.3262173397121275,2.8639014645304206,4.771694737650906,6.347815985339196,5.164324248445218,6.011141100026528,5.387950721301905,3.8501976880483726,2.8871487135693967,2.7988916599334166,3.3115223211742455,5.1520488263621855,3.561977257641035,4.285819799284997,4.74652031030115,5.670350052502428,4.424563250797205,4.337404745491067,4.938989127931335,4.51428246449772,3.801311097058467,5.0747245195869946,4.29356850433989,5.024927604789211,3.4645150753607328,5.8398043090857215,4.90503930721787,6.317467108711155,6.3378994265936,6.169496901851202,3.8405297532409177,5.490849038158537,3.85167344287931,6.862967347787047,3.7332809275660317,2.500092386203228,3.2030306677006393,5.847294076568969,6.127406399342167,2.838375421533826,3.519509746710159,7.112747453333623,5.537679883897439,3.898531254162648,4.111647139038229,6.4501285505888335,5.741963406781721,3.36676431339178,6.021051783532603,3.7409161430959115,4.819929459758042,8.09734030335298,2.940078762113179,4.581763108802793,4.511819841626749,4.487695578427953,4.169018883344978,5.326472499939294,5.257476802474161,3.4324204578119737,2.557898612268878,2.8311086775893304,4.313802240204323,3.1010905451399635,3.0708993386471874,4.035816896437963,8.72249601898485,3.1208684726440015,4.045403108006029,6.8548373362405455,6.587142536542295,5.009909027929036,6.077547955318314,5.703207619143159,6.556078268132386,0.0,3.3553297380555445,5.609930237023581,4.034289929978628,4.1743460785866375,4.168361257514497,4.999295123934368,5.278087389088267,8.143952756643976,5.244556658235544,3.4466284352627055,5.26730479939018,8.65733383623353,4.960545771677384,2.419442105992803,3.5987573352666455,6.99263782984219,6.8934521648680205,3.1283903579593297,2.9624196927851636,5.619693877406968,4.317320377499754,5.10229733976593,4.297296291351206,5.314091140550323,9.640618630940667
SRB,7.525163933941508,2.745884192530689,4.236439274489986,3.787428574075631,2.4581003811825317,3.6295973504676065,2.620544700550576,3.3193051982942032,3.344694270888915,8.255682659813559,7.967283282749007,6.232720283892347,1.6143711697785164,4.406000322222599,5.155761309326647,1.4101752949395132,1.914882744648119,4.275024080656852,4.570102644947861,3.9804010355614095,4.965151860296828,4.2821396186826535,4.9920435689848075,8.884220124287307,3.4991712367485284,3.974410364324384,2.8352773307864627,4.408308268707599,7.260831662791603,7.134098182838159,8.37215718682667,6.955265567518203,3.983686450257559,7.619613016317464,5.264391557681217,3.20367441231966,3.748843443218799,2.6644248935497528,3.3102389173397375,6.485602366993691,2.9431166516817706,3.756047536133725,4.4760057867831184,3.6006828983073653,5.03654916921187,3.517960066772154,2.382490666480798,8.871668775705508,2.3112196068379287,4.465813875440172,3.556568458535278,5.725968119922888,3.9058152689775065,2.116136261273655,6.174767697768504,7.806835487420775,7.123034537056695,7.930101028461619,6.53790553951934,3.0378580194162903,4.956837373496257,4.66622562937194,1.7975022076142853,6.751950915616341,1.786707838196623,5.110940450743612,5.7920144845744606,3.9903227605638762,3.6370972075796586,5.577148891013066,4.3177659329410085,4.246546301206564,2.9813956748261488,4.413194934513588,3.822206476653273,6.646187605862207,4.273422852983454,6.914092001851078,3.2288820270124967,5.77676641276889,6.727216877107959,7.477119688140226,4.4532944073844565,6.756556984778892,1.6064155133044105,5.851213772632411,1.7245446056185976,3.6779880120275172,3.490628970251838,8.015103615171974,7.430086056053172,3.6721489029996817,1.7307748261053284,8.928862380522386,5.448104636866453,3.3015517791070796,3.970385657299503,8.219361432818909,7.145606172308968,3.4886777165202756,7.7771026895793804,3.176901920638104,6.278404548225301,9.942814233204075,4.0669712230779895,3.606562944879298,3.1966424726358316,6.170080471093217,3.7886782382858835,4.045369460936653,7.0364263179375826,4.579217290735871,4.069452643397818,4.733089649642332,2.166481419969553,2.4951283558635473,3.9788869155416013,5.368365410462672,8.929406801506943,1.6586279608020569,2.779284279291492,8.577821365794506,6.641118000058853,6.930444269139752,4.7708222863358385,7.581867780276619,8.483214514721169,3.3553297380555445,0.0,6.972703154111444,1.935351320075003,2.5121969741053993,3.1591536737367036,5.714395433769537,6.483387013598583,9.990104537210602,7.137976224700494,3.8434684976621614,5.877752815013045,8.91955600321323,4.8628685780391905,3.296671707448239,3.1465648201947505,8.578946708719938,8.58189781272758,1.6898404502125166,3.2628414604870986,4.901421198792045,4.381026559955006,5.008608469820466,4.56639646224713,7.075582365074789,10.495008971693592
STP,6.95021431706441,6.833498441230543,9.669469260733809,7.016259435542418,6.367841738329612,7.782513115171077,7.6538989478209265,7.778140598905046,7.60373222664817,5.803850538719868,6.879066932537549,7.34516978109431,6.852625237165671,9.220526227017137,6.675343191451906,6.913764294436342,7.771898003540085,4.7970468392313075,5.966287658738807,6.530234322860679,9.547742337773114,6.6038282056024515,6.084309322494776,6.688422273163348,7.761497671718505,7.759479767824639,7.222242765795989,8.584699462253651,5.53592627976725,5.660494771724453,7.429593988809536,6.992157418126946,6.193352466070508,3.853381847421469,5.420643067299705,5.68118793029215,6.404668329394946,7.983550687680586,8.340952939975006,4.88527066709497,7.261037876480189,6.26020042258836,6.5065400596119565,5.728774959580482,7.067634060427762,7.407612318519605,7.099352916590356,7.495046300154888,7.493178531359953,5.881731291165627,7.106303958145296,6.998229131740881,7.6445252425125325,5.939946910122991,6.382486611849586,7.015872446056637,4.2878032479044625,4.891317896536791,7.4296656733199145,6.541052863189905,5.116840325813983,5.284009033243405,6.973137045827098,5.482735783940517,7.44416530413567,7.625200058740913,7.446550983762157,8.65540148555076,7.6947566888019825,7.690906754588015,7.134333048599663,6.8550536434373734,7.5524694190031,8.760492957619283,7.243237011555176,5.427802197672684,6.260056316922979,8.125585843879152,8.842441806070928,9.940101978109414,6.772139944848807,7.524597394451639,6.815939926032555,7.034185849955336,7.086104613701126,8.01112028733635,6.830940582661608,6.248305061482749,6.837992997045306,6.2615769481682895,7.568224739608314,7.118890405022233,6.6848341489806735,7.456467784392436,6.884551307116314,6.534847366922054,7.200010343416398,6.850798859124927,6.472468448612954,6.065716646330936,5.977129282500348,7.702465744329671,5.652807283903481,7.84295860640906,5.4869202209726256,7.579063541074537,7.860274448305781,4.543560299588613,6.556701709995075,9.217609364771796,6.151756613583091,6.0599909855823135,6.478863306873192,6.5559635582187505,8.325960031361308,6.686375548087702,6.261144048258658,5.485594884211414,11.349255844182052,7.149398455150066,8.04046541969036,6.583839504624792,9.18288736684468,5.626727474974706,9.013241331320978,5.851857811402133,6.072263463314291,5.609930237023581,6.972703154111444,0.0,7.665392687611161,7.678809547918365,7.319320291891234,6.320135047078001,5.728400551056624,8.095987379449783,5.35891923553358,7.887919500499205,7.146950325373878,9.653843106043125,5.845999348947518,5.765810320392437,6.9511189755239835,7.58580099619651,7.163137283755963,6.919912315650949,5.78497435417981,8.022656889799954,7.165305682884293,8.280937320308592,6.426287368543418,6.887529538653642,10.300697276451341
SVK,7.978627161106138,4.186744466627732,3.5889644160691527,4.679862181489685,3.4774589196983854,3.715680249592562,1.8820427858871127,3.760489147036376,2.567760090984172,8.925806632586491,8.517054751972726,7.090577544400381,2.261043134281721,3.948063529889521,5.131436718024928,2.7885466390310087,2.5501228185880573,4.591494361049896,5.228070594095324,4.9571026053319684,4.683714351639912,4.676996211788385,5.014330942824239,9.704171189966512,3.3758557423134823,3.2241374901751523,3.3320582878037928,5.226716951108641,7.85071119591282,7.767333066130929,8.762831076879685,7.395609453886072,4.808655217907282,8.471500380980705,5.648184796849076,3.7480233279330535,3.1599934115251225,1.9389248280223128,2.9801749054460327,6.599117195719115,2.5027097001984493,4.220136602561447,5.253557208546414,4.241510425213446,5.770892804641431,3.740075695662825,1.7336047603070022,9.691894772198049,2.2881742998218355,4.890523661885462,3.609046489921368,6.096967020252574,3.689628809621751,2.8260753911560488,6.7398620339539095,8.322841336363046,7.870553205913956,8.701128465508264,6.508282278354112,3.5618553315076906,5.624851615094791,5.134115256607442,2.1053351167054526,7.665602482956542,1.4574751458867232,5.975028911492128,6.66751511557142,3.0364412560666754,4.661067643202189,5.8788815184083445,4.0851853315860955,4.030890934627251,3.4040578565836017,4.602640766970564,3.9981994341415485,7.4720027525952295,4.438517733482049,7.176938895773614,3.26750164693317,5.620796072665725,7.2264120382469255,7.52845890385721,5.037520906806199,6.9388282809635,1.467135560386013,4.977726036508056,1.8741182443644053,4.385554713092214,3.875487595552974,8.565974760371969,7.092901696257065,3.9840422104331927,2.7449354896617004,9.476473400909088,4.678343019734362,3.5303190993802858,4.34480687470763,8.698087490816162,7.62907874537915,3.3903076024018546,8.404618334274462,3.1742382702305547,6.466254974409894,10.528103004760855,4.737490228045138,3.044120414967058,2.9380330680683917,7.223495212341422,3.9364872147155907,3.9788923525728563,7.918589013536993,4.516856905791786,4.664152237359277,5.117114580654585,2.3222383589738995,2.6172783872111696,4.544921307949898,5.690888726563516,8.243222103171595,2.1619257291151888,3.5247453002796014,9.136814469126117,6.377372722423024,7.42816600731206,3.9219773265267666,7.992008720798073,9.306055321060917,4.034289929978628,1.935351320075003,7.665392687611161,0.0,1.3559501844423432,2.823802584747207,6.094505041685844,7.398366437603888,10.599467549026055,7.723971229339255,3.908583287087289,6.543125969013291,9.244607145422366,5.388231501084911,3.9964935693601964,4.0433570156778345,9.22263402417204,9.141836468029592,3.084586094497267,4.115021935235826,5.293696463171883,5.059965131913566,5.171738379604817,5.018105291769627,7.213642687814177,11.015937480372795
SVN,8.08933178871315,4.437065525676881,3.5774789552751605,4.81117510621865,3.764079945384201,3.5344784889559784,1.6027675336231726,3.9896166404483275,2.6339822960760593,8.99566825364742,8.71790353844058,7.3259988190884835,2.8471130203043735,3.847297862167706,5.126067023402264,3.2903968507638695,2.7173517574660058,4.532986665129219,5.354158434583202,5.339253172509924,4.482114838175226,4.5749277807262425,5.338759191628146,9.95124236394836,3.3891682339071725,2.9704257317928118,3.3313023952847165,5.477973030233198,8.001294698950357,7.904587243369009,8.981962769634393,7.529477728161478,4.955216002113725,8.451761507829447,5.610185044728623,3.866118025998599,2.9587572265231854,1.7071774028160616,3.0933149639740853,7.076974186374012,2.4664002214448075,4.424473420183185,5.374826489956617,4.316219824069226,6.033432236264667,3.8030232518575087,1.4522055072532756,9.76206540019729,2.057161168266427,4.976586343317283,3.746429312631755,6.157642780019884,3.772975069977287,3.125523768472459,6.892043512055686,8.560689640320486,7.921529539006634,8.769965309204894,6.596761111727401,3.720788337587088,5.689623216708469,5.223075342529496,2.360675293531923,7.924083833786871,1.8573872199503005,6.168583410672215,7.008196546145398,2.883347235128286,4.951877392191918,5.98211615028639,3.3811582115958005,3.673912331161,3.564031113643608,4.551496409466431,3.9545790967226915,7.7050484671904425,4.478009305681005,7.093469400390513,3.2280130152541346,5.6731645435566165,7.494789727817654,7.548459642897025,5.018297449610041,7.316892240652438,1.8164285653931411,4.734755009397504,2.2495117411823706,4.670680106081346,4.043281038741271,8.657743138772647,6.600669174196921,4.268786032625934,3.1995070480449423,9.535096908216172,4.3557831886922305,3.4024102622642953,4.211705748304763,8.842229337132252,7.628457292084611,3.6469069627285573,8.529745006562738,3.146143667913751,6.597187307109942,10.562722085014281,4.831932412568103,3.0211599471973574,2.4807553598074135,7.385605593389778,3.504568059124378,4.161995179974003,8.15843350569357,4.507733492624918,4.684957752197314,5.320949059191976,2.8646098864624308,2.5583191074436273,4.554030290596908,5.700265678556218,7.54460224721822,2.7300893771868395,3.90291186650996,9.119982922046479,5.950636743666226,7.454084439336487,3.919749641442449,7.747731024105732,9.390296646646668,4.1743460785866375,2.5121969741053993,7.678809547918365,1.3559501844423432,0.0,2.7047897274639263,6.506404964272304,7.399724160283284,10.638957611564862,7.85256967063229,3.896967609002689,6.632652630181504,9.450753060600832,5.427069972381372,4.27810378894387,4.339903369511477,9.170824629469736,9.125543847303014,3.689964096805058,4.141392975768476,5.553657438166598,5.115289689572238,5.300213215537851,5.5478169621283735,7.360011991399045,11.122696825688013
SWE,8.10628484256128,4.960322568330882,4.3696266828649355,3.854202754461106,4.112844010501404,2.2658585824696975,1.774683019009498,4.800748038782354,1.7935795185308931,9.271872918492576,9.198182888558922,7.646438286554015,3.2005745392225022,4.537491282741143,4.580093141483383,3.868879376412884,3.5840345759053855,5.213807681838871,5.299167816671975,3.9982938803403645,5.423315647564703,5.549345648214721,5.101183426437526,10.420070752550677,2.09563123428038,2.6670014865043727,2.7070103960180285,5.091831891063333,8.149390885043953,7.996303749838636,9.251390193541154,7.751836263961311,4.108056401004523,8.764518616704926,5.461279690907181,2.9350351438689737,2.8750143632782184,2.6443554314369027,2.1563993165101607,6.869853644067806,1.0706746780090903,4.379706949311994,5.015186248502418,4.234934979275364,6.244586927889225,2.4270047158181636,2.195878499658135,10.069157775312105,1.4609406847557473,5.530713606154292,2.0169802594801527,6.2581563504691,2.3542288258885997,3.6528349567208984,7.392957452343814,9.166434399933141,8.109135237329006,9.009309183974025,6.900587032392134,2.604781934183354,5.8184299357852565,5.529465304078737,2.782098702580254,8.083507486771971,2.7069330397366125,6.420820299201809,7.127954471621663,4.038824766703275,4.858012672418741,5.9284788525145755,2.8410097307913826,2.240428502346386,2.671636191453706,3.3571186112631795,4.431721279358433,7.865504527009365,5.320989811411482,8.353870196358125,3.0286418271509117,5.566061402486905,6.797784547685015,6.696262172965812,5.688953050737428,7.8031303648570205,2.559916113163242,4.517680484220949,2.6757490516696287,4.626782870358024,5.168486821609342,9.006130159273312,7.091544513650605,4.259471538519084,3.869120657088066,10.082170337723472,3.9632847454329427,3.604182996002781,5.314589428439262,9.314668654371758,8.137466008564395,4.465182622417939,8.850588316677223,3.822247853364621,6.7058019365805706,11.069385091718159,5.420562478050648,1.9949699893484636,1.6478471209329244,7.169513578046606,2.5611087385466966,4.7099979076865,8.13985705065855,4.377765634839054,4.376408040496945,5.542438466645617,3.5173685250880333,2.3955080060532823,4.896492589810621,4.980778781705866,7.8583398779866,3.2482354332874284,3.5143214203122737,9.304278062879051,5.568161702309769,7.686994694886706,4.06837477491614,8.420724488102062,9.74845974882836,4.168361257514497,3.1591536737367036,7.319320291891234,2.823802584747207,2.7047897274639263,0.0,7.034585097404409,7.355674805626405,11.241628285087911,8.278376837177595,4.544329964128181,7.503913118203751,9.857125339342605,6.545040395456374,4.038967103979909,3.6113656194790735,9.63263401533317,9.524649873178625,3.5742864455970014,3.0760461566514974,4.171500669238796,5.694741950485709,6.468623059498903,5.018259733325264,7.8385575483826715,11.597143211107166
SWZ,4.609331944096834,5.778695441550314,8.435420825264492,6.517798329262487,4.712331429357761,7.597152786594883,6.862407195711794,5.158661766765099,7.498489590030399,6.414936911232777,4.899824010809617,6.287671479258666,6.316192964598793,8.527998203184074,7.202596260878575,5.301711646300638,6.631567828701071,4.350923965177982,4.414158895825204,6.161166880057747,7.186935040079996,4.5461721307088805,3.4619197064421505,5.866415147892524,7.268158288115708,7.634768209650216,6.256810282947611,7.308406903339077,5.548194760145633,5.2148486794810935,5.504595230849167,4.508730491355636,5.3750800041790505,6.082352158258617,5.356379874219253,5.535070477427439,7.1238989894300095,7.128864997312134,7.759958875886485,4.808828544138479,7.259849326118508,5.4637434768174655,4.8857734812785365,5.038326557716828,5.817027853683186,6.970518570545483,6.642057933122268,6.883127131313077,6.802618467012444,4.75201413606253,7.206470602902697,4.7330093651411405,7.775191224476881,4.935339950925137,5.469977999859829,4.834499974948967,5.303563900386587,5.659849668946459,4.504399220163732,6.704515240026197,5.296003693420121,3.80847431518584,6.0418883568496415,4.70163241597541,6.520806433660343,6.014464131427653,5.831922012841849,7.456521441919121,6.234626330714961,5.283355345636137,7.512132935769254,7.4971791778820105,7.070243129758341,8.700029949822857,6.0483528919858145,4.97503320504251,4.3733611910258405,7.370267773168901,8.037064764861588,8.886316318461686,8.945064352940157,7.4514414603285655,5.683982458777322,2.702608305978351,6.122248423387189,9.040086266456083,6.247651143195041,4.667102886341271,5.993806956279751,5.441076106899093,7.797485997554633,6.062602518320816,5.3999273591183075,6.112970195996156,8.10931144093749,5.817946536195927,5.21863637074346,5.308005161300147,4.502229543412027,5.376974599394621,4.9110567248392325,6.458523206410617,2.7652126101225205,7.594524634542028,4.136079027672685,7.812274110019104,7.465022525627659,5.600152780617643,7.084259714865697,7.666916549822766,5.7423020542665695,5.2131621268949635,5.341128955794979,5.459351244251666,7.219302731344354,6.452374190188242,4.678718838648332,5.179917365447223,10.71086257459484,5.963006171761892,6.826175393280004,5.511105931564091,7.923925523091672,5.219476699703277,9.102822427091136,5.967401660302927,6.270588834039423,4.999295123934368,5.714395433769537,6.320135047078001,6.094505041685844,6.506404964272304,7.034585097404409,0.0,5.59865731947584,7.265326492391936,5.166989060753367,6.821721013754657,4.827527338547523,8.212069970283077,6.024749636408964,4.532476329773937,6.041255529321855,7.0109154685604365,6.295010667111198,5.935689618836901,6.407200231718869,8.364804222499236,5.389155064525574,6.575660554441445,4.34384849247604,4.462438856634839,8.8953192618494
SYR,3.7239100826876497,6.038292632564574,9.152393017554232,5.369158594191852,5.345157847771675,7.186256290121202,7.375480570619107,6.068994040859609,7.96019736864478,4.773882660184803,5.001350794781243,4.702400567919717,6.983762787438442,9.116344094741848,8.27872941600687,6.635409695218851,6.688308346225702,5.565263833823229,4.698187261908962,5.275543227227673,8.702847503255756,5.652747406260553,6.079699071544945,5.400098937388092,7.2777190498741655,7.663811228586461,5.686186256618309,6.281938549364171,4.2410934410294825,3.873292227791701,4.988149070498898,5.889211305406795,4.533779201536744,4.898180774114186,6.455111799550605,5.6539176131135855,7.705278860170614,7.499811258423305,7.825289933260372,6.608193554414475,7.63727004805891,5.049100307916345,4.365561940028414,4.779858893927435,4.475325322465156,6.955666367454957,7.51700899474409,4.601157594521568,7.284498532325053,6.282247574333282,7.213042803631197,5.266854053882011,7.765348782599565,5.492511796027388,3.761991965809499,4.904520244382171,3.5763636835315293,4.957769332980155,6.620463151221717,6.995697202323946,4.0888562801364,3.713397540741148,7.199754112287673,3.3132932161208273,7.121492809176233,4.544332028525436,4.3754989596543155,7.8958536366097585,4.849681005483881,6.025703552323313,7.614459405317459,7.110002760090424,7.158609118257396,8.187807291540086,5.727925081676248,3.949625380869895,4.848441444429634,6.05457542480744,7.710141150893045,10.180277487862943,8.332882462528953,8.570957208627108,5.39577965141172,6.3701113684628305,7.0294195274570495,9.42262908076469,7.3165419839603,4.56780681746389,6.79845058681304,4.827787436259557,8.282843058094405,5.370555819984343,6.53168943981405,5.190063502921018,8.314291323972238,7.082849384845161,4.948087379486199,4.953013807150218,3.5834343377911018,6.881165760495222,4.676309681025381,5.93609049643676,4.799097309908959,6.407209562057523,3.7740499522687783,7.899799703519276,7.726259246032924,2.952105101132796,6.386285382116035,8.96957191830885,3.8508457819492996,5.870629953390078,4.450728605861688,4.9282052931411,7.729152635156054,6.71776706605346,4.134377791793544,5.049169443558968,10.474331602268908,6.680066306174449,6.766250056572462,4.986514956799108,7.680582179420073,3.9654089492571907,9.360144614135724,5.887301349816886,4.341867283259027,5.278087389088267,6.483387013598583,5.728400551056624,7.398366437603888,7.399724160283284,7.355674805626405,5.59865731947584,0.0,6.170124681229484,4.478227548029922,6.587053103869785,4.250640225784248,9.960376421725718,7.200314743434476,4.791069522608513,4.863625529947498,4.683860656238033,4.529482889248447,5.969151399257459,5.955363749445814,7.797941300579025,4.256980606115186,5.866309669157385,5.303256980246248,4.76302626030389,6.936885984408683
TCD,5.138520157684365,9.470608261109529,12.049071606542109,9.779691802106582,9.168910604704946,11.1301699083095,10.872581292191283,8.459556496912441,11.565914880259665,2.848300519037599,3.4169722508336022,6.399963979972994,10.224519545316856,11.788328303789612,11.587314789212831,10.10162436327502,10.037521693820947,8.352093323391918,7.180096280501901,9.34087659912328,11.020269037360515,7.870736071132798,8.813951030984265,2.973417922201958,11.268903494454648,11.145841496247556,9.983116857529694,9.448404432461393,3.693818067151828,3.8132975698295617,3.926565292224205,6.653049353196207,8.687022539968943,5.142005638295782,9.453557714864726,9.799426486046675,11.311247598409734,10.64157352750682,11.30507865051268,8.953216664975852,11.34329179439121,8.266054701574658,7.608339751418568,7.866086985770553,7.1949252642926025,11.166124308520462,11.040207736339653,3.2318127361761952,11.077596257742783,8.12905103792687,11.01791919674869,7.587026021707951,11.319945867408528,9.127825546800453,4.759626215147891,3.691709525878921,4.427637443527361,4.037918027015855,7.257737597492632,11.113406341185355,6.205992535147785,6.723432823952075,10.505813365970486,5.435687371466137,10.39370820273706,6.671538356864984,6.529274300085806,11.030966416164425,8.998465247648115,8.090687080705692,11.394719871493956,10.679349778289602,10.992240854190694,11.732228843226014,8.566110560486035,4.629860636141942,7.231501215201665,5.879553715089832,11.4004975953818,12.312649171086827,12.078249780610513,11.300198364047521,7.879332113165616,7.1543618947067715,10.597040627246246,12.99850988823804,10.804026867513171,7.869721087329172,8.613548787287462,3.5984257143605345,10.465368282760616,8.438362762467488,10.177100577795429,1.8191359933262738,11.818416011418307,10.725180215245304,7.791925925746958,3.5157490400690383,4.520426290309441,9.780681784032966,4.115394404583085,9.252765137710249,6.778441805660419,2.1281798399125136,6.608236890269464,11.486816283212033,11.259281063696934,6.302418629759534,10.2438500025966,11.160485309668346,4.760669005756531,9.226323855443226,7.9656579726341965,6.932534223740846,10.781913681271359,10.343042717339692,7.213556695499764,8.870762333646566,11.93275702625039,9.76648548556979,10.105299877420432,4.767116394497234,10.364878180632298,4.178514296815014,12.80344815846181,5.049842699838291,2.860678484212768,8.143952756643976,9.990104537210602,8.095987379449783,10.599467549026055,10.638957611564862,11.241628285087911,7.265326492391936,6.170124681229484,0.0,3.5317682412471227,8.88073819254494,5.711605994249162,9.434642455176668,8.820000434728117,8.73597186671922,9.266040775738514,2.9584641267281016,3.031224114478347,9.775485194881623,10.172080741036236,11.47467442052833,7.036306654065465,7.534335757927207,8.745475739844371,5.082298891267908,8.600271695805937
TGO,4.163102588989504,6.912087499560861,9.529582221727823,7.241972881888087,6.531084680680824,8.34947755431138,8.030291325543551,6.255343393822377,8.56405559025227,1.614059202158865,2.427392303362111,4.769120563441473,7.223501409211058,9.178984256232646,8.760415597935047,7.3251052129671335,7.359030973950081,5.656186470538119,4.8007444875316505,6.687829039822355,8.915294983472798,5.547242867094767,6.104831235338491,3.0434654525152047,8.455460587325156,8.324910480723675,7.321143622173818,7.213207877551837,1.5090738653190217,1.7651398564425627,3.0682424699130753,5.213869938330468,6.160985131022014,3.375986128000065,6.817958884597452,6.866798077016841,8.266084545667828,7.839322532264688,8.475257173776363,6.202420246716707,8.308951585864342,5.6550386995568545,5.433174048424323,5.155444913631011,5.251317377762822,8.393928858142708,8.073069234977998,3.572571806049006,8.197671744444365,5.5708432591624,8.09279485486891,5.804863859772751,8.40996037303479,6.300792601965725,2.9041095990681343,2.9126682736214624,2.2056261483236947,2.1837728176091864,5.484890481473497,8.158843641471883,3.4512148935267266,4.123830821512615,7.593199911800636,3.6467226977182765,7.5115667310002205,4.919213222547101,4.918288352195828,8.480814582768014,6.649051564136421,6.309862992681749,8.55676025674372,7.788452453225096,8.179469827579354,8.962607781037164,6.268067753452407,2.5059810329930765,4.756954871797396,4.717151547845401,8.714132823768862,9.845282393359534,9.346211501073988,8.869641372240736,5.581394056525499,5.233572622840562,7.661490654093335,10.083759126665555,7.786684122613473,5.385191551115806,5.894781148243665,2.300187404569531,8.460520202086915,5.938443317227062,7.383192160677884,2.966236631092737,8.816564912092783,7.960737737780108,5.7297592866362095,2.7906173100529723,3.4419393535306178,6.927063597195943,2.514729770762342,6.811586273905014,4.664087777947451,3.3668946121353787,3.8165812630000486,8.490577612160513,8.42830144926081,4.178577223860156,7.3994869897719795,8.62836782077845,3.2581902766032695,6.603787677608608,5.479418242426157,4.367661021166878,7.987391424556252,7.454142916662691,4.840130332300717,6.379914929661443,10.379775938894399,6.917333580761145,7.523302995298275,4.165725128087282,8.554403841837908,2.1206672318541075,9.943876064447547,3.26896350930778,2.484458542719613,5.244556658235544,7.137976224700494,5.35891923553358,7.723971229339255,7.85256967063229,8.278376837177595,5.166989060753367,4.478227548029922,3.5317682412471227,0.0,6.3845146552857255,4.1785996084293044,7.875125398638569,6.1156747061523875,6.021012999355153,6.702483934474743,3.2515176881543195,2.974896632441124,6.959509349267657,7.248469698488286,8.791353306750523,5.000490405003029,5.696322103495019,6.251716275159828,3.3358038944579227,8.21867353629726
THA,7.140200225834538,4.770179092163719,4.828315000059946,4.6457185231662335,4.511143900259073,4.451097124579587,3.658245451546611,3.6408438338361653,4.502521621022396,7.263552334778192,7.227611040068176,5.554159049146061,4.005245822799577,5.09876179154676,6.579642154164429,4.59769464489444,3.4481690905839426,5.301426220009232,4.585796109562873,4.574740544946376,5.917949464555738,3.945244260409509,6.113272647176801,8.740211564038214,4.503229552141452,4.2664531912835075,3.777258085137233,3.554643028653965,6.268579326891808,6.35840263580091,7.538997974206972,7.210894490536827,4.390580929944652,7.642483918249991,5.97742646370595,4.501350737184946,5.203736676492613,3.3182768385081123,3.9383008535365556,7.553195808689283,4.491212437180183,3.8113524729094284,4.459872678700257,3.37874778666775,4.860872264669751,4.618383533369968,4.491392434519438,7.901492861028481,4.189460148343301,4.862607170211418,4.501620244791328,6.315623348738372,4.388798834962764,4.120252928721978,5.218818665839919,7.28108057967806,6.8635221861552544,7.547211290015449,6.479043047689966,5.014510366594918,4.017933069201972,4.5289156258206225,4.077032039149065,6.834657727829899,3.476061866533614,4.103421944630089,4.885995543712573,4.758786995727661,4.2787494431208115,5.337166128367422,5.373364263421118,4.797400398492895,4.212397908069673,4.533859012926475,3.7700444748287043,6.294828658731962,4.203344163957236,5.153090679653967,3.8059288350623746,6.161278943641953,7.967546492892238,7.822526425800677,4.2276918281039455,7.132690735345106,4.1884365504265695,6.996026759415491,4.508815075884472,3.739174870034008,3.3777846842437538,6.999518046227909,6.84824192168965,2.8833483459615503,4.629097954836988,7.836688829633451,6.070658907849338,5.538472488449893,4.2414493979012535,7.433015053104539,6.836269476057475,4.75841136509284,7.22100944690256,2.6139579821527468,6.495071804069374,8.698387418422573,4.246560830967033,4.325199343432634,4.239795130994432,6.2475191128272956,4.227886127413076,4.857615995860177,6.267697409517238,5.074898756015898,3.731130993736922,3.049343321695965,3.5678940581594456,3.6974535128849544,3.803685409073446,6.138366264786859,7.499193026549244,3.324295202345445,3.6426837442599704,7.797188039014057,6.03086707816671,5.792309587274545,5.693192344958304,6.523347014745323,7.807234518264456,3.4466284352627055,3.8434684976621614,7.887919500499205,3.908583287087289,3.896967609002689,4.544329964128181,6.821721013754657,6.587053103869785,8.88073819254494,6.3845146552857255,0.0,5.858055053480286,9.011843940999734,6.267072605916553,4.2811046938372534,4.019981078862074,7.346844050268265,7.467068411998819,3.7183347731675065,4.727278906537607,5.66175959638938,4.190273334140905,3.3843649006493663,5.666352800874462,6.407288145063157,10.328205367494443
TJK,4.773640792502023,5.382454115168955,8.45102001894692,6.3492887268331915,5.02625921141549,7.450158418541984,7.1173887959737945,4.5565271433943515,8.074235214016568,5.127291472235565,4.630640919768454,3.9179778557030556,6.596262733597975,8.578321190613796,8.682170796193155,5.963536085492924,6.113040222073989,5.55860518497423,4.708956721162166,6.251980838261314,7.592966617752262,4.9389235689929185,6.337847103922971,5.202741180757386,7.531324054483907,7.521943508839072,6.105891124614761,6.119697581989054,4.536612208164462,4.085556330374288,4.630037342559779,5.272802060456483,5.380594557260425,5.203251847252872,7.343964396275291,6.242911399516574,7.810630931259836,6.9652085681115565,7.616884392017302,7.512420347362787,7.679944436848086,5.117086179594633,4.599704223010602,4.858680090000477,3.657819136540555,7.58876103742327,7.131993311169672,4.738941185245745,7.082758865131722,5.740021905544226,7.625759797341637,5.028259902731575,8.016513979251917,5.055959693595447,3.590186517457597,4.504884562444255,4.576797662288944,5.274489975813761,5.9050929870721385,7.496599875056031,4.276421461782168,4.165941068767072,6.697227524918978,4.488010354598403,6.623811230848374,3.8844762086385596,4.323868655361845,7.1288112228665685,4.990231707209469,5.600249988425192,7.927821236037601,7.380410124498932,7.340177982293658,8.280584019584747,5.111584624994537,3.8848676652819067,3.4214797744896006,5.054843663100441,7.480952977374907,9.478380899475853,9.724365725514678,9.753955635049905,4.007621967522061,5.908600571864866,6.472234357000496,9.882662828292283,6.864179164352074,4.740102475999318,5.429062286799394,4.883777196211597,8.704878314435334,5.483243016817481,6.185167428793992,4.943884107494643,8.804237555435812,7.050974010641576,4.35706224735252,4.809628012860731,4.004393393458517,6.58248078306491,4.476348521700265,5.643030480228371,5.359520072646288,5.990703053271101,3.4143947560878907,8.1353394648833,7.5011965814759005,4.934445556684561,6.701626770914306,7.735181318710467,4.301977553877124,6.362414287574686,4.978297622732701,4.615039445523797,6.890266512805595,6.782707648338724,3.572694256958453,6.023947634624494,9.97687716096379,5.930186804703017,6.455324060681806,5.3288625614012854,7.625597728629496,4.4762106649239755,9.391764511996655,5.221523963580598,4.935126806716692,5.26730479939018,5.877752815013045,7.146950325373878,6.543125969013291,6.632652630181504,7.503913118203751,4.827527338547523,4.250640225784248,5.711605994249162,4.1785996084293044,5.858055053480286,0.0,7.819593607004471,5.676561600153948,5.4094724497443165,5.5826452224803305,4.331216748270981,4.162500594739562,5.900801203011892,6.835343517530852,8.221005525237173,2.8031451172132424,4.341553657565166,5.94149706641862,4.354145631354795,8.081651030478865
TLS,9.52247388026266,9.093232318112381,10.420424280046163,10.86898834049013,9.327727679590986,10.095894112164498,9.969038395890868,8.02147384893922,10.319275236247794,8.494833124705606,7.845700680539492,9.057264771146189,9.259648159961834,10.272606286190905,11.591918113989456,8.9670324545009,9.36592589386355,9.434492148500599,9.180094297484814,9.710990774283273,8.444631726219317,8.654404261513825,9.060080496487318,9.05587779675895,10.464816614021187,10.37959766188438,10.047084575446933,9.2820564445451,8.439645151789849,8.378363704257538,8.751937292946941,7.728721325675034,9.593436396826226,9.039389097973084,10.518520835104148,9.422606320723723,10.141886815043224,9.758375830136394,10.29455255807342,9.116787185519662,9.886453577165014,9.477195531320298,8.478163371828613,8.971343755300168,9.04773727860339,10.81510167745188,9.683135477010094,9.259663243850468,9.689873260646323,9.089918757470416,10.424991768440167,8.299101355953837,10.951691348838294,9.376421602177937,8.742556135898308,7.687643589189513,8.732299164997476,7.994570756873347,7.523608106608578,10.431000588450416,8.414497088140003,8.879934783656717,9.54040396001366,9.652920492732266,9.479318538849512,8.943407030319584,9.512711379980866,9.317319995677243,9.544887163110676,8.607957749959779,10.474636878146141,9.972761109046067,10.418452211614612,10.81466645416328,9.432136714626624,8.582030780196906,8.62884424008499,9.336245263079716,10.22422541648848,9.151393210844189,13.846098345477866,12.135798893306056,9.130347065887552,8.714247034050928,9.225501344484165,11.635431403757822,9.506102832685102,8.78124002032882,8.981312668167986,8.925071473275382,12.254255877937162,9.733513550912646,9.3784103962618,8.903947813548704,10.828842070787259,10.43537288418171,8.837678881298999,8.401697376197994,8.623682939432795,9.996836290611713,8.165950892485261,9.53002565243758,8.938988109357648,8.86993877202009,8.143048709173973,10.29527091651782,9.627902849698003,9.504004853468334,9.61888314121785,8.655589409145716,9.074733222162873,10.484031339626885,9.581418549932968,9.009565740613105,9.615650095179728,9.901119036977862,8.336171853822803,10.03106431475427,10.822351427419065,9.069143879335819,9.626544446719084,9.566607726871194,9.857048810785912,8.09866486431978,11.357250085580336,7.990408543961954,9.518345492175602,8.65733383623353,8.91955600321323,9.653843106043125,9.244607145422366,9.450753060600832,9.857125339342605,8.212069970283077,9.960376421725718,9.434642455176668,7.875125398638569,9.011843940999734,7.819593607004471,0.0,7.9107484710119484,9.305845933463859,9.396760232317929,9.311736777758702,8.934192615007028,9.45581872058097,10.155915790089125,11.197334078269089,8.476219564989233,8.635417290073976,9.731427486783765,8.722859761022608,14.60365861195647
TON,8.22204588167467,4.583032983249856,7.779061296226363,6.8380256439858265,5.0624220990124975,7.154051595218889,6.17996694564479,5.757204757407466,6.748076182123099,7.258729075776951,7.241108684103136,7.066358120300737,4.832487620150579,7.27466908843175,6.823076797585341,4.768511548947985,5.581678577801793,4.34641201836625,5.876134287820531,6.909353262760975,7.434637811423537,4.8686724305327065,6.390679607756848,7.705980476678914,7.252615938116892,7.214080771447291,6.590741415992267,7.627033682277551,6.875459287814317,6.838806617607124,8.116108136616685,7.439651042702859,6.572396134840132,5.699655054947769,6.186049130496956,5.8849626157951125,5.953431611622946,5.940511644795267,7.0223065642876055,7.1042125408513215,6.180301403030759,5.79546574621176,6.520512290416081,5.382430621472943,6.5623149950429225,7.146365944768363,5.50258577164619,8.336546518872142,5.9923006290687715,4.499981016452315,6.7088013205044,7.269099927335877,7.074797685491067,4.616845963430238,6.579502018216737,7.241533771603045,6.429380022966787,6.263169552429535,7.307782667814441,6.165469350778069,5.501486982325046,5.71221189411367,4.837455264302533,7.0588909407492535,5.290316363379135,6.893711660743698,7.240053441124138,7.026374847663966,6.8011485319599005,7.40440848700298,6.4438514145850405,6.625746932346583,6.564196124375925,7.748565545327192,6.358912469406845,6.204634538476113,4.626033408720938,6.968287857040829,7.249482363220147,8.30749819974562,8.072566234565109,8.898163043035755,5.298143203357491,7.085978368545747,5.298776023510875,8.174744029654128,4.860092735295681,5.728682379370056,3.857580322197544,7.1433762046558655,7.842129531024619,6.630452102965158,4.965991850224164,8.197952678923848,7.267840070171462,5.379788305157502,5.79804958314224,7.494437953625826,7.294784535131939,4.796043669070294,6.73931981223866,6.496112366581882,6.84883523477079,8.378420063011939,4.766073995695316,6.8216470031090575,6.441203905498278,6.673961876464384,6.221892070766111,6.57543930322998,7.114513464996409,6.464600713115551,6.353260310517738,6.060432275424179,5.790297272164762,5.5741043726356505,5.649135831916788,6.618427290787528,10.752401609752253,4.868235265511217,6.633200712667599,8.40778634160401,9.117951808678924,6.853411302697183,8.029401645343441,5.771593149847119,7.530775156155745,4.960545771677384,4.8628685780391905,5.845999348947518,5.388231501084911,5.427069972381372,6.545040395456374,6.024749636408964,7.200314743434476,8.820000434728117,6.1156747061523875,6.267072605916553,5.676561600153948,7.9107484710119484,0.0,5.608367921443841,6.737594606086268,8.066512192969812,8.114616432808674,5.461812889286098,5.760666608246312,8.114341712056271,5.6382333407444625,6.673102058652852,7.16182667578121,7.3582846607768335,10.764656915052159
TUN,5.565427120673293,3.738691490357722,5.923321327572215,3.242043202112412,2.3302223263407624,4.591353874838912,4.016372795548783,3.8088693620081413,4.451887062108532,7.021335219431655,6.580156320658922,5.821852490761042,3.7654615363429063,6.200102465748196,4.789142211148091,3.23332819953957,4.246597257293826,3.051995448925802,3.115919847321779,2.9690482870469657,6.1910708467588185,3.368155643954772,3.6375731613859306,7.649194829379254,4.16019036788518,4.9978628497197475,2.9316378873170863,4.8267721753037165,5.916837896424901,5.737774855657354,6.90405039721791,5.553701211434263,2.274395288136094,6.408180326638443,3.34780781480551,2.253053393844333,4.445448149362864,4.475730720426876,4.813759664533931,5.049427930993332,4.298949427990143,3.0085907892256927,2.7426873498777686,2.3909518920354755,4.77737775261562,3.308100267629262,4.189996453379712,7.66253744454733,4.00208175754039,3.5417053705505506,3.792409616735815,4.760568086774027,4.51100241452749,2.489578234552006,5.317089928791746,6.523379190637479,5.6275853559805,6.593430147343257,5.554733148799334,3.1699867380350977,3.946764807307099,2.5773909179399737,3.4043542021540665,5.228180287602854,3.843944080958185,4.823532186256775,4.6745387747657645,5.667946352356386,4.116597111077769,3.920167476053594,4.777810963236706,4.637946063044523,3.7270924713392914,5.587750214595552,4.282086518571457,5.463946913651069,3.3869715001230234,6.823979492794724,5.13038263088324,6.825420521369406,6.11559726129215,5.6173095954948336,4.42680169724091,5.349856697406062,3.8629369749518383,6.6138920497370455,3.8031476561377704,1.7377538377461015,4.469234002998134,6.305744825542017,5.803563755421661,3.353299130567897,3.0463814519995505,7.439271679692715,5.560781961945188,3.3403250408272345,3.835438009691994,6.616883843054167,5.636791832711688,3.324163678034777,6.287454323590637,3.666390294288011,4.195073047163948,8.757821495018565,3.383706133881301,4.600160757375715,4.717945008110791,4.40547217039446,4.162142523145602,5.818729685282771,5.501573022387682,3.023894531251114,2.813636176132623,3.7110067346053217,4.799396536691894,3.1736119306472506,3.2446303463728032,2.8948670313162688,9.127814260500903,3.5549297553422416,4.227171345771053,6.776125397380837,6.14841829857094,5.423796261620307,6.308890130124313,6.493942596707075,7.116308097201841,2.419442105992803,3.296671707448239,5.765810320392437,3.9964935693601964,4.27810378894387,4.038967103979909,4.532476329773937,4.791069522608513,8.73597186671922,6.021012999355153,4.2811046938372534,5.4094724497443165,9.305845933463859,5.608367921443841,0.0,2.998692372506017,7.591287534479778,7.29167070548164,2.880622903616258,2.8592348946558643,5.58058802086914,4.270019102836869,5.386727620507661,3.3360069384123117,5.780655997765815,9.601838431334512
TUR,6.0926182831628894,3.988284373127779,5.354634452021234,2.6121057316394647,3.163877412524256,3.3131533253154304,3.7557105822140895,3.658160698836655,4.295779918666213,7.473762961673393,7.405086566205878,5.218115539631545,3.7390271547789373,5.575767498426112,6.114375946039453,3.7485072621154436,3.388085538842874,5.245981441952962,4.145964821376616,2.3236493773207587,5.770200200713665,4.881009668588533,5.180964492119821,8.403278710083047,3.452122886780562,4.216357197529302,1.9916600946761411,3.127825543975743,6.31239700467646,6.110608716491776,7.44313524278814,6.562353063998049,2.4635236795863245,7.489718390471351,5.820528070736515,2.9295359444912505,5.005227339408724,4.052527504739955,3.7955749509480534,6.524780819681477,3.9286841144625675,3.005827400374739,3.017670675473792,3.223567389404679,3.7634979952132044,3.4017122028337874,4.283380069797129,7.740769568486855,3.54367355477262,5.552124224977271,3.6872826376956054,4.849282712367071,4.214161332628049,3.3027954267767905,5.196654502831885,7.246168879666825,6.353309659917885,7.621493938594443,6.300396590185601,3.8427905761396297,4.20327461112282,4.202539345686033,4.106221387962441,5.806077760159086,3.743056851514958,3.89428762210378,4.64008065968601,4.669288606028321,2.049590051782803,4.781838329715239,4.9761625923335195,4.1063178944104495,3.5130235583068203,4.30498993538094,3.388758424443933,6.019011998409149,4.563397022585291,6.732164407791052,3.566046508392188,6.557218242664383,6.97031827538761,7.525145011988634,4.614401452064245,7.062881745673027,3.6591195925145588,6.682661312709548,4.12632625544886,2.9469055227316083,5.127389323344818,7.493135200916748,7.934936399677743,2.726635951729164,3.783341062517846,8.090836012519981,6.048425210365482,4.900769624835616,3.9089894876046394,7.667461374916838,6.204374670639303,5.096013764802605,7.344817635497382,2.846498288996655,5.833167340066482,9.314411646358407,4.083084835673136,4.300237446990761,3.964589894024029,5.038565591470847,3.5361123793640323,5.414690007292878,5.847367861034073,4.519616565607263,2.9835113630259307,4.1983223812476655,4.02150514628915,3.5409000354849067,3.0898877565858758,4.664229242803027,8.556881233937624,3.371930757417146,2.8499163231627644,7.731697065323263,5.632838021441164,5.96241866141013,5.739885593214423,7.767862627402445,7.664196563257613,3.5987573352666455,3.1465648201947505,6.9511189755239835,4.0433570156778345,4.339903369511477,3.6113656194790735,6.041255529321855,4.863625529947498,9.266040775738514,6.702483934474743,4.019981078862074,5.5826452224803305,9.396760232317929,6.737594606086268,2.998692372506017,0.0,7.545966161987775,7.56306787398765,2.673631673956997,3.2439697204081304,4.293179536003628,3.725321645927002,4.770047004399916,3.81480843215333,6.395130607351354,9.55398879347447
TZA,4.567074018996575,8.01505166287138,10.625096362886165,8.042057681823099,7.822608345992847,9.325677302332695,9.286667176810946,7.172610784506161,10.13152540886748,2.970375857015798,3.77242982073128,4.334213783746105,8.892768314067181,10.479718730907452,10.558449762722017,8.797987905086453,8.536435747560668,7.532343480698057,6.134638683533784,7.735757579549373,10.00470692237711,7.009780349281325,8.116981955339352,4.088485505091833,9.582487652604476,9.419602273021397,8.231228098749115,7.5268264941846175,3.110957115090223,2.9280634642692447,3.679558160997988,6.375603911017278,7.094544796758302,4.876389624750928,8.763931455908143,8.32031639891129,9.997926012549842,9.116649900980402,9.537932073898435,8.75349445363066,9.80970550161476,6.768251652016418,6.308527323340953,6.433775095618862,5.279330878736265,9.542735284498887,9.633610994912264,2.0009409608515263,9.441444706165575,7.545059512929527,9.391872423203937,6.714928009099822,9.65459475118442,7.754118441281756,3.3711046582150255,4.257933438925228,3.8788324021935634,4.3973745988578985,7.033271082987604,9.662344564189032,4.7408222212901086,5.665317208715395,9.156667931229375,4.450366500042548,8.999118723255242,4.73839095394112,4.903546144856473,9.484738681661456,7.127784891251856,7.272993828239098,9.974238854514077,9.008219179517198,9.296112434580598,9.771974442325138,6.981311762754025,3.5850817224344786,6.004337176324842,4.68234121003336,9.49520815282422,11.253029830691734,10.872687839199427,10.684595560502348,6.013914945295907,7.36875344241033,9.175183104433705,11.816058003423375,9.47286444138544,6.6535513647900615,7.441323182457582,3.663015582302064,9.861536175139939,6.879992254367511,8.965674862760094,2.9078297422877286,10.626984126103522,9.57508774448829,6.676979031858273,4.06732307160902,4.041910768753296,8.784290823511952,3.840258155668649,7.669947995626592,6.451377020097625,3.3041734187851723,5.271858283047214,10.031148251936608,9.588133000152606,5.153948052882607,8.513715862849947,9.935513112495784,3.601270306368851,7.965197910894315,6.329013457006926,5.484927913013254,9.174724305698101,8.791624296538117,5.692317990429061,7.855311272160323,10.834649165741197,8.267774777818895,8.44581042472208,4.48868411673283,9.044550473928975,3.4615134298921477,11.344523812057622,4.945041461790414,2.7598230517282283,6.99263782984219,8.578946708719938,7.58580099619651,9.22263402417204,9.170824629469736,9.63263401533317,7.0109154685604365,4.683860656238033,2.9584641267281016,3.2515176881543195,7.346844050268265,4.331216748270981,9.311736777758702,8.066512192969812,7.591287534479778,7.545966161987775,0.0,1.7435761328301331,8.297420651698696,8.694967298087526,9.636742614041431,5.324392450268458,5.996105210649398,7.6358888232956055,4.393597994328418,7.622056070371224
UGA,3.982133769126288,8.177746863681412,10.733160391344905,8.206926308626198,7.738785378543351,9.349822915662761,9.267464476531547,7.266063318035005,10.014486064051917,2.902534370210503,3.178847524513059,4.637122151815473,8.974460941321265,10.727496191404223,10.37791339976485,8.707049003552859,8.733522274946226,7.246194809836134,6.052219403526014,7.717710532179809,10.020039895608935,6.90820360855931,7.541487038498875,3.873087862737733,9.470385575192852,9.322598311363652,8.25979299022128,7.711154830359226,2.9710677531435383,2.764548133462384,2.903243172608301,5.747509697012026,6.948957262672062,4.636765434080259,8.400362260395084,8.073006158303976,9.731344036372178,9.209248202489574,9.631426300497568,8.000401372171103,9.773371891350548,6.905030231837937,6.111873215256853,6.40746691107643,5.503439673636008,9.432453457211734,9.517869829924631,2.186861467958421,9.420664498518509,7.434903552870327,9.322458432617422,6.437421211736925,9.683551729639909,7.625104208652241,3.7079145720806173,3.755557231747685,3.579735324590395,4.058104672799525,6.597420214113724,9.497773496206003,4.77467884432126,5.179573172659771,9.124365101249813,4.208778967524306,9.061937721285096,5.189405008135046,5.002467547170758,9.425616321756939,7.297997278906619,6.937947820679992,9.885203648949162,8.963573616676776,9.304981605966782,10.006182994287395,7.050330589649156,3.384614299873651,5.812894567732556,5.377823630017439,9.713655579331906,11.323257374670746,10.879767364782781,10.22238182799945,6.0188060430567525,6.550804225385722,9.075441950660037,11.51854240826672,9.419228345228117,6.544639855634643,7.662485674081315,3.0294648618257733,9.481143168557342,7.008909458694527,8.850875847634617,2.589935410055256,10.286686217570523,9.371539267990153,6.687859935969541,3.274670895629695,3.482076321464808,8.568777418668127,3.0051429508422607,7.762875833184843,5.639366275487721,3.3976866026108663,5.132822082525551,9.95444931585159,9.637187771081386,4.9560772624668115,8.481811443355971,10.115973432278276,3.449486526735073,7.658023642765621,6.378133328151837,5.4897869880773875,9.388791951661597,8.765581395310429,5.642617597577639,7.366035208525591,10.839325142584906,8.387217677280773,8.64305063672927,3.2059173127895657,8.821103984924278,3.0735882732510436,11.346471364396592,4.530499357713291,2.8918995707859905,6.8934521648680205,8.58189781272758,7.163137283755963,9.141836468029592,9.125543847303014,9.524649873178625,6.295010667111198,4.529482889248447,3.031224114478347,2.974896632441124,7.467068411998819,4.162500594739562,8.934192615007028,8.114616432808674,7.29167070548164,7.56306787398765,1.7435761328301331,0.0,8.339987355514127,8.707756874046385,9.721474836598203,5.516798147356747,6.1209669816526855,7.232386936654952,3.687904806802662,7.85191088222652
UKR,7.2460526525497,2.8259882766530837,5.015417084539378,2.925665244863951,2.5255297332393685,3.840577526006509,3.290226271636804,3.6434616042545374,3.8273707249392426,7.975964414984197,7.778641736756734,5.807694329755278,2.206343127570284,5.325854377824625,5.260752508552932,2.2922996766715382,2.5344669470840273,4.4673703574269,4.156296727216018,2.9391770834296302,6.108904811968393,4.475451568260115,5.12392223057449,8.666278353424968,3.561494959804359,4.525832880774065,2.644360931573758,3.7915137270018566,6.913578821118388,6.779168108259443,8.089939954408326,7.024080102452178,3.243894741256565,7.433929096852458,5.134367590643425,3.1131756837033877,4.382355154087914,3.3887381253593274,3.4503787986455032,6.613620723049055,3.510227165664221,3.505802572373417,4.122224922682146,3.1529412512614914,4.732791701717015,3.159861754988087,3.5165445793274577,8.475352363892673,3.0464492727052175,4.42899920483581,3.289575330796662,6.007925818163668,3.691129056533136,2.3600840554103653,5.920992943948942,7.711895902611746,6.918751333804046,7.697054805194685,6.906436586015202,2.8690183173731314,4.625665889359042,4.421878026010232,2.44411970049756,6.309703970075304,2.5065469837097214,4.578614308339418,4.913840998916513,5.082133531301259,3.2459652229809803,5.482639802933749,4.881987572488089,4.5426929640931455,2.7017774188038994,4.261163329193758,4.145122003901635,6.130181607373837,4.3210238241511885,6.957187505163981,3.4910549572197525,6.455286877540162,6.19149197356321,7.142848222045074,4.357644185692258,6.835743027702205,2.7603260022544465,6.5579954908608595,2.6853341246173303,3.218348888022085,3.6772323120969537,7.613328310813728,7.447555018488346,3.1905392175323866,2.446828152718463,8.737358198735691,5.918115468735025,3.761081883386872,4.405886396842029,7.976161748257813,7.173158688542832,3.7744240367954065,7.480173675155595,3.3004191498311344,6.256015312828881,9.710216018948067,3.9624172474875983,3.882578327376283,3.8644229394509613,5.473049467695746,3.9529523040689973,4.9213387484385525,6.3792281519819705,4.495735013660158,3.5103316006895313,4.118003131395442,2.651765952856597,2.723117974701489,4.052760840674587,5.121351697641926,9.496695771155299,2.0135064620000045,2.4563682505886786,8.36452095267875,6.874233637868646,6.751404722794783,5.442308858431239,7.631926087191968,8.109585305023783,3.1283903579593297,1.6898404502125166,6.919912315650949,3.084586094497267,3.689964096805058,3.5742864455970014,5.935689618836901,5.969151399257459,9.775485194881623,6.959509349267657,3.7183347731675065,5.900801203011892,9.45581872058097,5.461812889286098,2.880622903616258,2.673631673956997,8.297420651698696,8.339987355514127,0.0,2.9128991299628906,4.490805117205708,4.273880622498699,5.123030789580303,4.195555432610861,7.049216057687522,10.102228773570939
URY,7.31079981141352,3.502241007362853,5.58329263419234,2.5075485748956314,2.822106778075642,3.6705977205920886,3.476112519549589,4.627238987560807,3.785045550136685,8.122839071466306,8.366560461391549,6.5810253335096185,3.1920910328096705,5.444812762321688,3.8181441775905265,3.4912413626599466,3.899179647981109,3.918344751712635,4.085854786955321,2.956949909755161,6.442297864945727,4.532401557779748,4.954840157090069,9.041354341064496,3.5745227849344707,4.191237569050507,2.482995480395025,5.18269879573773,7.052386878220919,6.900254869305852,8.650189588355124,7.165504080653542,2.8839494341589162,7.155810837461282,3.9331948933557324,1.8316229446285377,3.819305094499673,4.087146139487248,3.993262916065277,6.243246496108212,3.139743766669917,3.1718770014612243,4.25858217001699,3.0434990581567862,5.490447097896841,2.697659988349124,3.5472844179551526,8.97048702361681,3.092878786652264,4.308920121308452,2.9753617374212356,5.815485398991477,3.4190072257559962,2.84876715649257,6.396587086490837,8.391215215053947,6.616915705520997,7.6983087736261755,6.929206726064066,2.2861110311100052,4.60926445781886,4.519592898807318,2.9924321354771544,6.377779785345034,3.564670932690748,5.610767349110913,6.132956401646833,5.678600564999681,4.4512508873596754,5.654336885047628,3.6073054792063153,3.666031146541986,2.9839015394160864,4.258432846104279,4.716931377301048,6.631605606560007,4.866407886677213,7.656028023329306,4.252848754191826,6.466287755730599,5.0591243110226785,6.134597232387215,5.00194400988247,7.383707720268701,3.4311390323632787,5.942655984224713,3.0534864748105384,3.6453939400883053,4.455621288485726,7.951405617216946,6.53897343961847,3.8814840382144498,3.181183481377373,9.126315366025059,4.86949197888204,3.137349492066207,5.091869840707751,8.560034285138636,7.345413360792504,3.7544972586844203,7.9181263328156914,4.109366778230506,6.104350916732474,10.117071627806439,4.526734991457437,3.810160105875213,3.596684234425213,5.332596454754437,3.091882842605565,5.577233196181881,6.865535653785489,3.5828337336281066,3.3470661491509355,4.775239168101554,4.328146371050749,2.5906372277025658,4.162486116590538,4.092797220467513,9.185994492495208,3.3866525320044194,3.9163850769331257,8.440258980194896,6.7016650292901225,6.838835741612099,5.41520215441493,7.631369263198356,8.193016165831397,2.9624196927851636,3.2628414604870986,5.78497435417981,4.115021935235826,4.141392975768476,3.0760461566514974,6.407200231718869,5.955363749445814,10.172080741036236,7.248469698488286,4.727278906537607,6.835343517530852,10.155915790089125,5.760666608246312,2.8592348946558643,3.2439697204081304,8.694967298087526,8.707756874046385,2.9128991299628906,0.0,4.544361930906583,5.29767596944197,6.546727635058891,4.665311352434661,7.460700267818693,10.414757815876214
USA,8.802120047886008,6.194007797481814,5.862478175164779,3.9585456015025295,5.556700506490856,3.0120902987356883,4.2736104624399935,6.03575766722404,4.517496902560067,9.527163687208493,9.869151636841485,6.998472950079859,4.8210327305583185,6.129809655679976,5.537382556619171,5.408698856536271,5.4517975703957084,6.757069099407497,5.844976946665063,3.8106504891867066,7.458497429120078,7.34345408074765,6.671506473313301,10.730146102215866,2.992194293977461,4.5821272732627705,4.151967507380675,4.477930864457849,8.22637129308741,8.087331261872412,9.714125147415052,8.649861119832119,4.431847947271739,9.058927501266073,7.253869992112721,4.632420460648636,5.306327790877488,4.880473344433924,3.314839384176489,8.448358809769692,4.340753000099188,4.748833861701049,5.575873503961322,4.843023782506789,5.6518418730110636,3.6484275973672857,5.0995608346252785,9.952436718668878,4.190178804693344,7.08288492691675,3.110112959044136,7.487844214546878,3.0299695536831774,5.1872626896486995,7.806232916671634,10.206794005273455,8.595451966981832,9.691801030614847,8.244603645622425,4.058123310253409,6.0165689867597445,6.763151913064745,4.8985599735798555,8.101926316445333,5.138321808758468,6.043891212296389,6.552504499973011,6.362536057498598,4.932603593337129,6.699239418187794,5.487535057828329,3.8061379948592284,3.3466966558883127,2.9525309237546176,4.678003187813784,7.63028395354166,6.679300863063322,9.056967109951438,3.9362543560427348,6.775074572501167,6.229751245626921,7.452354360412986,5.83692690025429,9.38827928986366,5.048014087658076,6.875704749393876,5.16637643430553,5.780397309702136,6.370532129841125,9.468269235520493,8.600895629508116,4.602586736667675,5.8654901923100455,10.612100022801096,6.606368748383233,5.814349078739841,6.8350201576140615,10.246315700307157,9.259374551187562,5.931411715557372,9.34512093117486,5.115085014832961,8.018638137163457,11.352208952541375,6.848153391526161,4.564686530091079,4.2041172893256755,7.191739723190224,3.9463634368357803,6.163709674132027,7.618956048023299,5.473328681093987,5.166808584984432,5.8164543211461845,4.571298438413228,4.140518444489509,6.210804434591887,6.620494342930432,9.094921457348269,4.4186808948630585,3.321068056091138,9.907854243541703,6.428876459791047,8.425772084675582,6.105744949487567,9.715871013317978,9.769462983259952,5.619693877406968,4.901421198792045,8.022656889799954,5.293696463171883,5.553657438166598,4.171500669238796,8.364804222499236,7.797941300579025,11.47467442052833,8.791353306750523,5.66175959638938,8.221005525237173,11.197334078269089,8.114341712056271,5.58058802086914,4.293179536003628,9.636742614041431,9.721474836598203,4.490805117205708,4.544361930906583,0.0,6.417854804863755,7.393058532562182,4.912386996631211,8.60607126135144,11.63612762944191
UZB,5.074985865749707,4.480577711469211,6.80110353599552,4.431654415104897,3.91377888653055,5.379975149751056,5.351800338682621,3.284766591214054,6.320125034532598,5.9002447705098,5.773049951837027,4.3094758424079025,5.141257079742458,6.88212790448345,7.521248814733107,4.844176500578764,4.245632652588572,5.205540326923929,3.7799491186337,4.633268133049766,6.340405015665487,4.232675428289173,5.785604459942178,6.66394229997238,5.582403247922607,5.920140500303285,4.22716619756565,4.356934644508421,4.974245567303425,4.577208346304701,5.624846700755438,5.906929902867589,4.031430273345422,6.1408718090821655,6.7011069787372515,5.041443991382203,6.523750283472559,5.108364677549682,5.610908961588151,7.562451457411377,5.867024394110282,3.708722916930867,3.357875356892093,3.589777710960126,2.8068136405470074,5.840543902372781,5.608344018039628,5.886160123910409,5.262298427164137,5.035869768745784,5.845086786508166,4.694452113198758,6.124179966132521,3.8743637740520738,3.5611002550189843,5.597424444478465,5.300973052404359,6.150977265330461,5.704829934854583,6.014395267460518,3.8366127756420134,3.922841797356781,5.274516125439357,5.187153331801391,4.906217277968452,2.9205131178669794,3.962160265034308,5.789146460438756,3.0125496198427704,4.902563550644747,6.14366579589219,5.494403004674188,5.722310513848253,6.263350363965325,3.116730491703689,4.598526366679076,2.6680551970944397,5.0776076845433264,5.460306983175441,8.026065461675099,8.62869603007655,8.724028973581285,3.8023438664460474,6.3189591064957265,5.015724607090512,8.51065637570751,5.412206498398451,3.4156018047954504,4.394248557076513,5.80225372350755,7.9972581273165035,3.8314986419445063,5.076523967089633,6.032479511065531,7.613843499146894,5.912357960740744,2.9949776622280853,5.877955538449733,4.78308473807206,5.85206936852982,5.646101761853197,3.6499171791277094,5.358021142247008,7.119150545118147,3.136079723291968,6.2616102784356755,5.582336841593166,5.116872202288299,4.814100014501695,6.1341726672929795,4.766283943327595,5.511086076513804,3.5260326578557732,3.682860641279073,5.136990455034307,5.280760999354498,2.424566633864506,5.181685668685976,8.646952527715163,4.3465237747892544,4.363801934314941,6.31332810929933,6.014123808889028,4.692963737212112,7.880659063889205,5.838737663356593,6.052201835821204,4.317320377499754,4.381026559955006,7.165305682884293,5.059965131913566,5.115289689572238,5.694741950485709,5.389155064525574,4.256980606115186,7.036306654065465,5.000490405003029,4.190273334140905,2.8031451172132424,8.476219564989233,5.6382333407444625,4.270019102836869,3.725321645927002,5.324392450268458,5.516798147356747,4.273880622498699,5.29767596944197,6.417854804863755,0.0,3.497640119389451,4.945698760760655,5.14889396891917,8.305617642258019
VNM,6.459491107611622,5.412829969753724,6.345709721905351,6.18971477061541,5.290584250455229,6.345030990901745,5.6605252809743,4.119279104390896,6.471804066678444,6.42773796508237,6.3485077824129075,4.649588620797535,5.61816164244023,6.7271808551784895,8.585304699330214,5.618181894004774,4.632818852188588,6.215773669703753,5.669196110720803,6.033711662209436,6.639358853939459,4.880207462373077,7.138333388628691,7.552738327321598,6.437604304644636,5.7018111627066626,5.301989424399538,4.735075218336362,5.721847724701006,5.824413707418333,6.557290005745564,7.011319589210045,5.64191081252559,7.187260762351517,7.556630371439902,5.959032872012635,6.7002239448668846,5.286752802730766,6.0797608909648515,7.760320668392506,6.430477625506565,4.8961639536507064,5.09924862163989,4.882578096113735,4.105315739030281,6.682695286274284,6.015177427806662,6.538674300487002,6.062081078033189,6.216068638048191,6.681468494332555,6.028620102681739,6.778956099971524,4.931840870558201,3.980805674082619,5.906689089443705,6.2190088181786445,7.151322609192529,6.7432974517465185,6.929108868792097,4.46208972801845,4.804830961848574,5.9565657020205185,6.161938712256668,5.135911352629142,3.838377173710746,4.568112674089702,4.930439586309388,4.476301363987649,6.0657904908073865,7.3080838637066385,6.647932599924491,6.373652482493906,6.965380820588094,4.208347263461299,5.885342807612429,4.317544274672318,3.7232516755296308,5.661285551571929,8.110528909829702,9.427407007898791,9.934889441327881,4.528404367451347,7.101948722102188,5.4215912825455,8.21463818362464,6.037203824522536,4.530870427420975,4.733233889963603,6.611182287528473,8.35685579093445,4.149297154709013,5.557118106656568,6.4906217575166405,7.544847521989934,7.10138641648804,4.024580128367982,6.413219258508563,5.584109333566391,6.140314626021445,6.64727879192661,3.6841870275418036,6.641723824483723,7.603838373756793,4.189890334738143,6.421285309908214,6.3132477496335655,6.048654775367251,6.024502666067419,6.453946938883492,5.778589098061494,6.4287551909090865,5.023019693834455,4.17212818342598,5.2466458946370595,5.710678620387863,3.652251933829095,6.945641995609155,8.495844944355774,4.953331925238183,5.3912994996385875,6.898223158504529,7.025919587402184,5.098615271777378,7.1282921505141665,6.466710229893002,6.856907771595961,5.10229733976593,5.008608469820466,8.280937320308592,5.171738379604817,5.300213215537851,6.468623059498903,6.575660554441445,5.866309669157385,7.534335757927207,5.696322103495019,3.3843649006493663,4.341553657565166,8.635417290073976,6.673102058652852,5.386727620507661,4.770047004399916,5.996105210649398,6.1209669816526855,5.123030789580303,6.546727635058891,7.393058532562182,3.497640119389451,0.0,6.374127916652833,5.712977705616741,9.2909685830546
ZAF,5.2164840802145145,5.608633647340892,6.627915067266749,3.9616635574827748,3.9992244705166633,4.874609934172991,5.005550710448189,4.584904469493809,5.36705263523427,7.228792396971637,6.661701004034284,5.9667739928538746,5.004778078381949,6.962404399611234,5.341890380444267,4.616205836513468,5.508728418495836,4.563546164200837,3.41067194117088,3.4658609214367204,6.6799017268021705,5.371866311570956,3.0892709268748195,7.5954244999954,4.328904262731048,5.741187203329356,4.0309981201731535,5.150118121444066,5.894620149004314,5.545802959570368,6.495479689516542,5.26373733347238,3.1002825868068373,7.0678749899636495,5.06416216452023,3.963610579684653,5.643854100991458,5.526411381001998,5.239288739113693,5.3245216616070845,5.370305233078089,3.806624508354431,3.4086205666942746,3.544622277243283,4.753538721928615,4.313020781080563,5.356111515279482,7.726632136041252,5.034852102358351,5.002350600649501,4.5517581871469135,4.640686138254109,5.015798179152471,4.034295694851401,5.678359639839775,6.843848382773111,6.045062138498311,7.081640151192207,5.021463789536507,4.490633734223214,4.753445792075464,3.794285818470624,4.888434564985345,5.211081193462205,5.240265829688361,4.980077897185795,4.8290153617137905,6.533909953692875,4.431617475908919,4.186145015860152,5.94652897971239,5.150496128961275,4.695300590967282,5.977534507243546,4.247105520661398,5.297241886677325,4.518590674571629,7.773141707896443,5.750721833723632,7.384456845918278,6.816445035684419,5.642951514258631,5.350339612957858,5.145057232237502,5.012682151632074,7.452206254676173,5.214585214558322,3.645249265243946,5.931362364761617,6.508934267860569,7.225823597888129,3.934656061426827,4.885359694468777,7.610002278781329,6.746489727898665,4.84853959567559,4.821697867576304,6.894887253855784,5.920906954696776,4.760162273895835,6.366261965662857,4.7315646698893605,3.904381446252769,8.946605927137199,4.539252569200647,5.648251259987887,5.589364797689392,5.070561508427604,4.992142997309094,6.5376229577826575,5.542185802409405,3.701368635229655,3.6506812785584994,4.374987810638407,5.627021292633993,4.686811469414523,4.472458072746498,4.109193482503729,9.28003541941135,4.6498151179724525,4.308302498021078,6.859525090355622,5.849615209854549,5.838607987777137,7.334846774771682,7.510345554149331,7.258500681315064,4.297296291351206,4.56639646224713,6.426287368543418,5.018105291769627,5.5478169621283735,5.018259733325264,4.34384849247604,5.303256980246248,8.745475739844371,6.251716275159828,5.666352800874462,5.94149706641862,9.731427486783765,7.16182667578121,3.3360069384123117,3.81480843215333,7.6358888232956055,7.232386936654952,4.195555432610861,4.665311352434661,4.912386996631211,4.945698760760655,6.374127916652833,0.0,5.358919879051829,9.46927080987988
ZMB,3.013547383167233,7.39710629360466,8.921384600926206,7.046864147593361,6.383541522745929,7.992366160986295,7.500549542110926,5.950317111274207,8.121608072124069,4.336269230797074,3.1486728958950048,5.120641073513721,7.248881534432034,8.80328224903455,8.60651976784899,7.277259674794099,7.297100692579913,5.8379962922902955,4.6227667333933695,6.66998828962463,8.277848268232658,5.761174088820843,5.02278417290782,4.631887809530468,7.913696326532084,7.759169304309104,6.791108226733271,7.038097319244728,3.437585943028776,3.2162993161727664,2.4948557185022437,4.56077885930278,5.8699673621571495,5.820337982395849,6.809781333926573,6.678423044811423,8.181146076574409,7.410431457581939,7.9950118461695,5.952409009774507,8.077086073394218,5.476978273977906,5.175149759016398,5.219200108870548,5.345498382804773,7.928207754044652,7.778862366786099,4.920383271784237,7.8896667561822245,6.077204123842319,7.804423754656495,5.015323776547874,8.080129075047648,6.233213029284327,3.714225727950342,3.6729579884791432,4.022619162776205,4.915321773181678,4.489503198649558,8.044161535833874,4.273137667354099,3.6721814619528437,7.493820156826819,4.177131000768481,7.314038636657482,4.9786671531630216,5.080929472827115,7.8154697770631145,6.405846328148942,5.399781964880966,8.450826077333627,7.541349874739274,7.8168076589913635,8.661630441906219,5.906562926234364,3.9898229218860055,4.644830461087675,5.399480481054747,8.31214363798587,9.503285217297652,9.63394695367728,8.346390158038536,5.554413291369497,4.264735236929954,7.40590933058659,9.778161875610955,7.760678581841909,5.311289203762329,6.5519284128828845,3.5095579430234127,8.320264438164859,5.414483704350109,7.366055165490596,4.117851515251118,8.594413335430502,7.68161972416215,5.341733048271653,3.542016249073418,3.0511503002543794,6.8091343420271935,3.7638192520442146,6.392298983439322,3.842856394317655,5.423126265363183,4.014385097901958,8.26036151392482,8.156571836899724,5.271707587727228,7.460911316368978,8.410999954045083,4.338871635970067,5.790556648752933,5.029381761507787,4.353247956459579,7.834925409451987,7.2429719333641955,4.723770531464934,5.969489343607952,9.731452099171005,6.8354220494334985,7.299961706441795,4.559941570201108,7.741729610461309,3.370301973220006,9.437251064338218,5.036023238171262,4.569704812091671,5.314091140550323,7.075582365074789,6.887529538653642,7.213642687814177,7.360011991399045,7.8385575483826715,4.462438856634839,4.76302626030389,5.082298891267908,3.3358038944579227,6.407288145063157,4.354145631354795,8.722859761022608,7.3582846607768335,5.780655997765815,6.395130607351354,4.393597994328418,3.687904806802662,7.049216057687522,7.460700267818693,8.60607126135144,5.14889396891917,5.712977705616741,5.358919879051829,0.0,7.7564705650741494
ZWE,7.552765804064945,10.034238377967585,13.080606417297814,9.237774066590179,9.571956272804885,11.426220978686569,11.19008613797221,10.298813243058166,12.001616245988224,8.47885955419316,8.25740873888915,8.092953655161553,10.78609547969264,12.662022266990585,12.074702031095411,10.609102177775274,10.297851956264818,9.798085172566246,8.90569616800042,9.990599495399836,12.79539252875241,9.312781867806258,9.918622855487593,8.209875874062101,11.461855198118661,11.461357535106824,9.952258701897977,10.34001646007558,8.178735229600278,8.006968691557143,7.923167460469909,10.918881650425591,9.497100427240515,9.05847365521901,10.598857945230183,10.404359287039995,12.042192401880966,11.098046854599662,11.558056584704593,10.859501974708486,11.72536443007729,9.049517599604407,9.678408173837713,9.41290567889932,8.313890140684409,11.31135711557233,11.453247250421581,7.63514534840993,11.336355837225183,10.195802672093299,11.43372239350246,10.123539662006499,11.540890811389085,9.554327771279727,7.532871357069208,8.435462228563729,8.200522291050962,8.994596318626277,10.806348562106935,11.498757865244812,8.573397711800403,8.527003830378835,11.027441930676527,7.190342750486353,10.858450219827745,8.404430404012976,8.345390877935934,11.682352505681653,8.601240618212447,11.032209390483898,11.751710337347362,11.400152632127465,11.208477822981573,11.868600967309884,9.404593344716305,7.9696548311488735,8.760737424336742,8.876667411369825,11.467778688588155,14.656249987572624,11.046313339684929,12.61369282286045,8.897470131748525,9.319267676075267,10.953257464737572,13.40751192389557,11.171069145258526,9.38068555261531,9.77115472184487,8.31109406868813,12.022350239162481,9.301283545185012,10.571433226337852,8.250296979202613,12.525816937970431,11.117986773630168,9.12030074550701,8.590224546308102,7.776403646406604,10.532775380289971,8.376379530393143,10.098914517306518,8.888711550705299,9.019837662356949,8.336138838158284,12.051076788940465,11.851948112458404,8.624025908220265,10.922745160668388,12.861065581656657,7.967760713424556,9.894667831137628,8.861583352459595,8.815250656409027,11.08190389474881,10.86215865515529,8.607117399357147,10.000538171616856,14.694005892252296,10.331062251493101,10.600123399330782,8.323692722012366,12.451873705683182,8.39088963577752,13.082742101698576,9.538383712024304,7.512058472206305,9.640618630940667,10.495008971693592,10.300697276451341,11.015937480372795,11.122696825688013,11.597143211107166,8.8953192618494,6.936885984408683,8.600271695805937,8.21867353629726,10.328205367494443,8.081651030478865,14.60365861195647,10.764656915052159,9.601838431334512,9.55398879347447,7.622056070371224,7.85191088222652,10.102228773570939,10.414757815876214,11.63612762944191,8.305617642258019,9.2909685830546,9.46927080987988,7.7564705650741494,0.0
