,AGO,ALB,ARE,ARG,ARM,AUS,AUT,AZE,BEL,BEN,BFA,BGD,BGR,BHR,BHS,BIH,BLR,BLZ,BOL,BRA,BRN,BTN,BWA,CAF,CAN,CHE,CHL,CHN,CIV,CMR,COD,COG,COL,COM,CPV,CRI,CYP,CZE,DEU,DJI,DNK,DOM,DZA,ECU,EGY,ESP,EST,ETH,FIN,FJI,FRA,GAB,GBR,GEO,GHA,GIN,GMB,GNB,GNQ,GRC,GTM,HND,HRV,HTI,HUN,IDN,IND,IRL,IRN,IRQ,ISL,ISR,ITA,JPN,KAZ,KEN,KGZ,KHM,KOR,KWT,LBN,LBY,LKA,LSO,LTU,LUX,LVA,MAR,MDA,MDG,MDV,MEX,MKD,MLI,MLT,MNE,MNG,MOZ,MRT,MUS,MWI,MYS,NAM,NER,NIC,NLD,NOR,NPL,NZL,OMN,PAK,PAN,PER,PHL,POL,PRT,PRY,PSE,QAT,ROU,RUS,RWA,SAU,SEN,SGP,SLB,SLE,SLV,SRB,STP,SVK,SVN,SWE,SWZ,SYR,TCD,TGO,THA,TJK,TLS,TON,TUN,TUR,TZA,UGA,UKR,URY,USA,UZB,VNM,ZAF,ZMB,ZWE
AGO,0.0,8.107256390799053,9.543424178511257,6.648842371842104,7.7834053739585825,8.211768575051066,8.46161712610785,6.331552082232063,9.002166682251618,5.688011928085899,4.889470871517323,6.3741144537689784,8.6889164787064,10.115710484684636,8.672428901860913,8.13963359946333,7.844749276324143,7.103272620177412,5.1192184828053815,6.893911861732697,9.253902801868131,7.048719867911819,5.6962742235367685,6.540746355774318,8.31007003290708,8.67361026521045,6.843992325059535,7.537186734908384,4.694550425057779,3.8135617033803793,3.660500249148377,3.747308884502327,5.750966836825091,6.264502167047571,7.8685157652806454,7.173511513917378,9.243821131037455,8.549153409817139,8.735012406426705,7.487059322428769,8.797091181870565,6.230175134293827,4.627670242221296,5.879212991988616,5.438972801475566,8.22953391436246,8.758201577899012,5.442253918382269,8.560143723373796,6.943805837154697,8.473951690896904,4.130981122208421,8.734008053593035,7.62260243514242,4.538770118154127,4.077768714725132,4.91533254129548,5.462933652436265,5.805828147880554,8.757364458683796,5.605536160584261,4.594516782884462,8.769731815457595,3.961139094786952,8.49402585410923,5.865023134391988,5.771540979252855,8.348857082491733,5.876467845939922,5.9825494897832145,8.731452822273663,8.123513110749407,8.4339379853586,9.32077437573021,6.6061471842201795,5.3333495566630855,5.490017030326615,7.102819744430118,9.011061638187767,8.122635020418418,9.867792973925892,6.633775493117412,6.484697712159123,5.221322252450759,8.678057606002065,10.563422248826411,8.608072305166512,5.775996386544821,8.505043965876645,4.62434325715683,8.41082362928957,6.179620989464935,8.153678643749537,4.656364420291108,9.370352964684313,8.417753369511058,5.707783641219483,4.268758306571778,2.7953370845398,8.38110057867029,5.202264183373258,7.066147050380665,3.9441564787392247,7.627365785676963,4.84900668350727,8.995441614482234,8.746431190985536,6.0570133994373885,7.923561403411413,8.67829240684411,4.814384693790064,6.273608787230667,5.479424020721573,5.985750210343358,8.489997762672237,8.305621850171374,4.8387070542263295,5.482738839019846,10.80232016924712,8.021949655550815,7.801549829715839,5.6381196650540675,8.507298161070217,4.197494775458686,9.891980328185502,6.362808282047185,5.152013931466004,6.446607636190315,8.016167817204119,7.411464253095351,8.325180972407399,8.384808150230972,8.357824086791606,5.624237306088796,3.923683131598533,6.6683271532987085,5.133498976645718,7.565143595161773,5.486580389705558,9.750935369783141,8.11204470398331,5.895953510724984,5.888921685376703,4.935098835164512,4.661074388179577,7.756458726658762,7.58642384143239,9.322843805059877,5.799711455209159,7.038580446535309,5.627469169602535,3.2760069036408734,6.308771178575481
ALB,8.107256390799053,0.0,6.434102436670727,5.212221097383089,2.2805273483261455,5.684388020939634,4.6597591812550565,4.276516597505952,5.513365217967846,8.039336764232582,7.791946496480905,5.693031678612128,3.5348302800380416,5.910265761609469,5.506703285717966,2.393014601916424,3.633110992613356,4.428083812354159,4.714302294798617,4.9898826697627605,6.5926919195694245,4.207240884842052,5.785165048107668,9.577819379410924,5.689301901840389,5.589404270331372,4.539580140716417,5.4691021087474665,7.191725922124684,7.016545152906842,8.629539099326388,6.849217407664342,4.487673887375105,6.980199704559962,4.686851997325838,3.941326716604478,5.199753662311727,4.841180579277763,5.370010819155907,7.340021239466228,4.984994574565151,4.035269956922831,5.012055391141707,4.456311340558853,5.1255454288785165,4.668189144526468,4.54963313995727,8.441947630916793,4.293930400849733,3.863945093664529,5.024989654562431,5.960858018027327,5.574894651398952,2.802591575692028,6.293283890866403,7.600174260943853,6.771934530373776,7.422012005843295,8.666937754225856,4.17219225700767,5.143972171646194,4.8693181986625715,3.182700018089344,6.411648761348189,3.9654029320452553,5.048144535991361,5.692606691125712,5.585374137873624,5.029022936126161,6.108798274418627,6.248097638876525,6.066816298072819,4.289734150025401,5.999121531758336,5.1862598031553615,6.24667369760456,4.774726096299959,7.643400743529506,4.9914042085529,7.4068898973035155,5.415090262379843,8.035986395147086,4.400517291830869,7.397476950097796,3.638009891706254,7.82529139764688,3.592568820601378,3.8757679275958847,3.311035817279382,7.692602231481607,6.287639415043992,4.871198479639191,2.3106583823059843,8.535033394953645,8.015170595647696,3.5133505004346817,4.814574602912872,8.256750685171015,7.033677126758545,3.805227422609204,7.652504875553127,4.717105200015243,6.9323453221144655,10.032722192381826,4.633073885396276,5.914540400119433,5.113238314418212,5.111890874883172,4.795790149623103,5.814249448020359,6.75728654603406,4.55618869476479,4.742524414248169,5.120999325275753,4.174457131844646,3.7499310553231844,4.28478882246618,5.620518001148511,8.938946757892781,3.324126520756233,4.580044709028262,8.406774953402678,5.188502812115712,7.036278906841308,6.833340975007876,8.134288966327546,7.800677467824622,3.566482561677408,2.714687420593183,7.0340114114739976,4.205676072456629,4.46929236579457,5.186438583650906,5.63440578594131,6.9238640384007795,9.845166124894357,7.040852205262061,4.952007328563915,5.348952084531129,8.591807393148947,4.796989816540989,3.787297640326859,4.719477933199801,8.084944523708357,8.347561901573846,2.976719435721233,3.769692083134879,6.549640386384489,4.638922261639114,5.272552864137135,5.964551821843801,7.627971734137896,10.025566800120044
ARE,9.543424178511257,6.434102436670727,0.0,7.068390798461683,6.1732808405190855,4.522649840489385,3.671318846164951,4.715960439926838,4.22601001269646,9.802304937266285,10.054843085325338,8.419721560095732,5.33157699002138,3.769668522692732,6.087608398540724,5.858597075039399,4.606497241283306,6.723487918277247,5.96009465061736,6.819460263928999,4.077405993736338,6.513893874438477,6.811551635520585,12.270364777304327,4.098552253720274,3.545967432201254,4.530789894834378,6.200735986734719,9.00260619265078,8.782575136557032,10.00422434411463,8.03277401318099,6.131733760504578,10.149597718234817,7.256295864139723,5.688737712985229,5.272279673072445,3.729805760504013,4.044047248573306,8.683392196011738,4.211602373640982,5.665054256982728,6.307568952999606,5.418440256310765,7.29035161246868,5.097128452283939,4.3243312136950465,11.020961613698898,4.263537097071933,6.416825432298446,5.2909688999813005,6.855203726967066,4.806089318012077,5.8523641243916265,8.382773280701402,10.06267425102166,9.314294122534973,10.069123970425194,7.510730708034547,5.688847276435582,7.042343226716535,6.688911371043274,5.244119364030795,9.472876704871837,4.61970444035039,6.779841263761505,8.137963498847189,3.6844226756401164,6.5148823682908645,5.975927452718776,5.233468663591103,5.105055789851947,5.131023527000275,4.900288767305243,5.011217713561661,9.214921716215947,6.838295598415435,8.428163926140343,3.1151825369125596,3.9699821573109513,7.729074411318159,7.595861183193808,6.813849855442455,9.063368984810051,4.535975395537547,5.609748621802928,5.177365830756231,6.084865229769056,6.553791406959681,9.917001251311062,6.3665443116835805,4.887744438109662,5.453095867699013,10.54060189425645,6.312093274202608,5.82077863472726,5.946688747037666,10.24446233955187,8.879851174712087,5.486082111336592,10.396632280599489,3.537944327931905,8.151357042708241,11.325060201413747,6.890869452291684,4.533917492511173,3.5360967011645723,8.751087478133144,4.754362029725225,3.138890345626869,9.43278946412039,4.7567539280587,5.52268705744562,6.415897162362462,4.237024937668645,4.880799198188743,5.837842583866571,7.4325496369751605,3.808642341472862,5.3181492419189125,4.763171026654934,10.755834185209746,3.9646581250436967,8.553567825734817,3.5974167823291903,9.659480920694163,10.60128727834369,5.763240131735597,5.0783570079588385,9.601591235440399,4.165458881822845,3.9548228222574284,4.611326674926388,8.493428843306086,9.299820679051406,11.20474593229656,9.164934084199723,4.8330761891409155,8.191734221931876,10.973466201131927,8.141104730187283,6.277220645275155,5.904331143368931,9.958728017607767,10.166843121131063,5.7865562165868045,6.200032317707881,5.847246944669653,6.949972288960768,6.095723455344408,6.853535132507497,8.775793671762834,12.673007278534925
ARG,6.648842371842104,5.212221097383089,7.068390798461683,0.0,5.375813167533825,3.7544127229532585,4.632204463420743,5.333729280835658,5.177205771214448,8.582275180903343,8.38532274386904,6.5461512736589365,5.036350406960777,6.623081637966534,4.983148324955378,4.961919480937199,4.262582957143618,6.029510702086499,4.5489792856810345,2.9862931357943236,7.987308138086439,5.967348883174903,5.739863429515205,10.160025759064304,4.157688044440509,5.345994685016705,3.0349649122284683,4.950244477393922,7.112250020074811,6.714106331399485,8.07150605307244,7.406322570169912,3.084926855976004,7.6336495642708915,6.304346858993498,3.865582497719336,5.881855706675314,5.02449897048412,4.321757140119612,8.175339267471731,4.744348536792613,3.9373826195078,4.09766008582435,4.051841765960068,4.715763926576757,3.9128693541522095,5.160955729724049,8.49358520842873,4.338415368563705,5.626726691429344,4.145261687874187,5.785719655360148,4.174033482048964,4.860986240257688,6.679209246592352,8.009395640123195,7.1130735023777225,7.958543494031292,8.476398967385403,4.663856851667723,5.102346540530284,5.189343683561061,4.963320747957106,6.035855339615849,5.03519466415994,5.226010581364093,5.777555684708113,6.062414505841551,2.1729417757044835,6.701355295689178,5.1672300050495865,4.481805473052745,4.009060910977744,4.467795757625051,4.415735974970997,6.39132560156696,5.09633277910281,8.68011437299571,4.910824995919707,6.225888692319676,5.579184673239144,6.160479967840082,5.124686344059549,7.561789531403666,5.207927631732097,7.663406092619415,4.702168505546448,4.379928731100635,5.745873406314383,7.794838956642022,7.159824287353522,3.61455196082691,5.335203029627171,8.825122219940033,7.233567298152641,5.201992454614506,5.253884531299524,8.344351241312895,7.068028279783601,5.923402194783029,7.801923649215105,4.973905689579174,6.4883254230440635,11.056866915539732,4.783393622575674,5.173109748769411,4.831500475282033,5.988115476157473,3.701957546938102,6.5174871961499825,6.199645915645327,4.667093295662289,3.7899089354856423,5.526179928044278,4.736659025777027,4.44728777188974,4.18160981327042,4.587971585696561,9.269569996527217,4.387159225065883,3.6561443397976348,8.746254643632977,5.34050090604065,6.962637757468334,6.886546070357572,8.556334411362164,8.080884676485423,4.630971970678704,4.723044431449521,6.997207579725108,5.250087035704275,5.392649312991348,4.356515333433235,7.113470384968704,5.494112056682408,10.759045038146326,7.650356182998818,5.42127530103324,6.5070328704894855,10.145423469913306,6.722846485753941,3.843458226869724,2.4441942273418817,8.16595965441889,8.324157320158251,3.8683966837886126,3.143127536347213,4.680950582755733,4.62560312703113,6.647213350334632,4.3252069019192625,6.818451946356603,8.18376883121534
ARM,7.7834053739585825,2.2805273483261455,6.1732808405190855,5.375813167533825,0.0,5.3404982741251175,4.417608827121467,4.227986894935702,4.964870952547545,7.811441102464045,7.594028570781354,5.557648727214899,3.3962182837796515,5.923312196179696,5.146571490815583,2.4068115941807693,3.7699193273693603,3.945743877760281,4.6112356448871035,4.8783596946373695,6.335364257959285,4.261273310145288,4.953011130705959,9.42434795862337,5.229091043680997,5.098032797465832,4.292641983530849,5.27036085870704,6.806626427452208,6.763202226304549,8.383301976310438,6.401552068825478,4.098975377075948,7.150025334877967,3.8854481378303127,3.437393566352045,4.382971835665082,4.58574611109046,5.233248784989245,6.2631179639432455,4.669338341155601,3.4301555743556444,4.7983775740236805,4.540423433236676,4.727817563595001,4.2803915821348495,4.079243359080185,8.357784677858566,4.206884330262021,4.1490765923779716,4.698506484673915,5.186163273413339,5.324947205620543,1.711324769621144,5.934620033467727,7.426178032008423,6.38903075243631,7.357194119519331,8.482991122983076,3.7690065581195396,5.025212416684387,4.493288214918852,3.2166560500785235,6.457077246907187,3.588884776044798,5.013119813071566,5.708734054226976,4.858010345114071,5.159327429096874,5.436054224274498,5.9452027015869495,5.50946267284093,4.324257359900192,6.135174537361332,4.586169879334819,6.110818855983987,4.309530323760203,7.507861300951113,4.930408655766239,7.020058792590513,6.017283081531536,8.193922969216953,4.791991189453972,7.050744247973713,3.037444439774785,7.076625427549743,3.6015524699959824,3.6903677037912876,3.863858487502272,7.5348771595971815,5.590676525767884,4.786843210350162,1.6905347867243636,8.407147084916398,7.167510216236465,2.824896046152509,4.142139711599271,8.120917020458702,6.64197401619201,3.5142197330614304,7.464949474718899,4.187324656767168,6.461404723947044,10.075196579478039,4.972374029726158,5.437733040629587,5.038845076152255,4.860831823427494,4.541827701542395,5.991224841277468,6.789697314943306,3.8899147651257535,4.585133651553792,4.658978540212174,3.929884512826164,3.61540855337911,4.274922144896793,4.935170660717262,8.914965762377268,3.3462426825463507,4.5581564369582654,7.818283719604638,5.216196082644413,6.7701706596131155,6.322735316190512,8.205850627536572,7.725502326237877,3.5067219512558854,2.253525651073862,6.650733145284596,3.8606529826318563,4.1018873651531935,4.714320925863889,4.867723168198914,6.7900063950444025,9.820563319791933,6.878176204174401,5.080526558388028,5.029101217063476,7.608673709617617,5.551824572724753,3.306941839719503,4.32396170536891,8.040788583498461,8.079251202174834,2.9271849413665247,3.8091133976635714,6.286997059041144,4.333513504021991,5.00273055798023,5.283120221215516,7.2107683290481335,10.321371682858949
AUS,8.211768575051066,5.684388020939634,4.522649840489385,3.7544127229532585,5.3404982741251175,0.0,2.487358018686984,5.158929731171024,3.028342020553419,9.127841779118445,9.156845535786212,7.363010981917767,4.408640499903525,4.907846257622512,4.5296751184022686,4.6903105840259744,3.8716956057424654,5.621191362402688,4.749223828437162,3.8192876139414733,6.055420895529471,5.859637192948353,5.563761166886663,11.606818129837453,1.0430690783943026,3.275441243220104,2.2155868921841546,4.429155074043474,7.836241255754696,7.617443044946699,9.042877911606144,7.997281489058026,3.6308879203846134,8.697093327184037,5.95364420214586,3.4849922235301496,4.089163870264338,3.1918349266452215,2.193162657509568,8.154323096720239,2.7124588482106833,4.156978655659598,4.595305775614092,3.878512800384893,5.778243749506809,2.4793876895009075,3.3610084779861755,9.688253379342525,2.378483243392198,5.720027236694653,2.539795225729274,6.3592314874881835,2.217634761075311,4.706500632837293,7.689471745762199,9.203991036589692,8.114396919890691,8.831509956570759,8.097073287431417,3.5605181670044472,5.533012964677614,5.640010263501606,4.023963842141321,7.999781028133403,3.8985996492886015,5.828220855983731,6.712461167169869,4.394008537115807,4.030335382888984,6.058653944238525,3.2259344823315637,2.1369712831210417,2.8634207737644135,2.5064458270167944,3.6896482475199224,7.485988633912882,5.561767852329652,8.791681111432952,2.592470676624018,4.142186978050555,6.078117303570616,6.418502642548268,5.6775835195302795,8.244603563422643,3.9709583766616214,5.532160448445209,3.9753514600833846,4.711658601633204,5.827896051287318,8.763009756148584,5.64736736919538,3.741144339277584,4.955486007035817,9.720689673649098,5.623517606495112,4.437509898733199,5.357519652854358,9.334313530674933,7.981360981136642,5.078908369866911,8.752737357445548,3.66974328198967,6.943285476599182,11.201650722957472,5.798120173203014,3.007846200486578,2.197556093662966,7.2318559038930665,1.7445768890462432,4.5754741521123234,7.637591488818603,3.847703129254576,3.955346266355146,5.511992275290657,3.2712955858651105,3.2021509771263283,4.875759313052006,5.299578162762079,6.650842757101917,3.9484879989519786,2.773790559407957,9.363881845717728,3.6214645942806816,7.518799177255276,4.872184071627488,8.740502035097267,9.442287981329942,4.71264459634301,4.063870294760655,7.604882097845952,3.9622040950988398,3.677549999286841,2.333295618933099,7.627386022095298,7.141431373474744,11.229004680404438,8.285797520489487,4.549530215348889,7.299512966233108,9.850556918487166,7.153690408980881,4.49286296364575,3.364564321745637,9.07025287562878,9.150286752474226,4.087642859011757,3.6223528502898863,2.9630872087147035,5.408205430822681,6.403871228653082,4.712451815043253,7.650255175083035,10.919382570893596
AUT,8.46161712610785,4.6597591812550565,3.671318846164951,4.632204463420743,4.417608827121467,2.487358018686984,0.0,4.530511494047485,1.6959484695017908,8.998594629294757,8.897690052622211,7.253390587544587,2.9790636965814334,3.8596329887454366,4.134924354554078,3.469763813384327,2.7346179260046704,4.686242759038199,4.744257121765972,4.587406330113929,5.3077002873792045,5.049624054021107,5.174309594117887,11.385908361178556,2.097455250118185,2.2883251481955176,2.753412395478272,4.940176827250627,7.895317118984374,7.736882479094529,9.06741819873338,7.675750752974662,4.207553083771169,8.535928921129454,5.12767528446906,3.15523809818183,2.8988197691417112,1.6563491655993732,1.777947148299849,7.216089947433444,1.4563913656487097,4.092624029693222,5.057016309122623,3.9498558830368746,5.9189773100697405,2.5331442377985067,1.7432980264944324,9.821696487238436,1.2117503621119943,4.675709960502902,2.414200238487765,6.35107798852867,2.2310551044915323,3.574566206355733,7.443488617519033,8.935892109533267,8.038385742802845,8.673048877089602,7.89959722332243,3.0543560803809813,5.464648471742917,5.183753372844554,2.3592803179188677,7.996637489358884,2.1863394743840234,5.9440127218774865,6.786099721964905,2.842616473224461,4.712448253131382,5.961051313073824,3.4201091970190993,2.9251259036111374,2.447351021905117,3.2896011016139513,3.918681808204624,7.515287364848324,5.0398446056508615,8.289721738005587,2.238193332597611,4.40198368710286,5.609074037711221,6.6043657295366325,5.110427284059272,7.614474671295677,2.149090987455799,4.594510417062896,2.3626040490271487,4.412316901778053,4.582635976500361,8.609610482685524,4.944262169384905,3.6454637799998832,3.5927006667323838,9.657756129533281,5.169644657378558,3.2190876839803333,5.022124995880585,9.06738461547562,7.8419358881528,3.50110737353597,8.660038048832513,3.2159347111432663,6.780312810377306,11.077483282659115,5.288768416087871,2.2800913848947073,1.6623652034308765,7.135292961869132,2.3990991508715855,3.9804465266471296,7.885944553302198,3.306899049959824,4.256697922288221,5.211961258759652,1.9849013959138186,1.8757920335048794,4.599849579887644,5.489245382897335,6.497038736398165,2.737598988977025,3.027704545285319,9.356155884032122,3.5955067448801334,7.488526046011396,3.5932699673691673,8.42341125934911,9.440637638585404,3.935274512536024,2.7795525243020647,7.436013165276713,1.8200852692711371,1.686974305516633,1.7174864603468292,6.902725586176432,7.706342835158882,11.075161856187682,8.067316083535982,3.7916761607328837,6.992395517771634,9.363167975300819,6.123143337295631,4.0572729931025675,3.9326532369758076,9.18226105139913,9.251101073142104,3.3675050532688795,3.5966324697091556,4.155585032508064,5.388667342783775,5.5613732738652715,5.072609314053458,7.5047571331538165,11.09530335521169
AZE,6.331552082232063,4.276516597505952,4.715960439926838,5.333729280835658,4.227986894935702,5.158929731171024,4.530511494047485,0.0,5.6822830584489585,7.02760130049083,6.908697619313613,5.160208947153263,5.020777780887718,5.560211203261321,6.169483931005479,4.524046459303859,3.681219484442421,5.406533649949199,3.459572786245069,5.391945447290543,4.872691165750333,3.752921125997598,5.285209455459996,8.8935987413433,5.064924164730112,4.940150933396643,3.815298561524539,4.5816263394382455,6.040916592968458,5.703329553822966,7.013352257632375,5.165252493050749,4.013911645323663,7.379517397129525,6.1706323524177416,4.756008652008605,6.04613323859164,4.375376173815927,5.032805936890866,7.701039223645918,5.281948990828164,3.5611384437513482,3.7242507482832514,3.606396060426393,3.877365205241442,5.309280493261085,4.879709531875264,7.372480692870842,4.736863584238621,4.715756087718616,5.701571589048771,3.9638951137573035,5.618943886621704,4.317019692281897,4.968707675750689,6.437925078746833,6.366122921787237,7.075998169421607,6.333545448818885,5.894014939225248,4.633298327743678,4.108700917195363,4.874155729543674,6.185409614224212,4.439403826252527,3.4560841578761528,5.140271233143014,4.38130547471154,4.3109413583893135,4.028077447438544,6.0365815077069955,5.700483783600643,5.270343199273651,5.89713780533535,3.3479117345040685,6.209074457304232,3.786303442560035,5.5996761580730245,4.416830233326626,5.090668983405652,7.713484160897603,7.044195372631418,4.1877225070367015,6.567345169957031,4.519760471527275,7.816356493423717,5.0405988983098755,3.59225284023442,4.659184235263245,6.7519963232382745,6.152329062334321,3.4810667521840934,4.247650760176271,7.1317627446720975,7.434008471489969,5.271628046796279,3.326576227183761,7.112671780192363,5.72550874418291,4.9828587576954835,7.293397519445605,2.7312671294173785,5.879872813217754,8.728018929164563,4.375963179649214,5.8797164312655745,4.716541918521493,5.925082685568423,4.811039229016971,4.311449177095183,6.232977940328276,3.7727444179730525,3.3959443808329204,4.024619351150098,4.123290814308314,4.842468253933009,2.6294452518470384,5.551487676518633,6.690915854351221,4.1795031468710455,4.052925655242171,7.546335637983408,4.343685348781201,5.641037206809495,6.288712796970946,7.235902755136312,7.1721708075480475,3.923102577846235,3.988224188102816,8.22596341242002,4.246107600592893,4.209203122888924,5.247894260011954,5.449466215480079,6.396616327568594,8.165777104214044,6.248723964518858,3.713743076859695,4.368060961136316,8.761645873771876,6.210597751090954,4.27323396264734,4.190294540445409,6.52734832127323,6.788910569450148,4.335234878388284,5.226077286233549,6.498062940523286,3.4115417858931028,3.3501463082154896,5.37168689884416,5.982009450778511,9.131635471668677
BEL,9.002166682251618,5.513365217967846,4.22601001269646,5.177205771214448,4.964870952547545,3.028342020553419,1.6959484695017908,5.6822830584489585,0.0,9.452653517539725,9.481891089393276,8.20975113268531,3.2745959975112493,4.218532790282242,4.136592122244473,4.1734538079528125,3.540654893563961,5.017019118970471,5.565468769082821,4.971196613361814,6.057370918892123,5.992052018952431,5.450051087854433,11.88950234602612,2.4973871227419244,2.627568161747036,3.4872934645035625,5.784108705201137,8.432568808756303,8.322452350111474,9.585246998936764,8.29880285896356,4.9065358799953955,9.03856618045178,5.058596505330934,3.4906262374149013,2.5662985576017885,2.4434330472377255,2.3623773728838606,6.774457233102752,1.2548920688095995,4.793464103161906,5.762117547682069,4.84684445402357,6.8784857157463115,2.7966828042485896,2.1440277814509057,10.590919276299227,2.192981409744536,5.099677189397952,2.4031710226251928,6.944567596775527,2.3534188235216194,4.010960929893231,8.110008409203727,9.54041655284344,8.4710337137985,9.151628013275438,8.397037058333861,2.9224170033964496,6.168478695844952,5.740844628252027,3.0034407120899416,8.615276564193092,2.6195903207220916,6.957468434932074,7.577118102566458,3.3532848820290284,5.463559514381481,6.6275744155653395,3.448644633030609,2.921383941845691,3.0872630170669364,3.906589498998711,4.8220492876000165,8.173678473908232,5.781623353500521,9.076270151834677,3.2296729409880105,4.856429273618064,5.507960576546183,6.9058298772829785,6.301742603895684,7.923752342876971,2.6730256811930695,3.571092188715735,2.7313212331442904,5.005286122316588,5.389142845778048,9.169578339385293,5.0666003025915805,4.358155732782631,4.128629732460589,10.280889566719791,4.5476581480361435,3.449470853637647,5.684231265746395,9.51373479916787,8.336846020295056,3.984623080709122,9.216832758794384,3.999102795649766,7.164762254303396,11.727906197993732,5.9448956239011235,1.2188723287704901,2.628403532724026,7.560889161378868,2.953367273378371,4.795332278071,8.559309210767985,4.018615126481293,5.050391718093426,5.899064409297442,2.985598265063933,2.5622554439902028,5.482595152172031,5.564509786692514,7.05167319982918,3.696107923972682,3.981348266954922,9.853280299034713,4.440173400889503,8.017053388024081,3.1538622814772945,8.932243719730746,10.063737792219852,4.555875556084182,3.495698153560747,7.33218005124505,2.5656560840196247,2.6518718149169724,1.7207548503884154,7.519124363837505,8.127834149977865,11.803320368814886,8.616120410671027,4.637887260048516,7.922794694585727,9.681685092375117,6.805339791692935,4.381149130096969,4.386713316779715,10.002931273498765,9.977605418258813,3.908227861904941,3.8913499404737357,4.5113718802804295,6.267778939942407,6.387673312906254,5.3817310601657775,8.050381089038538,11.857324244713212
BEN,5.688011928085899,8.039336764232582,9.802304937266285,8.582275180903343,7.811441102464045,9.127841779118445,8.998594629294757,7.02760130049083,9.452653517539725,0.0,3.167734717491337,5.343255219992535,8.442000733265717,10.171067617031744,9.011903853776507,8.482107495471482,8.494214672731207,6.358333117208258,5.228065197355903,7.747097869433023,9.814726455566808,6.27174073513139,7.11757159533408,4.814441306612937,9.185431704255413,9.188347163911263,7.9875843015690915,7.758096101637454,2.04869299416735,2.615956217710609,4.159308154836714,5.7586794294724015,6.7651830073783215,3.7767208769102463,6.985708810184736,7.595018222434519,8.998818082432631,8.802986160903622,9.358651815040602,7.309585859503071,9.289644107152121,6.390108875463119,6.268985106359311,6.0788955692009115,6.2059995889095525,9.115184190550131,8.988673623431517,3.6575398658764993,9.249020764260722,6.306783161162826,9.009013057582125,6.507109709120897,9.11572245285321,7.623763281979094,3.460262060642706,3.28131885308265,2.682431521753846,2.4524069508055977,7.421300926235432,9.070942141957811,4.330744042906394,4.648064886573537,8.734751403105562,5.067831108677893,8.474138674993176,5.736418007989531,5.38947427073285,9.05963153061692,8.076526950954364,6.898776078466939,9.376745465146614,8.575889883398611,9.101375053469884,9.87014903619174,7.312438270816404,3.8449301759522325,5.799981547673705,4.988648851783498,9.499805649974963,9.281820293328037,10.193880557995934,9.817888578993319,6.662279572360895,6.572382768125826,8.826679324821328,10.73055191041714,8.891437720512242,6.08907523856912,7.377852099947787,2.573273376302327,7.254563907901624,6.963063338073711,8.440734607344007,2.418479186178698,9.504569568962712,8.633807829841217,6.802212111777036,3.6508553643861816,3.91573439949748,7.689441656766642,3.75126255494771,7.359594917837649,5.880917780391241,3.797975681052082,5.6307694958414105,9.275556765200522,9.35094580921154,4.670336807400703,8.349638039780372,9.042495329934384,4.0346676267829,6.687074566569764,5.937486629129239,4.916163735672893,8.629692001506148,8.368322322966176,5.982580339693018,7.066568488809955,10.646312041287084,8.084256877147576,8.513000288553792,4.505215067879179,9.334673230212008,2.505144800027098,10.218412400256643,4.424719266740255,2.5564466725913184,6.011590888661309,8.303696579222278,6.410929949926188,8.842589796946779,8.787010884246278,9.201074200337056,6.321466404327549,5.388452500899495,3.486815819292077,1.6676874235383767,6.997555280793725,5.285011582243463,7.785109286410911,7.151476929978893,7.0082654617167375,7.670712006013962,3.0654982334904535,3.081448571645162,8.088341314833475,8.108885961620578,9.542495383627855,6.33363203341009,6.167149031748343,7.589539011153385,4.548387245924523,8.940654584229039
BFA,4.889470871517323,7.791946496480905,10.054843085325338,8.38532274386904,7.594028570781354,9.156845535786212,8.897690052622211,6.908697619313613,9.481891089393276,3.167734717491337,0.0,5.350146132650079,8.379573626680438,10.316969739733587,9.3367103532089,7.898011068774452,8.368887515539855,6.205585757915074,5.11899896442297,7.451844775501415,9.35385624413727,5.969846105475679,5.985113786505531,4.960842607644042,9.187627274063992,9.586823245970397,8.021707005429501,7.417919051474722,3.098467440693793,2.998256579910716,3.0601624354847186,4.708959482258088,6.541309713716186,4.777633192271794,6.9745361939842665,7.575955609238415,9.3103347210831,8.781157632988185,9.325388449058368,6.968157256104587,9.28478633850441,6.556013357689382,5.704710407816092,6.065234753408518,6.13055727260784,8.93870014265828,9.047643859174086,3.728360420353816,9.034818195590017,6.188070931638218,8.847099502802797,6.221094594796307,9.26709806864821,7.582239039343025,4.094760721160855,2.06706289900343,3.9165793364769996,2.6170127778129366,6.727629743799845,8.956996144061943,4.823698884695446,4.472771242412926,8.44507782619604,4.9335545133641645,8.390257894119523,5.775992879343726,4.965084235668205,9.155315614619067,7.697826121073105,6.0549992079146335,9.676505159531406,8.823009040601537,8.795167975704052,9.86223826195665,7.634922554703729,3.654123726594781,5.483639498062832,6.315850559870675,9.46821985467049,9.149825988765095,10.129254907545583,8.63344813855316,6.452591757999148,4.953818368363315,8.748086304133684,11.272610281188806,8.784140117202915,5.654757893818941,7.430843024377279,2.1204608923975115,7.783803192416878,7.0980323725128365,8.201411505492631,2.56097936971436,10.200074250484475,8.469193427487639,6.556568440141673,2.2722594071971365,3.530556031374421,7.645277632371081,2.3238436358955026,7.624982397125094,4.800520165371183,4.292406732255169,5.3419329926811105,9.527064326225817,9.301490750388389,5.1670324410017905,8.591008834060458,8.829605406404529,3.926872477578975,6.824511616272048,6.142082779016679,5.050319736908428,8.460459780286142,8.26104754036576,5.9796062069931875,6.791555482715695,10.993875092004387,7.760123374240803,8.269216180448852,4.447039514452775,8.928234708240195,2.9487908771222027,10.737128614595681,4.584804898369127,3.6909990220922824,5.900361064657436,7.9117788650174825,7.002350889245989,8.485241778360967,8.659958167328346,9.078912223150631,4.78355713382326,5.3100061116203285,4.264081049929139,2.437428124856109,7.164674804912563,4.764167877675598,6.829368093870271,6.886836697305644,6.499706161355209,7.469660783752527,3.7650056800582425,3.6179931243509627,7.740351493684132,8.164646102471135,9.802536553567123,6.089533034747125,6.396358045539086,6.854816112535352,3.4368440299161933,8.749675129826912
BGD,6.3741144537689784,5.693031678612128,8.419721560095732,6.5461512736589365,5.557648727214899,7.363010981917767,7.253390587544587,5.160208947153263,8.20975113268531,5.343255219992535,5.350146132650079,0.0,6.629833959853651,8.654713986844337,8.001749288643905,6.3518965819312765,6.6973894257305115,6.318875088928252,4.54791728920299,5.738467267786463,8.964038065789296,5.3224467833808315,6.85721053495506,7.30813126012836,7.475279042439417,7.513523815540243,6.219526905692553,4.736521229443587,4.139299033659145,4.469424403080433,6.104011149155964,6.130034911815491,4.734392991324287,5.894121707156039,6.653524869190049,6.047921187067838,7.876744809750635,7.1756621675459105,7.3724650389432185,8.233861294931534,7.9952405353001454,4.387560784755985,5.141991970733987,4.807096343327121,2.951821746659909,6.9917179363005815,7.649968682391401,4.315747891072413,7.462974719280542,6.456066175340316,7.203721951974261,6.050202989793645,7.328492270979428,5.769970081491065,3.289949460396589,5.343547484543446,4.69699254269957,5.760485718361442,8.812083102793519,7.3728719570031815,3.4457763131276558,4.388795864171631,6.863543735441073,4.657603322684096,6.837754484040611,2.581095721812168,2.6593520116562757,7.45953767814836,5.944283662647961,6.00022094808061,8.879283088190432,7.619852630193356,6.670222095962719,7.5492540228133445,5.368682469516826,3.5733605510239372,4.990458830312654,4.9866478679934465,7.133726302874934,8.571046323942728,8.649541006373092,9.599843657380562,3.860833579666962,7.688527037289585,6.997968729942245,10.432691273531715,7.3954128328507105,4.858103791924717,5.69146502485683,4.893937086211623,7.461719166656362,5.069631820765428,6.493530578735035,5.683358408500887,9.639722781201348,7.25912273511846,5.866159445491094,6.3962591509488815,5.648396707853018,6.391706856814312,5.305601570608569,5.743853128775311,6.886098330403987,7.255575097074354,5.357716700107111,8.33004236189997,7.782781599899491,3.7162659195235617,6.979199619246889,8.011688197608958,3.4688202160685213,5.258129778945492,4.4910606303447596,3.23065245818782,6.334626276839467,6.379544560678398,4.877217321519622,6.869127679824533,10.252631366474048,5.68723093515172,6.0613746521321055,5.8229386542028045,7.4393721171865055,4.749298286498577,9.061471346907538,7.297414922735004,4.676564628367893,4.808030261848486,6.1994272860266,7.558678365890001,7.166312275782233,7.249620360798756,7.767397465119313,5.844135036933335,6.071293748902461,6.753390940142753,4.751813177909931,5.422164008124234,3.8763478386681993,7.86061477001282,7.160975670557743,5.758393060641896,5.769171294059351,4.234058622564883,4.6020855787018915,5.823155558979966,6.580606493276024,7.193375525797629,4.564903805992905,4.424683970378739,6.3658570773820164,5.526612252132155,8.166269427812255
BGR,8.6889164787064,3.5348302800380416,5.33157699002138,5.036350406960777,3.3962182837796515,4.408640499903525,2.9790636965814334,5.020777780887718,3.2745959975112493,8.442000733265717,8.379573626680438,6.629833959853651,0.0,3.833461855395372,4.496241652355926,2.6885410005056496,2.660271978794114,4.486394844873033,4.84514942051389,4.901437977090318,6.401358821362321,4.842413239053482,5.356144296391577,10.29651523363395,4.26962519864915,4.24909131361658,4.247113798646443,5.255757614750269,7.459109559384814,7.509545421962035,8.997694818976894,7.6658118807142115,4.816925573763029,7.934978254888044,4.426840239087058,3.7277731750730183,3.753658512235529,2.6751785617564123,3.478645025612718,6.734306688614311,3.1548600800883757,3.8795066235815683,5.6425181176283195,4.679322721569129,5.816259932205314,3.9391923290170188,2.717810454612415,9.386069225487429,3.1058551639499674,3.984038399780655,3.574361502767255,6.573692776732414,3.747410139391979,2.5913138051880846,6.782621814925727,8.370119790631845,7.351372244981259,8.042450608703659,8.834812199256994,3.402423860753049,5.202621164550707,5.103539151121865,1.8049048599354158,7.497947789789938,1.76971580483761,5.722156697493768,6.449072457671275,4.294628820464296,5.264575522795345,6.517737416517598,5.148071541919216,4.5153271986221535,3.3882459191891345,4.557768391739586,4.593077196303886,6.868887095954137,5.113718960655067,8.00721890840732,3.850515395327934,6.239573633691865,4.630759369713521,7.723968356402733,5.257119166152214,7.540142430276168,1.906471189578371,5.9587806788298625,2.075802754177405,4.465161786219481,2.991183224280813,8.160273205687638,5.918058789454635,4.177030514578546,2.9425370118409946,9.373074212834204,6.754240487994434,3.0161354456464857,4.87995655667028,8.781707945951025,7.756007376781556,3.156274588768108,8.24264857729971,4.070262515202648,7.275432905695958,10.844743546975153,5.2642141389579065,3.7713534143512746,3.9132343248643764,6.17352076585895,3.8485839583278048,5.040997309262871,7.451245269933963,4.005170705248826,4.735458377408242,4.857616525950488,2.3537661314265246,2.487092672548301,5.086706607077799,6.035811507775302,8.138234464827976,1.8885767554388033,3.5194738856769887,9.23631305450345,4.3469478852362755,7.422466527358277,4.968450872037994,8.540268474014649,8.695353771142095,3.307637965577365,2.092138175880903,6.817283824816835,2.6057054904608865,3.1806242303660617,3.724646777706431,6.38920651612524,7.86635582582415,10.758202476026822,7.491663312392295,4.193582746578217,6.647847396059141,8.355156796861714,5.260960839508924,4.0810273151661045,4.620822837523218,8.939132840982086,9.150955294774514,2.4011640299593227,3.5169281045457463,5.0369793611864315,5.215796411027203,5.360551474741504,5.581736621408586,7.6045893262415625,10.754509684834765
BHR,10.115710484684636,5.910265761609469,3.769668522692732,6.623081637966534,5.923312196179696,4.907846257622512,3.8596329887454366,5.560211203261321,4.218532790282242,10.171067617031744,10.316969739733587,8.654713986844337,3.833461855395372,0.0,5.67197202461971,5.261631499837904,4.0787287619250625,6.8263978097913744,6.363442387993708,6.888619410386124,5.057594736776941,6.26575022787068,6.967008540408447,12.176668936603477,4.9043035399244195,4.626939503166921,5.266460229095231,6.6454821381735645,9.29270285423161,9.264959006382826,10.670241655550583,8.869814461419516,6.633705761534502,10.219716517759819,6.833564930380839,5.783117693765962,5.458563714914307,3.310919891432603,4.202702253178868,8.700499813513911,4.050868379568232,5.489990641618788,7.010125334677327,6.154705816129972,7.6320194369248,5.575879788266238,3.910985686440201,11.328773871888316,4.252795337273981,6.184312059525074,5.379995687166012,7.380722711151288,4.935220996321316,5.5318348354317655,8.593131364301282,10.196190810357972,9.325131029121705,10.072445615675747,8.920332477351659,5.6979100999117,7.145502743947078,7.145897718664907,4.466138223689657,9.603499348880808,3.9059417332635733,7.248216597425673,8.709113431026516,4.498797126984076,6.684528810396628,7.1815099408085095,5.439365728150055,5.306078182568562,5.243254635975867,4.824109762319966,5.445914950488703,9.40341363714369,7.163892769937533,8.91048106979708,3.8446012194021604,4.7312361653421195,6.388352402465912,8.009184656195956,7.327026848933189,9.330859722519929,4.013979271128977,6.179808957522067,4.411581392770335,6.412081893035924,5.454611100889177,10.235821355036608,7.32565082018461,5.328647148684963,5.241864816904048,11.070922367285897,7.333451222015786,5.418995940291649,5.991014359615023,10.699734426758358,9.399958616875516,5.423870873732656,10.631528992253743,4.6710586175816315,8.92854515754303,12.163989804193116,7.271468417815965,4.6718620966730695,3.9374485271171715,8.760742220836017,4.951806382937242,3.7450883861384434,9.671851738933633,5.341688023018795,6.068402985197035,6.850947685408179,3.9742386922279374,4.665762091498966,6.437224809183229,7.910841222997321,5.864370079198185,4.485522342192892,4.696038251643469,11.38269683046833,3.8284023311884443,9.041427505957737,4.49144164526195,10.156845198812224,10.667563634118482,5.470652527241966,4.5797808232183765,9.184385797002228,4.071524263819857,4.136646170080212,4.804890570602723,8.557275071699301,9.84368850818838,12.015355691197774,9.420802432234835,5.34343381156873,8.642328860628153,10.282074009403933,7.3439493762715,6.367096416483383,6.2230012578360006,10.540729895037508,10.912467411000279,5.2726582514177895,5.540398972202587,5.966992417783049,7.036632314617276,6.700389698459383,7.386062449332131,9.241586308048209,12.32861183319815
BHS,8.672428901860913,5.506703285717966,6.087608398540724,4.983148324955378,5.146571490815583,4.5296751184022686,4.134924354554078,6.169483931005479,4.136592122244473,9.011903853776507,9.3367103532089,8.001749288643905,4.496241652355926,5.67197202461971,0.0,4.748955950692311,5.117133584301791,4.390942287789682,5.474501766859003,5.121004029666898,7.2139200990584245,6.119157295490939,5.4545227555154865,10.523711424507972,4.394912248230152,4.186169476046217,4.202616987505363,7.226339637270596,7.922360781486215,7.746769964187349,9.43705997901493,8.077000115665525,5.081139536418728,7.632037724960173,4.755790513912462,3.5431340815241357,3.5973901256605374,5.032503269218519,4.807103210519425,6.407018764189464,3.918778881192786,4.2897030843726744,6.111486566094559,4.991162721440242,6.695945629694048,4.304960169952254,3.977106814321013,10.325652803516164,4.172454808837093,4.693930331883433,4.333407778079283,6.609131680110024,4.12436840812334,4.232986502119821,7.9136346184389,9.305476444319345,7.498380863275367,8.49747912931844,8.299381702661854,3.7810947788034808,5.843306955661574,5.870919661419474,4.247962135930116,7.2647007022802494,4.884521615465015,7.268676073299919,7.778072485812871,5.468489893796944,5.711671854083759,7.482007225589637,4.305114778075409,4.3705147043675545,4.5146127053023015,5.45494007071125,5.236928760729143,7.473143781042806,5.9133411941914495,9.404630358020176,5.289421813099427,6.546505552090237,4.550576471339214,7.324979646322665,6.1410308051717735,7.647952714238245,4.237069185447754,5.034236185347813,3.6189417578535497,5.541594470690693,5.468285174281599,8.917591028714682,5.255096923469585,5.070941966824765,4.575393876632229,9.930223297777633,5.09614580517454,3.7569990398363684,6.206111946192839,9.569527245774335,8.118944645863001,3.679764462673399,8.896487996421996,5.538801766183446,6.673625323876846,11.50994633899471,5.845453586479027,4.524374160346027,4.689613109788218,6.8235142944319325,3.817359127488239,6.297087093307962,8.029448732521795,4.041919365800366,5.403615068074566,6.406394653928197,5.085637255243584,3.933483883334114,5.3524074591185995,5.224950425502948,8.508557130754717,4.929209936251264,5.330260913597458,9.588037664072644,6.113294087160938,7.910574125682297,5.193070077643189,8.935627577337993,9.021702047371512,4.767067043810028,4.705369236077034,5.65932620484183,4.536302236917354,4.719008068374077,4.302821926451067,7.0576344750887205,7.615079054092743,11.39026399321133,8.086308653365386,6.233889547839758,7.758085916484137,10.32404841118238,6.181579393498313,4.7055479672859475,5.064031594901026,9.720048281407513,9.65294290267224,4.982190429847001,3.5190104950185037,5.123230810111728,6.801709671145371,7.553424428358155,4.940000362531101,7.807035266620686,10.719064670993546
BIH,8.13963359946333,2.393014601916424,5.858597075039399,4.961919480937199,2.4068115941807693,4.6903105840259744,3.469763813384327,4.524046459303859,4.1734538079528125,8.482107495471482,7.898011068774452,6.3518965819312765,2.6885410005056496,5.261631499837904,4.748955950692311,0.0,3.1790417962687347,3.8611842560820433,4.788280159594377,4.608305670593304,5.922639749768681,4.234391032301391,4.715657214332935,10.05953926701636,4.562231394990875,4.895071662183842,4.110381170646952,5.089600623479858,7.4928944196870155,7.347156714241282,8.68415530298431,6.935881640786472,4.311659032989022,7.519180357184092,4.055700346500352,3.379387242061581,4.092307449996146,3.8777357842806173,4.417389789804059,6.533820252191407,3.900385378121907,4.032648234384143,4.8148093498531885,4.4532701358092375,5.422927625986614,3.6542378483706983,3.331756308189343,8.954848996365188,3.0939990767279895,3.804742188627056,3.8879186022274097,6.013012356942328,4.6462830056990425,2.249406676039981,6.866968197281581,7.907164413645449,7.240268399748294,7.764458609584502,8.354203636614091,3.008955938014838,5.367131920434677,4.817473303984226,1.8791504979589173,6.926619218985284,3.0330514604189713,5.577526746696076,5.96780439619005,4.723475118994864,4.761649528240472,5.7416829987616005,5.452937751659668,5.134210848314375,3.295029500213075,5.354531346502572,4.671521762260244,6.595700714805845,4.602306576922679,8.227230924852444,4.31089963005648,6.518947431841142,5.062684150352845,7.123688657472519,4.719585865413089,6.676306760306885,2.602886638652864,6.64773685950055,2.625083317010855,3.710116361443357,3.607702695071385,7.911762064410285,5.557744755836555,4.691586537702823,1.6605492259379577,8.901927533385987,7.2052955380888175,2.310416896878989,4.4554555532962965,8.30932715805379,7.162707557743795,2.9994227828949676,7.666511816262573,4.424860814548649,6.374212211053835,10.529178065744418,4.924933914645812,4.773728447175887,4.262771292636248,5.807984609461682,4.176327315091347,5.276589791712434,7.108074174144461,4.151504949976087,4.920613516824086,5.1857171240424105,3.2149605269131603,2.6680222080404072,4.557418473565929,5.226772363063166,8.573386060410233,2.635125528914019,3.8913561298997568,8.387356765243549,4.4102122960805685,7.168579844916241,6.100908770686043,8.175046014805844,8.484889426321852,3.4966439330558505,1.3293985617179966,6.836487085726161,2.8804172820073197,3.3473296231796548,4.066952254498322,5.150127164426552,7.1613292554443895,10.464393990146029,7.386458479082715,4.754693454168517,5.848496935295013,8.194109213035494,5.022688096978265,3.1505275504857133,4.266150774264687,8.70989949916018,8.75966693563238,2.3503434889596075,3.594528811084021,5.788002075303482,4.8134885553351685,5.436154799155502,4.898767047413126,7.3373838168002585,10.474637471215344
BLR,7.844749276324143,3.633110992613356,4.606497241283306,4.262582957143618,3.7699193273693603,3.8716956057424654,2.7346179260046704,3.681219484442421,3.540654893563961,8.494214672731207,8.368887515539855,6.6973894257305115,2.660271978794114,4.0787287619250625,5.117133584301791,3.1790417962687347,0.0,5.053533251622982,4.407235339579841,4.913850731045036,5.668573008408857,4.453435864858933,5.505939207453284,10.365020975801198,3.7763291898747102,4.020028913101563,3.2275113264449113,4.834004863402703,7.495234607023035,7.290332425225933,8.60157022192293,7.098749600595863,4.282833616642249,8.149532450247218,5.501705554364871,3.943370070792032,4.371117302380977,2.1263413076238624,3.2185274195194307,7.552358057490186,3.219074933358634,4.053217545609997,4.8402209826633715,4.133768256620539,5.287636029037503,3.8680033061039176,2.638219167651345,9.101646410298871,2.7148437181816734,4.260070563349393,4.060315970927536,5.754473193128387,3.988849492675546,3.205530758359671,6.490994381248535,8.02130193319343,7.466575660118349,8.118071344014092,8.084959504684566,4.129087065356822,5.33761048247389,4.770599216927203,2.8094573575429376,7.262117237941233,1.9035239231129852,5.128528487200943,6.2883395548719045,3.558041192667198,3.931042459607446,5.963312809095495,4.472100450669159,4.506139215320582,3.6920890895222254,4.456455233945749,3.829232584514241,7.091651596187691,4.46675517746739,7.460225984518841,3.154097848415536,5.174808190021047,5.927647986797592,6.739198833385709,4.904397524532876,7.258969201480657,2.3214590100707166,6.123754055543724,2.5416166702974814,4.041801906929331,3.7061514467017833,8.021280786876485,6.051004374209673,3.492328558124277,3.0886524610968147,9.03431128564136,6.536713005028005,3.588598191332068,3.827954716277958,8.376756152279292,7.226717135658254,4.219594278571662,8.278004863223194,2.8578224895334805,6.867542763789903,10.77007336292332,4.548537487464918,3.7739405542180107,3.2867628074193402,6.48213461296828,3.4106789671439848,4.459263378209299,7.431628608114512,4.064110089532935,4.0309696065205625,4.8947776866928505,2.2208488888118443,3.147837884373262,4.038206974492145,5.645855841861818,7.367028089538685,2.4130340173310327,2.842057714252246,9.118456062861373,3.848737376911897,7.132662067475791,4.829060764570061,8.1408251608592,8.659966592574676,3.6091728044940363,2.2804012527994324,7.663765959948204,2.4152324079654552,2.578848621576648,3.44437595460044,6.5052305776094235,7.063227884745568,10.460443655819983,7.583121525087582,3.5331589819933873,6.104963078432265,9.069931071484136,5.515038036773823,3.77321972791257,3.726099983217093,8.50944699289519,8.757943011542022,2.3470697711576025,3.700143902883306,5.470612547157575,4.136794814735002,4.651916768289461,5.459141303911416,7.30369617370729,9.877956661306136
BLZ,7.103272620177412,4.428083812354159,6.723487918277247,6.029510702086499,3.945743877760281,5.621191362402688,4.686242759038199,5.406533649949199,5.017019118970471,6.358333117208258,6.205585757915074,6.318875088928252,4.486394844873033,6.8263978097913744,4.390942287789682,3.8611842560820433,5.053533251622982,0.0,4.107948281654039,5.342400105492372,6.752251474005874,4.061526126322268,3.885299430085062,8.494726812789136,5.469945385996275,5.397866977858483,4.768714397672885,6.59584490435702,5.699332321160724,5.577524597247576,7.093580582734961,5.999884524980687,4.555823775982849,5.099114988119752,2.6095943717750445,3.3719878282543996,3.8454621739923986,5.1739223032261235,5.829330390733314,4.534949441331369,4.790720569779668,4.127171898010715,4.963290600950616,3.970653583014003,5.808065554000129,4.928256434382234,4.2742767430541155,7.8078732463962774,4.666337163662059,2.650513166667844,4.940942385140066,5.61427432150199,5.4525436106787675,3.3517644134777584,5.903041281163944,6.492100469825037,5.158493961169305,5.481525679341203,7.002305409472039,4.1763379317746985,4.176499274354689,3.4837879126880975,3.933660203401972,5.802177052607086,4.547848175976175,6.148046627835415,6.092350741666031,5.457603067274088,5.980300368556091,5.940415150620004,5.1352320066945305,5.057519304723707,5.02863898269011,6.7542133294681195,5.334461220494901,5.124832152318945,3.8694327539495954,7.538282716050787,6.05906825887974,6.9082891879642645,6.205531660605122,7.2193790559811,4.859612441094756,5.355007604785568,4.207511289602663,6.202907658476093,3.9586937445861743,3.9061212997019483,4.466191191516591,6.0912222212599225,3.397694537729867,5.265598325534828,3.7972935709415148,7.145720826329177,5.738517949187426,3.165786886371962,4.942169409933745,6.579135716940308,5.51692958449062,2.6944704340404027,5.758335679092329,5.134863655823547,4.4746678774421325,8.538160153867135,3.91002148911256,5.3333955597960205,5.331061423828217,4.88200011778433,4.501148460759723,6.286263288265901,6.212989747167762,3.460983263986201,4.691136962672204,4.745097927555037,5.0733037532917535,3.8861580164903393,4.34515539124881,4.231679584852203,8.76205743657913,4.507244110263881,5.775325606959097,6.783205447900578,6.403819988674685,5.365421013583326,6.478903654181988,5.857794073544324,6.744685572251414,3.3280593478841642,4.0235391083296514,4.122134288933308,4.338239805200397,4.354164924878108,4.87375232430481,4.307836977746265,5.8552134327728504,8.684927420159708,5.290273623725698,5.364039043268761,5.3616716921719565,7.406499707265308,3.902438786711991,3.5451225364863808,5.210491998551105,7.368061285886125,7.156432144296207,4.602589779689611,4.179460048707635,6.738622965869651,5.3489284787223355,5.880179665474242,4.836407349610305,5.720583150967154,10.192000263854498
BOL,5.1192184828053815,4.714302294798617,5.96009465061736,4.5489792856810345,4.6112356448871035,4.749223828437162,4.744257121765972,3.459572786245069,5.565468769082821,5.228065197355903,5.11899896442297,4.54791728920299,4.84514942051389,6.363442387993708,5.474501766859003,4.788280159594377,4.407235339579841,4.107948281654039,0.0,3.953999404685216,6.1948642282407675,3.9493627218444756,3.8583212386993453,7.37184966415126,4.827462529655074,5.266373458024591,3.5300212473691004,4.43420110230514,3.999323649860531,3.510336906695672,5.058083444357619,4.366872443471466,2.798308363862843,5.3897036169331365,5.0234854942103535,3.8649418069209127,5.815717050557732,4.774021425092505,4.9354315962893756,6.583163854155156,5.082979868208942,2.8529549585586182,2.684241359965606,1.8904489184856796,3.8170395815045257,4.97704625438905,5.1126996999394105,6.174488524740543,4.789373217474866,3.4420013832061294,4.920497490709069,3.9364773359183203,4.982922892040284,4.299989713973496,4.008271128991416,5.278236038935055,4.530077750290915,4.930888817748544,5.462890447071903,5.269555329685713,2.6010783773808375,2.5119981449276803,4.851911363094469,4.702875013727807,4.749972630663414,3.2521893361169654,4.109418782159975,5.68646764746105,4.133270079819589,3.9915149009649546,5.569802788024264,4.6486426738669575,4.805291036397541,5.359225558366941,3.9006597914442027,3.9156429255691805,3.3081432472248986,6.056115138303881,5.065401393811459,5.581359900326945,6.702768491316947,6.159596289674461,3.6808720223196656,5.348253424212318,4.929018407408088,7.843630191008194,4.887600501614584,2.9664050850279704,4.530521173911402,4.8374204769187985,5.623660934075903,3.0675292989655643,4.944510300228315,5.759846533828574,7.03587745535437,5.043145778831869,4.02539809641483,5.531041639995383,4.501102497075822,4.644850253458476,5.188824970185346,3.7246477110105802,4.2443380577950105,7.206670514715782,2.8362500050160135,5.612058178853691,4.820595587870191,4.505029089937868,4.141565693025326,4.865675072889527,4.320400628359562,3.0003070501278364,1.7948396206920159,2.630788951187183,4.562044656245115,4.536034972764272,2.4144167913535535,4.188815910139397,7.417654131472965,4.168525467655213,4.025474601556295,6.35178018770029,4.904318050436218,3.9629718132025977,6.835975281750421,5.5811676617173855,5.554337009114543,2.460355238953561,4.43102951365529,5.976676745293426,4.865836915770236,4.929844799441801,4.944328664229601,4.780198590435249,4.726847398438654,6.996573227166709,4.11735444682515,3.8589129086285534,4.0381566054299745,7.902008384127384,5.1957894324523775,3.6535118989034356,3.8210182793046044,5.225765130932104,5.4242213247718745,4.2546322869198585,4.194885477286959,5.647419295839626,3.641690255820954,4.674638096050668,4.1109079759991305,4.060616421443998,8.668209165518185
BRA,6.893911861732697,4.9898826697627605,6.819460263928999,2.9862931357943236,4.8783596946373695,3.8192876139414733,4.587406330113929,5.391945447290543,4.971196613361814,7.747097869433023,7.451844775501415,5.738467267786463,4.901437977090318,6.888619410386124,5.121004029666898,4.608305670593304,4.913850731045036,5.342400105492372,3.953999404685216,0.0,7.5913707746957515,5.639106104747828,5.098403352056803,9.699282533299677,4.031437858745982,5.294655102554544,3.0455751887258034,3.7263671263113127,6.29381890242389,6.056282374132269,7.508589020183872,7.019338096501845,2.047686738650744,7.244241115378108,5.213998210423637,3.027791250026288,5.5627261364849225,5.279412766444718,4.23669020020569,7.166444409836113,4.600915721447799,3.4273945864301973,3.4398279608613267,3.341799986637821,4.720340751574216,3.067924833527859,5.449865005568372,7.964327980000077,4.335676021035155,5.21602358316002,3.1594289090578536,5.952827757873471,3.7390555331623725,4.652446706952583,6.463357743901941,7.635371991117872,6.65140912627232,7.298627161700071,8.025991939690874,3.7386279460077323,4.318657394052364,4.71397707653273,4.628160299955923,6.027129472490018,5.021330568575307,4.639709930340069,4.615141349699514,6.393937158140751,3.5978790063139585,5.508584824105177,5.798146028825843,4.303351926277795,3.1778500639963934,4.09453220659314,4.906772373528995,5.538419036500843,5.239745479896731,8.528966734534444,4.621258016643257,6.344084030269645,5.350849699694842,6.562840753033743,5.024740911253262,7.1507580722687765,5.205344232436626,7.725768404842522,4.892317081790261,3.2585002858094145,5.665263544638037,7.213337360113582,6.40093314945391,3.4856965387607466,5.090462330522622,8.196230239536014,7.2392369011714575,5.0287650888896485,5.8512307483633474,7.83109042811566,6.896921629451163,5.237187825096521,7.031347398094108,4.856225693040008,6.0023721175482265,9.850761405618139,4.954380956288073,5.029788290677563,4.775980349283993,4.980627183410804,3.8748157267856187,6.199883523881108,5.423276292219061,4.325219128714329,3.41488304346398,4.511824400816056,4.615100837780091,3.835694957745431,4.32859767307278,4.171430261992797,8.829546627987272,4.266716919887282,3.5038434699529337,7.9226527450425275,5.004649858303386,6.25008094161282,6.953545464873247,8.204242720275909,7.715601742907911,3.7664284065868934,4.444718707533212,6.574719674213008,5.321399345734721,5.627434160051571,4.180191988024014,6.514065482325777,5.554815594980241,9.93251672333006,6.851998656701748,4.972025089663957,6.35673304151112,9.163698763578404,7.013896990466243,3.3945443999681006,2.626844367851606,7.749377902920649,7.830971927771191,3.5978432853041484,3.003846387240758,3.98034501043938,5.042000055166915,6.372220762967255,3.7322154014583546,6.48568744654974,9.832910673884975
BRN,9.253902801868131,6.5926919195694245,4.077405993736338,7.987308138086439,6.335364257959285,6.055420895529471,5.3077002873792045,4.872691165750333,6.057370918892123,9.814726455566808,9.35385624413727,8.964038065789296,6.401358821362321,5.057594736776941,7.2139200990584245,5.922639749768681,5.668573008408857,6.752251474005874,6.1948642282407675,7.5913707746957515,0.0,5.986535580685629,6.037447624970803,11.666204385471387,5.946629815497069,6.1382066745995285,5.872425936661477,7.072869559183937,9.123995090715459,8.812650434069203,9.853310339984825,7.171401569491496,6.772320893152719,10.205308462326952,7.335438606080695,6.572080579974247,6.7690666620738575,5.38540735945603,6.136084054418034,8.68458658780161,5.6469152489828325,6.396729672069786,6.249321190173604,6.282765587035263,7.9384558075796265,6.508407909247449,5.555629295264018,10.902431271675846,5.327983059530506,6.4377196491268265,6.722212868876399,6.176675077738331,6.8906567619555235,6.583417665573945,8.7565945992586,9.394738493726365,9.417880967274986,9.607302528187107,6.422653872632571,6.771323726387123,7.763229344121149,7.168503147492906,5.928465393803659,9.755241845968182,5.791558237455403,7.393622536273778,8.75705116600392,5.46232415310801,7.406992446372012,4.946641593149549,6.287270652724472,6.491100310836681,6.528942644891765,6.860558599561423,6.212654708417055,9.438345890001504,7.103471214961999,9.097940795262515,5.216966393626969,4.332255886632974,8.892266913608497,7.218832512459405,7.740295569143734,8.157237247491091,5.634521032046772,7.547924078404916,6.1989363728076885,6.28550564778347,7.143309170326999,9.907822942385792,7.079388889021193,6.587580085061115,5.817235529203381,10.062204507880747,8.004689073407578,6.158967647499976,5.741663894939606,9.819799266312971,8.454936629844454,6.289357610084788,10.084932980728764,5.2071689352405715,7.544585038177631,10.738693758190486,7.438066175479881,6.530849281801525,4.772575593292961,9.160413623759892,6.1348363519620825,3.3105464518137944,9.777824399036517,5.902889464875584,6.504340204204765,7.353178907707531,5.727936700380997,6.157775256866897,6.250304559316566,7.554649810784407,4.405565576453979,6.231127895374947,5.941329954990518,10.408656287700389,4.056991797201036,8.542621524636168,6.57004397207054,9.370317629986122,10.567623714797003,6.273428777885677,5.493622182481454,10.078477555791316,5.269280661305419,5.092703371532138,5.87388911833408,7.276646397486578,9.35784873885322,10.64589611360134,9.064619610134441,6.40680064315891,7.9476605619434775,9.768140817760496,7.974563718795172,6.614416308074517,6.830451689362152,10.015225641462068,10.218006016652538,6.63983102577,6.965447005467931,7.865869578162344,7.1331656947173165,7.033259806698119,7.221483936308047,8.684539624074674,13.063984601582598
BTN,7.048719867911819,4.207240884842052,6.513893874438477,5.967348883174903,4.261273310145288,5.859637192948353,5.049624054021107,3.752921125997598,5.992052018952431,6.27174073513139,5.969846105475679,5.3224467833808315,4.842413239053482,6.26575022787068,6.119157295490939,4.234391032301391,4.453435864858933,4.061526126322268,3.9493627218444756,5.639106104747828,5.986535580685629,0.0,5.232367897400654,8.53525958912416,5.949346166803096,6.001116723838015,4.867453555629751,5.277163805506955,5.502187956971302,5.621244375953296,7.21298789909761,6.363450739388353,4.46900171881324,6.14817797036312,4.555091086475577,4.365095682695674,5.640617711586303,4.927518867023423,6.036901050889354,6.768203917014902,5.593430198543424,3.952914449422839,4.571551861882048,3.9072756127469432,4.910669982004093,5.761130297989193,4.920999538919048,6.8583104729167434,5.10174677546072,3.8857623468167803,5.985540062025773,5.552517761170876,6.183202623884201,4.309530796545657,5.18850572712208,5.764581650651741,5.548639531481287,5.594866540505064,7.400333792404151,5.835901031121374,3.835821994181288,3.7947201122964915,4.515229767367754,6.17095494770836,4.492621912711876,4.696768199844244,5.4929421204458055,5.410308009034864,5.453377156399527,5.419257477297057,5.922233222321309,6.013520911808683,5.7171867820609,6.691874040942634,4.820819148497664,5.634110111873317,3.7537883986470324,5.7346882341237135,5.728705823740438,5.990410405373947,7.607690912600646,7.755693442865572,4.594329146812062,6.000345123654907,4.676178190848596,7.854687761947974,4.916362215345569,3.4932069993728527,3.6442206710614498,5.954671371457804,4.84558151240442,4.833518583674188,4.343775752734297,6.630317042037226,7.255900590871186,4.8974976231553216,4.341284431093907,6.518997137337698,5.667457706214007,4.209052601816823,6.049188862572392,4.34332458414371,5.663191884884969,8.201586622342342,4.527475589573357,6.063774993826443,5.405875502219072,5.344047253868555,5.005398064278752,5.658748212683546,5.93002296726052,4.370748565552125,4.310763069944661,4.1055082108500045,4.77435297990685,4.624689160239884,3.6477463987736796,5.670366556596122,8.083835780168606,4.114045690777592,5.231549828636196,6.6948994861534725,5.765815364113317,4.949206637938795,7.2146808106222045,5.729584849206567,6.5183994903306335,3.2782194235464486,4.1608238052623445,6.715671109568032,4.68610529859751,4.546706798573316,5.597635823195624,4.725311362357329,6.284589305608857,8.09077580256216,5.406284917308945,3.813734407438696,4.691727290859698,6.563502828745377,4.7081107913202525,4.058524646699595,5.104626460320312,6.65191650343387,6.738591831268414,4.477766019966622,4.816676945868669,7.231252233361703,4.069781916967079,4.081609504913511,6.162800234303538,5.99410832407237,9.535128205583757
BWA,5.6962742235367685,5.785165048107668,6.811551635520585,5.739863429515205,4.953011130705959,5.563761166886663,5.174309594117887,5.285209455459996,5.450051087854433,7.11757159533408,5.985113786505531,6.85721053495506,5.356144296391577,6.967008540408447,5.4545227555154865,4.715657214332935,5.505939207453284,3.885299430085062,3.8583212386993453,5.098403352056803,6.037447624970803,5.232367897400654,0.0,8.4476803708912,5.388261228964579,5.999642229784957,4.87661582938338,6.27038917574489,5.991975936252314,5.508861924438081,6.163795488859669,4.451724515902689,4.447783601622717,6.965962087914617,4.451010194657727,4.396983719074835,5.762948820818799,5.604971910890735,5.823243302193357,4.815943434062233,5.210411235549162,4.4764831093654065,4.142248575653899,4.5401862552961125,5.978727115674254,5.305335374356224,5.3078285701843955,8.127598102648566,5.088083728971249,4.057192151554922,5.220398930100897,4.199247587665838,5.834380800768852,4.70086580531827,6.213421554293344,6.305257829195203,6.123366694290257,6.203370671483839,5.245580570176365,5.184859074589567,5.227072779003566,4.063208822648048,5.0662955198127895,6.001991640213594,5.3322614179744345,6.144703756394233,6.258806004237066,6.001112745149819,5.526143861513964,4.56599348754891,5.897888245079695,5.319538898588165,5.412578171349899,6.704693586860908,5.507520744084541,5.762357473743517,4.651988205911063,8.403014483131885,6.198109500269168,6.050751872338715,6.9507703983061635,5.1515331028321185,5.941641251979852,3.828452300890882,5.157004432245675,7.358480649020556,5.124819025547063,4.282201009369374,6.0410111309122465,6.361545223011515,5.961473289979162,5.2402128587358945,4.990423802225629,7.290351975454749,6.956866755474541,4.7025280875907205,4.7178919286408725,6.339547986419706,5.177804357488034,4.9030378599202145,6.04404415443283,5.448049797177854,3.1396720748320193,8.995915315113345,4.492002270378757,5.843521224200545,5.49953790718724,6.152143408009533,5.242719620465154,5.758137745306187,6.491247263167132,3.929504237086103,4.6538841257599834,5.058928361179467,5.520909425817997,5.153050725039953,4.557291091721625,4.140145195697692,8.535851773888087,5.195316746777516,5.448666282831337,6.965726436507492,5.578947381002024,5.664161390544489,7.236983993896408,6.784162761674104,7.431412330909265,4.117760172178617,4.668975186281117,6.088228302726342,4.863433562205337,5.239718323120209,5.025524341108621,3.4148160229011513,6.018424464373863,8.91350180474603,5.915810709525226,6.017915271503041,5.830500243211696,7.544433448625666,6.127404300142983,3.8413594012886225,4.828303139032383,7.621517429539713,7.356298579295609,5.103260374014451,5.0481886524253525,6.890355028418285,5.553973642128688,6.622442907308351,3.214742916801561,4.653026288260004,9.944317821976393
CAF,6.540746355774318,9.577819379410924,12.270364777304327,10.160025759064304,9.42434795862337,11.606818129837453,11.385908361178556,8.8935987413433,11.88950234602612,4.814441306612937,4.960842607644042,7.30813126012836,10.29651523363395,12.176668936603477,10.523711424507972,10.05953926701636,10.365020975801198,8.494726812789136,7.37184966415126,9.699282533299677,11.666204385471387,8.53525958912416,8.4476803708912,0.0,11.64865108628127,11.723648929318118,10.31567684178379,10.164993009629539,5.050173529465253,5.038097108079263,5.489081600904016,6.441350218333615,9.016912012115146,5.746846595995371,9.173055832538527,9.915872964043984,11.499711474047965,11.195294160468379,11.709976805831948,8.67187137981026,11.646623976020663,8.398784403224386,8.374046275011526,8.686315581053556,7.875219902740021,11.422268083796402,11.222239352115867,5.794663578381261,11.484216223350836,7.982618401279599,11.38248129887627,7.650874211247191,11.567371827714263,9.354404101099282,5.6236169496593975,4.674096330301614,5.11505719841712,5.040934183618935,8.657902061786613,11.170537350955435,7.232987604065124,7.186329392522329,10.70027140960322,5.65196873845101,10.676071089674357,7.783714941850693,7.413261259011442,11.519636822686797,9.694231817690277,8.764621054012906,11.950310096703689,11.27634336524059,11.277929443188238,12.238402431913455,9.436114865243695,5.634865699813829,7.840796102024439,7.833531326382333,11.874168679450412,11.861003871867558,11.340140159543603,10.96032627936674,8.621932522829916,7.001439785942915,10.802167222555331,13.297416415232107,10.69699944902679,8.312645856777529,9.082947751288307,5.148493653308675,10.365943835944483,9.185088281606557,10.06738029231614,4.677234489065926,12.364268382380311,10.436272403647592,8.469304149184543,5.452847094962073,5.911573504536478,9.6709365065557,5.804047535256184,9.882837237074899,7.235542733738187,6.200808863381908,7.6287966792643305,11.947607780863983,11.81167657751247,6.611024242967277,10.905704896367048,11.21788106924569,5.981793018042262,9.118329987747748,8.535748457801786,7.580304663331781,10.841243609205858,10.726217853483996,8.042280278478653,8.911692357522055,13.342256363251375,10.037723439250778,10.414946242413443,6.7005964145686505,11.250686600116724,5.971583043931238,12.745554246189954,7.4866738702355695,4.173885449498458,8.199361003467176,10.095916209372676,8.13682879949885,10.845948389107297,11.147092591592955,11.654989506929914,6.831570726711463,7.314104358948312,4.981491434685953,4.737725173099893,9.833608453169571,6.913707219778976,9.625753673298757,8.660563836134015,8.884993073014254,9.706516713987348,5.617876462739472,5.709163560318989,9.832347730487776,10.06438432753188,11.79122317751787,8.261974093377525,8.753765994283564,8.746538490553556,6.132391251488828,8.518863325205842
CAN,8.31007003290708,5.689301901840389,4.098552253720274,4.157688044440509,5.229091043680997,1.0430690783943026,2.097455250118185,5.064924164730112,2.4973871227419244,9.185431704255413,9.187627274063992,7.475279042439417,4.26962519864915,4.9043035399244195,4.394912248230152,4.562231394990875,3.7763291898747102,5.469945385996275,4.827462529655074,4.031437858745982,5.946629815497069,5.949346166803096,5.388261228964579,11.64865108628127,0.0,2.808047995835483,2.3113302720703506,4.5696384824896565,7.93900728260061,7.6968846535444255,9.006707798245477,7.9057199788580625,3.826850375785728,8.813299631723751,5.88998590382577,3.49843275449129,3.7282683518434374,2.9503869219888172,1.821126976049135,7.844665634480568,2.3950816240472217,4.283421353761431,4.7409978303440505,3.951189467968712,5.898701430734122,2.330816374431434,3.10275326751347,9.880136928029314,2.2067471578005633,5.540847160425548,2.321951004341342,6.427542249062701,1.9460425042398009,4.484824158235164,7.744902497475415,9.270642484452429,8.262260586845894,8.947738111110253,7.927690024853485,3.3395729208282874,5.687997663200928,5.577212306142446,3.819998671361476,8.10476066316028,3.6311123512878396,5.952591997854473,6.709729852707945,4.004885168741501,4.22166017763801,5.985528846179284,3.326005787005385,2.3049282312194066,2.7390630432476835,2.756197350083415,3.7563994631359985,7.561137474391716,5.463774932861197,8.818792827898124,2.409349124672685,4.275269156464502,6.071688242663809,6.413840815446466,5.651317931548214,8.02005544601494,3.6561197113330035,5.054761502016423,3.7396261940450253,4.70778368739191,5.765129478286492,8.788310289728607,5.43012776562986,3.6830577517957854,4.729435957791175,9.800875542035058,5.266397104849113,4.279553105398349,5.374890316308671,9.29327406438142,8.028085616717346,4.73519353752317,8.80054508703992,3.470263806770235,6.820220162629131,11.238333933320694,5.733952253084383,2.5417974487008763,2.1669553366380456,7.3412218966500475,1.9810019035283317,4.474439065198214,7.780766914475489,3.7210264188639015,4.1101142503906445,5.415248002637649,2.9934805401598945,3.0689622991242524,4.912505569086726,5.308561273234436,6.5680430015446785,3.874412744398682,2.8298387241063123,9.391999535109353,3.7213076872065827,7.608614457094097,4.394081557426399,8.757794058161254,9.604894030799844,4.726711519568709,3.8891343087027046,7.704146638681537,3.4790655007652522,3.348896249694374,2.1078847480171117,7.5049279787903265,7.342341137983525,11.275027229468643,8.326536379482617,4.369438890079836,7.306668738472317,9.910178171654271,7.185235773248129,4.410065487742709,3.5038679301618743,9.220718205409465,9.233795625915436,3.957092357358901,3.9019778876994615,3.092443045172778,5.515408149898393,6.209050473966296,4.514332051179174,7.610626191456949,11.145832493272888
CHE,8.67361026521045,5.589404270331372,3.545967432201254,5.345994685016705,5.098032797465832,3.275441243220104,2.2883251481955176,4.940150933396643,2.627568161747036,9.188347163911263,9.586823245970397,7.513523815540243,4.24909131361658,4.626939503166921,4.186169476046217,4.895071662183842,4.020028913101563,5.397866977858483,5.266373458024591,5.294655102554544,6.1382066745995285,6.001116723838015,5.999642229784957,11.723648929318118,2.808047995835483,0.0,3.135619625093655,5.736505713487004,8.092731450686436,7.958876596290437,9.37936147572014,7.970864479199053,4.708483787817627,8.842053764644712,5.636173235082467,3.5475675332140786,3.1629029233811092,3.1294188737746222,2.853167964296396,7.397447851054878,2.645006262630184,4.408710646687453,5.68640830031012,4.413221422419583,6.201433563041245,3.2676188009041964,2.9597191281862374,10.199227044594172,2.977283637571339,5.533914703192682,3.4171587067007327,6.46887526205605,2.7467076007396796,4.247122122347267,7.588676870074239,9.54670269407545,8.142761821244948,9.225762523727587,8.107143039709529,3.9293153311977487,5.765852847764687,5.534923077024681,3.9881779487932607,8.134738107381041,3.656655867340844,6.338379448006194,7.338942447638546,2.8945937419933805,5.438592657890391,6.522940528736276,3.8130643468276184,3.2821232815690937,3.5835787874119904,3.9368770866013847,4.1058944999665,8.025927626636276,5.680310449806328,8.107189229606796,3.1520994371083937,4.922877422713759,6.175223615051994,7.434489224677527,5.456371558180756,8.349728971741795,3.2743330344430808,4.180233363359615,3.6101964457252698,5.238261019970788,5.575693307752612,9.040892747250888,5.013628084906542,3.862813575615258,4.443676691677795,10.001332255153422,4.439594575716773,4.207617513454014,5.82612220390207,9.655092684744542,8.122650834578177,4.237153824425386,9.332171698690162,3.491616266386318,7.211860070384154,11.404694947557148,5.794784153753605,2.8109998441219464,2.859252629944412,7.456795120571204,3.067984274226562,4.780313808771369,8.307780084936908,3.21870527631808,4.490953610981079,5.52715661286266,3.525351813682469,3.172660068425232,4.791431150192101,5.722949947926926,6.52814014657907,4.229405991875681,4.285190216584247,9.489626797553552,4.8625586366723965,7.757590166616708,2.7147542336634207,8.866048002689627,9.66277364783368,4.636975054125567,4.248475445208194,7.550441194154464,3.3350052483203982,2.9454584035851497,2.7377122842182087,7.690449018645271,8.150802992220608,11.254568603911762,8.420274296834153,4.359138577232275,7.557327198570269,10.414125025872984,7.24173135856947,4.876405631589333,4.4772159040366155,9.363775795242445,9.33251213437624,4.735409818563268,4.291158030068972,4.4388119811906686,6.228500882139962,5.9594829613235305,5.670083985195997,7.845877215382973,11.307767754725981
CHL,6.843992325059535,4.539580140716417,4.530789894834378,3.0349649122284683,4.292641983530849,2.2155868921841546,2.753412395478272,3.815298561524539,3.4872934645035625,7.9875843015690915,8.021707005429501,6.219526905692553,4.247113798646443,5.266460229095231,4.202616987505363,4.110381170646952,3.2275113264449113,4.768714397672885,3.5300212473691004,3.0455751887258034,5.872425936661477,4.867453555629751,4.87661582938338,10.31567684178379,2.3113302720703506,3.135619625093655,0.0,4.154693902017926,6.721099616136927,6.3660770269847085,7.839474707660072,6.560944033292888,2.1783773535421993,7.5427863716483685,5.1711049505612765,2.4012020206564872,4.129420910275575,3.4557221191453915,2.936926783948969,7.167089105491658,3.0619805609053383,3.0295629631453322,3.28413986218123,2.520984410596423,4.613719043636436,2.3296674682369574,3.561115320151389,8.548873903171058,2.6955812872058655,4.7198088582527955,2.9712652803895327,4.962334205710187,2.90998251176303,3.8732468379075913,6.3179132508530405,7.895582240656359,6.80701830052582,7.705844012028766,7.109955021375328,3.427108490035922,4.433548008545982,4.187874822513138,3.8790600374380566,6.422709407350693,3.7311866783780676,4.673683004229298,5.599600010235785,4.083377262298209,2.9597722863538123,5.072320680202873,3.654717620606789,3.017794279938257,2.852549607173403,3.4495127424215717,3.342462745167451,6.431224592214445,4.427930450377027,7.67707343480432,2.9067357189812943,4.337658048800102,5.835726447012075,5.878338179047111,4.5151049818453375,7.147601140888627,3.7176944124145352,5.869657673315958,3.682779713912257,3.311462728734392,5.226578920351608,7.582021106376807,5.179442558324782,2.499918979032244,4.024527793214395,8.488007049859501,5.392576724829367,4.003949470369766,4.438532349830948,8.089874924945281,6.602096103325243,4.44362428698079,7.739326546952112,2.8176090762012667,5.791866341784519,10.170494798160611,4.24227736886273,3.5561613445747797,2.815908917959264,5.821370749644541,2.034584194012801,4.590889827332478,6.498154944625406,2.838512836647958,2.5441373150877493,4.487884538726466,3.3974287894466135,2.9745155729049504,3.1085208264493667,3.9790051945438516,6.8795604992459,3.6654486032503115,2.8729159183551407,8.301115672773607,3.9905447326114274,6.310609213993661,4.802164348860687,7.808349128899994,8.138005404395948,3.472471146080647,3.554316383848344,6.836296918216776,3.7037133350090197,3.545728691836534,2.6432406730025697,6.561066853323212,5.770041831211686,10.018506217572847,7.129715024764716,3.883313054080601,6.024459820909711,9.56014680964916,6.449848085939341,3.100716989133324,2.0364977050943525,7.878569420213046,7.946203278161819,3.3993512479158974,2.743539275459861,4.069296777767724,4.4308646947143275,5.412470820003233,4.054953825287236,6.510056976957732,9.744303123706153
CHN,7.537186734908384,5.4691021087474665,6.200735986734719,4.950244477393922,5.27036085870704,4.429155074043474,4.940176827250627,4.5816263394382455,5.784108705201137,7.758096101637454,7.417919051474722,4.736521229443587,5.255757614750269,6.6454821381735645,7.226339637270596,5.089600623479858,4.834004863402703,6.59584490435702,4.43420110230514,3.7263671263113127,7.072869559183937,5.277163805506955,6.27038917574489,10.164993009629539,4.5696384824896565,5.736505713487004,4.154693902017926,0.0,6.443361441746876,6.489538186953777,7.735897765606848,7.318199225824427,3.4324341251498485,8.306913169321533,6.574138265077156,4.874110412430271,6.541437863629443,4.925701717683486,4.488526951843012,8.678852206371284,5.635490818707781,4.25063714012607,4.00651965088337,4.035751476634215,4.192088332229369,4.453001351174815,5.849289182698442,7.357961876337327,4.988828496717841,6.36868109230327,4.610163708446723,6.477482532604969,4.816169010070857,5.309553268649759,6.0633728234066915,7.584049426775619,7.319245045270087,7.843969787332465,8.612506419641543,5.418657713196856,4.628342256755575,5.137162816906051,5.230414199067528,7.143128959303604,4.979683677179319,3.195665164388783,3.871213841407098,6.003209167755724,4.290436121904038,4.964486283677821,6.9180699848424,5.409587183170715,4.20434624045909,4.432538305602393,4.271769071105667,6.057639789462394,5.434183420656171,7.0480337421752015,4.161779613768841,6.02174032589312,7.567403474883501,7.891466251305602,4.852997725536857,8.029307931731218,5.477324833452798,8.68922021974685,5.933890431507841,3.939708978918405,5.626751577932357,7.230226557967114,6.998803859807356,3.704900532195538,5.6190064731620275,8.053962891623229,8.47238344147943,6.204959638002801,5.463356073211245,7.984444989780469,7.259832277947205,6.033737015021274,7.339796469990002,3.975454167873167,7.224265193275644,9.422508964787841,5.892809830770921,5.749030712841082,5.130273721044764,5.863590407427334,4.899945851808669,5.744004623484049,5.684889298931915,4.990941368529544,3.808214047661926,3.763304851207779,4.029368641979868,4.620404361540554,4.866176355974142,6.351979028532615,8.046220852587227,4.170518839079655,3.0541562787528242,7.787111795155807,4.452687946149537,6.3109786265572305,7.312243981050249,8.32948604856581,7.992539246475689,4.47383054576788,4.594767529101098,8.641950360593254,5.465569079694836,5.564789670015559,5.25795176267812,6.934455325635445,6.806023208088901,9.398741843360916,7.067830194228626,3.675609153994292,5.884682078420109,8.469537443352188,7.849070345243217,4.80731523171929,3.860080905360009,7.176477407738241,7.417848636506105,3.9935695893223766,5.271709095218151,4.591258923080054,4.387027910163568,4.59560079240938,5.368593159070616,6.906907780436527,10.27849290006105
CIV,4.694550425057779,7.191725922124684,9.00260619265078,7.112250020074811,6.806626427452208,7.836241255754696,7.895317118984374,6.040916592968458,8.432568808756303,2.04869299416735,3.098467440693793,4.139299033659145,7.459109559384814,9.29270285423161,7.922360781486215,7.4928944196870155,7.495234607023035,5.699332321160724,3.999323649860531,6.29381890242389,9.123995090715459,5.502187956971302,5.991975936252314,5.050173529465253,7.93900728260061,8.092731450686436,6.721099616136927,6.443361441746876,0.0,1.385225020772426,3.666286973091173,5.132577178555568,5.305061761804706,3.9805069417249013,6.301040848787167,6.375040862694152,8.120089426805654,7.790155940491855,8.137804284551915,6.813895504155986,8.217265336228483,4.925934095592729,5.0231648905130575,4.904256498048357,4.6592315099527575,7.851341678566369,8.028087429801392,3.4138416574675783,8.136151592098498,5.701404750726195,7.764456327964058,5.431611172024524,7.85761121902734,6.580741937209522,2.605767179971321,3.1891097237447084,2.2884633015085765,2.8565966587929212,6.98970838639274,8.017457267294498,3.0496179328915054,3.682406813458082,7.732291106115983,4.06702816904834,7.500314643493208,4.450888717919589,4.228333336855919,8.114132889988607,6.7112508266351565,5.965228724162177,8.452496413678263,7.394004239699174,7.867035765482452,8.55376146038151,6.032473243263839,2.661056675064864,4.738664186699474,5.002795055840436,8.358950423430247,8.31199334051098,9.16236028229863,8.836161309787965,5.537183159379382,6.0046113624093636,7.806354236247014,10.061538046312544,7.882482221104921,4.956610231756132,6.534485689042532,2.45816361613849,6.792262291353807,5.656884878317936,7.519911845049901,2.927361626142799,8.835584437755617,7.7018123796949,5.950486152757683,3.8796058756419822,3.5598979993168185,6.865959352759196,3.377048063454729,6.334308814410961,5.02435726909384,4.94918135004552,4.8643998963907205,8.313216434801,8.253862880029587,3.922887750149743,7.186154288411773,8.212353936680179,2.8543114519025785,5.471243464555705,4.638752784566284,3.649721855222269,7.495182351762756,7.2790178235741925,4.839565574141976,5.9633550938750295,10.143856488647982,6.881688773136988,7.179703836735304,4.320581859744377,8.204531619340946,2.001886651230185,9.403081252390793,4.912304005891439,2.5800533934672947,4.989025359965847,7.26196935171917,5.878574262404987,7.8314000278035865,7.854667459242168,8.029256401523751,5.389557932571495,4.688988942390426,4.52764416232938,1.7342684848529337,6.117303652024253,4.476525760166049,7.366821617938645,6.764433087170059,5.867842616645145,6.289517776997193,2.8682958354864043,2.87913484456987,6.957542486153414,6.899582350329155,8.12714440143338,5.172333329194048,5.501186293231257,6.155972468930435,3.5573367247378327,8.106839233452764
CMR,3.8135617033803793,7.016545152906842,8.782575136557032,6.714106331399485,6.763202226304549,7.617443044946699,7.736882479094529,5.703329553822966,8.322452350111474,2.615956217710609,2.998256579910716,4.469424403080433,7.509545421962035,9.264959006382826,7.746769964187349,7.347156714241282,7.290332425225933,5.577524597247576,3.510336906695672,6.056282374132269,8.812650434069203,5.621244375953296,5.508861924438081,5.038097108079263,7.6968846535444255,7.958876596290437,6.3660770269847085,6.489538186953777,1.385225020772426,0.0,2.7842005606599116,4.261837530890719,5.011474843121298,3.9313232706091923,6.458206416480075,6.245181480078185,8.153340531834388,7.71213943382843,7.951245820620431,6.844185266854992,8.034879483467996,4.909953308561307,4.442049034633609,4.510929166546283,4.587760674849697,7.659907721093399,7.933936333454614,3.74551168257473,7.902691643154473,5.380252942751434,7.613438944626471,4.830292113451169,7.7389028715473795,6.53131636910044,2.821622653419552,3.0530173603768236,2.5918866368684075,2.8966817472417046,6.070627767969109,7.866826792120448,3.300312171669408,3.3908307491028333,7.663382463210484,3.5658923124684008,7.498968875678248,4.4180407758362295,4.196421745857223,8.055789191486216,6.200080123554595,5.552393832126278,8.179234763559567,7.220079127809887,7.680583142537996,8.381008446004323,5.940052450265284,2.633789869958214,4.4184606758497855,5.497276138367656,8.185735620003683,8.058232771757739,8.938400164220687,7.960406222508234,5.298457134158045,5.400974956274387,7.75627587425153,10.024482738156214,7.7127023787371645,4.718924174513475,6.655313465432545,2.3688928561115796,6.9249578906562705,5.429470974607971,7.387724833867744,2.8546752842943106,8.759956867878655,7.56356681594571,5.669115813823191,3.400140458058565,2.969509466475747,6.8773580786808255,3.252560589288434,6.217027421835802,4.249491020663629,4.9749530461313585,4.16003750594121,8.23798799688241,8.008647694927445,4.159498906828737,6.976028478879804,7.842867628333203,2.824894451196267,5.282987831679014,4.296044689948485,3.8348428873851215,7.4520560582757,7.252102995851323,4.33868535597908,5.392429527806883,9.885216831461394,6.879050313482208,6.989420200516237,4.519327010185364,7.923780602182856,2.0335697081585957,9.346825055220208,4.693436252950001,2.865416449822693,4.938525648227959,7.15629711143696,5.9464811654107015,7.653791804812137,7.713577359060019,7.816424063737353,5.147422983309094,4.013887881706811,4.51344055248835,1.8501422688123643,6.164749515401196,4.156382503568281,7.9662606743036966,6.521522532009421,5.569915184048176,5.968856266782395,2.8204388579919146,2.8152449421687233,6.844797036547417,6.736775567431244,8.106241765723771,4.95485521454695,5.6961912567791835,5.625372466207004,2.910854404221327,7.7010639289422
COD,3.660500249148377,8.629539099326388,10.00422434411463,8.07150605307244,8.383301976310438,9.042877911606144,9.06741819873338,7.013352257632375,9.585246998936764,4.159308154836714,3.0601624354847186,6.104011149155964,8.997694818976894,10.670241655550583,9.43705997901493,8.68415530298431,8.60157022192293,7.093580582734961,5.058083444357619,7.508589020183872,9.853310339984825,7.21298789909761,6.163795488859669,5.489081600904016,9.006707798245477,9.37936147572014,7.839474707660072,7.735897765606848,3.666286973091173,2.7842005606599116,0.0,4.30656823477083,6.578755328531359,5.606937396435975,8.053226494889163,7.887032653914273,9.746521163625081,8.985220960552763,9.202324638401917,7.630863152847049,9.394704837690192,6.872165134527976,5.577759657828389,6.030885023590669,6.173978408236948,9.08084233698153,9.353540643917238,4.621654276405968,9.254008611017994,6.746452229117452,8.953388375718623,5.943198858798706,9.148006923007582,8.094209363277601,4.4452454358547495,3.509199373209536,4.617468611538569,4.1220074166550775,5.882524834565615,9.356063192010723,5.3838265963094445,4.670393146115718,9.101257324528955,4.804352642422753,8.872988067443073,6.000119576621717,5.412714859231864,9.30600858446004,7.2818264980597895,6.228769343529335,9.608801559822306,8.617741632379206,9.02768021039742,9.71358157196181,7.515994641365352,4.332295793553485,5.53433560648769,6.8099113383780185,9.573883570276697,9.03740021192888,10.274076084049105,7.870192017622171,6.561797696279941,4.985039335492113,9.20664604644413,11.355177158508575,9.125038440957892,6.134629768798371,8.25980167410659,2.7288778388528123,8.489403544866212,6.793728297511677,8.882768231725091,3.3600455983758923,10.067027367320684,9.047654811714557,6.8593757671646625,2.562202120302333,3.597335614852279,8.425476890575299,3.524762067339261,7.66672076622609,4.534418117861386,5.212406530291953,5.117901533342818,9.542448589501278,9.388776250077147,6.19846879373319,8.608215114177371,8.831585319587962,4.228971812262371,6.877249692061059,5.9215553674853725,5.359627156364987,8.798983436236332,8.789107399617594,5.782445599291406,6.405681446974571,10.944025730929457,8.325354778063991,8.345789646428683,5.122347698648318,9.118078398435529,3.4838406954174226,10.68170951802258,5.019968211063569,4.547998812908757,6.501248121547137,8.558523118412417,7.492392709479019,8.782240165135834,8.966432156150056,9.095284099103095,5.868893049810677,5.097191456380624,4.8454237240233455,3.422849849246527,7.4302921908515405,5.193955104148508,8.815715418616687,7.727041332430427,6.817917065843076,7.325023246203072,3.8680650642056507,3.5135581117498185,8.241381743858483,8.4951202878789,9.686126340132438,6.2846662807601525,6.939471099726628,6.498455897180596,2.4633442940715655,7.974146351517826
COG,3.747308884502327,6.849217407664342,8.03277401318099,7.406322570169912,6.401552068825478,7.997281489058026,7.675750752974662,5.165252493050749,8.29880285896356,5.7586794294724015,4.708959482258088,6.130034911815491,7.6658118807142115,8.869814461419516,8.077000115665525,6.935881640786472,7.098749600595863,5.999884524980687,4.366872443471466,7.019338096501845,7.171401569491496,6.363450739388353,4.451724515902689,6.441350218333615,7.9057199788580625,7.970864479199053,6.560944033292888,7.318199225824427,5.132577178555568,4.261837530890719,4.30656823477083,0.0,5.765184559913349,6.493220455294169,6.932927353148771,6.7620784521136565,8.440184871982408,7.733806512039041,8.18127032955574,6.603837104935846,8.047463314401766,5.759612031197332,4.512560774822909,5.4731114209777685,5.669840856821807,7.783794044715045,7.87467419312961,6.490117130878544,7.759304926435839,5.769309907505407,8.014516841918372,3.071704584903624,8.41195357679298,6.582218661734441,4.636093855969189,4.5724564860141985,5.209412604503457,5.615524795425054,4.244753264545959,7.933578645942343,5.681967960997313,4.260437420754949,7.702171762273178,4.8888414933661934,7.584066614416591,5.557071685154371,5.849138315026709,7.512041939778776,6.47502774479391,4.118595828730673,8.462121294310535,7.882103487248473,7.7753793916158305,8.926013953483887,6.406083552560394,5.486442408951264,5.243139848414465,7.018972557413652,8.076910480435842,7.599876768618117,9.267629117019412,6.590914808889676,6.067693658670813,4.6662948511344675,7.524622095038157,9.919279229005488,7.69990316985874,5.349370931478533,7.601837768350725,5.2099511706522055,7.79687078346784,6.064525080744678,6.800726842368251,5.297950745336209,9.141156696457031,7.279598242407512,4.887432261804032,4.853058425326225,3.320668242847349,7.08141274190288,5.70544641282704,6.283979320232752,3.818727683324143,7.02060505305567,4.5604823851804355,8.593020119874033,7.910054502466629,5.944314450859047,7.613018895319349,7.1027071162601345,5.755977099022067,5.4365270604228675,5.280720742373621,5.471395432715256,7.613138876375121,7.560956554392902,4.616036246861122,5.5474778289712745,9.239460360887296,7.262602524087813,7.266567830696431,6.264590582162972,7.313505513569438,4.804378545935292,8.999264729652683,6.57896899489174,5.822575862188125,5.548320605561903,6.832313791988822,7.614214648732721,7.212891804947702,7.389376190996316,7.847360338194329,4.254192793080869,5.440495347447764,6.197858641106534,4.919584040982012,7.103953333729332,4.703427273909786,8.947990862895931,7.2866390150569025,5.597752223575011,6.214182759037386,5.50291799143254,5.409878182643621,7.079165719099594,7.351585766201656,9.149966463907202,5.797891499105178,6.426791456109482,5.4319703327466575,3.8343134451803342,8.673779912879048
COL,5.750966836825091,4.487673887375105,6.131733760504578,3.084926855976004,4.098975377075948,3.6308879203846134,4.207553083771169,4.013911645323663,4.9065358799953955,6.7651830073783215,6.541309713716186,4.734392991324287,4.816925573763029,6.633705761534502,5.081139536418728,4.311659032989022,4.282833616642249,4.555823775982849,2.798308363862843,2.047686738650744,6.772320893152719,4.46900171881324,4.447783601622717,9.016912012115146,3.826850375785728,4.708483787817627,2.1783773535421993,3.4324341251498485,5.305061761804706,5.011474843121298,6.578755328531359,5.765184559913349,0.0,6.444470754670524,4.8016775012385855,2.54622652520485,5.133515567724394,4.731379194511673,4.299352355356338,6.752681519489492,4.529342335397292,2.5005867422215307,2.2706977453065447,2.138921936965839,3.4615390600606717,3.2320434447193382,4.895379827819859,6.911972155687547,4.092612693419534,4.7059552086132035,3.691447221230563,4.526011081435329,4.058224819804933,3.9988017495069177,5.136771413061975,6.529436182103412,5.558943241413911,6.397165226763129,7.08477497782439,4.056744939665173,3.2847615334346263,3.3380321125308376,4.519435158566966,5.145382184744783,4.587320291779849,3.5439219920567813,4.014434873252336,5.346773142962538,2.9667670859440376,4.4764347000938915,5.195023334749577,4.059730890349324,3.5259553105175936,4.529553647265606,3.7533456107771936,4.828640889557584,3.8966444070813244,7.121601866873774,4.352693101160123,5.536413296071206,6.305450291623582,6.338918969415293,3.929046345880336,6.455417622218068,4.686793151292201,7.361651132406886,4.700526174029366,2.4649052248776906,5.233161597807262,6.190184320611636,5.449603705910828,2.768038126309615,4.474713622558901,7.114328495511266,6.510690966788612,4.5932941398657325,4.468153663631847,6.862853749433686,5.538842226655304,4.764234777327785,6.186775085898798,3.668752760579865,5.036468107507979,8.960016983431737,3.847842994028803,4.960759111653759,4.4127600020628535,4.32145550881225,3.3756718007513506,5.704683562036064,4.791433337109656,3.1068740834983313,2.0214726876577216,3.474175741254134,4.236715177633701,3.674568186027051,2.8067378774073903,3.455522599728678,8.14735775108285,3.9510567757686603,3.4476377749953837,6.820548657314472,4.867796377217482,5.085669667620708,6.463428676666211,7.0865564899899685,6.701716139259128,3.0320478832256197,3.9961428196690636,6.246802839201423,4.77125677070989,4.789533179037722,3.9917790902578183,5.533799305957698,4.546875184460498,8.829985866854342,5.870772212642615,4.165417953862176,4.892690306460159,8.437353016088803,6.3833256357522785,2.6761118463226956,1.9001940782398457,6.520176273281281,6.536058465579414,3.502318375521658,3.0668491561762727,4.6150772801810005,3.7593010185512874,5.140124216708444,3.563212839024399,5.3954814341656245,8.959753424606012
COM,6.264502167047571,6.980199704559962,10.149597718234817,7.6336495642708915,7.150025334877967,8.697093327184037,8.535928921129454,7.379517397129525,9.03856618045178,3.7767208769102463,4.777633192271794,5.894121707156039,7.934978254888044,10.219716517759819,7.632037724960173,7.519180357184092,8.149532450247218,5.099114988119752,5.3897036169331365,7.244241115378108,10.205308462326952,6.14817797036312,6.965962087914617,5.746846595995371,8.813299631723751,8.842053764644712,7.5427863716483685,8.306913169321533,3.9805069417249013,3.9313232706091923,5.606937396435975,6.493220455294169,6.444470754670524,0.0,6.164668057283408,6.733129887985372,8.053312877777376,8.68429419585503,9.11282725212787,7.197749839825927,8.760004157175901,6.234605774866402,6.288560518567534,5.758290967467664,6.22696424816595,8.439214186676084,8.315224399824325,5.085778266038628,8.541025125008064,5.394906289256708,8.39386179724226,6.89923397286833,8.639934737761886,6.76059145045337,4.814246784828586,4.8028116674325005,3.008964219618065,3.004841936368166,8.17556348618105,7.996275117487209,4.408811292310483,4.697034452192593,7.88697582080212,4.291883565343906,8.222596710096479,6.490497141621782,5.8426874592940505,9.03408506727937,7.476680337267361,7.862247205985743,8.489998813757897,8.106847062203638,8.356888202086527,9.595353483037073,7.254514513367478,3.61145134105001,5.356889632839562,6.794648513264808,9.424157836341063,9.837855876424246,8.717993176542349,9.466608824772752,5.781688981645203,6.585768193204156,8.265457911148154,10.084749363428038,7.8889604307649215,6.049021360312399,6.721484572025454,3.9106672629016788,6.522416743361763,7.130550148829019,7.603877406853405,4.4799450374714676,8.924519129542448,7.412738656858905,6.845192718090954,4.945465187317447,4.593934952068295,6.703655596481003,3.9576839436740063,7.785021047612839,5.64965727938219,6.1043118309245425,4.885242602149075,8.956995384644404,8.975216274214896,4.222464979017397,7.603826386777865,9.334061851114122,4.210753250433543,6.409230999556875,6.136432975448692,5.814776318247991,8.459021930738146,7.6037229832390345,5.716249618031595,6.153069368700331,11.45721503997808,7.65026769127962,8.435322936922608,5.17044243102316,9.485416517505657,4.140764043745098,10.098374847864621,4.563207147061647,3.3534645308998634,5.821703214797647,7.7491647134229185,4.432105438878603,8.399999237255543,8.303521680019365,8.700646921364688,6.121979689273451,4.672942132862514,6.023898982704333,3.249249636212463,7.460355374550918,5.201886772378662,8.65652094497122,5.343501193011384,6.316226978943792,7.327263882696751,4.82171242035347,4.649457101504769,7.556086469891889,7.021243471352272,9.151511242132287,6.360874887424592,7.155436994652691,7.145098627285218,5.348592853327426,8.198586046073684
CPV,7.8685157652806454,4.686851997325838,7.256295864139723,6.304346858993498,3.8854481378303127,5.95364420214586,5.12767528446906,6.1706323524177416,5.058596505330934,6.985708810184736,6.9745361939842665,6.653524869190049,4.426840239087058,6.833564930380839,4.755790513912462,4.055700346500352,5.501705554364871,2.6095943717750445,5.0234854942103535,5.213998210423637,7.335438606080695,4.555091086475577,4.451010194657727,9.173055832538527,5.88998590382577,5.636173235082467,5.1711049505612765,6.574138265077156,6.301040848787167,6.458206416480075,8.053226494889163,6.932927353148771,4.8016775012385855,6.164668057283408,0.0,3.2191214357604014,4.046838504313525,5.639875116110366,6.154832108572011,3.9889141827977195,4.958417479413556,4.399368393024661,5.571706609321421,4.913306109591919,6.530271582612478,4.8875303070619855,4.741537533819002,8.342992312603805,5.034839061849488,3.8692980204934417,4.973066372522079,6.17041818603847,5.625431392963753,3.7086365830199695,6.476378227464361,7.209069872302935,5.578871037247784,6.189336117293542,8.205256478863417,4.023504902220504,4.730374388555506,4.278423309167222,4.191582665662448,6.394199345775109,4.776394322623441,6.638448681476245,6.620323156897673,5.953887469743995,6.567116614350259,6.478929071310744,5.72867566781403,5.417992568122212,5.158871460786926,6.85787133856219,6.087885105497503,6.070847395186051,5.2598569198303045,7.871233176650293,6.3214194924152185,7.250306497368737,6.038476984897778,7.937954666097811,6.034167019364747,6.089806171825339,4.478779327958101,6.3088270464272105,4.430308143225523,4.277297619264273,5.0054810230578655,6.909170159489426,4.162670247079196,5.729018758136678,3.941047758912789,7.955582203968965,5.9791550805455485,3.481495951244178,5.779962674992752,7.463351762711375,6.292555056249859,3.580063515581748,6.604513858448011,5.711967670712295,5.552523899440137,9.47100199264372,5.129872294548056,5.292581627097504,5.769241888557952,4.80418341711551,5.023112040951952,6.947612611664619,6.864382703110242,4.19358855279786,5.194783773611149,5.198093115504316,5.5075180655497835,4.064688441959338,5.187236926684338,4.643858595205085,9.386907527429864,4.95307097517789,6.168778245145073,6.938510553927473,6.753297903525271,5.943519117188808,6.58237867297059,6.888174358856182,7.361431624224666,3.4031616818805146,4.236785234262772,4.309839667277425,5.037271525139768,5.053601776423264,4.986139886464213,5.003035723416585,6.618720313603587,9.630812780032128,6.1405315896566925,5.758531097369945,6.551013120718855,7.129350134335443,5.601240789389336,3.819184683140916,5.3519757946396895,8.21980295265289,7.962611652340757,4.723765501698224,3.9519006169227198,6.922350995782796,6.215571410011046,6.449942386274094,5.4686992408978625,6.639132119528768,10.97685686851706
CRI,7.173511513917378,3.941326716604478,5.688737712985229,3.865582497719336,3.437393566352045,3.4849922235301496,3.15523809818183,4.756008652008605,3.4906262374149013,7.595018222434519,7.575955609238415,6.047921187067838,3.7277731750730183,5.783117693765962,3.5431340815241357,3.379387242061581,3.943370070792032,3.3719878282543996,3.8649418069209127,3.027791250026288,6.572080579974247,4.365095682695674,4.396983719074835,9.915872964043984,3.49843275449129,3.5475675332140786,2.4012020206564872,4.874110412430271,6.375040862694152,6.245181480078185,7.887032653914273,6.7620784521136565,2.54622652520485,6.733129887985372,3.2191214357604014,0.0,3.2052134421992804,4.083164273818107,3.9069309525534117,5.670665218083522,3.1203925013447114,2.787174295652046,3.9036003429459547,2.949233711545399,4.974359820081243,2.3278969396951923,3.5070018864164867,8.400659300381347,3.0416883412848046,3.939474648400805,2.7590848213103003,5.412576252976562,3.2955984749863356,2.958113850991659,6.285884037758902,7.640260864093926,6.141157963628632,7.0571103883793596,7.658230499481101,2.487041253419142,3.986058186149531,3.818995799153385,3.184216739060239,6.064753380320101,3.6671833832518157,5.3023594150606765,5.682099065066326,4.547219855716992,4.2602017384680355,5.570797845598807,4.072870472322245,3.3777133490835425,2.878161259171873,4.432090422091282,4.3068294819799915,5.935273370023528,4.339691244371377,7.829075803013668,4.166273247510705,5.635180396472193,4.982026998434322,6.639711245305288,4.527458434635264,6.669784401320379,3.3727511762315556,5.630241678702059,3.1448323883856877,2.9934897243071346,4.613809856271368,7.240517245961029,4.201672333045175,3.531775264723946,3.281076734153204,8.287042635933535,5.1516846917647054,2.928746248648543,5.0497209144433635,7.869318946694537,6.4474615512191775,3.262333788303882,7.127363007290027,3.9508503911326516,5.442397385682905,9.97591080923158,4.268029814666475,3.712927833693125,3.6835613253549564,5.006584838262117,2.658405951451829,5.538253143483055,6.28716805352761,2.6537516469802283,3.3691853770871925,4.411899812165602,3.8741736905266166,2.2673100096479066,3.529166585199026,3.4155023522747245,8.11667928173812,3.489578179794734,4.067894800995963,7.654753331615479,5.0415374884500075,6.043473504476115,5.183671321070857,7.428640834953134,7.7485511891837335,2.737661505359618,3.2445740586440577,5.270347767378941,3.7331282752093538,3.7231599252921725,2.8358497368953137,5.722112550037596,5.923243315694588,9.99977739307843,6.655468096110897,4.37494156669322,6.0662062104406065,8.558102584979324,5.723545950936621,2.390097933059503,2.9497246007790627,8.013303302800601,7.915186243355483,3.3311375707672006,1.8084007332403,4.677510644906349,4.984789029606789,5.7493378851100525,4.196762621099922,6.444023697220194,10.123327027496451
CYP,9.243821131037455,5.199753662311727,5.272279673072445,5.881855706675314,4.382971835665082,4.089163870264338,2.8988197691417112,6.04613323859164,2.5662985576017885,8.998818082432631,9.3103347210831,7.876744809750635,3.753658512235529,5.458563714914307,3.5973901256605374,4.092307449996146,4.371117302380977,3.8454621739923986,5.815717050557732,5.5627261364849225,6.7690666620738575,5.640617711586303,5.762948820818799,11.499711474047965,3.7282683518434374,3.1629029233811092,4.129420910275575,6.541437863629443,8.120089426805654,8.153340531834388,9.746521163625081,8.440184871982408,5.133515567724394,8.053312877777376,4.046838504313525,3.2052134421992804,0.0,3.675881527283952,4.084430542727219,6.246811972367922,2.8188433303186113,4.774262860577974,6.250414817586395,5.02605425165199,6.770969313394272,3.431660538244958,2.329313837651335,10.220989858060332,3.138189484596059,4.900833244628033,3.4690916671966945,7.097545240731126,3.5725896995532693,3.3928498603885564,7.875106366733365,9.373427847761203,7.779780959748417,8.644811847187855,8.966532000242289,2.853284973642603,5.873723085470122,5.556444852703777,3.160692561826808,8.249976923332104,3.3432924957373054,7.18764413785906,7.641474205626958,3.7224228711750773,6.19124611337748,7.180899898706065,3.6123120414809278,3.6285449972806223,3.8901405869634234,5.302611766728157,4.9977696686324125,7.709466389451613,5.468638542014079,8.768480637996682,4.4707938848658015,6.183945202990492,5.938678262032909,8.160501408923421,5.977463977288884,8.058403953601793,2.7837588356394507,3.304034764760813,2.930790647875066,5.230572129499487,5.1634812280569236,8.888264733655406,3.5202186889309464,5.220640135892948,3.6875838739743396,9.977151223238911,3.860658385927468,2.5620898152642764,5.8237221459266415,9.467335264823847,8.120879054256912,3.075120994827462,8.787605311803887,4.587714631157927,7.09935535959389,11.406947704715796,5.963768929067449,2.937479967350025,3.8151203220581085,6.881151771131308,3.279616154749418,6.0957189572882475,8.405588185843769,3.865176456184333,5.442191485563001,5.977846181365284,3.8858053468808307,2.6752173718035404,5.5858102906606115,5.430733670020704,8.040431717429078,4.176177053896796,5.14450896148926,9.18035422007926,5.887243767856335,7.804369861568222,3.884982902079637,8.494307645550936,9.480229671866468,4.640518296998988,3.69932393306616,6.1937500472285185,3.3006413914251387,2.939768379874648,3.0376189535196767,7.103214406959376,7.889935446050743,11.485200599365637,8.206595354016333,5.282061092941046,7.477283552047428,9.179115602432898,6.156565709636594,4.501589380704807,5.072509441289668,9.724018624787961,9.568453290053714,4.412945668685204,3.960153859084511,5.262891041781414,6.341357418106682,6.45633035165627,5.796421708202439,8.150688649600978,11.811948346385702
CZE,8.549153409817139,4.841180579277763,3.729805760504013,5.02449897048412,4.58574611109046,3.1918349266452215,1.6563491655993732,4.375376173815927,2.4434330472377255,8.802986160903622,8.781157632988185,7.1756621675459105,2.6751785617564123,3.310919891432603,5.032503269218519,3.8777357842806173,2.1263413076238624,5.1739223032261235,4.774021425092505,5.279412766444718,5.38540735945603,4.927518867023423,5.604971910890735,11.195294160468379,2.9503869219888172,3.1294188737746222,3.4557221191453915,4.925701717683486,7.790155940491855,7.71213943382843,8.985220960552763,7.733806512039041,4.731379194511673,8.68429419585503,5.639875116110366,4.083164273818107,3.675881527283952,0.0,2.203646601882034,7.651628039505631,2.358038528771282,4.3221478079388325,5.389478563169535,4.319520820846387,5.8811806223720735,3.7394798342439284,1.9019024310765245,9.64665231681256,2.28473982443135,4.818947815995341,3.464398265951364,6.433346201091299,3.0778778085553418,3.748377812702191,7.091656415303722,8.708787915383283,7.992219761336246,8.5794881471148,8.168707893315473,4.123579230014231,5.513091700356992,5.232480033314753,2.7747789286136832,8.227490817855072,1.5395603959183268,5.7256332315081835,6.847965862909812,2.783956758341963,4.916178407774916,6.093519104165258,3.9167233626443574,3.4890730253651396,3.4937916437711904,3.7514538033690394,3.804285019832503,7.560462143533835,4.906124057940089,7.763103627568113,2.569633012715766,4.391247577157078,6.249310315566824,7.111228033386486,5.314597196003112,7.817243239742317,2.17425875031142,5.1747434523881894,2.740998766242537,4.7026512697880465,4.171879387776359,8.443738209780786,5.534461142190913,3.7107562864990036,3.9589394080605733,9.539785101242794,5.7734680583768485,3.8157840431264223,4.576577994986926,8.914676435118107,7.836967693265898,4.057705984089189,8.668372228039487,2.8694878649600013,7.258503028962748,10.945698050160543,5.378765250569112,2.743258260727726,2.40067369406121,7.287503817734701,3.0151812078876885,3.8918956864799545,7.951412534210008,3.7995479773945817,4.331336433848393,4.993089113645108,1.5405813641566435,2.7807943981737058,4.7998794472715165,6.116473518963199,6.444953102230707,2.500951040450056,2.9925199951584625,9.506397432812648,3.6089262025771185,7.44978767068884,3.87686820281797,8.325543977381756,9.320112471741771,4.030541362404607,2.8916158723738534,7.871626132614007,1.9390132340429638,1.789445826640885,2.712328278874925,7.103911310559183,7.9152046423491935,10.85614793047362,7.9329456343167015,3.3838582738730585,6.767664792640762,8.936112740238768,5.979209269451564,4.538526723980222,4.381019828443362,8.961185577319323,9.145060126787666,3.3495155315075587,4.252911820728673,4.738051884763255,4.951276447450194,4.966037567426404,5.7638514277581825,7.521259521064748,10.939129918085733
DEU,8.735012406426705,5.370010819155907,4.044047248573306,4.321757140119612,5.233248784989245,2.193162657509568,1.777947148299849,5.032805936890866,2.3623773728838606,9.358651815040602,9.325388449058368,7.3724650389432185,3.478645025612718,4.202702253178868,4.807103210519425,4.417389789804059,3.2185274195194307,5.829330390733314,4.9354315962893756,4.23669020020569,6.136084054418034,6.036901050889354,5.823243302193357,11.709976805831948,1.821126976049135,2.853167964296396,2.936926783948969,4.488526951843012,8.137804284551915,7.951245820620431,9.202324638401917,8.18127032955574,4.299352355356338,9.11282725212787,6.154832108572011,3.9069309525534117,4.084430542727219,2.203646601882034,0.0,8.157977527164993,2.141856983435923,4.428316208747559,5.2850191648702065,4.2335104455456225,6.026617817498035,2.7647730945308475,3.039814816708621,10.040184403080026,2.142220254678405,5.451775587030196,2.223586343806586,6.886066059364712,1.4790081031992726,4.40613214196182,7.7386556650336455,9.414958335778621,8.545718107058505,9.171726552413585,8.373921113060247,3.6096859466433058,5.782871122021269,5.795176287194722,3.2818026989176334,8.366823460900946,2.9043618777273323,5.828510944397816,6.699440816290316,3.9754816461980966,4.586960409747629,6.313003458222631,4.162666237258426,2.9117268700540566,2.450744429747205,2.120839206086515,4.167397994387359,7.671852506301287,5.6479660148509,8.725540177242427,1.9281491412276595,4.772813909363729,5.650411723619581,6.850562297540153,5.49583274963153,8.296017735792342,3.2358047843226383,5.533891863813482,3.305121808174663,4.886060062519697,5.098184465873727,8.938384663146511,6.179813077153396,3.468948591295377,4.697821532488237,10.057950940750382,6.0224629797414435,4.405286072646364,5.705625013909575,9.478950448345444,8.45144452422822,4.6706554699723215,9.048336521554695,3.5815890301728035,7.470676179057062,11.39020317324538,5.781708860328334,2.5705456434318408,2.1216218012082364,7.48437400744657,2.7125509985793754,4.230976615165767,7.925685601333954,4.052344082079299,4.246416025648987,5.287388603197242,2.1367009564881556,2.807773947382896,5.156488648095487,6.0047740961399825,6.673770830830152,3.1109421512854962,2.3445251352998957,9.891763505210603,3.456696728983442,7.924430366010555,4.220616064654393,9.073159807828374,9.795637456110164,4.501169322386663,3.6159069434210127,8.146848274873479,3.0251813540315373,3.178370109689629,2.239160839874529,7.771682703643996,7.990152466119752,11.412889413436908,8.45798036072345,3.961937314931972,7.443033037259555,9.959398156851819,6.976730290381627,4.7738129152823845,3.9856615316562034,9.353103964045989,9.523062135291298,3.545132595319331,4.011807354755848,3.128977291546666,5.591462020017215,5.962500143326946,5.180589129721036,7.835164320869107,11.230276275834592
DJI,7.487059322428769,7.340021239466228,8.683392196011738,8.175339267471731,6.2631179639432455,8.154323096720239,7.216089947433444,7.701039223645918,6.774457233102752,7.309585859503071,6.968157256104587,8.233861294931534,6.734306688614311,8.700499813513911,6.407018764189464,6.533820252191407,7.552358057490186,4.534949441331369,6.583163854155156,7.166444409836113,8.68458658780161,6.768203917014902,4.815943434062233,8.67187137981026,7.844665634480568,7.397447851054878,7.167089105491658,8.678852206371284,6.813895504155986,6.844185266854992,7.630863152847049,6.603837104935846,6.752681519489492,7.197749839825927,3.9889141827977195,5.670665218083522,6.246811972367922,7.651628039505631,8.157977527164993,0.0,7.029058051388565,6.216240340646255,6.860731192958902,6.779858623304707,7.918417207422008,7.050928924443237,6.981701667757274,9.13978910514687,7.472033233511984,5.511559207622743,7.088946870534877,6.577006232826257,7.679706782318358,5.920010919014219,7.137278094424878,7.180289175767672,6.180573960698974,6.8335558119173205,7.677501171338782,6.4709233080332265,6.427042597401312,5.253554997691707,6.802885315590659,6.761339412879545,6.914854954606341,8.314960826840183,7.880550760732318,7.239188609839668,8.121840567590784,7.165938514157724,7.845803696269902,7.457496859877063,7.46486407682964,9.180254010798851,7.770587644541592,7.112837676171269,6.471400533259076,8.928205005954576,8.54195636251258,8.46788009588085,7.743615222463755,8.054296013702546,7.8598776446342455,5.263116343809167,6.715938193481865,7.259993436171561,6.675471531431402,5.818715159000731,7.456542890905923,7.1755011854952455,5.830555046926446,7.06701792789495,6.188974689221598,8.043595251553509,6.825043748831619,6.022333800117004,6.960568503553727,7.0928009087688375,6.221837502584146,5.582820491469685,7.103931021986618,7.3026657731069395,5.123704187195138,9.732518894261466,6.231855634253739,7.103088809384393,8.090534597745988,6.27449010248918,7.508152540633421,8.582920737168443,7.772148552931331,5.762144648712767,7.00711831457547,6.613483865091781,7.690653573561312,6.571793931134803,6.576325687126116,5.485939477948238,10.779158980365066,7.235738554348926,8.273686527051744,7.487081496598695,8.674445963239833,6.423434527597947,7.670814899374229,7.71299987454485,7.9084070771829635,5.564619236506393,6.605235523031829,5.090407620950973,6.685630002302213,7.083223568279172,7.053723000705449,5.2958448658062185,7.403297840203621,9.716355105523878,6.667326743068349,7.67135489074747,7.835759166393241,8.392770021971376,7.447207961011759,5.2294404030773265,6.904296677003072,8.987598535548901,8.489944316575235,6.966475207726614,6.569176228429106,9.04855921320747,7.928500558375978,7.760970286191725,5.950025589433035,6.343954380364304,11.33224482745883
DNK,8.797091181870565,4.984994574565151,4.211602373640982,4.744348536792613,4.669338341155601,2.7124588482106833,1.4563913656487097,5.281948990828164,1.2548920688095995,9.289644107152121,9.28478633850441,7.9952405353001454,3.1548600800883757,4.050868379568232,3.918778881192786,3.900385378121907,3.219074933358634,4.790720569779668,5.082979868208942,4.600915721447799,5.6469152489828325,5.593430198543424,5.210411235549162,11.646623976020663,2.3950816240472217,2.645006262630184,3.0619805609053383,5.635490818707781,8.217265336228483,8.034879483467996,9.394704837690192,8.047463314401766,4.529342335397292,8.760004157175901,4.958417479413556,3.1203925013447114,2.8188433303186113,2.358038528771282,2.141856983435923,7.029058051388565,0.0,4.438466427791391,5.4263213832534,4.420723379492555,6.650983234143551,2.6356744439434148,1.9729346328155766,10.381558096440735,1.5102260111569972,4.639132818072213,2.2068304576750806,6.602033243379343,2.174824150665526,3.8260293832839842,7.968487979268062,9.340047172683791,8.27277362972795,8.8609117649285,8.071944798971908,2.813624443802116,5.9260651929131845,5.618862697291316,2.603194598734132,8.384932581665032,2.5122387661370515,6.6629468797636076,7.456821934705869,3.659785056827719,5.213306757294655,6.387215815207039,2.9993606967615882,2.5591550128833616,2.868259746121401,3.4733700180066767,4.714281013659097,7.8972171632310895,5.522127577280338,9.003648329400297,2.9424507366056667,4.720385409909032,5.236713135601774,6.652491117628027,6.006547912778998,7.788241922483491,2.471960870580157,4.258889327564602,2.2738678087391433,4.700412007682435,4.956406096320418,9.020931830780322,5.17489752964498,4.238167380296034,3.8930429338323065,10.062176302868016,4.891939723310303,3.1365429537956544,5.58740131962225,9.393354926162042,8.179464595793837,3.9239764846640113,9.01685731309065,3.9309508685329986,6.956455007317015,11.4417996636021,5.6293890346407345,1.7654411592591492,1.7939193838227734,7.395405764225161,2.35577337640266,4.2851278693483215,8.36486506316672,3.8181819427973123,4.629313590904711,5.770208535683261,2.847095288526712,2.4046445785847395,5.064066800633506,5.252539396301296,6.773461427011714,3.3648172126448443,3.61992824224563,9.745456558686389,3.9426498328550204,7.851444789713724,3.7245172162059696,8.68500206818033,9.825134201320603,4.216777332697047,3.232535705517339,7.224151207086038,2.5422711577339596,2.5288079273884554,1.1443999334881354,7.265653760968116,7.891800914653464,11.528672062645972,8.374584001940622,4.561807190526088,7.60906974044584,9.519063207533785,6.3137371278150285,4.244631506061869,4.22688065748814,9.731134279907879,9.782345991987885,3.7002584666263574,3.274564992142133,4.379865090774333,5.923463974905292,6.411970055466892,5.310260028675753,7.926977136384818,11.654693018959945
DOM,6.230175134293827,4.035269956922831,5.665054256982728,3.9373826195078,3.4301555743556444,4.156978655659598,4.092624029693222,3.5611384437513482,4.793464103161906,6.390108875463119,6.556013357689382,4.387560784755985,3.8795066235815683,5.489990641618788,4.2897030843726744,4.032648234384143,4.053217545609997,4.127171898010715,2.8529549585586182,3.4273945864301973,6.396729672069786,3.952914449422839,4.4764831093654065,8.398784403224386,4.283421353761431,4.408710646687453,3.0295629631453322,4.25063714012607,4.925934095592729,4.909953308561307,6.872165134527976,5.759612031197332,2.5005867422215307,6.234605774866402,4.399368393024661,2.787174295652046,4.774262860577974,4.3221478079388325,4.428316208747559,6.216240340646255,4.438466427791391,0.0,3.4091430164186534,2.750299224413876,3.164672651277988,3.988325932968648,4.414521066471794,7.0555929331730525,4.301791865064063,4.140858301505945,4.163323503460039,4.229257109954431,4.212971312549726,3.1908049517946013,4.59092181741969,6.404663801891952,5.039102025034561,6.295788350643962,7.208855133305748,4.356139791815951,2.898983947417189,3.4162655777349977,4.098313191934592,5.092379681258895,4.058284228517137,3.5275276225002243,4.5320482536492,4.795503485842624,3.9479575594372744,4.775054323483161,5.3785202251542135,4.273497318943931,4.080837351114131,4.881786507448169,3.0854138255811647,4.80541624007493,3.691784065760075,6.428423622703247,4.434355296737464,5.5875783791836575,5.7717291142946845,7.1872059681155065,4.007254196221483,6.662056095533623,4.003432121247291,7.066619663095945,4.200237218358427,2.7953845959576515,4.103348325381304,6.270677224444269,5.325312944085731,2.6703962615417556,3.907953686115419,7.109952419700843,6.568598306585165,4.273225226677818,4.031525333500124,7.170882834643155,5.6575108778712915,3.865790811362205,6.528360988506885,3.3001926549043805,5.485950205573794,8.857610791761175,4.205967594125686,5.03013558907063,4.55106927493267,4.230077038372932,3.60368270997908,5.296204630442115,5.060368394688273,2.3081439139930846,2.522265644506382,3.114823346963947,3.863456542328491,3.535518107176341,2.8799129982899805,4.292683711038482,7.910349831661319,3.302839836464071,3.6352019156921704,7.200165328057008,4.670819780144948,5.126251286859511,5.9549200976796195,7.387151277161807,6.327187672958081,2.634423646365013,3.59709169147658,5.846391813519084,4.279578971316202,4.459372214284632,4.386270127096927,5.189798129430149,5.669268908198858,8.56690574722009,5.544478323894205,4.103127053747458,4.813870142635885,8.009676548689946,5.741683703314131,3.1125666555192297,3.0860728180458024,6.512781176545826,6.6858442843118695,3.5285643864919303,3.174547545352898,4.684799894112611,3.768981693301874,4.550979590876042,4.06469627055637,5.579316650427002,8.964692662569279
DZA,4.627670242221296,5.012055391141707,6.307568952999606,4.09766008582435,4.7983775740236805,4.595305775614092,5.057016309122623,3.7242507482832514,5.762117547682069,6.268985106359311,5.704710407816092,5.141991970733987,5.6425181176283195,7.010125334677327,6.111486566094559,4.8148093498531885,4.8402209826633715,4.963290600950616,2.684241359965606,3.4398279608613267,6.249321190173604,4.571551861882048,4.142248575653899,8.374046275011526,4.7409978303440505,5.68640830031012,3.28413986218123,4.00651965088337,5.0231648905130575,4.442049034633609,5.577759657828389,4.512560774822909,2.2706977453065447,6.288560518567534,5.571706609321421,3.9036003429459547,6.250414817586395,5.389478563169535,5.2850191648702065,6.860731192958902,5.4263213832534,3.4091430164186534,0.0,2.549376715376893,3.7153049871417405,4.535105025840454,5.668817110737329,6.495433300626101,4.968780838024081,4.711476927694573,4.857475119918889,3.7068777466983254,5.3681098218986865,4.791808569505271,4.889021711372447,5.637375488639636,5.419821011443628,5.942350158259828,5.718837555392796,5.155688864640662,3.7679686816728593,3.205614088525415,5.396721945773166,4.990408454066265,5.383803615822609,3.6307278704063473,4.032488145842658,5.818726620500286,3.1623801925525035,3.2349485743307183,5.849833279890732,4.928001569345994,4.701335641537395,5.676410208443693,3.990794754763022,4.943216598789358,3.8239846932646726,6.947328658469942,5.265102059747413,5.31891863575128,7.012408549953157,5.5231982138738305,4.376832175576846,5.69164072527301,5.562379555978267,8.065103565632464,5.548278730956567,2.41673827205938,5.893186304699484,5.662204894344495,5.95446692765459,3.3400679332834646,5.057061445988981,6.164716735987856,7.36923646824888,5.39935204482113,3.8260908691083024,5.853359270160004,4.459230639826714,5.467965838801375,5.811398954412407,3.9242837111510718,4.184491905826182,8.047393864900489,3.6656579526020687,5.8188829046799295,5.1421622414742245,4.857926213755677,4.438427102022967,5.277532492187722,4.511698802556069,3.7676025523936425,2.7311000337145312,3.9048623095957784,5.109570533651519,4.810257840602252,2.4973652331618506,3.4725619737209197,7.855755664823214,4.823230334771835,4.242415387149024,6.423600065163047,4.73982967742157,4.452818409026484,7.2205556981980985,6.474795652271952,6.392821130803332,3.6854009446387903,4.659589857980869,6.728811337039508,5.30390712766783,5.3698149130445465,5.004985970468126,5.107705292514594,4.104084264368144,7.859358712561003,5.4080992495504665,4.5754779185632595,4.498426010852482,8.575537389563564,6.4083232387977445,2.8758879852349115,2.6516541959160307,5.966491433097296,5.99019375988477,4.422466778562554,4.39449044594478,5.913976408778941,3.7110070333966365,5.10277570810808,3.7366990384658023,4.754878606455389,8.751731570944617
ECU,5.879212991988616,4.456311340558853,5.418440256310765,4.051841765960068,4.540423433236676,3.878512800384893,3.9498558830368746,3.606396060426393,4.84684445402357,6.0788955692009115,6.065234753408518,4.807096343327121,4.679322721569129,6.154705816129972,4.991162721440242,4.4532701358092375,4.133768256620539,3.970653583014003,1.8904489184856796,3.341799986637821,6.282765587035263,3.9072756127469432,4.5401862552961125,8.686315581053556,3.951189467968712,4.413221422419583,2.520984410596423,4.035751476634215,4.904256498048357,4.510929166546283,6.030885023590669,5.4731114209777685,2.138921936965839,5.758290967467664,4.913306109591919,2.949233711545399,5.02605425165199,4.319520820846387,4.2335104455456225,6.779858623304707,4.420723379492555,2.750299224413876,2.549376715376893,0.0,3.847955896350276,3.9064479976425917,4.610701103694113,6.8144844316802935,4.057414944715777,3.769860944008783,4.048644974946087,4.8165814136992715,4.113153697528631,4.123394192083031,4.861246818838086,6.25139102576648,5.246327989856707,5.805958344409487,6.164296805099878,4.454897379248756,2.5845007160571036,2.6967309355617046,4.393807002451568,5.148364980969391,4.432569903512694,3.580251486052824,4.157090895244724,5.098300934950895,3.585672268944616,4.419044944651649,4.859365181726443,3.984869079484589,3.826002747461585,4.519057109587291,3.697350429111322,4.586558560213236,3.4228446681704394,6.464576586469072,4.288721316168668,5.1754981784553244,6.1854712015434,6.111931820896311,3.1568246728523484,6.164437524219547,4.5772034095545635,7.104545650797827,4.434511425494881,2.558177492963809,4.5920072809424655,5.617732200674527,4.81193606306155,2.4538217061403653,4.609378856491469,6.619147091993126,6.2631083321361976,4.690645667261497,4.442900571944133,6.3379125136336345,5.276022521512714,4.11173355810754,5.849011848681683,3.2719936109427765,4.769954833422752,7.986002140765934,2.9327591493828904,4.869685253703297,4.130665052865433,4.715173741247712,3.252053730449481,4.734850817066523,4.673530701117899,2.591996867061542,1.6809228724546295,2.9837925699571373,4.102845772937695,3.600434542497793,2.2631824093994735,3.950548148407736,7.149743548800876,3.8216708726852766,3.7189027301614472,6.923202324375202,4.761763069688747,4.53969923816251,6.0742941350947275,5.999442783445388,6.388716249789188,2.5049164453425705,4.180330299601322,5.959987035181042,4.396113417747922,4.350932980312093,4.194939156532609,5.639559546715263,4.864860758189649,7.993718321589443,5.091756269024239,3.259686307496703,4.625333918338918,8.595840159228844,5.2755662212165655,3.13071894339138,3.165484079434825,6.029109259371797,6.146117748062134,3.9265753155576055,3.5562203309240377,4.913759703176717,3.93221726812346,4.657503773366129,4.22362818562693,4.954509014383276,9.086610248756319
EGY,5.438972801475566,5.1255454288785165,7.29035161246868,4.715763926576757,4.727817563595001,5.778243749506809,5.9189773100697405,3.877365205241442,6.8784857157463115,6.2059995889095525,6.13055727260784,2.951821746659909,5.816259932205314,7.6320194369248,6.695945629694048,5.422927625986614,5.287636029037503,5.808065554000129,3.8170395815045257,4.720340751574216,7.9384558075796265,4.910669982004093,5.978727115674254,7.875219902740021,5.898701430734122,6.201433563041245,4.613719043636436,4.192088332229369,4.6592315099527575,4.587760674849697,6.173978408236948,5.669840856821807,3.4615390600606717,6.22696424816595,6.530271582612478,4.974359820081243,6.770969313394272,5.8811806223720735,6.026617817498035,7.918417207422008,6.650983234143551,3.164672651277988,3.7153049871417405,3.847955896350276,0.0,5.693139898292201,6.283088575724587,5.501851740604978,6.1210533015472075,5.829258538573849,6.001437043687304,4.684145994996568,6.068464236803139,4.6247633042429666,3.6259195768718833,5.693927546286885,5.108210275982834,6.405571626170709,8.009631292223581,6.319256114813358,3.489177610722016,3.889301939834185,5.932076582044855,4.603011683631548,5.716010644105479,2.2806304189908517,3.193038187450096,5.984098888782915,3.926738786853061,5.15610467376601,7.298816216800204,6.147295467455353,5.624802782279445,6.492273324910474,3.3478020439480227,4.200415250109268,3.4924939920153126,5.7002928156886465,5.98286504796572,7.140640020845148,7.807250347902995,8.251395673335173,3.2466245763010773,7.207675567670987,5.825223403185204,9.09019010801599,6.150197408772854,3.8498338879659357,5.2913132326265995,5.587885347885659,6.760094913250246,3.6673279058104553,5.453097131633936,6.242598995828986,8.384561778606567,6.107657977858934,4.210718012300072,6.602186436418909,5.298254854697559,5.740761454603773,5.9759829611572375,4.2907891068554855,6.074806407105416,8.418965144210295,4.648599828583352,7.01307551842694,6.449302419638382,4.3481621369087184,5.4899628050405465,6.950065896937873,3.895889931809474,4.216427645423342,3.5593446105976976,3.338100661067515,5.174841433083385,5.4134132987511885,3.373336670917914,5.367882231071939,9.432634426641322,4.64427714590911,4.694872365845895,6.44491709443275,6.153068121964057,4.991905960227158,7.848316973364364,7.476099377750218,5.586230929958452,4.490261223914449,5.111273487849936,7.270300089999793,5.843823356344993,5.92905209614173,6.337823166819487,5.518412409111263,5.223810040280741,7.765141607104078,5.474651769831989,4.865357486172893,3.388048729648436,8.454808980056992,6.620334834842939,4.359504976903924,3.9272565247574174,5.141070330714442,5.3489373158261575,4.737101148109303,5.427574014794119,6.065210943220989,2.8554225539321516,4.014250208277307,4.993828194129507,5.290439960216018,7.3958065791010394
ESP,8.22953391436246,4.668189144526468,5.097128452283939,3.9128693541522095,4.2803915821348495,2.4793876895009075,2.5331442377985067,5.309280493261085,2.7966828042485896,9.115184190550131,8.93870014265828,6.9917179363005815,3.9391923290170188,5.575879788266238,4.304960169952254,3.6542378483706983,3.8680033061039176,4.928256434382234,4.97704625438905,3.067924833527859,6.508407909247449,5.761130297989193,5.305335374356224,11.422268083796402,2.330816374431434,3.2676188009041964,2.3296674682369574,4.453001351174815,7.851341678566369,7.659907721093399,9.08084233698153,7.783794044715045,3.2320434447193382,8.439214186676084,4.8875303070619855,2.3278969396951923,3.431660538244958,3.7394798342439284,2.7647730945308475,7.050928924443237,2.6356744439434148,3.988325932968648,4.535105025840454,3.9064479976425917,5.693139898292201,0.0,3.5039086008305267,9.637311458595114,2.3048077801182907,5.305197303403374,1.5596596421831441,6.42283780619356,2.37456052895142,3.8241777141644655,7.6077316235511505,9.053638373955776,7.9149156969017875,8.750018953745803,8.427531399316635,1.905750462569482,5.443479211502988,5.266539687972522,3.2503610970015218,7.5016723598677695,3.6489754122514477,5.856856013289373,6.219240349672826,4.40502476003627,4.22677666713183,5.957212739769576,4.257512690085519,3.253525314810466,1.5453335345144763,3.305595304400554,4.512926448416405,7.195155404518181,5.530922509464047,8.975507769021608,2.979608347738452,5.468249360883557,5.168705730300051,6.627201231002051,5.310408208253882,7.8664892171399705,3.4622720586104183,5.442667373776867,3.3873836710274925,3.9708960370316686,5.591410444069347,8.674766062936726,5.302913919274893,3.7924316875842203,3.7877548613898653,9.690376112598074,5.6707085482440975,3.523168251341025,5.676645548092764,9.169795920070971,7.845841434673043,4.212784305404264,8.521006412168603,4.006368862733821,6.663921141438498,11.254795896473674,5.475202395544836,3.1541329989539215,3.008328383943258,6.37373105489188,2.680855913682606,5.381213945852915,7.416929114596586,3.720406979474611,4.224861852639239,5.385973290218589,3.337130838259592,2.136602813981327,4.77183517395922,4.6906732864433796,7.792261208863688,3.609368442584425,3.2727072272814426,9.057089797587123,4.292971023892243,7.504705895351966,4.758589927551597,8.941829092235608,9.334516742823874,4.160110352106789,3.298476398909439,7.053132996874192,3.613078647183675,3.6991103738818407,2.189154877190149,7.013539341983413,7.002564402397406,11.318776019090864,8.225686955534565,4.717181318117924,7.20429616238409,9.739063782310682,7.031580052321603,3.4698960343475824,2.9774076683328503,9.234500405598796,9.221400504446747,3.2761224627475234,2.8679466151193544,3.6376653989234637,5.66687030732186,6.32988669527925,4.356161489312745,7.701835786967905,11.110955444602775
EST,8.758201577899012,4.54963313995727,4.3243312136950465,5.160955729724049,4.079243359080185,3.3610084779861755,1.7432980264944324,4.879709531875264,2.1440277814509057,8.988673623431517,9.047643859174086,7.649968682391401,2.717810454612415,3.910985686440201,3.977106814321013,3.331756308189343,2.638219167651345,4.2742767430541155,5.1126996999394105,5.449865005568372,5.555629295264018,4.920999538919048,5.3078285701843955,11.222239352115867,3.10275326751347,2.9597191281862374,3.561115320151389,5.849289182698442,8.028087429801392,7.933936333454614,9.353540643917238,7.87467419312961,4.895379827819859,8.315224399824325,4.741537533819002,3.5070018864164867,2.329313837651335,1.9019024310765245,3.039814816708621,6.981701667757274,1.9729346328155766,4.414521066471794,5.668817110737329,4.610701103694113,6.283088575724587,3.5039086008305267,0.0,10.003237920391497,1.9081504696389646,4.374379292058823,3.4176901120014134,6.412997074990958,3.2997501271129046,3.066515618798781,7.500698134402526,8.960224259833868,7.867123000519477,8.548706609724938,8.32371415737548,3.3284843676109404,5.774833503134723,5.3161732630640355,2.264522938928945,8.145212860241823,1.9320152669255255,6.492480608791976,7.415886539418253,2.9307904497333204,5.269109289342042,6.552204739001678,3.0693898464207106,3.3159180838390854,3.6052500446189497,4.48845895030687,4.074141276155104,7.685166675655038,4.8755070509626375,8.275834572481997,3.3959472363661036,5.046988867936262,5.804507767075019,7.213556851182239,5.564681120041933,7.593537215636431,1.5362005404875667,4.187512313830261,1.8443262515603456,4.836551925039078,4.220057125532325,8.693503004139691,4.661335975711397,4.518098069848131,3.183969937523694,9.749024050983566,4.963389806121151,2.4384922647541902,4.706629481251369,9.148921601314587,7.838199945597271,3.3685893206594737,8.722911589222727,3.6159558780426604,6.9469166333018775,11.274647209782989,5.4372561042750345,2.5982485833766296,2.562060585544896,7.196672756897084,2.686806927786675,4.58819482896847,8.291461630425305,3.690265313880982,4.8440933956717105,5.613497158514369,2.527162132692283,2.5154890824839553,4.907203954515731,5.561221665613101,7.10879139409527,3.019611706283486,3.885258328605762,9.328684345184186,4.367387581404301,7.650381158895289,3.875614717843271,8.258275481619599,9.405625635512234,4.171122185720503,2.6263021753456446,7.005008468009538,1.893480761787545,1.3855338770027816,2.4362062817072183,6.74198831166177,7.8373816181971305,11.202333789575405,8.066588518788052,4.398464440816587,6.944514506284633,8.957252908045358,5.524705416677191,4.265808842878511,4.592306514125336,9.386022942987223,9.407805724298443,3.558237164169632,3.767433783736339,5.10115883415909,5.3484253547042995,5.71804929248227,5.585893994070538,7.784674105152714,11.126568605926233
ETH,5.442253918382269,8.441947630916793,11.020961613698898,8.49358520842873,8.357784677858566,9.688253379342525,9.821696487238436,7.372480692870842,10.590919276299227,3.6575398658764993,3.728360420353816,4.315747891072413,9.386069225487429,11.328773871888316,10.325652803516164,8.954848996365188,9.101646410298871,7.8078732463962774,6.174488524740543,7.964327980000077,10.902431271675846,6.8583104729167434,8.127598102648566,5.794663578381261,9.880136928029314,10.199227044594172,8.548873903171058,7.357961876337327,3.4138416574675783,3.74551168257473,4.621654276405968,6.490117130878544,6.911972155687547,5.085778266038628,8.342992312603805,8.400659300381347,10.220989858060332,9.64665231681256,10.040184403080026,9.13978910514687,10.381558096440735,7.0555929331730525,6.495433300626101,6.8144844316802935,5.501851740604978,9.637311458595114,10.003237920391497,0.0,9.960664156691434,7.932879063136726,9.729402913723098,7.079222465346063,9.91819528728955,8.396061356115903,3.7192823315489023,3.3493415826890605,4.1141059406530776,4.100593469210691,8.9799880492173,9.94539440582322,5.1178490057689885,5.560328426125734,9.52067642304759,4.967561783564943,9.347597854594015,5.283613356606908,4.63463385368558,9.852063049411143,7.82315663775422,7.504239750096033,10.546590013120836,9.574238475589597,9.556486482169767,10.36434005934164,7.605906607679237,3.972016080198274,6.187521492051492,5.204108979948529,10.069119611562263,10.175575174323075,11.243005407000405,10.44730666664404,6.48187936786893,7.512637632879781,9.74039455647285,12.367549189746773,9.900497410956989,6.641708832314635,8.166882308802437,3.0456267298905497,8.7469161662303,7.53750212848407,9.171710874972417,2.8072221760314124,11.1024680799851,9.581962240265069,7.252747344107309,4.281591046214619,4.566072592818223,8.962038245945415,3.6500080565255693,8.141015806482331,6.874185638255704,5.1980318343169465,6.426619002874935,10.464460565269343,10.200602566734284,5.044770522151214,9.190844878251541,10.195912422400166,3.395938185831318,7.680730239115876,6.508711503069437,5.5639310472820895,9.170970111516079,9.107802417178998,6.511825623799771,7.865644513051819,12.096548680937145,8.543704201547728,8.782203744960979,3.996312133015888,9.933018881929518,3.6320395282198286,11.616601757235141,5.774826135203674,2.8196634047295874,7.065024505153787,8.876216580649677,8.089287524678989,9.69748029541862,9.601721602821506,10.037123122397851,6.713157254166142,5.34295251938788,4.551564676139403,3.7830169327610728,7.675636191238018,4.84682116164776,8.077315215958512,8.235545787226474,7.602453881685041,7.817084339006905,2.0842734742414675,2.2048386328379332,8.487770788589135,8.887258218324716,10.023829540633956,5.998604793951124,6.362759321719213,8.034295939252234,5.02682791905178,7.435220509512143
FIN,8.560143723373796,4.293930400849733,4.263537097071933,4.338415368563705,4.206884330262021,2.378483243392198,1.2117503621119943,4.736863584238621,2.192981409744536,9.249020764260722,9.034818195590017,7.462974719280542,3.1058551639499674,4.252795337273981,4.172454808837093,3.0939990767279895,2.7148437181816734,4.666337163662059,4.789373217474866,4.335676021035155,5.327983059530506,5.10174677546072,5.088083728971249,11.484216223350836,2.2067471578005633,2.977283637571339,2.6955812872058655,4.988828496717841,8.136151592098498,7.902691643154473,9.254008611017994,7.759304926435839,4.092612693419534,8.541025125008064,5.034839061849488,3.0416883412848046,3.138189484596059,2.28473982443135,2.142220254678405,7.472033233511984,1.5102260111569972,4.301791865064063,4.968780838024081,4.057414944715777,6.1210533015472075,2.3048077801182907,1.9081504696389646,9.960664156691434,0.0,4.577153445093492,2.3257308557516256,6.38229871684979,2.5312916226963105,3.541258598335838,7.751116862992429,9.08162598855568,8.187872142567572,8.708045591334677,8.051554627017472,2.62806276445556,5.731491018187465,5.409979892163895,2.1326152211042153,8.040794010240937,2.488172293326911,6.1135740968259125,6.926829374481461,3.6810160681225192,4.5599690514091975,6.064894890624124,3.2151941606295624,2.994515171358956,2.2721221231645323,3.2757519810815983,4.264239629191243,7.569566807145302,5.198634872999081,8.762495227008516,2.429415395320392,4.773601875404504,5.3828444640995174,6.417021987862966,5.30373553283225,7.6099529427542,2.280815038955696,5.0512959677517655,2.17568126088655,4.4143080277096685,4.6431747405943655,8.800408125550915,5.245519577091969,4.126313658418933,3.376655471208659,9.823403247868526,5.601290901518181,2.8319271251887392,5.116195188511454,9.214888968999992,7.961313856328522,3.7956227860706253,8.694039110240698,3.7097386720203818,6.778351614430231,11.267689968087396,5.318467966753581,2.6597958198619844,1.4743813037532258,7.138140998010539,2.1684907616448843,4.131877712198009,8.011764573910833,3.7386015378619573,4.384545833658283,5.576640267488525,2.3666503390512057,2.0507046922754255,4.709563909260816,5.283368460213802,6.845422108888067,2.886252329579438,2.9643525842901046,9.397092199622701,3.4601423465977215,7.718941334546931,4.420166848409924,8.498363511533368,9.577603850255763,4.042277344580961,2.5569928539333104,7.422987631573216,2.320991535216797,2.1537379627180315,1.603007498067903,6.833275938842166,7.557039324495153,11.300999541667418,8.245730962199005,4.287917408189315,7.037134052081624,9.35659985750029,6.002721397434067,3.9758361128413457,3.8785666913820322,9.379078334824284,9.452081181701473,3.152910760297002,3.185871264004019,4.279617546064339,5.3735917868738525,6.069598277945815,5.018613743191033,7.773829659614094,11.179535992247
FJI,6.943805837154697,3.863945093664529,6.416825432298446,5.626726691429344,4.1490765923779716,5.720027236694653,4.675709960502902,4.715756087718616,5.099677189397952,6.306783161162826,6.188070931638218,6.456066175340316,3.984038399780655,6.184312059525074,4.693930331883433,3.804742188627056,4.260070563349393,2.650513166667844,3.4420013832061294,5.21602358316002,6.4377196491268265,3.8857623468167803,4.057192151554922,7.982618401279599,5.540847160425548,5.533914703192682,4.7198088582527955,6.36868109230327,5.701404750726195,5.380252942751434,6.746452229117452,5.769309907505407,4.7059552086132035,5.394906289256708,3.8692980204934417,3.939474648400805,4.900833244628033,4.818947815995341,5.451775587030196,5.511559207622743,4.639132818072213,4.140858301505945,4.711476927694573,3.769860944008783,5.829258538573849,5.305197303403374,4.374379292058823,7.932879063136726,4.577153445093492,0.0,5.072439166857069,5.5197722989074895,5.397092077951816,3.4763747519237964,5.730286142182897,6.293073437243206,5.512775831990123,5.455587215235266,6.444868549162881,4.622185397604256,4.292935029251199,3.631487977202358,3.740227151283434,5.785469823653853,4.170142923575985,5.687122310497332,5.924023367436557,5.792243246499136,5.49670172275924,5.822371794132264,5.333749550979752,5.32610853106786,5.108310715824387,6.4037755916377135,5.332433070474667,5.237830919532026,3.8699368685623186,7.346603733772078,5.808682077066562,6.797194339111571,5.536572373168887,6.682846354355509,4.843991583273613,5.001328598752916,4.121963142482211,6.893481043702578,3.537794068150023,3.667359407218688,3.414508343678445,6.050955474813743,5.024691616472973,4.732216036382455,3.8434734609167935,7.043441152807226,6.70048683331187,3.7872518810459717,4.782136484395881,6.3392192405027155,5.654956858086016,3.2314671517711666,6.066482581778978,4.841952981592627,4.735699656096028,8.365218268886688,3.2840789261173264,5.252510908941498,5.112404384340222,5.2705142182910585,4.552061840188026,5.336519569774129,6.101130229603117,3.981602762507791,4.351041068075004,4.490589606784377,4.755040283501335,4.251287849532566,3.849650420263551,4.6435222881502805,8.330394170407954,4.066796575687002,5.163138753977784,7.3821627718644365,5.689290769054014,5.464167103586346,6.645005261265486,5.776268663396248,6.766414936285353,2.9119515644250233,3.8667535056914026,5.184240584928468,4.132547428129186,4.50062690205745,4.994054595391908,4.651275015045848,6.064411236562099,8.396898579611111,5.158237446168448,4.663228217905471,5.374431060604148,7.969364221459586,3.3310447494203,3.6157057118611613,5.130736358716277,7.279761860708511,7.327302827459103,4.041537868482108,4.0716606403779085,6.771233478647489,4.951882871367681,5.525039702940875,5.03875194498763,5.765523499256315,9.823822276838925
FRA,8.473951690896904,5.024989654562431,5.2909688999813005,4.145261687874187,4.698506484673915,2.539795225729274,2.414200238487765,5.701571589048771,2.4031710226251928,9.009013057582125,8.847099502802797,7.203721951974261,3.574361502767255,5.379995687166012,4.333407778079283,3.8879186022274097,4.060315970927536,4.940942385140066,4.920497490709069,3.1594289090578536,6.722212868876399,5.985540062025773,5.220398930100897,11.38248129887627,2.321951004341342,3.4171587067007327,2.9712652803895327,4.610163708446723,7.764456327964058,7.613438944626471,8.953388375718623,8.014516841918372,3.691447221230563,8.39386179724226,4.973066372522079,2.7590848213103003,3.4690916671966945,3.464398265951364,2.223586343806586,7.088946870534877,2.2068304576750806,4.163323503460039,4.857475119918889,4.048644974946087,6.001437043687304,1.5596596421831441,3.4176901120014134,9.729402913723098,2.3257308557516256,5.072439166857069,0.0,6.830523758504259,1.5944039397438963,3.9332539103413704,7.72075266899131,9.11020284314991,8.002757844813008,8.625385000358335,8.452805607234193,2.0885520727086435,5.425014090325245,5.43905770451557,2.9858565338001024,7.858984462963282,3.3990514323506265,6.066249943805474,6.349930030661591,4.711099981033821,4.731759093750515,6.148096293977301,4.285027911260188,2.6544952726217086,1.6157144888270503,2.9619591527100697,4.729093364340581,7.082874775440606,5.53929407655526,9.173162044214733,3.2304282112225837,5.623473374107337,4.826366324808138,6.814623805667213,5.47989497627309,7.857174429889469,3.4641455054671266,5.444533245700329,3.212126886122019,4.25113331602171,5.298368055010688,8.587634628635977,5.476991271769463,3.922783925998777,4.295128050863825,9.705465216735309,5.795826247248816,3.6363886268423364,5.9870539344039075,9.103724575317864,8.05047731432944,4.153699062990888,8.40312671974792,4.35727731086922,6.819889972081968,11.094776169792473,5.619257351971588,2.7284674892320857,2.908426389363997,6.652120458021008,2.6933718527269455,5.18037955866489,7.391981675115205,3.9050066159664705,4.376135731400429,5.294852590119783,3.109262469252859,2.1325299579526664,5.144618644005423,4.916683253788976,7.781745537942717,3.3524419250773807,3.2197104774703047,9.206174148415966,4.1967466549014105,7.547582676669623,4.910799411281053,8.799510957992757,9.414417824818507,4.159376245638915,3.4748067079099774,6.955258441746913,3.5233264743787096,3.754679698638243,1.9638164762575188,7.1672626821871415,7.3512275239566645,11.300912402557705,8.078525212937357,4.686022404851975,7.346216394383622,9.44915674044543,6.737932118929668,3.8940305978677117,3.5896088373656125,9.279427057463625,9.298366048047628,3.3865843997088323,3.1120739574443728,3.1872657342638724,5.801010295225055,6.497388816323744,4.527820241155872,7.612908885244681,11.401172019503482
GAB,4.130981122208421,5.960858018027327,6.855203726967066,5.785719655360148,5.186163273413339,6.3592314874881835,6.35107798852867,3.9638951137573035,6.944567596775527,6.507109709120897,6.221094594796307,6.050202989793645,6.573692776732414,7.380722711151288,6.609131680110024,6.013012356942328,5.754473193128387,5.61427432150199,3.9364773359183203,5.952827757873471,6.176675077738331,5.552517761170876,4.199247587665838,7.650874211247191,6.427542249062701,6.46887526205605,4.962334205710187,6.477482532604969,5.431611172024524,4.830292113451169,5.943198858798706,3.071704584903624,4.526011081435329,6.89923397286833,6.17041818603847,5.412576252976562,7.097545240731126,6.433346201091299,6.886066059364712,6.577006232826257,6.602033243379343,4.229257109954431,3.7068777466983254,4.8165814136992715,4.684145994996568,6.42283780619356,6.412997074990958,7.079222465346063,6.38229871684979,5.5197722989074895,6.830523758504259,0.0,7.078234846447886,5.408050037289527,4.697063088144638,5.552147169558767,5.255869652105912,6.380209329253371,5.246424686103093,6.791245321440968,5.250111169355539,4.177695770942058,6.651310624469865,5.125457613938069,6.3527175161595375,5.00132080323894,6.101766553690436,6.010855477570629,5.163456810208442,4.01518555692743,6.762872646032014,6.344438292620987,6.748074530810429,7.645909509746847,4.709589436170072,6.003532949566986,4.613345894109313,6.771569615675788,6.7162803937148725,6.064458055753511,8.433725465813543,6.442699294541435,5.880031490054837,5.699534093663964,6.2046769681230165,8.500019517828488,6.504189824337704,4.583343364055059,6.857890611166743,6.306893447332576,6.9782101648331,4.992615125360445,5.614687253940278,6.374364069537808,7.7468520506185365,6.036367838392615,3.5007692374486536,6.340589896464335,3.963962272608792,6.452797428616231,6.771551939003094,4.905155241236804,4.38453449816053,8.569225075405786,4.655842017842683,7.184935829036506,6.434374142664387,5.675419572575346,5.999429300308383,6.250608783136744,6.157132137432085,4.273608570966503,4.211063320234041,5.249005411228976,6.446902108096744,6.440650253426639,3.481275545418681,4.4750747552887296,8.36727542249948,6.214956887179536,6.018618593114839,6.732964701539341,6.0479836686039805,5.157918296062625,7.608386741156547,7.292576671006696,6.3412621775056905,4.938207689308733,5.669377530503376,7.2336946830363456,6.169892601769463,6.121702336398088,6.339784558312039,4.626307189884922,5.182561151317777,7.700425221554213,5.814726400893388,6.436198764553934,4.815462669581616,8.838842028675947,7.177230721682696,4.600203878393675,4.618199930291744,6.217101750106314,6.206192934604089,6.0339792294092875,5.813710910388138,7.82356711147168,4.670963038465093,5.885339161105624,4.788048136658486,4.878524373776153,8.398565917644321
GBR,8.734008053593035,5.574894651398952,4.806089318012077,4.174033482048964,5.324947205620543,2.217634761075311,2.2310551044915323,5.618943886621704,2.3534188235216194,9.11572245285321,9.26709806864821,7.328492270979428,3.747410139391979,4.935220996321316,4.12436840812334,4.6462830056990425,3.988849492675546,5.4525436106787675,4.982922892040284,3.7390555331623725,6.8906567619555235,6.183202623884201,5.834380800768852,11.567371827714263,1.9460425042398009,2.7467076007396796,2.90998251176303,4.816169010070857,7.85761121902734,7.7389028715473795,9.148006923007582,8.41195357679298,4.058224819804933,8.639934737761886,5.625431392963753,3.2955984749863356,3.5725896995532693,3.0778778085553418,1.4790081031992726,7.679706782318358,2.174824150665526,4.212971312549726,5.3681098218986865,4.113153697528631,6.068464236803139,2.37456052895142,3.2997501271129046,9.91819528728955,2.5312916226963105,5.397092077951816,1.5944039397438963,7.078234846447886,0.0,4.367712356924189,7.751300420714833,9.435607515188698,8.17463910447481,8.9138194169056,8.600263425509338,3.1296716805975393,5.450028915107044,5.6910103382465556,3.4559574322498627,8.086071673583348,3.4330261852317983,6.075874272745383,6.675724379704926,4.4678670530733715,4.829005537278803,6.676097339608737,4.004311471048493,2.3682605363017726,2.3623900811977525,2.304305036620641,4.4158307522549265,7.365632747030188,5.683582030044971,8.881463145441142,2.838505507711949,5.3159994473877825,5.185812861319023,7.1412821607793715,5.518411555559412,8.311229782507779,3.590301534070041,5.203911531846022,3.3978091560633823,4.823689759057176,5.261266466900833,8.783608663807204,5.646624562295249,3.6056147339485918,4.880986628113514,9.944390904224484,5.434031098343803,4.262780308825374,6.202110679212607,9.448258561386492,8.408012693094188,4.447221460875243,8.806085741287216,4.124474036933445,7.299732697654056,11.29211782051487,5.805548846880168,2.433196909311402,2.673335182029264,7.084951265981076,2.464493027754249,5.059777092910861,7.65300871588221,3.879536379220177,4.246715287055049,5.2826347929866815,2.950189930361911,2.5926368981424313,5.219779192019602,5.532503938411689,7.309946044111297,3.519286577123542,3.093431695547103,9.594322927551751,4.380341181860714,7.717876395574668,4.338291676173904,8.9305827445652,9.540770356978523,4.414772025624705,4.018481584087128,7.303336914737359,3.6076798989861665,3.6897311045272176,2.1471144869300245,7.815338933730745,7.73162870549273,11.408787510490123,8.24588477826043,4.376867182322659,7.609235900735546,9.972787738603154,6.965308270606145,4.639183966237021,3.9544011311211817,9.308078007895217,9.385514915069864,3.8556526552312542,3.515344230655074,2.584516320279428,5.918491006004014,6.392920765714184,4.974253315350559,7.747610531904856,11.250034985417035
GEO,7.62260243514242,2.802591575692028,5.8523641243916265,4.860986240257688,1.711324769621144,4.706500632837293,3.574566206355733,4.317019692281897,4.010960929893231,7.623763281979094,7.582239039343025,5.769970081491065,2.5913138051880846,5.5318348354317655,4.232986502119821,2.249406676039981,3.205530758359671,3.3517644134777584,4.299989713973496,4.652446706952583,6.583417665573945,4.309530796545657,4.70086580531827,9.354404101099282,4.484824158235164,4.247122122347267,3.8732468379075913,5.309553268649759,6.580741937209522,6.53131636910044,8.094209363277601,6.582218661734441,3.9988017495069177,6.76059145045337,3.7086365830199695,2.958113850991659,3.3928498603885564,3.748377812702191,4.40613214196182,5.920010919014219,3.8260293832839842,3.1908049517946013,4.791808569505271,4.123394192083031,4.6247633042429666,3.8241777141644655,3.066515618798781,8.396061356115903,3.541258598335838,3.4763747519237964,3.9332539103413704,5.408050037289527,4.367712356924189,0.0,5.848583524831879,7.445427740899855,6.231972361804643,7.196491256570191,8.291593302578155,3.2081050883006026,4.625088728055797,4.095802404827304,2.4543209458208075,6.32022955240238,2.765332966211305,5.12970832527528,5.690800166107937,4.2059556395226165,4.785721469749137,5.80327911933238,5.13574885522197,4.6132305739981385,3.8052677494435776,5.5859619382978245,3.930553047491724,5.854692422478194,3.6550296093982118,7.40290961784037,4.615500048404901,6.732818147236907,5.332977470239288,7.8082727346534195,4.307989266173922,6.703363153926637,2.207055508877772,6.0985263737252176,2.5115661396433224,3.6166026093186856,3.219234127807147,7.262461354097804,4.938197171221809,4.188493705798116,1.765207322190576,8.325797646901792,6.295633131900612,2.094685546325964,4.0371781170972225,7.886185754986921,6.552916424117118,2.6779675390872475,7.237459615329145,3.8228534031166657,6.125716703711446,10.08666076842168,4.465151556751357,4.4435079662640575,4.4961003817539815,5.046671365191031,3.7866577222053315,5.7399868992360945,6.5727619153777805,3.2957240594691295,4.304212029043528,4.340695858088542,3.220645369279215,2.854267096644778,3.9881418864877363,4.572412377217486,8.772583839052462,2.647147279447356,4.131025343300554,7.7821524077000035,5.138882765315701,6.548536801387429,5.558829686670703,7.749321905824537,7.663865086518859,3.1908952152028065,1.946010887018374,5.9370661732052685,2.954957322213589,3.271044450646179,3.9733180813919615,5.028356792143377,6.656014637224901,9.866012727367783,6.633741403467204,4.544095681463957,5.137779610896847,7.911939287781265,4.861147547996956,2.983736508142795,4.03277885034118,7.982759695228319,7.961991945359095,2.5438816189517577,3.3979002401682017,5.576323972284995,4.164826267315652,4.814149752614074,4.785430132207635,6.785360438276147,9.937652843984214
GHA,4.538770118154127,6.293283890866403,8.382773280701402,6.679209246592352,5.934620033467727,7.689471745762199,7.443488617519033,4.968707675750689,8.110008409203727,3.460262060642706,4.094760721160855,3.289949460396589,6.782621814925727,8.593131364301282,7.9136346184389,6.866968197281581,6.490994381248535,5.903041281163944,4.008271128991416,6.463357743901941,8.7565945992586,5.18850572712208,6.213421554293344,5.6236169496593975,7.744902497475415,7.588676870074239,6.3179132508530405,6.0633728234066915,2.605767179971321,2.821622653419552,4.4452454358547495,4.636093855969189,5.136771413061975,4.814246784828586,6.476378227464361,6.285884037758902,7.875106366733365,7.091656415303722,7.7386556650336455,7.137278094424878,7.968487979268062,4.59092181741969,4.889021711372447,4.861246818838086,3.6259195768718833,7.6077316235511505,7.500698134402526,3.7192823315489023,7.751116862992429,5.730286142182897,7.72075266899131,4.697063088144638,7.751300420714833,5.848583524831879,0.0,3.3395365001327773,2.861895084485186,4.181860027192397,7.415843180798967,7.846345671607006,3.2940161940533192,3.2628832170300224,7.279840632273651,3.7841816143699365,6.776751862104723,3.4923937649837273,3.905946357214295,7.12360710247446,5.9743835597822015,5.762044884138132,8.379721929871971,7.5212460627684345,7.521020743214185,8.378618741838956,5.296197368459789,3.4734217876338866,4.206971837460561,3.8539297627980957,7.775903851964775,8.074104001006683,9.05903585612546,8.858271535070084,4.7171900113177925,6.3698447907911255,7.077135433070408,9.81865788366237,7.381221214382519,4.83224115451323,5.958352699128092,3.2792269367956246,7.105847173810015,4.9945206608342,6.698480810096175,3.9409007123343,8.807239236702712,7.274397092333294,4.736853847909972,4.443104709761126,3.4319526390698973,6.603064647519187,4.4987927817892075,5.480214486251883,5.65741748063378,6.311436244350923,4.289291236344045,8.088792743226561,7.977695209797888,3.6940981623993876,7.048632464548709,7.923173501966994,3.419887051829226,5.092498595424653,4.267762820572271,3.3146071181566246,6.796260768284715,6.912981228428132,4.173117473378984,6.13635870537781,10.013391601266031,6.216855594201861,6.673334177931803,5.05628507249936,7.8135725738330555,3.0837525692493855,8.691318749514519,5.748124434219397,3.0988736907308865,4.6679274019550325,6.536041151425402,6.6777803693585005,7.13615080320268,7.149600902888933,7.80318699763262,5.331979995106354,4.826177653302038,5.318394690979097,3.132756030648802,5.527756152269353,3.463625753579991,7.744213848129203,6.604274012165373,5.469147880747093,5.733171734192018,3.0268036688413784,3.309159596432142,6.230981207215646,6.72099359624608,8.207558296933101,4.2111447703818365,4.196189870080933,6.3174147184599105,3.9556727675088514,7.092571804939656
GIN,4.077768714725132,7.600174260943853,10.06267425102166,8.009395640123195,7.426178032008423,9.203991036589692,8.935892109533267,6.437925078746833,9.54041655284344,3.28131885308265,2.06706289900343,5.343547484543446,8.370119790631845,10.196190810357972,9.305476444319345,7.907164413645449,8.02130193319343,6.492100469825037,5.278236038935055,7.635371991117872,9.394738493726365,5.764581650651741,6.305257829195203,4.674096330301614,9.270642484452429,9.54670269407545,7.895582240656359,7.584049426775619,3.1891097237447084,3.0530173603768236,3.509199373209536,4.5724564860141985,6.529436182103412,4.8028116674325005,7.209069872302935,7.640260864093926,9.373427847761203,8.708787915383283,9.414958335778621,7.180289175767672,9.340047172683791,6.404663801891952,5.637375488639636,6.25139102576648,5.693927546286885,9.053638373955776,8.960224259833868,3.3493415826890605,9.08162598855568,6.293073437243206,9.11020284314991,5.552147169558767,9.435607515188698,7.445427740899855,3.3395365001327773,0.0,3.564914836377667,2.919751184103953,6.984835920869532,9.160739395174286,4.9663343014168815,4.421493491633088,8.542276060295364,4.396042419632393,8.287230485530353,5.568521936074074,5.144918649886651,8.836562989291082,7.249039710933441,6.336103587534248,9.561668070000385,8.984261705982103,9.031900425581576,10.109041968134772,7.260403374177642,4.1196511654471095,5.189355502402104,5.575388219068776,9.51560736515436,9.045256232818721,10.32234432623862,8.69134554661495,6.509316877859945,5.116823915035795,8.67178466641421,11.196221828021208,8.744895063057456,5.623752086188143,7.36436101985771,2.430868640386485,7.979415125592456,6.9335263051177325,8.018922434117835,2.2249817730693677,10.102257346920764,8.472645394534526,5.866093899932358,2.26888936545873,2.7381043459516614,7.8781013877915855,3.1971800060494395,7.365662538824494,4.9638630807791735,5.2246773643214945,5.15033257514848,9.530357396258223,9.374345907330984,4.991990808641259,8.577402259366433,9.013762303398298,4.063423513756666,6.856550302422203,6.058916175417981,5.280380112386416,8.469404840845167,8.406604370674247,5.538664676218234,6.71942009930078,11.188271915152061,7.762956528018963,8.264641810530534,4.432208532326946,9.005596224092256,2.861284908387577,10.605138122611901,4.834336233527966,3.1042859394974305,6.054057108086083,7.845346244446448,7.2148409771222495,8.449328110265085,8.560843685103261,9.132667445246463,4.854435413431413,4.753573602965794,4.475474376980205,2.939835033745679,7.163824100174961,4.45853365333094,7.295091299283159,6.934523274281545,6.334925544369706,7.136257322485422,3.47623307115582,3.437448169200908,7.630779898634401,8.076142778099863,10.081391329494272,5.487343669387865,5.931358616266607,6.9941760761989356,3.673003097936277,7.455347919852081
GMB,4.91533254129548,6.771934530373776,9.314294122534973,7.1130735023777225,6.38903075243631,8.114396919890691,8.038385742802845,6.366122921787237,8.4710337137985,2.682431521753846,3.9165793364769996,4.69699254269957,7.351372244981259,9.325131029121705,7.498380863275367,7.240268399748294,7.466575660118349,5.158493961169305,4.530077750290915,6.65140912627232,9.417880967274986,5.548639531481287,6.123366694290257,5.11505719841712,8.262260586845894,8.142761821244948,6.80701830052582,7.319245045270087,2.2884633015085765,2.5918866368684075,4.617468611538569,5.209412604503457,5.558943241413911,3.008964219618065,5.578871037247784,6.141157963628632,7.779780959748417,7.992219761336246,8.545718107058505,6.180573960698974,8.27277362972795,5.039102025034561,5.419821011443628,5.246327989856707,5.108210275982834,7.9149156969017875,7.867123000519477,4.1141059406530776,8.187872142567572,5.512775831990123,8.002757844813008,5.255869652105912,8.17463910447481,6.231972361804643,2.861895084485186,3.564914836377667,0.0,2.7607441052320896,7.524648347665418,7.8067125188710325,3.4529814779352934,3.555130256954233,7.667786276361897,3.371762333943364,7.562980384022913,5.297622167586514,5.1674994390295605,8.095303016240585,6.832099112763635,6.642341232225769,8.247837902397906,7.57352773387632,8.023662103609077,9.017283068322925,6.305625009863721,3.3281097634415575,4.807732907220849,5.2814111397563845,8.701550987567023,8.705445387397596,8.787966640051733,8.96486326524997,5.714216075544119,6.0852978195999095,7.678309894956058,9.72062451995227,7.662553645279461,5.183971563506447,6.553932259384409,3.0879627150441884,6.500211798637561,6.092941457077427,7.092913582441726,3.676622474291819,8.478530599733945,7.201813246007068,5.7518760420171695,4.323269435585677,3.2093411200068673,6.663060376897006,3.8214148210371532,6.67248636124617,5.1158577552395,5.9571947359493205,4.5771992162660835,8.418129915871758,8.490137301959768,3.253012912493066,7.226572568777093,8.679577327580073,3.7268460685743268,5.446893452744095,5.020702029555326,4.551427760615713,7.82274030987856,7.243459132623011,4.846616471585381,5.544591764857468,10.724114107937963,7.10901035310324,7.728775906128869,4.400440802561682,8.705457916571904,2.6531055042415894,9.28226003757846,4.96963749099661,2.2718566852495767,4.944906258706358,7.167080449876055,4.671870656963113,7.888314422200015,7.80340796562895,8.122222412554944,5.344470251273924,4.307703150169945,5.407771099632209,2.3739331486302415,6.726639218359019,4.58741543528292,7.698147300596401,6.251025587361043,5.63376798366187,6.381032028678245,3.7594148623559223,3.599014627794263,7.011548084182017,6.565829454551417,8.688440023561988,5.48912284928847,6.029180175752942,6.451783994402215,4.159833445452492,7.729711007271345
GNB,5.462933652436265,7.422012005843295,10.069123970425194,7.958543494031292,7.357194119519331,8.831509956570759,8.673048877089602,7.075998169421607,9.151628013275438,2.4524069508055977,2.6170127778129366,5.760485718361442,8.042450608703659,10.072445615675747,8.49747912931844,7.764458609584502,8.118071344014092,5.481525679341203,4.930888817748544,7.298627161700071,9.607302528187107,5.594866540505064,6.203370671483839,5.040934183618935,8.947738111110253,9.225762523727587,7.705844012028766,7.843969787332465,2.8565966587929212,2.8966817472417046,4.1220074166550775,5.615524795425054,6.397165226763129,3.004841936368166,6.189336117293542,7.0571103883793596,8.644811847187855,8.5794881471148,9.171726552413585,6.8335558119173205,8.8609117649285,6.295788350643962,5.942350158259828,5.805958344409487,6.405571626170709,8.750018953745803,8.548706609724938,4.100593469210691,8.708045591334677,5.455587215235266,8.625385000358335,6.380209329253371,8.9138194169056,7.196491256570191,4.181860027192397,2.919751184103953,2.7607441052320896,0.0,7.245368977404237,8.534425585867835,4.344545792879382,4.331358611614813,8.113748445937249,4.683931950331888,8.1310958936009,6.1504737730586605,5.632143596195727,9.109708048007795,7.630003820674282,6.998812247797277,8.772636325153151,8.271773855575303,8.705707278980666,9.669852295714547,7.50490817669992,3.503425706807019,5.3063973799688,6.194697508868663,9.417222761102996,9.188297146404722,9.56729049394006,8.930265469751266,6.4743292200961795,5.399293558632175,8.432391911933752,10.588256755792413,8.273516136567537,5.726563970714972,6.870100856590105,2.2945657737472085,7.0101079877219385,7.123327132834847,7.94244955892049,2.985010823626634,9.317201808378814,7.917112540336749,6.567285481752446,3.1023424682650607,3.6436888537433156,7.259736650533804,2.476469009517291,7.615378043637744,4.984014183776069,4.735895787755249,4.928085077477082,9.030971615973613,8.981128526865183,4.592058547315245,7.91750310195395,8.921814798419973,4.122444634444748,6.582531605243169,5.85689429743287,5.2185002918849746,8.416932818454244,7.972624232733328,5.75153433055208,6.334283450757092,10.994241569667004,7.671129117698035,8.317095040691147,4.3489767903445555,9.145743593026234,2.7735144573661676,10.409296709777667,3.4408765512961894,2.9223399671572223,5.570225713970795,7.795003114483326,5.5517169431793105,8.43175376874904,8.41235430794659,8.73107156044196,5.342242870110089,4.680373806911789,4.807325827035324,1.773447779068397,7.095072962809457,4.988781290126648,6.941368988910261,5.940349305135658,6.370876509195474,7.382137501670663,3.977051592511122,3.8179364058821728,7.584976964794619,7.417603962705218,9.56105892146036,6.034858689232116,6.699634607599739,7.095544133935134,4.159185064781075,8.548063258839509
GNQ,5.805828147880554,8.666937754225856,7.510730708034547,8.476398967385403,8.482991122983076,8.097073287431417,7.89959722332243,6.333545448818885,8.397037058333861,7.421300926235432,6.727629743799845,8.812083102793519,8.834812199256994,8.920332477351659,8.299381702661854,8.354203636614091,8.084959504684566,7.002305409472039,5.462890447071903,8.025991939690874,6.422653872632571,7.400333792404151,5.245580570176365,8.657902061786613,7.927690024853485,8.107143039709529,7.109955021375328,8.612506419641543,6.98970838639274,6.070627767969109,5.882524834565615,4.244753264545959,7.08477497782439,8.17556348618105,8.205256478863417,7.658230499481101,8.966532000242289,8.168707893315473,8.373921113060247,7.677501171338782,8.071944798971908,7.208855133305748,5.718837555392796,6.164296805099878,8.009631292223581,8.427531399316635,8.32371415737548,8.9799880492173,8.051554627017472,6.444868549162881,8.452805607234193,5.246424686103093,8.600263425509338,8.291593302578155,7.415843180798967,6.984835920869532,7.524648347665418,7.245368977404237,0.0,8.731049103091124,7.167303828043923,6.08259506094713,8.575582563958172,7.457713972036622,8.474268755465923,7.6444070356194675,8.084732103873774,8.107200658257135,7.707878050314351,5.13582550780179,8.03326731240879,7.859393493517323,8.515063603502101,9.004060391612963,7.543987373118822,7.751724626596243,6.865531622812288,8.78957348192563,8.379628802157265,6.643498354957675,9.907684094611716,5.512047639014197,7.780614832993354,5.407541412271147,8.469930606607697,9.544837214514725,8.38140562435172,6.6616868905869175,8.884174331115732,7.233728569596843,7.965219647874521,6.975813763949825,8.30677239609327,7.1359190986853145,8.735683651630424,8.3770319534862,6.780652492805357,6.570185266383085,5.748608064313758,7.896960053179393,7.66788585636277,7.089807234706261,4.396498476806304,7.826138337930194,6.0330590959310255,8.55432001620009,7.714221335959482,8.599950983156992,7.871829347316712,6.315620259932422,7.9015057022712165,6.40980786056817,6.411863963419885,7.154536731404508,8.471329576949206,8.364054310200698,5.874826448604785,6.588413043133544,7.467677479450206,8.466942375374195,8.059745291422296,8.393535121442836,7.439943732690771,6.313521173752013,8.936560013279424,6.970625500837217,8.281128328340518,6.856340928188174,8.18774422482189,8.762624681427273,7.790369773279414,7.882926061538787,8.000705433800036,6.55913756676748,7.245688100438393,7.595559970190485,6.695239451935325,7.699607955460979,7.426415085096037,10.700492785699046,8.24607935704823,7.020115112647026,7.46560877612266,7.7344214176553665,7.633986265207599,8.55907263090567,8.262476511323255,9.516098475178257,7.780041075663417,8.119095424042895,6.422321990400138,5.444531928316364,10.884651888385388
GRC,8.757364458683796,4.17219225700767,5.688847276435582,4.663856851667723,3.7690065581195396,3.5605181670044472,3.0543560803809813,5.894014939225248,2.9224170033964496,9.070942141957811,8.956996144061943,7.3728719570031815,3.402423860753049,5.6979100999117,3.7810947788034808,3.008955938014838,4.129087065356822,4.1763379317746985,5.269555329685713,3.7386279460077323,6.771323726387123,5.835901031121374,5.184859074589567,11.170537350955435,3.3395729208282874,3.9293153311977487,3.427108490035922,5.418657713196856,8.017457267294498,7.866826792120448,9.356063192010723,7.933578645942343,4.056744939665173,7.996275117487209,4.023504902220504,2.487041253419142,2.853284973642603,4.123579230014231,3.6096859466433058,6.4709233080332265,2.813624443802116,4.356139791815951,5.155688864640662,4.454897379248756,6.319256114813358,1.905750462569482,3.3284843676109404,9.94539440582322,2.62806276445556,4.622185397604256,2.0885520727086435,6.791245321440968,3.1296716805975393,3.2081050883006026,7.846345671607006,9.160739395174286,7.8067125188710325,8.534425585867835,8.731049103091124,0.0,5.701388010460758,5.433796564932423,2.6475606091156445,7.620945418217543,3.5986462543007423,6.496090904820952,6.6404080861325845,4.975692836089649,5.079286542028558,6.427050935667193,4.438807968208107,3.7509227389734594,2.16426715936172,4.333555576784853,5.161521413676088,7.163930631877772,5.681615730321002,9.381875009818902,3.950025249408655,6.447322734791457,4.347049823277129,7.160480970239148,5.644423347547493,7.722362285853613,3.1562971028169753,5.192563315447733,2.8037567596810855,4.326281683865921,5.1763123327127705,8.751802686506757,5.05394543200891,4.690893176305783,3.1853427811230333,9.833951311807152,5.767547389365957,2.4912255358424,5.818066218363015,9.235827363132422,7.9859125041054835,3.4515514671512513,8.47712229140157,4.75047202443586,6.756830426819547,11.276540778296813,5.553311877727196,3.3993958367360637,3.677459853371389,6.17858865808211,3.150479892258352,5.763390333140398,7.654526402050807,4.083729938269781,4.945292371672264,5.747816537260478,3.723822085059281,2.1371844788714305,5.280063154538574,4.750767982605099,8.400781393187048,3.7143822869666603,4.0757756648060885,9.112509789260306,4.8648985524527735,7.765775219207689,5.105128809563609,8.86218113108306,9.324875997253159,4.11234981795939,2.9883292928345466,6.326588922744584,3.642631569709164,3.874455164863349,2.854906746417192,6.7600137707964825,7.242840329877637,11.426306472942711,8.132065568300634,5.312011986869269,7.292313827021214,9.430310003604008,6.3378280301200824,3.5254648685329197,3.9546563273984066,9.576752376186203,9.525740435940907,3.1870020462567696,2.791276448610478,4.383651740301556,6.078035996088788,6.772944018641832,4.671086108519182,8.017498867340851,11.557237423874634
GTM,5.605536160584261,5.143972171646194,7.042343226716535,5.102346540530284,5.025212416684387,5.533012964677614,5.464648471742917,4.633298327743678,6.168478695844952,4.330744042906394,4.823698884695446,3.4457763131276558,5.202621164550707,7.145502743947078,5.843306955661574,5.367131920434677,5.33761048247389,4.176499274354689,2.6010783773808375,4.318657394052364,7.763229344121149,3.835821994181288,5.227072779003566,7.232987604065124,5.687997663200928,5.765852847764687,4.433548008545982,4.628342256755575,3.0496179328915054,3.300312171669408,5.3838265963094445,5.681967960997313,3.2847615334346263,4.408811292310483,4.730374388555506,3.986058186149531,5.873723085470122,5.513091700356992,5.782871122021269,6.427042597401312,5.9260651929131845,2.898983947417189,3.7679686816728593,2.5845007160571036,3.489177610722016,5.443479211502988,5.774833503134723,5.1178490057689885,5.731491018187465,4.292935029251199,5.425014090325245,5.250111169355539,5.450028915107044,4.625088728055797,3.2940161940533192,4.9663343014168815,3.4529814779352934,4.344545792879382,7.167303828043923,5.701388010460758,0.0,2.3927564249915414,5.389725105013289,4.1831476781874715,5.306921278374116,3.312059558533354,3.4990749386425457,6.090664491651722,4.872003428676219,5.384202357905389,6.360689211891418,5.318251753769269,5.3038550364936015,6.060856147119304,4.316272706059135,3.1315174949913467,3.6549358270970687,5.160158895265573,5.966565304708335,6.638562322146656,6.96705975440971,7.725076760886741,3.4384389931914385,6.261290730616675,5.566128502069086,8.100446074337958,5.573212540186017,3.3085623984623105,4.549405953901412,4.137273481712655,5.132618557837913,3.480543848958309,5.5019943736358865,5.265358084366417,7.1173201653103195,5.636912811851847,4.924052137326423,5.463598452299356,4.583206486672,4.648869942037556,4.582155142640391,4.426926207009266,5.096665186414741,6.908541794554587,3.5282450567339962,6.10692498650631,5.93747647151987,3.365024580497398,4.813012304965848,6.453899129063445,3.221958704788307,3.3800007698752212,2.699008562927536,2.194904949165095,5.194159682301517,4.658668401557763,3.2342812989861107,4.904102033179882,8.67966198439536,4.521164343174999,5.049634688860741,5.661114482902225,6.341341739619611,3.204840167213779,7.1995621910770335,5.375847434066345,4.5043131837894155,2.7412936582850747,5.156666926835085,5.097188819011498,5.658602839218905,5.6223072019312506,5.773879220559091,5.364690304850646,4.735201864600863,6.784902406569071,3.523860557359898,3.9041083926860494,4.2932511347522055,7.560655132107273,5.372238262530812,4.021624513731437,4.349327258951732,4.627290631634735,4.769530219097109,4.795831673463066,4.512341300009127,5.885425041089991,4.152097922043748,4.385227068933848,5.1091542636522025,4.321229500275037,8.321262842610457
HND,4.594516782884462,4.8693181986625715,6.688911371043274,5.189343683561061,4.493288214918852,5.640010263501606,5.183753372844554,4.108700917195363,5.740844628252027,4.648064886573537,4.472771242412926,4.388795864171631,5.103539151121865,7.145897718664907,5.870919661419474,4.817473303984226,4.770599216927203,3.4837879126880975,2.5119981449276803,4.71397707653273,7.168503147492906,3.7947201122964915,4.063208822648048,7.186329392522329,5.577212306142446,5.534923077024681,4.187874822513138,5.137162816906051,3.682406813458082,3.3908307491028333,4.670393146115718,4.260437420754949,3.3380321125308376,4.697034452192593,4.278423309167222,3.818995799153385,5.556444852703777,5.232480033314753,5.795176287194722,5.253554997691707,5.618862697291316,3.4162655777349977,3.205614088525415,2.6967309355617046,3.889301939834185,5.266539687972522,5.3161732630640355,5.560328426125734,5.409979892163895,3.631487977202358,5.43905770451557,4.177695770942058,5.6910103382465556,4.095802404827304,3.2628832170300224,4.421493491633088,3.555130256954233,4.331358611614813,6.08259506094713,5.433796564932423,2.3927564249915414,0.0,5.164593693957058,3.845725437701681,4.933704564225885,3.945223872297432,3.995027024175004,5.3851547010080365,4.486766526159809,4.670492467807008,6.015598192777743,5.389701859886117,5.318917384829293,6.553234240093562,4.368134560516342,3.7581065179109134,2.764387536067825,5.349181914789028,5.97512117008041,6.287506523492238,7.102122218799614,6.529758479354692,3.609919793832886,4.687799143080975,5.103323856973658,7.506871438267596,5.144905617303023,2.7926474826435825,4.864388395048755,3.8825774879559685,4.833218794836493,3.539255950321161,4.753387887548641,5.124962966278439,6.551030922982921,5.009395688786028,3.869400597572555,4.491186224657057,3.314524494212465,4.450659547530813,4.339902032151484,4.049445316057395,3.6733357326517306,7.178043396533682,2.1159216356317203,5.783566783274638,5.808413012674597,3.7347436271170227,4.8920436075645215,6.166058236713822,4.032502064911661,3.065313862403431,2.8220683639660122,2.675516668358628,5.118291374503545,4.650970880477126,2.479836137529314,3.848467327886913,8.630530878330793,4.610908472670812,5.2265031214305715,5.277698706498481,6.25607321486028,3.024909427086365,6.7562385978122785,4.808804011319463,4.931632046304153,2.584316477954041,4.634996052757947,5.065033814174355,4.949317358220006,4.973527441361985,5.390702377130298,4.261648872796638,4.112670557050989,6.899464352287391,3.640558947427042,4.016803523088912,3.805109460411647,7.593272930533638,5.105838934215932,2.999310810267534,3.9538801339816634,4.977615472120931,4.800198048510274,4.511296725543756,4.628051573545795,6.751437804952917,3.846808908027449,4.131274066643591,4.430479337484993,3.419602866322093,8.112640001323358
HRV,8.769731815457595,3.182700018089344,5.244119364030795,4.963320747957106,3.2166560500785235,4.023963842141321,2.3592803179188677,4.874155729543674,3.0034407120899416,8.734751403105562,8.44507782619604,6.863543735441073,1.8049048599354158,4.466138223689657,4.247962135930116,1.8791504979589173,2.8094573575429376,3.933660203401972,4.851911363094469,4.628160299955923,5.928465393803659,4.515229767367754,5.0662955198127895,10.70027140960322,3.819998671361476,3.9881779487932607,3.8790600374380566,5.230414199067528,7.732291106115983,7.663382463210484,9.101257324528955,7.702171762273178,4.519435158566966,7.88697582080212,4.191582665662448,3.184216739060239,3.160692561826808,2.7747789286136832,3.2818026989176334,6.802885315590659,2.603194598734132,4.098313191934592,5.396721945773166,4.393807002451568,5.932076582044855,3.2503610970015218,2.264522938928945,9.52067642304759,2.1326152211042153,3.740227151283434,2.9858565338001024,6.651310624469865,3.4559574322498627,2.4543209458208075,7.279840632273651,8.542276060295364,7.667786276361897,8.113748445937249,8.575582563958172,2.6475606091156445,5.389725105013289,5.164593693957058,0.0,7.678223339042003,1.9129082086766147,5.955157434816254,6.510661570241403,4.201311099630833,5.1963392134010205,6.3044434359392465,4.602654523621324,4.18462635221899,2.7684055411901913,4.420487700593726,4.712926794116448,6.942772663202823,4.85224573736496,8.424134542645076,3.58123972974017,6.1251770859821875,4.80937705529385,7.390899560269948,4.967188211254196,7.275385404581158,1.6382518836138722,5.723539571534154,1.493653912480363,4.17849086658346,3.1839839032916526,8.312013357733118,5.238561049369214,4.494278821655697,2.4390486946427226,9.434529065224078,6.393175235544506,2.1385486332761925,5.11390180503889,8.82161190226966,7.822922121340706,2.6402783101579805,8.134222415479961,4.225133987740355,6.887431908091387,10.834772323796747,5.193142360649711,3.5984981271628325,3.2247181625992196,6.40456009953924,3.385964950452609,4.855896013948486,7.592378147271861,3.960726745904519,4.813234310185017,5.177100191540684,2.2904975609590843,1.7925638261925574,4.9053937547874025,5.578143535223181,7.95279710581468,1.9399109697953552,3.520323466466081,9.04717972467227,4.210824198842656,7.508853960640683,5.15341458978737,8.290609667108477,9.000995877959282,3.476264157445608,1.6014778701368315,6.884212411500608,2.0908851399603026,2.5392683933344253,3.0364992541797724,6.07996745953228,7.732752516961185,10.898585307088059,7.676333426118828,4.308624159800238,6.527272841654889,8.371906794137631,4.959109127379618,3.7885480795219304,4.53370395309708,9.115499934557088,9.22096720227363,2.430455962289093,3.2827239314122916,5.00196592574137,5.195814420780637,5.608764388702004,5.324809378332303,7.6729400574663895,11.076870011710117
HTI,3.961139094786952,6.411648761348189,9.472876704871837,6.035855339615849,6.457077246907187,7.999781028133403,7.996637489358884,6.185409614224212,8.615276564193092,5.067831108677893,4.9335545133641645,4.657603322684096,7.497947789789938,9.603499348880808,7.2647007022802494,6.926619218985284,7.262117237941233,5.802177052607086,4.702875013727807,6.027129472490018,9.755241845968182,6.17095494770836,6.001991640213594,5.65196873845101,8.10476066316028,8.134738107381041,6.422709407350693,7.143128959303604,4.06702816904834,3.5658923124684008,4.804352642422753,4.8888414933661934,5.145382184744783,4.291883565343906,6.394199345775109,6.064753380320101,8.249976923332104,8.227490817855072,8.366823460900946,6.761339412879545,8.384932581665032,5.092379681258895,4.990408454066265,5.148364980969391,4.603011683631548,7.5016723598677695,8.145212860241823,4.967561783564943,8.040794010240937,5.785469823653853,7.858984462963282,5.125457613938069,8.086071673583348,6.32022955240238,3.7841816143699365,4.396042419632393,3.371762333943364,4.683931950331888,7.457713972036622,7.620945418217543,4.1831476781874715,3.845725437701681,7.678223339042003,0.0,7.846334107709132,5.1350697910069725,4.598185024442231,8.281122004118991,5.5498644827329455,6.9010018427158375,8.59556059911689,8.036988322709535,7.510539825420104,8.715776669903065,6.339784699547212,3.675572978264135,5.136283066340847,6.537304955577578,8.504351675799466,9.012696819570861,8.013318089542375,7.727509062725851,5.040989121998565,5.695392185472213,7.804762244938707,10.207029850412304,7.5517180324044775,5.111799318065383,6.87576247448404,4.188528260930322,7.629805889038221,5.628288806055367,6.906456786744681,4.970635500519967,9.166549875413464,7.367135085598493,5.95754875340309,5.016459918692435,3.818395548276441,6.860957696131359,4.6276826518864915,6.882198220933892,4.725893933792547,7.628344742324706,3.9576464058909946,8.696015067986947,8.554096654348484,3.686822195960665,7.354089843830203,8.854578183251197,3.5322148417120998,5.539359232582033,5.029142467296396,5.083608920944326,7.836952806648457,7.213569709829453,4.467664195174523,5.456120905670971,11.344547952463293,7.028068438726428,7.325571068919698,5.495915535690395,8.578315921499454,4.158334444084036,9.46388032507247,6.426302183562828,3.621238527483512,5.203029163403066,7.0883161602854265,5.526528967227572,7.801602473873447,7.993485048774351,8.169324666719078,5.261103392630795,3.9630570986843994,6.8254479410184,4.28264077947558,6.948459212595146,4.9734780550005295,9.534095998378742,6.704922775069079,5.182104140862931,5.669408758536345,4.757195273213043,4.6580755530370475,6.6400892569964824,6.325873325164504,8.468222814206845,5.64237557402668,6.534248026787957,5.387814100025071,4.203961898990568,5.872782723752444
HUN,8.49402585410923,3.9654029320452553,4.61970444035039,5.03519466415994,3.588884776044798,3.8985996492886015,2.1863394743840234,4.439403826252527,2.6195903207220916,8.474138674993176,8.390257894119523,6.837754484040611,1.76971580483761,3.9059417332635733,4.884521615465015,3.0330514604189713,1.9035239231129852,4.547848175976175,4.749972630663414,5.021330568575307,5.791558237455403,4.492621912711876,5.3322614179744345,10.676071089674357,3.6311123512878396,3.656655867340844,3.7311866783780676,4.979683677179319,7.500314643493208,7.498968875678248,8.872988067443073,7.584066614416591,4.587320291779849,8.222596710096479,4.776394322623441,3.6671833832518157,3.3432924957373054,1.5395603959183268,2.9043618777273323,6.914854954606341,2.5122387661370515,4.058284228517137,5.383803615822609,4.432569903512694,5.716010644105479,3.6489754122514477,1.9320152669255255,9.347597854594015,2.488172293326911,4.170142923575985,3.3990514323506265,6.3527175161595375,3.4330261852317983,2.765332966211305,6.776751862104723,8.287230485530353,7.562980384022913,8.1310958936009,8.474268755465923,3.5986462543007423,5.306921278374116,4.933704564225885,1.9129082086766147,7.846334107709132,0.0,5.624493226584355,6.516064588825387,3.216723272427486,5.042652282824271,6.123469094570467,4.421457808880076,4.0120341756591635,3.4460991541181936,4.437430313865582,4.1978278692526745,7.112628007937552,4.588396935331349,7.6951897172461425,3.2506862219100348,5.3966971548051115,5.834190264044241,7.501013738537424,5.230949767241789,7.411306319490427,1.3814637150208298,5.370964542381796,2.0834765716542116,4.212477274752995,3.3812719513076517,8.126976207923594,5.34659836920898,3.951550379745508,3.012376598758478,9.2542477391028,5.965359259936846,3.0327744735611595,4.479925281668434,8.58103498445749,7.586921486365843,3.4297617750213303,8.243833581099926,3.2098460675096887,7.062276494723888,10.767847685411523,5.147965500442964,2.995140763425833,3.1389848507370237,6.558692434834957,3.358912742180624,4.642349378831182,7.6553162579218474,3.8886148198006976,4.453820405573654,4.746020327711644,1.591794013553662,2.433212439422177,4.731311520395623,5.779715329615387,7.448382653789307,1.8965117259887443,3.2551849278426435,9.086044333669875,4.116709522388389,7.24644214015921,4.382653700171027,8.180666823005224,8.920650739926439,3.5348624088946914,1.988187758908582,7.342628052299076,1.7350730265688672,2.0505990194105843,2.9092498040001153,6.441546773773152,7.66522111152897,10.685935627003618,7.5829959296313465,3.5559635755859147,6.415688901495177,8.223218110869734,5.483366601886797,3.9552289984560858,4.306281290299722,8.842923496042653,8.992343185649176,2.466397991836132,3.792468830562342,5.162605481330584,4.677261511175798,4.740867577792986,5.635427249445499,7.466619096361415,10.866569152552005
IDN,5.865023134391988,5.048144535991361,6.779841263761505,5.226010581364093,5.013119813071566,5.828220855983731,5.9440127218774865,3.4560841578761528,6.957468434932074,5.736418007989531,5.775992879343726,2.581095721812168,5.722156697493768,7.248216597425673,7.268676073299919,5.577526746696076,5.128528487200943,6.148046627835415,3.2521893361169654,4.639709930340069,7.393622536273778,4.696768199844244,6.144703756394233,7.783714941850693,5.952591997854473,6.338379448006194,4.673683004229298,3.195665164388783,4.450888717919589,4.4180407758362295,6.000119576621717,5.557071685154371,3.5439219920567813,6.490497141621782,6.638448681476245,5.3023594150606765,7.18764413785906,5.7256332315081835,5.828510944397816,8.314960826840183,6.6629468797636076,3.5275276225002243,3.6307278704063473,3.580251486052824,2.2806304189908517,5.856856013289373,6.492480608791976,5.283613356606908,6.1135740968259125,5.687122310497332,6.066249943805474,5.00132080323894,6.075874272745383,5.12970832527528,3.4923937649837273,5.568521936074074,5.297622167586514,6.1504737730586605,7.6444070356194675,6.496090904820952,3.312059558533354,3.945223872297432,5.955157434816254,5.1350697910069725,5.624493226584355,0.0,2.555988051557075,6.308979824271993,4.358449364243947,4.60011359425864,7.546695172322015,6.335113353242373,5.581012348730628,6.077008618066652,3.9222648869012238,4.273945646778044,4.28213637101021,5.057038060432405,5.515695873556067,6.8259988467243895,8.004358072097212,8.223104488730598,3.6109219528854837,7.2845598032045595,5.964403000894378,9.437445659338186,6.361353217716764,3.7541223445908787,5.125655896223657,5.397016191585047,7.092900731819894,3.463322901323185,5.7046974078711425,5.983841235297348,8.807319620577035,6.526486073491455,4.548223075430372,6.399387220920496,5.487225106966203,5.9818014510961,5.986226907718353,3.992445664314214,6.400111177222952,7.582447354832616,4.636963633569996,6.982529701034796,6.223332234895743,4.346559483435249,5.631577671125539,6.235394946226903,3.8968261628853567,4.53033606453872,3.0380376581733426,2.6030060399655,4.991955138748951,5.512661321332035,3.582165226058337,6.053804834918178,8.502083833855515,4.654610893836427,4.2610088164472195,6.539207077685232,5.5793150008535575,4.7236640593144825,7.877154337810131,7.177011484909224,5.572534625342544,4.048056364032513,5.142441670221514,7.906584200258843,6.009206959048817,6.089738199430977,6.442683851728361,5.926220682462399,5.57057738810897,7.049864367468226,5.110004613727064,4.018926241853525,3.770769948613462,8.302752864321363,6.890568742833155,4.834545532082394,4.292955903569636,4.7132578764399,5.218308564498618,4.634213713191355,5.626223831593652,6.033712721874141,3.2323111639721707,3.508894345699768,5.491805875699993,5.433711116888314,8.318965966858245
IND,5.771540979252855,5.692606691125712,8.137963498847189,5.777555684708113,5.708734054226976,6.712461167169869,6.786099721964905,5.140271233143014,7.577118102566458,5.38947427073285,4.965084235668205,2.6593520116562757,6.449072457671275,8.709113431026516,7.778072485812871,5.96780439619005,6.2883395548719045,6.092350741666031,4.109418782159975,4.615141349699514,8.75705116600392,5.4929421204458055,6.258806004237066,7.413261259011442,6.709729852707945,7.338942447638546,5.599600010235785,3.871213841407098,4.228333336855919,4.196421745857223,5.412714859231864,5.849138315026709,4.014434873252336,5.8426874592940505,6.620323156897673,5.682099065066326,7.641474205626958,6.847965862909812,6.699440816290316,7.880550760732318,7.456821934705869,4.5320482536492,4.032488145842658,4.157090895244724,3.193038187450096,6.219240349672826,7.415886539418253,4.63463385368558,6.926829374481461,5.924023367436557,6.349930030661591,6.101766553690436,6.675724379704926,5.690800166107937,3.905946357214295,5.144918649886651,5.1674994390295605,5.632143596195727,8.084732103873774,6.6404080861325845,3.4990749386425457,3.995027024175004,6.510661570241403,4.598185024442231,6.516064588825387,2.555988051557075,0.0,7.406752621768693,4.913632896176661,5.361103709518642,8.452879445147842,7.121020335800858,5.904607412128193,6.998700173347809,5.285095143049136,3.279214521634506,4.710183925158032,6.0225058047231625,6.688530942109417,8.148056634924885,8.076703139867817,8.39755407036376,3.901732204930046,6.843544206699383,6.875154493236995,9.979956416854074,7.028994761216099,3.942678411003741,5.881076145074361,4.597784232061666,7.212648840899303,4.408906119182616,6.341643205551353,5.4644306116575905,9.29825816139942,7.041004113313549,5.637679312500765,5.581897653019681,5.350157295046533,6.208385573628388,4.835637123999772,5.397126757993056,6.034985230878851,7.130840682132649,4.695623970235016,7.600693402404435,7.343602255409078,3.7210869946435037,6.511601416883184,7.582991124471367,2.610369085225524,5.31390906957946,4.1514220503000585,3.067404632460393,5.95149543091141,5.960844146820755,4.561750789447674,6.113235925343814,9.993094098469577,5.4379295490808355,5.3171735043018735,5.824609149555941,6.859281710710912,4.465396596446529,8.829920513123731,6.9179755150215785,5.155737928866216,4.622363424794384,5.862567979843266,7.460391142805748,6.753509679616047,7.044078096136623,7.177769547101705,5.787441567266357,5.0592793870231,6.921554257777804,4.730699006261437,4.90518392262715,4.171010044407912,8.345674614002313,7.08596466700602,4.878935219167744,4.821838604425779,4.635450989980715,4.8526951582732645,5.089551088543476,6.203135824789184,6.590996815878662,4.2873462138806255,4.464731902957378,5.239470337444155,5.112011557329822,8.319854998102393
IRL,8.348857082491733,5.585374137873624,3.6844226756401164,6.062414505841551,4.858010345114071,4.394008537115807,2.842616473224461,4.38130547471154,3.3532848820290284,9.05963153061692,9.155315614619067,7.45953767814836,4.294628820464296,4.498797126984076,5.468489893796944,4.723475118994864,3.558041192667198,5.457603067274088,5.68646764746105,6.393937158140751,5.46232415310801,5.410308009034864,6.001112745149819,11.519636822686797,4.004885168741501,2.8945937419933805,4.083377262298209,6.003209167755724,8.114132889988607,8.055789191486216,9.30600858446004,7.512041939778776,5.346773142962538,9.03408506727937,5.953887469743995,4.547219855716992,3.7224228711750773,2.783956758341963,3.9754816461980966,7.239188609839668,3.659785056827719,4.795503485842624,5.818726620500286,5.098300934950895,5.984098888782915,4.40502476003627,2.9307904497333204,9.852063049411143,3.6810160681225192,5.792243246499136,4.711099981033821,6.010855477570629,4.4678670530733715,4.2059556395226165,7.12360710247446,8.836562989291082,8.095303016240585,9.109708048007795,8.107200658257135,4.975692836089649,6.090664491651722,5.3851547010080365,4.201311099630833,8.281122004118991,3.216723272427486,6.308979824271993,7.406752621768693,0.0,5.6338803532528345,6.161244750798165,4.596786063810202,4.584297738328783,4.659496720604134,5.534134304834237,3.908116737102359,8.21660421260086,5.169730454300131,7.422643894639727,3.8645174140501037,4.610117715484879,7.528728964847258,7.641475488366053,5.653032231368833,8.045477292342028,3.1129013987444005,4.536899555425134,4.035493540220629,5.2490853668505375,5.579345395167639,8.809545782316786,5.077172191670583,4.358733249113026,4.151984392789031,9.62620316391806,5.048537623711763,4.351670538864054,4.540756093653014,9.157271060108254,7.575988602684417,4.443547877423304,9.174131576717045,3.041643539149777,7.186758368550451,11.296624845624377,5.863476525990447,3.7604836849664225,3.7812194919288897,7.592435392068808,4.231241884435877,5.019121537746831,8.485068299746045,3.7047074186225855,5.087463426333185,5.670866342733043,3.4206035034295685,3.7541914567092944,4.860096438137187,6.243627425557341,6.745157294646599,4.121832852310842,4.742064253321774,9.343191893234879,5.0057820972844285,7.582469111859842,3.1037464882687886,8.721775841003943,9.517681246373634,4.986359298978852,3.922685568157196,8.18891980518422,2.742380531700441,2.1761469535183515,3.712705062591635,7.0905704221598365,8.144429308830263,10.955052032899589,8.38053996937307,4.413709122571109,6.961634059862723,9.596821147165187,7.00623014480842,4.8392498918291125,4.778267311800789,9.150531711917278,9.144451933755956,4.774715233025279,5.309757348708886,6.084221705304724,5.585956905609232,4.899198195228685,6.169013901335365,7.662797384977128,10.922574173053938
IRN,5.876467845939922,5.029022936126161,6.5148823682908645,2.1729417757044835,5.159327429096874,4.030335382888984,4.712448253131382,4.3109413583893135,5.463559514381481,8.076526950954364,7.697826121073105,5.944283662647961,5.264575522795345,6.684528810396628,5.711671854083759,4.761649528240472,3.931042459607446,5.980300368556091,4.133270079819589,3.5978790063139585,7.406992446372012,5.453377156399527,5.526143861513964,9.694231817690277,4.22166017763801,5.438592657890391,2.9597722863538123,4.290436121904038,6.7112508266351565,6.200080123554595,7.2818264980597895,6.47502774479391,2.9667670859440376,7.476680337267361,6.567116614350259,4.2602017384680355,6.19124611337748,4.916178407774916,4.586960409747629,8.121840567590784,5.213306757294655,3.9479575594372744,3.1623801925525035,3.585672268944616,3.926738786853061,4.22677666713183,5.269109289342042,7.82315663775422,4.5599690514091975,5.49670172275924,4.731759093750515,5.163456810208442,4.829005537278803,4.785721469749137,5.9743835597822015,7.249039710933441,6.832099112763635,7.630003820674282,7.707878050314351,5.079286542028558,4.872003428676219,4.486766526159809,5.1963392134010205,5.5498644827329455,5.042652282824271,4.358449364243947,4.913632896176661,5.6338803532528345,0.0,5.773953677967047,5.554387573970535,5.07344309457063,4.315430404355164,4.979336317999354,3.7179774459609387,6.0973957606758855,4.413842048922982,7.807111601380943,4.7530389477811505,5.810082211152765,6.3869416046543135,5.683287534705575,4.505215430844979,6.938419424896356,5.246885346162014,7.894078100455998,5.01940324198653,3.7848141999036384,5.735783000658351,7.127399315689478,6.966199879783463,3.09955918383289,5.061949133835768,8.069167408950268,7.501808173369149,5.472568323191399,4.200131332773626,7.519967177720325,6.2627123108090075,5.857712241813088,7.305100483306141,4.10065163121953,5.905480086134319,10.337763876102956,4.151568604835106,5.471065527265289,5.043155494241318,5.8371617454215965,4.081355618886983,6.0220052878938635,5.6853340641147945,4.468772276023755,3.4730385648762536,4.925624261207815,4.570536383347573,4.696726548374046,3.423644775211837,4.648009188863986,8.792408352802953,4.398822604682945,3.474245904676431,8.144022732684679,5.016405037572371,6.323136783525144,6.90126598132186,7.986365534925948,7.645545738649437,4.546991660213483,4.520646424816569,7.463186399012082,4.9908495693257295,5.170954298633433,4.840717130546336,6.562298120165079,4.99649737218779,9.932366586461205,7.167662834670201,4.693764323351647,5.60697863596224,9.994320277452692,6.681942193683098,3.4094167575038408,2.0847406678247267,7.433600395491508,7.559813436874142,3.719583722640181,4.109691118646204,5.290373455435167,3.773474139515903,5.543230639491362,4.026370309106089,6.212688424679904,7.742740139774436
IRQ,5.9825494897832145,6.108798274418627,5.975927452718776,6.701355295689178,5.436054224274498,6.058653944238525,5.961051313073824,4.028077447438544,6.6275744155653395,6.898776078466939,6.0549992079146335,6.00022094808061,6.517737416517598,7.1815099408085095,7.482007225589637,5.7416829987616005,5.963312809095495,5.940415150620004,3.9915149009649546,5.508584824105177,4.946641593149549,5.419257477297057,4.56599348754891,8.764621054012906,5.985528846179284,6.522940528736276,5.072320680202873,4.964486283677821,5.965228724162177,5.552393832126278,6.228769343529335,4.118595828730673,4.4764347000938915,7.862247205985743,6.478929071310744,5.570797845598807,7.180899898706065,6.093519104165258,6.313003458222631,7.165938514157724,6.387215815207039,4.775054323483161,3.2349485743307183,4.419044944651649,5.15610467376601,5.957212739769576,6.552204739001678,7.504239750096033,6.064894890624124,5.822371794132264,6.148096293977301,4.01518555692743,6.676097339608737,5.80327911933238,5.762044884138132,6.336103587534248,6.642341232225769,6.998812247797277,5.13582550780179,6.427050935667193,5.384202357905389,4.670492467807008,6.3044434359392465,6.9010018427158375,6.123469094570467,4.60011359425864,5.361103709518642,6.161244750798165,5.773953677967047,0.0,7.290311814215634,6.190965971175912,5.998023878797414,6.874614861609966,5.206911430484803,6.327863665398776,5.11947151229184,7.34011206873549,5.897544320164801,5.459379028334107,8.592953857568824,6.722247702897852,5.7957793197206,6.2539258751919915,6.228527253054992,8.77611295996275,6.710599758042335,4.025028611845251,6.902956914644526,6.709629622873901,6.723708890366483,4.919474591623488,5.811583410919977,6.799627442871519,8.313418450436973,6.317270069882665,4.569520832724501,6.630740675646217,5.461914355839095,6.155347797338476,6.961305714435938,4.563543126259243,5.237364822723556,7.807854307502534,5.5670602369692475,6.945377886196762,5.943669852072106,6.32759461452294,6.125285425282301,4.960234332941099,6.225150383769104,4.815858207851022,4.510404255681838,4.751475863967357,5.844814680276009,5.972336927323494,4.34338557435405,5.253666982019496,6.957107897692379,5.861777439228035,5.3998140166077215,7.256225394173412,4.8439926068911054,5.55073593533959,7.64973113018723,7.529602199350835,7.584211788365714,4.823691765861681,5.419449036864466,8.452182948177972,5.8868443896055975,6.007157574204271,6.111295021439093,5.2558024406887,6.429503183142103,7.650576011765218,6.182948432094863,5.572024831240569,5.1144725596407445,8.258417951683052,7.653306898707238,4.785624469374711,4.98801760551048,6.771071117742573,6.818252981411999,5.805241944483381,6.350377523187717,7.220509316255034,5.140517147415845,5.47339970597834,5.2086028339749095,5.573983308274056,10.850361760186084
ISL,8.731452822273663,6.248097638876525,5.233468663591103,5.1672300050495865,5.9452027015869495,3.2259344823315637,3.4201091970190993,6.0365815077069955,3.448644633030609,9.376745465146614,9.676505159531406,8.879283088190432,5.148071541919216,5.439365728150055,4.305114778075409,5.452937751659668,4.472100450669159,5.1352320066945305,5.569802788024264,5.798146028825843,6.287270652724472,5.922233222321309,5.897888245079695,11.950310096703689,3.326005787005385,3.8130643468276184,3.654717620606789,6.9180699848424,8.452496413678263,8.179234763559567,9.608801559822306,8.462121294310535,5.195023334749577,8.489998813757897,5.72867566781403,4.072870472322245,3.6123120414809278,3.9167233626443574,4.162666237258426,7.845803696269902,2.9993606967615882,5.3785202251542135,5.849833279890732,4.859365181726443,7.298816216800204,4.257512690085519,3.0693898464207106,10.546590013120836,3.2151941606295624,5.333749550979752,4.285027911260188,6.762872646032014,4.004311471048493,5.13574885522197,8.379721929871971,9.561668070000385,8.247837902397906,8.772636325153151,8.03326731240879,4.438807968208107,6.360689211891418,6.015598192777743,4.602654523621324,8.59556059911689,4.421457808880076,7.546695172322015,8.452879445147842,4.596786063810202,5.554387573970535,7.290311814215634,0.0,2.833359548053812,4.8325506856079485,4.934154294418414,5.049725054663618,8.362712694298093,5.783747040724474,9.233456033872281,4.624034182590632,4.663727047072684,6.741340831714088,6.710624163819213,6.7067584370370845,8.157095979720376,4.269510563363541,4.23477838349747,3.933164415715261,5.729794292646312,6.165874855532414,9.165966642936915,4.813349542257348,5.372164515954432,5.292896009706965,10.08987938455191,4.0163537871453885,4.213445353859888,5.75849186178078,9.531971871371587,8.068685574036836,5.214206745643019,9.160438613868411,4.7708783773437275,6.907645470690081,11.587109372246664,5.872418294596553,3.184463918355489,3.0332803844441463,8.044064817508978,2.3687088161657073,5.305265207150542,8.817121632373793,4.509950961682575,5.118542493365407,6.7467824424984295,4.776582336901516,4.270075001830373,5.338616929927141,5.2981021936362245,6.93641928544739,5.182153694177936,5.161090639502299,9.719148064494735,5.45414334162899,7.8944893431154135,4.790684479345737,8.076826133878498,9.842449385440908,5.366815031236825,4.975378762062226,6.96188430851383,4.379533642157635,3.6539043855076256,2.9576599229041314,7.936573587994916,7.425161868778933,11.629571607797391,8.56092348125319,5.582530060083874,7.917672494458934,10.062921558668945,6.4198671512251355,5.115505448456367,4.960714207203085,9.80155373457322,9.743366616314782,5.386640711228535,4.106803656530064,5.605214947879773,6.299899225116607,7.338461907644146,6.113640253491524,8.144433105437225,11.361652147197416
ISR,8.123513110749407,6.066816298072819,5.105055789851947,4.481805473052745,5.50946267284093,2.1369712831210417,2.9251259036111374,5.700483783600643,2.921383941845691,8.575889883398611,8.823009040601537,7.619852630193356,4.5153271986221535,5.306078182568562,4.3705147043675545,5.134210848314375,4.506139215320582,5.057519304723707,4.6486426738669575,4.303351926277795,6.491100310836681,6.013520911808683,5.319538898588165,11.27634336524059,2.3049282312194066,3.2821232815690937,3.017794279938257,5.409587183170715,7.394004239699174,7.220079127809887,8.617741632379206,7.882103487248473,4.059730890349324,8.106847062203638,5.417992568122212,3.3777133490835425,3.6285449972806223,3.4890730253651396,2.9117268700540566,7.457496859877063,2.5591550128833616,4.273497318943931,4.928001569345994,3.984869079484589,6.147295467455353,3.253525314810466,3.3159180838390854,9.574238475589597,2.994515171358956,5.32610853106786,2.6544952726217086,6.344438292620987,2.3682605363017726,4.6132305739981385,7.5212460627684345,8.984261705982103,7.57352773387632,8.271773855575303,7.859393493517323,3.7509227389734594,5.318251753769269,5.389701859886117,4.18462635221899,8.036988322709535,4.0120341756591635,6.335113353242373,7.121020335800858,4.584297738328783,5.07344309457063,6.190965971175912,2.833359548053812,0.0,3.6557847828007657,3.508661297902527,4.173678373225249,7.234139779253809,5.2298563354087095,8.734845870767964,3.888667567184137,4.611045982051264,6.09920033941239,6.850390314798872,5.8805460634564195,7.996481905659799,4.1003301953528455,5.0246337490793,3.965561069381177,4.867608457825469,5.803945850024914,8.36289586747154,5.004835096301218,4.220645435319994,5.27869253046378,9.358857309510592,4.798856497454113,4.190042000327763,5.64162748227926,8.933335869571499,7.643447974136187,4.928882224085225,8.345316289114773,4.216413933340502,6.649824028604121,10.70748502942159,5.681142072686127,2.8013527665652687,2.7353192748504047,7.153018332239615,1.9700126398145519,4.897266262956795,7.58610387173099,3.6716504090991005,4.090045742901584,5.47195551274368,3.902481444439302,3.449570347959625,4.956531879944511,4.660818826497126,6.927504534443607,4.333115132982224,4.012234371699866,8.978649432892066,4.559155676378744,7.127402772288786,4.866715106866112,8.073435846436704,9.152327268470474,4.601483590598201,4.520194544237522,6.668983727300457,4.192900470907628,3.77831518498698,2.2071212443578108,7.51562897655387,7.08848359739763,10.867697306349687,7.748533468556722,4.967176195536738,7.210390949062961,9.362732326066906,6.658988508533445,4.633691364627225,4.099958337647252,8.854509868818457,8.836508340403988,4.744425943880626,3.7172187483933192,3.718424337626879,5.638058622848623,6.684388182948952,5.093969153021066,7.245204959398045,11.196887548462412
ITA,8.4339379853586,4.289734150025401,5.131023527000275,4.009060910977744,4.324257359900192,2.8634207737644135,2.447351021905117,5.270343199273651,3.0872630170669364,9.101375053469884,8.795167975704052,6.670222095962719,3.3882459191891345,5.243254635975867,4.5146127053023015,3.295029500213075,3.6920890895222254,5.02863898269011,4.805291036397541,3.1778500639963934,6.528942644891765,5.7171867820609,5.412578171349899,11.277929443188238,2.7390630432476835,3.5835787874119904,2.852549607173403,4.20434624045909,7.867035765482452,7.680583142537996,9.02768021039742,7.7753793916158305,3.5259553105175936,8.356888202086527,5.158871460786926,2.878161259171873,3.8901405869634234,3.4937916437711904,2.450744429747205,7.46486407682964,2.868259746121401,4.080837351114131,4.701335641537395,3.826002747461585,5.624802782279445,1.5453335345144763,3.6052500446189497,9.556486482169767,2.2721221231645323,5.108310715824387,1.6157144888270503,6.748074530810429,2.3623900811977525,3.8052677494435776,7.521020743214185,9.031900425581576,8.023662103609077,8.705707278980666,8.515063603502101,2.16426715936172,5.3038550364936015,5.318917384829293,2.7684055411901913,7.510539825420104,3.4460991541181936,5.581012348730628,5.904607412128193,4.659496720604134,4.315430404355164,5.998023878797414,4.8325506856079485,3.6557847828007657,0.0,2.8762253830941216,4.632575639957583,6.974287973138364,5.600432135601804,8.943284822933931,2.7940292358036443,5.798191125781755,4.672559687047434,6.729239340230986,4.75527190207687,7.928155919708696,3.345964309808123,6.05304169396623,3.1809690894884235,4.195040788910513,5.04040815948399,8.571995895272948,5.817608185097844,3.669453100197784,3.8426628972686294,9.708552500454296,6.469526617459906,3.6405829820753803,5.770212100506552,9.157099718713248,8.030982646509765,3.912695539666232,8.425413311267306,4.213133989296311,6.952112740571066,11.10300466178467,5.347435523923592,3.5800785349426087,3.057798813527831,6.40355334372285,3.071350548339408,5.078945321755224,7.2000242595696795,3.829064520111935,4.260905469486972,5.1776529636329025,2.867513203860257,1.7861293994603678,4.911549256236203,5.344759242562763,7.778406695062856,2.9806358114711706,2.8410800926002664,9.274495266747174,3.979851509283283,7.634378274795058,5.032192570194293,8.953928110054923,9.276511616868284,3.8896599455170366,3.0784206323542156,7.276132799553134,3.4012637056726907,3.682350149360305,2.7264232218176883,7.016437855167245,7.338937550374834,11.191991075065294,8.111614129240058,4.430400302890841,7.041075543132109,9.704230928420372,6.5983418351393395,3.8021051824609953,3.465302614085736,9.1189753845786,9.219113912137479,2.952336039439912,3.1126055553398206,3.414234589865901,5.697627877923231,6.228371114746535,4.605563752277548,7.642185996636278,11.010347354137433
JPN,9.32077437573021,5.999121531758336,4.900288767305243,4.467795757625051,6.135174537361332,2.5064458270167944,3.2896011016139513,5.89713780533535,3.906589498998711,9.87014903619174,9.86223826195665,7.5492540228133445,4.557768391739586,4.824109762319966,5.45494007071125,5.354531346502572,4.456455233945749,6.7542133294681195,5.359225558366941,4.09453220659314,6.860558599561423,6.691874040942634,6.704693586860908,12.238402431913455,2.756197350083415,3.9368770866013847,3.4495127424215717,4.432538305602393,8.55376146038151,8.381008446004323,9.71358157196181,8.926013953483887,4.529553647265606,9.595353483037073,6.85787133856219,4.432090422091282,5.302611766728157,3.7514538033690394,2.120839206086515,9.180254010798851,3.4733700180066767,4.881786507448169,5.676410208443693,4.519057109587291,6.492273324910474,3.305595304400554,4.48845895030687,10.36434005934164,3.2757519810815983,6.4037755916377135,2.9619591527100697,7.645909509746847,2.304305036620641,5.5859619382978245,8.378618741838956,10.109041968134772,9.017283068322925,9.669852295714547,9.004060391612963,4.333555576784853,6.060856147119304,6.553234240093562,4.420487700593726,8.715776669903065,4.437430313865582,6.077008618066652,6.998700173347809,5.534134304834237,4.979336317999354,6.874614861609966,4.934154294418414,3.508661297902527,2.8762253830941216,0.0,5.019029314958038,8.03320191994931,6.705881065252626,9.35127679008655,2.5008210036708634,5.226149697250806,5.647842078508743,7.194246285618948,5.96330918069184,9.243758284130974,4.6476652226606285,6.848464865158911,4.534521505903761,5.504803786217741,5.894067279953641,9.48716533583553,7.110678867437234,4.03990987731668,5.7959129221369095,10.605465194945268,7.112881995307876,5.531570770378,6.84164224113203,10.226289161687296,9.219147898504273,5.713952979854507,9.55171795311753,4.62406919964046,8.249472132787755,11.703947239867839,6.5297746187892045,3.9877068653855066,2.9432033431501727,7.871199454906528,3.309882777120866,4.701124807839289,8.144729808182538,4.84237709736248,4.555020353860385,5.830239088957543,3.537508740471177,3.7010398574448984,5.837582822769296,6.666323746447868,6.86085627117286,4.099757064697276,2.8618067080419047,10.48448644047616,3.8037975076384316,8.431259474551418,5.415313652563596,9.722125849415926,10.193370304554877,5.035804423340321,4.778357205511035,8.582458548675799,4.681424856895888,4.717487246711396,3.421758119448369,8.689036504245475,8.449606947986169,11.836241562170319,8.967839348464661,4.67870575979218,8.189681631008797,10.617259624144632,7.7632864242245105,5.642099362957824,4.570092932241231,9.700198126064578,9.974251899260636,4.497177370165506,4.256851580837361,2.564332998144389,6.435604284308089,6.996850400089681,5.8521544541695585,8.480168782090134,11.661000128704163
KAZ,6.6061471842201795,5.1862598031553615,5.011217713561661,4.415735974970997,4.586169879334819,3.6896482475199224,3.918681808204624,3.3479117345040685,4.8220492876000165,7.312438270816404,7.634922554703729,5.368682469516826,4.593077196303886,5.445914950488703,5.236928760729143,4.671521762260244,3.829232584514241,5.334461220494901,3.9006597914442027,4.906772373528995,6.212654708417055,4.820819148497664,5.507520744084541,9.436114865243695,3.7563994631359985,4.1058944999665,3.342462745167451,4.271769071105667,6.032473243263839,5.940052450265284,7.515994641365352,6.406083552560394,3.7533456107771936,7.254514513367478,6.087885105497503,4.3068294819799915,4.9977696686324125,3.804285019832503,4.167397994387359,7.770587644541592,4.714281013659097,3.0854138255811647,3.990794754763022,3.697350429111322,3.3478020439480227,4.512926448416405,4.074141276155104,7.605906607679237,4.264239629191243,5.332433070474667,4.729093364340581,4.709589436170072,4.4158307522549265,3.930553047491724,5.296197368459789,7.260403374177642,6.305625009863721,7.50490817669992,7.543987373118822,5.161521413676088,4.316272706059135,4.368134560516342,4.712926794116448,6.339784699547212,4.1978278692526745,3.9222648869012238,5.285095143049136,3.908116737102359,3.7179774459609387,5.206911430484803,5.049725054663618,4.173678373225249,4.632575639957583,5.019029314958038,0.0,6.0456583291049855,3.7937968062086256,6.20438855561781,4.172735118113062,5.042505914202456,7.131031084702329,7.393492700290391,4.219567892138606,7.426374788764858,4.2211043059133795,6.714735781671804,4.686550532960589,4.162224449219484,4.95302458831172,7.0737995422660385,5.570119302015324,3.1147965484074143,4.60044750596415,7.708456736107853,6.586166135889412,4.849678981414045,3.2987728741296283,7.812908597043348,6.179555387541941,4.891840702857238,7.474883623443499,2.592986735551094,6.23833860110093,9.61109418769718,4.994732431038026,4.878616152442125,4.362439562707254,5.976321629333901,3.6291863436599403,5.085074386642436,6.048919765563815,3.2005663030548015,3.463656557691514,4.105987801836073,3.6110918888444865,4.211395950064707,3.4522693553410835,5.326299153134994,7.354590767241298,3.8636250939696213,3.4359958081915845,7.613138350159721,4.435260997382964,5.92544996214482,5.689469447040133,7.696804638637962,7.367717073586673,4.387228397414299,4.030626403211745,7.285277658147861,4.197769822503081,3.9239377649585316,4.575601020319388,6.2177505802612,6.289365601358864,9.11062760872309,6.622853248885128,4.040682245221628,5.0966711690772195,9.021071830042233,6.4640742888032126,4.272881906679066,3.5102947117739243,6.898634545122624,7.009915312241725,4.253147310185261,4.7681157461345975,4.687382217307049,3.451210037582027,4.126771140767478,4.660884318817058,6.22310286002836,8.854774049982673
KEN,5.3333495566630855,6.24667369760456,9.214921716215947,6.39132560156696,6.110818855983987,7.485988633912882,7.515287364848324,6.209074457304232,8.173678473908232,3.8449301759522325,3.654123726594781,3.5733605510239372,6.868887095954137,9.40341363714369,7.473143781042806,6.595700714805845,7.091651596187691,5.124832152318945,3.9156429255691805,5.538419036500843,9.438345890001504,5.634110111873317,5.762357473743517,5.634865699813829,7.561137474391716,8.025927626636276,6.431224592214445,6.057639789462394,2.661056675064864,2.633789869958214,4.332295793553485,5.486442408951264,4.828640889557584,3.61145134105001,6.070847395186051,5.935273370023528,7.709466389451613,7.560462143533835,7.671852506301287,7.112837676171269,7.8972171632310895,4.80541624007493,4.943216598789358,4.586558560213236,4.200415250109268,7.195155404518181,7.685166675655038,3.972016080198274,7.569566807145302,5.237830919532026,7.082874775440606,6.003532949566986,7.365632747030188,5.854692422478194,3.4734217876338866,4.1196511654471095,3.3281097634415575,3.503425706807019,7.751724626596243,7.163930631877772,3.1315174949913467,3.7581065179109134,6.942772663202823,3.675572978264135,7.112628007937552,4.273945646778044,3.279214521634506,8.21660421260086,6.0973957606758855,6.327863665398776,8.362712694298093,7.234139779253809,6.974287973138364,8.03320191994931,6.0456583291049855,0.0,4.3760475604058025,6.371571507416302,7.97936204983766,8.965443163324135,8.211745358493,8.679606881893113,4.484709270629425,6.067744895039095,7.303048201683223,10.146708928338308,7.196718130424953,4.756459605250323,5.8589442418427735,3.0515307585066718,6.9346944672975175,5.60660984456468,6.878512024456563,4.312031723944529,9.139515401158576,6.975835333305883,6.031699388497613,4.54332512334898,4.483495781584871,6.226793557611911,2.9137456148155785,6.520915340958713,5.163274037541478,6.02417379509662,4.3280991505211555,8.200908679752276,7.981413178146764,3.3039697377038495,6.796057267313283,8.361963997365931,2.2489207195055982,5.383060998113251,4.6333176645859995,3.6473218536353227,6.93284540041338,6.6233168030330685,4.966135973074313,5.756087708447672,10.80596492741116,6.126940684086404,6.575531522946253,4.980488649035069,8.00262485177847,3.6546694582612997,9.555332652756968,5.578760486227751,3.3521711134280188,4.758102055465536,6.568545431463721,5.5830968670843175,7.366974418300258,7.558035857260128,7.694587442170957,5.006263436220671,4.461516505751286,5.8858842385965735,2.789448814915555,6.18556552787612,3.873379006427752,7.473112485511937,5.850557992926234,5.415690145799334,5.969866627283392,3.767681514785408,3.8397837676073663,6.066465020946391,6.325497575908675,7.470592498794562,4.79853202913714,5.815599870619261,5.466047377602997,4.093220336073374,7.861910671099945
KGZ,5.490017030326615,4.774726096299959,6.838295598415435,5.09633277910281,4.309530323760203,5.561767852329652,5.0398446056508615,3.786303442560035,5.781623353500521,5.799981547673705,5.483639498062832,4.990458830312654,5.113718960655067,7.163892769937533,5.9133411941914495,4.602306576922679,4.46675517746739,3.8694327539495954,3.3081432472248986,5.239745479896731,7.103471214961999,3.7537883986470324,4.651988205911063,7.840796102024439,5.463774932861197,5.680310449806328,4.427930450377027,5.434183420656171,4.738664186699474,4.4184606758497855,5.53433560648769,5.243139848414465,3.8966444070813244,5.356889632839562,5.2598569198303045,4.339691244371377,5.468638542014079,4.906124057940089,5.6479660148509,6.471400533259076,5.522127577280338,3.691784065760075,3.8239846932646726,3.4228446681704394,3.4924939920153126,5.530922509464047,4.8755070509626375,6.187521492051492,5.198634872999081,3.8699368685623186,5.53929407655526,4.613345894109313,5.683582030044971,3.6550296093982118,4.206971837460561,5.189355502402104,4.807732907220849,5.3063973799688,6.865531622812288,5.681615730321002,3.6549358270970687,2.764387536067825,4.85224573736496,5.136283066340847,4.588396935331349,4.28213637101021,4.710183925158032,5.169730454300131,4.413842048922982,5.11947151229184,5.783747040724474,5.2298563354087095,5.600432135601804,6.705881065252626,3.7937968062086256,4.3760475604058025,0.0,5.98990949191144,5.984138275377185,6.513188344622774,7.489207700173589,7.267001836244431,3.5655550725455285,5.347841724622116,4.764345500785302,7.670357175689155,4.830305676334271,3.2653074029641505,4.280632636244753,4.895644532340533,5.0527723654211405,4.148176656585847,4.614423668169775,5.908522582238313,6.807148877910037,4.696706612748105,3.474436292192463,5.384613096253387,4.529722537951141,4.534219165183522,5.036916949842573,4.09927972447364,4.647787381903524,7.974137151126237,3.2520157165265178,5.888513471119421,5.652166243915597,4.964135873381398,4.719257075031681,6.169300153169811,4.873446979695069,3.776382108423589,3.6844206172724885,3.5536219485152896,4.678334808984265,4.821913337521519,2.8353451736405875,4.032702618395108,8.90303178858889,4.190750988487806,5.040790425043112,6.049333056041134,6.130683583636099,4.416418825971658,7.177108392782114,5.440679446503853,5.883746697326493,3.7988031187882867,4.319913928635525,6.085945671907885,4.478041910859859,4.487352535911016,5.299900820463854,4.42094654858872,4.883790482725439,7.704516422370445,4.728483802220228,4.428947525892658,2.9078054516901495,7.358631802064082,4.390706122436525,3.4725634647964996,4.336055795117242,5.65471994510361,5.5237158889641655,4.378684272997424,5.0200141768692275,6.76726763337634,2.4286470663322004,3.9306906889648854,4.828109363021157,4.462574242553798,8.133750675260016
KHM,7.102819744430118,7.643400743529506,8.428163926140343,8.68011437299571,7.507861300951113,8.791681111432952,8.289721738005587,5.5996761580730245,9.076270151834677,4.988648851783498,6.315850559870675,4.9866478679934465,8.00721890840732,8.91048106979708,9.404630358020176,8.227230924852444,7.460225984518841,7.538282716050787,6.056115138303881,8.528966734534444,9.097940795262515,5.7346882341237135,8.403014483131885,7.833531326382333,8.818792827898124,8.107189229606796,7.67707343480432,7.0480337421752015,5.002795055840436,5.497276138367656,6.8099113383780185,7.018972557413652,7.121601866873774,6.794648513264808,7.871233176650293,7.829075803013668,8.768480637996682,7.763103627568113,8.725540177242427,8.928205005954576,9.003648329400297,6.428423622703247,6.947328658469942,6.464576586469072,5.7002928156886465,8.975507769021608,8.275834572481997,5.204108979948529,8.762495227008516,7.346603733772078,9.173162044214733,6.771569615675788,8.881463145441142,7.40290961784037,3.8539297627980957,5.575388219068776,5.2814111397563845,6.194697508868663,8.78957348192563,9.381875009818902,5.160158895265573,5.349181914789028,8.424134542645076,6.537304955577578,7.6951897172461425,5.057038060432405,6.0225058047231625,7.422643894639727,7.807111601380943,7.34011206873549,9.233456033872281,8.734845870767964,8.943284822933931,9.35127679008655,6.20438855561781,6.371571507416302,5.98990949191144,0.0,8.424213763789862,8.439869932323711,10.838839028683502,10.598685762380082,6.156474584571085,8.252256932887764,8.065195909565357,10.312546994820112,8.621905968236991,6.545713953385439,6.84748875240875,5.459825540597643,7.540441428361746,6.429820052043448,7.912955680789547,5.467018143331538,9.413891548719146,8.687807460694975,6.286191856984155,6.439780319444264,5.694081872913343,7.802174176272795,6.7517071338377495,6.117355100628652,7.809863967193345,6.992462118790631,6.374721388558775,8.872322395954633,8.738355677884433,6.211871055006221,8.21497920981542,8.408233071279207,6.115913979320993,6.546492799006159,5.952149317886431,4.990764541528247,7.685958456748304,8.065021012503571,5.731751722470112,8.388205508202441,9.641987230588457,7.503882225968491,7.9570430326666255,6.091366427806775,8.769987726457988,4.694481143677651,9.022325247004392,6.320731768554037,5.388569581770547,6.293423021531758,7.801218454932902,8.731801640505253,8.089924235196783,7.731385733410392,8.935349242861982,7.441005937866401,7.400736962616498,6.034708553686728,5.260356296784758,5.690748161671082,5.628905329385752,8.788623255018658,8.050351175186277,7.482379008145027,7.596345604148411,4.57825970951861,4.843675911817059,7.836466307742576,8.447432853543082,9.455922680581093,5.866722404759058,3.96868535289588,8.654852600567336,6.359981535686819,8.784937701122443
KOR,9.011061638187767,4.9914042085529,3.1151825369125596,4.910824995919707,4.930408655766239,2.592470676624018,2.238193332597611,4.416830233326626,3.2296729409880105,9.499805649974963,9.46821985467049,7.133726302874934,3.850515395327934,3.8446012194021604,5.289421813099427,4.31089963005648,3.154097848415536,6.05906825887974,5.065401393811459,4.621258016643257,5.216966393626969,5.728705823740438,6.198109500269168,11.874168679450412,2.409349124672685,3.1520994371083937,2.9067357189812943,4.161779613768841,8.358950423430247,8.185735620003683,9.573883570276697,8.076910480435842,4.352693101160123,9.424157836341063,6.3214194924152185,4.166273247510705,4.4707938848658015,2.569633012715766,1.9281491412276595,8.54195636251258,2.9424507366056667,4.434355296737464,5.265102059747413,4.288721316168668,5.98286504796572,2.979608347738452,3.3959472363661036,10.069119611562263,2.429415395320392,5.808682077066562,3.2304282112225837,6.7162803937148725,2.838505507711949,4.615500048404901,7.775903851964775,9.51560736515436,8.701550987567023,9.417222761102996,8.379628802157265,3.950025249408655,5.966565304708335,5.97512117008041,3.58123972974017,8.504351675799466,3.2506862219100348,5.515695873556067,6.688530942109417,3.8645174140501037,4.7530389477811505,5.897544320164801,4.624034182590632,3.888667567184137,2.7940292358036443,2.5008210036708634,4.172735118113062,7.97936204983766,5.984138275377185,8.424213763789862,0.0,4.420816909980575,6.287239662096766,7.146250080215619,5.57361454181482,8.687403046076776,3.3685577909734143,6.026420310031096,3.836772266892674,4.847689620143683,5.293581032774804,9.228229421946777,6.269402041892508,3.68463546389671,4.391910673545556,10.16212300906864,6.5173501148468285,4.638017128019645,5.528181741051101,9.786231723943214,8.583715292403872,4.813644668107279,9.397829135602272,3.0988568856122547,7.8011257503378815,11.322140456389794,6.062389389615692,3.556206878824955,2.157080434329852,7.461222518814765,3.157352380723003,3.771939063433143,8.206891140402576,4.169602908641001,4.29186415390113,5.4005472448532466,2.2950555072175107,3.0802449412789,5.148844431336447,6.482188907274033,5.8485097341466865,3.4122495770737165,2.3522671731740035,10.052027799069188,2.909175234089649,8.06686691342233,4.2926050243650105,9.393560846045443,9.893043085014401,4.590220642563729,3.4731216043433863,8.769014499844245,3.312205633350995,3.272960188946703,3.0477108802382515,7.833298629673588,8.20370209386284,11.28830430437567,8.67074590455492,3.900956999470232,7.3675076671496464,10.045782675821473,7.348807511450278,5.008583232352706,4.1933961622108935,9.3588276525981,9.615475913993084,3.682481191466003,4.346830841225794,3.7504754793551394,5.628695517397623,5.653777760330095,5.626599406082586,8.271884129994547,11.588156470174802
KWT,8.122635020418418,7.4068898973035155,3.9699821573109513,6.225888692319676,7.020058792590513,4.142186978050555,4.40198368710286,5.090668983405652,4.856429273618064,9.281820293328037,9.149825988765095,8.571046323942728,6.239573633691865,4.7312361653421195,6.546505552090237,6.518947431841142,5.174808190021047,6.9082891879642645,5.581359900326945,6.344084030269645,4.332255886632974,5.990410405373947,6.050751872338715,11.861003871867558,4.275269156464502,4.922877422713759,4.337658048800102,6.02174032589312,8.31199334051098,8.058232771757739,9.03740021192888,7.599876768618117,5.536413296071206,9.837855876424246,7.250306497368737,5.635180396472193,6.183945202990492,4.391247577157078,4.772813909363729,8.46788009588085,4.720385409909032,5.5875783791836575,5.31891863575128,5.1754981784553244,7.140640020845148,5.468249360883557,5.046988867936262,10.175575174323075,4.773601875404504,6.797194339111571,5.623473374107337,6.064458055753511,5.3159994473877825,6.732818147236907,8.074104001006683,9.045256232818721,8.705445387397596,9.188297146404722,6.643498354957675,6.447322734791457,6.638562322146656,6.287506523492238,6.1251770859821875,9.012696819570861,5.3966971548051115,6.8259988467243895,8.148056634924885,4.610117715484879,5.810082211152765,5.459379028334107,4.663727047072684,4.611045982051264,5.798191125781755,5.226149697250806,5.042505914202456,8.965443163324135,6.513188344622774,8.439869932323711,4.420816909980575,0.0,8.470000089415732,5.997427150342498,7.305880177183637,8.146002217114805,5.708726780981471,6.4040411462397255,6.062446939895848,5.714188250691627,7.353092326559062,9.130782598271908,6.4605042302829725,4.9287909181445535,6.551403223332138,9.642791300382981,6.238629272748758,6.478995297312042,5.478870162425873,9.219996975211963,7.859913509617541,6.607192863631216,9.509823508648305,4.216333767935611,7.115029001113759,10.894304398535553,6.722535605406719,4.896533517286894,3.9405488237287236,8.743850573935624,4.697160208427249,3.7864787998289247,8.828141314492921,5.036888789809319,5.118197245111292,6.53611051337904,5.213753661410587,5.541997471328692,5.450889223079577,6.570936866767548,4.529863493143186,5.902865144562858,5.084126846990124,9.943065223260898,4.224023678429047,7.5255955591358,5.327914935817318,8.68117509424948,10.013378494776822,5.774681614717192,5.844742025712986,9.175521706711404,5.150415174222817,4.735311329766293,4.580363608792409,8.110087923702562,8.124983676541481,10.814152604119252,8.665184307168902,5.228672422197451,8.061310711848204,10.09068919255699,8.271370713107522,5.879348853009171,5.216536988537923,9.366661099558476,9.485861000954612,6.319300768310196,6.013810823906997,6.345578877889791,6.509001786444031,6.632885022039906,6.4364225521140686,7.634831878998836,11.647965468288454
LBN,9.867792973925892,5.415090262379843,7.729074411318159,5.579184673239144,6.017283081531536,6.078117303570616,5.609074037711221,7.713484160897603,5.507960576546183,10.193880557995934,10.129254907545583,8.649541006373092,4.630759369713521,6.388352402465912,4.550576471339214,5.062684150352845,5.927647986797592,6.205531660605122,6.702768491316947,5.350849699694842,8.892266913608497,7.607690912600646,6.9507703983061635,11.340140159543603,6.071688242663809,6.175223615051994,5.835726447012075,7.567403474883501,9.16236028229863,8.938400164220687,10.274076084049105,9.267629117019412,6.305450291623582,8.717993176542349,6.038476984897778,4.982026998434322,5.938678262032909,6.249310315566824,5.650411723619581,7.743615222463755,5.236713135601774,5.7717291142946845,7.012408549953157,6.1854712015434,7.807250347902995,5.168705730300051,5.804507767075019,11.243005407000405,5.3828444640995174,5.536572373168887,4.826366324808138,8.433725465813543,5.185812861319023,5.332977470239288,9.05903585612546,10.32234432623862,8.787966640051733,9.56729049394006,9.907684094611716,4.347049823277129,6.96705975440971,7.102122218799614,4.80937705529385,8.013318089542375,5.834190264044241,8.004358072097212,8.076703139867817,7.528728964847258,6.3869416046543135,8.592953857568824,6.741340831714088,6.09920033941239,4.672559687047434,5.647842078508743,7.131031084702329,8.211745358493,7.489207700173589,10.838839028683502,6.287239662096766,8.470000089415732,0.0,7.8242149570120425,6.9316623915701605,8.827305280671588,5.5139550262397465,7.550593992045902,4.443953026786182,6.205575452247343,5.836126147776296,9.86393586293945,7.901758124448111,5.973245957286343,5.460534244171373,11.053930197252535,8.33794627682396,5.213801776593504,7.82539303578415,10.43963071322476,9.472973570078427,5.223396074659268,9.77305711692526,7.101537215572087,8.324256103988986,12.409154532861198,6.660915835157885,5.926743746288504,6.1342967616366355,7.47912976562387,5.6315914383335155,7.024177640097298,8.496399093515217,6.069758027115314,6.691936134387596,7.378658743001284,5.97053115800462,4.806431253233288,6.792757442869204,6.6080387832832095,10.17732212702327,5.321845714483377,5.9196252845537805,11.021861658594712,6.457854305272246,9.201038292804629,7.021440198333831,10.320908057080134,10.108560663050582,5.513029966528464,5.438026729325669,6.743277734761657,5.80512860360257,6.475774184086464,5.741309570013406,8.376677103970705,8.865922424526465,12.506257726101715,9.154316172488738,7.082002306591763,9.014043753365138,11.436795680953512,6.696338573540321,5.529420953747842,6.071669483230968,10.819437445296918,10.98872594776053,5.15568876079298,4.255991044596192,5.845126104629119,7.980388631980222,8.707810605371664,6.335833615594853,9.177061609628707,11.528299834468303
LBY,6.633775493117412,8.035986395147086,7.595861183193808,6.160479967840082,8.193922969216953,6.418502642548268,6.6043657295366325,7.044195372631418,6.9058298772829785,9.817888578993319,8.63344813855316,9.599843657380562,7.723968356402733,8.009184656195956,7.324979646322665,7.123688657472519,6.739198833385709,7.2193790559811,6.159596289674461,6.562840753033743,7.218832512459405,7.755693442865572,5.1515331028321185,10.96032627936674,6.413840815446466,7.434489224677527,5.878338179047111,7.891466251305602,8.836161309787965,7.960406222508234,7.870192017622171,6.590914808889676,6.338918969415293,9.466608824772752,7.937954666097811,6.639711245305288,8.160501408923421,7.111228033386486,6.850562297540153,8.054296013702546,6.652491117628027,7.1872059681155065,5.5231982138738305,6.111931820896311,8.251395673335173,6.627201231002051,7.213556851182239,10.44730666664404,6.417021987862966,6.682846354355509,6.814623805667213,6.442699294541435,7.1412821607793715,7.8082727346534195,8.858271535070084,8.69134554661495,8.96486326524997,8.930265469751266,5.512047639014197,7.160480970239148,7.725076760886741,6.529758479354692,7.390899560269948,7.727509062725851,7.501013738537424,8.223104488730598,8.39755407036376,7.641475488366053,5.683287534705575,6.722247702897852,6.710624163819213,6.850390314798872,6.729239340230986,7.194246285618948,7.393492700290391,8.679606881893113,7.267001836244431,10.598685762380082,7.146250080215619,5.997427150342498,7.8242149570120425,0.0,7.816195332337143,5.957073121338527,7.560730698011464,8.623044842832897,7.003547878927138,6.370190083521832,8.69147516103071,8.772143009559201,8.503385118559562,6.351298308514705,7.541515188244865,9.524893887500902,8.428775203127072,7.4048011149007715,6.834902292730786,8.21647973177256,7.332745622759177,7.780076098414884,8.741095493221628,7.082957348102971,5.303020299217368,11.226612370283302,5.844347089337727,7.124976970654658,6.517232354280239,9.014891419641643,6.682438916104719,6.381645785720148,8.612878837496131,6.530744055226769,6.403725588952726,7.90521727963752,7.44982721024995,7.116559827301012,6.154059495914993,6.073959580723656,8.659321016359634,7.440829211282674,6.7087667592498965,9.960537611625972,6.461691537750258,7.930025339878087,8.190048139800265,8.624009409535345,9.9810147597705,6.67004120188011,7.144654170761611,8.633212628030831,6.758741440419034,7.040386819638264,6.414936268427999,7.448354518238211,7.184109101701659,11.109621350642087,8.756136838452234,7.519195312786347,8.696416290606994,11.681739680124517,8.205556861013003,5.904586878686892,5.907854260243065,9.78937033279662,9.728696914363091,7.147317618992158,6.704821832461681,8.212466898425758,7.7784289997781055,8.909470138220055,5.250374513704804,6.782789806854795,10.23097223644456
LKA,6.484697712159123,4.400517291830869,6.813849855442455,5.124686344059549,4.791991189453972,5.6775835195302795,5.110427284059272,4.1877225070367015,6.301742603895684,6.662279572360895,6.452591757999148,3.860833579666962,5.257119166152214,7.327026848933189,6.1410308051717735,4.719585865413089,4.904397524532876,4.859612441094756,3.6808720223196656,5.024740911253262,7.740295569143734,4.594329146812062,5.941641251979852,8.621932522829916,5.651317931548214,5.456371558180756,4.5151049818453375,4.852997725536857,5.537183159379382,5.298457134158045,6.561797696279941,6.067693658670813,3.929046345880336,5.781688981645203,6.034167019364747,4.527458434635264,5.977463977288884,5.314597196003112,5.49583274963153,7.8598776446342455,6.006547912778998,4.007254196221483,4.376832175576846,3.1568246728523484,3.2466245763010773,5.310408208253882,5.564681120041933,6.48187936786893,5.30373553283225,4.843991583273613,5.47989497627309,5.880031490054837,5.518411555559412,4.307989266173922,4.7171900113177925,6.509316877859945,5.714216075544119,6.4743292200961795,7.780614832993354,5.644423347547493,3.4384389931914385,3.609919793832886,4.967188211254196,5.040989121998565,5.230949767241789,3.6109219528854837,3.901732204930046,5.653032231368833,4.505215430844979,5.7957793197206,6.7067584370370845,5.8805460634564195,4.75527190207687,5.96330918069184,4.219567892138606,4.484709270629425,3.5655550725455285,6.156474584571085,5.57361454181482,7.305880177183637,6.9316623915701605,7.816195332337143,0.0,6.92608765209341,5.1694041602056915,8.408945419260785,5.1734685739032145,4.187602007946498,4.414270251739768,5.781178875611176,5.945234070232636,3.811253825519209,4.978684053916073,6.899474376407627,7.80444114167466,5.340770049937735,5.085733299555935,6.812311319669745,5.8946794982549395,4.482140763417749,5.985114324865186,4.598039046573215,5.984351210345368,8.479481001938375,3.6489080937966287,6.517913963805367,5.760390754216687,4.9870942971102075,5.092916401178052,6.395252161084426,4.614086893709115,3.8239296776050633,3.7427437970851294,3.6039779170202606,4.725851100274636,4.4654914298659065,3.3736911482811758,5.574913233827322,8.982422751109045,4.111984129507246,4.819994802970674,6.936179361718223,6.243586627797632,5.483387850445934,7.186140929670804,6.682489969844159,6.3340372705392545,3.81096630185987,4.751403946982022,6.77807151543694,5.014239468379926,5.012877565812462,5.82294063546103,5.702276605407068,5.922809373287852,8.158842069354007,5.58209687830329,4.177424342419917,3.92208683258565,9.020467003121295,5.180954787184244,4.407287720379589,4.6708189832801565,5.869773591318264,5.99111320671758,4.593208216795156,5.114986353219335,6.05439387793851,4.159563902541085,4.476267114949753,5.44451590077401,5.430528114573766,8.13286008299795
LSO,5.221322252450759,7.397476950097796,9.063368984810051,7.561789531403666,7.050744247973713,8.244603563422643,7.614474671295677,6.567345169957031,7.923752342876971,6.572382768125826,4.953818368363315,7.688527037289585,7.540142430276168,9.330859722519929,7.647952714238245,6.676306760306885,7.258969201480657,5.355007604785568,5.348253424212318,7.1507580722687765,8.157237247491091,6.000345123654907,3.828452300890882,7.001439785942915,8.02005544601494,8.349728971741795,7.147601140888627,8.029307931731218,6.0046113624093636,5.400974956274387,4.985039335492113,4.6662948511344675,6.455417622218068,6.585768193204156,6.089806171825339,6.669784401320379,8.058403953601793,7.817243239742317,8.296017735792342,5.263116343809167,7.788241922483491,6.662056095533623,5.69164072527301,6.164437524219547,7.207675567670987,7.8664892171399705,7.593537215636431,7.512637632879781,7.6099529427542,5.001328598752916,7.857174429889469,5.699534093663964,8.311229782507779,6.703363153926637,6.3698447907911255,5.116823915035795,6.0852978195999095,5.399293558632175,5.407541412271147,7.722362285853613,6.261290730616675,4.687799143080975,7.275385404581158,5.695392185472213,7.411306319490427,7.2845598032045595,6.843544206699383,8.045477292342028,6.938419424896356,6.2539258751919915,8.157095979720376,7.996481905659799,7.928155919708696,9.243758284130974,7.426374788764858,6.067744895039095,5.347841724622116,8.252256932887764,8.687403046076776,8.146002217114805,8.827305280671588,5.957073121338527,6.92608765209341,0.0,7.4736705032488375,9.392370839970363,7.224999151112327,5.53813253598252,7.225684434279988,5.320085826513041,7.23584535914241,6.888822466746598,6.947381846704471,6.099798645171815,8.64033324165916,7.004195577395447,6.1503713928696255,4.520160227231331,4.655481797291107,6.707524326148162,5.099499452373773,7.328933696320026,2.8305578616575877,8.13594565705577,4.868825662276091,8.086443061198997,8.126605322144528,6.84301282393958,7.750545002283992,7.903582874943066,6.543698636023048,6.3398317847878385,6.4222339729084,6.195998184812213,7.758536596475086,7.473360799998499,5.596741440522404,5.5689338130193935,10.52703606088054,7.279249472744272,7.711551756438281,6.121935321864955,8.17671608491718,5.258719434326104,9.409815944013964,5.558326693274173,6.86346222823199,5.6814571115928905,6.857901687862003,6.781376279345266,6.927263209664889,7.328619718422169,7.634715664430813,3.680728495178189,6.091571583956144,7.921016120769146,5.428957870789694,7.1609535201660295,6.2611669197697335,8.230730117363281,6.614618102802228,5.413038179493716,6.7903363235103775,7.277243200144885,6.777926224363471,6.9691377462732005,7.291121783476947,9.524483787263325,6.598197401885943,7.223919731478773,5.22167210836239,4.009995820613233,9.126046288568118
LTU,8.678057606002065,3.638009891706254,4.535975395537547,5.207927631732097,3.037444439774785,3.9709583766616214,2.149090987455799,4.519760471527275,2.6730256811930695,8.826679324821328,8.748086304133684,6.997968729942245,1.906471189578371,4.013979271128977,4.237069185447754,2.602886638652864,2.3214590100707166,4.207511289602663,4.929018407408088,5.205344232436626,5.634521032046772,4.676178190848596,5.157004432245675,10.802167222555331,3.6561197113330035,3.2743330344430808,3.7176944124145352,5.477324833452798,7.806354236247014,7.75627587425153,9.20664604644413,7.524622095038157,4.686793151292201,8.265457911148154,4.478779327958101,3.3727511762315556,2.7837588356394507,2.17425875031142,3.2358047843226383,6.715938193481865,2.471960870580157,4.003432121247291,5.562379555978267,4.5772034095545635,5.825223403185204,3.4622720586104183,1.5362005404875667,9.74039455647285,2.280815038955696,4.121963142482211,3.4641455054671266,6.2046769681230165,3.590301534070041,2.207055508877772,7.077135433070408,8.67178466641421,7.678309894956058,8.432391911933752,8.469930606607697,3.1562971028169753,5.566128502069086,5.103323856973658,1.6382518836138722,7.804762244938707,1.3814637150208298,5.964403000894378,6.875154493236995,3.1129013987444005,5.246885346162014,6.228527253054992,4.269510563363541,4.1003301953528455,3.345964309808123,4.6476652226606285,4.2211043059133795,7.303048201683223,4.764345500785302,8.065195909565357,3.3685577909734143,5.708726780981471,5.5139550262397465,7.560730698011464,5.1694041602056915,7.4736705032488375,0.0,5.059029193994572,1.5523515985777754,4.485082632802352,3.5518368380504732,8.50792668862038,5.152318600718377,4.313583927206696,2.245231752370904,9.600777820572926,5.781181209289797,2.2100697529215134,4.6119812247751915,9.022863219647151,7.752594959497026,2.9004118045976957,8.548786837657255,3.494224732772654,6.9892469761849325,11.118368534989624,5.29082525588298,3.2919661653081116,3.115272991825953,6.655878295927436,3.3030947842180924,4.762708414112249,7.979994102990312,3.5893667805829286,4.725563012715267,5.1244303801088025,2.1110143340711223,2.2981986584583556,4.76222932890549,5.646688966810448,7.578167445770852,2.2551142166989515,3.6391162842151132,9.20126067519387,4.295074741007202,7.610744561550476,4.205989681890171,8.51889570362442,9.132756580142201,3.6879289314237167,1.7469687588525682,7.1171919575407925,1.5955340210094628,1.8642870998064736,2.9234756832957114,6.210144440112559,7.8953931845545755,10.972007234642735,7.861419917506675,4.218173251438132,6.52216265224664,8.552665590852602,5.493863476000697,3.951159752548762,4.486253102633566,9.182865311715618,9.256869762808702,2.774730358109599,3.625571610694604,5.2242134052760045,5.0940762395417485,5.272751852156194,5.488777139811032,7.71061201481703,11.029649276308785
LUX,10.563422248826411,7.82529139764688,5.609748621802928,7.663406092619415,7.076625427549743,5.532160448445209,4.594510417062896,7.816356493423717,3.571092188715735,10.73055191041714,11.272610281188806,10.432691273531715,5.9587806788298625,6.179808957522067,5.034236185347813,6.64773685950055,6.123754055543724,6.202907658476093,7.843630191008194,7.725768404842522,7.547924078404916,7.854687761947974,7.358480649020556,13.297416415232107,5.054761502016423,4.180233363359615,5.869657673315958,8.68922021974685,10.061538046312544,10.024482738156214,11.355177158508575,9.919279229005488,7.361651132406886,10.084749363428038,6.3088270464272105,5.630241678702059,3.304034764760813,5.1747434523881894,5.533891863813482,7.259993436171561,4.258889327564602,7.066619663095945,8.065103565632464,7.104545650797827,9.09019010801599,5.442667373776867,4.187512313830261,12.367549189746773,5.0512959677517655,6.893481043702578,5.444533245700329,8.500019517828488,5.203911531846022,6.0985263737252176,9.81865788366237,11.196221828021208,9.72062451995227,10.588256755792413,9.544837214514725,5.192563315447733,8.100446074337958,7.506871438267596,5.723539571534154,10.207029850412304,5.370964542381796,9.437445659338186,9.979956416854074,4.536899555425134,7.894078100455998,8.77611295996275,4.23477838349747,5.0246337490793,6.05304169396623,6.848464865158911,6.714735781671804,10.146708928338308,7.670357175689155,10.312546994820112,6.026420310031096,6.4040411462397255,7.550593992045902,8.623044842832897,8.408945419260785,9.392370839970363,5.059029193994572,0.0,5.118493868080828,7.429181099423899,7.694421669574518,10.80735002593705,5.026565014228121,6.844201948345847,6.1074380880801105,11.732897873145632,3.022326426932157,5.192990736272718,7.3938631788282985,11.05776497166576,9.62050423114541,5.557172117712632,10.948633042261923,6.100878411928044,8.443043436019089,13.158235174449416,7.783829275049249,3.5926828223338605,5.220942536281944,9.282924320746215,5.177003356867347,7.0814594625165785,10.602523446040461,5.820129770669233,7.389349809469444,8.194791276077593,6.010282369721051,5.223455415651017,7.4163330893968675,7.119097335402516,8.004722426349291,6.669213187473084,7.099366484232454,11.085719895527676,7.323613458172705,9.512438737879696,3.241494876688976,9.953795843315195,11.492452587061887,6.919771658416836,6.185729396814836,7.859692169980764,5.092297582922478,4.687235150582861,4.5830852086088,9.24818957967064,9.568235723866263,13.166494858692854,10.166251798205863,6.991488203101515,9.881348586019483,11.429158254322266,8.348101201148111,6.5560096040289375,6.789353681909071,11.69977603515479,11.476242329345332,6.82262835178123,6.183683664684688,6.959386510309157,8.591390451110144,8.31037706725745,7.450769414237836,9.715829943741058,13.306692915342584
LVA,8.608072305166512,3.592568820601378,5.177365830756231,4.702168505546448,3.6015524699959824,3.9753514600833846,2.3626040490271487,5.0405988983098755,2.7313212331442904,8.891437720512242,8.784140117202915,7.3954128328507105,2.075802754177405,4.411581392770335,3.6189417578535497,2.625083317010855,2.5416166702974814,3.9586937445861743,4.887600501614584,4.892317081790261,6.1989363728076885,4.916362215345569,5.124819025547063,10.69699944902679,3.7396261940450253,3.6101964457252698,3.682779713912257,5.933890431507841,7.882482221104921,7.7127023787371645,9.125038440957892,7.69990316985874,4.700526174029366,7.8889604307649215,4.430308143225523,3.1448323883856877,2.930790647875066,2.740998766242537,3.305121808174663,6.675471531431402,2.2738678087391433,4.200237218358427,5.548278730956567,4.434511425494881,6.150197408772854,3.3873836710274925,1.8443262515603456,9.900497410956989,2.17568126088655,3.537794068150023,3.212126886122019,6.504189824337704,3.3978091560633823,2.5115661396433224,7.381221214382519,8.744895063057456,7.662553645279461,8.273516136567537,8.38140562435172,2.8037567596810855,5.573212540186017,5.144905617303023,1.493653912480363,7.5517180324044775,2.0834765716542116,6.361353217716764,7.028994761216099,4.035493540220629,5.01940324198653,6.710599758042335,3.933164415715261,3.965561069381177,3.1809690894884235,4.534521505903761,4.686550532960589,7.196718130424953,4.830305676334271,8.621905968236991,3.836772266892674,6.062446939895848,4.443953026786182,7.003547878927138,5.1734685739032145,7.224999151112327,1.5523515985777754,5.118493868080828,0.0,4.4549678050410915,3.486437069687739,8.481685571311973,5.278018869773782,4.386303179455745,2.6142393914600355,9.639753966750932,5.812289007953789,2.056236858664324,5.087446539241626,8.935723723270629,7.8022692662705975,2.861995627268121,8.433448600307448,4.191859493615859,6.75195479791245,11.189346228566263,4.914084004779059,3.2670399545424766,3.1988409890688865,6.676906663273274,3.091058533538441,4.9527378056483675,7.869971512726803,3.8580924948222637,4.817631799407992,5.495252022495631,2.777333207792418,2.2661002477731507,4.731514225354918,5.2797706471405235,8.005389560314208,2.505943149316755,3.827060475671513,9.38328531960726,4.584151375765566,7.656101229400388,4.630348135169022,8.325000798602975,9.117629452470208,3.6563975200101804,2.270676852083736,6.516139215842446,2.0629499662545476,2.49039476595746,2.859369678635261,6.384668060327239,7.6295773418482975,11.12853044635748,7.830291342212837,4.566924166240876,6.824536609795315,9.112447408812717,4.832903032261584,3.7532032224299408,4.465506275268879,9.34640635288026,9.428407843513883,2.818672634556671,3.0008200498461224,5.183102453926407,5.387144660288533,5.990967393658925,5.296774037642643,7.685202361041992,10.766604882413784
MAR,5.775996386544821,3.8757679275958847,6.084865229769056,4.379928731100635,3.6903677037912876,4.711658601633204,4.412316901778053,3.59225284023442,5.005286122316588,6.08907523856912,5.654757893818941,4.858103791924717,4.465161786219481,6.412081893035924,5.541594470690693,3.710116361443357,4.041801906929331,3.9061212997019483,2.9664050850279704,3.2585002858094145,6.28550564778347,3.4932069993728527,4.282201009369374,8.312645856777529,4.70778368739191,5.238261019970788,3.311462728734392,3.939708978918405,4.956610231756132,4.718924174513475,6.134629768798371,5.349370931478533,2.4649052248776906,6.049021360312399,4.277297619264273,2.9934897243071346,5.230572129499487,4.7026512697880465,4.886060062519697,5.818715159000731,4.700412007682435,2.7953845959576515,2.41673827205938,2.558177492963809,3.8498338879659357,3.9708960370316686,4.836551925039078,6.641708832314635,4.4143080277096685,3.667359407218688,4.25113331602171,4.583343364055059,4.823689759057176,3.6166026093186856,4.83224115451323,5.623752086188143,5.183971563506447,5.726563970714972,6.6616868905869175,4.326281683865921,3.3085623984623105,2.7926474826435825,4.17849086658346,5.111799318065383,4.212477274752995,3.7541223445908787,3.942678411003741,5.2490853668505375,3.7848141999036384,4.025028611845251,5.729794292646312,4.867608457825469,4.195040788910513,5.504803786217741,4.162224449219484,4.756459605250323,3.2653074029641505,6.545713953385439,4.847689620143683,5.714188250691627,6.205575452247343,6.370190083521832,4.187602007946498,5.53813253598252,4.485082632802352,7.429181099423899,4.4549678050410915,0.0,4.486652085964988,5.623320621336598,5.063242184657629,3.1481626859717546,3.829094653072201,6.345647416564222,6.925899863035506,4.42025259237145,4.06821492824403,5.922075447473867,4.979106681113871,4.2035393741122205,5.6955204007978875,3.5189807971153364,4.630211177333029,8.109315951782577,3.5144825625563287,5.134009999189224,4.860439025343585,4.143981218376616,4.206381239465978,5.296253651098861,4.757129710124177,3.5294491860667816,2.9733514152565728,3.304424268145286,4.2413477578446015,3.744498008908482,2.6166456363173274,3.569881634810006,8.125884544890443,3.7164018411017765,4.008073955254884,6.509566723360249,4.790975230355596,4.4240585117428015,6.613595841651543,6.39733561641734,6.390581578300471,2.5988221772806956,3.5256560493559763,6.1088873814896125,4.32994162132265,4.6011648723198135,4.480674114964205,4.722190723974411,4.855998087597337,8.098991489064947,5.204619065897464,3.7733339696144474,4.576486176425644,7.772033630787586,5.499818847347341,1.992663125632697,2.928518527173126,6.353628041342627,6.406667129767355,3.2889333760261104,3.6497293169416514,5.809901566275149,3.507963613077025,4.200180150493834,4.079291187405983,5.256237054933937,9.310194426376153
MDA,8.505043965876645,3.311035817279382,6.553791406959681,5.745873406314383,3.863858487502272,5.827896051287318,4.582635976500361,4.659184235263245,5.389142845778048,7.377852099947787,7.430843024377279,5.69146502485683,2.991183224280813,5.454611100889177,5.468285174281599,3.607702695071385,3.7061514467017833,4.466191191516591,4.530521173911402,5.665263544638037,7.143309170326999,3.6442206710614498,6.0410111309122465,9.082947751288307,5.765129478286492,5.575693307752612,5.226578920351608,5.626751577932357,6.534485689042532,6.655313465432545,8.25980167410659,7.601837768350725,5.233161597807262,6.721484572025454,5.0054810230578655,4.613809856271368,5.1634812280569236,4.171879387776359,5.098184465873727,7.456542890905923,4.956406096320418,4.103348325381304,5.893186304699484,4.5920072809424655,5.2913132326265995,5.591410444069347,4.220057125532325,8.166882308802437,4.6431747405943655,3.414508343678445,5.298368055010688,6.857890611166743,5.261266466900833,3.219234127807147,5.958352699128092,7.36436101985771,6.553932259384409,6.870100856590105,8.884174331115732,5.1763123327127705,4.549405953901412,4.864388395048755,3.1839839032916526,6.87576247448404,3.3812719513076517,5.125655896223657,5.881076145074361,5.579345395167639,5.735783000658351,6.902956914644526,6.165874855532414,5.803945850024914,5.04040815948399,5.894067279953641,4.95302458831172,5.8589442418427735,4.280632636244753,6.84748875240875,5.293581032774804,7.353092326559062,5.836126147776296,8.69147516103071,4.414270251739768,7.225684434279988,3.5518368380504732,7.694421669574518,3.486437069687739,4.486652085964988,0.0,7.0673545334499,6.041614350833113,4.777325919532938,3.849245087704899,8.216150027855534,7.796104512517069,4.259961497419391,5.240418234244497,7.928513149646309,7.35259684593338,3.5121623490561027,7.18154909802369,4.722222371514246,7.216952865343306,9.532490237447709,4.909311701893513,5.568897686194813,5.2281846425228,5.766863300602037,4.825017183430385,5.766418828977132,6.583269372882618,4.673762132329968,4.847163950942112,4.32551179114374,3.658079942740659,4.014580932873456,4.741467289236174,6.487897675397989,8.848851856585297,2.6645762306525067,4.553756685319446,8.356899044157172,5.623204487186099,6.66646416199571,6.813296844718051,7.324228891302627,7.4890952724852475,3.446708502253828,3.418707139429732,6.818848479791526,3.9491043441381626,4.298047679047526,5.382092541965459,5.913129836143576,7.636215021646785,9.440698193628148,6.352349957802912,3.977169406451046,5.473494412833544,7.615553984158768,3.870985793936223,4.741254240592327,5.630103101871456,7.756847684647862,8.049737304800214,3.431944121075744,4.504441996673687,6.262110129706777,4.503056475343644,4.608614171020962,6.437242911258883,7.179867461929726,9.923947390070262
MDG,4.62434325715683,7.692602231481607,9.917001251311062,7.794838956642022,7.5348771595971815,8.763009756148584,8.609610482685524,6.7519963232382745,9.169578339385293,2.573273376302327,2.1204608923975115,4.893937086211623,8.160273205687638,10.235821355036608,8.917591028714682,7.911762064410285,8.021280786876485,6.0912222212599225,4.8374204769187985,7.213337360113582,9.907822942385792,5.954671371457804,6.361545223011515,5.148493653308675,8.788310289728607,9.040892747250888,7.582021106376807,7.230226557967114,2.45816361613849,2.3688928561115796,2.7288778388528123,5.2099511706522055,6.190184320611636,3.9106672629016788,6.909170159489426,7.240517245961029,8.888264733655406,8.443738209780786,8.938384663146511,7.1755011854952455,9.020931830780322,6.270677224444269,5.662204894344495,5.617732200674527,5.587885347885659,8.674766062936726,8.693503004139691,3.0456267298905497,8.800408125550915,6.050955474813743,8.587634628635977,6.306893447332576,8.783608663807204,7.262461354097804,3.2792269367956246,2.430868640386485,3.0879627150441884,2.2945657737472085,7.233728569596843,8.751802686506757,4.137273481712655,3.8825774879559685,8.312013357733118,4.188528260930322,8.126976207923594,5.397016191585047,4.597784232061666,8.809545782316786,7.127399315689478,6.709629622873901,9.165966642936915,8.36289586747154,8.571995895272948,9.48716533583553,7.0737995422660385,3.0515307585066718,4.895644532340533,5.459825540597643,9.228229421946777,9.130782598271908,9.86393586293945,8.772143009559201,5.781178875611176,5.320085826513041,8.50792668862038,10.80735002593705,8.481685571311973,5.623320621336598,7.0673545334499,0.0,7.39325958827416,6.557046036702441,8.119025071909109,2.4365528927511146,9.525746289527655,8.301401900999727,6.392666809721295,2.163248820463043,3.2898427836875714,7.490865238999379,1.8707253912436017,7.252341749040645,4.963421463543685,4.772621861475896,4.6495279799705225,9.061179444374488,9.095326533923988,4.709210222825601,8.083186645122066,8.97117542964379,3.195906335779051,6.43661918565805,5.566426885014748,4.512566565613774,8.180719949248505,8.009152666697894,5.497979426108886,6.473690177952221,11.107616132737922,7.546664711567633,8.034140952076617,3.9341383489637565,9.126709179837064,2.3002613961186724,10.286723732030133,3.828047560618639,2.826992168274961,5.684430569868296,7.849637203369935,6.385641713385688,8.303290869204227,8.360874457297793,8.78515345458124,5.445253318640168,4.601215446030577,4.524316255442036,1.839507219656038,6.627036898700806,4.404778477935957,7.463726975816237,6.601977144594235,6.322570088351125,7.069318243494336,2.886515629509683,2.513954414645433,7.491959155299108,7.81759469482901,9.341044499705212,5.596097145515181,5.920723244992147,6.7592378077626725,3.034399983997061,7.64244712436125
MDV,8.41082362928957,6.287639415043992,6.3665443116835805,7.159824287353522,5.590676525767884,5.64736736919538,4.944262169384905,6.152329062334321,5.0666003025915805,7.254563907901624,7.783803192416878,7.461719166656362,5.918058789454635,7.32565082018461,5.255096923469585,5.557744755836555,6.051004374209673,3.397694537729867,5.623660934075903,6.40093314945391,7.079388889021193,4.84558151240442,5.961473289979162,10.365943835944483,5.43012776562986,5.013628084906542,5.179442558324782,6.998803859807356,6.792262291353807,6.9249578906562705,8.489403544866212,7.79687078346784,5.449603705910828,6.522416743361763,4.162670247079196,4.201672333045175,3.5202186889309464,5.534461142190913,6.179813077153396,5.830555046926446,5.17489752964498,5.325312944085731,5.95446692765459,4.81193606306155,6.760094913250246,5.302913919274893,4.661335975711397,8.7469161662303,5.245519577091969,5.024691616472973,5.476991271769463,6.9782101648331,5.646624562295249,4.938197171221809,7.105847173810015,7.979415125592456,6.500211798637561,7.0101079877219385,7.965219647874521,5.05394543200891,5.132618557837913,4.833218794836493,5.238561049369214,7.629805889038221,5.34659836920898,7.092900731819894,7.212648840899303,5.077172191670583,6.966199879783463,6.723708890366483,4.813349542257348,5.004835096301218,5.817608185097844,7.110678867437234,5.570119302015324,6.9346944672975175,5.0527723654211405,7.540441428361746,6.269402041892508,6.4605042302829725,7.901758124448111,8.503385118559562,5.945234070232636,7.23584535914241,5.152318600718377,5.026565014228121,5.278018869773782,5.063242184657629,6.041614350833113,7.39325958827416,0.0,5.907405373007582,5.242261583338089,8.12158383937459,4.113482887173712,4.601051339140157,6.036541951460154,7.898361327432638,6.782886305970738,3.946908121985369,7.311320779933719,5.192628957492707,6.002883865446306,9.283074425725564,5.74916778703728,5.020271208703027,5.5215943049444265,6.410078401566234,4.73136775066326,6.8166898094319555,7.462068063832643,4.365441395895397,5.601876722749163,5.702570644651444,5.7567296450302,4.550126814823351,5.304304230144658,5.322120403784109,8.101832144826677,5.803285511286873,6.66941128816766,7.352668735342054,7.217447317660254,6.108162341373886,5.833214204821874,6.3657581275635495,8.118667371247843,4.967177092424993,5.434202965368511,5.590095356331079,5.169127687985271,4.599458020824829,5.10606719686675,6.581546335857785,6.937223135311681,9.563151655963015,6.7158365465096415,5.418052913613144,6.7734899713790515,8.428275597978777,6.080168659908186,4.913856571767453,5.923265031533808,8.32419418627011,7.941317172423208,6.04563556684931,5.441941070743539,6.953632951548461,6.4211567563450975,6.101027203318531,6.3867998756620405,7.1135226971084595,11.587410196050634
MEX,6.179620989464935,4.871198479639191,4.887744438109662,3.61455196082691,4.786843210350162,3.741144339277584,3.6454637799998832,3.4810667521840934,4.358155732782631,6.963063338073711,7.0980323725128365,5.069631820765428,4.177030514578546,5.328647148684963,5.070941966824765,4.691586537702823,3.492328558124277,5.265598325534828,3.0675292989655643,3.4856965387607466,6.587580085061115,4.833518583674188,5.2402128587358945,9.185088281606557,3.6830577517957854,3.862813575615258,2.499918979032244,3.704900532195538,5.656884878317936,5.429470974607971,6.793728297511677,6.064525080744678,2.768038126309615,7.130550148829019,5.729018758136678,3.531775264723946,5.220640135892948,3.7107562864990036,3.468948591295377,7.06701792789495,4.238167380296034,2.6703962615417556,3.3400679332834646,2.4538217061403653,3.6673279058104553,3.7924316875842203,4.518098069848131,7.53750212848407,4.126313658418933,4.732216036382455,3.922783925998777,4.992615125360445,3.6056147339485918,4.188493705798116,4.9945206608342,6.9335263051177325,6.092941457077427,7.123327132834847,6.975813763949825,4.690893176305783,3.480543848958309,3.539255950321161,4.494278821655697,5.628288806055367,3.951550379745508,3.463322901323185,4.408906119182616,4.358733249113026,3.09955918383289,4.919474591623488,5.372164515954432,4.220645435319994,3.669453100197784,4.03990987731668,3.1147965484074143,5.60660984456468,4.148176656585847,6.429820052043448,3.68463546389671,4.9287909181445535,5.973245957286343,6.351298308514705,3.811253825519209,6.888822466746598,4.313583927206696,6.844201948345847,4.386303179455745,3.1481626859717546,4.777325919532938,6.557046036702441,5.907405373007582,0.0,4.695917289914143,7.5443127787634925,6.457885742190767,5.1406129496320565,4.360768287181101,7.202843828339956,6.063898265276297,4.593705090064014,7.123856996345172,2.567470102591218,5.862334222810621,9.258413202233378,3.854370987163032,4.407719027954131,4.21859621866978,5.2918087599475925,3.6738453623298057,4.811906227054596,5.339633678910938,2.920541054056988,2.2089652210982686,3.1960207303845793,3.486964912867174,3.616126453821277,2.8409675363558695,4.850460122042451,7.263254747580673,3.4714440527146873,2.9678958147227665,7.949690507540005,4.411151562906449,5.46930962719902,5.144506007387365,7.524547745883527,7.160266884664153,3.06177453698872,4.094791691968618,6.950075556339285,4.045388168064609,4.287355035903,4.129862919287115,6.459792050544255,5.848949106841371,8.938045694464728,6.196092411636065,2.947339067720412,5.539833834081397,9.457147100671257,6.438295471871763,3.444253896053345,2.587563052341788,6.807353617362357,7.034744413290805,3.5480321588061137,3.855701380400529,4.389893234188399,4.1299886059136295,4.225070921537522,4.293682266055984,5.594300378677569,8.82968313101391
MKD,8.153678643749537,2.3106583823059843,5.453095867699013,5.335203029627171,1.6905347867243636,4.955486007035817,3.5927006667323838,4.247650760176271,4.128629732460589,8.440734607344007,8.201411505492631,6.493530578735035,2.9425370118409946,5.241864816904048,4.575393876632229,1.6605492259379577,3.0886524610968147,3.7972935709415148,4.944510300228315,5.090462330522622,5.817235529203381,4.343775752734297,4.990423802225629,10.06738029231614,4.729435957791175,4.443676691677795,4.024527793214395,5.6190064731620275,7.519911845049901,7.387724833867744,8.882768231725091,6.800726842368251,4.474713622558901,7.603877406853405,3.941047758912789,3.281076734153204,3.6875838739743396,3.9589394080605733,4.697821532488237,6.188974689221598,3.8930429338323065,3.907953686115419,5.057061445988981,4.609378856491469,5.453097131633936,3.7877548613898653,3.183969937523694,9.171710874972417,3.376655471208659,3.8434734609167935,4.295128050863825,5.614687253940278,4.880986628113514,1.765207322190576,6.698480810096175,8.018922434117835,7.092913582441726,7.94244955892049,8.30677239609327,3.1853427811230333,5.5019943736358865,4.753387887548641,2.4390486946427226,6.906456786744681,3.012376598758478,5.7046974078711425,6.341643205551353,4.151984392789031,5.061949133835768,5.811583410919977,5.292896009706965,5.27869253046378,3.8426628972686294,5.7959129221369095,4.60044750596415,6.878512024456563,4.614423668169775,7.912955680789547,4.391910673545556,6.551403223332138,5.460534244171373,7.541515188244865,4.978684053916073,6.947381846704471,2.245231752370904,6.1074380880801105,2.6142393914600355,3.829094653072201,3.849245087704899,8.119025071909109,5.242261583338089,4.695917289914143,0.0,8.990356294824672,6.622275746962676,2.131073258953892,4.286878998881042,8.511186455734173,7.067789590748936,2.9358643804460107,8.073777382155036,3.9965873377909285,6.45572595517655,10.659811279178298,4.933788796750787,4.697582613195395,4.376926048079758,5.715849640245238,4.203180295600515,5.445289725887719,7.473214825600969,3.8778724767792396,4.90778470767365,5.248706955289089,3.5113837291800682,2.9876782908206114,4.346445370322854,5.109713730391816,8.415192317548865,3.1383238360939703,4.37475773236508,8.481463772644698,4.834765429570835,7.22254935850159,5.44619871681211,8.354335120083372,8.485162148028527,3.6303763547118577,1.658932837781958,6.784385918238787,2.8940096395397426,3.217637114828233,4.120781349603372,5.300345731858564,7.214794048177964,10.43828665406229,7.481525372038636,4.86272193961468,5.905560604859039,8.528455837268929,5.371700033771177,3.1921039028107216,4.323326336384755,8.782982443094648,8.80687236221638,2.763379516353641,3.637802564132841,6.189765939668642,4.912407749733032,5.225214038001649,5.230256597173806,7.575634630945437,10.602801096006196
MLI,4.656364420291108,8.535033394953645,10.54060189425645,8.825122219940033,8.407147084916398,9.720689673649098,9.657756129533281,7.1317627446720975,10.280889566719791,2.418479186178698,2.56097936971436,5.683358408500887,9.373074212834204,11.070922367285897,9.930223297777633,8.901927533385987,9.03431128564136,7.145720826329177,5.759846533828574,8.196230239536014,10.062204507880747,6.630317042037226,7.290351975454749,4.677234489065926,9.800875542035058,10.001332255153422,8.488007049859501,8.053962891623229,2.927361626142799,2.8546752842943106,3.3600455983758923,5.297950745336209,7.114328495511266,4.4799450374714676,7.955582203968965,8.287042635933535,9.977151223238911,9.539785101242794,10.057950940750382,8.043595251553509,10.062176302868016,7.109952419700843,6.164716735987856,6.619147091993126,6.242598995828986,9.690376112598074,9.749024050983566,2.8072221760314124,9.823403247868526,7.043441152807226,9.705465216735309,6.374364069537808,9.944390904224484,8.325797646901792,3.9409007123343,2.2249817730693677,3.676622474291819,2.985010823626634,7.1359190986853145,9.833951311807152,5.265358084366417,5.124962966278439,9.434529065224078,4.970635500519967,9.2542477391028,5.983841235297348,5.4644306116575905,9.62620316391806,8.069167408950268,6.799627442871519,10.08987938455191,9.358857309510592,9.708552500454296,10.605465194945268,7.708456736107853,4.312031723944529,5.908522582238313,5.467018143331538,10.16212300906864,9.642791300382981,11.053930197252535,9.524893887500902,6.899474376407627,6.099798645171815,9.600777820572926,11.732897873145632,9.639753966750932,6.345647416564222,8.216150027855534,2.4365528927511146,8.12158383937459,7.5443127787634925,8.990356294824672,0.0,10.477762750894188,9.31184759481313,6.932970486611946,2.6487412017301257,3.303658060036803,8.59220798389279,3.379291566039954,7.972612886813828,5.50706518405926,3.718773309811892,5.925101193787272,10.154700312783321,9.972374537646985,5.507976772197953,9.096933698709723,9.526157144505252,4.027758686591289,7.433085844871452,6.545607879178752,5.7554572664474355,9.305070446642095,9.127877269254085,6.1116141727429945,7.22661365406031,11.309101884292387,8.72571470840005,9.001896971975926,3.8320175892002544,9.704830302979191,2.6521921093486003,11.23063469239845,4.464541423797616,2.884121369186558,6.85775948099512,8.845044127996099,7.5024496005127155,9.405029189035039,9.361183373198752,9.828218558544862,6.022021065424601,5.113051421764014,3.0074422388029545,2.687675326748242,7.692966701565699,5.071987701401561,8.21305306997957,7.707840939445318,7.291079145207777,7.916750140094342,2.6260667639167914,2.3920402895840995,8.667838030876748,8.858315132218081,10.390438798245723,6.326337896929,6.54815244383421,7.69970544381132,4.193081381660973,8.16126629640807
MLT,9.370352964684313,8.015170595647696,6.312093274202608,7.233567298152641,7.167510216236465,5.623517606495112,5.169644657378558,7.434008471489969,4.5476581480361435,9.504569568962712,10.200074250484475,9.639722781201348,6.754240487994434,7.333451222015786,5.09614580517454,7.2052955380888175,6.536713005028005,5.738517949187426,7.03587745535437,7.2392369011714575,8.004689073407578,7.255900590871186,6.956866755474541,12.364268382380311,5.266397104849113,4.439594575716773,5.392576724829367,8.47238344147943,8.835584437755617,8.759956867878655,10.067027367320684,9.141156696457031,6.510690966788612,8.924519129542448,5.9791550805455485,5.1516846917647054,3.860658385927468,5.7734680583768485,6.0224629797414435,6.825043748831619,4.891939723310303,6.568598306585165,7.36923646824888,6.2631083321361976,8.384561778606567,5.6707085482440975,4.963389806121151,11.1024680799851,5.601290901518181,6.70048683331187,5.795826247248816,7.7468520506185365,5.434031098343803,6.295633131900612,8.807239236702712,10.102257346920764,8.478530599733945,9.317201808378814,8.735683651630424,5.767547389365957,7.1173201653103195,6.551030922982921,6.393175235544506,9.166549875413464,5.965359259936846,8.807319620577035,9.29825816139942,5.048537623711763,7.501808173369149,8.313418450436973,4.0163537871453885,4.798856497454113,6.469526617459906,7.112881995307876,6.586166135889412,9.139515401158576,6.807148877910037,9.413891548719146,6.5173501148468285,6.238629272748758,8.33794627682396,8.428775203127072,7.80444114167466,8.64033324165916,5.781181209289797,3.022326426932157,5.812289007953789,6.925899863035506,7.796104512517069,9.525746289527655,4.113482887173712,6.457885742190767,6.622275746962676,10.477762750894188,0.0,5.664292950973565,7.235455773751897,9.864770704022497,8.487769680872042,5.805972115938668,9.702315756651691,6.00885137726597,7.411870408414202,11.956620337964477,6.944426995683129,4.301051007887732,5.603842084617064,8.421463446294375,4.979072858657408,7.551216129106209,9.559312072388057,5.3069883781066896,6.467495581079849,7.436301831358435,6.532398315248486,5.628204031093906,6.5570071709121835,6.022969602066653,8.213040068531235,7.016950069632521,7.363040127688232,9.760920980160947,8.012055115224113,8.228191753210437,4.394567414031831,8.557251227413275,10.241717590556256,6.477997675112179,6.723350812824731,7.003025249971281,5.774980682148757,5.197741470371829,4.780376793259263,8.743734934890242,8.191695998584324,11.981082109198377,9.005770894382906,6.7167391107022105,8.924708288434559,10.763233010195885,8.118605199981625,6.199030044474465,6.365545617118426,10.417037676048851,10.0462560477069,7.0949850381185975,5.962206735222014,7.200283373728295,7.966045689211249,7.954671467206885,7.120161840567804,8.446277616142323,12.284083350358241
MNE,8.417753369511058,3.5133505004346817,5.82077863472726,5.201992454614506,2.824896046152509,4.437509898733199,3.2190876839803333,5.271628046796279,3.449470853637647,8.633807829841217,8.469193427487639,7.25912273511846,3.0161354456464857,5.418995940291649,3.7569990398363684,2.310416896878989,3.588598191332068,3.165786886371962,5.043145778831869,5.0287650888896485,6.158967647499976,4.8974976231553216,4.7025280875907205,10.436272403647592,4.279553105398349,4.207617513454014,4.003949470369766,6.204959638002801,7.7018123796949,7.56356681594571,9.047654811714557,7.279598242407512,4.5932941398657325,7.412738656858905,3.481495951244178,2.928746248648543,2.5620898152642764,3.8157840431264223,4.405286072646364,6.022333800117004,3.1365429537956544,4.273225226677818,5.39935204482113,4.690645667261497,6.107657977858934,3.523168251341025,2.4384922647541902,9.581962240265069,2.8319271251887392,3.7872518810459717,3.6363886268423364,6.036367838392615,4.262780308825374,2.094685546325964,7.274397092333294,8.472645394534526,7.201813246007068,7.917112540336749,8.3770319534862,2.4912255358424,5.636912811851847,5.009395688786028,2.1385486332761925,7.367135085598493,3.0327744735611595,6.526486073491455,7.041004113313549,4.351670538864054,5.472568323191399,6.317270069882665,4.213445353859888,4.190042000327763,3.6405829820753803,5.531570770378,4.849678981414045,6.975835333305883,4.696706612748105,8.687807460694975,4.638017128019645,6.478995297312042,5.213801776593504,7.4048011149007715,5.340770049937735,7.004195577395447,2.2100697529215134,5.192990736272718,2.056236858664324,4.42025259237145,4.259961497419391,8.301401900999727,4.601051339140157,5.1406129496320565,2.131073258953892,9.31184759481313,5.664292950973565,0.0,4.812781763814285,8.722129760548684,7.3238684465355055,2.829454946582204,8.047354783711551,4.659957815186359,6.345290430172696,10.913039382575874,5.127868772186031,4.049613520113788,3.905796636501107,6.147794846558143,3.529549807358201,5.6748719181964065,7.776611311600197,3.849542699936842,5.095327347437125,5.723726991519159,3.70300198139982,2.637756652529899,4.837229694348272,4.619740988812725,8.486112712363331,3.4307673261888674,4.647955610952756,8.617175053029992,5.166695982350585,7.427963087729257,5.300810988789941,8.128420467689262,8.802773139881056,3.857344215660478,2.299558217145282,5.964468866530582,2.9627648604950036,2.9407929448570664,3.308587594218926,5.659264395308702,7.196175201292923,10.870356710259404,7.60329451751525,5.444797651485998,6.371024980232468,8.455767366852745,4.979240244315197,3.530519665405098,4.592484319831516,9.151759570961639,9.077793301107008,3.37991181126738,3.2300803426732596,5.791703361397606,5.3987290139939,6.271444256018961,5.143778751570487,7.556408524626923,10.982440357084887
MNG,5.707783641219483,4.814574602912872,5.946688747037666,5.253884531299524,4.142139711599271,5.357519652854358,5.022124995880585,3.326576227183761,5.684231265746395,6.802212111777036,6.556568440141673,5.866159445491094,4.87995655667028,5.991014359615023,6.206111946192839,4.4554555532962965,3.827954716277958,4.942169409933745,4.02539809641483,5.8512307483633474,5.741663894939606,4.341284431093907,4.7178919286408725,8.469304149184543,5.374890316308671,5.82612220390207,4.438532349830948,5.463356073211245,5.950486152757683,5.669115813823191,6.8593757671646625,4.887432261804032,4.468153663631847,6.845192718090954,5.779962674992752,5.0497209144433635,5.8237221459266415,4.576577994986926,5.705625013909575,6.960568503553727,5.58740131962225,4.031525333500124,3.8260908691083024,4.442900571944133,4.210718012300072,5.676645548092764,4.706629481251369,7.252747344107309,5.116195188511454,4.782136484395881,5.9870539344039075,3.5007692374486536,6.202110679212607,4.0371781170972225,4.736853847909972,5.866093899932358,5.7518760420171695,6.567285481752446,6.780652492805357,5.818066218363015,4.924052137326423,3.869400597572555,5.11390180503889,5.95754875340309,4.479925281668434,4.548223075430372,5.637679312500765,4.540756093653014,4.200131332773626,4.569520832724501,5.75849186178078,5.64162748227926,5.770212100506552,6.84164224113203,3.2987728741296283,6.031699388497613,3.474436292192463,6.286191856984155,5.528181741051101,5.478870162425873,7.82539303578415,6.834902292730786,5.085733299555935,6.1503713928696255,4.6119812247751915,7.3938631788282985,5.087446539241626,4.06821492824403,5.240418234244497,6.392666809721295,6.036541951460154,4.360768287181101,4.286878998881042,6.932970486611946,7.235455773751897,4.812781763814285,0.0,6.538044072014859,4.803896962585787,5.246167748471124,6.791855595758928,3.4803005471042225,5.438054044612281,9.099175281741582,4.314707313637059,5.890358728867291,5.472440888510882,5.639076341489506,4.944382179220192,5.511658075005936,6.194843021281489,4.109410056208373,4.174537446911045,4.681842671679127,4.62428793881179,5.150853555217998,3.5201102001930766,5.080178206812541,8.013550059161561,4.528638317314777,4.717187857543524,7.229481032903113,5.073375986528758,5.5123817458569935,6.6411817524764185,6.986801138534799,6.803397489368306,4.3738643979522935,3.9709159357288293,7.257025105713588,4.4950648387181396,4.399148771246544,5.501667799733729,4.955365882277154,5.454618603587234,8.45689150966765,6.077175554285904,4.9381124605871545,4.195265910686124,8.020134791115122,5.766206371482332,3.8343531364793404,4.066221351538068,6.659677382083966,6.7581718000488795,4.349584860020197,5.3116571581931336,7.0476001897195975,3.0767129115389142,4.218706461094911,5.045380032804028,5.668928685074945,8.51340210065598
MOZ,4.268758306571778,8.256750685171015,10.24446233955187,8.344351241312895,8.120917020458702,9.334313530674933,9.06738461547562,7.112671780192363,9.51373479916787,3.6508553643861816,2.2722594071971365,6.3962591509488815,8.781707945951025,10.699734426758358,9.569527245774335,8.30932715805379,8.376756152279292,6.579135716940308,5.531041639995383,7.83109042811566,9.819799266312971,6.518997137337698,6.339547986419706,5.452847094962073,9.29327406438142,9.655092684744542,8.089874924945281,7.984444989780469,3.8796058756419822,3.400140458058565,2.562202120302333,4.853058425326225,6.862853749433686,4.945465187317447,7.463351762711375,7.869318946694537,9.467335264823847,8.914676435118107,9.478950448345444,7.0928009087688375,9.393354926162042,7.170882834643155,5.853359270160004,6.3379125136336345,6.602186436418909,9.169795920070971,9.148921601314587,4.281591046214619,9.214888968999992,6.3392192405027155,9.103724575317864,6.340589896464335,9.448258561386492,7.886185754986921,4.443104709761126,2.26888936545873,4.323269435585677,3.1023424682650607,6.570185266383085,9.235827363132422,5.463598452299356,4.491186224657057,8.82161190226966,5.016459918692435,8.58103498445749,6.399387220920496,5.581897653019681,9.157271060108254,7.519967177720325,6.630740675646217,9.531971871371587,8.933335869571499,9.157099718713248,10.226289161687296,7.812908597043348,4.54332512334898,5.384613096253387,6.439780319444264,9.786231723943214,9.219996975211963,10.43963071322476,8.21647973177256,6.812311319669745,4.520160227231331,9.022863219647151,11.05776497166576,8.935723723270629,5.922075447473867,7.928513149646309,2.163248820463043,7.898361327432638,7.202843828339956,8.511186455734173,2.6487412017301257,9.864770704022497,8.722129760548684,6.538044072014859,0.0,3.032329889493853,8.133776925260362,2.8187916376880016,7.7434409835317695,4.560109231046051,5.070753968352567,4.977677380858609,9.42477479249855,9.518981574237637,5.780389412014293,8.726930287466113,9.148549356227702,4.491887167444956,7.199361665917369,6.365953531299018,5.656549173538662,8.78334812426917,8.63458403249879,5.926042352571853,6.536652435035709,11.282624759950107,8.231440411965716,8.624679271375275,4.517406388797016,9.395453841898126,3.0390542136379626,10.691850098740701,3.915253060055307,4.2301907687892335,6.39227359037455,8.278298750647762,7.1663780281517235,8.614516295884709,8.737575428825117,9.142741806574426,5.502894127087041,4.720553404681744,4.8488755398762216,3.159369899533804,7.308216373995907,5.145472153209075,7.9976082079921715,7.072368539810735,6.530444611156135,7.448977639750921,4.16215953891412,3.7598952857380885,8.002852726048733,8.444484952278295,10.289980231178534,6.150187023966735,6.542208550573506,7.016712954981279,3.2864075770796997,8.134623556337633
MRT,2.7953370845398,7.033677126758545,8.879851174712087,7.068028279783601,6.64197401619201,7.981360981136642,7.8419358881528,5.72550874418291,8.336846020295056,3.91573439949748,3.530556031374421,5.648396707853018,7.756007376781556,9.399958616875516,8.118944645863001,7.162707557743795,7.226717135658254,5.51692958449062,4.501102497075822,6.896921629451163,8.454936629844454,5.667457706214007,5.177804357488034,5.911573504536478,8.028085616717346,8.122650834578177,6.602096103325243,7.259832277947205,3.5598979993168185,2.969509466475747,3.597335614852279,3.320668242847349,5.538842226655304,4.593934952068295,6.292555056249859,6.4474615512191775,8.120879054256912,7.836967693265898,8.45144452422822,6.221837502584146,8.179464595793837,5.6575108778712915,4.459230639826714,5.276022521512714,5.298254854697559,7.845841434673043,7.838199945597271,4.566072592818223,7.961313856328522,5.654956858086016,8.05047731432944,3.963962272608792,8.408012693094188,6.552916424117118,3.4319526390698973,2.7381043459516614,3.2093411200068673,3.6436888537433156,5.748608064313758,7.9859125041054835,4.583206486672,3.314524494212465,7.822922121340706,3.818395548276441,7.586921486365843,5.487225106966203,5.350157295046533,7.575988602684417,6.2627123108090075,5.461914355839095,8.068685574036836,7.643447974136187,8.030982646509765,9.219147898504273,6.179555387541941,4.483495781584871,4.529722537951141,5.694081872913343,8.583715292403872,7.859913509617541,9.472973570078427,7.332745622759177,5.8946794982549395,4.655481797291107,7.752594959497026,9.62050423114541,7.8022692662705975,4.979106681113871,7.35259684593338,3.2898427836875714,6.782886305970738,6.063898265276297,7.067789590748936,3.303658060036803,8.487769680872042,7.3238684465355055,4.803896962585787,3.032329889493853,0.0,7.126636108147132,3.9538876712184496,6.36962268568063,3.499137649503523,6.184791763479044,4.049814130428748,8.319590840429834,8.223691389202717,4.805217485161031,7.349483408599111,8.079444544128194,4.418785375356332,5.499754247820034,5.076758337821426,5.095269709972843,7.825627389005476,7.473605295495732,4.3229304491837395,5.083342875196417,10.149034217227614,7.324106720719361,7.6392313783255235,4.170886512931124,8.184428767304116,2.603803679014387,9.200928341388105,4.567058293838906,3.92168025588193,5.4108926848372425,7.096951118273952,6.154775826814517,7.550904923273687,7.458297001216784,7.8786730665686155,4.553723813946538,3.6403270277872815,5.440778824225907,3.436258615079237,6.725880764475523,4.37195072718632,8.1596295524932,6.70679683070445,5.233010581978549,5.936998909605959,4.043899849012782,3.6318223503773117,7.113503646436652,7.058050761170013,9.231651485822804,5.195764496591573,5.87683523028622,5.87157864757397,3.109433467365514,7.416216152194095
MUS,8.38110057867029,3.805227422609204,5.486082111336592,5.923402194783029,3.5142197330614304,5.078908369866911,3.50110737353597,4.9828587576954835,3.984623080709122,7.689441656766642,7.645277632371081,6.391706856814312,3.156274588768108,5.423870873732656,3.679764462673399,2.9994227828949676,4.219594278571662,2.6944704340404027,4.644850253458476,5.237187825096521,6.289357610084788,4.209052601816823,4.9030378599202145,9.6709365065557,4.73519353752317,4.237153824425386,4.44362428698079,6.033737015021274,6.865959352759196,6.8773580786808255,8.425476890575299,7.08141274190288,4.764234777327785,6.703655596481003,3.580063515581748,3.262333788303882,3.075120994827462,4.057705984089189,4.6706554699723215,5.582820491469685,3.9239764846640113,3.865790811362205,5.467965838801375,4.11173355810754,5.740761454603773,4.212784305404264,3.3685893206594737,8.962038245945415,3.7956227860706253,3.2314671517711666,4.153699062990888,6.452797428616231,4.447221460875243,2.6779675390872475,6.603064647519187,7.8781013877915855,6.663060376897006,7.259736650533804,7.896960053179393,3.4515514671512513,4.648869942037556,4.450659547530813,2.6402783101579805,6.860957696131359,3.4297617750213303,5.9818014510961,6.208385573628388,4.443547877423304,5.857712241813088,6.155347797338476,5.214206745643019,4.928882224085225,3.912695539666232,5.713952979854507,4.891840702857238,6.226793557611911,4.534219165183522,7.802174176272795,4.813644668107279,6.607192863631216,5.223396074659268,7.780076098414884,4.482140763417749,6.707524326148162,2.9004118045976957,5.557172117712632,2.861995627268121,4.2035393741122205,3.5121623490561027,7.490865238999379,3.946908121985369,4.593705090064014,2.9358643804460107,8.59220798389279,5.805972115938668,2.829454946582204,5.246167748471124,8.133776925260362,7.126636108147132,0.0,7.4323608873995575,4.458843591336679,6.130710756183751,9.806131423599703,4.824224479529926,4.538099232690357,4.551405679273569,5.729078361825652,4.1887143437439125,5.504113129086412,6.95516891258145,3.343541527826327,4.9291918627366424,4.733959340592093,3.7513191988627197,2.638117497618572,4.639062529503218,5.4294662257670145,8.103066320490859,3.2813937163313738,4.872511486443914,8.33159903277196,5.5594259033788225,6.728887416169259,5.167140810755233,7.54472115773863,8.052380442331843,3.2773901603391473,3.106823982236662,5.7584035903450195,3.0112013389566212,3.4106532576416093,4.349755802222287,5.479938032942391,7.414024949207197,9.864431595690561,6.690539699430502,4.501030279141026,6.083481634621512,8.326233783528028,4.580000507728572,3.786401311116902,5.116398890754681,8.473550388915514,8.433557355506602,3.761652869762206,4.005475725010378,5.723646497781448,5.672562517120624,5.421381154427646,5.253539542456901,6.9469829772439695,10.877823143112842
MWI,5.202264183373258,7.652504875553127,10.396632280599489,7.801923649215105,7.464949474718899,8.752737357445548,8.660038048832513,7.293397519445605,9.216832758794384,3.75126255494771,2.3238436358955026,5.305601570608569,8.24264857729971,10.631528992253743,8.896487996421996,7.666511816262573,8.278004863223194,5.758335679092329,5.188824970185346,7.031347398094108,10.084932980728764,6.049188862572392,6.04404415443283,5.804047535256184,8.80054508703992,9.332171698690162,7.739326546952112,7.339796469990002,3.377048063454729,3.252560589288434,3.524762067339261,5.70544641282704,6.186775085898798,3.9576839436740063,6.604513858448011,7.127363007290027,8.787605311803887,8.668372228039487,9.048336521554695,7.103931021986618,9.01685731309065,6.528360988506885,5.811398954412407,5.849011848681683,5.9759829611572375,8.521006412168603,8.722911589222727,3.6500080565255693,8.694039110240698,6.066482581778978,8.40312671974792,6.771551939003094,8.806085741287216,7.237459615329145,4.4987927817892075,3.1971800060494395,3.8214148210371532,2.476469009517291,7.66788585636277,8.47712229140157,4.582155142640391,4.339902032151484,8.134222415479961,4.6276826518864915,8.243833581099926,5.986226907718353,4.835637123999772,9.174131576717045,7.305100483306141,6.961305714435938,9.160438613868411,8.345316289114773,8.425413311267306,9.55171795311753,7.474883623443499,2.9137456148155785,5.036916949842573,6.7517071338377495,9.397829135602272,9.509823508648305,9.77305711692526,8.741095493221628,5.985114324865186,5.099499452373773,8.548786837657255,10.948633042261923,8.433448600307448,5.6955204007978875,7.18154909802369,1.8707253912436017,7.311320779933719,7.123856996345172,8.073777382155036,3.379291566039954,9.702315756651691,8.047354783711551,6.791855595758928,2.8187916376880016,3.9538876712184496,7.4323608873995575,0.0,7.784407527775928,4.764204178685741,5.370576069765185,5.0087522326786535,9.171521191375803,9.122622449144632,4.874743518615633,8.079131782942651,9.299253137329824,3.5669232112810407,6.694896530855188,6.005792691876666,5.055438867710443,8.279222803711306,7.923845423263804,5.9863058284408925,6.31261397035425,11.640841259510612,7.557973920480287,8.1376503085346,3.785447573604737,9.247459227211783,3.233423531634997,10.752801391785214,4.038799279972379,3.7317909418533652,5.906789014908072,7.763949976813361,6.1385341801297235,8.365648124017145,8.446438294748775,8.707245955968482,4.985466567859737,4.655347798998543,5.559649259644332,2.751405996846254,7.145208315392709,4.629531439337616,6.844963194900103,6.404216759064559,6.2775077818887315,7.215841613412485,4.004280859348513,3.5029552785731792,7.457383169037364,7.732744343171431,9.327501434469482,5.826461780362355,6.665693876386314,6.522886388679137,3.557152510404547,8.211536277398071
MYS,7.066147050380665,4.717105200015243,3.537944327931905,4.973905689579174,4.187324656767168,3.66974328198967,3.2159347111432663,2.7312671294173785,3.999102795649766,7.359594917837649,7.624982397125094,5.743853128775311,4.070262515202648,4.6710586175816315,5.538801766183446,4.424860814548649,2.8578224895334805,5.134863655823547,3.7246477110105802,4.856225693040008,5.2071689352405715,4.34332458414371,5.448049797177854,9.882837237074899,3.470263806770235,3.491616266386318,2.8176090762012667,3.975454167873167,6.334308814410961,6.217027421835802,7.66672076622609,6.283979320232752,3.668752760579865,7.785021047612839,5.711967670712295,3.9508503911326516,4.587714631157927,2.8694878649600013,3.5815890301728035,7.3026657731069395,3.9309508685329986,3.3001926549043805,3.9242837111510718,3.2719936109427765,4.2907891068554855,4.006368862733821,3.6159558780426604,8.141015806482331,3.7097386720203818,4.841952981592627,4.35727731086922,4.905155241236804,4.124474036933445,3.8228534031166657,5.480214486251883,7.365662538824494,6.67248636124617,7.615378043637744,7.089807234706261,4.75047202443586,4.426926207009266,4.049445316057395,4.225133987740355,6.882198220933892,3.2098460675096887,3.992445664314214,5.397126757993056,3.041643539149777,4.10065163121953,4.563543126259243,4.7708783773437275,4.216413933340502,4.213133989296311,4.62406919964046,2.592986735551094,6.520915340958713,4.09927972447364,6.117355100628652,3.0988568856122547,4.216333767935611,7.101537215572087,7.082957348102971,4.598039046573215,7.328933696320026,3.494224732772654,6.100878411928044,4.191859493615859,3.5189807971153364,4.722222371514246,7.252341749040645,5.192628957492707,2.567470102591218,3.9965873377909285,7.972612886813828,6.00885137726597,4.659957815186359,3.4803005471042225,7.7434409835317695,6.36962268568063,4.458843591336679,7.784407527775928,0.0,6.319491352489378,9.468362348266963,4.636957302372354,4.030242323201262,3.6024588419635637,6.027602377740683,3.4509915223891596,4.068332956847354,6.615771628881599,3.090510410776158,3.0709118086406635,3.7077300284933488,2.9083707802497543,3.697803527962764,3.3166539773566326,5.38055479136376,6.146201326068613,3.4776481758210336,3.162621565644155,8.160964441408124,3.8567822114802093,5.975001626387508,4.503933903869763,7.611822446278935,7.881582531525759,3.681417625509518,3.4873614971387497,7.678455702519635,3.381353909136465,3.219518725763563,3.9145089231978383,6.432431189071313,6.5745847304626786,9.141190540289445,6.731941348304057,2.744029474797864,5.483078735196092,8.888601566333008,6.5198797763838305,3.8868500638538555,3.4323996007868898,7.332555858279836,7.515800472962286,3.6492784561538065,4.515736819144613,5.096627489990583,3.840914304293644,3.418770827375215,5.167866045525681,6.5424993770559015,10.041214708370017
NAM,3.9441564787392247,6.9323453221144655,8.151357042708241,6.4883254230440635,6.461404723947044,6.943285476599182,6.780312810377306,5.879872813217754,7.164762254303396,5.880917780391241,4.800520165371183,6.886098330403987,7.275432905695958,8.92854515754303,6.673625323876846,6.374212211053835,6.867542763789903,4.4746678774421325,4.2443380577950105,6.0023721175482265,7.544585038177631,5.663191884884969,3.1396720748320193,7.235542733738187,6.820220162629131,7.211860070384154,5.791866341784519,7.224265193275644,5.02435726909384,4.249491020663629,4.534418117861386,3.818727683324143,5.036468107507979,5.64965727938219,5.552523899440137,5.442397385682905,7.09935535959389,7.258503028962748,7.470676179057062,5.123704187195138,6.956455007317015,5.485950205573794,4.184491905826182,4.769954833422752,6.074806407105416,6.663921141438498,6.9469166333018775,6.874185638255704,6.778351614430231,4.735699656096028,6.819889972081968,4.38453449816053,7.299732697654056,6.125716703711446,5.65741748063378,4.9638630807791735,5.1158577552395,4.984014183776069,4.396498476806304,6.756830426819547,5.096665186414741,3.6733357326517306,6.887431908091387,4.725893933792547,7.062276494723888,6.400111177222952,6.034985230878851,7.186758368550451,5.905480086134319,5.237364822723556,6.907645470690081,6.649824028604121,6.952112740571066,8.249472132787755,6.23833860110093,5.163274037541478,4.647787381903524,7.809863967193345,7.8011257503378815,7.115029001113759,8.324256103988986,5.303020299217368,5.984351210345368,2.8305578616575877,6.9892469761849325,8.443043436019089,6.75195479791245,4.630211177333029,7.216952865343306,4.963421463543685,6.002883865446306,5.862334222810621,6.45572595517655,5.50706518405926,7.411870408414202,6.345290430172696,5.438054044612281,4.560109231046051,3.499137649503523,6.130710756183751,4.764204178685741,6.319491352489378,0.0,7.597536388535452,4.007538980394535,7.273940341486261,7.1086413594431495,5.925735951873451,6.438565402926506,7.237549449193713,5.563986924306655,4.900221173080266,5.114378389518687,5.475296681487632,7.239816193914233,6.608917798388802,4.366446617293876,4.064744141926324,9.516419428681111,6.827085172874108,6.975308186520859,5.51953213953882,7.413857695928754,4.262465305397796,8.481627825591014,5.232740537484335,6.141941650220955,5.102585448012254,6.465387230719971,5.697876060823834,6.550906207411642,6.693936869817246,6.643770414327536,3.7747803388789958,4.553688685250497,7.390322444265292,4.8416139255933475,6.6530663621488655,5.6320472418356085,8.574546748530222,6.469391822383345,4.483973525070775,5.503208588814144,6.375036546963718,5.84928104426781,6.605788010907313,6.2362641660081595,8.289495365866186,5.9291405181611285,6.87865427924901,4.0523149484361145,3.398656574609441,8.758838372705487
NER,7.627365785676963,10.032722192381826,11.325060201413747,11.056866915539732,10.075196579478039,11.201650722957472,11.077483282659115,8.728018929164563,11.727906197993732,3.797975681052082,4.292406732255169,7.255575097074354,10.844743546975153,12.163989804193116,11.50994633899471,10.529178065744418,10.77007336292332,8.538160153867135,7.206670514715782,9.850761405618139,10.738693758190486,8.201586622342342,8.995915315113345,6.200808863381908,11.238333933320694,11.404694947557148,10.170494798160611,9.422508964787841,4.94918135004552,4.9749530461313585,5.212406530291953,7.02060505305567,8.960016983431737,6.1043118309245425,9.47100199264372,9.97591080923158,11.406947704715796,10.945698050160543,11.39020317324538,9.732518894261466,11.4417996636021,8.857610791761175,8.047393864900489,7.986002140765934,8.418965144210295,11.254795896473674,11.274647209782989,5.1980318343169465,11.267689968087396,8.365218268886688,11.094776169792473,8.569225075405786,11.29211782051487,10.08666076842168,6.311436244350923,5.2246773643214945,5.9571947359493205,4.735895787755249,7.826138337930194,11.276540778296813,6.908541794554587,7.178043396533682,10.834772323796747,7.628344742324706,10.767847685411523,7.582447354832616,7.130840682132649,11.296624845624377,10.337763876102956,7.807854307502534,11.587109372246664,10.70748502942159,11.10300466178467,11.703947239867839,9.61109418769718,6.02417379509662,7.974137151126237,6.992462118790631,11.322140456389794,10.894304398535553,12.409154532861198,11.226612370283302,8.479481001938375,8.13594565705577,11.118368534989624,13.158235174449416,11.189346228566263,8.109315951782577,9.532490237447709,4.772621861475896,9.283074425725564,9.258413202233378,10.659811279178298,3.718773309811892,11.956620337964477,10.913039382575874,9.099175281741582,5.070753968352567,6.184791763479044,9.806131423599703,5.370576069765185,9.468362348266963,7.597536388535452,0.0,7.861686310241561,11.627203018088316,11.168486842786285,7.450521433005315,10.576127009096,10.161899067104331,6.135956925416883,9.004344762197794,8.164900020086035,7.172272185160477,10.697806659906279,10.560148179197833,8.162627019605898,9.274421758316612,11.282131349587104,10.252545659806184,10.47679513954862,6.238208240879247,10.78351876542555,5.02305689162839,12.539548517738309,5.661845902405165,5.294308918429827,8.341939283928562,10.451174802523072,9.214808140247778,10.916043731260832,10.863253941587436,11.348561869030105,8.054958553764259,7.6969276900121315,2.29763470138123,4.24846866599596,8.95634064848132,6.913716375015807,9.096371688414726,8.91001682162048,9.39833324439868,10.10301238873421,4.508648826303891,4.695978644724037,10.403100445558213,10.604303685310601,11.562887417780164,8.471132920195407,8.149206953176922,9.687814109734704,6.448689998213521,11.26948047418109
NIC,4.84900668350727,4.633073885396276,6.890869452291684,4.783393622575674,4.972374029726158,5.798120173203014,5.288768416087871,4.375963179649214,5.9448956239011235,5.6307694958414105,5.3419329926811105,5.357716700107111,5.2642141389579065,7.271468417815965,5.845453586479027,4.924933914645812,4.548537487464918,3.91002148911256,2.8362500050160135,4.954380956288073,7.438066175479881,4.527475589573357,4.492002270378757,7.6287966792643305,5.733952253084383,5.794784153753605,4.24227736886273,5.892809830770921,4.8643998963907205,4.16003750594121,5.117901533342818,4.5604823851804355,3.847842994028803,4.885242602149075,5.129872294548056,4.268029814666475,5.963768929067449,5.378765250569112,5.781708860328334,6.231855634253739,5.6293890346407345,4.205967594125686,3.6656579526020687,2.9327591493828904,4.648599828583352,5.475202395544836,5.4372561042750345,6.426619002874935,5.318467966753581,3.2840789261173264,5.619257351971588,4.655842017842683,5.805548846880168,4.465151556751357,4.289291236344045,5.15033257514848,4.5771992162660835,4.928085077477082,6.0330590959310255,5.553311877727196,3.5282450567339962,2.1159216356317203,5.193142360649711,3.9576464058909946,5.147965500442964,4.636963633569996,4.695623970235016,5.863476525990447,4.151568604835106,5.5670602369692475,5.872418294596553,5.681142072686127,5.347435523923592,6.5297746187892045,4.994732431038026,4.3280991505211555,3.2520157165265178,6.374721388558775,6.062389389615692,6.722535605406719,6.660915835157885,5.844347089337727,3.6489080937966287,4.868825662276091,5.29082525588298,7.783829275049249,4.914084004779059,3.5144825625563287,4.909311701893513,4.6495279799705225,5.74916778703728,3.854370987163032,4.933788796750787,5.925101193787272,6.944426995683129,5.127868772186031,4.314707313637059,4.977677380858609,4.049814130428748,4.824224479529926,5.0087522326786535,4.636957302372354,4.007538980394535,7.861686310241561,0.0,5.992037744701708,5.7657218145025855,4.544028080457819,4.911977841766509,6.158675491233317,4.713017897393377,3.7324132780251915,3.1691769779175454,3.9065470658042,5.3351384721747825,4.932921172144903,2.679594028118958,4.12415024228035,8.820445425395029,4.794185409344287,5.293784991754804,6.479538764716186,6.364106975899618,4.260816895991456,6.997940138377248,5.107891435191533,5.590436017311866,3.1963731620648774,4.856132448701048,5.482633457046862,5.019117300289958,5.125051511494696,5.5010900244683185,5.007437443780254,4.089043551080735,7.570396451549384,4.493100748707719,4.518904022647358,4.3145559818475805,8.839514656755131,4.461693205095093,3.431269356500142,4.226159129983167,5.642498380893649,5.667433570129833,4.545541953418853,4.570468094187149,7.0336167919704415,4.195793597655627,5.047362740626443,4.678271326079644,4.128937263104625,7.656467469740299
NLD,8.995441614482234,5.914540400119433,4.533917492511173,5.173109748769411,5.437733040629587,3.007846200486578,2.2800913848947073,5.8797164312655745,1.2188723287704901,9.275556765200522,9.527064326225817,8.33004236189997,3.7713534143512746,4.6718620966730695,4.524374160346027,4.773728447175887,3.7739405542180107,5.3333955597960205,5.612058178853691,5.029788290677563,6.530849281801525,6.063774993826443,5.843521224200545,11.947607780863983,2.5417974487008763,2.8109998441219464,3.5561613445747797,5.749030712841082,8.313216434801,8.23798799688241,9.542448589501278,8.593020119874033,4.960759111653759,8.956995384644404,5.292581627097504,3.712927833693125,2.937479967350025,2.743258260727726,2.5705456434318408,7.103088809384393,1.7654411592591492,5.03013558907063,5.8188829046799295,4.869685253703297,7.01307551842694,3.1541329989539215,2.5982485833766296,10.464460565269343,2.6597958198619844,5.252510908941498,2.7284674892320857,7.184935829036506,2.433196909311402,4.4435079662640575,8.088792743226561,9.530357396258223,8.418129915871758,9.030971615973613,8.55432001620009,3.3993958367360637,6.10692498650631,5.783566783274638,3.5984981271628325,8.696015067986947,2.995140763425833,6.982529701034796,7.600693402404435,3.7604836849664225,5.471065527265289,6.945377886196762,3.184463918355489,2.8013527665652687,3.5800785349426087,3.9877068653855066,4.878616152442125,8.200908679752276,5.888513471119421,8.872322395954633,3.556206878824955,4.896533517286894,5.926743746288504,7.124976970654658,6.517913963805367,8.086443061198997,3.2919661653081116,3.5926828223338605,3.2670399545424766,5.134009999189224,5.568897686194813,9.061179444374488,5.020271208703027,4.407719027954131,4.697582613195395,10.154700312783321,4.301051007887732,4.049613520113788,5.890358728867291,9.42477479249855,8.319590840429834,4.538099232690357,9.171521191375803,4.030242323201262,7.273940341486261,11.627203018088316,5.992037744701708,0.0,2.868207546083632,7.609246475134609,2.8234363563715004,5.089005602463524,8.491403973576693,4.331756629157181,4.973762727871968,5.8740127428616855,3.384290879896683,3.109051369723725,5.527213405847389,5.655421866346064,7.103448380136725,4.117027129252446,4.165655313060896,9.682361084152943,4.829712787664795,7.850521548718591,3.43797539135178,8.626979465826864,9.981067867756279,4.751690938737284,4.067800728330742,7.334193891263612,3.2892189878727414,3.1522980972835293,2.0096551949877854,7.9049597771490285,7.956499795125803,11.726284295299326,8.542728310465863,4.41387397048564,8.08726504864583,9.776388526328123,7.0377828696466915,4.618265439085105,4.416726720814413,9.882132420722138,9.838252228571136,4.190829705599756,4.034445014241464,4.547790230594545,6.264710374175319,6.3652478109341235,5.690818722031414,8.114331881108983,11.808473697731598
NOR,8.746431190985536,5.113238314418212,3.5360967011645723,4.831500475282033,5.038845076152255,2.197556093662966,1.6623652034308765,4.716541918521493,2.628403532724026,9.35094580921154,9.301490750388389,7.782781599899491,3.9132343248643764,3.9374485271171715,4.689613109788218,4.262771292636248,3.2867628074193402,5.331061423828217,4.820595587870191,4.775980349283993,4.772575593292961,5.405875502219072,5.49953790718724,11.81167657751247,2.1669553366380456,2.859252629944412,2.815908917959264,5.130273721044764,8.253862880029587,8.008647694927445,9.388776250077147,7.910054502466629,4.4127600020628535,8.975216274214896,5.769241888557952,3.6835613253549564,3.8151203220581085,2.40067369406121,2.1216218012082364,8.090534597745988,1.7939193838227734,4.55106927493267,5.1421622414742245,4.130665052865433,6.449302419638382,3.008328383943258,2.562060585544896,10.200602566734284,1.4743813037532258,5.112404384340222,2.908426389363997,6.434374142664387,2.673335182029264,4.4961003817539815,7.977695209797888,9.374345907330984,8.490137301959768,8.981128526865183,7.714221335959482,3.677459853371389,5.93747647151987,5.808413012674597,3.2247181625992196,8.554096654348484,3.1389848507370237,6.223332234895743,7.343602255409078,3.7812194919288897,5.043155494241318,5.943669852072106,3.0332803844441463,2.7353192748504047,3.057798813527831,2.9432033431501727,4.362439562707254,7.981413178146764,5.652166243915597,8.738355677884433,2.157080434329852,3.9405488237287236,6.1342967616366355,6.517232354280239,5.760390754216687,8.126605322144528,3.115272991825953,5.220942536281944,3.1988409890688865,4.860439025343585,5.2281846425228,9.095326533923988,5.5215943049444265,4.21859621866978,4.376926048079758,9.972374537646985,5.603842084617064,3.905796636501107,5.472440888510882,9.518981574237637,8.223691389202717,4.551405679273569,9.122622449144632,3.6024588419635637,7.1086413594431495,11.168486842786285,5.7657218145025855,2.868207546083632,0.0,7.714254370363991,2.2330812483112776,3.390067471991889,8.366215471929994,3.8979173517961705,4.331795260530464,5.766500222348683,2.8550313369971985,2.9452446387921816,4.89810719647152,5.7446317786335905,5.648884137328719,3.593795865588673,3.1712337683915095,9.780678298028187,3.0928213933502846,7.843939368229192,4.281986214877546,8.635445994651416,9.861535616032288,4.471531710201065,3.574280889555669,8.016124523188576,3.063296893989743,2.635843455517229,1.8960765713236007,7.4539633597618415,7.936675829157665,11.229251027907207,8.438598079160563,4.325900631077484,7.40912227457,9.693621296374925,6.57704450206561,4.7845274665708155,4.341848238420943,9.430887492313055,9.58369245980894,4.135987616667931,3.8207184462736112,4.253472548574306,5.721295923598028,6.277580279911599,5.584106223862367,7.982757048530344,11.6387852631053
NPL,6.0570133994373885,5.111890874883172,8.751087478133144,5.988115476157473,4.860831823427494,7.2318559038930665,7.135292961869132,5.925082685568423,7.560889161378868,4.670336807400703,5.1670324410017905,3.7162659195235617,6.17352076585895,8.760742220836017,6.8235142944319325,5.807984609461682,6.48213461296828,4.88200011778433,4.505029089937868,4.980627183410804,9.160413623759892,5.344047253868555,6.152143408009533,6.611024242967277,7.3412218966500475,7.456795120571204,5.821370749644541,5.863590407427334,3.922887750149743,4.159498906828737,6.19846879373319,5.944314450859047,4.32145550881225,4.222464979017397,4.80418341711551,5.006584838262117,6.881151771131308,7.287503817734701,7.48437400744657,6.27449010248918,7.395405764225161,4.230077038372932,4.857926213755677,4.715173741247712,4.3481621369087184,6.37373105489188,7.196672756897084,5.044770522151214,7.138140998010539,5.2705142182910585,6.652120458021008,5.675419572575346,7.084951265981076,5.046671365191031,3.6940981623993876,4.991990808641259,3.253012912493066,4.592058547315245,8.599950983156992,6.17858865808211,3.365024580497398,3.7347436271170227,6.40456009953924,3.686822195960665,6.558692434834957,4.346559483435249,3.7210869946435037,7.592435392068808,5.8371617454215965,6.32759461452294,8.044064817508978,7.153018332239615,6.40355334372285,7.871199454906528,5.976321629333901,3.3039697377038495,4.964135873381398,6.211871055006221,7.461222518814765,8.743850573935624,7.47912976562387,9.014891419641643,4.9870942971102075,6.84301282393958,6.655878295927436,9.282924320746215,6.676906663273274,4.143981218376616,5.766863300602037,4.709210222825601,6.410078401566234,5.2918087599475925,5.715849640245238,5.507976772197953,8.421463446294375,6.147794846558143,5.639076341489506,5.780389412014293,4.805217485161031,5.729078361825652,4.874743518615633,6.027602377740683,5.925735951873451,7.450521433005315,4.544028080457819,7.609246475134609,7.714254370363991,0.0,6.474198673616318,8.427151364205912,3.593533842132047,5.147365397473808,4.535318270585182,4.083714586402643,6.677371862109537,5.906770020987623,4.717257250668992,5.275926371036376,10.732526385629557,5.916136415843859,6.45947533776203,5.486061301725237,7.824180040902069,4.286270994876578,8.612935877116302,6.713663238591087,4.071467850638782,4.155088695953572,5.816943965505794,5.228448543995115,7.072574030585944,7.188366207947451,7.226638157967039,5.475819059400479,4.354377058943767,7.148946804835632,4.228352895155437,6.0740280175965555,4.63750580191827,7.911237291648707,6.406742062305593,4.542468085196337,5.145971565150883,5.1565676066254875,5.225485158500075,5.300937094797075,5.284506071908342,7.421859895040416,5.019426709989641,5.562462725039975,5.726008471280184,5.607917705648322,8.464656869388005
NZL,7.923561403411413,4.795790149623103,4.754362029725225,3.701957546938102,4.541827701542395,1.7445768890462432,2.3990991508715855,4.811039229016971,2.953367273378371,8.349638039780372,8.591008834060458,6.979199619246889,3.8485839583278048,4.951806382937242,3.817359127488239,4.176327315091347,3.4106789671439848,4.501148460759723,4.141565693025326,3.8748157267856187,6.1348363519620825,5.005398064278752,5.242719620465154,10.905704896367048,1.9810019035283317,3.067984274226562,2.034584194012801,4.899945851808669,7.186154288411773,6.976028478879804,8.608215114177371,7.613018895319349,3.3756718007513506,7.603826386777865,5.023112040951952,2.658405951451829,3.279616154749418,3.0151812078876885,2.7125509985793754,7.508152540633421,2.35577337640266,3.60368270997908,4.438427102022967,3.252053730449481,5.4899628050405465,2.680855913682606,2.686806927786675,9.190844878251541,2.1684907616448843,4.552061840188026,2.6933718527269455,5.999429300308383,2.464493027754249,3.7866577222053315,7.048632464548709,8.577402259366433,7.226572568777093,7.91750310195395,7.871829347316712,3.150479892258352,4.813012304965848,4.8920436075645215,3.385964950452609,7.354089843830203,3.358912742180624,5.631577671125539,6.511601416883184,4.231241884435877,4.081355618886983,6.125285425282301,2.3687088161657073,1.9700126398145519,3.071350548339408,3.309882777120866,3.6291863436599403,6.796057267313283,4.719257075031681,8.21497920981542,3.157352380723003,4.697160208427249,5.6315914383335155,6.682438916104719,5.092916401178052,7.750545002283992,3.3030947842180924,5.177003356867347,3.091058533538441,4.206381239465978,4.825017183430385,8.083186645122066,4.73136775066326,3.6738453623298057,4.203180295600515,9.096933698709723,4.979072858657408,3.529549807358201,4.944382179220192,8.726930287466113,7.349483408599111,4.1887143437439125,8.079131782942651,3.4509915223891596,6.438565402926506,10.576127009096,4.911977841766509,2.8234363563715004,2.2330812483112776,6.474198673616318,0.0,4.65680014663967,7.179790503239505,3.230187388561126,3.4767515818396943,5.02392215522063,3.2110656685219743,2.7692534194240426,4.1654434753984795,4.613981691187983,6.93725255211108,3.4986293486311184,3.246913736845123,8.780015743637183,4.192586041399799,6.903979578024378,4.777829323920085,7.801108958488224,8.658186989005264,3.9454717428874653,3.604927431162485,6.514996579125424,3.580581090690445,3.1807985265678798,2.2013981029497978,7.035337477513056,6.538130911777646,10.613184955217408,7.473777051590387,4.187025775296746,6.5901739817930896,9.247025365040482,5.897307391936863,3.891112350832573,3.3978578106438215,8.520207380221933,8.5842294636646,3.6685546754104656,2.7181195045627295,3.7294303235985544,4.866247959063609,5.983812183324308,4.856954746968505,7.268463434238379,10.510494259132319
OMN,8.67829240684411,5.814249448020359,3.138890345626869,6.5174871961499825,5.991224841277468,4.5754741521123234,3.9804465266471296,4.311449177095183,4.795332278071,9.042495329934384,8.829605406404529,8.011688197608958,5.040997309262871,3.7450883861384434,6.297087093307962,5.276589791712434,4.459263378209299,6.286263288265901,4.865675072889527,6.199883523881108,3.3105464518137944,5.658748212683546,5.758137745306187,11.21788106924569,4.474439065198214,4.780313808771369,4.590889827332478,5.744004623484049,8.212353936680179,7.842867628333203,8.831585319587962,7.1027071162601345,5.704683562036064,9.334061851114122,6.947612611664619,5.538253143483055,6.0957189572882475,3.8918956864799545,4.230976615165767,8.582920737168443,4.2851278693483215,5.296204630442115,5.277532492187722,4.734850817066523,6.950065896937873,5.381213945852915,4.58819482896847,10.195912422400166,4.131877712198009,5.336519569774129,5.18037955866489,6.250608783136744,5.059777092910861,5.7399868992360945,7.923173501966994,9.013762303398298,8.679577327580073,8.921814798419973,6.315620259932422,5.763390333140398,6.453899129063445,6.166058236713822,4.855896013948486,8.854578183251197,4.642349378831182,6.235394946226903,7.582991124471367,5.019121537746831,6.0220052878938635,4.960234332941099,5.305265207150542,4.897266262956795,5.078945321755224,4.701124807839289,5.085074386642436,8.361963997365931,6.169300153169811,8.408233071279207,3.771939063433143,3.7864787998289247,7.024177640097298,6.381645785720148,6.395252161084426,7.903582874943066,4.762708414112249,7.0814594625165785,4.9527378056483675,5.296253651098861,5.766418828977132,8.97117542964379,6.8166898094319555,4.811906227054596,5.445289725887719,9.526157144505252,7.551216129106209,5.6748719181964065,5.511658075005936,9.148549356227702,8.079444544128194,5.504113129086412,9.299253137329824,4.068332956847354,7.237549449193713,10.161899067104331,6.158675491233317,5.089005602463524,3.390067471991889,8.427151364205912,4.65680014663967,0.0,8.54104373568322,4.824536242793006,5.0265976354606465,5.985511447431406,4.3013213287491014,4.94884339418547,5.202440558935315,6.774998473346371,4.092441735961225,4.815881283116406,4.3272020195948775,10.08525039423873,2.5489787242874984,7.740759631889471,5.654648631967904,8.568084684790566,9.846022768059022,5.038342710734924,4.766371990469912,9.1097594209004,4.264733063190661,4.283676459197718,4.671831096433018,7.501171882802056,8.673000677963296,10.225348876799318,8.170177045107646,4.675241489317793,7.3991995084339495,9.938455382133853,6.89910762746535,5.7641729596367215,5.731284881526021,9.1576548678237,9.473231827689172,5.444567732471379,5.748758856294308,6.024189747083111,6.227783332794745,6.180732567667809,6.410974695716308,7.845432299203358,12.082616152823952
PAK,4.814384693790064,6.75728654603406,9.43278946412039,6.199645915645327,6.789697314943306,7.637591488818603,7.885944553302198,6.232977940328276,8.559309210767985,4.0346676267829,3.926872477578975,3.4688202160685213,7.451245269933963,9.671851738933633,8.029448732521795,7.108074174144461,7.431628608114512,6.212989747167762,4.320400628359562,5.423276292219061,9.777824399036517,5.93002296726052,6.491247263167132,5.981793018042262,7.780766914475489,8.307780084936908,6.498154944625406,5.684889298931915,2.8543114519025785,2.824894451196267,4.228971812262371,5.755977099022067,4.791433337109656,4.210753250433543,6.864382703110242,6.28716805352761,8.405588185843769,7.951412534210008,7.925685601333954,7.772148552931331,8.36486506316672,5.060368394688273,4.511698802556069,4.673530701117899,3.895889931809474,7.416929114596586,8.291461630425305,3.395938185831318,8.011764573910833,6.101130229603117,7.391981675115205,6.157132137432085,7.65300871588221,6.5727619153777805,3.419887051829226,4.063423513756666,3.7268460685743268,4.122444634444748,7.9015057022712165,7.654526402050807,3.221958704788307,4.032502064911661,7.592378147271861,3.5322148417120998,7.6553162579218474,3.8968261628853567,2.610369085225524,8.485068299746045,5.6853340641147945,6.225150383769104,8.817121632373793,7.58610387173099,7.2000242595696795,8.144729808182538,6.048919765563815,2.2489207195055982,4.873446979695069,6.115913979320993,8.206891140402576,8.828141314492921,8.496399093515217,8.612878837496131,4.614086893709115,6.543698636023048,7.979994102990312,10.602523446040461,7.869971512726803,4.757129710124177,6.583269372882618,3.195906335779051,7.462068063832643,5.339633678910938,7.473214825600969,4.027758686591289,9.559312072388057,7.776611311600197,6.194843021281489,4.491887167444956,4.418785375356332,6.95516891258145,3.5669232112810407,6.615771628881599,5.563986924306655,6.135956925416883,4.713017897393377,8.491403973576693,8.366215471929994,3.593533842132047,7.179790503239505,8.54104373568322,0.0,5.855370586824824,4.7168429200512465,3.93440946850224,7.366417117613501,7.022257316388536,4.84121429838335,5.94561654678532,10.906806531398056,6.613896223364618,6.739635473362244,4.958930277763668,8.120567064722716,3.402745755562143,9.815239059554095,5.899604919339879,3.405373621149662,5.178818295170118,7.13131431670327,6.381983920168957,7.894794102873567,8.066617146697636,8.086890723296976,5.8987052485183655,4.170242302073726,5.868391343232229,3.427266445925671,6.110114731398667,4.312997298306275,8.4042475748812,6.843221415906347,5.481598178740091,5.673205731833184,3.499685597066656,3.6105041038708854,6.4435992944669,6.662112006638156,7.617988642076652,4.968033701592894,5.751890083442816,5.799329994493679,4.182619335570067,7.263246924881875
PAN,6.273608787230667,4.55618869476479,4.7567539280587,4.667093295662289,3.8899147651257535,3.847703129254576,3.306899049959824,3.7727444179730525,4.018615126481293,6.687074566569764,6.824511616272048,5.258129778945492,4.005170705248826,5.341688023018795,4.041919365800366,4.151504949976087,4.064110089532935,3.460983263986201,3.0003070501278364,4.325219128714329,5.902889464875584,4.370748565552125,3.929504237086103,9.118329987747748,3.7210264188639015,3.21870527631808,2.838512836647958,4.990941368529544,5.471243464555705,5.282987831679014,6.877249692061059,5.4365270604228675,3.1068740834983313,6.409230999556875,4.19358855279786,2.6537516469802283,3.865176456184333,3.7995479773945817,4.052344082079299,5.762144648712767,3.8181819427973123,2.3081439139930846,3.7676025523936425,2.591996867061542,4.216427645423342,3.720406979474611,3.690265313880982,7.680730239115876,3.7386015378619573,3.981602762507791,3.9050066159664705,4.273608570966503,3.879536379220177,3.2957240594691295,5.092498595424653,6.856550302422203,5.446893452744095,6.582531605243169,6.40980786056817,4.083729938269781,3.3800007698752212,3.065313862403431,3.960726745904519,5.539359232582033,3.8886148198006976,4.53033606453872,5.31390906957946,3.7047074186225855,4.468772276023755,4.815858207851022,4.509950961682575,3.6716504090991005,3.829064520111935,4.84237709736248,3.2005663030548015,5.383060998113251,3.776382108423589,6.546492799006159,4.169602908641001,5.036888789809319,6.069758027115314,6.530744055226769,3.8239296776050633,6.3398317847878385,3.5893667805829286,5.820129770669233,3.8580924948222637,3.5294491860667816,4.673762132329968,6.43661918565805,4.365441395895397,2.920541054056988,3.8778724767792396,7.433085844871452,5.3069883781066896,3.849542699936842,4.109410056208373,7.199361665917369,5.499754247820034,3.343541527826327,6.694896530855188,3.090510410776158,4.900221173080266,9.004344762197794,3.7324132780251915,4.331756629157181,3.8979173517961705,5.147365397473808,3.230187388561126,4.824536242793006,5.855370586824824,0.0,2.6760256554407125,3.5096464569404,3.779122934021627,3.167365701897364,2.9568590894435074,4.234525311127223,7.139455462917158,3.650288240236189,4.1215523352471175,7.250777201773409,4.823338636910657,5.280703280137959,4.784258861564901,6.91629737276039,6.939766778236957,2.81858610752463,3.7243821902459793,5.6444138781221715,3.5944319330163963,3.483528121254713,3.7302937970600523,5.239358065506871,5.959749300860145,8.776268862186626,5.771727258343733,3.9921003990195705,5.219167684979935,8.507101107637622,5.643744234666774,3.352655195952483,3.5543882444001476,6.8550957722805546,6.824538649422153,4.148629053594771,3.654623027107405,4.915617951722793,4.6046088182720375,4.812145382630026,4.020057664973696,5.289717010186863,9.418812780875426
PER,5.479424020721573,4.742524414248169,5.52268705744562,3.7899089354856423,4.585133651553792,3.955346266355146,4.256697922288221,3.3959443808329204,5.050391718093426,5.937486629129239,6.142082779016679,4.4910606303447596,4.735458377408242,6.068402985197035,5.403615068074566,4.920613516824086,4.0309696065205625,4.691136962672204,1.7948396206920159,3.41488304346398,6.504340204204765,4.310763069944661,4.6538841257599834,8.535748457801786,4.1101142503906445,4.490953610981079,2.5441373150877493,3.808214047661926,4.638752784566284,4.296044689948485,5.9215553674853725,5.280720742373621,2.0214726876577216,6.136432975448692,5.194783773611149,3.3691853770871925,5.442191485563001,4.331336433848393,4.246416025648987,7.00711831457547,4.629313590904711,2.522265644506382,2.7311000337145312,1.6809228724546295,3.5593446105976976,4.224861852639239,4.8440933956717105,6.508711503069437,4.384545833658283,4.351041068075004,4.376135731400429,4.211063320234041,4.246715287055049,4.304212029043528,4.267762820572271,6.058916175417981,5.020702029555326,5.85689429743287,6.411863963419885,4.945292371672264,2.699008562927536,2.8220683639660122,4.813234310185017,5.029142467296396,4.453820405573654,3.0380376581733426,4.1514220503000585,5.087463426333185,3.4730385648762536,4.510404255681838,5.118542493365407,4.090045742901584,4.260905469486972,4.555020353860385,3.463656557691514,4.6333176645859995,3.6844206172724885,5.952149317886431,4.29186415390113,5.118197245111292,6.691936134387596,6.403725588952726,3.7427437970851294,6.4222339729084,4.725563012715267,7.389349809469444,4.817631799407992,2.9733514152565728,4.847163950942112,5.566426885014748,5.601876722749163,2.2089652210982686,4.90778470767365,6.545607879178752,6.467495581079849,5.095327347437125,4.174537446911045,6.365953531299018,5.076758337821426,4.9291918627366424,6.005792691876666,3.0709118086406635,5.114378389518687,8.164900020086035,3.1691769779175454,4.973762727871968,4.331795260530464,4.535318270585182,3.4767515818396943,5.0265976354606465,4.7168429200512465,2.6760256554407125,0.0,2.7001467123379532,4.148397781496654,4.123815368797565,2.355191080357613,4.215706379960416,7.280386469354115,4.007635715655006,3.5584174974707743,6.807939155972769,4.795881575606669,4.444566562746324,6.111549430550098,6.341773065215236,6.126909957509412,2.6897573658429335,4.3639638156370895,6.363477731919958,4.750698080016605,4.641195887788862,4.328326856666043,5.813858067499059,4.753334502140263,7.929398016117766,5.098167517574326,3.4038637553032594,4.613416909478179,8.486181166877179,6.007609781045366,3.569905496595921,2.920079585233893,5.652720661777666,5.864812428265995,3.982764382584172,3.7203192851765854,4.961480591791154,3.565654740667335,4.444705210291894,4.325073547179879,4.83843172949242,8.640483772704318
PHL,5.985750210343358,5.120999325275753,6.415897162362462,5.526179928044278,4.658978540212174,5.511992275290657,5.211961258759652,4.024619351150098,5.899064409297442,4.916163735672893,5.050319736908428,3.23065245818782,4.857616525950488,6.850947685408179,6.406394653928197,5.1857171240424105,4.8947776866928505,4.745097927555037,2.630788951187183,4.511824400816056,7.353178907707531,4.1055082108500045,5.058928361179467,7.580304663331781,5.415248002637649,5.52715661286266,4.487884538726466,3.763304851207779,3.649721855222269,3.8348428873851215,5.359627156364987,5.471395432715256,3.474175741254134,5.814776318247991,5.198093115504316,4.411899812165602,5.977846181365284,4.993089113645108,5.287388603197242,6.613483865091781,5.770208535683261,3.114823346963947,3.9048623095957784,2.9837925699571373,3.338100661067515,5.385973290218589,5.613497158514369,5.5639310472820895,5.576640267488525,4.490589606784377,5.294852590119783,5.249005411228976,5.2826347929866815,4.340695858088542,3.3146071181566246,5.280380112386416,4.551427760615713,5.2185002918849746,7.154536731404508,5.747816537260478,2.194904949165095,2.675516668358628,5.177100191540684,5.083608920944326,4.746020327711644,2.6030060399655,3.067404632460393,5.670866342733043,4.925624261207815,4.751475863967357,6.7467824424984295,5.47195551274368,5.1776529636329025,5.830239088957543,4.105987801836073,3.6473218536353227,3.5536219485152896,4.990764541528247,5.4005472448532466,6.53611051337904,7.378658743001284,7.90521727963752,3.6039779170202606,6.195998184812213,5.1244303801088025,8.194791276077593,5.495252022495631,3.304424268145286,4.32551179114374,4.512566565613774,5.702570644651444,3.1960207303845793,5.248706955289089,5.7554572664474355,7.436301831358435,5.723726991519159,4.681842671679127,5.656549173538662,5.095269709972843,4.733959340592093,5.055438867710443,3.7077300284933488,5.475296681487632,7.172272185160477,3.9065470658042,5.8740127428616855,5.766500222348683,4.083714586402643,5.02392215522063,5.985511447431406,3.93440946850224,3.5096464569404,2.7001467123379532,0.0,4.449696865023532,4.720873178795744,3.544330453933886,5.394109432091341,8.337625813828668,4.07116966662049,4.421811037625623,5.981051252858498,5.817943265926935,3.9175428122798457,6.959154341077734,6.026856917544032,5.40514080201879,2.8802026411577084,4.695256156012775,6.481655415737485,5.134367492571234,5.318518775914723,5.6336181445221465,5.21139404523818,5.628493329580132,6.996287129073113,4.091072374404601,3.1332057184128255,4.035444414700258,7.168054462991842,6.041451297063491,4.19790551594189,4.410518555392016,4.966933054131911,5.093972980931189,4.271174690254398,5.115859176258461,5.752536232232628,3.7128239104178715,3.307834010126579,4.979073371605232,4.498156947372403,8.985882745462286
POL,8.489997762672237,4.174457131844646,4.237024937668645,4.736659025777027,3.929884512826164,3.2712955858651105,1.9849013959138186,4.123290814308314,2.985598265063933,8.629692001506148,8.460459780286142,6.334626276839467,2.3537661314265246,3.9742386922279374,5.085637255243584,3.2149605269131603,2.2208488888118443,5.0733037532917535,4.562044656245115,4.615100837780091,5.727936700380997,4.77435297990685,5.520909425817997,10.841243609205858,2.9934805401598945,3.525351813682469,3.3974287894466135,4.029368641979868,7.495182351762756,7.4520560582757,8.798983436236332,7.613138876375121,4.236715177633701,8.459021930738146,5.5075180655497835,3.8741736905266166,3.8858053468808307,1.5405813641566435,2.1367009564881556,7.690653573561312,2.847095288526712,3.863456542328491,5.109570533651519,4.102845772937695,5.174841433083385,3.337130838259592,2.527162132692283,9.170970111516079,2.3666503390512057,4.755040283501335,3.109262469252859,6.446902108096744,2.950189930361911,3.220645369279215,6.796260768284715,8.469404840845167,7.82274030987856,8.416932818454244,8.471329576949206,3.723822085059281,5.194159682301517,5.118291374503545,2.2904975609590843,7.836952806648457,1.591794013553662,4.991955138748951,5.95149543091141,3.4206035034295685,4.570536383347573,5.844814680276009,4.776582336901516,3.902481444439302,2.867513203860257,3.537508740471177,3.6110918888444865,6.93284540041338,4.678334808984265,7.685958456748304,2.2950555072175107,5.213753661410587,5.97053115800462,7.44982721024995,4.725851100274636,7.758536596475086,2.1110143340711223,6.010282369721051,2.777333207792418,4.2413477578446015,3.658079942740659,8.180719949248505,5.7567296450302,3.486964912867174,3.5113837291800682,9.305070446642095,6.532398315248486,3.70300198139982,4.62428793881179,8.78334812426917,7.825627389005476,3.7513191988627197,8.279222803711306,2.9083707802497543,7.239816193914233,10.697806659906279,5.3351384721747825,3.384290879896683,2.8550313369971985,6.677371862109537,3.2110656685219743,4.3013213287491014,7.366417117613501,3.779122934021627,4.148397781496654,4.449696865023532,0.0,2.4070482729092366,4.7281447417402465,6.094908832455253,7.096878516594918,1.608174947500714,2.168763504737404,9.161164495577921,3.443384363207256,7.339286466302438,4.696542534244227,8.506486622176824,8.98194145434247,3.7981962729053897,2.2038123866568595,7.90938890615189,2.0511396004432534,2.386244329313471,3.0677382379467515,6.67196609644821,7.7418101006378635,10.629384766315168,7.7020448103135974,3.2446735897712724,6.257407809197569,8.59708511788741,5.976419548689166,4.266048110514462,4.090468272387726,8.62455986184908,8.83502339232203,2.4453800172382003,4.1048521586771525,4.1659117571151,4.4765863778358925,4.560287239571167,5.274712372435748,7.434596963099971,10.750203219128174
PRT,8.305621850171374,3.7499310553231844,4.880799198188743,4.44728777188974,3.61540855337911,3.2021509771263283,1.8757920335048794,4.842468253933009,2.5622554439902028,8.368322322966176,8.26104754036576,6.379544560678398,2.487092672548301,4.665762091498966,3.933483883334114,2.6680222080404072,3.147837884373262,3.8861580164903393,4.536034972764272,3.835694957745431,6.157775256866897,4.624689160239884,5.153050725039953,10.726217853483996,3.0689622991242524,3.172660068425232,2.9745155729049504,4.620404361540554,7.2790178235741925,7.252102995851323,8.789107399617594,7.560956554392902,3.674568186027051,7.6037229832390345,4.064688441959338,2.2673100096479066,2.6752173718035404,2.7807943981737058,2.807773947382896,6.571793931134803,2.4046445785847395,3.535518107176341,4.810257840602252,3.600434542497793,5.4134132987511885,2.136602813981327,2.5154890824839553,9.107802417178998,2.0507046922754255,4.251287849532566,2.1325299579526664,6.440650253426639,2.5926368981424313,2.854267096644778,6.912981228428132,8.406604370674247,7.243459132623011,7.972624232733328,8.364054310200698,2.1371844788714305,4.658668401557763,4.650970880477126,1.7925638261925574,7.213569709829453,2.433212439422177,5.512661321332035,5.960844146820755,3.7541914567092944,4.696726548374046,5.972336927323494,4.270075001830373,3.449570347959625,1.7861293994603678,3.7010398574448984,4.211395950064707,6.6233168030330685,4.821913337521519,8.065021012503571,3.0802449412789,5.541997471328692,4.806431253233288,7.116559827301012,4.4654914298659065,7.473360799998499,2.2981986584583556,5.223455415651017,2.2661002477731507,3.744498008908482,4.014580932873456,8.009152666697894,4.550126814823351,3.616126453821277,2.9876782908206114,9.127877269254085,5.628204031093906,2.637756652529899,5.150853555217998,8.63458403249879,7.473605295495732,2.638117497618572,7.923845423263804,3.697803527962764,6.608917798388802,10.560148179197833,4.932921172144903,3.109051369723725,2.9452446387921816,5.906770020987623,2.7692534194240426,4.94884339418547,7.022257316388536,3.167365701897364,4.123815368797565,4.720873178795744,2.4070482729092366,0.0,4.460903885265804,5.102449511575,7.606366193199284,2.289676602344997,3.3080386133067528,8.721103307476733,4.279324428311855,6.984018050676272,4.420407421496816,8.149129463329926,8.660094422909438,3.1395190855343467,2.3544114206394986,6.421646068069162,2.5235839927803445,2.6256873712236546,2.5246771505554335,6.406698920535028,7.165256380913371,10.637686401532932,7.43012012615079,3.8792798780088953,6.536143079072622,8.806168920016628,5.562420359400156,3.3610172321930083,3.706456925644998,8.694008720353569,8.76352975875917,2.7385190464350257,2.783472651944003,4.1239117166543275,5.250099772826713,5.442527567102196,4.910670443010453,7.2759154431446795,10.813518760434878
PRY,4.8387070542263295,4.28478882246618,5.837842583866571,4.18160981327042,4.274922144896793,4.875759313052006,4.599849579887644,2.6294452518470384,5.482595152172031,5.982580339693018,5.9796062069931875,4.877217321519622,5.086706607077799,6.437224809183229,5.3524074591185995,4.557418473565929,4.038206974492145,4.34515539124881,2.4144167913535535,4.32859767307278,6.250304559316566,3.6477463987736796,4.557291091721625,8.042280278478653,4.912505569086726,4.791431150192101,3.1085208264493667,4.866176355974142,4.839565574141976,4.33868535597908,5.782445599291406,4.616036246861122,2.8067378774073903,5.716249618031595,5.187236926684338,3.529166585199026,5.5858102906606115,4.7998794472715165,5.156488648095487,6.576325687126116,5.064066800633506,2.8799129982899805,2.4973652331618506,2.2631824093994735,3.373336670917914,4.77183517395922,4.907203954515731,6.511825623799771,4.709563909260816,3.849650420263551,5.144618644005423,3.481275545418681,5.219779192019602,3.9881418864877363,4.173117473378984,5.538664676218234,4.846616471585381,5.75153433055208,5.874826448604785,5.280063154538574,3.2342812989861107,2.479836137529314,4.9053937547874025,4.467664195174523,4.731311520395623,3.582165226058337,4.561750789447674,4.860096438137187,3.423644775211837,4.34338557435405,5.338616929927141,4.956531879944511,4.911549256236203,5.837582822769296,3.4522693553410835,4.966135973074313,2.8353451736405875,5.731751722470112,5.148844431336447,5.450889223079577,6.792757442869204,6.154059495914993,3.3736911482811758,5.596741440522404,4.76222932890549,7.4163330893968675,4.731514225354918,2.6166456363173274,4.741467289236174,5.497979426108886,5.304304230144658,2.8409675363558695,4.346445370322854,6.1116141727429945,6.5570071709121835,4.837229694348272,3.5201102001930766,5.926042352571853,4.3229304491837395,4.639062529503218,5.9863058284408925,3.3166539773566326,4.366446617293876,8.162627019605898,2.679594028118958,5.527213405847389,4.89810719647152,4.717257250668992,4.1654434753984795,5.202440558935315,4.84121429838335,2.9568590894435074,2.355191080357613,3.544330453933886,4.7281447417402465,4.460903885265804,0.0,3.642168296531845,7.754617282241298,4.321806567299361,4.4729356642376175,6.426854978181148,5.25716375470741,4.292021792489469,6.359459190212583,5.951475390979511,5.966589847519994,3.0111691625893275,4.3214128357746935,6.233039201990589,4.585922447792314,4.504234416557976,4.836753925593856,4.970446876114507,4.566632778600051,7.6829260769830725,5.082912913363966,3.8679829636806806,4.03941620475596,8.770309048637033,5.391125505319346,2.903345173769706,3.1289299952954157,5.7329892214267915,5.7793218069894055,4.2858939780562695,4.045788455076284,6.263966888115164,3.337096474293467,4.201904151678312,4.493987183797005,4.663023281032359,7.971185274150035
PSE,5.482738839019846,5.620518001148511,7.4325496369751605,4.587971585696561,4.935170660717262,5.299578162762079,5.489245382897335,5.551487676518633,5.564509786692514,7.066568488809955,6.791555482715695,6.869127679824533,6.035811507775302,7.910841222997321,5.224950425502948,5.226772363063166,5.645855841861818,4.231679584852203,4.188815910139397,4.171430261992797,7.554649810784407,5.670366556596122,4.140145195697692,8.911692357522055,5.308561273234436,5.722949947926926,3.9790051945438516,6.351979028532615,5.9633550938750295,5.392429527806883,6.405681446974571,5.5474778289712745,3.455522599728678,6.153069368700331,4.643858595205085,3.4155023522747245,5.430733670020704,6.116473518963199,6.0047740961399825,5.485939477948238,5.252539396301296,4.292683711038482,3.4725619737209197,3.950548148407736,5.367882231071939,4.6906732864433796,5.561221665613101,7.865644513051819,5.283368460213802,4.6435222881502805,4.916683253788976,4.4750747552887296,5.532503938411689,4.572412377217486,6.13635870537781,6.71942009930078,5.544591764857468,6.334283450757092,6.588413043133544,4.750767982605099,4.904102033179882,3.848467327886913,5.578143535223181,5.456120905670971,5.779715329615387,6.053804834918178,6.113235925343814,6.243627425557341,4.648009188863986,5.253666982019496,5.2981021936362245,4.660818826497126,5.344759242562763,6.666323746447868,5.326299153134994,5.756087708447672,4.032702618395108,8.388205508202441,6.482188907274033,6.570936866767548,6.6080387832832095,6.073959580723656,5.574913233827322,5.5689338130193935,5.646688966810448,7.119097335402516,5.2797706471405235,3.569881634810006,6.487897675397989,6.473690177952221,5.322120403784109,4.850460122042451,5.109713730391816,7.22661365406031,6.022969602066653,4.619740988812725,5.080178206812541,6.536652435035709,5.083342875196417,5.4294662257670145,6.31261397035425,5.38055479136376,4.064744141926324,9.274421758316612,4.12415024228035,5.655421866346064,5.7446317786335905,5.275926371036376,4.613981691187983,6.774998473346371,5.94561654678532,4.234525311127223,4.215706379960416,5.394109432091341,6.094908832455253,5.102449511575,3.642168296531845,0.0,9.316981514240355,5.7298043311529145,5.867244941561868,6.7469943740655856,6.514524383763886,5.4235070150253035,7.1829853011158535,6.724082810349636,7.17761133378945,4.390277134357519,5.202256841107732,5.164426955615762,5.625500235062002,5.630398715819438,4.7550473807616775,5.390132976021906,4.363354603221928,9.216820073093656,6.137857664266915,6.214287009299686,5.576079431082816,8.933529054912704,6.253128974756776,2.9185598065001037,3.6916908770971872,7.428818125746339,7.072802170273132,5.1956230204650975,4.06184724787603,6.7436769390281075,5.053476906082862,6.768545124363793,4.079772385806339,5.391060173258513,9.404849298035206
QAT,10.80232016924712,8.938946757892781,3.808642341472862,9.269569996527217,8.914965762377268,6.650842757101917,6.497038736398165,6.690915854351221,7.05167319982918,10.646312041287084,10.993875092004387,10.252631366474048,8.138234464827976,5.864370079198185,8.508557130754717,8.573386060410233,7.367028089538685,8.76205743657913,7.417654131472965,8.829546627987272,4.405565576453979,8.083835780168606,8.535851773888087,13.342256363251375,6.5680430015446785,6.52814014657907,6.8795604992459,8.046220852587227,10.143856488647982,9.885216831461394,10.944025730929457,9.239460360887296,8.14735775108285,11.45721503997808,9.386907527429864,8.11667928173812,8.040431717429078,6.444953102230707,6.673770830830152,10.779158980365066,6.773461427011714,7.910349831661319,7.855755664823214,7.149743548800876,9.432634426641322,7.792261208863688,7.10879139409527,12.096548680937145,6.845422108888067,8.330394170407954,7.781745537942717,8.36727542249948,7.309946044111297,8.772583839052462,10.013391601266031,11.188271915152061,10.724114107937963,10.994241569667004,7.467677479450206,8.400781393187048,8.67966198439536,8.630530878330793,7.95279710581468,11.344547952463293,7.448382653789307,8.502083833855515,9.993094098469577,6.745157294646599,8.792408352802953,6.957107897692379,6.93641928544739,6.927504534443607,7.778406695062856,6.86085627117286,7.354590767241298,10.80596492741116,8.90303178858889,9.641987230588457,5.8485097341466865,4.529863493143186,10.17732212702327,8.659321016359634,8.982422751109045,10.52703606088054,7.578167445770852,8.004722426349291,8.005389560314208,8.125884544890443,8.848851856585297,11.107616132737922,8.101832144826677,7.263254747580673,8.415192317548865,11.309101884292387,8.213040068531235,8.486112712363331,8.013550059161561,11.282624759950107,10.149034217227614,8.103066320490859,11.640841259510612,6.146201326068613,9.516419428681111,11.282131349587104,8.820445425395029,7.103448380136725,5.648884137328719,10.732526385629557,6.93725255211108,4.092441735961225,10.906806531398056,7.139455462917158,7.280386469354115,8.337625813828668,7.096878516594918,7.606366193199284,7.754617282241298,9.316981514240355,0.0,7.991100053185747,7.131360884299193,12.020209318385877,5.651868215372036,9.599500561826844,6.5826125538789855,10.27169699366941,11.813832215953182,7.82794178454304,7.913107209818949,11.411626506246948,7.19468382464404,6.7561057630451655,7.0474255029220245,10.3299995427165,10.712242552752006,11.401379387854185,10.209554694710478,6.913127947655959,9.86085911654435,12.073715520039887,9.80330660233655,8.737918334413418,8.292709571593239,10.835862680393108,11.168470333629884,8.579792564827965,8.481783704239001,7.9567838787034235,8.924623960182968,8.244305845040493,9.075270287134131,10.024873681312906,14.461655267882396
ROU,8.021949655550815,3.324126520756233,5.3181492419189125,4.387159225065883,3.3462426825463507,3.9484879989519786,2.737598988977025,4.1795031468710455,3.696107923972682,8.084256877147576,7.760123374240803,5.68723093515172,1.8885767554388033,4.485522342192892,4.929209936251264,2.635125528914019,2.4130340173310327,4.507244110263881,4.168525467655213,4.266716919887282,6.231127895374947,4.114045690777592,5.195316746777516,10.037723439250778,3.874412744398682,4.229405991875681,3.6654486032503115,4.170518839079655,6.881688773136988,6.879050313482208,8.325354778063991,7.262602524087813,3.9510567757686603,7.65026769127962,4.95307097517789,3.489578179794734,4.176177053896796,2.500951040450056,3.1109421512854962,7.235738554348926,3.3648172126448443,3.302839836464071,4.823230334771835,3.8216708726852766,4.64427714590911,3.609368442584425,3.019611706283486,8.543704201547728,2.886252329579438,4.066796575687002,3.3524419250773807,6.214956887179536,3.519286577123542,2.647147279447356,6.216855594201861,7.762956528018963,7.10901035310324,7.671129117698035,8.466942375374195,3.7143822869666603,4.521164343174999,4.610908472670812,1.9399109697953552,7.028068438726428,1.8965117259887443,4.654610893836427,5.4379295490808355,4.121832852310842,4.398822604682945,5.861777439228035,5.182153694177936,4.333115132982224,2.9806358114711706,4.099757064697276,3.8636250939696213,6.126940684086404,4.190750988487806,7.503882225968491,3.4122495770737165,5.902865144562858,5.321845714483377,7.440829211282674,4.111984129507246,7.279249472744272,2.2551142166989515,6.669213187473084,2.505943149316755,3.7164018411017765,2.6645762306525067,7.546664711567633,5.803285511286873,3.4714440527146873,3.1383238360939703,8.72571470840005,7.016950069632521,3.4307673261888674,4.528638317314777,8.231440411965716,7.324106720719361,3.2813937163313738,7.557973920480287,3.4776481758210336,6.827085172874108,10.252545659806184,4.794185409344287,4.117027129252446,3.593795865588673,5.916136415843859,3.4986293486311184,4.815881283116406,6.613896223364618,3.650288240236189,4.007635715655006,4.07116966662049,1.608174947500714,2.289676602344997,4.321806567299361,5.7298043311529145,7.991100053185747,0.0,2.6295325447202127,8.692948381108009,3.940619763700263,6.856591661311596,5.501939626297622,8.087205162240018,8.220629329027862,3.10640038312803,1.9770035482136554,7.127278933726937,2.4277594067389177,2.9687822351550475,3.577588270164834,5.9292175658162884,7.286779736232927,10.16511552174243,7.0507196388554165,3.4140398788523876,5.6993058656320335,8.006284621601973,5.040547241568846,3.6843228985148535,3.980840421150658,8.137141704100593,8.384293622085094,1.9730017671401132,3.5134136946302914,4.604345250496679,4.111212295435545,4.5513401556549615,5.150387003294071,6.979287083558223,10.060790587563478
RUS,7.801549829715839,4.580044709028262,4.763171026654934,3.6561443397976348,4.5581564369582654,2.773790559407957,3.027704545285319,4.052925655242171,3.981348266954922,8.513000288553792,8.269216180448852,6.0613746521321055,3.5194738856769887,4.696038251643469,5.330260913597458,3.8913561298997568,2.842057714252246,5.775325606959097,4.025474601556295,3.5038434699529337,5.941329954990518,5.231549828636196,5.448666282831337,10.414946242413443,2.8298387241063123,4.285190216584247,2.8729159183551407,3.0541562787528242,7.179703836735304,6.989420200516237,8.345789646428683,7.266567830696431,3.4476377749953837,8.435322936922608,6.168778245145073,4.067894800995963,5.14450896148926,2.9925199951584625,2.3445251352998957,8.273686527051744,3.61992824224563,3.6352019156921704,4.242415387149024,3.7189027301614472,4.694872365845895,3.2727072272814426,3.885258328605762,8.782203744960979,2.9643525842901046,5.163138753977784,3.2197104774703047,6.018618593114839,3.093431695547103,4.131025343300554,6.673334177931803,8.264641810530534,7.728775906128869,8.317095040691147,8.059745291422296,4.0757756648060885,5.049634688860741,5.2265031214305715,3.520323466466081,7.325571068919698,3.2551849278426435,4.2610088164472195,5.3171735043018735,4.742064253321774,3.474245904676431,5.3998140166077215,5.161090639502299,4.012234371699866,2.8410800926002664,2.8618067080419047,3.4359958081915845,6.575531522946253,5.040790425043112,7.9570430326666255,2.3522671731740035,5.084126846990124,5.9196252845537805,6.7087667592498965,4.819994802970674,7.711551756438281,3.6391162842151132,7.099366484232454,3.827060475671513,4.008073955254884,4.553756685319446,8.034140952076617,6.66941128816766,2.9678958147227665,4.37475773236508,9.001896971975926,7.363040127688232,4.647955610952756,4.717187857543524,8.624679271375275,7.6392313783255235,4.872511486443914,8.1376503085346,3.162621565644155,6.975308186520859,10.47679513954862,5.293784991754804,4.165655313060896,3.1712337683915095,6.45947533776203,3.246913736845123,4.3272020195948775,6.739635473362244,4.1215523352471175,3.5584174974707743,4.421811037625623,2.168763504737404,3.3080386133067528,4.4729356642376175,5.867244941561868,7.131360884299193,2.6295325447202127,0.0,9.057595223933655,2.8018162762599825,7.135548781961454,5.73555901195206,8.700272024426404,8.673416642161245,3.981576742584405,3.1132775907592287,8.129926740532516,3.6047926057548816,3.9239287944956542,3.577106212552089,6.820251816368902,7.080320740888866,10.330584227858342,7.593974988784453,3.6662105362106847,6.288662375807865,9.204802562042532,6.679857101995511,4.266725166395402,3.2872047213117814,8.22832891630031,8.539411207360336,2.635778166911524,3.923190685699915,3.399409812334593,4.2911966873832315,5.141178218822985,4.506985950707539,7.18166991094352,10.17170976535539
RWA,5.6381196650540675,8.406774953402678,10.755834185209746,8.746254643632977,7.818283719604638,9.363881845717728,9.356155884032122,7.546335637983408,9.853280299034713,4.505215067879179,4.447039514452775,5.8229386542028045,9.23631305450345,11.38269683046833,9.588037664072644,8.387356765243549,9.118456062861373,6.783205447900578,6.35178018770029,7.9226527450425275,10.408656287700389,6.6948994861534725,6.965726436507492,6.7005964145686505,9.391999535109353,9.489626797553552,8.301115672773607,7.787111795155807,4.320581859744377,4.519327010185364,5.122347698648318,6.264590582162972,6.820548657314472,5.17044243102316,6.938510553927473,7.654753331615479,9.18035422007926,9.506397432812648,9.891763505210603,7.487081496598695,9.745456558686389,7.200165328057008,6.423600065163047,6.923202324375202,6.44491709443275,9.057089797587123,9.328684345184186,3.996312133015888,9.397092199622701,7.3821627718644365,9.206174148415966,6.732964701539341,9.594322927551751,7.7821524077000035,5.05628507249936,4.432208532326946,4.400440802561682,4.3489767903445555,8.393535121442836,9.112509789260306,5.661114482902225,5.277698706498481,9.04717972467227,5.495915535690395,9.086044333669875,6.539207077685232,5.824609149555941,9.343191893234879,8.144022732684679,7.256225394173412,9.719148064494735,8.978649432892066,9.274495266747174,10.48448644047616,7.613138350159721,4.980488649035069,6.049333056041134,6.091366427806775,10.052027799069188,9.943065223260898,11.021861658594712,9.960537611625972,6.936179361718223,6.121935321864955,9.20126067519387,11.085719895527676,9.38328531960726,6.509566723360249,8.356899044157172,3.9341383489637565,7.352668735342054,7.949690507540005,8.481463772644698,3.8320175892002544,9.760920980160947,8.617175053029992,7.229481032903113,4.517406388797016,4.170886512931124,8.33159903277196,3.785447573604737,8.160964441408124,5.51953213953882,6.238208240879247,6.479538764716186,9.682361084152943,9.780678298028187,5.486061301725237,8.780015743637183,10.08525039423873,4.958930277763668,7.250777201773409,6.807939155972769,5.981051252858498,9.161164495577921,8.721103307476733,6.426854978181148,6.7469943740655856,12.020209318385877,8.692948381108009,9.057595223933655,0.0,9.983484709487366,3.8121305053941916,11.056499488469594,4.951793520351775,4.541929349440262,6.927270515544286,8.470945994427586,7.06295900133465,9.2277225757685,9.012166571462904,9.311445206892138,5.544613139821647,5.520988064240471,5.927214521235481,4.3417506417197735,7.851695596832958,5.496650579336946,7.523016914509068,8.352148108642343,7.006435563016384,7.689345010895748,4.56778560302519,3.47375142148191,8.461684490188338,8.562296058674175,10.088685798707647,6.599165680449593,6.895113971989655,7.349022066322071,4.9556918092945645,8.882130230502273
SAU,8.507298161070217,5.188502812115712,3.9646581250436967,5.34050090604065,5.216196082644413,3.6214645942806816,3.5955067448801334,4.343685348781201,4.440173400889503,9.334673230212008,8.928234708240195,7.4393721171865055,4.3469478852362755,3.8284023311884443,6.113294087160938,4.4102122960805685,3.848737376911897,6.403819988674685,4.904318050436218,5.004649858303386,4.056991797201036,5.765815364113317,5.578947381002024,11.250686600116724,3.7213076872065827,4.8625586366723965,3.9905447326114274,4.452687946149537,8.204531619340946,7.923780602182856,9.118078398435529,7.313505513569438,4.867796377217482,9.485416517505657,6.753297903525271,5.0415374884500075,5.887243767856335,3.6089262025771185,3.456696728983442,8.674445963239833,3.9426498328550204,4.670819780144948,4.73982967742157,4.761763069688747,6.153068121964057,4.292971023892243,4.367387581404301,9.933018881929518,3.4601423465977215,5.689290769054014,4.1967466549014105,6.0479836686039805,4.380341181860714,5.138882765315701,7.8135725738330555,9.005596224092256,8.705457916571904,9.145743593026234,7.439943732690771,4.8648985524527735,6.341341739619611,6.25607321486028,4.210824198842656,8.578315921499454,4.116709522388389,5.5793150008535575,6.859281710710912,5.0057820972844285,5.016405037572371,4.8439926068911054,5.45414334162899,4.559155676378744,3.979851509283283,3.8037975076384316,4.435260997382964,8.00262485177847,6.130683583636099,8.769987726457988,2.909175234089649,4.224023678429047,6.457854305272246,6.461691537750258,6.243586627797632,8.17671608491718,4.295074741007202,7.323613458172705,4.584151375765566,4.790975230355596,5.623204487186099,9.126709179837064,7.217447317660254,4.411151562906449,4.834765429570835,9.704830302979191,8.012055115224113,5.166695982350585,5.073375986528758,9.395453841898126,8.184428767304116,5.5594259033788225,9.247459227211783,3.8567822114802093,7.413857695928754,10.78351876542555,6.364106975899618,4.829712787664795,3.0928213933502846,7.824180040902069,4.192586041399799,2.5489787242874984,8.120567064722716,4.823338636910657,4.795881575606669,5.817943265926935,3.443384363207256,4.279324428311855,5.25716375470741,6.514524383763886,5.651868215372036,3.940619763700263,2.8018162762599825,9.983484709487366,0.0,7.9321936141138085,5.953959012131086,9.352008870262996,9.787897883427267,4.938332474618203,3.808663120189514,9.09894694084516,4.07745707663303,4.278869864863955,4.126314397083574,7.23560130529046,8.271082473651253,10.745595038745384,8.457638678186914,4.83478723411519,7.243191633456716,9.621159928649815,7.266699220371608,5.163118487281342,4.6312000054913,9.20876007674515,9.567814693376096,4.290809727633791,4.986205835969578,4.837001111002093,5.55047310432757,6.109979970752851,5.550798552704484,8.060818054413048,11.655882768013539
SEN,4.197494775458686,7.036278906841308,8.553567825734817,6.962637757468334,6.7701706596131155,7.518799177255276,7.488526046011396,5.641037206809495,8.017053388024081,2.505144800027098,2.9487908771222027,4.749298286498577,7.422466527358277,9.041427505957737,7.910574125682297,7.168579844916241,7.132662067475791,5.365421013583326,3.9629718132025977,6.25008094161282,8.542621524636168,4.949206637938795,5.664161390544489,5.971583043931238,7.608614457094097,7.757590166616708,6.310609213993661,6.3109786265572305,2.001886651230185,2.0335697081585957,3.4838406954174226,4.804378545935292,5.085669667620708,4.140764043745098,5.943519117188808,6.043473504476115,7.804369861568222,7.44978767068884,7.924430366010555,6.423434527597947,7.851444789713724,5.126251286859511,4.452818409026484,4.53969923816251,4.991905960227158,7.504705895351966,7.650381158895289,3.6320395282198286,7.718941334546931,5.464167103586346,7.547582676669623,5.157918296062625,7.717876395574668,6.548536801387429,3.0837525692493855,2.861284908387577,2.6531055042415894,2.7735144573661676,6.313521173752013,7.765775219207689,3.204840167213779,3.024909427086365,7.508853960640683,4.158334444084036,7.24644214015921,4.7236640593144825,4.465396596446529,7.582469111859842,6.323136783525144,5.55073593533959,7.8944893431154135,7.127402772288786,7.634378274795058,8.431259474551418,5.92544996214482,3.6546694582612997,4.416418825971658,4.694481143677651,8.06686691342233,7.5255955591358,9.201038292804629,7.930025339878087,5.483387850445934,5.258719434326104,7.610744561550476,9.512438737879696,7.656101229400388,4.4240585117428015,6.66646416199571,2.3002613961186724,6.108162341373886,5.46930962719902,7.22254935850159,2.6521921093486003,8.228191753210437,7.427963087729257,5.5123817458569935,3.0390542136379626,2.603803679014387,6.728887416169259,3.233423531634997,5.975001626387508,4.262465305397796,5.02305689162839,4.260816895991456,7.850521548718591,7.843939368229192,4.286270994876578,6.903979578024378,7.740759631889471,3.402745755562143,5.280703280137959,4.444566562746324,3.9175428122798457,7.339286466302438,6.984018050676272,4.292021792489469,5.4235070150253035,9.599500561826844,6.856591661311596,7.135548781961454,3.8121305053941916,7.9321936141138085,0.0,8.97746158442949,3.7875845970055564,3.348083190644144,4.766948764683741,7.008171999110335,5.902262988133611,7.437645055583347,7.3262952470015215,7.587602709436114,5.246148740542111,4.111574082098228,4.788636053446059,2.1847247454174603,5.659416552603078,4.545265448266771,7.527067186064035,6.573811125753636,5.327063958486553,5.8960715604184974,3.2190979900454404,2.941270594928233,6.835268603304311,6.737058624877504,8.361033007180563,5.048612950337541,5.152300147874996,6.046874575546163,3.1608170342582422,8.128478523891516
SGP,9.891980328185502,6.833340975007876,3.5974167823291903,6.886546070357572,6.322735316190512,4.872184071627488,3.5932699673691673,6.288712796970946,3.1538622814772945,10.218412400256643,10.737128614595681,9.061471346907538,4.968450872037994,4.49144164526195,5.193070077643189,6.100908770686043,4.829060764570061,6.478903654181988,6.835975281750421,6.953545464873247,6.57004397207054,7.2146808106222045,7.236983993896408,12.745554246189954,4.394081557426399,2.7147542336634207,4.802164348860687,7.312243981050249,9.403081252390793,9.346825055220208,10.68170951802258,8.999264729652683,6.463428676666211,10.098374847864621,6.58237867297059,5.183671321070857,3.884982902079637,3.87686820281797,4.220616064654393,7.670814899374229,3.7245172162059696,5.9549200976796195,7.2205556981980985,6.0742941350947275,7.848316973364364,4.758589927551597,3.875614717843271,11.616601757235141,4.420166848409924,6.645005261265486,4.910799411281053,7.608386741156547,4.338291676173904,5.558829686670703,8.691318749514519,10.605138122611901,9.28226003757846,10.409296709777667,8.936560013279424,5.105128809563609,7.1995621910770335,6.7562385978122785,5.15341458978737,9.46388032507247,4.382653700171027,7.877154337810131,8.829920513123731,3.1037464882687886,6.90126598132186,7.64973113018723,4.790684479345737,4.866715106866112,5.032192570194293,5.415313652563596,5.689469447040133,9.555332652756968,7.177108392782114,9.022325247004392,4.2926050243650105,5.327914935817318,7.021440198333831,8.190048139800265,7.186140929670804,9.409815944013964,4.205989681890171,3.241494876688976,4.630348135169022,6.613595841651543,6.813296844718051,10.286723732030133,5.833214204821874,5.144506007387365,5.44619871681211,11.23063469239845,4.394567414031831,5.300810988789941,6.6411817524764185,10.691850098740701,9.200928341388105,5.167140810755233,10.752801391785214,4.503933903869763,8.481627825591014,12.539548517738309,6.997940138377248,3.43797539135178,4.281986214877546,8.612935877116302,4.777829323920085,5.654648631967904,9.815239059554095,4.784258861564901,6.111549430550098,6.959154341077734,4.696542534244227,4.420407421496816,6.359459190212583,7.1829853011158535,6.5826125538789855,5.501939626297622,5.73555901195206,11.056499488469594,5.953959012131086,8.97746158442949,0.0,10.055726271150803,10.883094360204224,5.862361174223381,5.379293354122575,8.500119865989118,4.159571736147886,3.916188071844879,4.13974090161416,9.019117073909962,9.381233586500402,12.346828325106179,9.646050299435387,5.514538622845887,9.054949260078214,11.447750269748983,8.2546128361536,6.089216333850767,5.866915987508981,10.760351303083313,10.789765187221368,5.879292137567123,5.657255556106148,6.027452447499332,7.73225297749854,6.907119845025464,7.140709022882502,9.106152633076018,12.50125124960214
SLB,6.362808282047185,8.134288966327546,9.659480920694163,8.556334411362164,8.205850627536572,8.740502035097267,8.42341125934911,7.235902755136312,8.932243719730746,4.424719266740255,4.584804898369127,7.297414922735004,8.540268474014649,10.156845198812224,8.935627577337993,8.175046014805844,8.1408251608592,5.857794073544324,5.5811676617173855,8.204242720275909,9.370317629986122,5.729584849206567,6.784162761674104,7.4866738702355695,8.757794058161254,8.866048002689627,7.808349128899994,8.32948604856581,4.912304005891439,4.693436252950001,5.019968211063569,6.57896899489174,7.0865564899899685,4.563207147061647,6.888174358856182,7.428640834953134,8.494307645550936,8.325543977381756,9.073159807828374,7.71299987454485,8.68500206818033,7.387151277161807,6.474795652271952,5.999442783445388,7.476099377750218,8.941829092235608,8.258275481619599,5.774826135203674,8.498363511533368,5.776268663396248,8.799510957992757,7.292576671006696,8.9305827445652,7.749321905824537,5.748124434219397,4.834336233527966,4.96963749099661,3.4408765512961894,6.970625500837217,8.86218113108306,5.375847434066345,4.808804011319463,8.290609667108477,6.426302183562828,8.180666823005224,7.177011484909224,6.9179755150215785,8.721775841003943,7.986365534925948,7.529602199350835,8.076826133878498,8.073435846436704,8.953928110054923,9.722125849415926,7.696804638637962,5.578760486227751,5.440679446503853,6.320731768554037,9.393560846045443,8.68117509424948,10.320908057080134,8.624009409535345,6.682489969844159,5.558326693274173,8.51889570362442,9.953795843315195,8.325000798602975,6.39733561641734,7.324228891302627,3.828047560618639,6.3657581275635495,7.524547745883527,8.354335120083372,4.464541423797616,8.557251227413275,8.128420467689262,6.986801138534799,3.915253060055307,4.567058293838906,7.54472115773863,4.038799279972379,7.611822446278935,5.232740537484335,5.661845902405165,5.107891435191533,8.626979465826864,8.635445994651416,6.713663238591087,7.801108958488224,8.568084684790566,5.899604919339879,6.91629737276039,6.341773065215236,6.026856917544032,8.506486622176824,8.149129463329926,5.951475390979511,6.724082810349636,10.27169699366941,8.087205162240018,8.700272024426404,4.951793520351775,9.352008870262996,3.7875845970055564,10.055726271150803,0.0,5.4651571859582555,6.242865106663233,8.183179887290914,6.553959689379426,8.254351546500164,7.931521401565148,8.501911830922225,6.436200127813222,5.670796902217461,5.9887848641957255,3.877220008123749,6.7350974405107,5.866153345282061,7.951393582891288,6.035553547370926,6.900344678945503,7.895393333949945,5.3074304086975514,4.851374733705099,8.188043748863072,8.04061458123363,10.002208865396506,6.57599549828264,6.824969398710376,7.9022482311975715,4.846609809455154,9.401709690751478
SLE,5.152013931466004,7.800677467824622,10.60128727834369,8.080884676485423,7.725502326237877,9.442287981329942,9.440637638585404,7.1721708075480475,10.063737792219852,2.5564466725913184,3.6909990220922824,4.676564628367893,8.695353771142095,10.667563634118482,9.021702047371512,8.484889426321852,8.659966592574676,6.744685572251414,5.554337009114543,7.715601742907911,10.567623714797003,6.5183994903306335,7.431412330909265,4.173885449498458,9.604894030799844,9.66277364783368,8.138005404395948,7.992539246475689,2.5800533934672947,2.865416449822693,4.547998812908757,5.822575862188125,6.701716139259128,3.3534645308998634,7.361431624224666,7.7485511891837335,9.480229671866468,9.320112471741771,9.795637456110164,7.9084070771829635,9.825134201320603,6.327187672958081,6.392821130803332,6.388716249789188,5.586230929958452,9.334516742823874,9.405625635512234,2.8196634047295874,9.577603850255763,6.766414936285353,9.414417824818507,6.3412621775056905,9.540770356978523,7.663865086518859,3.0988736907308865,3.1042859394974305,2.2718566852495767,2.9223399671572223,8.281128328340518,9.324875997253159,4.5043131837894155,4.931632046304153,9.000995877959282,3.621238527483512,8.920650739926439,5.572534625342544,5.155737928866216,9.517681246373634,7.645545738649437,7.584211788365714,9.842449385440908,9.152327268470474,9.276511616868284,10.193370304554877,7.367717073586673,3.3521711134280188,5.883746697326493,5.388569581770547,9.893043085014401,10.013378494776822,10.108560663050582,9.9810147597705,6.3340372705392545,6.86346222823199,9.132756580142201,11.492452587061887,9.117629452470208,6.390581578300471,7.4890952724852475,2.826992168274961,8.118667371247843,7.160266884664153,8.485162148028527,2.884121369186558,10.241717590556256,8.802773139881056,6.803397489368306,4.2301907687892335,3.92168025588193,8.052380442331843,3.7317909418533652,7.881582531525759,6.141941650220955,5.294308918429827,5.590436017311866,9.981067867756279,9.861535616032288,4.071467850638782,8.658186989005264,9.846022768059022,3.405373621149662,6.939766778236957,6.126909957509412,5.40514080201879,8.98194145434247,8.660094422909438,5.966589847519994,7.17761133378945,11.813832215953182,8.220629329027862,8.673416642161245,4.541929349440262,9.787897883427267,3.348083190644144,10.883094360204224,5.4651571859582555,0.0,6.330616343831759,8.457892422603877,6.3967147748125575,9.241512082756186,9.228228230078308,9.672668923272957,6.158658228765546,4.83874352653254,4.408061395013207,2.6535622654446396,7.659551157010057,4.890065563894453,8.350697580460471,7.18828158101083,7.046688249777359,7.563308371708606,2.7521650698687434,2.895601766353486,8.108795540341411,8.044901647965585,9.769443600904424,6.145147202615111,6.629451369151957,7.499219748159116,4.69217568337912,7.054714354390918
SLV,6.446607636190315,3.566482561677408,5.763240131735597,4.630971970678704,3.5067219512558854,4.71264459634301,3.935274512536024,3.923102577846235,4.555875556084182,6.011590888661309,5.900361064657436,4.808030261848486,3.307637965577365,5.470652527241966,4.767067043810028,3.4966439330558505,3.6091728044940363,3.3280593478841642,2.460355238953561,3.7664284065868934,6.273428777885677,3.2782194235464486,4.117760172178617,8.199361003467176,4.726711519568709,4.636975054125567,3.472471146080647,4.47383054576788,4.989025359965847,4.938525648227959,6.501248121547137,5.548320605561903,3.0320478832256197,5.821703214797647,3.4031616818805146,2.737661505359618,4.640518296998988,4.030541362404607,4.501169322386663,5.564619236506393,4.216777332697047,2.634423646365013,3.6854009446387903,2.5049164453425705,4.490261223914449,4.160110352106789,4.171122185720503,7.065024505153787,4.042277344580961,2.9119515644250233,4.159376245638915,4.938207689308733,4.414772025624705,3.1908952152028065,4.6679274019550325,6.054057108086083,4.944906258706358,5.570225713970795,6.856340928188174,4.11234981795939,2.7412936582850747,2.584316477954041,3.476264157445608,5.203029163403066,3.5348624088946914,4.048056364032513,4.622363424794384,4.986359298978852,4.546991660213483,4.823691765861681,5.366815031236825,4.601483590598201,3.8896599455170366,5.035804423340321,4.387228397414299,4.758102055465536,3.7988031187882867,6.293423021531758,4.590220642563729,5.774681614717192,5.513029966528464,6.67004120188011,3.81096630185987,5.6814571115928905,3.6879289314237167,6.919771658416836,3.6563975200101804,2.5988221772806956,3.446708502253828,5.684430569868296,4.967177092424993,3.06177453698872,3.6303763547118577,6.85775948099512,6.477997675112179,3.857344215660478,4.3738643979522935,6.39227359037455,5.4108926848372425,3.2773901603391473,5.906789014908072,3.681417625509518,5.102585448012254,8.341939283928562,3.1963731620648774,4.751690938737284,4.471531710201065,4.155088695953572,3.9454717428874653,5.038342710734924,5.178818295170118,2.81858610752463,2.6897573658429335,2.8802026411577084,3.7981962729053897,3.1395190855343467,3.0111691625893275,4.390277134357519,7.82794178454304,3.10640038312803,3.981576742584405,6.927270515544286,4.938332474618203,4.766948764683741,5.862361174223381,6.242865106663233,6.330616343831759,0.0,3.264378385807301,5.410854087088399,3.897851205758148,4.096254110529319,4.252435153371029,4.8746617043235885,5.694814748263944,8.25896483744805,4.977030082729001,3.3315419539115516,4.95523847483416,7.551567434141565,4.813425624317709,2.863128308472401,3.750956063077866,6.549220043123335,6.6752888358750795,3.1744466410003485,3.1023491108057124,5.582651065396283,4.337819345319393,4.532397515301714,4.64553124415334,5.188461593488907,9.420675143351083
SRB,8.016167817204119,2.714687420593183,5.0783570079588385,4.723044431449521,2.253525651073862,4.063870294760655,2.7795525243020647,3.988224188102816,3.495698153560747,8.303696579222278,7.9117788650174825,6.1994272860266,2.092138175880903,4.5797808232183765,4.705369236077034,1.3293985617179966,2.2804012527994324,4.0235391083296514,4.43102951365529,4.444718707533212,5.493622182481454,4.1608238052623445,4.668975186281117,10.095916209372676,3.8891343087027046,4.248475445208194,3.554316383848344,4.594767529101098,7.26196935171917,7.15629711143696,8.558523118412417,6.832313791988822,3.9961428196690636,7.7491647134229185,4.236785234262772,3.2445740586440577,3.69932393306616,2.8916158723738534,3.6159069434210127,6.605235523031829,3.232535705517339,3.59709169147658,4.659589857980869,4.180330299601322,5.111273487849936,3.298476398909439,2.6263021753456446,8.876216580649677,2.5569928539333104,3.8667535056914026,3.4748067079099774,5.669377530503376,4.018481584087128,1.946010887018374,6.536041151425402,7.845346244446448,7.167080449876055,7.795003114483326,8.18774422482189,2.9883292928345466,5.156666926835085,4.634996052757947,1.6014778701368315,7.0883161602854265,1.988187758908582,5.142441670221514,5.862567979843266,3.922685568157196,4.520646424816569,5.419449036864466,4.975378762062226,4.520194544237522,3.0784206323542156,4.778357205511035,4.030626403211745,6.568545431463721,4.319913928635525,7.801218454932902,3.4731216043433863,5.844742025712986,5.438026729325669,7.144654170761611,4.751403946982022,6.857901687862003,1.7469687588525682,6.185729396814836,2.270676852083736,3.5256560493559763,3.418707139429732,7.849637203369935,5.434202965368511,4.094791691968618,1.658932837781958,8.845044127996099,6.723350812824731,2.299558217145282,3.9709159357288293,8.278298750647762,7.096951118273952,3.106823982236662,7.763949976813361,3.4873614971387497,6.465387230719971,10.451174802523072,4.856132448701048,4.067800728330742,3.574280889555669,5.816943965505794,3.604927431162485,4.766371990469912,7.13131431670327,3.7243821902459793,4.3639638156370895,4.695256156012775,2.2038123866568595,2.3544114206394986,4.3214128357746935,5.202256841107732,7.913107209818949,1.9770035482136554,3.1132775907592287,8.470945994427586,3.808663120189514,7.008171999110335,5.379293354122575,8.183179887290914,8.457892422603877,3.264378385807301,0.0,7.071101018399602,2.2031548833889243,2.6539512010634527,3.415188207044172,5.391531394077276,7.112889887728102,10.32872343905902,7.29482539956773,4.15435545434746,5.718740564879194,8.021552242264457,5.291909465168077,3.1852833123655824,3.864152320541184,8.50169322724867,8.612387354876558,1.7950259174445933,3.4566068278862248,5.271968981389032,4.291720860298027,4.834282532543649,4.804452870587379,7.210526614899187,10.50347098281052
STP,7.411464253095351,7.0340114114739976,9.601591235440399,6.997207579725108,6.650733145284596,7.604882097845952,7.436013165276713,8.22596341242002,7.33218005124505,6.410929949926188,7.002350889245989,7.558678365890001,6.817283824816835,9.184385797002228,5.65932620484183,6.836487085726161,7.663765959948204,4.122134288933308,5.976676745293426,6.574719674213008,10.078477555791316,6.715671109568032,6.088228302726342,8.13682879949885,7.704146638681537,7.550441194154464,6.836296918216776,8.641950360593254,5.878574262404987,5.9464811654107015,7.492392709479019,7.614214648732721,6.246802839201423,4.432105438878603,4.309839667277425,5.270347767378941,6.1937500472285185,7.871626132614007,8.146848274873479,5.090407620950973,7.224151207086038,5.846391813519084,6.728811337039508,5.959987035181042,7.270300089999793,7.053132996874192,7.005008468009538,8.089287524678989,7.422987631573216,5.184240584928468,6.955258441746913,7.2336946830363456,7.303336914737359,5.9370661732052685,6.6777803693585005,7.2148409771222495,4.671870656963113,5.5517169431793105,8.762624681427273,6.326588922744584,5.097188819011498,5.065033814174355,6.884212411500608,5.526528967227572,7.342628052299076,7.906584200258843,7.460391142805748,8.18891980518422,7.463186399012082,8.452182948177972,6.96188430851383,6.668983727300457,7.276132799553134,8.582458548675799,7.285277658147861,5.5830968670843175,6.085945671907885,8.731801640505253,8.769014499844245,9.175521706711404,6.743277734761657,8.633212628030831,6.77807151543694,6.781376279345266,7.1171919575407925,7.859692169980764,6.516139215842446,6.1088873814896125,6.818848479791526,6.385641713385688,5.590095356331079,6.950075556339285,6.784385918238787,7.5024496005127155,7.003025249971281,5.964468866530582,7.257025105713588,7.1663780281517235,6.154775826814517,5.7584035903450195,6.1385341801297235,7.678455702519635,5.697876060823834,9.214808140247778,5.482633457046862,7.334193891263612,8.016124523188576,5.228448543995115,6.514996579125424,9.1097594209004,6.381983920168957,5.6444138781221715,6.363477731919958,6.481655415737485,7.90938890615189,6.421646068069162,6.233039201990589,5.164426955615762,11.411626506246948,7.127278933726937,8.129926740532516,7.06295900133465,9.09894694084516,5.902262988133611,8.500119865989118,6.553959689379426,6.3967147748125575,5.410854087088399,7.071101018399602,0.0,7.491393974488769,7.469705640282048,7.20894073990031,6.501204347141485,5.992375505478577,9.290799239449589,5.696359373880014,7.700653481839606,7.344400971832814,9.023479828929597,5.807850428479905,5.53934345854109,6.75688330456192,7.884930904395225,7.535181807535712,7.040784267616295,5.522238830467784,8.112756601670892,7.450735853909549,8.319445525636711,6.36811200575239,6.414821068875937,9.745045916107756
SVK,8.325180972407399,4.205676072456629,4.165458881822845,5.250087035704275,3.8606529826318563,3.9622040950988398,1.8200852692711371,4.246107600592893,2.5656560840196247,8.842589796946779,8.485241778360967,7.166312275782233,2.6057054904608865,4.071524263819857,4.536302236917354,2.8804172820073197,2.4152324079654552,4.338239805200397,4.865836915770236,5.321399345734721,5.269280661305419,4.68610529859751,4.863433562205337,10.845948389107297,3.4790655007652522,3.3350052483203982,3.7037133350090197,5.465569079694836,7.8314000278035865,7.653791804812137,8.782240165135834,7.212891804947702,4.77125677070989,8.399999237255543,5.037271525139768,3.7331282752093538,3.3006413914251387,1.9390132340429638,3.0251813540315373,6.685630002302213,2.5422711577339596,4.279578971316202,5.30390712766783,4.396113417747922,5.843823356344993,3.613078647183675,1.893480761787545,9.69748029541862,2.320991535216797,4.132547428129186,3.5233264743787096,6.169892601769463,3.6076798989861665,2.954957322213589,7.13615080320268,8.449328110265085,7.888314422200015,8.43175376874904,7.790369773279414,3.642631569709164,5.658602839218905,4.949317358220006,2.0908851399603026,7.801602473873447,1.7350730265688672,6.009206959048817,6.753509679616047,2.742380531700441,4.9908495693257295,5.8868443896055975,4.379533642157635,4.192900470907628,3.4012637056726907,4.681424856895888,4.197769822503081,7.366974418300258,4.478041910859859,8.089924235196783,3.312205633350995,5.150415174222817,5.80512860360257,6.758741440419034,5.014239468379926,6.927263209664889,1.5955340210094628,5.092297582922478,2.0629499662545476,4.32994162132265,3.9491043441381626,8.303290869204227,5.169127687985271,4.045388168064609,2.8940096395397426,9.405029189035039,5.774980682148757,2.9627648604950036,4.4950648387181396,8.614516295884709,7.550904923273687,3.0112013389566212,8.365648124017145,3.381353909136465,6.550906207411642,10.916043731260832,5.019117300289958,3.2892189878727414,3.063296893989743,7.072574030585944,3.580581090690445,4.264733063190661,7.894794102873567,3.5944319330163963,4.750698080016605,5.134367492571234,2.0511396004432534,2.5235839927803445,4.585922447792314,5.625500235062002,7.19468382464404,2.4277594067389177,3.6047926057548816,9.2277225757685,4.07745707663303,7.437645055583347,4.159571736147886,8.254351546500164,9.241512082756186,3.897851205758148,2.2031548833889243,7.491393974488769,0.0,1.4534366522507365,2.934724131983183,6.103401860022411,7.830600611009786,10.82069852815533,7.821310107504848,3.941386846028376,6.457355323485014,8.825369061534547,5.445192438490378,3.855883607553044,4.445598407558224,9.102305192867478,9.14690927560749,3.093449318102314,4.226192248067961,5.414282463541218,5.061546902757331,5.046553399011575,5.161276358345983,7.250117176222778,10.833668969583965
SVN,8.384808150230972,4.46929236579457,3.9548228222574284,5.392649312991348,4.1018873651531935,3.677549999286841,1.686974305516633,4.209203122888924,2.6518718149169724,8.787010884246278,8.659958167328346,7.249620360798756,3.1806242303660617,4.136646170080212,4.719008068374077,3.3473296231796548,2.578848621576648,4.354164924878108,4.929844799441801,5.627434160051571,5.092703371532138,4.546706798573316,5.239718323120209,11.147092591592955,3.348896249694374,2.9454584035851497,3.545728691836534,5.564789670015559,7.854667459242168,7.713577359060019,8.966432156150056,7.389376190996316,4.789533179037722,8.303521680019365,5.053601776423264,3.7231599252921725,2.939768379874648,1.789445826640885,3.178370109689629,7.083223568279172,2.5288079273884554,4.459372214284632,5.3698149130445465,4.350932980312093,5.92905209614173,3.6991103738818407,1.3855338770027816,9.601721602821506,2.1537379627180315,4.50062690205745,3.754679698638243,6.121702336398088,3.6897311045272176,3.271044450646179,7.149600902888933,8.560843685103261,7.80340796562895,8.41235430794659,7.882926061538787,3.874455164863349,5.6223072019312506,4.973527441361985,2.5392683933344253,7.993485048774351,2.0505990194105843,6.089738199430977,7.044078096136623,2.1761469535183515,5.170954298633433,6.007157574204271,3.6539043855076256,3.77831518498698,3.682350149360305,4.717487246711396,3.9239377649585316,7.558035857260128,4.487352535911016,7.731385733410392,3.272960188946703,4.735311329766293,6.475774184086464,7.040386819638264,5.012877565812462,7.328619718422169,1.8642870998064736,4.687235150582861,2.49039476595746,4.6011648723198135,4.298047679047526,8.360874457297793,4.599458020824829,4.287355035903,3.217637114828233,9.361183373198752,5.197741470371829,2.9407929448570664,4.399148771246544,8.737575428825117,7.458297001216784,3.4106532576416093,8.446438294748775,3.219518725763563,6.693936869817246,10.863253941587436,5.125051511494696,3.1522980972835293,2.635843455517229,7.188366207947451,3.1807985265678798,4.283676459197718,8.066617146697636,3.483528121254713,4.641195887788862,5.318518775914723,2.386244329313471,2.6256873712236546,4.504234416557976,5.630398715819438,6.7561057630451655,2.9687822351550475,3.9239287944956542,9.012166571462904,4.278869864863955,7.3262952470015215,3.916188071844879,7.931521401565148,9.228228230078308,4.096254110529319,2.6539512010634527,7.469705640282048,1.4534366522507365,0.0,2.721015070242495,6.436800456901336,7.7238009345832666,10.757906665592703,7.854994039035425,3.937572108081065,6.437554939408664,8.846252134512605,5.528282144737064,4.201377442404033,4.553548148774352,8.952822851340999,8.97209892773917,3.7103748096250455,4.301165964368648,5.529218085532732,5.029423797533904,5.04224511585643,5.6560585982147895,7.3736425214357055,10.883815536967003
SWE,8.357824086791606,5.186438583650906,4.611326674926388,4.356515333433235,4.714320925863889,2.333295618933099,1.7174864603468292,5.247894260011954,1.7207548503884154,9.201074200337056,9.078912223150631,7.767397465119313,3.724646777706431,4.804890570602723,4.302821926451067,4.066952254498322,3.44437595460044,4.87375232430481,4.944328664229601,4.180191988024014,5.87388911833408,5.597635823195624,5.025524341108621,11.654989506929914,2.1078847480171117,2.7377122842182087,2.6432406730025697,5.25795176267812,8.029256401523751,7.816424063737353,9.095284099103095,7.847360338194329,3.9917790902578183,8.700646921364688,4.986139886464213,2.8358497368953137,3.0376189535196767,2.712328278874925,2.239160839874529,7.053723000705449,1.1443999334881354,4.386270127096927,5.004985970468126,4.194939156532609,6.337823166819487,2.189154877190149,2.4362062817072183,10.037123122397851,1.603007498067903,4.994054595391908,1.9638164762575188,6.339784558312039,2.1471144869300245,3.9733180813919615,7.80318699763262,9.132667445246463,8.122222412554944,8.73107156044196,8.000705433800036,2.854906746417192,5.773879220559091,5.390702377130298,3.0364992541797724,8.169324666719078,2.9092498040001153,6.442683851728361,7.177769547101705,3.712705062591635,4.840717130546336,6.111295021439093,2.9576599229041314,2.2071212443578108,2.7264232218176883,3.421758119448369,4.575601020319388,7.694587442170957,5.299900820463854,8.935349242861982,3.0477108802382515,4.580363608792409,5.741309570013406,6.414936268427999,5.82294063546103,7.634715664430813,2.9234756832957114,4.5830852086088,2.859369678635261,4.480674114964205,5.382092541965459,8.78515345458124,5.10606719686675,4.129862919287115,4.120781349603372,9.828218558544862,4.780376793259263,3.308587594218926,5.501667799733729,9.142741806574426,7.8786730665686155,4.349755802222287,8.707245955968482,3.9145089231978383,6.643770414327536,11.348561869030105,5.5010900244683185,2.0096551949877854,1.8960765713236007,7.226638157967039,2.2013981029497978,4.671831096433018,8.086890723296976,3.7302937970600523,4.328326856666043,5.6336181445221465,3.0677382379467515,2.5246771505554335,4.836753925593856,4.7550473807616775,7.0474255029220245,3.577588270164834,3.577106212552089,9.311445206892138,4.126314397083574,7.587602709436114,4.13974090161416,8.501911830922225,9.672668923272957,4.252435153371029,3.415188207044172,7.20894073990031,2.934724131983183,2.721015070242495,0.0,7.106852581776054,7.426200771893054,11.427779358250081,8.279980280694465,4.604205365835864,7.360330585979895,9.360332997222121,6.620215764291105,3.9880448540714384,3.7188938103285225,9.45757486300047,9.435353179466253,3.7731651459215465,3.2161906137422203,4.316358656672786,5.649434526020983,6.3915805783985356,5.000139211945275,7.596827528224397,11.37069485276944
SWZ,5.624237306088796,5.63440578594131,8.493428843306086,7.113470384968704,4.867723168198914,7.627386022095298,6.902725586176432,5.449466215480079,7.519124363837505,6.321466404327549,4.78355713382326,5.844135036933335,6.38920651612524,8.557275071699301,7.0576344750887205,5.150127164426552,6.5052305776094235,4.307836977746265,4.780198590435249,6.514065482325777,7.276646397486578,4.725311362357329,3.4148160229011513,6.831570726711463,7.5049279787903265,7.690449018645271,6.561066853323212,6.934455325635445,5.389557932571495,5.147422983309094,5.868893049810677,4.254192793080869,5.533799305957698,6.121979689273451,5.003035723416585,5.722112550037596,7.103214406959376,7.103911310559183,7.771682703643996,5.2958448658062185,7.265653760968116,5.189798129430149,5.107705292514594,5.639559546715263,5.518412409111263,7.013539341983413,6.74198831166177,6.713157254166142,6.833275938842166,4.651275015045848,7.1672626821871415,4.626307189884922,7.815338933730745,5.028356792143377,5.331979995106354,4.854435413431413,5.344470251273924,5.342242870110089,6.55913756676748,6.7600137707964825,5.364690304850646,4.261648872796638,6.07996745953228,5.261103392630795,6.441546773773152,5.926220682462399,5.787441567266357,7.0905704221598365,6.562298120165079,5.2558024406887,7.936573587994916,7.51562897655387,7.016437855167245,8.689036504245475,6.2177505802612,5.006263436220671,4.42094654858872,7.441005937866401,7.833298629673588,8.110087923702562,8.376677103970705,7.448354518238211,5.702276605407068,3.680728495178189,6.210144440112559,9.24818957967064,6.384668060327239,4.722190723974411,5.913129836143576,5.445253318640168,6.581546335857785,6.459792050544255,5.300345731858564,6.022021065424601,8.743734934890242,5.659264395308702,4.955365882277154,5.502894127087041,4.553723813946538,5.479938032942391,4.985466567859737,6.432431189071313,3.7747803388789958,8.054958553764259,5.007437443780254,7.9049597771490285,7.4539633597618415,5.475819059400479,7.035337477513056,7.501171882802056,5.8987052485183655,5.239358065506871,5.813858067499059,5.21139404523818,6.67196609644821,6.406698920535028,4.970446876114507,5.390132976021906,10.3299995427165,5.9292175658162884,6.820251816368902,5.544613139821647,7.23560130529046,5.246148740542111,9.019117073909962,6.436200127813222,6.158658228765546,4.8746617043235885,5.391531394077276,6.501204347141485,6.103401860022411,6.436800456901336,7.106852581776054,0.0,6.1628351118606055,7.663370891142874,5.139220994820761,6.738456078112533,4.577799519240474,6.4447298978946,5.91463013569247,4.6772521012369115,6.141227051059505,6.632808965930067,6.29419299788913,5.873423870010417,6.433282716214058,8.658889345259174,5.295814917877018,6.10359636453001,4.93839092637652,4.700745116130008,9.14809990635925
SYR,3.923683131598533,6.9238640384007795,9.299820679051406,5.494112056682408,6.7900063950444025,7.141431373474744,7.706342835158882,6.396616327568594,8.127834149977865,5.388452500899495,5.3100061116203285,6.071293748902461,7.86635582582415,9.84368850818838,7.615079054092743,7.1613292554443895,7.063227884745568,5.8552134327728504,4.726847398438654,5.554815594980241,9.35784873885322,6.284589305608857,6.018424464373863,7.314104358948312,7.342341137983525,8.150802992220608,5.770041831211686,6.806023208088901,4.688988942390426,4.013887881706811,5.097191456380624,5.440495347447764,4.546875184460498,4.672942132862514,6.618720313603587,5.923243315694588,7.889935446050743,7.9152046423491935,7.990152466119752,7.403297840203621,7.891800914653464,5.669268908198858,4.104084264368144,4.864860758189649,5.223810040280741,7.002564402397406,7.8373816181971305,5.34295251938788,7.557039324495153,6.064411236562099,7.3512275239566645,5.182561151317777,7.73162870549273,6.656014637224901,4.826177653302038,4.753573602965794,4.307703150169945,4.680373806911789,7.245688100438393,7.242840329877637,4.735201864600863,4.112670557050989,7.732752516961185,3.9630570986843994,7.66522111152897,5.57057738810897,5.0592793870231,8.144429308830263,4.99649737218779,6.429503183142103,7.425161868778933,7.08848359739763,7.338937550374834,8.449606947986169,6.289365601358864,4.461516505751286,4.883790482725439,7.400736962616498,8.20370209386284,8.124983676541481,8.865922424526465,7.184109101701659,5.922809373287852,6.091571583956144,7.8953931845545755,9.568235723866263,7.6295773418482975,4.855998087597337,7.636215021646785,4.601215446030577,6.937223135311681,5.848949106841371,7.214794048177964,5.113051421764014,8.191695998584324,7.196175201292923,5.454618603587234,4.720553404681744,3.6403270277872815,7.414024949207197,4.655347798998543,6.5745847304626786,4.553688685250497,7.6969276900121315,4.089043551080735,7.956499795125803,7.936675829157665,4.354377058943767,6.538130911777646,8.673000677963296,4.170242302073726,5.959749300860145,4.753334502140263,5.628493329580132,7.7418101006378635,7.165256380913371,4.566632778600051,4.363354603221928,10.712242552752006,7.286779736232927,7.080320740888866,5.520988064240471,8.271082473651253,4.111574082098228,9.381233586500402,5.670796902217461,4.83874352653254,5.694814748263944,7.112889887728102,5.992375505478577,7.830600611009786,7.7238009345832666,7.426200771893054,6.1628351118606055,0.0,7.346067905783611,4.896755898715372,6.93952423353665,5.014953420178165,9.261092795240886,6.940184222536166,4.876771466574141,4.930630740679989,5.183964470386219,4.963723624420156,6.550528788221992,6.115945682573125,8.285240276725345,5.001719220710779,6.819197604639111,5.438643965815727,4.752545327224473,7.188170920165352
TCD,6.6683271532987085,9.845166124894357,11.20474593229656,10.759045038146326,9.820563319791933,11.229004680404438,11.075161856187682,8.165777104214044,11.803320368814886,3.486815819292077,4.264081049929139,6.753390940142753,10.758202476026822,12.015355691197774,11.39026399321133,10.464393990146029,10.460443655819983,8.684927420159708,6.996573227166709,9.93251672333006,10.64589611360134,8.09077580256216,8.91350180474603,4.981491434685953,11.275027229468643,11.254568603911762,10.018506217572847,9.398741843360916,4.52764416232938,4.51344055248835,4.8454237240233455,6.197858641106534,8.829985866854342,6.023898982704333,9.630812780032128,9.99977739307843,11.485200599365637,10.85614793047362,11.412889413436908,9.716355105523878,11.528672062645972,8.56690574722009,7.859358712561003,7.993718321589443,7.765141607104078,11.318776019090864,11.202333789575405,4.551564676139403,11.300999541667418,8.396898579611111,11.300912402557705,7.700425221554213,11.408787510490123,9.866012727367783,5.318394690979097,4.475474376980205,5.407771099632209,4.807325827035324,7.595559970190485,11.426306472942711,6.784902406569071,6.899464352287391,10.898585307088059,6.8254479410184,10.685935627003618,7.049864367468226,6.921554257777804,10.955052032899589,9.932366586461205,7.650576011765218,11.629571607797391,10.867697306349687,11.191991075065294,11.836241562170319,9.11062760872309,5.8858842385965735,7.704516422370445,6.034708553686728,11.28830430437567,10.814152604119252,12.506257726101715,11.109621350642087,8.158842069354007,7.921016120769146,10.972007234642735,13.166494858692854,11.12853044635748,8.098991489064947,9.440698193628148,4.524316255442036,9.563151655963015,8.938045694464728,10.43828665406229,3.0074422388029545,11.981082109198377,10.870356710259404,8.45689150966765,4.8488755398762216,5.440778824225907,9.864431595690561,5.559649259644332,9.141190540289445,7.390322444265292,2.29763470138123,7.570396451549384,11.726284295299326,11.229251027907207,7.148946804835632,10.613184955217408,10.225348876799318,5.868391343232229,8.776268862186626,7.929398016117766,6.996287129073113,10.629384766315168,10.637686401532932,7.6829260769830725,9.216820073093656,11.401379387854185,10.16511552174243,10.330584227858342,5.927214521235481,10.745595038745384,4.788636053446059,12.346828325106179,5.9887848641957255,4.408061395013207,8.25896483744805,10.32872343905902,9.290799239449589,10.82069852815533,10.757906665592703,11.427779358250081,7.663370891142874,7.346067905783611,0.0,4.085989261633058,8.90456895989775,6.387704352143819,9.46951556362707,9.023897057452631,9.254915490586678,9.80076775182802,3.5992734155198702,3.9079023960701855,10.280266897199201,10.553694856040897,11.6648725532139,8.031669586220918,7.697058270664099,9.481440513950833,6.000419214024876,9.961804188088635
TGO,5.133498976645718,7.040852205262061,9.164934084199723,7.650356182998818,6.878176204174401,8.285797520489487,8.067316083535982,6.248723964518858,8.616120410671027,1.6676874235383767,2.437428124856109,4.751813177909931,7.491663312392295,9.420802432234835,8.086308653365386,7.386458479082715,7.583121525087582,5.290273623725698,4.11735444682515,6.851998656701748,9.064619610134441,5.406284917308945,5.915810709525226,4.737725173099893,8.326536379482617,8.420274296834153,7.129715024764716,7.067830194228626,1.7342684848529337,1.8501422688123643,3.422849849246527,4.919584040982012,5.870772212642615,3.249249636212463,6.1405315896566925,6.655468096110897,8.206595354016333,7.9329456343167015,8.45798036072345,6.667326743068349,8.374584001940622,5.544478323894205,5.4080992495504665,5.091756269024239,5.474651769831989,8.225686955534565,8.066588518788052,3.7830169327610728,8.245730962199005,5.158237446168448,8.078525212937357,5.814726400893388,8.24588477826043,6.633741403467204,3.132756030648802,2.939835033745679,2.3739331486302415,1.773447779068397,6.695239451935325,8.132065568300634,3.523860557359898,3.640558947427042,7.676333426118828,4.28264077947558,7.5829959296313465,5.110004613727064,4.730699006261437,8.38053996937307,7.167662834670201,6.182948432094863,8.56092348125319,7.748533468556722,8.111614129240058,8.967839348464661,6.622853248885128,2.789448814915555,4.728483802220228,5.260356296784758,8.67074590455492,8.665184307168902,9.154316172488738,8.756136838452234,5.58209687830329,5.428957870789694,7.861419917506675,10.166251798205863,7.830291342212837,5.204619065897464,6.352349957802912,1.839507219656038,6.7158365465096415,6.196092411636065,7.481525372038636,2.687675326748242,9.005770894382906,7.60329451751525,6.077175554285904,3.159369899533804,3.436258615079237,6.690539699430502,2.751405996846254,6.731941348304057,4.8416139255933475,4.24846866599596,4.493100748707719,8.542728310465863,8.438598079160563,4.228352895155437,7.473777051590387,8.170177045107646,3.427266445925671,5.771727258343733,5.098167517574326,4.091072374404601,7.7020448103135974,7.43012012615079,5.082912913363966,6.137857664266915,10.209554694710478,7.0507196388554165,7.593974988784453,4.3417506417197735,8.457638678186914,2.1847247454174603,9.646050299435387,3.877220008123749,2.6535622654446396,4.977030082729001,7.29482539956773,5.696359373880014,7.821310107504848,7.854994039035425,8.279980280694465,5.139220994820761,4.896755898715372,4.085989261633058,0.0,6.291275523053913,4.337221363222506,7.2253194050011755,5.958925750399106,6.040092068330969,6.891405677359842,3.1075844777576247,3.0630103011723637,7.109885739771754,7.171375261737677,8.766408462547565,5.510415449558493,5.747104190877765,6.538366850690366,3.50969021454326,8.456576580596282
THA,7.565143595161773,4.952007328563915,4.8330761891409155,5.42127530103324,5.080526558388028,4.549530215348889,3.7916761607328837,3.713743076859695,4.637887260048516,6.997555280793725,7.164674804912563,5.422164008124234,4.193582746578217,5.34343381156873,6.233889547839758,4.754693454168517,3.5331589819933873,5.364039043268761,3.8589129086285534,4.972025089663957,6.40680064315891,3.813734407438696,6.017915271503041,9.833608453169571,4.369438890079836,4.359138577232275,3.883313054080601,3.675609153994292,6.117303652024253,6.164749515401196,7.4302921908515405,7.103953333729332,4.165417953862176,7.460355374550918,5.758531097369945,4.37494156669322,5.282061092941046,3.3838582738730585,3.961937314931972,7.67135489074747,4.561807190526088,4.103127053747458,4.5754779185632595,3.259686307496703,4.865357486172893,4.717181318117924,4.398464440816587,7.675636191238018,4.287917408189315,4.663228217905471,4.686022404851975,6.436198764553934,4.376867182322659,4.544095681463957,5.527756152269353,7.163824100174961,6.726639218359019,7.095072962809457,7.699607955460979,5.312011986869269,3.9041083926860494,4.016803523088912,4.308624159800238,6.948459212595146,3.5559635755859147,4.018926241853525,4.90518392262715,4.413709122571109,4.693764323351647,5.572024831240569,5.582530060083874,4.967176195536738,4.430400302890841,4.67870575979218,4.040682245221628,6.18556552787612,4.428947525892658,5.690748161671082,3.900956999470232,5.228672422197451,7.082002306591763,7.519195312786347,4.177424342419917,7.1609535201660295,4.218173251438132,6.991488203101515,4.566924166240876,3.7733339696144474,3.977169406451046,6.627036898700806,5.418052913613144,2.947339067720412,4.86272193961468,7.692966701565699,6.7167391107022105,5.444797651485998,4.9381124605871545,7.308216373995907,6.725880764475523,4.501030279141026,7.145208315392709,2.744029474797864,6.6530663621488655,8.95634064848132,4.518904022647358,4.41387397048564,4.325900631077484,6.0740280175965555,4.187025775296746,4.675241489317793,6.110114731398667,3.9921003990195705,3.4038637553032594,3.1332057184128255,3.2446735897712724,3.8792798780088953,3.8679829636806806,6.214287009299686,6.913127947655959,3.4140398788523876,3.6662105362106847,7.851695596832958,4.83478723411519,5.659416552603078,5.514538622845887,6.7350974405107,7.659551157010057,3.3315419539115516,4.15435545434746,7.700653481839606,3.941386846028376,3.937572108081065,4.604205365835864,6.738456078112533,6.93952423353665,8.90456895989775,6.291275523053913,0.0,5.7588494614694055,8.48731754009251,6.142492385015343,4.412134072087289,4.377216721543589,7.084483532752744,7.277759147975229,3.818146121358475,4.895482251948224,5.435840401691818,4.398245827077517,3.192150171623283,5.962337776148592,6.382020225498604,10.021200253940586
TJK,5.486580389705558,5.348952084531129,8.191734221931876,6.5070328704894855,5.029101217063476,7.299512966233108,6.992395517771634,4.368060961136316,7.922794694585727,5.285011582243463,4.764167877675598,3.8763478386681993,6.647847396059141,8.642328860628153,7.758085916484137,5.848496935295013,6.104963078432265,5.3616716921719565,4.0381566054299745,6.35673304151112,7.9476605619434775,4.691727290859698,5.830500243211696,6.913707219778976,7.306668738472317,7.557327198570269,6.024459820909711,5.884682078420109,4.476525760166049,4.156382503568281,5.193955104148508,4.703427273909786,4.892690306460159,5.201886772378662,6.551013120718855,6.0662062104406065,7.477283552047428,6.767664792640762,7.443033037259555,7.835759166393241,7.60906974044584,4.813870142635885,4.498426010852482,4.625333918338918,3.388048729648436,7.20429616238409,6.944514506284633,4.84682116164776,7.037134052081624,5.374431060604148,7.346216394383622,4.815462669581616,7.609235900735546,5.137779610896847,3.463625753579991,4.45853365333094,4.58741543528292,4.988781290126648,7.426415085096037,7.292313827021214,4.2932511347522055,3.805109460411647,6.527272841654889,4.9734780550005295,6.415688901495177,3.770769948613462,4.171010044407912,6.961634059862723,5.60697863596224,5.1144725596407445,7.917672494458934,7.210390949062961,7.041075543132109,8.189681631008797,5.0966711690772195,3.873379006427752,2.9078054516901495,5.628905329385752,7.3675076671496464,8.061310711848204,9.014043753365138,8.696416290606994,3.92208683258565,6.2611669197697335,6.52216265224664,9.881348586019483,6.824536609795315,4.576486176425644,5.473494412833544,4.404778477935957,6.7734899713790515,5.539833834081397,5.905560604859039,5.071987701401561,8.924708288434559,6.371024980232468,4.195265910686124,5.145472153209075,4.37195072718632,6.083481634621512,4.629531439337616,5.483078735196092,5.6320472418356085,6.913716375015807,4.3145559818475805,8.08726504864583,7.40912227457,4.63750580191827,6.5901739817930896,7.3991995084339495,4.312997298306275,5.219167684979935,4.613416909478179,4.035444414700258,6.257407809197569,6.536143079072622,4.03941620475596,5.576079431082816,9.86085911654435,5.6993058656320335,6.288662375807865,5.496650579336946,7.243191633456716,4.545265448266771,9.054949260078214,5.866153345282061,4.890065563894453,4.95523847483416,5.718740564879194,7.344400971832814,6.457355323485014,6.437554939408664,7.360330585979895,4.577799519240474,5.014953420178165,6.387704352143819,4.337221363222506,5.7588494614694055,0.0,7.188618567837079,5.539083514134504,5.111891664699053,5.721422635389458,4.318665981105393,4.363474639830475,5.707304738525388,6.619608510592363,8.13788289527106,3.0258860844129174,4.396788429014665,6.097209090396049,4.719775403510097,7.934497976016125
TLS,9.750935369783141,8.591807393148947,10.973466201131927,10.145423469913306,7.608673709617617,9.850556918487166,9.363167975300819,8.761645873771876,9.681685092375117,7.785109286410911,6.829368093870271,7.86061477001282,8.355156796861714,10.282074009403933,10.32404841118238,8.194109213035494,9.069931071484136,7.406499707265308,7.902008384127384,9.163698763578404,9.768140817760496,6.563502828745377,7.544433448625666,9.625753673298757,9.910178171654271,10.414125025872984,9.56014680964916,8.469537443352188,7.366821617938645,7.9662606743036966,8.815715418616687,8.947990862895931,8.437353016088803,8.65652094497122,7.129350134335443,8.558102584979324,9.179115602432898,8.936112740238768,9.959398156851819,8.392770021971376,9.519063207533785,8.009676548689946,8.575537389563564,8.595840159228844,8.454808980056992,9.739063782310682,8.957252908045358,8.077315215958512,9.35659985750029,7.969364221459586,9.44915674044543,8.838842028675947,9.972787738603154,7.911939287781265,7.744213848129203,7.295091299283159,7.698147300596401,6.941368988910261,10.700492785699046,9.430310003604008,7.560655132107273,7.593272930533638,8.371906794137631,9.534095998378742,8.223218110869734,8.302752864321363,8.345674614002313,9.596821147165187,9.994320277452692,8.258417951683052,10.062921558668945,9.362732326066906,9.704230928420372,10.617259624144632,9.021071830042233,7.473112485511937,7.358631802064082,8.788623255018658,10.045782675821473,10.09068919255699,11.436795680953512,11.681739680124517,9.020467003121295,8.230730117363281,8.552665590852602,11.429158254322266,9.112447408812717,7.772033630787586,7.615553984158768,7.463726975816237,8.428275597978777,9.457147100671257,8.528455837268929,8.21305306997957,10.763233010195885,8.455767366852745,8.020134791115122,7.9976082079921715,8.1596295524932,8.326233783528028,6.844963194900103,8.888601566333008,8.574546748530222,9.096371688414726,8.839514656755131,9.776388526328123,9.693621296374925,7.911237291648707,9.247025365040482,9.938455382133853,8.4042475748812,8.507101107637622,8.486181166877179,7.168054462991842,8.59708511788741,8.806168920016628,8.770309048637033,8.933529054912704,12.073715520039887,8.006284621601973,9.204802562042532,7.523016914509068,9.621159928649815,7.527067186064035,11.447750269748983,7.951393582891288,8.350697580460471,7.551567434141565,8.021552242264457,9.023479828929597,8.825369061534547,8.846252134512605,9.360332997222121,6.4447298978946,9.261092795240886,9.46951556362707,7.2253194050011755,8.48731754009251,7.188618567837079,0.0,8.206819141638807,8.229913828717892,9.313419978831266,8.573154882612348,8.39837707974628,8.302976989721365,9.077460681073674,10.593425139756041,7.448220892828041,7.8587199728316515,9.275570458941491,8.130502687229148,12.636960505246698
TON,8.11204470398331,4.796989816540989,8.141104730187283,6.722846485753941,5.551824572724753,7.153690408980881,6.123143337295631,6.210597751090954,6.805339791692935,7.151476929978893,6.886836697305644,7.160975670557743,5.260960839508924,7.3439493762715,6.181579393498313,5.022688096978265,5.515038036773823,3.902438786711991,5.1957894324523775,7.013896990466243,7.974563718795172,4.7081107913202525,6.127404300142983,8.660563836134015,7.185235773248129,7.24173135856947,6.449848085939341,7.849070345243217,6.764433087170059,6.521522532009421,7.727041332430427,7.2866390150569025,6.3833256357522785,5.343501193011384,5.601240789389336,5.723545950936621,6.156565709636594,5.979209269451564,6.976730290381627,7.447207961011759,6.3137371278150285,5.741683703314131,6.4083232387977445,5.2755662212165655,6.620334834842939,7.031580052321603,5.524705416677191,8.235545787226474,6.002721397434067,3.3310447494203,6.737932118929668,7.177230721682696,6.965308270606145,4.861147547996956,6.604274012165373,6.934523274281545,6.251025587361043,5.940349305135658,8.24607935704823,6.3378280301200824,5.372238262530812,5.105838934215932,4.959109127379618,6.704922775069079,5.483366601886797,6.890568742833155,7.08596466700602,7.00623014480842,6.681942193683098,7.653306898707238,6.4198671512251355,6.658988508533445,6.5983418351393395,7.7632864242245105,6.4640742888032126,5.850557992926234,4.390706122436525,8.050351175186277,7.348807511450278,8.271370713107522,6.696338573540321,8.205556861013003,5.180954787184244,6.614618102802228,5.493863476000697,8.348101201148111,4.832903032261584,5.499818847347341,3.870985793936223,6.601977144594235,6.080168659908186,6.438295471871763,5.371700033771177,7.707840939445318,8.118605199981625,4.979240244315197,5.766206371482332,7.072368539810735,6.70679683070445,4.580000507728572,6.404216759064559,6.5198797763838305,6.469391822383345,8.91001682162048,4.461693205095093,7.0377828696466915,6.57704450206561,6.406742062305593,5.897307391936863,6.89910762746535,6.843221415906347,5.643744234666774,6.007609781045366,6.041451297063491,5.976419548689166,5.562420359400156,5.391125505319346,6.253128974756776,9.80330660233655,5.040547241568846,6.679857101995511,8.352148108642343,7.266699220371608,6.573811125753636,8.2546128361536,6.035553547370926,7.18828158101083,4.813425624317709,5.291909465168077,5.807850428479905,5.445192438490378,5.528282144737064,6.620215764291105,5.91463013569247,6.940184222536166,9.023897057452631,5.958925750399106,6.142492385015343,5.539083514134504,8.206819141638807,0.0,5.418621606907492,6.8497050410558655,7.718098695821064,7.901218510779268,5.552341643601156,5.615690706214291,8.16008806612335,5.537940903138706,6.5467091229095224,7.036385855651891,6.8008310989092084,9.590480090313243
TUN,5.895953510724984,3.787297640326859,6.277220645275155,3.843458226869724,3.306941839719503,4.49286296364575,4.0572729931025675,4.27323396264734,4.381149130096969,7.0082654617167375,6.499706161355209,5.758393060641896,4.0810273151661045,6.367096416483383,4.7055479672859475,3.1505275504857133,3.77321972791257,3.5451225364863808,3.6535118989034356,3.3945443999681006,6.614416308074517,4.058524646699595,3.8413594012886225,8.884993073014254,4.410065487742709,4.876405631589333,3.100716989133324,4.80731523171929,5.867842616645145,5.569915184048176,6.817917065843076,5.597752223575011,2.6761118463226956,6.316226978943792,3.819184683140916,2.390097933059503,4.501589380704807,4.538526723980222,4.7738129152823845,5.2294404030773265,4.244631506061869,3.1125666555192297,2.8758879852349115,3.13071894339138,4.359504976903924,3.4698960343475824,4.265808842878511,7.602453881685041,3.9758361128413457,3.6157057118611613,3.8940305978677117,4.600203878393675,4.639183966237021,2.983736508142795,5.469147880747093,6.334925544369706,5.63376798366187,6.370876509195474,7.020115112647026,3.5254648685329197,4.021624513731437,2.999310810267534,3.7885480795219304,5.182104140862931,3.9552289984560858,4.834545532082394,4.878935219167744,4.8392498918291125,3.4094167575038408,4.785624469374711,5.115505448456367,4.633691364627225,3.8021051824609953,5.642099362957824,4.272881906679066,5.415690145799334,3.4725634647964996,7.482379008145027,5.008583232352706,5.879348853009171,5.529420953747842,5.904586878686892,4.407287720379589,5.413038179493716,3.951159752548762,6.5560096040289375,3.7532032224299408,1.992663125632697,4.741254240592327,6.322570088351125,4.913856571767453,3.444253896053345,3.1921039028107216,7.291079145207777,6.199030044474465,3.530519665405098,3.8343531364793404,6.530444611156135,5.233010581978549,3.786401311116902,6.2775077818887315,3.8868500638538555,4.483973525070775,9.39833324439868,3.431269356500142,4.618265439085105,4.7845274665708155,4.542468085196337,3.891112350832573,5.7641729596367215,5.481598178740091,3.352655195952483,3.569905496595921,4.19790551594189,4.266048110514462,3.3610172321930083,2.903345173769706,2.9185598065001037,8.737918334413418,3.6843228985148535,4.266725166395402,7.006435563016384,5.163118487281342,5.327063958486553,6.089216333850767,6.900344678945503,7.046688249777359,2.863128308472401,3.1852833123655824,5.53934345854109,3.855883607553044,4.201377442404033,3.9880448540714384,4.6772521012369115,4.876771466574141,9.254915490586678,6.040092068330969,4.412134072087289,5.111891664699053,8.229913828717892,5.418621606907492,0.0,2.4093581132539628,7.369660192620425,7.240021420839698,2.979644835966436,3.01278920217281,5.8893135120194,4.063169192647432,5.076826531380304,3.6511234622251156,5.562874879058139,9.10224338589549
TUR,5.888921685376703,4.719477933199801,5.904331143368931,2.4441942273418817,4.32396170536891,3.364564321745637,3.9326532369758076,4.190294540445409,4.386713316779715,7.670712006013962,7.469660783752527,5.769171294059351,4.620822837523218,6.2230012578360006,5.064031594901026,4.266150774264687,3.726099983217093,5.210491998551105,3.8210182793046044,2.626844367851606,6.830451689362152,5.104626460320312,4.828303139032383,9.706516713987348,3.5038679301618743,4.4772159040366155,2.0364977050943525,3.860080905360009,6.289517776997193,5.968856266782395,7.325023246203072,6.214182759037386,1.9001940782398457,7.327263882696751,5.3519757946396895,2.9497246007790627,5.072509441289668,4.381019828443362,3.9856615316562034,6.904296677003072,4.22688065748814,3.0860728180458024,2.6516541959160307,3.165484079434825,3.9272565247574174,2.9774076683328503,4.592306514125336,7.817084339006905,3.8785666913820322,5.130736358716277,3.5896088373656125,4.618199930291744,3.9544011311211817,4.03277885034118,5.733171734192018,7.136257322485422,6.381032028678245,7.382137501670663,7.46560877612266,3.9546563273984066,4.349327258951732,3.9538801339816634,4.53370395309708,5.669408758536345,4.306281290299722,4.292955903569636,4.821838604425779,4.778267311800789,2.0847406678247267,4.98801760551048,4.960714207203085,4.099958337647252,3.465302614085736,4.570092932241231,3.5102947117739243,5.969866627283392,4.336055795117242,7.596345604148411,4.1933961622108935,5.216536988537923,6.071669483230968,5.907854260243065,4.6708189832801565,6.7903363235103775,4.486253102633566,6.789353681909071,4.465506275268879,2.928518527173126,5.630103101871456,7.069318243494336,5.923265031533808,2.587563052341788,4.323326336384755,7.916750140094342,6.365545617118426,4.592484319831516,4.066221351538068,7.448977639750921,5.936998909605959,5.116398890754681,7.215841613412485,3.4323996007868898,5.503208588814144,10.10301238873421,4.226159129983167,4.416726720814413,4.341848238420943,5.145971565150883,3.3978578106438215,5.731284881526021,5.673205731833184,3.5543882444001476,2.920079585233893,4.410518555392016,4.090468272387726,3.706456925644998,3.1289299952954157,3.6916908770971872,8.292709571593239,3.980840421150658,3.2872047213117814,7.689345010895748,4.6312000054913,5.8960715604184974,5.866915987508981,7.895393333949945,7.563308371708606,3.750956063077866,3.864152320541184,6.75688330456192,4.445598407558224,4.553548148774352,3.7188938103285225,6.141227051059505,4.930630740679989,9.80076775182802,6.891405677359842,4.377216721543589,5.721422635389458,9.313419978831266,6.8497050410558655,2.4093581132539628,0.0,7.467282835214613,7.489557875562581,3.267221429204852,3.1393122390526567,4.738229897675294,3.9797544025206206,5.2900740400729935,3.607299022206331,6.082484768289195,8.795187461023831
TZA,4.935098835164512,8.084944523708357,9.958728017607767,8.16595965441889,8.040788583498461,9.07025287562878,9.18226105139913,6.52734832127323,10.002931273498765,3.0654982334904535,3.7650056800582425,4.234058622564883,8.939132840982086,10.540729895037508,9.720048281407513,8.70989949916018,8.50944699289519,7.368061285886125,5.225765130932104,7.749377902920649,10.015225641462068,6.65191650343387,7.621517429539713,5.617876462739472,9.220718205409465,9.363775795242445,7.878569420213046,7.176477407738241,2.8682958354864043,2.8204388579919146,3.8680650642056507,5.50291799143254,6.520176273281281,4.82171242035347,8.21980295265289,8.013303302800601,9.724018624787961,8.961185577319323,9.353103964045989,8.987598535548901,9.731134279907879,6.512781176545826,5.966491433097296,6.029109259371797,5.141070330714442,9.234500405598796,9.386022942987223,2.0842734742414675,9.379078334824284,7.279761860708511,9.279427057463625,6.217101750106314,9.308078007895217,7.982759695228319,3.0268036688413784,3.47623307115582,3.7594148623559223,3.977051592511122,7.7344214176553665,9.576752376186203,4.627290631634735,4.977615472120931,9.115499934557088,4.757195273213043,8.842923496042653,4.7132578764399,4.635450989980715,9.150531711917278,7.433600395491508,6.771071117742573,9.80155373457322,8.854509868818457,9.1189753845786,9.700198126064578,6.898634545122624,3.767681514785408,5.65471994510361,4.57825970951861,9.3588276525981,9.366661099558476,10.819437445296918,9.78937033279662,5.869773591318264,7.277243200144885,9.182865311715618,11.69977603515479,9.34640635288026,6.353628041342627,7.756847684647862,2.886515629509683,8.32419418627011,6.807353617362357,8.782982443094648,2.6260667639167914,10.417037676048851,9.151759570961639,6.659677382083966,4.16215953891412,4.043899849012782,8.473550388915514,4.004280859348513,7.332555858279836,6.375036546963718,4.508648826303891,5.642498380893649,9.882132420722138,9.430887492313055,5.1565676066254875,8.520207380221933,9.1576548678237,3.499685597066656,6.8550957722805546,5.652720661777666,4.966933054131911,8.62455986184908,8.694008720353569,5.7329892214267915,7.428818125746339,10.835862680393108,8.137141704100593,8.22832891630031,4.56778560302519,9.20876007674515,3.2190979900454404,10.760351303083313,5.3074304086975514,2.7521650698687434,6.549220043123335,8.50169322724867,7.884930904395225,9.102305192867478,8.952822851340999,9.45757486300047,6.632808965930067,5.183964470386219,3.5992734155198702,3.1075844777576247,7.084483532752744,4.318665981105393,8.573154882612348,7.718098695821064,7.369660192620425,7.467282835214613,0.0,1.4271703519323076,8.223615732672622,8.503724042829909,9.469771417690916,5.618767785619445,5.90658526982658,7.632016194020932,4.402854931660361,7.488518738084053
UGA,4.661074388179577,8.347561901573846,10.166843121131063,8.324157320158251,8.079251202174834,9.150286752474226,9.251101073142104,6.788910569450148,9.977605418258813,3.081448571645162,3.6179931243509627,4.6020855787018915,9.150955294774514,10.912467411000279,9.65294290267224,8.75966693563238,8.757943011542022,7.156432144296207,5.4242213247718745,7.830971927771191,10.218006016652538,6.738591831268414,7.356298579295609,5.709163560318989,9.233795625915436,9.33251213437624,7.946203278161819,7.417848636506105,2.87913484456987,2.8152449421687233,3.5135581117498185,5.409878182643621,6.536058465579414,4.649457101504769,7.962611652340757,7.915186243355483,9.568453290053714,9.145060126787666,9.523062135291298,8.489944316575235,9.782345991987885,6.6858442843118695,5.99019375988477,6.146117748062134,5.3489373158261575,9.221400504446747,9.407805724298443,2.2048386328379332,9.452081181701473,7.327302827459103,9.298366048047628,6.206192934604089,9.385514915069864,7.961991945359095,3.309159596432142,3.437448169200908,3.599014627794263,3.8179364058821728,7.633986265207599,9.525740435940907,4.769530219097109,4.800198048510274,9.22096720227363,4.6580755530370475,8.992343185649176,5.218308564498618,4.8526951582732645,9.144451933755956,7.559813436874142,6.818252981411999,9.743366616314782,8.836508340403988,9.219113912137479,9.974251899260636,7.009915312241725,3.8397837676073663,5.5237158889641655,4.843675911817059,9.615475913993084,9.485861000954612,10.98872594776053,9.728696914363091,5.99111320671758,6.777926224363471,9.256869762808702,11.476242329345332,9.428407843513883,6.406667129767355,8.049737304800214,2.513954414645433,7.941317172423208,7.034744413290805,8.80687236221638,2.3920402895840995,10.0462560477069,9.077793301107008,6.7581718000488795,3.7598952857380885,3.6318223503773117,8.433557355506602,3.5029552785731792,7.515800472962286,5.84928104426781,4.695978644724037,5.667433570129833,9.838252228571136,9.58369245980894,5.225485158500075,8.5842294636646,9.473231827689172,3.6105041038708854,6.824538649422153,5.864812428265995,5.093972980931189,8.83502339232203,8.76352975875917,5.7793218069894055,7.072802170273132,11.168470333629884,8.384293622085094,8.539411207360336,3.47375142148191,9.567814693376096,2.941270594928233,10.789765187221368,4.851374733705099,2.895601766353486,6.6752888358750795,8.612387354876558,7.535181807535712,9.14690927560749,8.97209892773917,9.435353179466253,6.29419299788913,4.963723624420156,3.9079023960701855,3.0630103011723637,7.277759147975229,4.363474639830475,8.39837707974628,7.901218510779268,7.240021420839698,7.489557875562581,1.4271703519323076,0.0,8.395646759846343,8.606355406789943,9.656704420161507,5.837626774099523,6.122768067739128,7.417220434409376,3.9514014258506336,7.5738617800065295
UKR,7.756458726658762,2.976719435721233,5.7865562165868045,3.8683966837886126,2.9271849413665247,4.087642859011757,3.3675050532688795,4.335234878388284,3.908227861904941,8.088341314833475,7.740351493684132,5.823155558979966,2.4011640299593227,5.2726582514177895,4.982190429847001,2.3503434889596075,2.3470697711576025,4.602589779689611,4.2546322869198585,3.5978432853041484,6.63983102577,4.477766019966622,5.103260374014451,9.832347730487776,3.957092357358901,4.735409818563268,3.3993512479158974,3.9935695893223766,6.957542486153414,6.844797036547417,8.241381743858483,7.079165719099594,3.502318375521658,7.556086469891889,4.723765501698224,3.3311375707672006,4.412945668685204,3.3495155315075587,3.545132595319331,6.966475207726614,3.7002584666263574,3.5285643864919303,4.422466778562554,3.9265753155576055,4.737101148109303,3.2761224627475234,3.558237164169632,8.487770788589135,3.152910760297002,4.041537868482108,3.3865843997088323,6.0339792294092875,3.8556526552312542,2.5438816189517577,6.230981207215646,7.630779898634401,7.011548084182017,7.584976964794619,8.55907263090567,3.1870020462567696,4.795831673463066,4.511296725543756,2.430455962289093,6.6400892569964824,2.466397991836132,4.634213713191355,5.089551088543476,4.774715233025279,3.719583722640181,5.805241944483381,5.386640711228535,4.744425943880626,2.952336039439912,4.497177370165506,4.253147310185261,6.066465020946391,4.378684272997424,7.836466307742576,3.682481191466003,6.319300768310196,5.15568876079298,7.147317618992158,4.593208216795156,6.9691377462732005,2.774730358109599,6.82262835178123,2.818672634556671,3.2889333760261104,3.431944121075744,7.491959155299108,6.04563556684931,3.5480321588061137,2.763379516353641,8.667838030876748,7.0949850381185975,3.37991181126738,4.349584860020197,8.002852726048733,7.113503646436652,3.761652869762206,7.457383169037364,3.6492784561538065,6.605788010907313,10.403100445558213,4.545541953418853,4.190829705599756,4.135987616667931,5.300937094797075,3.6685546754104656,5.444567732471379,6.4435992944669,4.148629053594771,3.982764382584172,4.271174690254398,2.4453800172382003,2.7385190464350257,4.2858939780562695,5.1956230204650975,8.579792564827965,1.9730017671401132,2.635778166911524,8.461684490188338,4.290809727633791,6.835268603304311,5.879292137567123,8.188043748863072,8.108795540341411,3.1744466410003485,1.7950259174445933,7.040784267616295,3.093449318102314,3.7103748096250455,3.7731651459215465,5.873423870010417,6.550528788221992,10.280266897199201,7.109885739771754,3.818146121358475,5.707304738525388,8.302976989721365,5.552341643601156,2.979644835966436,3.267221429204852,8.223615732672622,8.395646759846343,0.0,3.154890500383636,4.887952724093076,3.990622579910642,4.801298087946457,4.619895785952144,7.072862756507484,9.903762714234752
URY,7.58642384143239,3.769692083134879,6.200032317707881,3.143127536347213,3.8091133976635714,3.6223528502898863,3.5966324697091556,5.226077286233549,3.8913499404737357,8.108885961620578,8.164646102471135,6.580606493276024,3.5169281045457463,5.540398972202587,3.5190104950185037,3.594528811084021,3.700143902883306,4.179460048707635,4.194885477286959,3.003846387240758,6.965447005467931,4.816676945868669,5.0481886524253525,10.06438432753188,3.9019778876994615,4.291158030068972,2.743539275459861,5.271709095218151,6.899582350329155,6.736775567431244,8.4951202878789,7.351585766201656,3.0668491561762727,7.021243471352272,3.9519006169227198,1.8084007332403,3.960153859084511,4.252911820728673,4.011807354755848,6.569176228429106,3.274564992142133,3.174547545352898,4.39449044594478,3.5562203309240377,5.427574014794119,2.8679466151193544,3.767433783736339,8.887258218324716,3.185871264004019,4.0716606403779085,3.1120739574443728,5.813710910388138,3.515344230655074,3.3979002401682017,6.72099359624608,8.076142778099863,6.565829454551417,7.417603962705218,8.262476511323255,2.791276448610478,4.512341300009127,4.628051573545795,3.2827239314122916,6.325873325164504,3.792468830562342,5.626223831593652,6.203135824789184,5.309757348708886,4.109691118646204,6.350377523187717,4.106803656530064,3.7172187483933192,3.1126055553398206,4.256851580837361,4.7681157461345975,6.325497575908675,5.0200141768692275,8.447432853543082,4.346830841225794,6.013810823906997,4.255991044596192,6.704821832461681,5.114986353219335,7.291121783476947,3.625571610694604,6.183683664684688,3.0008200498461224,3.6497293169416514,4.504441996673687,7.81759469482901,5.441941070743539,3.855701380400529,3.637802564132841,8.858315132218081,5.962206735222014,3.2300803426732596,5.3116571581931336,8.444484952278295,7.058050761170013,4.005475725010378,7.732744343171431,4.515736819144613,6.2362641660081595,10.604303685310601,4.570468094187149,4.034445014241464,3.8207184462736112,5.284506071908342,2.7181195045627295,5.748758856294308,6.662112006638156,3.654623027107405,3.7203192851765854,5.115859176258461,4.1048521586771525,2.783472651944003,4.045788455076284,4.06184724787603,8.481783704239001,3.5134136946302914,3.923190685699915,8.562296058674175,4.986205835969578,6.737058624877504,5.657255556106148,8.04061458123363,8.044901647965585,3.1023491108057124,3.4566068278862248,5.522238830467784,4.226192248067961,4.301165964368648,3.2161906137422203,6.433282716214058,6.115945682573125,10.553694856040897,7.171375261737677,4.895482251948224,6.619608510592363,9.077460681073674,5.615690706214291,3.01278920217281,3.1393122390526567,8.503724042829909,8.606355406789943,3.154890500383636,0.0,4.701112809051872,5.195590737267573,6.446916518108586,4.7569351067677585,7.153969120119558,9.961420139386254
USA,9.322843805059877,6.549640386384489,5.847246944669653,4.680950582755733,6.286997059041144,2.9630872087147035,4.155585032508064,6.498062940523286,4.5113718802804295,9.542495383627855,9.802536553567123,7.193375525797629,5.0369793611864315,5.966992417783049,5.123230810111728,5.788002075303482,5.470612547157575,6.738622965869651,5.647419295839626,3.98034501043938,7.865869578162344,7.231252233361703,6.890355028418285,11.79122317751787,3.092443045172778,4.4388119811906686,4.069296777767724,4.591258923080054,8.12714440143338,8.106241765723771,9.686126340132438,9.149966463907202,4.6150772801810005,9.151511242132287,6.922350995782796,4.677510644906349,5.262891041781414,4.738051884763255,3.128977291546666,9.04855921320747,4.379865090774333,4.684799894112611,5.913976408778941,4.913759703176717,6.065210943220989,3.6376653989234637,5.10115883415909,10.023829540633956,4.279617546064339,6.771233478647489,3.1872657342638724,7.82356711147168,2.584516320279428,5.576323972284995,8.207558296933101,10.081391329494272,8.688440023561988,9.56105892146036,9.516098475178257,4.383651740301556,5.885425041089991,6.751437804952917,5.00196592574137,8.468222814206845,5.162605481330584,6.033712721874141,6.590996815878662,6.084221705304724,5.290373455435167,7.220509316255034,5.605214947879773,3.718424337626879,3.414234589865901,2.564332998144389,4.687382217307049,7.470592498794562,6.76726763337634,9.455922680581093,3.7504754793551394,6.345578877889791,5.845126104629119,8.212466898425758,6.05439387793851,9.524483787263325,5.2242134052760045,6.959386510309157,5.183102453926407,5.809901566275149,6.262110129706777,9.341044499705212,6.953632951548461,4.389893234188399,6.189765939668642,10.390438798245723,7.200283373728295,5.791703361397606,7.0476001897195975,10.289980231178534,9.231651485822804,5.723646497781448,9.327501434469482,5.096627489990583,8.289495365866186,11.562887417780164,7.0336167919704415,4.547790230594545,4.253472548574306,7.421859895040416,3.7294303235985544,6.024189747083111,7.617988642076652,4.915617951722793,4.961480591791154,5.752536232232628,4.1659117571151,4.1239117166543275,6.263966888115164,6.7436769390281075,7.9567838787034235,4.604345250496679,3.399409812334593,10.088685798707647,4.837001111002093,8.361033007180563,6.027452447499332,10.002208865396506,9.769443600904424,5.582651065396283,5.271968981389032,8.112756601670892,5.414282463541218,5.529218085532732,4.316358656672786,8.658889345259174,8.285240276725345,11.6648725532139,8.766408462547565,5.435840401691818,8.13788289527106,10.593425139756041,8.16008806612335,5.8893135120194,4.738229897675294,9.469771417690916,9.656704420161507,4.887952724093076,4.701112809051872,0.0,6.535662335956046,7.190704164302475,5.346047155725718,8.47955094768933,11.520183725604241
UZB,5.799711455209159,4.638922261639114,6.949972288960768,4.62560312703113,4.333513504021991,5.408205430822681,5.388667342783775,3.4115417858931028,6.267778939942407,6.33363203341009,6.089533034747125,4.564903805992905,5.215796411027203,7.036632314617276,6.801709671145371,4.8134885553351685,4.136794814735002,5.3489284787223355,3.641690255820954,5.042000055166915,7.1331656947173165,4.069781916967079,5.553973642128688,8.261974093377525,5.515408149898393,6.228500882139962,4.4308646947143275,4.387027910163568,5.172333329194048,4.95485521454695,6.2846662807601525,5.797891499105178,3.7593010185512874,6.360874887424592,6.215571410011046,4.984789029606789,6.341357418106682,4.951276447450194,5.591462020017215,7.928500558375978,5.923463974905292,3.768981693301874,3.7110070333966365,3.93221726812346,2.8554225539321516,5.66687030732186,5.3484253547042995,5.998604793951124,5.3735917868738525,4.951882871367681,5.801010295225055,4.670963038465093,5.918491006004014,4.164826267315652,4.2111447703818365,5.487343669387865,5.48912284928847,6.034858689232116,7.780041075663417,6.078035996088788,4.152097922043748,3.846808908027449,5.195814420780637,5.64237557402668,4.677261511175798,3.2323111639721707,4.2873462138806255,5.585956905609232,3.773474139515903,5.140517147415845,6.299899225116607,5.638058622848623,5.697627877923231,6.435604284308089,3.451210037582027,4.79853202913714,2.4286470663322004,5.866722404759058,5.628695517397623,6.509001786444031,7.980388631980222,7.7784289997781055,4.159563902541085,6.598197401885943,5.0940762395417485,8.591390451110144,5.387144660288533,3.507963613077025,4.503056475343644,5.596097145515181,6.4211567563450975,4.1299886059136295,4.912407749733032,6.326337896929,7.966045689211249,5.3987290139939,3.0767129115389142,6.150187023966735,5.195764496591573,5.672562517120624,5.826461780362355,3.840914304293644,5.9291405181611285,8.471132920195407,4.195793597655627,6.264710374175319,5.721295923598028,5.019426709989641,4.866247959063609,6.227783332794745,4.968033701592894,4.6046088182720375,3.565654740667335,3.7128239104178715,4.4765863778358925,5.250099772826713,3.337096474293467,5.053476906082862,8.924623960182968,4.111212295435545,4.2911966873832315,6.599165680449593,5.55047310432757,5.048612950337541,7.73225297749854,6.57599549828264,6.145147202615111,4.337819345319393,4.291720860298027,7.450735853909549,5.061546902757331,5.029423797533904,5.649434526020983,5.295814917877018,5.001719220710779,8.031669586220918,5.510415449558493,4.398245827077517,3.0258860844129174,7.448220892828041,5.537940903138706,4.063169192647432,3.9797544025206206,5.618767785619445,5.837626774099523,3.990622579910642,5.195590737267573,6.535662335956046,0.0,3.5588617763594654,5.298913661874817,5.533553197653043,7.960609114877892
VNM,7.038580446535309,5.272552864137135,6.095723455344408,6.647213350334632,5.00273055798023,6.403871228653082,5.5613732738652715,3.3501463082154896,6.387673312906254,6.167149031748343,6.396358045539086,4.424683970378739,5.360551474741504,6.700389698459383,7.553424428358155,5.436154799155502,4.651916768289461,5.880179665474242,4.674638096050668,6.372220762967255,7.033259806698119,4.081609504913511,6.622442907308351,8.753765994283564,6.209050473966296,5.9594829613235305,5.412470820003233,4.59560079240938,5.501186293231257,5.6961912567791835,6.939471099726628,6.426791456109482,5.140124216708444,7.155436994652691,6.449942386274094,5.7493378851100525,6.45633035165627,4.966037567426404,5.962500143326946,7.760970286191725,6.411970055466892,4.550979590876042,5.10277570810808,4.657503773366129,4.014250208277307,6.32988669527925,5.71804929248227,6.362759321719213,6.069598277945815,5.525039702940875,6.497388816323744,5.885339161105624,6.392920765714184,4.814149752614074,4.196189870080933,5.931358616266607,6.029180175752942,6.699634607599739,8.119095424042895,6.772944018641832,4.385227068933848,4.131274066643591,5.608764388702004,6.534248026787957,4.740867577792986,3.508894345699768,4.464731902957378,4.899198195228685,5.543230639491362,5.47339970597834,7.338461907644146,6.684388182948952,6.228371114746535,6.996850400089681,4.126771140767478,5.815599870619261,3.9306906889648854,3.96868535289588,5.653777760330095,6.632885022039906,8.707810605371664,8.909470138220055,4.476267114949753,7.223919731478773,5.272751852156194,8.31037706725745,5.990967393658925,4.200180150493834,4.608614171020962,5.920723244992147,6.101027203318531,4.225070921537522,5.225214038001649,6.54815244383421,7.954671467206885,6.271444256018961,4.218706461094911,6.542208550573506,5.87683523028622,5.421381154427646,6.665693876386314,3.418770827375215,6.87865427924901,8.149206953176922,5.047362740626443,6.3652478109341235,6.277580279911599,5.562462725039975,5.983812183324308,6.180732567667809,5.751890083442816,4.812145382630026,4.444705210291894,3.307834010126579,4.560287239571167,5.442527567102196,4.201904151678312,6.768545124363793,8.244305845040493,4.5513401556549615,5.141178218822985,6.895113971989655,6.109979970752851,5.152300147874996,6.907119845025464,6.824969398710376,6.629451369151957,4.532397515301714,4.834282532543649,8.319445525636711,5.046553399011575,5.04224511585643,6.3915805783985356,6.10359636453001,6.819197604639111,7.697058270664099,5.747104190877765,3.192150171623283,4.396788429014665,7.8587199728316515,6.5467091229095224,5.076826531380304,5.2900740400729935,5.90658526982658,6.122768067739128,4.801298087946457,6.446916518108586,7.190704164302475,3.5588617763594654,0.0,6.5811568710186945,6.160857432659866,9.27752267023468
ZAF,5.627469169602535,5.964551821843801,6.853535132507497,4.3252069019192625,5.283120221215516,4.712451815043253,5.072609314053458,5.37168689884416,5.3817310601657775,7.589539011153385,6.854816112535352,6.3658570773820164,5.581736621408586,7.386062449332131,4.940000362531101,4.898767047413126,5.459141303911416,4.836407349610305,4.1109079759991305,3.7322154014583546,7.221483936308047,6.162800234303538,3.214742916801561,8.746538490553556,4.514332051179174,5.670083985195997,4.054953825287236,5.368593159070616,6.155972468930435,5.625372466207004,6.498455897180596,5.4319703327466575,3.563212839024399,7.145098627285218,5.4686992408978625,4.196762621099922,5.796421708202439,5.7638514277581825,5.180589129721036,5.950025589433035,5.310260028675753,4.06469627055637,3.7366990384658023,4.22362818562693,4.993828194129507,4.356161489312745,5.585893994070538,8.034295939252234,5.018613743191033,5.03875194498763,4.527820241155872,4.788048136658486,4.974253315350559,4.785430132207635,6.3174147184599105,6.9941760761989356,6.451783994402215,7.095544133935134,6.422321990400138,4.671086108519182,5.1091542636522025,4.430479337484993,5.324809378332303,5.387814100025071,5.635427249445499,5.491805875699993,5.239470337444155,6.169013901335365,4.026370309106089,5.2086028339749095,6.113640253491524,5.093969153021066,4.605563752277548,5.8521544541695585,4.660884318817058,5.466047377602997,4.828109363021157,8.654852600567336,5.626599406082586,6.4364225521140686,6.335833615594853,5.250374513704804,5.44451590077401,5.22167210836239,5.488777139811032,7.450769414237836,5.296774037642643,4.079291187405983,6.437242911258883,6.7592378077626725,6.3867998756620405,4.293682266055984,5.230256597173806,7.69970544381132,7.120161840567804,5.143778751570487,5.045380032804028,7.016712954981279,5.87157864757397,5.253539542456901,6.522886388679137,5.167866045525681,4.0523149484361145,9.687814109734704,4.678271326079644,5.690818722031414,5.584106223862367,5.726008471280184,4.856954746968505,6.410974695716308,5.799329994493679,4.020057664973696,4.325073547179879,4.979073371605232,5.274712372435748,4.910670443010453,4.493987183797005,4.079772385806339,9.075270287134131,5.150387003294071,4.506985950707539,7.349022066322071,5.550798552704484,6.046874575546163,7.140709022882502,7.9022482311975715,7.499219748159116,4.64553124415334,4.804452870587379,6.36811200575239,5.161276358345983,5.6560585982147895,5.000139211945275,4.93839092637652,5.438643965815727,9.481440513950833,6.538366850690366,5.962337776148592,6.097209090396049,9.275570458941491,7.036385855651891,3.6511234622251156,3.607299022206331,7.632016194020932,7.417220434409376,4.619895785952144,4.7569351067677585,5.346047155725718,5.298913661874817,6.5811568710186945,0.0,5.184328831828943,9.099085520934976
ZMB,3.2760069036408734,7.627971734137896,8.775793671762834,6.818451946356603,7.2107683290481335,7.650255175083035,7.5047571331538165,5.982009450778511,8.050381089038538,4.548387245924523,3.4368440299161933,5.526612252132155,7.6045893262415625,9.241586308048209,7.807035266620686,7.3373838168002585,7.30369617370729,5.720583150967154,4.060616421443998,6.48568744654974,8.684539624074674,5.99410832407237,4.653026288260004,6.132391251488828,7.610626191456949,7.845877215382973,6.510056976957732,6.906907780436527,3.5573367247378327,2.910854404221327,2.4633442940715655,3.8343134451803342,5.3954814341656245,5.348592853327426,6.639132119528768,6.444023697220194,8.150688649600978,7.521259521064748,7.835164320869107,6.343954380364304,7.926977136384818,5.579316650427002,4.754878606455389,4.954509014383276,5.290439960216018,7.701835786967905,7.784674105152714,5.02682791905178,7.773829659614094,5.765523499256315,7.612908885244681,4.878524373776153,7.747610531904856,6.785360438276147,3.9556727675088514,3.673003097936277,4.159833445452492,4.159185064781075,5.444531928316364,8.017498867340851,4.321229500275037,3.419602866322093,7.6729400574663895,4.203961898990568,7.466619096361415,5.433711116888314,5.112011557329822,7.662797384977128,6.212688424679904,5.573983308274056,8.144433105437225,7.245204959398045,7.642185996636278,8.480168782090134,6.22310286002836,4.093220336073374,4.462574242553798,6.359981535686819,8.271884129994547,7.634831878998836,9.177061609628707,6.782789806854795,5.430528114573766,4.009995820613233,7.71061201481703,9.715829943741058,7.685202361041992,5.256237054933937,7.179867461929726,3.034399983997061,7.1135226971084595,5.594300378677569,7.575634630945437,4.193081381660973,8.446277616142323,7.556408524626923,5.668928685074945,3.2864075770796997,3.109433467365514,6.9469829772439695,3.557152510404547,6.5424993770559015,3.398656574609441,6.448689998213521,4.128937263104625,8.114331881108983,7.982757048530344,5.607917705648322,7.268463434238379,7.845432299203358,4.182619335570067,5.289717010186863,4.83843172949242,4.498156947372403,7.434596963099971,7.2759154431446795,4.663023281032359,5.391060173258513,10.024873681312906,6.979287083558223,7.18166991094352,4.9556918092945645,8.060818054413048,3.1608170342582422,9.106152633076018,4.846609809455154,4.69217568337912,5.188461593488907,7.210526614899187,6.414821068875937,7.250117176222778,7.3736425214357055,7.596827528224397,4.700745116130008,4.752545327224473,6.000419214024876,3.50969021454326,6.382020225498604,4.719775403510097,8.130502687229148,6.8008310989092084,5.562874879058139,6.082484768289195,4.402854931660361,3.9514014258506336,7.072862756507484,7.153969120119558,8.47955094768933,5.533553197653043,6.160857432659866,5.184328831828943,0.0,7.44949016541885
ZWE,6.308771178575481,10.025566800120044,12.673007278534925,8.18376883121534,10.321371682858949,10.919382570893596,11.09530335521169,9.131635471668677,11.857324244713212,8.940654584229039,8.749675129826912,8.166269427812255,10.754509684834765,12.32861183319815,10.719064670993546,10.474637471215344,9.877956661306136,10.192000263854498,8.668209165518185,9.832910673884975,13.063984601582598,9.535128205583757,9.944317821976393,8.518863325205842,11.145832493272888,11.307767754725981,9.744303123706153,10.27849290006105,8.106839233452764,7.7010639289422,7.974146351517826,8.673779912879048,8.959753424606012,8.198586046073684,10.97685686851706,10.123327027496451,11.811948346385702,10.939129918085733,11.230276275834592,11.33224482745883,11.654693018959945,8.964692662569279,8.751731570944617,9.086610248756319,7.3958065791010394,11.110955444602775,11.126568605926233,7.435220509512143,11.179535992247,9.823822276838925,11.401172019503482,8.398565917644321,11.250034985417035,9.937652843984214,7.092571804939656,7.455347919852081,7.729711007271345,8.548063258839509,10.884651888385388,11.557237423874634,8.321262842610457,8.112640001323358,11.076870011710117,5.872782723752444,10.866569152552005,8.318965966858245,8.319854998102393,10.922574173053938,7.742740139774436,10.850361760186084,11.361652147197416,11.196887548462412,11.010347354137433,11.661000128704163,8.854774049982673,7.861910671099945,8.133750675260016,8.784937701122443,11.588156470174802,11.647965468288454,11.528299834468303,10.23097223644456,8.13286008299795,9.126046288568118,11.029649276308785,13.306692915342584,10.766604882413784,9.310194426376153,9.923947390070262,7.64244712436125,11.587410196050634,8.82968313101391,10.602801096006196,8.16126629640807,12.284083350358241,10.982440357084887,8.51340210065598,8.134623556337633,7.416216152194095,10.877823143112842,8.211536277398071,10.041214708370017,8.758838372705487,11.26948047418109,7.656467469740299,11.808473697731598,11.6387852631053,8.464656869388005,10.510494259132319,12.082616152823952,7.263246924881875,9.418812780875426,8.640483772704318,8.985882745462286,10.750203219128174,10.813518760434878,7.971185274150035,9.404849298035206,14.461655267882396,10.060790587563478,10.17170976535539,8.882130230502273,11.655882768013539,8.128478523891516,12.50125124960214,9.401709690751478,7.054714354390918,9.420675143351083,10.50347098281052,9.745045916107756,10.833668969583965,10.883815536967003,11.37069485276944,9.14809990635925,7.188170920165352,9.961804188088635,8.456576580596282,10.021200253940586,7.934497976016125,12.636960505246698,9.590480090313243,9.10224338589549,8.795187461023831,7.488518738084053,7.5738617800065295,9.903762714234752,9.961420139386254,11.520183725604241,7.960609114877892,9.27752267023468,9.099085520934976,7.44949016541885,0.0
