,AGO,ALB,ARE,ARG,ARM,AUS,AUT,AZE,BEL,BEN,BFA,BGD,BGR,BHR,BHS,BIH,BLR,BLZ,BOL,BRA,BRN,BTN,BWA,CAF,CAN,CHE,CHL,CHN,CIV,CMR,COD,COG,COL,COM,CPV,CRI,CYP,CZE,DEU,DJI,DNK,DOM,DZA,ECU,EGY,ESP,EST,ETH,FIN,FJI,FRA,GAB,GBR,GEO,GHA,GIN,GMB,GNB,GNQ,GRC,GTM,HND,HRV,HTI,HUN,IDN,IND,IRL,IRN,IRQ,ISL,ISR,ITA,JPN,KAZ,KEN,KGZ,KHM,KOR,KWT,LBN,LBY,LKA,LSO,LTU,LUX,LVA,MAR,MDA,MDG,MDV,MEX,MKD,MLI,MLT,MNE,MNG,MOZ,MRT,MUS,MWI,MYS,NAM,NER,NIC,NLD,NOR,NPL,NZL,OMN,PAK,PAN,PER,PHL,POL,PRT,PRY,PSE,QAT,ROU,RUS,RWA,SAU,SEN,SGP,SLB,SLE,SLV,SRB,STP,SVK,SVN,SWE,SWZ,SYR,TCD,TGO,THA,TJK,TLS,TON,TUN,TUR,TZA,UGA,UKR,URY,USA,UZB,VNM,ZAF,ZMB,ZWE
AGO,0.0,7.047142154961642,8.196743327500954,6.872112484687712,6.416882310124482,7.998492103592259,7.911663099456728,6.08964060736542,8.224622225754537,4.769844243713614,4.369669714440788,6.362946158073763,7.368991744952741,8.184964334728988,8.573614871352346,7.350452411514143,6.891183143746392,5.988667773528387,4.615727000743839,6.559949399091629,7.492863661239389,4.93351253018312,4.511846274199964,8.817458910377017,8.036390826234477,8.62871244014036,6.700459647095564,6.34645782866876,4.584309092404423,3.6917259937340514,4.366697166430196,3.288760346674535,5.670733644049714,6.106841250832749,6.204352017248396,6.4470025046156,8.889142901410239,7.7711763709415065,8.347575899776018,7.004241215403735,8.30248126159373,5.547326196458761,4.024388816521019,5.384450990407045,4.772448860444117,8.097593058464872,8.323016724466997,6.380255661622547,7.9681073484856935,5.984156678330489,7.964691473039386,5.740512244924269,8.269635385396171,6.961099970723801,6.194181613174501,3.285695632064483,5.261268871113616,5.326533457705492,4.874652928744684,8.425410335244353,4.874747516644073,4.373357049932256,7.511740280801092,4.865940893178648,7.43068891740377,5.071794794362067,5.200971147912008,8.003794864097122,6.5791798843864395,3.309338746559307,8.628755663689592,7.5327910127914945,7.694978685292637,8.98711057846984,6.500312102793993,4.926330516030211,5.4694241459278885,6.761898827829295,8.219274077605906,7.362491034622219,7.741572374029225,6.1148736709183185,7.447584835932782,4.556361616554812,7.675974336538161,10.29469667662062,7.966440223158819,4.532947391045328,7.096044795713025,5.234863372896159,7.685956433445386,5.944606431132205,6.9165797305687535,4.72419538283237,8.807554682871775,7.4846634885940135,5.4041846822385144,4.491560001264501,2.8714344224793957,7.102088655680102,5.329856847075197,6.269806363072852,3.315732047052204,5.080562779236655,4.86773440023985,8.448275512665228,7.9452328838118955,6.13114930797908,7.844390456831498,7.043225326902444,5.388633238972566,6.438607827366056,5.504277832879496,4.863514007744952,7.439136247295941,7.870685966872208,5.23160362368469,5.267587040560968,9.998630304688481,6.545027900241267,7.129769578139292,4.663319001872105,6.159857512934055,3.5023939270976316,9.692421450419657,6.036630665937639,5.577715559766602,5.342851770699577,6.735948857523172,5.60516670279789,7.71878092663305,7.825485442683453,8.006957512027983,4.304316137681001,8.084500709032241,6.718789031311036,4.574762964991466,6.864666276138025,5.208498278248098,5.829431568724754,7.590070856711133,5.122333713795665,5.804127428777189,4.565690817925594,5.707287287661426,6.697633511807447,6.810479018827482,8.6634593729979,6.208226797075254,6.101179331958261,5.180933928794184,3.358130557012876,4.309766754381971
ALB,7.047142154961642,0.0,6.798443310767622,5.1724213644288355,1.4718771246771096,5.458347132509716,4.682144219535503,3.9694926641224995,5.4790500406385405,7.109512533181263,7.440091723908417,5.887828880463642,3.159965962240458,7.106934584793413,5.376765477933111,2.921480996730244,4.261534693425608,4.142828173617485,4.399431414602454,5.049392819040689,5.955980215086705,5.0168612487710975,5.791347219210627,10.634477031170064,5.208560390607212,5.3461365681058055,3.6459061553246723,5.222224314357626,6.328925487647585,6.3257257803698606,7.704654057504256,6.006807093524633,3.6064238372752846,6.253210846894226,4.35985493867441,3.717279134344032,5.6079116117871015,4.2925905322528415,5.294619395357615,7.6779334959822,5.239064600420341,3.7089890882255063,4.299747896780021,3.7486479252878095,4.663355257546169,4.539496562911145,4.356933955961055,7.880753086033469,4.73706419070362,4.0135986925280545,5.248269354443303,6.877034751782722,5.463540506825872,2.618130774301366,7.750237873320385,6.917892510883398,6.6384718883723846,7.115500329585393,8.474685121435444,4.513297028146625,4.935191993961801,4.679028186814583,3.295029509510214,5.639544688279802,3.575682193397564,4.806659352223525,5.635017142620168,4.802295766250498,5.612836759694112,6.197941448830279,5.307148253264242,5.383764212261504,4.612971293825564,5.9856421106224085,4.415534635732964,6.193393262598879,4.412538885780621,7.599890978895832,4.867942025221828,7.51168413404035,8.553739437940733,7.290431864988709,4.112663290237659,7.581209601195979,3.3617778697097114,7.672320253716043,3.519121792389922,3.6578899784553247,3.6572328248000057,7.21109128954249,6.298576550568411,4.464440301930171,2.4795482740274926,7.882596290001625,5.662459883996941,3.408243577634997,4.657005176929768,7.480160623141243,6.225765546875398,3.5769663550279613,7.706887326611817,4.277706082584778,6.102203863535007,8.32288768565018,3.7547528858769468,5.602090790025141,5.298082799986841,4.998955680355327,4.353164992880407,8.332825382198378,6.249946861927338,4.757138135497739,3.8961710505531646,5.065897874125357,3.667181445260608,3.9228278839658524,3.3778998742283246,4.835349140238956,11.223381832506503,2.678765846799728,4.750073701770827,6.147846294903086,6.944185807587129,6.2148987154245745,6.877251743865547,7.806218078026428,7.353319724931642,3.9045301255747047,2.9232081649999184,6.0664813439191585,4.029396309530649,4.105077388679856,5.2222547942223825,5.459990582347732,8.222228441494257,9.368253354623215,6.547136724358819,5.13911839312034,4.430433965691836,7.767218813852155,4.937149614231549,3.331949876443528,5.2472160137123325,7.0303842544718655,8.152134981341725,3.499273411758818,3.628534211068091,6.174301356282387,4.166455704359173,4.736114702920641,5.346634366833128,6.536211701636148,5.975078302405283
ARE,8.196743327500954,6.798443310767622,0.0,6.715020032162053,6.481974217261318,4.732754938038364,4.3981847315792235,4.659847781401918,5.095932592655819,9.118283760916485,9.586238972220961,8.517421327739063,6.19245288580752,2.134285194929376,6.457952207202458,7.083960559574259,5.460102633352167,6.861981201503138,6.052755239282113,6.9003078055120755,4.3236098748300185,6.861540425052646,7.193836222640085,12.907521136934292,4.711106951129998,4.103223961982099,4.495002487477517,6.0562043583618195,8.816018245354652,8.335835378450213,9.381189581499772,7.453676372263087,5.895656031942899,9.413475746783014,7.4651156204353795,5.791432769959959,6.517300044599175,4.407940747337236,4.846270598492404,9.406104825074884,5.214646292154367,5.750234933459277,5.807020491017555,5.182054710184592,6.887585398225015,6.468093539029678,5.0966309637539755,10.40772609886972,5.126357316432399,7.004612116418358,5.974230047505802,7.014207324846755,5.5111070481644555,6.723327095182578,9.314280531837667,9.177042287124,9.44229217872661,9.904571185185922,7.03741064441123,6.919353919181914,6.871649086189995,6.654625553898829,6.2368833298818664,8.852253442001311,5.298081181167835,6.70816278939534,8.130344288306103,4.915129832478195,6.871228602460849,5.960859409768602,5.457220372607281,5.115825861121844,5.836820326092519,5.904616698039848,4.646994485201838,8.62784140203366,6.678342452180582,8.371560143104444,3.746815256651851,2.754503033684707,6.4777992193595555,7.272153230035139,8.287903629607253,9.525578088515099,5.532474671743207,5.871139279249831,6.040196689678049,6.368610618592437,6.632645139615038,9.337324973904584,7.441284996104379,4.985188755399013,6.539496040121404,9.724512261546524,5.564527174537785,6.493473608902667,5.616094354682299,9.72213588500055,7.875626329906774,6.01303611157444,10.437216025084219,3.6163051271368984,8.106162581316553,10.271552890668028,6.6442781023455915,5.257853204541367,3.919656851462469,9.027769132476118,5.4106642547744555,4.022514352750662,8.894858236248165,5.170487585447403,5.612189835289186,6.649609307198126,5.132686682267615,6.218228291880208,5.867722173835763,7.351822222896404,5.666885936460852,5.3248081811482155,5.460777424469599,9.495661818171357,3.6495084160715137,8.14016645060229,4.303473763183734,9.155395027107474,9.776492124694647,6.1502291836307705,6.195869952635531,8.907826667672909,5.158940298894789,4.944681352997924,5.274385253185635,8.67065235038221,10.834526517216705,10.627091238505875,8.73428489150842,5.479231430917396,7.675754174446986,10.115437246200258,8.256235022010054,5.846177210804377,5.686156291126978,9.066454747878185,9.510152648669044,5.8561681699690835,5.972677305522863,6.295608645485883,7.177009203640409,6.026727967492062,6.787863943686966,8.276353339263265,8.431396704634626
ARG,6.872112484687712,5.1724213644288355,6.715020032162053,0.0,4.463292448509538,4.163766293562263,4.690419020624949,5.327942111070648,5.309923020169673,7.480293686541805,8.566445166910794,6.400132065627632,5.1854177663215175,6.745695881338646,5.80991034400738,5.608954504466257,3.714686182103208,5.686500987541735,4.491596038334816,2.515256565052924,7.2693638053099,6.161320616772993,6.336187326924293,10.889908208620959,4.085214244896686,5.583456864372603,3.340651294344331,4.642347500631002,6.855664525801049,6.267927850668917,8.390060390165138,7.257673322921281,3.2787466046976212,7.249903299991069,5.637191155368005,3.5652838765279236,6.420466888647664,4.999840700587154,4.3432183575592465,8.687939831115068,4.956872670310252,3.594407009793652,4.394900234167778,3.9355880361872244,4.1220226109587035,4.669203986081514,5.333433199710115,8.17108243242122,4.427010444232323,5.412398501929109,4.354650189827083,8.777630838925948,4.166304359037836,5.222155988587876,6.178751997730209,7.424187195264016,6.870559278248674,7.990422677382214,8.65950972916882,5.572052994341954,4.961030914977013,5.585317336749206,4.76244096733695,6.158083891805166,4.829955157472806,4.798313263720558,5.742711805220525,5.740834731863528,2.964969002694038,5.988749138124452,5.29339126424201,4.0876230595050105,4.104244588332446,4.571331453149677,3.6238542493108623,5.969140505123865,5.726676529342602,8.577245597222884,4.668857799656959,6.7467646777740455,7.277022373189882,7.2460364644112785,5.595985364234507,7.81790385632177,5.322773874031278,7.6455923230381515,5.101621579546693,4.522106415033271,5.2495808285807914,7.199079066495057,6.811478859060979,3.727618655373256,4.770637167051655,8.398733810051642,6.056900855142,5.14521673891487,5.282635098788942,7.986737478960162,7.01846709270971,5.343388648640398,6.951152193961568,4.96919062367595,6.461887735610825,8.887501688593355,5.092999568962445,5.31178885992678,4.450830391816532,5.737873252790239,3.4750162895074106,7.99307546405386,5.804700183111092,4.858081452592466,3.9242056823640543,5.010764755602795,4.514233610116855,4.631776509804387,4.398046581404196,4.425496138525386,9.844994348511623,4.204753235673887,2.9935678728295154,7.061849549367233,6.072462850563301,6.528029398898979,7.375073774276307,8.279767967148798,8.027401509905985,4.771292421615905,3.9741435078815304,6.410511069407275,5.636639387133814,5.496910341464584,4.629728601982262,6.802960683566373,7.299938379027747,10.942951477013017,7.293706386956973,5.721952259463763,5.790511802110329,7.353176576145828,7.428281796336984,4.099976224545705,4.082365324136734,6.913983468540059,8.235685301718112,3.759935853683082,2.790486891694762,4.190576828100765,3.655259074542853,5.8465625402396855,4.318864938122196,6.438035121282287,5.678062262240169
ARM,6.416882310124482,1.4718771246771096,6.481974217261318,4.463292448509538,0.0,5.23173989721875,4.567205766977109,3.730948258851304,5.29319303785535,6.67612972693224,7.223023834407355,5.53171943834568,3.2103178171777036,6.778053863965014,5.01513357882343,3.2728778379850194,3.6027535192625155,3.6173267627412815,3.7572083566574848,4.611647994650372,5.997445111702703,4.733579016712189,5.143040881016608,10.430238002372212,4.929200748719731,5.15505458533399,3.2238477296445605,5.030834491530729,5.884439754889423,5.717755405302511,7.275651931239721,5.541736444091862,3.1861036177048003,5.952692578879758,4.061226547243682,3.221002533633549,5.46828476475096,4.184917792671235,5.10301316437941,7.195445805298686,5.083641727978459,3.049687766363482,3.838667309697917,3.2932633054909237,4.060192131149406,4.544002554479493,4.195755497939098,7.589561005395143,4.639051178423377,3.558215392952599,5.153845982213234,6.710586962601561,5.253193644713632,2.401591723261886,6.95259353362212,6.477152057809473,6.093162639815874,6.816908696838878,7.945288544913781,4.645458037682031,4.463928310435541,4.154938707672587,3.379766051146317,5.026611205815658,3.395599172813682,4.318815498072604,5.227475467275226,4.705395293831057,4.766069376022149,5.59311331754668,5.103398426524096,5.023571202230738,4.522166398058047,5.933980526937083,3.8425183237590597,5.6518257923986015,3.868230583898874,7.316237016330326,4.757103450987344,7.117262908292371,7.76087460216945,6.88523045838173,4.28103258043569,6.961257839620404,3.3085665723634907,7.3747574598979595,3.438705880481773,3.3772943439630176,3.3867888945718354,6.773855427842026,5.915737187318297,4.010907806946948,2.204508649534647,7.59423570042631,5.331912652922541,3.2189207736435184,3.9764470847919866,7.069525132732696,5.657044605138112,3.3225506742222652,7.102743887870975,3.931317557856272,5.401073613358258,8.073576856777805,3.0885845896348245,5.442758362671999,5.123777165180032,4.6269205387263295,4.017047454544339,7.87165073382454,5.845625454944594,4.147311028567754,3.4208512889818596,4.508458731506898,3.5687869639548913,3.9816307129839092,2.8000398363283505,4.16455802932556,10.65286514570839,2.5382060851195347,4.358515193905416,5.80580701140098,6.463784705383626,5.7880117866940255,6.6641444597385044,7.442440867450572,6.853370473343106,3.544405039129404,2.5779363469314336,5.490144290432044,3.940038826412818,4.1230556111060315,5.07062116912136,4.969192489773242,7.921434909573458,9.356635467234018,6.1160599962344815,4.992463065914782,3.8681068588315526,7.27821341127009,5.1971279606145755,2.734053618351139,4.678364055554375,6.49877547199287,7.724908350977987,3.043380997629872,3.0999027804907935,5.9050189272595714,3.46909161834535,4.513383939438319,4.581626660141959,5.7844638046759815,5.353899514665647
AUS,7.998492103592259,5.458347132509716,4.732754938038364,4.163766293562263,5.23173989721875,0.0,2.650782650174359,5.40289849427905,3.2804538402349066,8.66010535599865,9.29031951623428,7.9122910402230495,4.523721874560479,4.899440741224853,4.5523076834213825,5.0009874644987224,5.029369500622804,5.748379133336155,5.775912859912984,3.917383275418375,5.607734313265588,6.998670826177379,6.528951672263421,12.097761441348773,1.3926613482547356,3.3099489529738473,2.708565785792055,4.8701676841682,8.377208533101436,7.683318134094623,9.284608218025578,7.851915034969686,3.88409200955322,8.350415678277946,5.776127847517217,3.5587951699731075,4.447408567290818,3.3839756455209655,2.251529222257033,8.812987572284362,2.749635947087332,4.448871999175337,4.830738485659787,4.310112104714729,5.6604186984243885,3.2357745760776577,4.03106226490994,9.718569800702994,2.4393090629727223,5.910727634375174,2.344601793853082,7.695884691516293,2.0528319933594816,4.778460603458888,9.22336228778603,8.835953574043941,8.391269935648882,9.02574496387419,8.621182135914758,3.6776953979309255,5.876689386109962,5.961174100121459,3.7410749987340717,8.001436291882678,4.067799778273824,6.209763520029457,7.261931842103715,3.9944599945178183,5.8035600724125604,6.270389036687419,3.544825910613571,2.0153580040535926,2.4979770296804378,2.0747715273105003,3.96977149129242,7.54703603050111,6.222793518852799,9.354367735763688,2.7976953976943384,5.370119576682831,6.448532544320652,6.89355253534833,6.660739669586194,8.885241448750147,4.339236029890242,5.57247945524696,4.24020378335787,5.139698994606285,5.678237201935423,8.574517921564723,6.468677692594645,3.606923128393412,4.8712188236004215,9.434129703492589,4.569899084156583,4.444406734077722,5.560300925356519,9.13532422885179,8.224676112443472,5.086689335540005,9.203822388122108,4.04525375422835,7.216361590220578,9.996655231078591,6.0866403795837805,3.1777177412244857,2.4354572119177127,7.653721100574379,2.2266361242465766,6.34567419274628,7.63614941462791,4.811084315178976,4.483583017594533,5.8016291079143505,3.1006980039247867,3.587206353193466,5.39591836400691,5.289827740748759,8.615654774167552,3.9951312773848837,2.7847386649748773,8.357765479180417,4.73620611069007,7.484202935606464,5.326335286436476,8.758424781545195,9.70925499430781,4.978295776450394,4.33915952713155,7.342067082933737,4.21511735688872,3.913756930577651,2.4355259991743474,7.9810371413945385,9.343026899070482,10.965913327343983,8.398620581723302,5.551788554632459,6.9113819383372235,8.68292496068636,7.029552030027154,4.5617327008311515,4.566432068765747,8.702543533582228,9.456140097726408,3.8820506238910437,3.856193504228913,2.449005669443385,5.686922861536472,6.483677807026088,4.867934023406649,7.986394332282749,7.215868778545873
AUT,7.911663099456728,4.682144219535503,4.3981847315792235,4.690419020624949,4.567205766977109,2.650782650174359,0.0,4.943500117540415,1.7635658050953844,8.672432375590178,9.196410399625577,7.827767898171933,3.213228929238698,4.364259010804115,4.061515684000988,4.014319089808243,3.9155280989229233,4.859782482450555,5.369292710166164,4.688475598814579,4.851883449713339,6.079431607112697,5.842974409713828,11.799070180282058,1.9393429279845358,2.171026956429547,2.6716799305770516,5.284835276024266,8.323997214976304,7.743465825872431,9.315630286858335,7.446501131856539,4.2404544145372025,8.316030439163443,5.05838216738005,3.130870390468028,3.5351348752133402,1.4663678040161403,1.775274159941727,7.852595856886342,1.6515885080630328,4.394732478316269,4.930043959193587,4.100102428065324,5.816391865315605,3.077259804093467,2.241386529841676,9.811552385671629,1.3420212341640367,4.839298024009568,2.418179472048558,7.765959701893906,2.2626966892628353,4.083556479625991,8.93312109390606,8.4520526714462,8.48996761809086,9.056506728259102,8.378871830285789,3.5449659979166634,5.784997806924122,5.373009307360039,2.4938045814444116,8.003367206431058,2.1951102280922132,6.263777514078591,7.239889624253131,2.1486029790552985,5.742524194678394,6.4904481374671645,2.9572432549306233,2.555919719911426,2.453036210720292,3.3476204153160056,3.910103062010388,7.464610063903664,5.427279536356785,8.94492046344294,2.219732718744856,5.3845476216487596,6.970955272576018,6.388144075211555,5.963120026684236,8.077045498958784,2.663010874102518,4.497000184773237,2.6179278694424735,4.848144193733863,4.680382401781183,8.410213368449611,5.5858681016753255,3.740512148096919,3.7816408425138732,9.379913878907423,3.341573549675665,3.3395570863526065,5.3773084069225945,8.744414561988332,7.861950154552736,3.520567390852786,8.951523464845026,3.416498008318995,6.7127270503915515,9.979563363790124,5.3551133173445775,1.969626278359135,1.9324086655075423,7.643239923925609,2.4664023003788103,6.543359029835726,7.871487257270364,3.9727594177523784,4.6298218904533215,5.930161017688438,2.0393021061787935,2.4841921249724037,4.9854335731975885,5.230176928950631,8.92722438520647,2.962598202572518,3.1171540967492515,8.257234851836794,5.0992549186255935,7.430708039095873,4.073989920429276,8.31985852195831,9.675070759494012,4.379970148376169,3.294168063147522,6.953086281941557,2.1983799899095904,1.770025635231623,1.7495633534363357,7.2094205790258,9.020687227931946,11.038409111944963,8.091913895356484,4.643805790567362,6.513295359059225,8.056097063649762,6.1999757146753485,3.900272199196312,5.087289629868513,8.692971140732242,9.602699928361437,3.0843753541076113,3.826471055469985,3.979064594945542,5.847153811125931,5.675540209536684,4.908388289567006,7.685297139164071,6.830231344045899
AZE,6.08964060736542,3.9694926641224995,4.659847781401918,5.327942111070648,3.730948258851304,5.40289849427905,4.943500117540415,0.0,6.090802554678729,6.80172844665578,7.008709104290197,5.8277728751209,5.031259034094314,5.403456918404227,6.5835895154859445,5.416578114805532,4.340010760530026,5.406318982817174,3.5102939692100925,5.3762044475693616,4.6145318296468085,4.701931529144076,5.566705240694281,10.91077988911677,5.237556872669395,5.333085943120824,3.7658657999336347,4.238869386823315,5.922418326584192,5.7215421226471666,6.661239664205653,5.006694391502321,3.696099811940966,6.954912103487292,6.094055509158954,4.824175527089276,7.166958585364981,4.622876275947538,5.324624419631108,8.6973234031668,5.854835413238602,3.765845006585578,3.818905408610819,3.0529498320528448,4.199175891929041,6.128452747468189,5.2558645335388725,7.797383938374346,5.371501294024506,5.132833261228469,6.068743702133741,5.719608092854994,5.869367448927676,4.859224656114077,6.95212588887613,6.532188022227221,7.234546106665592,7.352441552369896,6.348107608438519,6.555377628555826,4.93151766039488,5.039448793106719,5.145544940456386,5.905349823565403,4.605309243532054,3.7142424515480053,5.358629850005047,5.552364127137503,5.293119824733509,4.402219871625666,6.101281160977028,5.663811385278472,5.630258154133901,6.162191412692848,3.2960392794693765,6.124303077355477,4.4143492874488235,6.596667640839686,4.342515395865679,5.198286786095752,7.791520557654822,7.118288047620479,5.391260427194983,7.565347450340465,4.642221839457024,8.156241792958753,5.170577909553307,4.005440848696263,4.300061125616787,7.042447483131649,7.387217359240545,3.945407027219316,4.783419628038364,7.24136813257948,6.556203819883664,5.547340684572989,4.1402281580889895,7.463940698080141,5.569089294117837,4.831178402600251,7.908936923949457,3.220991235868885,6.242065965886813,7.616147114377507,4.345578718787194,6.24875241405015,4.662803198188322,6.255945483901478,5.170530029814505,5.992598117394707,6.081118648317845,4.754620118380855,3.378413734002821,4.316466621710258,4.36775865813043,5.678111409853608,3.007885959234325,5.809238960629096,8.57485662560992,3.338677168438137,4.470098220612784,6.698443468430409,4.8201290197470295,5.9860833998703,6.742384840818984,7.767922261405459,6.797480057552341,4.42878402863711,4.5422012930366,7.3690800768866955,4.860083712828901,4.9228914006768365,5.75132409018521,5.73412572705384,9.08747146280661,8.245668882720492,6.285248911294659,4.396136023184849,4.617166837407567,8.294341458680243,6.2887031296964695,4.180635722159682,4.642894066043901,6.360372437706257,7.241338664456117,4.511410034814017,4.595407757421035,6.390509231291985,4.318875394422607,3.6295750881969635,5.391890725399346,5.923241529234327,5.935092705880775
BEL,8.224622225754537,5.4790500406385405,5.095932592655819,5.309923020169673,5.29319303785535,3.2804538402349066,1.7635658050953844,6.090802554678729,0.0,9.149173959361505,9.70794970169627,8.652710936381178,3.3906145677703403,4.694435575509148,3.905526442355872,4.362227277966415,4.657056928341145,5.247662100553026,6.084048830301865,5.227367259805437,5.60117010046607,6.929603584562257,5.847337723832951,12.287895299582651,2.516885777812982,2.638163758586653,3.474036716632415,6.1416082181640475,8.838592207336276,8.30084185166542,9.762390735917784,7.958167423138106,5.027505153198267,8.91918447085935,5.157476625415978,3.6537432658892843,3.2358252649392285,2.1853485523791014,2.3911600348048476,7.2091043091958555,1.2566649972048776,5.02034408292044,5.547468075034118,5.045875103546897,6.634620889312432,3.093721856228803,2.5302613156688762,10.411349717463764,2.077483100733745,5.177020382898404,2.3597883960674544,8.096301203246881,2.3530820304921316,4.368732391830936,9.607903409769348,8.911852541160446,8.83083938567351,9.577206765007617,8.891390652442283,3.4097094779939865,6.443931137776553,5.747904518329875,2.99171105571466,8.617880907558488,2.477353035510516,7.192526877122213,7.934024463079491,1.8932801552547107,6.4923579576360195,7.035490097865888,3.0456995276308603,2.5674919258963267,2.9580719016201615,3.877436271337956,4.866681681901169,8.111334047702663,5.988124327051464,9.706620260516706,3.21954388554692,6.028042431429297,7.013073187168171,6.567611278561808,6.95333641527544,8.169986003412665,2.961742471519287,3.6776171906343627,2.7898343101929943,5.35433158962102,5.541076962191516,9.004221566124821,5.4901327040388574,4.420195720139048,4.118232591782303,9.969872225232027,2.7606986361317927,3.4263063634731297,5.941714222229662,9.00559224045162,8.368554174282593,4.085461090815314,9.444152002887714,4.180255056340864,6.864825277812696,10.628775733748013,5.944763284588155,0.8286280014772935,3.1131908762613985,8.148613342459345,3.052290873900825,7.061521972473825,8.588322661701806,4.394774652254928,5.468905093201054,6.66912233024458,2.9039849692926034,2.8348264432111216,5.838754285211774,5.153379780549544,9.501879303645403,4.067836039935309,3.918001699993747,8.824226013005974,5.70078358326332,7.9061546929247895,3.7003525510313833,8.781536351343043,10.286265142650123,4.939765916217172,3.8793683772478063,6.892672957822911,2.510188205120839,2.5542736561758232,1.7225152908264254,7.680721846668371,9.334666301950163,11.726092172531231,8.59254637184575,5.5966834683726665,7.242808339572787,8.273975914017415,6.857853368164685,4.232275258325934,5.557460788858422,9.396332591217222,10.332583810698788,3.6037647599360945,4.406731065241918,4.3370849729370295,6.742122781872785,6.638035534714721,5.038569974166941,8.151468544872582,7.334516424841018
BEN,4.769844243713614,7.109512533181263,9.118283760916485,7.480293686541805,6.67612972693224,8.66010535599865,8.672432375590178,6.80172844665578,9.149173959361505,0.0,2.3156776530267598,4.395749772202902,7.906587685349652,9.050993600929985,8.57092256800599,8.038685002864627,7.6872487103365295,5.45901647395281,4.257129609170559,6.87099115082005,9.268349141335356,4.889105480993867,6.532122245873994,8.59549174955482,8.95154670966357,8.961946268735867,7.15977635731296,6.921263349941132,2.076216873605998,1.9014466081225025,3.6955317534875576,5.769735905514492,6.204577125289679,2.7463645568265584,5.756670209256034,6.652747453467167,9.156662760919835,8.787112517498777,9.162114425009467,6.945544054716861,9.150322023819964,5.425112249803822,5.462216902526124,5.42900903596738,5.534793448511779,9.025048343444887,8.993173834423278,2.7803640071436186,8.913225709576782,5.2968437653207365,8.71213668263932,7.481272870509716,8.906996082912203,7.019587647400135,5.456154188548754,2.606936794100069,2.7821824802216364,2.267040083269232,7.1505659546565035,9.03584654526179,3.3968589052970777,4.071024144495741,8.260121258945134,3.5534459047565745,8.248760621898956,4.976017249064152,4.6434631467628575,8.892637571070482,7.677033564393203,5.647501805582997,9.214962638239214,8.2536347673876,8.439813175186954,9.48221079566977,6.8086039349901215,2.592233075220018,5.081214721233867,4.424491286442494,8.7936105684324,9.038405072345466,8.11084956545331,8.789744138541332,6.736863074005644,5.97792317160222,8.355941251629242,10.553944546376291,8.404715417887326,4.881093867252405,6.125293907434546,2.251447352127567,6.974595721670603,6.267160949180068,7.66032279573285,1.964119940240467,8.94123144622565,7.901683351717139,5.422678284731185,2.7281255574181067,3.543380468601535,6.866341137077833,4.176069043369594,6.851185576236014,4.899773738426164,2.7438678582804696,4.421031929656847,9.290411158726998,8.958185339923672,4.225971146953449,8.189630253944406,8.80034418749833,3.241760195711201,6.08247180516002,5.376647678694361,4.045976022897602,8.282610287990675,8.433656278569297,4.937762966567901,6.179488445184469,11.321563022315884,7.018443082115604,7.865030784444435,2.9322778689921853,8.320808053447786,2.1442152363559486,10.032108490349739,4.510269775299605,2.948467642717977,4.974253041693694,7.862283095106347,5.047897865569205,8.67209732720862,8.707603367196418,8.995063396554416,5.388613166595615,8.626423335825342,5.274806651152472,1.4021831862920793,6.449302862735039,4.395275230872842,6.021135963017399,6.22925472651815,6.097369313330615,6.494567954311441,2.4737239466008782,3.2640885140811475,7.113302885410949,6.871281731941431,9.002887086347634,5.516114961947343,5.4161036319740905,6.497315324774066,3.126935962893572,3.7179962518329854
BFA,4.369669714440788,7.440091723908417,9.586238972220961,8.566445166910794,7.223023834407355,9.29031951623428,9.196410399625577,7.008709104290197,9.70794970169627,2.3156776530267598,0.0,5.30496445552148,8.319869558006177,9.649433025698482,9.40440855628739,8.1520283308475,8.557971914563934,6.15881113197185,5.1646358413603375,7.657588257306504,9.124763302502965,5.170398912572235,6.574991817192661,8.31097400340037,9.544452940764954,9.657661566844828,7.9011943983304995,7.202066397366104,3.1266753801884453,2.904302550443386,3.1996709051285706,5.209387281036002,6.740636981052219,3.967765349072041,6.411243208295543,7.452470294657757,9.6989497204926,9.202667113090103,9.744938124391213,7.38019858436319,9.722705677355046,6.361376809412933,5.623937541693275,6.088263019663454,6.001329578880311,9.435178275435344,9.598773060503836,3.700638041392478,9.419788142305048,6.102226468772581,9.236621016255246,6.742867014593978,9.572311411857257,7.48464058515111,6.8846719521033695,2.36985894142785,4.172226822094037,2.6234140973398286,6.819281438799519,9.368618788208812,4.510168777004684,4.582302719390788,8.588439661691456,4.459629082036954,8.71816220092513,5.508510029626671,5.010406645842084,9.366130984224679,8.587962997890124,5.539484649232576,9.95823742754914,8.998630072883222,8.921421168369703,10.089583834357125,7.675743381475429,3.7836336706107265,5.583564225637893,5.147103315055053,9.380690796630715,9.32644551880756,8.906595303818007,8.555540260949833,7.24381628016774,5.8359134169320335,8.811912010869202,11.429481927379033,8.972640541542512,5.144295021703531,6.90722236996976,3.2032016313641987,7.855527757972749,6.947749488945469,8.097002448007409,1.5949595328674133,9.8182098848912,8.444928603671395,6.2085829520825575,2.710391718757875,3.676332453351522,7.520325994949667,4.943999302415624,7.337659586927564,4.966531939936296,1.942852044527781,5.1504584656684145,9.872032258373881,9.514761423923876,5.320844562718785,9.043692122807688,8.79533208574109,4.251783327992945,7.165324994258301,6.12177858953432,4.814818525916729,8.624323444822567,8.913345229539162,5.728576689211752,6.791961204000846,11.728865966846948,7.4184087900157945,8.504749920553005,3.042139324003079,8.403779977070123,2.5251017341000295,10.779820925658377,4.848338621664358,3.9916111406882,5.610965633500065,8.272861782165537,5.962342077735205,8.969323765821779,9.043206066738746,9.519209193549331,5.2802721627245415,9.20250319447048,3.789104916023046,2.4550312945083865,6.948417376109078,4.83590404429555,6.317144184346912,6.469307150518653,6.563459665871781,7.2471225747533365,3.4070351839190782,3.9352413352326248,7.7299253341619005,7.928823616692934,9.767946161617335,6.52888927254316,5.870590362624779,6.963236405864747,3.812718357222909,4.394558873545296
BGD,6.362946158073763,5.887828880463642,8.517421327739063,6.400132065627632,5.53171943834568,7.9122910402230495,7.827767898171933,5.8277728751209,8.652710936381178,4.395749772202902,5.30496445552148,0.0,6.959968967499242,9.11456200479289,8.14443111826785,7.180721466746528,6.420056619137861,5.966832350222996,4.495870958422838,5.799314985827346,9.278303472175022,5.398699334682919,7.2849494244185715,9.91294932436805,8.001501800927425,7.864377224948193,6.010029268048635,5.351573105434417,3.8139850216603586,3.9156386556953753,5.4600270894649965,6.434152166918029,4.937013481901047,4.626323995538731,6.151670757742545,5.974573208973602,8.78977041507218,7.903317078805953,7.99509936038853,8.112887670032055,8.725968327291396,4.457625361561801,5.336993319241993,4.67183974806358,4.239695351221481,7.767972894006729,8.272835748873547,4.22978724400395,8.285436887193438,5.864655452659634,7.923451190578712,8.491584614844866,7.932003835563331,6.304257046244283,5.002200030477318,5.108430196258258,4.840769273804894,5.6367544877966465,8.49131804459277,8.197092853192583,3.3613250794582843,4.6736358440488015,7.435976817347985,2.9159499561069735,7.379384747472784,3.1546460338810944,2.575830541313893,8.099176401892324,6.016429440808861,6.2742723997868195,9.16143669078338,8.006783897292346,7.223302386931686,8.23349853571568,5.621767416068463,3.212438017316825,5.450226114726432,4.607633995936521,7.458077752379428,9.08403145338339,8.724377547021,9.09938600875126,4.57634778366269,7.611077543979979,7.4739504826404515,10.405025261652584,7.600403853100604,4.85921029555885,5.508209947046066,4.517803748555427,7.548024931494263,5.042695228958789,6.8263489803241395,5.343908563597698,8.718143442868316,7.540626390338738,5.624993879451132,5.756258747673491,5.002680718604085,6.064926622949703,5.493815055291757,6.223757819270535,6.382253738737325,5.772761215164371,4.279232942275943,8.825797309583209,8.28420890350991,3.1516550419319356,7.55341115102212,9.476200614163139,2.839410173339051,5.390201927847869,4.356926812240519,3.2635111482954953,7.025201847761188,7.233111281532052,4.295240012585658,6.8352591150164805,11.820019967112032,5.591845285161823,6.699443779580541,4.024020584861172,8.495510657747698,4.361171607026278,9.20083787628954,7.234570030487584,4.05898600062711,4.887430105166903,6.77230372597889,6.7642231958601675,7.775687685450447,7.937556327365867,8.503555431184036,5.909978139138813,8.454179842917526,7.664155011249836,4.2779634123989325,5.656323036909,4.478541467961751,7.956809668904516,7.191532417557625,5.595533878528524,5.759947273847994,3.6051150512294474,4.513526073476955,6.163973571672683,6.03578924989144,7.626472125849527,4.382776792657613,4.2485985165272275,6.039343573862497,4.204624472299905,4.581503893466668
BGR,7.368991744952741,3.159965962240458,6.19245288580752,5.1854177663215175,3.2103178171777036,4.523721874560479,3.213228929238698,5.031259034094314,3.3906145677703403,7.906587685349652,8.319869558006177,6.959968967499242,0.0,6.1536713776835485,4.299253699345081,2.5159944612983276,3.837740112033028,4.267892612112231,4.908526248532111,4.9387950204881985,5.530715850545333,5.685827067675035,4.942117673225874,11.05411222632467,3.880860296071521,4.049375346436042,3.215920416971493,5.5768625911627545,7.292410284735919,7.025865658064442,8.450835599941353,6.484572292604742,3.9972976677925054,7.481945403114911,4.011517028407372,3.511498275314854,4.359216099847367,2.668973712080558,3.717342908406605,6.650036127821743,3.4966921746261006,4.00658360119511,4.773800501521566,4.158355084930981,5.672330339139742,3.319389426957908,2.818318172193022,9.096198506377377,3.4928401694092117,3.850463212071476,3.8235539619655756,7.170438105413054,3.997399228412675,2.778388896501083,8.605919148832392,7.552632429832359,7.603697570332191,8.149061330604708,8.594500220805502,3.218050664235776,5.436601587951098,4.762772286660857,2.301494643002157,6.828089359203057,2.0812024472115183,5.803862882208056,6.429609632466743,3.1521869016302424,5.965329374526349,6.6897022707035205,4.302568887969169,4.250810424355287,3.532808558797467,4.779230540316051,4.521280275499231,6.834157127596901,4.994335900469546,8.633386124336548,3.7660666083644885,7.092968828684505,8.46435131262651,6.335260109122988,4.8129521823875505,7.293027981271409,1.927873706388047,5.972417293307976,1.9827380870384423,4.250430910128729,4.189132697691594,7.864323569456123,6.043067446152115,4.013745471421667,2.595061061234075,8.771486629241489,4.14096764574639,2.8192508328767847,4.735156647059521,7.881734642248618,7.143476445609538,3.0317118209905414,8.38315008451726,3.964055658739923,5.971619662711188,9.35107175602054,4.357105669764963,3.6069943415206804,4.4519461835350365,6.219127853175238,3.6526479384073602,8.23715003978367,7.244250525542241,4.081053530084426,4.284490686988797,5.6805122691815635,2.420267956921179,2.6926024061858866,4.604884939588957,5.024463357046108,11.064187718772335,2.3659866638659417,3.8931648884902725,7.268108214120037,6.66979886275628,6.838999269263099,5.241032986783473,8.303593236753208,8.598074323128888,3.7559560811932085,2.630811607683744,6.031633397599112,2.4523524522100852,2.946469874515311,3.796312016040192,5.872031415536874,8.417105888896698,10.333936460701338,7.195071293852195,4.999930830808859,5.925856129612627,7.669459471086028,5.471946353333512,3.376593760581237,5.633761242088423,8.127659496147817,9.29843985510204,2.575673320426886,3.7678615906053112,5.088378550255979,5.484257811187013,5.549738993531828,4.387737167027181,7.017375324077294,6.043337417257943
BHR,8.184964334728988,7.106934584793413,2.134285194929376,6.745695881338646,6.778053863965014,4.899440741224853,4.364259010804115,5.403456918404227,4.694435575509148,9.050993600929985,9.649433025698482,9.11456200479289,6.1536713776835485,0.0,6.183205333006331,7.124467358583938,5.53098234695084,6.5804199215496695,6.022349219665107,7.038936065856259,4.32439958572011,6.650976816392295,6.797086128245573,12.850325936225593,4.906299683135591,4.322249121082131,4.718803888347064,6.794817703661249,8.910500859748307,8.380186559328315,9.511410503662944,7.6961882226144285,6.225612353828621,9.345307259353467,7.0043556838634915,5.647795886710653,6.365990208286323,4.449653023159559,5.087357871908273,8.752476470498987,4.809342915096969,5.840591628309542,6.051287596344788,5.326029574563799,7.42892387836559,6.669467389306868,4.838071709828902,10.645257626610425,4.979382164053031,6.577966173451828,5.949895500243668,7.315281403869849,5.561686797882545,6.850736563328348,9.339844312140476,9.031548832849227,9.328676051015634,9.771075808335013,7.225328766432776,6.996929426968355,6.914080907135352,6.545408692300137,6.2379360419833185,9.128366578062762,5.273224326082443,7.377447878788238,8.77723267344171,4.817666052163313,7.255743406330367,6.27597898429058,4.7300023624579035,4.732943447418217,6.105443973009268,6.070823739965728,5.114823889731506,8.754714571912917,6.645116632137257,8.754148887385986,4.204205415819871,2.842160486314421,6.605155788527191,7.162403497546533,8.55886469871758,9.122417010766075,5.45083711319501,5.233126123773919,5.8294375481695395,6.469991322849704,6.581206206820315,9.274557773195907,6.966326791430784,5.374877494724796,6.574202191759941,9.723648694576314,4.77688622680919,6.236781975497263,5.615694793088471,9.490096002888649,7.954425365428277,5.888055250373682,10.28202676036521,4.0512955007063125,7.847744027894296,10.286980246783495,6.67088324475592,4.900167969486073,3.849831538649278,9.240495399552527,5.2452893627357655,4.4107366770836975,9.18671811185426,5.019925171069623,5.891012821095317,7.083786491008503,5.550588614720051,6.248699768687064,6.024068638342066,6.95031186191227,5.9673637271406985,5.75297803614488,5.782138043145776,9.657102239056385,4.19986116182227,8.096014526614894,4.135982447595099,8.725332354507461,9.926193326164492,5.935472963425734,6.325603215419624,8.206064623689329,5.262226594159698,4.945498830624643,4.977352352826846,8.604440826941794,10.78029011613825,10.87064027057288,8.604526654070769,5.705401337075905,7.94991068717689,9.42271364496789,7.8648971415488695,5.842759177291456,6.102224165330567,9.313895330113226,9.880131406123136,5.999527784415112,5.735035803901008,6.695650482941736,7.5349381648405185,6.5649449687988675,6.93916305291471,8.317282562974333,8.306913102679529
BHS,8.573614871352346,5.376765477933111,6.457952207202458,5.80991034400738,5.01513357882343,4.5523076834213825,4.061515684000988,6.5835895154859445,3.905526442355872,8.57092256800599,9.40440855628739,8.14443111826785,4.299253699345081,6.183205333006331,0.0,4.968864415541258,5.779149964310198,4.396063988943384,6.478470592745928,5.806780635123808,6.63010450841071,7.132120344449416,6.4272247876917925,11.340594260598905,4.50273275274531,3.7182049380067554,4.2578269240774915,7.589682170328064,8.405387493892984,7.841423286496691,9.905033014955514,7.895194771409509,5.403232999590264,7.54657666948195,4.21946173280797,3.7720599550955636,2.715530330640177,4.627749550189248,4.7680585034754515,6.565328721830224,3.856046362711366,4.595432834904014,6.235763145866991,5.720984110668439,6.584166193937554,4.198693667969037,4.0409570915970985,9.989680404444572,4.101714447303318,5.069761531649297,4.297472660963842,8.045666192243699,4.149733856180297,3.9812187118292948,9.55202520667245,8.816733230266347,7.465980428037068,8.716140466595352,8.90931880397326,3.752926244969669,6.105395528576156,5.874967366793911,3.847142594222786,7.5334388919033985,4.4025050863159905,7.576332400265527,8.242433122132539,3.7375205651949894,7.0040442635645315,7.665050141976035,4.262862646545071,4.020663835982484,4.292710830780977,5.4535071297628095,5.28068340397812,7.689508123228748,6.491595354063504,9.621383054850202,5.337201647433882,7.2897828610823385,6.517994303254882,7.2735947200304665,7.1409374020119,8.267661653269515,4.144833120436368,4.435747731958432,3.480176580513356,5.9135417396307695,5.851456385537755,8.769607886949201,4.967312730910497,5.0295569845445405,4.228780460511341,9.670323000612088,3.3518647345801105,3.3128965113994973,6.350003194681879,9.08796160884879,8.124288058439243,3.920333269613049,9.229005604684833,5.73493289629056,6.742774860073861,10.401218155892034,6.076107564765811,4.2097399196878404,5.006570472953604,7.263291199477499,3.8848247023174323,8.047248525206477,8.279251909771558,4.404386123032977,5.802105509333331,6.768343294222026,4.5845176381201975,3.7172800887401687,5.932105539609955,5.0625624229724915,10.3955448528724,4.907847175456049,5.3151998808732195,8.090857468834344,7.221021415390816,7.568063987721933,5.068906616559581,8.8755824308522,9.490013848851111,5.120075999938259,4.738891852457139,5.887125455236351,4.056219458083991,4.119699229986289,4.096528970515329,7.205281380150886,9.013038741150597,11.413043696051613,8.156269617554342,7.093379338793409,6.944856693630035,8.662271151525559,6.370342681490909,4.688974990573735,6.238515289723483,9.146739002930575,9.760371667506584,4.811949267237094,4.404889644833269,5.099282919840156,6.720977520027969,7.534766329477402,5.077112906582491,7.765101964262326,7.040452146398642
BIH,7.350452411514143,2.921480996730244,7.083960559574259,5.608954504466257,3.2728778379850194,5.0009874644987224,4.014319089808243,5.416578114805532,4.362227277966415,8.038685002864627,8.1520283308475,7.180721466746528,2.5159944612983276,7.124467358583938,4.968864415541258,0.0,4.867325687126071,4.2789028139875365,5.5480066585516905,5.053238430347531,5.926081235420977,5.538839469094474,5.07732653504707,11.290490525007582,4.557247344348482,5.231445833512354,4.0825265246048765,5.504176086695926,7.484084354638407,7.283076811218797,8.474723064580639,6.794294825331553,4.189909739108146,7.310545351252075,3.970480611121118,3.6529131239071244,4.580879935152513,3.7444945951905524,4.744267794454209,6.8795390203699025,4.295505532763508,4.5496802547115465,4.67528200584051,4.555163210926247,5.532637387991611,3.3583023680033897,3.691174451911757,8.938003855962537,3.904773561245825,4.302873489030518,4.22794837763674,7.40897041215772,4.72069324093669,2.663781659499358,8.981292567664209,7.480369801347703,7.591066813816327,7.998145144889284,8.96506042741737,3.056103091494189,5.737946179538322,4.937602267028943,1.9554150769636436,6.843416733981273,3.041056045595233,6.083285097408763,6.427396471560482,3.872967064848945,6.223202943225422,6.671910561849923,4.855658158215437,4.876847734719822,3.696835413346598,5.450241580526632,5.075174792476808,7.0460835625043705,4.982728778173616,8.908348243554263,4.876544615898391,7.670736585875492,8.632017730261984,6.7967394154552485,4.9218192742591915,6.984121075939207,2.9110398462890172,6.886472618757464,2.891401118280516,4.064248613843892,4.445918478314758,7.97482116907993,5.673477962192974,4.877145231704817,2.0402643534488663,8.749797775759506,4.976699814568935,2.5579729305819354,5.278651352249086,7.803151420247473,7.222749322939559,3.273543436662083,8.059669234266067,4.845546125830487,5.703451518929809,9.22233880129421,4.773916603802207,4.582510333068385,5.155665642532005,6.275700991350431,4.292936731461171,8.449989934788233,7.294630851432507,5.174617344450671,5.0313868056117075,6.036552436238957,3.0286736013477893,2.6166074805963055,4.875511908044091,4.7677512681784355,11.55630771067576,3.1638151284957075,4.566450718167657,6.804153180684199,6.944039175194809,6.834098889697499,6.64934005951129,8.058859365743482,8.710533172122176,4.232478291244452,2.248783422642985,5.926518623669278,3.0923749897592,3.2992395608902063,4.383182547721657,5.526524125765705,8.623666167416935,10.391006424796107,7.407320459390878,5.647563662161743,5.635016239014581,7.266292147703677,5.436562644472275,3.312051507645288,5.564986464702392,8.204571194409356,9.382197169022902,3.303988608791198,4.336769107232615,5.683228284549401,5.447423612425056,5.9417802396061505,4.647184109731239,7.242354137585458,6.253811215240926
BLR,6.891183143746392,4.261534693425608,5.460102633352167,3.714686182103208,3.6027535192625155,5.029369500622804,3.9155280989229233,4.340010760530026,4.657056928341145,7.6872487103365295,8.557971914563934,6.420056619137861,3.837740112033028,5.53098234695084,5.779149964310198,4.867325687126071,0.0,4.972167642483583,3.9168468567474384,4.902569318064331,5.940123694953065,5.081562030985377,5.637087900655436,11.024269486928821,4.409712901556094,4.752255280868494,3.337677516090395,5.090293426508759,6.970943074799727,6.6322145133505,8.324909830453196,6.457609924749691,4.209868674451654,7.565429042108856,5.4400501154222445,3.968839054687459,6.051894422550525,3.408554079084195,4.2722622457516275,8.016859569659394,4.703755675453111,4.008091053631745,4.696960645544689,3.7297042444391573,4.860718499283607,5.100983698652865,3.567654001085113,8.627884184561363,4.166815607709311,4.4416880103303455,5.133900272040338,8.226050032622569,4.874948841713854,4.713196403963407,6.174129819155561,7.275589821234096,7.438987097716497,8.349907002376769,7.929576197153654,5.818268575026076,5.249797045050918,5.009625681519722,4.297584971380003,6.422286862990255,3.245961246646001,4.832296754489125,5.98112992381448,4.421692436683759,3.510048882671908,6.049184108697636,4.78341862266999,4.734339610866706,4.690655921879645,5.616944270775454,3.1968284965495246,6.361965651493657,4.81114270474928,7.654360601493277,3.7854664147799855,6.0749984166082385,7.85603604229309,6.59154142241762,5.100008603286474,7.257731991810643,3.6883644456086175,6.624024242681353,3.9446945581386026,4.613314636454416,4.255751471683816,7.4171198863422845,6.46388593537315,4.059189651125809,3.838580544290208,8.544725047450854,5.209372796796514,4.469217733939002,4.148204110078058,7.870177300219294,6.406342120207055,4.060352541512188,7.488152350866427,3.5143248371944336,6.1984745836856385,9.07627721346131,4.075237618159611,4.81724211432765,4.130345640485026,6.2165837425487736,3.9829455683145802,7.522169484247521,6.752018069845133,3.88714157391577,4.101011104969952,5.229982823974736,3.7211166726605263,4.427582472119018,3.943684400955134,5.361256909372854,9.458946591733016,3.103802831666466,3.7277937586093857,7.3771109741898755,5.863197652804586,6.761717653286447,5.810404174406679,7.97380254658385,7.941333422264768,4.383093483580624,3.076861446709588,6.531132294781839,4.0597200912815605,3.963482703258714,4.7539165414308675,6.033431139955524,7.666170730095809,10.740296533685802,7.044860655252627,4.51090501301172,5.5855675722312546,7.529097382037471,6.706950812511727,3.743771241917642,4.864589462170705,7.100079496447706,8.424621774990001,3.140099784228172,3.460415102672952,5.735253522142809,4.328342430791538,4.606819187864443,4.853058740267877,6.267472641721516,5.805662286648731
BLZ,5.988667773528387,4.142828173617485,6.861981201503138,5.686500987541735,3.6173267627412815,5.748379133336155,4.859782482450555,5.406318982817174,5.247662100553026,5.45901647395281,6.15881113197185,5.966832350222996,4.267892612112231,6.5804199215496695,4.396063988943384,4.2789028139875365,4.972167642483583,0.0,3.9378081278470267,5.620762628598479,6.582296090615259,4.02225444956094,4.413944321556599,9.817272023773908,5.674777489412993,5.276135087701655,4.456774117000701,6.486353673921566,5.503019363611958,5.006745181331492,6.814968990335499,5.782404021256738,4.65418340547434,4.453964646707578,2.3072223841503225,3.250223667516763,4.594984667522216,5.055093253142238,5.956959923151065,5.146603361013633,5.187729242911481,3.7195641260911176,4.5891727558212665,3.9234508656754685,5.094156237988311,5.555447925584706,4.645482458660851,6.904330265139945,4.986746163410608,1.9072985613387772,5.4450373060014385,6.893059894054431,5.680187688418184,3.17248957741593,7.081636812307644,5.460078994577494,4.86340746204162,5.474167263585447,7.403585442365476,5.247457540824781,3.6756161721573646,2.8638308801633836,4.066301022333594,5.120518145816653,4.365820940447538,5.640890538200573,6.004453381434512,4.683388712382792,6.342715152416126,5.831838789214158,4.993825485367053,4.918231701064122,5.222912610115704,6.834627372089719,4.7979874189551905,4.759819846286383,3.224105813158133,6.748072177399553,5.963210251919747,7.372293019876975,6.5344265845548435,6.855270431275374,5.2109516686467305,5.500740987760034,4.240300895543661,6.352724933146591,4.032637317171758,3.8173131891245426,3.4879771986292463,5.4663789543365695,3.3909080358952925,4.8138124750645765,3.5670024180849804,6.434248264098655,4.59946083764206,3.126096946426797,4.008935919425419,5.564921906725309,5.026460655518187,2.6773436355973215,5.925564752922143,4.724860903110331,3.7856661647485885,7.046388956875488,2.8606319555368547,5.500676897078473,5.674439137237367,5.194804322212791,4.600265700330225,7.464308401466294,5.864284452961315,3.2562515095127655,4.427195066754477,4.570585626167828,4.8551929129727585,4.550801474301845,3.625598047910041,3.738598674319685,10.296887510770075,4.105660858533006,5.616495850007528,4.8485730523534185,6.7838969495021,4.601158590161197,6.583506531565647,5.12816816734332,6.528363579106208,3.082137944920525,4.254257391001834,3.1251770605269513,4.45201228991148,4.341499101296127,5.240225604935177,4.4003287893952745,8.336653791209597,8.64219139811083,4.8183847394898915,5.246899427450496,3.778015044142538,5.404069041040158,3.571080184778758,3.3740537634099015,5.4780771379174205,6.004234384669423,6.985427778736865,4.2327141989740555,4.176563918612078,6.648433812359609,4.77880563178188,5.123496799741414,4.638191750472213,4.840760692839522,4.212084330800197
BOL,4.615727000743839,4.399431414602454,6.052755239282113,4.491596038334816,3.7572083566574848,5.775912859912984,5.369292710166164,3.5102939692100925,6.084048830301865,4.257129609170559,5.1646358413603375,4.495870958422838,4.908526248532111,6.022349219665107,6.478470592745928,5.5480066585516905,3.9168468567474384,3.9378081278470267,0.0,4.537103046348547,6.275808103499837,3.3429382545143818,4.536103619514857,9.661817404818807,5.722029203563055,5.934935302792503,3.8710465031504913,4.455430161697901,3.584381979814132,3.3270445898231378,4.973016873283688,4.661731861334885,3.4591724410369666,4.811341616256315,4.5324611721490555,4.042653597556193,7.016928929185003,5.241910633266855,5.786700469606067,6.925963422206164,5.968187461231807,2.939519950521853,3.2660748270669524,2.207026973451277,3.8673863688869052,6.365174323631805,5.616802957665636,5.535130036499915,5.692251420773243,3.144597993355323,5.979553911991411,6.38187338922989,5.955620195784462,4.667255398285335,4.80508340395832,4.236294845097375,4.886628946772715,5.048457168076416,6.349952053419217,6.690553137509886,2.759966324931289,3.0096350163514067,5.364862582871979,4.214569660421586,4.811021218456534,2.9770730355549695,4.091021497764594,5.937442721773211,4.882486718209273,4.113931121075956,6.064974696706018,5.3576408181283535,5.726152928156205,6.530488640035332,3.663161293537635,3.6058017597053342,2.912439645996423,5.151920174503246,5.214439949702191,6.238446806649002,7.228146220505278,6.931957883451648,4.680068967355827,5.787059146721038,5.0530170383795365,8.005160773835206,5.279430046372995,2.827058703982047,3.306813142795267,4.357694604247185,6.03964846078117,3.623341933852617,4.854933542632268,5.10716351350293,6.167016197102537,5.2550361994413075,2.7523333437418747,4.81190308776763,3.8675108218657472,4.371916332074059,5.31369928641287,3.523908600393201,4.449610571777034,5.638188559789613,2.097001471327032,6.222905401908665,5.420337948435049,4.330146172077933,5.046249142286932,6.835341227876102,4.077556145209878,3.580156384410396,2.399544103586109,2.774693462870387,5.01757223291276,5.721886812359183,1.9268585816943988,4.444696838862084,9.302666891042383,3.706671984588202,4.599717384344084,4.754751554100587,5.6675005498246405,3.757220351692471,7.11986306418905,5.421391062624504,4.889419592923242,2.75393824315929,4.69746626072731,5.017243168072437,5.534917747416807,5.530713930638345,5.875816659774891,4.640538370005414,7.8861095635284775,7.37754085368373,3.7223139268901737,3.7377906966216017,3.318982995157343,5.9031723177141275,5.187595344861757,3.557996713265663,4.238675244894998,4.089093271917513,5.5169938889437,3.977789185137597,3.8166242136333683,6.499384215269912,3.161435408738454,3.008259803181097,4.592229962197413,3.7171300244020924,3.5449875822181407
BRA,6.559949399091629,5.049392819040689,6.9003078055120755,2.515256565052924,4.611647994650372,3.917383275418375,4.688475598814579,5.3762044475693616,5.227367259805437,6.87099115082005,7.657588257306504,5.799314985827346,4.9387950204881985,7.038936065856259,5.806780635123808,5.053238430347531,4.902569318064331,5.620762628598479,4.537103046348547,0.0,7.2824994045338745,5.975998530951796,6.132413040266343,10.636347826429716,4.095670079434162,5.5865470879899455,3.1489315690648603,3.6221550368108693,6.373852878840795,5.767891343250359,7.707043612963423,7.095902062081514,2.245911036578236,6.856149558517011,5.085857109177172,3.1898501963538775,6.162460727759956,5.130448204534144,4.265434944383165,8.08571115186516,4.957695359510661,3.2256114807236815,3.6734550749752417,3.5483354723579628,3.9208299159303106,3.950163675036744,5.835705274097493,7.52242488952109,4.636176501647344,5.3706230152325,3.7159749484180473,8.134940074877964,3.8665969551370787,4.8524952155637795,7.006654491987217,6.892657223055396,6.587892254662913,7.343610492059548,8.71278218858589,4.768039675216453,4.261714714556234,4.954543186436614,4.48266590009207,5.851702629366408,4.870055173801322,4.3110010934970076,4.880497255751608,5.78295708409142,4.270760774532128,5.611043712791538,5.868600858296523,4.215558854048017,3.3460679297742124,3.94199812298281,4.271066976165397,5.489215168268152,5.635692622325173,8.252720414765259,4.615622735550576,6.915377651434156,7.230264924727115,7.14502093441031,5.322856566859383,7.601331794605395,5.379267163385774,7.974801911970369,5.170057542178983,3.5928704997499255,5.15612544378359,6.669848335290572,6.633338079314186,2.9037393680146777,4.875998892995275,7.711205311808692,6.161898678770344,5.18365131931176,5.570643383475014,7.321663486299839,6.959261624887731,5.174274081827861,6.888312866860615,4.862654245479329,6.165950364156258,8.234766284967554,4.9684929745989255,5.232422900434527,4.859839808800961,5.121568522763557,3.950529940756987,7.965729654925968,5.088990313536167,5.011401021622945,3.3810006324673676,4.389210752274065,4.194130668190926,4.10462294478145,4.333354590001493,4.273846938836486,10.30871094136823,3.942881270598613,2.8381392361043414,6.397540459732401,6.086838528464765,5.820349209544488,7.389684827375366,8.017266662336974,7.782311716294705,3.953023526784223,4.191515102865012,6.318601777532644,5.584320789659985,5.637435811157643,4.540035127884452,6.695418133562672,7.634461231404052,9.977311590660971,6.748433721804662,5.22101914994147,5.641808363808322,7.233796819358428,7.156596703971473,3.727438212996333,3.708624400581035,6.698345014535714,7.885676781298141,3.4957436008718115,3.1461771973473938,3.632189865311632,3.9759254059222258,5.534308688600284,3.924014965134874,6.29243676575717,5.392414509051222
BRN,7.492863661239389,5.955980215086705,4.3236098748300185,7.2693638053099,5.997445111702703,5.607734313265588,4.851883449713339,4.6145318296468085,5.60117010046607,9.268349141335356,9.124763302502965,9.278303472175022,5.530715850545333,4.32439958572011,6.63010450841071,5.926081235420977,5.940123694953065,6.582296090615259,6.275808103499837,7.2824994045338745,0.0,6.123592777260355,6.167621243411195,11.573000002861395,5.535384229294178,5.681721041417071,5.217160184358827,6.892498781621096,8.8490953096218,8.352935987913385,9.364763335433045,6.009735875026699,6.008777047137337,9.246381762768126,6.933685913036875,6.0692731762584575,6.653046642990772,4.492859727262639,5.720912014012645,9.24561572463943,5.463494309223232,6.184471720678745,5.449729976665503,5.599526628792066,7.063616198169452,6.430596282223706,5.153223671077528,10.88724637570629,5.133890966165326,6.668557878277234,6.397238666571966,5.382519669511455,6.397283535171792,6.374554849724605,10.100338047247844,8.621326130570331,9.468756395585524,9.323543691474194,6.210595220661221,6.404050265195435,7.330376252493152,6.763107261733319,5.477393136379818,8.854470136503966,5.290879743326507,7.197340400952235,8.665437683302786,5.374128595079697,7.491793418619299,5.794067411142798,5.5575990661580335,5.78751187311062,6.088023092857434,6.672520008880124,5.747779806557666,8.947438819294494,6.81495512643128,9.439508349283853,5.10334088602612,3.845382151524147,8.477663309895956,5.593638423016949,7.932936220891844,8.576794212679536,5.2043831363655615,7.343034605685242,5.721692886106387,6.213611315666017,6.747528208493477,9.50933644390651,8.118658042736108,5.858782682471025,5.911708022798867,9.493067779022676,6.308950133095165,5.943467801620521,5.87328669494814,9.525564175502126,7.604910914745229,5.978116726431815,10.38491371208045,4.7789010444752265,7.330084601835645,9.90224270875931,6.680152625176838,5.907654108927487,4.4397322110983914,9.122834111784256,5.913158389538089,5.143936652734384,9.254564071725534,6.398763112088233,6.052851952262241,7.504974821167129,5.137671169004833,6.04010639482791,6.124351486722695,7.082665381886678,7.71791985671185,5.088520008961802,5.933172930292606,9.184665836982955,4.279224750121847,8.029860159955298,6.378376927221969,9.055838068169452,9.970337198880697,5.988133306728563,5.543827323375654,8.40932585056232,4.99801312683855,4.633248686322973,5.546602133461121,7.379165203655892,10.221256806733452,9.817512280268419,8.695961026900578,6.293607895292699,7.652890160736772,9.296210566876434,7.125615221411639,5.711156247444235,6.835299319916475,9.434510318206906,10.139976477755123,5.947270254471588,6.233964303776559,7.377549461002104,7.592917537374299,6.912335672076856,6.7519466113169875,8.411773280312955,8.137800651912249
BTN,4.93351253018312,5.0168612487710975,6.861540425052646,6.161320616772993,4.733579016712189,6.998670826177379,6.079431607112697,4.701931529144076,6.929603584562257,4.889105480993867,5.170398912572235,5.398699334682919,5.685827067675035,6.650976816392295,7.132120344449416,5.538839469094474,5.081562030985377,4.02225444956094,3.3429382545143818,5.975998530951796,6.123592777260355,0.0,4.992607812403749,9.08694517378613,6.970482724707578,6.989958218638074,5.331579204062667,5.74982441377767,4.98832296730782,4.443660669648201,6.1041385453507795,5.0204577553036565,4.896704346267209,4.98122065628513,4.33143400354849,4.750460709922084,7.317256022513564,6.07951739254097,7.1365563225211925,6.868082548371839,6.923600380014178,4.37758260069673,4.021320675715567,3.7059571720776967,4.939921236220735,7.119668098018449,6.273772606152355,6.314167822712541,6.430531759826016,3.846627422419056,7.087339107573636,6.967292956337144,7.32367843516857,5.6627834309716665,5.749195113302021,3.997025919136975,5.458587341294492,5.16923205988259,6.229304321962765,7.2921944206241855,3.6088294716917875,3.2419675922617657,5.819782146517175,4.891063667370771,5.708399114528677,4.617395554211848,5.25332762537322,6.498227452907203,5.8715981882868045,4.988182119558665,6.7936392922626085,6.717004187739675,6.526331840908266,7.885828394567489,5.265385357308266,4.6234639182129476,4.001916557304792,5.306275553328861,6.524812504027645,6.574899476215604,7.970428516338108,6.527521616831801,5.272442578657247,5.150477140954899,5.8843774509825435,8.666481605959545,6.079309308485248,3.7212262005772234,4.2985692281024726,4.738366993626527,5.745674015256813,5.171037235108322,5.260496680592197,5.203474179593876,6.812905377283227,5.749338161067405,4.251625656138142,5.025366941391106,3.9151623184618685,4.397755711536312,5.387045476275464,4.861824551066271,4.263365028525387,5.683521416867459,3.200467248224875,7.1707138547308436,6.359539527796556,5.320929092989918,6.324327666267082,7.169645978342122,5.251168646376967,4.700665174066572,4.4702576524820845,4.585466692612043,6.017020074971942,6.100075071861014,3.504510379064899,5.46801818875791,9.696854624921095,4.659660329723324,6.231562324385777,4.797228282108274,6.420408240866294,3.9797632238863208,8.038951065031494,4.755073009519302,5.718867047990476,3.3868818884461045,5.193086679616361,5.02027475714445,6.03450159381438,5.8030080803742035,6.855753405549864,4.1753094270876145,7.713304574260221,7.437126571707717,4.145105540373188,4.3000473016905785,4.393897320404213,5.090094134681515,5.022551787039486,4.12609791927265,5.560820651443923,4.997516154555017,6.095735753331045,5.220386626147563,5.122964848262813,8.066861935104665,5.006037629506323,4.0033104407690185,5.736690798909789,4.431509251958408,4.209381594173923
BWA,4.511846274199964,5.791347219210627,7.193836222640085,6.336187326924293,5.143040881016608,6.528951672263421,5.842974409713828,5.566705240694281,5.847337723832951,6.532122245873994,6.574991817192661,7.2849494244185715,4.942117673225874,6.797086128245573,6.4272247876917925,5.07732653504707,5.637087900655436,4.413944321556599,4.536103619514857,6.132413040266343,6.167621243411195,4.992607812403749,0.0,11.000249784316598,6.155528160467066,6.594079203717138,5.424664308766621,6.388467253293588,5.976318708990788,5.53642871497757,5.984676242428941,4.71886786789291,5.081696765863273,6.92513154832492,4.575110520883587,5.074142606691659,6.886052109491003,5.613508214421198,6.436157026495024,5.274501825859144,5.873182116980106,4.826145977451844,4.612131408025496,4.7170112969261275,5.741397802608803,6.38347700245563,5.68584180480415,8.223688294437057,5.952165740096184,4.083231222405791,6.193902998820055,5.859214259677221,6.383484622285863,4.84361821038532,7.6473216081205,5.4591586223557425,6.723171283914583,6.881750302457722,6.416510137876175,6.412070628117093,5.39567802129152,4.316383360041697,5.232975822108305,6.133455999761522,5.073690679970542,6.005548462392934,6.382869903515642,5.597509486696193,6.8009774231168185,4.966539754549491,6.293805489614691,5.741686219797177,6.236934882142802,7.322179609161252,5.567521143586362,6.13118887786717,4.3909584609108725,8.033250699817481,6.5334332032518425,7.140602728964416,8.060172917761484,6.349278749899689,6.341576306302183,4.162183385535516,4.961550677592304,7.810440555292654,5.224495438293021,4.526437868928435,5.297067103916775,6.820973849190892,6.259004560640023,5.497665716891761,4.81794553346455,7.148310732172132,6.042735039091512,4.993410167564033,4.320193001812702,5.975210717669146,5.276913253143036,4.874292362560375,6.696623989637381,5.373339461453279,2.890024569810856,7.6231438803144504,4.45460497192014,6.191537222635807,6.253748643038938,6.839449741154788,6.051548195311604,7.317339208332029,6.953359884043466,4.919463966620695,5.085797327427037,5.417190773458352,5.492346567872624,5.891085781819774,4.868203874534466,4.5409034684415825,10.428245288159339,5.06674631068828,5.81473512739626,6.129407769767963,6.284280811110166,5.496705884985048,7.510875460037452,6.695809668986625,7.0645799144886015,4.395589219236275,4.929947944466921,4.754661233077155,5.198524947530691,5.537574832935754,5.915729938073657,3.6796460135404137,9.188036412038855,8.90390910582013,5.797933873211045,6.289634569657462,5.42221743157288,5.627058975368224,6.242445698139092,4.198598093469279,5.711760028948913,6.824143645376499,8.097842711235542,5.191411020994455,5.556722818210341,7.313117962301107,6.145835689383941,6.227151836616883,3.927087252833409,5.033020118370232,4.591549530773154
CAF,8.817458910377017,10.634477031170064,12.907521136934292,10.889908208620959,10.430238002372212,12.097761441348773,11.799070180282058,10.91077988911677,12.287895299582651,8.59549174955482,8.31097400340037,9.91294932436805,11.05411222632467,12.850325936225593,11.340594260598905,11.290490525007582,11.024269486928821,9.817272023773908,9.661817404818807,10.636347826429716,11.573000002861395,9.08694517378613,11.000249784316598,0.0,12.248608568316383,12.566167988453044,11.127056613851298,11.506636641869049,9.361745418564885,8.192568263946173,10.465574725299854,8.541604470412663,10.469970034675905,8.578614731400306,9.633075799397558,10.600164619298452,11.576418877277096,11.812083819666574,12.26940396962134,11.22983139264795,12.320005360239104,10.140471895495741,9.509561291150515,10.433452907916955,9.3492493877803,11.802354421667415,12.215104447675136,9.68313271373915,11.728817871087665,9.954565815458764,11.90681689924185,10.912880237667018,12.234234414459793,11.091216490417022,10.146159934372449,7.900537739789091,8.17632190880219,7.806959037536535,9.455891440214227,11.67961413120327,9.044338526441424,9.030852960666401,11.189646054539834,8.69778430243871,11.655575782086766,9.885318136120748,9.801717929800379,12.338562684671139,10.3950548689044,10.078249392625654,12.569964557512705,11.928230484724367,11.378070629309756,12.720127498479004,11.174166258795736,8.337612916047942,10.548028757542484,10.675960585262587,12.436944119069908,12.026818407050106,11.729393221735812,8.30958793610003,10.829552989047498,9.063977338240498,11.979955118627347,14.050966818834423,11.74866899068461,9.494526988900963,11.13678968988979,7.915269279565236,11.568871245843866,10.202307272274705,11.073106206664333,7.9034065984662645,12.95578027840832,11.402518434860848,10.952058951498543,8.551760422992153,8.603935027403804,10.910948775621982,8.652929952866575,11.167893532008968,9.220370584577896,8.122059232047196,9.468715750200777,12.399968295790728,12.111855647856983,9.185847296915345,11.686054535789088,12.189436749890026,8.775226544506708,11.052980774734257,10.286419894608832,9.77085680943797,11.437574723657955,11.428618266777717,10.302880507848304,10.04525083599206,14.241293833341334,10.449960355880316,11.211994830433815,8.29076349216215,11.490955595714892,7.896048308079693,13.938061466629676,9.388901903666577,10.10076781144123,9.523427201603344,10.827535406415892,9.457335543813965,11.746993841247575,11.626728892793256,12.110371775847337,9.050598943798722,7.173257192355677,9.013650203463012,8.42804191604959,10.771746895394749,9.491151985495451,9.238278160362933,9.704810501922752,9.99235244610726,11.546617630949811,8.758375119651243,8.912844762132469,10.479735102520422,11.01582036920932,12.37994012115002,10.316320974808798,10.4188054786853,9.978758250973453,8.501372769475987,8.151981877296071
CAN,8.036390826234477,5.208560390607212,4.711106951129998,4.085214244896686,4.929200748719731,1.3926613482547356,1.9393429279845358,5.237556872669395,2.516885777812982,8.95154670966357,9.544452940764954,8.001501800927425,3.880860296071521,4.906299683135591,4.50273275274531,4.557247344348482,4.409712901556094,5.674777489412993,5.722029203563055,4.095670079434162,5.535384229294178,6.970482724707578,6.155528160467066,12.248608568316383,0.0,2.913270235104429,2.663752603122921,4.8393520254436755,8.527833614304164,7.88564182002745,9.38989036328438,7.803148897990622,4.002535622458638,8.70552756694873,5.779475973602629,3.558550900599933,4.305530738010705,2.5049592319223275,1.245248725440304,8.580615419962607,2.1028342974165812,4.508199959592989,4.939451444720678,4.3391025981884725,5.67474106837666,2.8917082528874816,3.2138854311636025,9.979377622513201,1.834938201021065,5.662115501176479,2.012051885559281,7.938516686090345,1.533448369652707,4.4608100490832125,9.123735891346282,8.883838227803466,8.71482745168175,9.383708118603762,8.738393275126574,3.5299332285961404,6.125965238581893,5.958174941282812,3.1861377648742293,8.139220154803827,3.1798001050226494,6.225247425231312,7.195494658625288,3.273088988590567,5.486322786046019,6.451708337916338,3.3538491078713015,2.101897409070103,2.281681828751883,2.219725866959979,3.7693228621841484,7.67482194433887,5.952665285105381,9.510357823057847,2.2667153268992055,5.598773034738402,6.892700796978755,6.753994248398865,6.399684493654607,8.591786653202982,3.5944890940789205,5.228134971859299,3.529598140831472,5.118134026373493,5.38162385953126,8.748526291391807,6.441366791689754,3.648290507447509,4.335001039913843,9.717489206252429,4.22871296964169,4.076047943743491,5.502408617433341,9.163742440939473,8.30152806833008,4.669914848302974,9.186684312171426,3.8144130420517155,7.096972948062673,10.278975339878526,5.940196732968808,2.4159924838079903,2.2081243785715046,7.796524267269823,2.0898634206268323,6.663665037552201,7.838143466883191,4.6302708031779405,4.632710929787441,5.922597852406204,2.2986492430391956,3.1591654396914266,5.382948363201518,5.281689371463878,8.970153366883482,3.5257668290379818,2.343891350424011,8.52943909628583,4.907030253310601,7.742214900251991,4.936232681463792,8.942436093037708,9.883969317824624,5.024630892788724,3.692287200979059,7.423107933645135,3.330889915319847,3.2228897876461238,1.9717044036010771,7.729762144356095,9.227441953317763,11.37373788878108,8.541563188945382,5.335645531844379,6.836095409824718,8.539095722668097,7.087995726743886,4.306912582058379,4.724968305320793,8.86342743093343,9.781087318737756,3.30419813326354,3.9200904763708335,2.6148532510459623,5.661001647407,6.257902452119488,4.569956368798502,7.980633532881919,7.127767324421402
CHE,8.62871244014036,5.3461365681058055,4.103223961982099,5.583456864372603,5.15505458533399,3.3099489529738473,2.171026956429547,5.333085943120824,2.638163758586653,8.961946268735867,9.657661566844828,7.864377224948193,4.049375346436042,4.322249121082131,3.7182049380067554,5.231445833512354,4.752255280868494,5.276135087701655,5.934935302792503,5.5865470879899455,5.681721041417071,6.989958218638074,6.594079203717138,12.566167988453044,2.913270235104429,0.0,3.1029132335390766,6.044730268930579,8.62444817682665,8.107768379377623,9.597883831441136,7.961219920251102,4.888019831451772,8.578014882137477,5.612884756590957,3.7825219239610672,3.724642982970303,2.8060553278484894,2.703223459925836,7.9182360135191185,2.7606644335853536,4.603305374490753,5.808685317768687,4.682064249828512,6.3726289582216396,3.949211162092567,3.134616260807649,10.140079612782102,3.0482075870706846,5.440776070069306,3.3859113192900874,7.920271525106375,2.8707337159202617,4.4189421902586865,9.35826935579383,9.139356706617884,8.722900512304673,9.57969010345627,8.718875557927129,4.318910704152127,6.064460007117849,5.844886457267163,3.8354668012600364,8.239306648644101,3.250690598110972,6.7008946913868535,7.717561161484154,2.403040197720138,6.58437741049038,7.0518984119222905,3.7517441006549825,3.1585863885640864,3.5181959789678237,3.919067969836632,4.25173125778725,7.862219666461795,5.974474221966532,8.853995787832579,2.753391651942241,5.791990093533922,6.596432946427664,7.429832861562165,6.555227001529696,9.008268785030415,3.274004763838057,3.8996902738246026,3.296297996093881,5.7213029693963975,5.2245075519458215,8.930310084285036,5.799786188766877,4.0260750589857315,4.690083966667216,9.856697116043511,3.1920802777160135,4.1194408250512415,5.853736102661432,9.387959293516888,8.240319180517398,3.990646203573973,9.759631381110552,3.8010289027890485,7.467798916858929,10.534416131961475,5.844872071703159,2.838921815785615,3.0265684896280707,7.983285793073962,3.280375945413092,6.710823592721477,8.317660013150764,3.6242556763368667,4.93022709654752,6.067781203902053,3.2325468896246967,3.580947336414678,5.337532663355942,5.934860336506408,8.907392814077175,3.8725387019473643,4.215450241437663,8.77228167832298,5.783614076994981,7.900481543341638,2.8119452451507323,8.991778746158706,9.787911380076833,4.957850592619661,4.656323965040141,7.476670478718271,3.012268703218318,2.9530212631580013,2.8805986049857983,7.989014479541933,9.91274516009731,11.333202650623447,8.429562720780405,5.285667044607456,6.9567176747377015,9.263278103949347,6.804062705124251,4.704692910019272,5.4491684529926525,9.067004612865944,9.682176854422988,4.218698511067483,4.384843276183529,4.243902944545653,6.505567509870872,6.06820691161035,5.627149789449251,7.997910706790853,7.502479965254713
CHL,6.700459647095564,3.6459061553246723,4.495002487477517,3.340651294344331,3.2238477296445605,2.708565785792055,2.6716799305770516,3.7658657999336347,3.474036716632415,7.15977635731296,7.9011943983304995,6.010029268048635,3.215920416971493,4.718803888347064,4.2578269240774915,4.0825265246048765,3.337677516090395,4.456774117000701,3.8710465031504913,3.1489315690648603,5.217160184358827,5.331579204062667,5.424664308766621,11.127056613851298,2.663752603122921,3.1029132335390766,0.0,3.9403262494840985,6.6203652801291195,6.123854062248818,7.791345388135892,6.248338949111817,2.133075317711353,6.955837937243243,4.460584353633388,2.1231692727989673,4.659422603293585,2.841268534973734,2.8078834012236524,7.488408870117223,3.3143432735673977,2.3549701952635114,3.3877165238935096,2.4227361535417247,4.194671554881365,3.227054981680799,3.5742890005084553,8.273839803437895,3.0752817777379406,4.384801357652196,3.1179564333985077,6.782670607159993,2.9405581045412643,3.4676390081386526,7.407479825502908,7.241196547897358,6.906954703369971,7.731275509087885,7.735157196054504,3.8660811121732963,4.204123881499397,4.319496969208759,3.2045818574472005,6.1270410706675005,2.9108499894607562,4.351079083243504,5.596026639886782,3.5453651217974134,4.460664309433174,5.112107928158565,3.973691114900211,2.795346638239007,2.6829671535639257,3.4033892267020356,2.8547326502046158,6.071697679144752,4.698918298168043,7.635030915765046,2.409900769171032,5.210241195852683,6.496669919371449,6.37364405299231,5.03456037206104,7.775212977762345,3.163853565075936,5.9411039517005415,3.287750666607623,3.52832280807753,4.088640891740295,7.207486693102239,5.808102363651416,1.9492375540115945,3.5294393010433995,8.105487517840249,4.11739699490099,3.634098281526071,4.155232912050245,7.750664741041189,6.454117675362387,3.5728963696039613,7.9207030100659175,2.649743454696523,6.0831294770731965,8.684478956920975,4.025935310498689,3.6326574459683365,2.953321327314535,5.701221381689535,2.4528990661595746,6.43610354751122,6.154360543632216,3.145341260371768,2.481815637069158,4.2663197863230184,2.4902820929374787,3.0120328508309373,3.2373026498758235,4.233076048161878,8.939826318931456,2.2763050155330378,2.5846581944715274,6.91043698750841,4.8545112894028115,6.047853383345317,4.819572738260022,7.874614093109954,7.862086071403595,3.132265846607153,3.103390640198395,6.168982184062135,3.48223303572782,3.454312606965525,3.1054508170649333,6.4712569225434216,8.355653250484355,9.837881552896132,6.7515420638249415,4.178101867389576,5.275065513418115,7.856440598973102,6.1203356337346175,2.7614336665957193,3.5664790837475664,7.110156775805799,8.088549995434619,2.5783333089074176,2.088257121198948,3.64099988249024,4.184555419827154,4.642426261026129,4.138926819221534,6.308906469384876,5.8527228718218485
CHN,6.34645782866876,5.222224314357626,6.0562043583618195,4.642347500631002,5.030834491530729,4.8701676841682,5.284835276024266,4.238869386823315,6.1416082181640475,6.921263349941132,7.202066397366104,5.351573105434417,5.5768625911627545,6.794817703661249,7.589682170328064,5.504176086695926,5.090293426508759,6.486353673921566,4.455430161697901,3.6221550368108693,6.892498781621096,5.74982441377767,6.388467253293588,11.506636641869049,4.8393520254436755,6.044730268930579,3.9403262494840985,0.0,6.271553166399254,5.9192789995304524,6.718924369233537,6.7438531753556905,3.193241808895228,7.515484126255355,6.559006982997751,4.747566213039593,7.5285861074315115,5.2344557269152565,4.926347413101819,9.084733374342452,6.097853286037011,4.249461887884556,3.3946810849220332,3.2678502876410964,3.7965410930565016,5.371818459375476,6.2567422414766805,7.240142038168642,5.592010647175291,6.079924711368524,5.179788409684984,7.622319573016924,5.231249584256111,5.480052991321012,7.071686301350983,6.784968757175728,7.58790634213894,7.8012922406095315,8.109715486123841,6.168893241697588,4.7349315853310765,5.044709819883622,5.477328508547167,6.262432308172752,5.211555125421737,3.033864716456557,3.863601717069382,6.174185661643871,4.71474937797785,4.713058894555413,6.926042717099625,5.515090602661256,4.627482240860336,5.034837966783675,3.95899378211805,5.810147378419476,5.076813379639005,6.961207272724948,4.390465199413999,6.453787043595722,7.937197485924113,7.63542116109267,5.227054009007973,7.86697169280557,5.70255401833276,8.852887606239369,6.082117891782951,3.743678761635678,5.117440358230952,6.7480222148902795,7.567497108688958,3.315444077900174,5.625044422695938,7.363121801749803,7.3116113542374945,6.342343726519494,5.037629036630041,7.242349534563298,6.573297244241533,5.737567234325727,7.401122435071768,3.788217735418431,6.624319769904502,7.777113562758891,5.000590839859747,6.133413925645712,5.356448601413415,6.009779951525216,5.334930134895599,7.107059049139067,5.151326459793173,5.503751650653678,3.551144931262586,3.774018719920406,4.31828099753901,5.391862122643679,4.157625570499746,5.86902224566784,9.695125716891381,3.9620622969941364,3.579858714640593,6.62121665763086,5.304407482365638,5.962807507110826,7.577537603543049,7.949932248657097,7.478343937016417,4.5831277069091625,4.826207134880608,7.813412302043139,5.776267673481533,5.880341932486116,5.765693158688616,6.889536093370737,8.71168285080098,9.065062458231012,6.672214063868685,3.9366489419744433,5.317347443229436,8.053918923441262,7.565819908025869,4.304653209991446,3.3776719016324233,6.275510151374424,7.251555482239513,4.043516063454261,4.919425064420159,4.986366932768611,4.072583722806535,3.874617085073507,4.995863472952374,6.302223053989594,5.995164719727752
CIV,4.584309092404423,6.328925487647585,8.816018245354652,6.855664525801049,5.884439754889423,8.377208533101436,8.323997214976304,5.922418326584192,8.838592207336276,2.076216873605998,3.1266753801884453,3.8139850216603586,7.292410284735919,8.910500859748307,8.405387493892984,7.484084354638407,6.970943074799727,5.503019363611958,3.584381979814132,6.373852878840795,8.8490953096218,4.98832296730782,5.976318708990788,9.361745418564885,8.527833614304164,8.62444817682665,6.6203652801291195,6.271553166399254,0.0,2.0945583680640705,3.2532628994255877,5.1798953443197115,5.531406567372897,3.4553081080455783,5.874733535849065,6.432975656395234,9.164455888111627,8.284159897002375,8.654217364326398,7.070780646610874,8.81479788653591,4.870565138170366,5.086347048568809,4.944027782194865,4.909244302614934,8.57145582612,8.520094169673515,3.0468640889419314,8.58002187373816,5.070629023097037,8.37006034983168,7.069754334392727,8.484040918438165,6.419401646764643,4.964617115727759,3.0238875200444144,3.4017643071354744,3.355207014693211,7.156713875180538,8.692598162662424,3.5555087384633617,4.338146736763502,7.771814869600167,3.0319069312551172,7.6547735882003165,4.082761707909275,3.862026055779577,8.481725237300912,7.042963251314007,5.24943862015732,9.015455828699578,7.986549054131414,8.076268022816313,9.073330382068416,6.1054116151810325,2.8271397846710333,4.689529635974645,4.7192091247330215,8.240614861638841,8.89233481765608,8.614909515018605,8.890626486403491,5.934961035733882,6.100806984967709,7.696640237569108,10.470470338905557,7.8436236280299,4.492417977530613,5.5896528778112335,3.4213958679446193,7.323876126903144,5.829482977330535,7.040213710082697,3.2124092388684073,8.73208933887806,7.490043713958917,4.852675985210063,3.522671628604128,3.5028069395282735,6.511755995898613,4.5254616858845305,6.444493633455826,4.909951543963715,3.6779056371996877,4.053863117388609,9.022675341880001,8.568201779183466,3.623483429158094,7.855424401360814,8.90260821627823,3.0204740554208565,5.8376132350440795,4.742151114064232,3.733967867434079,7.687171465691363,8.016877102743074,4.262872176911148,5.9821560714259885,11.475346854931006,6.35229031570372,7.209290846363675,3.1900477123058644,8.104453482861253,2.9907727919372507,9.700283487338133,5.71043954393136,2.2240821128510824,4.850056636523911,7.192858911247752,5.434000301269185,8.173422007679656,8.317736270794285,8.678190234571565,4.814175861533829,8.772254654933477,5.824657547114548,2.3055972442771817,6.305826528924199,3.925261154848505,6.608633843595204,6.431603306898781,5.694938678136067,6.009496955799972,2.495845335000246,3.939325325621345,6.580557181081707,6.348064074072006,8.549964941651591,4.71098285715744,4.942153097082125,5.952224667808324,3.0639052506422,3.6420711332864824
CMR,3.6917259937340514,6.3257257803698606,8.335835378450213,6.267927850668917,5.717755405302511,7.683318134094623,7.743465825872431,5.7215421226471666,8.30084185166542,1.9014466081225025,2.904302550443386,3.9156386556953753,7.025865658064442,8.380186559328315,7.841423286496691,7.283076811218797,6.6322145133505,5.006745181331492,3.3270445898231378,5.767891343250359,8.352935987913385,4.443660669648201,5.53642871497757,8.192568263946173,7.88564182002745,8.107768379377623,6.123854062248818,5.9192789995304524,2.0945583680640705,0.0,3.4432558968556712,4.615632904778508,5.0149547493414754,3.3645754590741794,5.34224572915734,5.774598040737102,8.540311272651387,7.809309421478634,8.088174777429604,6.904080416915307,8.262956635592824,4.365128501536082,4.314694756021715,4.41326424633704,4.152296682237798,8.048771863810796,8.16534286063849,3.7790346579325305,7.956948684506525,4.8043338763091565,7.7649636645734565,6.7599769313963245,7.91103606738243,6.230309691035525,4.826462230567466,2.364538426165443,3.0718511284082086,3.0833163707363203,6.357607774069897,8.214175679419226,2.715369008071038,3.459699352558673,7.344462312268833,2.8037185381312146,7.33374757768012,3.785443395512258,3.788730161993501,8.091305370404672,6.377884952390404,4.531336799879525,8.482042682944714,7.326355270005672,7.449075952143428,8.4378397872623,5.754654400447862,1.9305570007013113,4.480594842626354,4.921666332832558,7.8276551396972325,8.160088616182726,7.6370884668046095,7.62092101735789,5.897953355535949,5.374592217650124,7.465966973330458,10.093030434907138,7.541881931779041,4.073878069328505,5.537310144775175,2.5224115805696763,6.990312504847601,5.120524582134986,6.802696702509844,2.702308328793204,8.39585780852979,7.191153001918546,4.769331092733516,3.212781458190862,3.0046033777867263,6.236510937803235,3.92639986153811,5.985118679470826,4.112252661371929,3.332642569495581,3.6804992194265465,8.459234879870582,7.932420722410085,3.93912307608392,7.2581458500705445,8.075994922017875,2.5975320089740808,5.374157852873562,4.264596292528394,2.9766222667604065,7.223433399480017,7.577229278725492,4.027304814746482,5.282148985378193,10.709069860680028,5.940476877698044,6.655793380068104,2.8437241209317463,7.290494140956952,1.77241967271087,9.430202957612119,5.020866725626572,3.239139178344762,4.194722017015852,6.810114350590016,4.847912629416741,7.754535409488268,7.846464986066801,8.040691182708967,4.4914937638874095,7.8389396894260726,5.649521639537953,1.846963547751165,5.811802157140019,3.661815910393194,5.690526460095232,6.089395488720748,5.108064878352742,5.634420574771345,2.209463540354232,3.504113620137624,6.106619601919122,5.947518466267894,7.948023446656969,4.570756441548946,4.811036130660643,5.239294537068322,2.042503034163984,2.6155198280102945
COD,4.366697166430196,7.704654057504256,9.381189581499772,8.390060390165138,7.275651931239721,9.284608218025578,9.315630286858335,6.661239664205653,9.762390735917784,3.6955317534875576,3.1996709051285706,5.4600270894649965,8.450835599941353,9.511410503662944,9.905033014955514,8.474723064580639,8.324909830453196,6.814968990335499,4.973016873283688,7.707043612963423,9.364763335433045,6.1041385453507795,5.984676242428941,10.465574725299854,9.38989036328438,9.597883831441136,7.791345388135892,6.718924369233537,3.2532628994255877,3.4432558968556712,0.0,5.261307207768322,6.610844897210597,5.515869105890251,7.277216634418815,7.713101104442472,10.385371467528913,9.14203099305645,9.570890201651165,7.802998736358658,9.762017467866519,6.378802680834311,5.779469733813266,5.856679857820574,5.998553257338295,9.6612069019482,9.590280346676172,4.615182409347502,9.584371833641576,6.436547266049947,9.33099709099671,6.713725206017532,9.488895563684054,7.526827194588077,6.530538819426654,3.629250650595911,5.483313134302221,4.762412322901709,7.156704703089475,9.801173258605912,5.162830197733384,5.160953920755896,8.875071710573668,4.924052535302393,8.652082229070674,5.11895750248234,4.897360039825246,9.405655667694049,8.394524106381132,5.094515384632278,10.057983862264535,8.866344795175467,9.175968286720291,9.908662322319003,7.355228756769089,4.486665606268877,5.220291942362279,5.471824263206508,9.124039139673947,9.333219816649008,9.261419166538094,9.282824496575738,7.128817172234506,6.221510176186243,8.663115463657629,11.609026424456678,9.010112316472558,5.578852620260945,6.801581707352514,4.462241212258104,8.642510351603265,6.9349272602410865,8.290125770850457,3.7634699730416536,9.881344434086635,8.708366148220556,5.751524056738591,3.8530901040901337,4.1412889251983005,7.885229142178678,5.525040393472524,7.119461072595648,5.345440290226157,3.751410094523309,5.265633774769819,9.945745179492334,9.443388253024539,6.0309844299657795,9.07963815831996,8.741827158210283,4.766532439650562,7.075063100224683,5.818179384318727,4.486619717503574,8.577833544160631,9.28477042692496,5.529308251493584,6.866362741670259,11.670878166198948,7.505440315866416,8.301924399056396,4.398890188785721,8.257466973760476,3.9428284869726413,10.63071764667914,6.02215049868625,3.8417210990916884,5.999619671442365,8.364884111088212,6.702818373206418,9.019921389143231,9.231316251054464,9.541389444833236,5.637585502308463,10.355103770877173,5.255842483004277,3.5312316046540144,7.048982209813367,4.79537627105117,7.064731843397835,7.42003328978737,6.759904974630345,6.912862908211698,3.6951391031784766,4.625931610211337,7.81083922135551,7.950039973117055,9.643750599047722,6.295783940823386,5.7781344386453695,6.905034159502624,3.799517022905498,4.821489755925815
COG,3.288760346674535,6.006807093524633,7.453676372263087,7.257673322921281,5.541736444091862,7.851915034969686,7.446501131856539,5.006694391502321,7.958167423138106,5.769735905514492,5.209387281036002,6.434152166918029,6.484572292604742,7.6961882226144285,7.895194771409509,6.794294825331553,6.457609924749691,5.782404021256738,4.661731861334885,7.095902062081514,6.009735875026699,5.0204577553036565,4.71886786789291,8.541604470412663,7.803148897990622,7.961219920251102,6.248338949111817,6.7438531753556905,5.1798953443197115,4.615632904778508,5.261307207768322,0.0,5.562121957368806,6.416158206354857,6.146706540546072,6.451539984286869,8.382793864830417,7.05067599616325,7.963280542995748,7.394342560416755,8.018641450885694,5.407709551181711,4.278802220517546,5.297565156111633,5.082303786153525,7.816884204844866,7.630310572377744,7.4296375932180245,7.640966981873113,5.871186349939993,7.989329464240836,4.0422919261114325,8.1582082993433,6.341855746274534,7.206399178293633,4.636129164080445,5.984005545717406,5.93213338078601,4.157603285748257,7.914990132601353,5.3603789466611955,4.793649721305062,6.962407195401568,5.065464154133617,6.881132295278358,5.0918020124513035,5.807745918863545,7.472097428636188,6.793227522711287,3.728149165692375,8.347513793467146,7.497420988065196,7.514220699978447,8.790834124336797,6.268335314943898,5.771093308471439,5.571712964053966,6.999066081675257,7.638510017383674,6.879166989288218,8.367952260441314,5.342223232708743,6.921165396644473,5.7419816919142015,6.879195032459917,9.98446388694004,7.284922647982913,4.9498701581307145,6.798326052236065,6.260977146648204,8.238849391144239,5.761531246266409,6.4110352376156925,5.796120520852187,8.450371822188643,6.9852160313441525,5.132118531268093,5.968872554868788,3.342623271527515,6.594688997614205,6.968416045153622,5.8776621474501525,4.511159300299619,6.073061314778036,4.662698983759404,8.295039581388385,7.502088224371558,6.28793468292986,7.668283574636554,6.855438311353218,6.266302089802837,6.236642738289228,5.171347183995675,5.281338884749895,6.7896840613654215,7.505409979349567,5.046307836037971,5.890787078831094,9.917352135925976,5.729037232249222,7.0527806763448915,5.4155722782097735,6.075736315022881,4.5588740495728475,8.98677734021161,7.120618440375304,6.110530165705716,5.214507256981234,6.280398604332139,6.384274632479328,6.945287457287722,7.037349111908696,7.8294131852710604,4.3486715494208035,8.395632039609918,6.543567574390191,5.256461947075143,6.809920131591287,5.159194778359947,7.40572681450969,6.909368199585195,5.180711250673675,6.483370171091102,5.568615913521247,6.457128821999103,6.469492895425334,6.726246811796862,8.660232520002756,6.347359848039023,5.969230907349016,5.489738138286871,4.295401127739888,5.090782082779184
COL,5.670733644049714,3.6064238372752846,5.895656031942899,3.2787466046976212,3.1861036177048003,3.88409200955322,4.2404544145372025,3.696099811940966,5.027505153198267,6.204577125289679,6.740636981052219,4.937013481901047,3.9972976677925054,6.225612353828621,5.403232999590264,4.189909739108146,4.209868674451654,4.65418340547434,3.4591724410369666,2.245911036578236,6.008777047137337,4.896704346267209,5.081696765863273,10.469970034675905,4.002535622458638,4.888019831451772,2.133075317711353,3.193241808895228,5.531406567372897,5.0149547493414754,6.610844897210597,5.562121957368806,0.0,6.159937050669709,4.379846123797448,2.661732003897237,5.895512585846588,4.385049567821525,4.215851968081641,7.487997495330011,4.76916333657285,1.997022750624415,2.5972828327017137,2.1425112409601508,3.1800547866628035,3.873622693696682,5.135507618896824,7.12439455306158,4.396185071381704,4.539609946260723,4.005982377919913,6.4766479258923235,4.113541617429153,3.7791357449734924,6.729251038973305,6.134301917404801,6.047877132914393,6.698266580121559,7.596649595917613,4.53622990690796,3.4874839453764963,3.960235399222578,3.8831594806219973,4.878649824828015,4.10017158671293,3.261660408737852,4.269867300304823,5.037911757142966,4.344755559725862,4.5248248046115975,5.463831807081357,4.142058704390646,3.4557587136015195,4.249032945348188,3.4954733517638044,5.046412368964281,4.603435815545502,7.203846678205804,3.9872352353725087,6.104664621175073,7.041201704055615,6.544127807936597,4.447430241536725,7.117783294797799,4.328964904061667,7.72389568199425,4.4162526887992035,2.581190658340237,4.261054545521848,6.284978833803889,6.376280532167805,2.163817256721228,3.8987169140972635,7.046867550415901,5.70189304492565,4.443922695411687,4.346315303435282,6.828883428195,5.702727264719941,4.270233876001289,6.835872181027279,3.673553424879369,5.412372509379813,7.525938727592515,3.7025247871865896,5.151034296349817,4.383549176861576,4.5460468885664405,3.7813820717749143,7.049547260953519,4.856625676106527,4.021872101228607,1.8153719946289355,3.3924514970598993,3.486495157009173,3.819812771688397,2.8356462381427567,3.9569814179153715,9.786836551884472,2.699159160209932,3.0589921011119663,5.629114412965327,5.38524971737636,5.0460485203229135,6.664747427348426,7.5108908449362035,6.7657740145195175,2.9101299277570667,3.486928069104764,5.846532351926103,4.670084718254855,4.7863274353655,4.39245947435941,5.604426632276048,7.9789571959906045,8.85617439963924,5.90092002324081,4.533252769630385,4.594322048483998,7.238531176116713,6.211047776717775,2.704335598660195,3.3338897669504464,6.01177738342218,7.163672245544368,3.1984174568191337,2.6042349376997658,4.2860487297911485,3.539221967236152,4.451950890550582,3.676753867397307,5.427630383823841,4.952073904053728
COM,6.106841250832749,6.253210846894226,9.413475746783014,7.249903299991069,5.952692578879758,8.350415678277946,8.316030439163443,6.954912103487292,8.91918447085935,2.7463645568265584,3.967765349072041,4.626323995538731,7.481945403114911,9.345307259353467,7.54657666948195,7.310545351252075,7.565429042108856,4.453964646707578,4.811341616256315,6.856149558517011,9.246381762768126,4.98122065628513,6.92513154832492,8.578614731400306,8.70552756694873,8.578014882137477,6.955837937243243,7.515484126255355,3.4553081080455783,3.3645754590741794,5.515869105890251,6.416158206354857,6.159937050669709,0.0,4.900173208940024,6.07763092546007,8.2067895376019,8.568251125426537,8.99417362014248,7.0523077191971595,8.772429269059687,5.253158954919492,5.895740632573311,5.574678886930987,5.609516348494247,8.5013205135778,8.439952080636322,3.7617801796394312,8.400957379185812,4.776838704153143,8.384352896416143,7.976003166858329,8.604340234472945,6.196273522085719,6.15685923870599,4.1552451252693325,2.256801791006029,2.460329126659836,8.022380691613426,8.274015843643664,3.5759477878226478,4.382346507754994,7.5136649918395255,3.4709220915231858,7.962389552018499,5.638538578038085,5.482877942618583,8.487699871206553,7.689383002754291,6.6283847354657635,8.561689431695706,7.922852116832486,7.997893081581595,9.245001101257964,6.692536643615601,3.166662398580228,5.137574218134567,5.38413413786278,8.767810662702484,9.527687744744108,8.131503403528285,9.044707123651667,6.091103840938069,6.518685947491948,7.880595354264441,10.052931085652522,7.726499437078183,5.162583629304892,5.619703520370195,3.38328484442491,6.14935611170489,6.507570346295087,6.8953891319328005,3.8234592313825417,8.384272970941801,6.937774324822521,5.636046200119982,4.322369041556502,4.476785327431456,6.134378900935488,4.523640987855319,7.187508783503688,5.200033404587284,4.3562840295154555,4.421561770808045,9.080814714894862,8.69573759842398,3.854689025848936,7.574793948032903,9.377150478434945,3.9223273614561616,5.905748084104609,5.563449168495506,4.654743687896013,7.978241737096405,7.746676642624266,4.887600419692929,5.878013845887706,11.90785083518068,6.711595330390861,7.847183909059692,2.758252000205541,8.891851241401318,3.295256974365729,9.952307526037654,4.749701548203079,3.937169134934113,4.94502556136094,7.329657597872203,4.326191436153354,8.2642856711807,8.127275380451476,8.63824528682885,5.287402439477217,8.43280691752446,6.524299617376451,2.9720074136333046,6.919394597816096,4.067184051586346,6.158737515397037,5.01511637238691,5.987608993226194,6.780788636101473,3.778542611384228,4.322869378792488,6.943843437530111,6.340920455270373,8.719845393719597,5.193870499175247,5.995551387625708,6.614969548786308,4.170015741337752,4.094259386511989
CPV,6.204352017248396,4.35985493867441,7.4651156204353795,5.637191155368005,4.061226547243682,5.776127847517217,5.05838216738005,6.094055509158954,5.157476625415978,5.756670209256034,6.411243208295543,6.151670757742545,4.011517028407372,7.0043556838634915,4.21946173280797,3.970480611121118,5.4400501154222445,2.3072223841503225,4.5324611721490555,5.085857109177172,6.933685913036875,4.33143400354849,4.575110520883587,9.633075799397558,5.779475973602629,5.612884756590957,4.460584353633388,6.559006982997751,5.874733535849065,5.34224572915734,7.277216634418815,6.146706540546072,4.379846123797448,4.900173208940024,0.0,3.005968017646645,4.605197366328726,5.354969977560303,6.019521137880715,4.5273626147800545,5.136761970281956,3.6600756055792747,4.649750447259716,4.316134422301,5.5414499749013055,4.984931056355678,5.099563209512256,7.246754707883395,5.121883940895089,2.738354345266996,5.151001193751681,7.180411663672505,5.5344378383084525,3.55606191391693,7.574855255839804,5.650961500127308,4.917544972543343,5.685228913002569,7.920975226468224,4.660882254593524,3.8157116783335034,3.1105572787453415,4.020603557024673,5.1517740711497515,4.585635789811751,6.0137649457577655,6.168027881278052,4.951542047441803,6.550609426342906,6.352213815020674,5.300983161740596,5.049822962506286,4.902750256049553,6.528928593803856,5.5634152857459735,5.20625938842079,4.570894546529592,7.315601599268969,6.159853497213815,7.7065694565705005,7.069577670661951,6.615734293198709,5.4379119181044775,5.525826381286409,4.555797030742681,6.698627277074281,4.162134270532102,3.6709732080208615,4.423694112546915,5.836737371559673,3.9054046075086988,4.761064516168856,3.688651954228582,6.793930261407491,4.609403095672977,3.329749887966567,4.9558530937698375,5.847423693458356,5.550781541130345,3.201484305894444,6.250376695155556,5.3788893634095105,4.093466964259446,7.489653353511981,3.5452772034315143,5.409175013663502,5.976208772017952,4.820560666483384,4.811945235133225,8.22384843346342,6.048233099329166,3.83588404525385,4.501801952069171,5.0194516733614805,5.074469043662322,4.1194731501205,4.291167246625931,3.5793086615202316,11.089993142739106,4.41248234987141,5.718688224943255,5.059484237722457,7.3586066137107675,4.704640121371245,6.810780996795566,5.880778422555445,6.992038262697307,2.7869148062676725,4.32499825688741,2.8830153703892267,4.80740244353721,4.80937785216569,5.14795334005147,4.771642140512665,7.614914741092776,9.083833186680385,5.2101130736015175,5.773430999466064,4.94580422757036,5.5471834147591,4.449128731734144,3.3019387904663464,5.452103809519932,6.568048968738431,7.484557578268694,4.406470838989098,3.95802690369652,6.513633831410761,5.505183609792454,5.891438222043987,4.498162963970722,5.344640260092398,4.537109625738145
CRI,6.4470025046156,3.717279134344032,5.791432769959959,3.5652838765279236,3.221002533633549,3.5587951699731075,3.130870390468028,4.824175527089276,3.6537432658892843,6.652747453467167,7.452470294657757,5.974573208973602,3.511498275314854,5.647795886710653,3.7720599550955636,3.6529131239071244,3.968839054687459,3.250223667516763,4.042653597556193,3.1898501963538775,6.0692731762584575,4.750460709922084,5.074142606691659,10.600164619298452,3.558550900599933,3.7825219239610672,2.1231692727989673,4.747566213039593,6.432975656395234,5.774598040737102,7.713101104442472,6.451539984286869,2.661732003897237,6.07763092546007,3.005968017646645,0.0,3.9305895212172963,3.666595653396245,3.828038399219949,6.421287724298615,3.503232321285767,2.434219505868825,3.497376621090226,2.8176993027006043,4.239717503965851,3.262839723329917,3.8938184116213552,7.803326385798145,3.270009590771344,3.5062035394482396,3.18567994465028,7.305212896218948,3.4229372864115506,3.004163829722754,7.20639653502095,6.64043529825745,6.059978680061837,7.001795890818865,7.956752738351065,3.648548061797574,3.6538614181058855,3.5074997345370083,2.8368912558078914,5.713324759372442,3.196120427053583,4.891000548576985,5.667195602500576,3.6747952989882693,4.757536857729489,5.432273388542775,3.95199556439601,3.0006630754101136,2.7640423061199857,4.33866492997985,3.7939509345548252,5.527250947323095,4.259479377714578,7.510132516604549,4.008756497231192,6.196610346613382,6.0698402376310385,6.387045112313418,4.913395041736093,6.810236123589156,3.470226551784861,5.858842150853376,3.2014163171738765,3.216170801114284,3.791757539944436,6.528644393791102,4.306610169546817,2.913347675440914,3.0516898228530143,7.630278507166499,3.7603698626969253,2.804409696901916,4.570653909393281,6.994014923937944,6.1099615967471435,2.8581233343325003,6.917941425999172,3.7488207061812813,5.134316924348439,8.269873749602125,3.586968918366239,3.8528874266806232,3.832124060180495,5.269240244264116,2.703439413329712,6.987975105425571,5.8748034510520455,3.01638940621945,3.1945036006113914,4.288151866726782,3.264533575011649,2.6095332111158855,3.2679046447290254,3.064415754139522,9.638285919404328,2.9652405390074326,3.6212892823720564,6.081890794505219,5.700403981572751,5.427382163115753,5.534242470646893,6.820072633926231,7.664579188815002,2.545820843807151,2.997719260205971,4.750666669559116,3.689061646631997,3.5181609614389973,3.2338655972265813,5.860163215673238,7.757307977087814,9.85965077869322,6.21603389896879,4.5393173888365554,4.740430042539022,6.53447316621446,5.372890918834684,2.1971305775015755,3.713776286617611,6.789182593063165,7.772930102198716,2.8345308759292775,2.051021980440693,4.401118341334477,4.257765839534109,4.97400751956618,4.040916012934278,5.823898314860946,5.182221206709569
CYP,8.889142901410239,5.6079116117871015,6.517300044599175,6.420466888647664,5.46828476475096,4.447408567290818,3.5351348752133402,7.166958585364981,3.2358252649392285,9.156662760919835,9.6989497204926,8.78977041507218,4.359216099847367,6.365990208286323,2.715530330640177,4.580879935152513,6.051894422550525,4.594984667522216,7.016928929185003,6.162460727759956,6.653046642990772,7.317256022513564,6.886052109491003,11.576418877277096,4.305530738010705,3.724642982970303,4.659422603293585,7.5285861074315115,9.164455888111627,8.540311272651387,10.385371467528913,8.382793864830417,5.895512585846588,8.2067895376019,4.605197366328726,3.9305895212172963,0.0,4.145374347117083,4.4667348131552185,7.002123031691582,3.363626706717279,5.645845455711603,6.347530481479899,6.084194321435306,7.093784757509588,3.660710803752528,3.8618246874909476,10.347972016414076,3.475071954514591,5.390327260205467,3.7238475133510414,8.392608442821892,3.9742010239800623,4.211257319514232,10.356983123811409,9.214140868855297,8.257977922330031,9.148840625920972,9.342737135567901,3.0377267377725685,6.612421160811208,5.901374811271045,3.3697615121115643,8.476206581744773,4.069389628356316,8.016425286907488,8.50729005620333,3.26375024747451,7.463138901072916,7.893070449460878,3.9976273275530807,3.942257236355725,3.670588445098305,5.395926176053251,6.010292162742315,8.168871749654873,6.541491162505618,9.91101534253797,5.226609144548454,7.36999356958261,6.405597042406861,6.93107536082137,7.4669716013441,8.467698599335959,4.19314451226588,3.9449250863434564,3.6336501805750316,5.989838346944696,6.1192087542439575,9.017125195615757,4.566130358707966,5.491073200931056,4.334567732722104,10.018893218693597,3.430904623328224,3.1127125482726554,6.808383052582913,9.193705057162694,8.57039922754879,4.185918112687233,9.52394819672836,5.6244826581157925,6.999410150945195,10.722398448245752,6.273605318381189,3.4312782589038577,4.852895096484689,7.980811652136317,4.018566889486567,7.794767794311707,8.851116170274349,5.089767466574401,6.379683083267403,7.1903163976874085,4.186969918809507,3.210765978148498,6.510963078217048,5.349712629985593,10.29621635761556,4.983779919133038,5.536099461920223,8.424787004091787,6.954841862195387,7.929057286147594,4.984592886779821,8.56286508076283,10.479801605016732,5.4122308894019096,4.642711584850493,6.460791331749448,3.62152571310641,3.380652090842378,3.5241267574242565,7.8585310058060545,9.294138426005425,11.69902061997567,8.703630591293777,6.803206718532645,7.2011797886282345,8.546850271842867,6.3298614541254326,4.875845515375017,6.487521516431213,9.617081034464983,10.243733660907331,4.676881175966766,5.217406275401483,5.333899755177837,7.228109567315646,7.5419731617379995,5.718339042363559,8.411360818246159,7.630847136242499
CZE,7.7711763709415065,4.2925905322528415,4.407940747337236,4.999840700587154,4.184917792671235,3.3839756455209655,1.4663678040161403,4.622876275947538,2.1853485523791014,8.787112517498777,9.202667113090103,7.903317078805953,2.668973712080558,4.449653023159559,4.627749550189248,3.7444945951905524,3.408554079084195,5.055093253142238,5.241910633266855,5.130448204534144,4.492859727262639,6.07951739254097,5.613508214421198,11.812083819666574,2.5049592319223275,2.8060553278484894,2.841268534973734,5.2344557269152565,8.284159897002375,7.809309421478634,9.14203099305645,7.05067599616325,4.385049567821525,8.568251125426537,5.354969977560303,3.666595653396245,4.145374347117083,0.0,2.2325142833163403,7.901145989378729,2.292560104315746,4.6003835820689085,4.865581882835589,4.151649694913431,5.857841393600485,3.42287016253517,1.787382268290287,9.961143967341597,2.047692100292057,4.819650201481358,3.2217491988774754,7.432328987705878,3.103207445930533,3.9353032227571147,8.923389268300896,8.406683216189817,8.684627706372112,9.190481894972685,8.28206461555849,3.8134214324987554,6.084650622821558,5.403841629290688,2.6045474096865657,8.02104189037643,1.5482915273498323,6.118923818793203,7.181254412215068,2.24960218957281,5.6648154904546555,6.351477796850188,3.2617796039474194,3.2407861182848197,3.1229401396355847,3.96009051883143,3.9357961178200425,7.651339013607527,5.236679942549307,8.960320091271683,2.134761310934351,5.443888465199914,7.572077707852227,6.142511818941687,5.92081407299077,7.990682660574084,2.044860567366844,4.965680056199243,2.427030920347577,4.835286137978056,4.625103929126577,8.57646347091636,6.177198573972156,3.9323908397857257,3.5025674719758304,9.472091580998855,3.7490817065766344,3.395318797028574,5.03902413923774,8.730989556512718,7.719744340153053,3.674602915630128,9.126002235795514,2.9885592733543476,6.729302124445006,10.029831605415964,5.1651434324166585,2.3841363000270395,2.531573400721129,7.664041282894967,2.9943007907845067,6.674435344749797,8.044659618332519,4.26233524018908,4.662550426438547,6.042475186932173,1.7085140709574733,2.9327129744508387,4.92434968076683,5.405125188957219,9.197218405453942,2.6984762994566,3.2541199767558635,8.382423424773298,5.096930387731137,7.571621724827232,4.13570529870427,8.546217710759409,9.612001215984813,4.488868457501003,2.9205464496810483,7.155614606682075,1.76223634566083,1.6923001503159516,2.5421695691373523,7.003825511742334,9.055882739819662,10.957378088582722,8.109692306358413,4.550039342807647,6.432286944785662,8.24663383932331,6.27666949175306,3.8106893925070477,5.315570311811151,8.740043393967314,9.764531572079868,2.7825383842621916,4.069207731246543,4.637540778572432,5.809761262189977,5.4755354799783005,5.005003801720486,7.683490150208247,6.9379597450027655
DEU,8.347575899776018,5.294619395357615,4.846270598492404,4.3432183575592465,5.10301316437941,2.251529222257033,1.775274159941727,5.324624419631108,2.3911600348048476,9.162114425009467,9.744938124391213,7.99509936038853,3.717342908406605,5.087357871908273,4.7680585034754515,4.744267794454209,4.2722622457516275,5.956959923151065,5.786700469606067,4.265434944383165,5.720912014012645,7.1365563225211925,6.436157026495024,12.26940396962134,1.245248725440304,2.703223459925836,2.8078834012236524,4.926347413101819,8.654217364326398,8.088174777429604,9.570890201651165,7.963280542995748,4.215851968081641,8.99417362014248,6.019521137880715,3.828038399219949,4.4667348131552185,2.2325142833163403,0.0,8.680176334400455,2.1921405646122816,4.73886756367072,5.276929068954053,4.501660580163936,5.938989971661852,3.0042836769565584,3.2617629871727543,10.117209246776055,2.1144955590472163,5.730401006764744,2.088763758539386,8.246394595029575,1.488549011109284,4.646830195377818,9.192241889999663,9.052648316534391,9.034956821932754,9.655214031777758,9.010002544614071,3.7620995459104187,6.282913145823311,6.1233854201255955,3.28641838144863,8.366596693090338,2.9378683167241797,6.251187060067045,7.215308565024914,3.251104369668779,5.645237004212523,6.812645828330032,3.844938105659582,2.6540108118001524,2.345197862035321,2.2235150119700973,4.051284079420885,7.775426189916449,6.101248075636739,9.533024331694367,1.8947626272123708,5.888833214425392,7.419922857160578,6.902725955653626,6.212771944895264,8.790511679090084,3.4802731823823945,5.295710985244492,3.4379118947501155,5.318785778168406,5.334192188176268,8.860526843101056,6.763256824885929,3.638558481795157,4.5941860864629085,9.898109054224248,4.34192907522127,4.347546321790432,5.869178194919944,9.294285971667591,8.554260650551313,4.674369078531752,9.395043822866183,3.857614784900167,7.449165174607464,10.476820621740336,6.0104374763223545,2.3345735122665037,2.3677867907404857,7.89414894473469,2.671393374059536,7.114985026063539,7.963104966678006,4.698544824672983,4.704083852922791,6.053511857930575,2.1295690452810985,3.133846705420693,5.543664269104409,5.712074841387509,9.317236931893065,3.3699865583727435,2.332577488450955,8.787459349750472,5.344938766244631,7.986748299538496,4.626904738123374,9.223470410412657,10.089137792417176,5.052763620857273,3.85151658472298,7.809676482060578,3.2158132564796365,3.1878212509349293,2.1139009408283753,7.949484150402508,9.248511422352578,11.521162216134297,8.671986186574777,5.095407852913767,7.027718184756707,8.816356528261903,7.208964884804529,4.574413259186306,5.119006178954876,9.02173968218428,9.967937181310502,3.2004902777478925,4.177888847749676,2.8578212026564365,5.897141709230741,6.100859397842613,4.887170268276343,8.147506957821136,7.2356665682672014
DJI,7.004241215403735,7.6779334959822,9.406104825074884,8.687939831115068,7.195445805298686,8.812987572284362,7.852595856886342,8.6973234031668,7.2091043091958555,6.945544054716861,7.38019858436319,8.112887670032055,6.650036127821743,8.752476470498987,6.565328721830224,6.8795390203699025,8.016859569659394,5.146603361013633,6.925963422206164,8.08571115186516,9.24561572463943,6.868082548371839,5.274501825859144,11.22983139264795,8.580615419962607,7.9182360135191185,7.488408870117223,9.084733374342452,7.070780646610874,6.904080416915307,7.802998736358658,7.394342560416755,7.487997495330011,7.0523077191971595,4.5273626147800545,6.421287724298615,7.002123031691582,7.901145989378729,8.680176334400455,0.0,7.7189950657503195,6.441913158374751,7.156701648605745,7.229212878447497,7.939948709408215,7.777890379259204,7.589490040482678,8.597820250229937,8.169459499943585,5.336799911602477,7.827357053060396,8.356606692195275,8.139504442888484,6.262819898635228,9.060532691998702,6.58167200392625,6.435791817078697,7.4360214403002365,8.91958626809281,7.516920125630512,6.343989457021934,5.18727396769596,7.145630157520953,7.012743324680377,7.021652092690701,8.379316444246706,7.954376674835832,6.8339814087099775,9.105871151279123,7.851925544380116,8.235181292543535,7.709616154812177,7.919077747970915,9.530364903612218,8.122636849305959,7.096308801776375,6.444534459131004,8.704811118572149,8.87259358322553,9.722045324833259,8.288311217771108,8.357400860121647,8.35757147049319,5.694655520337606,6.945568846399747,7.842047852385941,6.801351243235613,6.331788347522542,7.218908419470867,7.490863343852778,5.22598227858054,7.297063722220525,6.558224987256422,8.028423746381097,6.466458622148962,6.285823761216946,7.0472126275306435,6.317603604229667,6.70126848246996,5.777786850433692,7.607384944869685,7.718946735962475,4.943105266492598,8.716840271517777,6.018530283551689,7.611396766198194,9.00673276731197,7.101634893566415,8.137718016181443,9.776145769848856,8.140284955869506,5.888442541826766,7.45530253951309,7.294041245857429,7.857880003550024,7.09870447920949,7.03264970713541,5.810250162989868,12.667149458635253,7.505749736569557,8.557572671788822,6.782245172746822,9.374934576177655,6.294271547221327,7.953112534677987,7.47018511884648,7.971994805899809,5.802105764594687,7.276121188795511,4.372147402739692,7.002663695664091,7.487143733670817,7.879149558830521,6.008033892799259,9.95840090368938,10.207562643541918,6.395719781472205,8.210170984240674,7.153173183641431,6.897725541923522,7.401263130440648,5.848892009875047,7.823361304021071,8.145632602952771,9.007412570270844,7.176724091242981,7.318849329733844,9.186444387983844,8.4113599065975,8.074775895307575,6.177691068942214,6.2451385193374795,6.196953723132225
DNK,8.30248126159373,5.239064600420341,5.214646292154367,4.956872670310252,5.083641727978459,2.749635947087332,1.6515885080630328,5.854835413238602,1.2566649972048776,9.150322023819964,9.722705677355046,8.725968327291396,3.4966921746261006,4.809342915096969,3.856046362711366,4.295505532763508,4.703755675453111,5.187729242911481,5.968187461231807,4.957695359510661,5.463494309223232,6.923600380014178,5.873182116980106,12.320005360239104,2.1028342974165812,2.7606644335853536,3.3143432735673977,6.097853286037011,8.81479788653591,8.262956635592824,9.762017467866519,8.018641450885694,4.76916333657285,8.772429269059687,5.136761970281956,3.503232321285767,3.363626706717279,2.292560104315746,2.1921405646122816,7.7189950657503195,0.0,4.956462474545655,5.558328245189026,4.903884333812779,6.626142454451122,3.0579191963451806,2.5357874378597987,10.376993278496252,1.4392737704974061,5.096257106625887,2.1411518494637676,7.993774453024407,2.074805740355398,4.2430926374786715,9.635646717015714,8.98520978162768,8.79076993824434,9.408733605034517,8.967976011584396,3.281369034839091,6.463774551260167,5.933637498075285,2.7259926892057322,8.589764649054434,2.588090632670343,7.178107482808007,8.051143649247837,2.5107214875691,6.525422462874182,7.0887318175645655,2.3020517510235265,2.154636892273861,2.887961613867078,3.391685359123649,4.783652431488795,8.090763290618284,5.983246542924673,9.815630488783922,3.115299093530202,6.029270732441046,7.077895602462444,6.817977178092404,6.8327073717228055,8.294677807798092,2.9617951507268674,4.076071657888403,2.6479498460011754,5.308457555390805,5.3228438774070055,8.99513274177573,5.71947922349176,4.5390357839387425,4.005668408211951,9.951207466709292,2.9033889039103062,3.192131826038403,5.902283493150143,9.113287827684992,8.473805999447157,4.263524853941779,9.416046531873327,4.297677420254107,6.931115306812137,10.578457059919094,5.980409060898167,1.1878288936934558,2.497698465722712,8.113159724863701,2.337563410321431,7.063294808148574,8.543710540272137,4.612618545875136,5.258320847040874,6.6186543771138995,2.8613673451221557,2.8962403371365095,5.69277631357956,5.0076055310455105,9.44887031087851,3.9830461622846696,3.644758715173481,8.787618406425288,5.659611956266478,7.961834142547984,4.297510335839369,8.701321610539042,10.245863677140623,4.948505577101189,3.8094182004999397,6.8628984167537,2.7817536524832853,2.6114922773125486,0.9523811256702764,7.679120964349149,9.384784731476707,11.636051526554086,8.63610470425477,5.736668747256633,7.135470323248697,8.209895048025452,6.558695980121031,4.388177484395483,5.485033548810341,9.37536359782731,10.311242135860244,3.66357368623795,4.048912264452061,4.112948773566368,6.490504915969028,6.743486317568585,5.135486896969121,8.27848100803613,7.338977142328807
DOM,5.547326196458761,3.7089890882255063,5.750234933459277,3.594407009793652,3.049687766363482,4.448871999175337,4.394732478316269,3.765845006585578,5.02034408292044,5.425112249803822,6.361376809412933,4.457625361561801,4.00658360119511,5.840591628309542,4.595432834904014,4.5496802547115465,4.008091053631745,3.7195641260911176,2.939519950521853,3.2256114807236815,6.184471720678745,4.37758260069673,4.826145977451844,10.140471895495741,4.508199959592989,4.603305374490753,2.3549701952635114,4.249461887884556,4.870565138170366,4.365128501536082,6.378802680834311,5.407709551181711,1.997022750624415,5.253158954919492,3.6600756055792747,2.434219505868825,5.645845455711603,4.6003835820689085,4.73886756367072,6.441913158374751,4.956462474545655,0.0,2.9760343783566583,2.077603569612551,3.0922024082729678,4.562763755215999,4.894182753685949,6.699239423948645,4.740450396546015,3.69541320782722,4.556301312569679,6.604140414756853,4.518688144629475,3.516901614900412,5.972591430362596,5.594663921589928,5.099193081296992,6.188172297613112,7.222283812094863,5.010099938482239,2.623307450032032,3.2947264069383073,4.195555656581687,4.176427389870159,4.156961270268842,3.4440071057851003,4.388670413766207,4.7382343719727,4.370208472636541,4.608609826455124,5.381450788636448,4.236606506490637,4.151794896067645,5.126118526317084,2.9869238375769007,4.4413821281950785,4.03148182433752,6.527536360366942,4.4332693126859315,6.17756903495205,6.552354297996197,6.740900623853958,4.48628437348759,6.6765398286119195,4.188780027359167,7.086681240980893,4.192399594973345,2.778111145882223,3.775724968434741,5.741954184040554,5.4118279454390015,2.1529204022851762,3.7826754456351788,6.551391783495459,5.0812718156972485,4.219936949022748,3.7926160452515134,6.316473714457976,5.032011652827985,3.3983858898154895,6.36936363996941,3.6261856472950247,4.916226538243131,7.14758067284171,3.1095788075299247,5.248553187017072,4.7748146311425845,4.092650908971914,3.8819672691459077,7.065380885525945,4.502970752758476,2.732824328629838,2.077094293283465,3.135587779515016,4.031896708795161,4.08338689677447,2.176825637025485,3.6878652335861615,9.696190998213513,3.003504157086951,3.7475304450995637,5.231315992239877,5.786091725090808,4.4714131787884845,6.152947592075616,7.004357261133525,5.928500563603515,2.448076643697876,3.790705061068187,4.880493891280641,4.594083692482292,4.772227253416714,4.782999693839404,5.062550381589255,7.810644722001739,8.684827377659508,5.059271045178142,4.46688969875413,4.122821689521314,6.870963121429312,5.702137221515564,2.3651202527519377,3.5899451010287327,5.5285898279704435,6.613462055550231,3.366874472044614,2.311828959011022,4.810675104588516,3.427995099874138,4.203442792957998,3.5779560165490985,4.6026486000059075,4.303494548261793
DZA,4.024388816521019,4.299747896780021,5.807020491017555,4.394900234167778,3.838667309697917,4.830738485659787,4.930043959193587,3.818905408610819,5.547468075034118,5.462216902526124,5.623937541693275,5.336993319241993,4.773800501521566,6.051287596344788,6.235763145866991,4.67528200584051,4.696960645544689,4.5891727558212665,3.2660748270669524,3.6734550749752417,5.449729976665503,4.021320675715567,4.612131408025496,9.509561291150515,4.939451444720678,5.808685317768687,3.3877165238935096,3.3946810849220332,5.086347048568809,4.314694756021715,5.779469733813266,4.278802220517546,2.5972828327017137,5.895740632573311,4.649750447259716,3.497376621090226,6.347530481479899,4.865581882835589,5.276929068954053,7.156701648605745,5.558328245189026,2.9760343783566583,0.0,2.514855683335252,2.775374755711121,5.005991019314162,5.682327847479074,6.7265864109039395,5.090032511455201,4.602951006962577,5.0065144202153,5.528147668229341,5.326431686047787,4.4392490124099915,6.511352170963121,4.933129913832258,5.645782768839983,5.96500881007961,5.995329751163127,5.416869039270701,3.3605545035909348,3.1293315489878526,4.66487229195154,4.8758409846120365,4.717489022033893,3.1407676132655338,4.127599497221531,5.455870232289354,4.445287168094366,2.6008461758403505,6.0476251205026434,4.763170933999964,4.432073326854834,5.7590510319646855,3.939883296197588,4.830467718337863,4.027913243855624,6.599148104828326,5.0029424519510055,5.458552359472931,6.620445189204754,5.33620363959813,5.38320933627731,6.090492842853979,5.068865510774739,8.11860544188993,5.362559953118158,2.2255884116497393,4.828535296226923,5.593546459963828,6.190977738653867,2.8375195637719623,4.4727815864307425,5.922360967922271,6.353789386803188,5.054049412415043,3.893130239292841,5.75538873943776,4.33051685332262,4.709901564123347,6.264982612840833,3.4389033254114976,4.382430235330554,6.404253129529864,3.419704273359166,5.727450548139874,5.091907261006526,5.0351136479441045,4.833463010700766,5.878247224941836,4.673855042727019,4.503024398344003,2.9113850164399877,3.423192593503366,4.279653035939972,4.8366194075583975,2.978095620560388,3.729004259170907,9.006642109131628,3.5396315949074224,4.126129266829318,5.113707704082898,4.285422475176402,3.979063864897205,7.238174410729112,6.3956943483491715,6.462160433457836,3.031822231795993,3.980641802328215,5.561977879531001,5.1258297458765645,5.123214073390382,5.232077165337702,5.063963621546856,7.511139524363852,7.745196297633073,5.160286265888259,4.266158107721803,4.070437195565514,6.360035742554867,6.10185520263704,2.418754655302711,3.3342622473910732,5.323155305091913,6.419735004508413,3.662740912625312,3.9836621780365307,5.6287477046989345,3.93552372601163,4.131793616148276,3.895077025391339,4.602418096561604,4.583937767162957
ECU,5.384450990407045,3.7486479252878095,5.182054710184592,3.9355880361872244,3.2932633054909237,4.310112104714729,4.100102428065324,3.0529498320528448,5.045875103546897,5.42900903596738,6.088263019663454,4.67183974806358,4.158355084930981,5.326029574563799,5.720984110668439,4.555163210926247,3.7297042444391573,3.9234508656754685,2.207026973451277,3.5483354723579628,5.599526628792066,3.7059571720776967,4.7170112969261275,10.433452907916955,4.3391025981884725,4.682064249828512,2.4227361535417247,3.2678502876410964,4.944027782194865,4.41326424633704,5.856679857820574,5.297565156111633,2.1425112409601508,5.574678886930987,4.316134422301,2.8176993027006043,6.084194321435306,4.151649694913431,4.501660580163936,7.229212878447497,4.903884333812779,2.077603569612551,2.514855683335252,0.0,3.3311420080613905,4.991767728104964,4.766902509252285,6.5762955630993645,4.532043637299434,3.583201532789184,4.656302908754132,6.393233433707014,4.674380467644694,3.8964007072485356,5.985340127360828,5.40319386400933,5.84125393091955,6.164007336868231,6.9681189479632915,5.448264101264614,2.744072279414106,3.054433478926572,4.265526078876076,4.907468521620823,3.966628711231826,2.866200839863839,4.222807861878444,4.8594930823341596,4.521224442369173,4.010702192889128,5.197625180746343,4.187670928335256,4.268621611662766,4.9568057480626955,2.8957859550313803,4.440715942390518,3.1269024009341657,5.966030359083516,3.848650091314487,5.579992622280817,6.876471926616495,6.653568801839651,4.055726509092158,6.6284436087388645,4.137382193809166,7.351132914887603,4.417830981962858,2.5753966940233575,3.0030610616970232,5.38419526218135,5.742105641999196,2.3519680773385905,4.176612939083399,6.215278302327864,5.363244359633918,4.522473309713591,3.0931311527713365,6.0035138330369096,4.939229345424312,3.617858108764464,6.282503671709018,2.5911267554399324,5.018735344833758,6.686318638950853,2.6528561879423567,5.207334344442524,4.216851502261573,4.871544458161611,3.91140256741628,6.333562206125689,4.5559896871161225,3.0318734324933376,1.5134974770059497,2.714336319346963,3.717029116690466,4.418766638397474,1.6033650981582062,4.192464721691099,9.051129674989987,2.599094428231715,3.5352350954219123,5.390987431578528,5.004399383236575,4.452005575107806,6.240112460219538,6.225016075077386,6.113098386111816,2.1739612002581925,3.8480026590514163,5.4855741402327824,4.534010276359913,4.469524778232958,4.682017197462261,5.298821238991755,8.317993787747437,8.143609632401782,4.9066660776725115,3.0039181116916147,3.7246728931959594,6.46845348932159,5.181201788962927,2.7447742845124043,3.5326094723244226,5.265099771435521,6.43347058791623,3.172165232437549,2.916781521297555,5.134918651484778,3.1368181158555193,3.009056737168123,4.30881273357925,4.73683032624905,4.384316625248176
EGY,4.772448860444117,4.663355257546169,6.887585398225015,4.1220226109587035,4.060192131149406,5.6604186984243885,5.816391865315605,4.199175891929041,6.634620889312432,5.534793448511779,6.001329578880311,4.239695351221481,5.672330339139742,7.42892387836559,6.584166193937554,5.532637387991611,4.860718499283607,5.094156237988311,3.8673863688869052,3.9208299159303106,7.063616198169452,4.939921236220735,5.741397802608803,9.3492493877803,5.67474106837666,6.3726289582216396,4.194671554881365,3.7965410930565016,4.909244302614934,4.152296682237798,5.998553257338295,5.082303786153525,3.1800547866628035,5.609516348494247,5.5414499749013055,4.239717503965851,7.093784757509588,5.857841393600485,5.938989971661852,7.939948709408215,6.626142454451122,3.0922024082729678,2.775374755711121,3.3311420080613905,0.0,5.678921058314769,6.411791193398467,6.246146931724017,5.9298987916814365,5.247324517402445,5.759830269558064,7.11845859521143,5.8650728917013355,4.830087049900311,5.440438763710822,5.2071434853738525,5.344140065560239,6.304777881219357,6.974058307590248,6.311008264135994,3.468997901837576,4.062568134088361,5.37136095658677,3.9995983112214093,5.565593007794157,2.612341620187997,3.327798902455409,6.21580054807725,3.602697368183259,3.8885249129090504,7.128640553329947,5.695189454122927,5.1041396759922035,6.38719426596335,3.5277244206524854,4.129741004408426,4.456251486982013,6.673508049989798,5.821998185763134,6.928746783893915,7.060799484137266,6.698305223327044,4.853118979892264,6.581068126150488,5.797798886882233,8.974215517095907,5.947455588714706,3.3739588306036605,5.076290513149149,5.496538124635612,6.704760542911924,3.3084773685736732,4.939021864439804,6.071386481865398,7.4163758564694975,5.786624004134697,4.798057159034073,6.148621513979,4.676440389436385,5.096393966008592,5.611988620463311,4.5997895974629595,5.037051071427452,6.465073123748222,4.023791467643605,6.818700847528526,6.021199221608242,4.579553247195669,5.442980811340871,7.258338947909299,3.7047702505614892,4.841275542447296,3.5921468805690657,3.1409322903030596,4.953254954639794,5.438111693525889,3.2806071071086396,4.461013990400162,9.992762413330258,4.034377963312275,4.3844570491469605,4.6884331532747385,5.755529682830764,4.325525960749921,8.181887625568773,7.19740526012258,5.888474353181956,4.193708757536171,4.4496739954160045,6.0541116674126165,5.8471164274041865,5.935300820481864,6.246701692786828,4.935240110542337,7.299418534936219,8.309980529507126,5.292557452078248,5.124898798210479,3.620893858398127,6.9340542219963055,6.739578234239655,3.337331617126868,3.971852696047117,4.698064922483506,5.872009197895876,4.271612651517409,4.459812278597113,5.679524419659207,3.0945785172482565,4.268053955392625,3.92218343478775,4.141807898242255,4.1769194349052885
ESP,8.097593058464872,4.539496562911145,6.468093539029678,4.669203986081514,4.544002554479493,3.2357745760776577,3.077259804093467,6.128452747468189,3.093721856228803,9.025048343444887,9.435178275435344,7.767972894006729,3.319389426957908,6.669467389306868,4.198693667969037,3.3583023680033897,5.100983698652865,5.555447925584706,6.365174323631805,3.950163675036744,6.430596282223706,7.119668098018449,6.38347700245563,11.802354421667415,2.8917082528874816,3.949211162092567,3.227054981680799,5.371818459375476,8.57145582612,8.048771863810796,9.6612069019482,7.816884204844866,3.873622693696682,8.5013205135778,4.984931056355678,3.262839723329917,3.660710803752528,3.42287016253517,3.0042836769565584,7.777890379259204,3.0579191963451806,4.562763755215999,5.005991019314162,4.991767728104964,5.678921058314769,0.0,3.9983235164233335,9.91235194714023,2.8688521194519394,5.773050601313355,1.9913438795340133,8.120430757002696,2.5320659993098076,3.8287614118022133,9.574882690955809,8.808161870182664,8.34142225265795,9.257624175479146,9.512157068038801,1.6727880132368382,6.137848363168912,5.820908505502217,2.4098669271912287,7.7252981288066,3.3021923231753174,6.514720124252575,6.993758885363653,3.4181111439515393,5.894474501933854,7.02997276613606,4.480230328506815,3.4945406675232293,1.4894484729467776,3.3539678962886192,5.076700240851958,7.732919088081927,6.491009171102407,9.890412688302723,3.877910809090484,7.10174010717679,7.5400922535239125,6.655017570396836,6.160854838152257,8.508981759272338,3.6412717222492152,5.994356605683393,3.348834914691979,4.80987798992976,5.89060760827791,8.908319068403134,6.225353404958154,4.038270980931237,3.543189323510202,9.854332743873307,4.6242858765600445,3.4886086446308755,6.4501906064953145,9.107392248379933,8.329094765642475,4.4964737263149255,9.147450070374335,4.934350387538906,6.962275260556701,10.442163689605763,5.9509330651002355,3.1672260468301077,4.1529033096327925,7.007118944822503,3.300235986901302,8.122034511149728,7.825198840250682,5.209881230504199,5.065315643029544,6.322612015221849,2.641967120042078,1.6631208207317993,5.7191783443893165,4.901890061671646,10.825733339192327,3.660709801246198,3.5921898271929704,8.042654658800478,6.403554993961313,7.639615469229607,5.6624572810224505,9.367922529267137,9.956385088891778,4.9118811598141825,3.1804034327764237,6.9920320511308445,3.4095578128003363,3.5876131044576636,2.7819502288761897,7.42308047351659,8.653310951334785,11.574701266236346,8.630654479804859,6.174398274452736,6.97019107727003,8.61937736781199,7.212927734368943,3.8271336033030687,5.145683755723106,9.078846959518586,10.061809802640303,3.436466629511007,3.9962979658424027,3.4749984732648938,6.128917923231432,6.821443091514965,4.535737394643509,8.08739170183083,7.229354647777772
EST,8.323016724466997,4.356933955961055,5.0966309637539755,5.333433199710115,4.195755497939098,4.03106226490994,2.241386529841676,5.2558645335388725,2.5302613156688762,8.993173834423278,9.598773060503836,8.272835748873547,2.818318172193022,4.838071709828902,4.0409570915970985,3.691174451911757,3.567654001085113,4.645482458660851,5.616802957665636,5.835705274097493,5.153223671077528,6.273772606152355,5.68584180480415,12.215104447675136,3.2138854311636025,3.134616260807649,3.5742890005084553,6.2567422414766805,8.520094169673515,8.16534286063849,9.590280346676172,7.630310572377744,5.135507618896824,8.439952080636322,5.099563209512256,3.8938184116213552,3.8618246874909476,1.787382268290287,3.2617629871727543,7.589490040482678,2.5357874378597987,4.894182753685949,5.682327847479074,4.766902509252285,6.411791193398467,3.9983235164233335,0.0,10.187264866646291,2.40526353089332,4.504445372083785,3.890318465585262,8.080759810199924,3.694797877410995,3.7373186882486147,9.028355758728617,8.722341398492041,8.627868172811743,9.325736060982969,8.793582290289027,4.05160790076614,6.44627284224836,5.728952949096122,2.682324692998182,8.15477056650275,1.9061696180183578,6.870492292267789,7.809954559235644,2.114163057730525,6.068302903373901,7.148269691673723,2.665944094893133,3.5547562956749243,3.921644292363579,4.815942676232564,4.112750932689971,7.934978215090439,5.285609495801323,9.238552971151135,3.275246645185089,6.2780643008862755,7.765931378599201,6.952837845968962,6.148514779551355,7.966682242986012,1.8291633725196559,4.251326330248969,1.8817574944291082,5.390098919927473,4.518377064570985,8.867233364493378,5.571385733238406,4.859472579653925,3.1042699504106257,9.845127555938186,3.057369185502523,2.727024386987052,5.035264675209831,8.967957649266678,7.996265587672824,3.278788681578187,9.17063845049528,3.8823032916239355,6.763154601923308,10.42633021173813,5.389164457044532,2.750387677652262,3.280559541143318,7.823149053326167,2.984211498562864,7.38965450435705,8.470215298872551,4.207101396803012,5.3647081615499435,6.587960185816839,2.7232939624511223,3.1868481569835527,5.233345189356651,5.4809428782403025,9.761217029620699,3.4449948999282727,4.094551869898733,8.54025310496299,6.09061365128638,7.946260873104887,4.254391113876617,8.557098223108934,9.678714676339139,4.942505569658131,3.036638753126194,6.733587444012013,1.8763396334948264,1.7224458463802494,3.0946645031541813,6.915259411507536,9.267119038730286,11.55666525623211,8.302386114181672,5.3733147648964765,6.571076683254098,8.182475720805668,6.018619876944827,4.168920267344177,5.818753009310104,9.06728958505363,10.094192581351793,3.3603014217724594,4.15422839696535,5.222986456120334,5.988101941759647,6.096077653812621,5.283135828232366,7.9282806620821535,7.105826618030492
ETH,6.380255661622547,7.880753086033469,10.40772609886972,8.17108243242122,7.589561005395143,9.718569800702994,9.811552385671629,7.797383938374346,10.411349717463764,2.7803640071436186,3.700638041392478,4.22978724400395,9.096198506377377,10.645257626610425,9.989680404444572,8.938003855962537,8.627884184561363,6.904330265139945,5.535130036499915,7.52242488952109,10.88724637570629,6.314167822712541,8.223688294437057,9.68313271373915,9.979377622513201,10.140079612782102,8.273839803437895,7.240142038168642,3.0468640889419314,3.7790346579325305,4.615182409347502,7.4296375932180245,7.12439455306158,3.7617801796394312,7.246754707883395,7.803326385798145,10.347972016414076,9.961143967341597,10.117209246776055,8.597820250229937,10.376993278496252,6.699239423948645,6.7265864109039395,6.5762955630993645,6.246146931724017,9.91235194714023,10.187264866646291,0.0,10.007269594644592,6.704719769083643,9.655532827186699,9.22482200146553,9.838598001500772,8.034344465465818,5.660932641281369,4.2718115860345796,4.049020037162214,3.697913756326704,8.92095174848461,10.049265908473096,4.761306260085772,5.6778196340834715,9.265776860255835,4.323897569304938,9.327151159324718,5.453337806879167,4.480695033912048,10.10460797033617,8.25392455201736,7.053954283189915,10.547198413815863,9.49071512086365,9.295912512873747,10.361807294850527,7.713617330010426,3.3789847131762154,6.119425715495928,4.668125503320344,9.755685605581489,10.556784052133004,9.273746043988183,10.547524256223971,7.069734907468079,7.4111363299437345,9.546451819279559,11.86000700358693,9.57496836363722,5.898758415394917,6.9598099602692205,3.1881801624162507,8.003947080288926,7.409826367087018,8.647510405535279,3.32359033722104,10.327279048888283,9.035117865795206,6.75704179752014,3.9387429897354593,5.1356341356405215,8.031004516333756,4.3504130128202245,8.05793713653692,6.576115518366301,3.5961276048036277,5.647986898879486,10.494704795727316,10.119511854973668,4.435170638657609,9.272580294505625,10.264600463309018,3.296041744020188,7.463887258909744,6.479916031327017,4.88592363886933,9.221322173041354,9.360863057349723,6.045338062739338,7.486425243985441,12.567457687419171,7.984615052748503,8.703565072764672,3.422018463326745,9.637934322107732,4.024495332500783,11.350579080747629,5.6622120853953914,3.5484836561723223,6.491198394609783,8.769394149988567,6.780281929798702,9.839092332784077,9.847546235609002,10.16386445114315,6.751054790889623,9.335705480431761,6.372270852511119,3.5593715829171275,7.361740475313275,5.013616799868084,7.26630941530897,7.52273914685815,7.357398208445024,7.167870806925728,2.673522646898444,3.3903883468821863,8.070374376968118,7.993229027650371,9.738599479935962,5.786369517592929,5.914723458958935,7.661152809010335,4.636317430504271,5.073323488601832
FIN,7.9681073484856935,4.73706419070362,5.126357316432399,4.427010444232323,4.639051178423377,2.4393090629727223,1.3420212341640367,5.371501294024506,2.077483100733745,8.913225709576782,9.419788142305048,8.285436887193438,3.4928401694092117,4.979382164053031,4.101714447303318,3.904773561245825,4.166815607709311,4.986746163410608,5.692251420773243,4.636176501647344,5.133890966165326,6.430531759826016,5.952165740096184,11.728817871087665,1.834938201021065,3.0482075870706846,3.0752817777379406,5.592010647175291,8.58002187373816,7.956948684506525,9.584371833641576,7.640966981873113,4.396185071381704,8.400957379185812,5.121883940895089,3.270009590771344,3.475071954514591,2.047692100292057,2.1144955590472163,8.169459499943585,1.4392737704974061,4.740450396546015,5.090032511455201,4.532043637299434,5.9298987916814365,2.8688521194519394,2.40526353089332,10.007269594644592,0.0,5.043409684142354,2.199289327483546,7.961224315265132,2.215742316635209,4.138952789512864,9.153522453099344,8.6523086493873,8.497798342106224,9.101902621343715,8.623582071426563,3.254784381132398,6.1536023862337315,5.717439389276805,2.2623137481956075,8.163647971757896,2.5837547473101816,6.65758254998106,7.584626395113571,2.6800626068174234,5.766399834885119,6.708755068218326,2.456173100621805,2.2726488034269607,2.436458517036633,3.3285325354395208,4.200278191145081,7.688993144656311,5.733448393501727,9.500309312533043,2.954245248308944,5.778837951989529,7.036742724551575,6.372322095243077,6.287538554074157,8.073391503577687,3.0216955317291716,4.793462647134643,2.769691141168619,4.976764885898976,5.1020290477996735,8.624142947023445,5.745475079415043,4.282709330973909,3.6358099454862987,9.591707470184492,3.732086858101358,3.090935848957586,5.640803631635247,8.917421410446831,8.075775436192545,4.098630481609706,8.92321212406454,4.056871447817335,6.7133847287711905,10.16137485996302,5.689003188209302,2.0691339650550407,1.9903780705146048,7.793238111257307,2.0249163047900773,6.814391684167783,8.083786602834016,4.640247621235725,5.003426794122878,6.273349340003916,2.384901411412339,2.565761718540833,5.347291329561147,4.911941937638011,9.217364920411036,3.442684408171759,3.1680699670183494,8.31431162744806,5.248848285838664,7.618204202953109,5.003179209282626,8.394825339655492,9.95815797155578,4.813823352091496,3.1248258830659488,6.816592223556038,2.679152696262077,2.0954956333350867,1.346237113888032,7.261354368868258,8.771003232447327,11.334802090707708,8.403554619876418,5.4333911930572585,6.659403756434692,7.921127186090657,6.261710322417779,4.069748315042813,5.193738092268711,8.898164268724123,9.844717942731224,3.325784797728154,3.8416949287929665,3.9399394389252653,5.8854639982477766,6.322481073482947,4.885174763193887,7.936334627436483,6.972345050613955
FJI,5.984156678330489,4.0135986925280545,7.004612116418358,5.412398501929109,3.558215392952599,5.910727634375174,4.839298024009568,5.132833261228469,5.177020382898404,5.2968437653207365,6.102226468772581,5.864655452659634,3.850463212071476,6.577966173451828,5.069761531649297,4.302873489030518,4.4416880103303455,1.9072985613387772,3.144597993355323,5.3706230152325,6.668557878277234,3.846627422419056,4.083231222405791,9.954565815458764,5.662115501176479,5.440776070069306,4.384801357652196,6.079924711368524,5.070629023097037,4.8043338763091565,6.436547266049947,5.871186349939993,4.539609946260723,4.776838704153143,2.738354345266996,3.5062035394482396,5.390327260205467,4.819650201481358,5.730401006764744,5.336799911602477,5.096257106625887,3.69541320782722,4.602951006962577,3.583201532789184,5.247324517402445,5.773050601313355,4.504445372083785,6.704719769083643,5.043409684142354,0.0,5.466895700747699,7.16561514175743,5.638474105310575,3.266206679285613,6.6058842699272615,5.185954343321935,5.227887167456354,5.4890072107741394,7.611161077222457,5.58329716013589,3.687808017342886,2.925452458458327,4.154911934863264,5.258197972653309,3.960905077405492,5.257166242659824,5.71852369211513,4.887381241212001,6.203698771292058,5.953421172343935,5.0433006439459,5.014434800207201,5.3913634943998625,6.667419507941147,4.64490257131798,4.575567320985343,2.6865856742387635,6.495322449465853,5.657348340400845,7.5589745415114065,7.5255838481489645,7.165264865372758,4.6219057011140405,5.202763552885207,3.9179411766290726,6.67062327027982,3.7848071520206266,3.594340479894936,2.5360343108214116,5.19961670059982,4.290392844516807,4.6797697546927415,3.703437973338782,6.251512461759151,4.709338388367481,3.469155316139934,3.671889660774217,5.1743215558915185,5.179066465875719,2.7869100829702016,5.744736333507155,4.415488653732038,3.965088860740031,6.902974840477474,2.4873182597969827,5.35975324796178,5.601889212306248,5.059441776707212,4.5946102437498,7.963277508453585,5.58741760192501,3.3063415235718003,4.040296536648163,4.338719500113819,4.710730289726091,4.746298904738148,3.297888229461876,3.9651829943069843,10.708934739869711,3.8078010791289376,5.19333528653177,5.1467795878669795,7.007201594411592,4.729049285569578,6.612209622560055,5.1311496126309795,6.292213168759333,2.668060835726674,4.174260043327757,3.50727614646202,4.480268151404363,4.496875989136382,5.246870248170698,4.312272168303861,8.058302479381165,8.569635929429817,4.484918002391101,4.551595689456817,3.7638777438547892,5.0822758416192775,3.4434734085663,3.4835724339884035,5.3893434718326505,5.817412663832867,7.007170011947901,3.7159781926713946,3.967354885360292,6.671350824878011,4.434707239706024,4.535238682183937,4.69624948145507,4.815120373665198,3.817189752765361
FRA,7.964691473039386,5.248269354443303,5.974230047505802,4.354650189827083,5.153845982213234,2.344601793853082,2.418179472048558,6.068743702133741,2.3597883960674544,8.71213668263932,9.236621016255246,7.923451190578712,3.8235539619655756,5.949895500243668,4.297472660963842,4.22794837763674,5.133900272040338,5.4450373060014385,5.979553911991411,3.7159749484180473,6.397238666571966,7.087339107573636,6.193902998820055,11.90681689924185,2.012051885559281,3.3859113192900874,3.1179564333985077,5.179788409684984,8.37006034983168,7.7649636645734565,9.33099709099671,7.989329464240836,4.005982377919913,8.384352896416143,5.151001193751681,3.18567994465028,3.7238475133510414,3.2217491988774754,2.088763758539386,7.827357053060396,2.1411518494637676,4.556301312569679,5.0065144202153,4.656302908754132,5.759830269558064,1.9913438795340133,3.890318465585262,9.655532827186699,2.199289327483546,5.466895700747699,0.0,8.211073775849488,1.1267674283939553,4.204760668762751,9.341438900057032,8.62367922064752,8.321474124729447,9.051847452867946,9.254649311755681,2.708264010592072,5.880379194107011,5.678417713232252,2.810191255726078,8.015417440839546,3.343522589136781,6.502707971334186,7.076418246451379,3.297559627717301,6.057114647175549,6.7801840051160305,3.9044747978718455,2.2416744789944922,1.5417115964608934,2.514339975024278,4.704993951596842,7.410919455152204,6.070341591759094,9.665803854187047,3.4213877945565465,6.647229932085429,7.005671432794732,6.887069564117756,6.274186158955213,8.341400300703912,3.819344674878791,5.385752350521197,3.481206326742898,4.8086218679035095,5.556414695239223,8.469317241657281,5.888270715737837,3.7827620334877285,4.278834737065117,9.479189721838008,4.231924242090024,3.7752335364100156,6.20241628621896,8.726016434969715,8.324255162382698,4.5714473781120475,8.833349498541242,4.582259922724847,6.8381201801217335,10.074354342977445,5.928663499994757,2.3049232850228307,3.3075693231617316,7.409421375845086,2.662955425918293,7.503911743056334,7.60436529754848,4.795358515398625,4.863135142475531,5.9764270276317815,2.7375529800942537,2.4107289687802687,5.605560084660962,4.703455145335406,10.073865322864668,3.850723779611556,3.021850410404166,8.097806486958108,5.8457971351296605,7.414533506840856,5.331190656863151,8.743069202106383,9.909379940914816,4.757223337483384,3.8349236583761135,6.8669364962468435,3.5592813372009107,3.522823486507402,1.6962998047833961,7.642829032625689,8.956867417182968,11.313341788507378,8.338872380049642,5.673785480762321,6.8233644502774515,8.109100547305191,6.863771866771748,4.118977045223645,4.947052910922333,8.809878712068187,9.759163130577306,3.4228119541990094,3.9984969698302417,2.7586906417450536,5.996932397651035,6.5531909449783114,4.50613051863111,7.8852041338067105,6.881890987745602
GAB,5.740512244924269,6.877034751782722,7.014207324846755,8.777630838925948,6.710586962601561,7.695884691516293,7.765959701893906,5.719608092854994,8.096301203246881,7.481272870509716,6.742867014593978,8.491584614844866,7.170438105413054,7.315281403869849,8.045666192243699,7.40897041215772,8.226050032622569,6.893059894054431,6.38187338922989,8.134940074877964,5.382519669511455,6.967292956337144,5.859214259677221,10.912880237667018,7.938516686090345,7.920271525106375,6.782670607159993,7.622319573016924,7.069754334392727,6.7599769313963245,6.713725206017532,4.0422919261114325,6.4766479258923235,7.976003166858329,7.180411663672505,7.305212896218948,8.392608442821892,7.432328987705878,8.246394595029575,8.356606692195275,7.993774453024407,6.604140414756853,5.528147668229341,6.393233433707014,7.11845859521143,8.120430757002696,8.080759810199924,9.22482200146553,7.961224315265132,7.16561514175743,8.211073775849488,0.0,8.391221305093323,6.811043203647124,10.177429518072136,7.18189105427985,7.857210093763531,7.386174241101215,5.191191598900759,7.822995657323781,6.976181973418276,6.3720741398912715,7.500412275331256,7.459788513482585,7.498948752327669,6.953341249800642,7.904853067011432,7.743055512163874,9.101801999740815,4.808494939463184,8.254659814775449,7.6072678594154315,7.974086986675615,8.758918496746194,7.401103575688239,8.032385439060663,6.910605097856209,8.469394929407853,7.79750598814174,6.611264958001212,8.389768667096561,6.755877430563814,8.743494519590753,8.05560290909348,7.2791797013531045,9.721237674406993,7.774811668985981,6.175083505308899,7.848408901240961,8.442973541559178,8.960838739830628,6.708329518924224,7.333565782738591,7.6132071953727305,8.39372584543914,7.439194000720724,6.158925747714797,7.972236343649089,6.003863987773921,7.620736691419952,9.75839965750737,6.299966075426835,6.434481265133024,7.951877962974109,6.529604769033807,8.347354908424283,7.648574019214157,8.170251252652635,8.01171921944235,6.075952449049365,8.360237885882198,7.328960881277982,6.165987965384199,6.76429405730952,7.2791621697258355,8.125037929518168,6.38129858632547,6.977007995446854,9.434328925941976,6.783306902181077,7.863431645410032,7.58309194757461,5.914060675123609,6.562452806638727,8.613849339688826,8.479313611788054,8.063587662058712,6.363692815318417,7.531394181482119,7.8844851080485086,7.376696401511721,7.5008643663867405,7.881160599084724,6.852307011861292,10.958049004593583,6.8017771242497185,7.231323227593806,7.844839551669078,6.9585396361532,9.509464774174859,7.564221341779203,6.480508580213927,7.188101616875082,8.039229316235373,8.377480522285852,7.544790406414242,7.6313050781001674,8.905857240979785,8.02641409614887,7.50286839291572,6.977825913936029,7.1058475264154595,7.651721621933617
GBR,8.269635385396171,5.463540506825872,5.5111070481644555,4.166304359037836,5.253193644713632,2.0528319933594816,2.2626966892628353,5.869367448927676,2.3530820304921316,8.906996082912203,9.572311411857257,7.932003835563331,3.997399228412675,5.561686797882545,4.149733856180297,4.72069324093669,4.874948841713854,5.680187688418184,5.955620195784462,3.8665969551370787,6.397283535171792,7.32367843516857,6.383484622285863,12.234234414459793,1.533448369652707,2.8707337159202617,2.9405581045412643,5.231249584256111,8.484040918438165,7.91103606738243,9.488895563684054,8.1582082993433,4.113541617429153,8.604340234472945,5.5344378383084525,3.4229372864115506,3.9742010239800623,3.103207445930533,1.488549011109284,8.139504442888484,2.074805740355398,4.518688144629475,5.326431686047787,4.674380467644694,5.8650728917013355,2.5320659993098076,3.694797877410995,9.838598001500772,2.215742316635209,5.638474105310575,1.1267674283939553,8.391221305093323,0.0,4.431511983703609,9.218489767141273,8.934416580756611,8.534910268835455,9.368617501245211,9.24864237295888,3.2866548898624535,6.048637100759527,5.991238587645172,3.2031183899092754,8.11994547761493,3.3764680202761004,6.499378769908513,7.222227957237105,3.281756080217335,5.887483083729315,6.921763400371497,3.838016506143255,2.0991430057181586,1.998060732960659,2.1662136043402525,4.297962521146132,7.557365162080569,6.193968883455347,9.653002151065163,2.9424290308101613,6.40790262949424,6.9066469599988745,7.210076509511549,6.385756521906277,8.636288520952595,3.8106992949567178,5.083795503939545,3.493012464210645,5.177446007868005,5.546573985970587,8.690413121713803,6.153436885125441,3.7011984475379647,4.525639955483139,9.74848117768195,4.088508833496923,4.043680752479851,6.128650622501835,9.076555118471978,8.515006317971178,4.657543560252077,9.08487073660834,4.4831354098170015,7.183854390752527,10.355665204585417,6.093219564460341,2.31687258884928,2.9419977682825107,7.6014946424685155,2.4882965953653686,7.394489377353638,7.757353887766189,4.604984176040061,4.815218217482866,5.985973400871479,2.7536181972783442,2.832703013857063,5.6335522813017,5.087987067876771,9.705977251621498,3.8873020935752263,2.724422450354363,8.435006275672402,5.776224984877617,7.716818074466247,4.913645079940584,9.064800322677417,9.945005680247963,4.999748710179175,4.039345697354143,7.225385272556958,3.5814094695433063,3.5687551415174292,1.7810261447962341,7.8814439662821165,9.175928875654838,11.579474371120712,8.52823575903772,5.720793356375944,6.967284842433556,8.571047741829066,7.169972656020806,4.437641420556534,4.922854180356446,8.914428852771794,9.815043446214954,3.543460035838328,3.967358840658445,2.3283226219651505,5.94272412443865,6.543716174220455,4.551110846989635,7.983983702615116,7.044269596875932
GEO,6.961099970723801,2.618130774301366,6.723327095182578,5.222155988587876,2.401591723261886,4.778460603458888,4.083556479625991,4.859224656114077,4.368732391830936,7.019587647400135,7.48464058515111,6.304257046244283,2.778388896501083,6.850736563328348,3.9812187118292948,2.663781659499358,4.713196403963407,3.17248957741593,4.667255398285335,4.8524952155637795,6.374554849724605,5.6627834309716665,4.84361821038532,11.091216490417022,4.4608100490832125,4.4189421902586865,3.4676390081386526,5.480052991321012,6.419401646764643,6.230309691035525,7.526827194588077,6.341855746274534,3.7791357449734924,6.196273522085719,3.55606191391693,3.004163829722754,4.211257319514232,3.9353032227571147,4.646830195377818,6.262819898635228,4.2430926374786715,3.516901614900412,4.4392490124099915,3.8964007072485356,4.830087049900311,3.8287614118022133,3.7373186882486147,8.034344465465818,4.138952789512864,3.266206679285613,4.204760668762751,6.811043203647124,4.431511983703609,0.0,8.231972570040918,7.010109875136589,6.458051019658046,7.168114283913322,8.469195669756246,3.4612967071396543,4.77691765187105,4.161320124538114,2.5585776674670164,5.909472341986977,3.006372876185503,5.384399630635677,5.915162322467194,3.7450934624513343,6.081786820218129,6.120368536369753,4.65534746864682,4.272914261183741,3.9139359812257712,5.436923726466875,4.285949009482401,6.050361791504037,3.869785983436621,7.944677980449181,4.799042672279884,7.66522507491793,7.483854058862066,7.281958518143736,4.679581870339951,6.896182555614729,2.6120525761306754,6.318547170656473,2.5260562762601286,3.803921344141076,3.4903908276661957,7.1667178725537575,5.003089687531021,4.169929706518551,2.184740699308115,7.980299801837767,4.40218820821443,2.1475092592647864,4.534011920290245,7.1670841678921855,6.4742774905687615,2.791088578906448,7.579153626328755,4.2388970090470375,5.250463331279011,8.570487415206658,3.839805342573022,4.553916297414761,5.119453401321057,5.488123240888135,3.7364154438140966,8.032958987108165,6.438079139141066,3.9792654707625337,4.112728721472446,4.818622993436019,3.16885449917203,3.2581462504286516,3.7881009148563294,3.86617768359062,11.131485606074968,3.0098803976163158,4.403208168135336,6.137293580178018,6.797404403793678,6.10407320622917,6.016054000214903,7.462428660000883,7.616626835435579,3.5871451466914475,2.9717209111307885,5.154271997961127,3.2062102022107255,3.562555220315897,4.31570339282516,5.333551658187638,8.672254624743514,9.66819921818141,6.441567960502054,5.3624579580203315,4.336131081345176,7.306021837873414,4.761777299070636,2.965871526525554,4.892096004035368,7.267527642086613,8.258442092383806,3.0311413896686767,3.6778688224282314,5.262248869909403,4.531652071366622,5.309012207066655,4.299914559396618,6.254850187974356,5.539128055639049
GHA,6.194181613174501,7.750237873320385,9.314280531837667,6.178751997730209,6.95259353362212,9.22336228778603,8.93312109390606,6.95212588887613,9.607903409769348,5.456154188548754,6.8846719521033695,5.002200030477318,8.605919148832392,9.339844312140476,9.55202520667245,8.981292567664209,6.174129819155561,7.081636812307644,4.80508340395832,7.006654491987217,10.100338047247844,5.749195113302021,7.6473216081205,10.146159934372449,9.123735891346282,9.35826935579383,7.407479825502908,7.071686301350983,4.964617115727759,4.826462230567466,6.530538819426654,7.206399178293633,6.729251038973305,6.15685923870599,7.574855255839804,7.20639653502095,10.356983123811409,8.923389268300896,9.192241889999663,9.060532691998702,9.635646717015714,5.972591430362596,6.511352170963121,5.985340127360828,5.440438763710822,9.574882690955809,9.028355758728617,5.660932641281369,9.153522453099344,6.6058842699272615,9.341438900057032,10.177429518072136,9.218489767141273,8.231972570040918,0.0,5.335505247761103,5.656861711188287,6.738630350618577,8.4244102070199,10.26734459917678,5.243541285494491,6.077463814308074,8.909919790524532,4.75972660712288,8.411773909772375,5.0397276494543695,5.245888847057422,9.312736573887962,5.288478763052513,6.767991617071278,9.57051583371575,8.785069877103638,8.947059108001444,9.827161166559586,6.298542413440865,4.592253069170237,6.163119720465943,5.90264492301314,8.757063703343475,9.209642534846484,9.146087519020687,9.520071212774827,6.757802113684522,7.139961727784788,8.733099389037081,11.081454051880945,8.819791018364391,6.322369390852481,6.677741722538741,5.198109151978834,8.303748646283967,6.826042851461496,7.980888161601929,6.206569756462606,9.553368179678317,8.711270064421974,6.210192151304455,6.141646071562844,5.171698236869146,7.5297942383342935,4.526375308690555,7.3537651328820814,6.648099471508204,6.498107961111821,5.412319282062306,9.763371699186692,8.890243357776798,5.480303202086118,8.373738689862062,9.798980512473404,4.713637849270108,6.479892972665226,6.124096768641118,5.3489115501273305,8.656151731867766,8.91825562781437,5.388225944198291,7.132029358327874,11.264059840441996,7.3483366288866225,7.70866159786903,5.8658034934235435,8.8072040075758,5.583375683719925,10.420321383416656,7.163136189028169,4.881525100535995,6.514168306491586,7.677513059676308,6.9412012047076415,9.106814319906674,9.07619929151362,9.442349941038453,6.395645153521192,7.935123393364175,9.52410887962753,5.317545790056849,6.938848819520771,5.637407882890098,7.046168419537839,8.634542552273379,6.6763661791165605,6.655637284201827,4.011704462841403,5.5507287120003355,7.363589144284567,6.7360867438122245,9.325800297687238,5.0803564846030795,5.677470672733256,7.095872768184641,4.383231866479672,5.033660862413648
GIN,3.285695632064483,6.917892510883398,9.177042287124,7.424187195264016,6.477152057809473,8.835953574043941,8.4520526714462,6.532188022227221,8.911852541160446,2.606936794100069,2.36985894142785,5.108430196258258,7.552632429832359,9.031548832849227,8.816733230266347,7.480369801347703,7.275589821234096,5.460078994577494,4.236294845097375,6.892657223055396,8.621326130570331,3.997025919136975,5.4591586223557425,7.900537739789091,8.883838227803466,9.139356706617884,7.241196547897358,6.784968757175728,3.0238875200444144,2.364538426165443,3.629250650595911,4.636129164080445,6.134301917404801,4.1552451252693325,5.650961500127308,6.64043529825745,9.214140868855297,8.406683216189817,9.052648316534391,6.58167200392625,8.98520978162768,5.594663921589928,4.933129913832258,5.40319386400933,5.2071434853738525,8.808161870182664,8.722341398492041,4.2718115860345796,8.6523086493873,5.185954343321935,8.62367922064752,7.18189105427985,8.934416580756611,7.010109875136589,5.335505247761103,0.0,3.911661872709042,3.2445165765459154,6.445814618572004,8.94272670785611,3.969754939977456,3.8195795438145255,7.856303294023277,3.885114310511753,7.836642906278857,4.982737135322611,4.578328841230566,8.621744896399994,7.197592989929368,5.067478499949232,9.200209157015905,8.343499938005301,8.31006402398902,9.610616837430568,6.9050283868112965,3.1994714809368463,4.855347486844354,5.381315249923749,8.779866647682441,8.749048861104948,8.662448460937943,7.582680691910697,6.560730003822155,4.301039070858084,8.030764462786383,10.78442849630956,8.154233343652571,4.486146483002007,6.210811064385807,2.8193944725820614,7.207393310379938,6.3503526753653015,7.200045153177975,2.464501603373304,9.060152547127826,7.708558421863885,5.555875028518056,2.0986373208648437,2.844558114148322,6.675559061193913,3.518747601191213,6.794892701529126,3.7444648467360704,2.8482153846219727,4.258852146288091,9.118960709877198,8.79080204059265,4.896994555501508,8.321239548427247,8.62294105769658,3.9275236836336616,6.360079376085012,5.634497862027057,4.538240446616249,7.97215998287422,8.166610636213882,5.007856241679337,5.844702547551369,11.40504708082996,6.704835123145471,7.720547800637309,2.960544441847201,7.92885515290633,2.148145074149209,10.237727401218082,4.55612155280841,3.9432357754984095,4.895616438996963,7.228596704598144,4.928060356832963,8.198226631622614,8.291025629844981,8.804653300317504,3.9841861857690843,7.970710011094433,5.624767439006979,2.11882417924972,6.340485165006117,4.369464799188118,4.747061890838589,6.339346137685325,5.5726581566306095,6.68265749523829,3.0335581346334606,4.445086201452489,6.8490739621321115,7.015535878203953,9.31369788860912,5.788154766981952,5.347678771229211,6.003504255469817,2.5691453778939786,3.0379389467935947
GMB,5.261268871113616,6.6384718883723846,9.44229217872661,6.870559278248674,6.093162639815874,8.391269935648882,8.48996761809086,7.234546106665592,8.83083938567351,2.7821824802216364,4.172226822094037,4.840769273804894,7.603697570332191,9.328676051015634,7.465980428037068,7.591066813816327,7.438987097716497,4.86340746204162,4.886628946772715,6.587892254662913,9.468756395585524,5.458587341294492,6.723171283914583,8.17632190880219,8.71482745168175,8.722900512304673,6.906954703369971,7.58790634213894,3.4017643071354744,3.0718511284082086,5.483313134302221,5.984005545717406,6.047877132914393,2.256801791006029,4.917544972543343,6.059978680061837,8.257977922330031,8.684627706372112,9.034956821932754,6.435791817078697,8.79076993824434,5.099193081296992,5.645782768839983,5.84125393091955,5.344140065560239,8.34142225265795,8.627868172811743,4.049020037162214,8.497798342106224,5.227887167456354,8.321474124729447,7.857210093763531,8.534910268835455,6.458051019658046,5.656861711188287,3.911661872709042,0.0,2.9957774221248594,7.651001135786395,8.294140154602335,3.7208212997626084,4.318728607229479,7.7269273879279305,2.882027128405411,8.02927870083587,5.682855364506613,5.360010740234258,8.51151362823263,7.186314885176938,6.235244641982831,8.71346380910013,7.847046419906101,7.989612534568753,9.350154389629292,6.788735265752869,3.3266642540638323,5.660143101715208,5.867365185591815,8.921037153349463,9.329112526766675,7.427222675047356,8.482140102010007,6.958322928878668,6.140388395070596,8.092807266284643,10.018627154259365,7.925136708447255,4.9801990376760426,6.5071497767484505,3.7229521378066037,6.287157855774688,6.346065211945201,6.905299408654957,4.109783546088908,8.441452461918198,7.090100108776412,5.85777201374577,4.19688578972,3.8849556958097424,6.595087721962673,4.313050581954988,7.296124762620493,4.805575007389771,4.733102239201343,4.558882167596526,8.997120717653948,8.848653762142577,3.463285852189561,7.669196408696114,9.221436353980868,4.019490259145801,5.9731689584985395,5.646802429234399,4.728379359702454,8.149937369706262,7.826849851155552,5.151575654959369,5.230072023674275,11.704696753036036,7.015408271691247,7.849096547437866,2.8225841812782537,8.652745699570655,2.9210164001855428,9.92510615656021,5.408602215308852,3.9718216714632892,5.162374935794841,7.297599280652617,3.9029023160861303,8.401770688573768,8.394708465778063,8.60333105921019,5.273710062143284,7.677255686741332,7.124457747221432,3.278281118657694,7.497698985786024,4.539094364482857,6.276989083893377,6.371699797012008,5.671682752497739,6.4128755171041645,3.6779590802466546,4.365515178585024,6.997342191433991,6.251105530000708,8.677458920774816,5.456827495473255,6.4710475307823305,6.061595488528043,3.5489334782329194,4.08472796337696
GNB,5.326533457705492,7.115500329585393,9.904571185185922,7.990422677382214,6.816908696838878,9.02574496387419,9.056506728259102,7.352441552369896,9.577206765007617,2.267040083269232,2.6234140973398286,5.6367544877966465,8.149061330604708,9.771075808335013,8.716140466595352,7.998145144889284,8.349907002376769,5.474167263585447,5.048457168076416,7.343610492059548,9.323543691474194,5.16923205988259,6.881750302457722,7.806959037536535,9.383708118603762,9.57969010345627,7.731275509087885,7.8012922406095315,3.355207014693211,3.0833163707363203,4.762412322901709,5.93213338078601,6.698266580121559,2.460329126659836,5.685228913002569,7.001795890818865,9.148840625920972,9.190481894972685,9.655214031777758,7.4360214403002365,9.408733605034517,6.188172297613112,5.96500881007961,6.164007336868231,6.304777881219357,9.257624175479146,9.325736060982969,3.697913756326704,9.101902621343715,5.4890072107741394,9.051847452867946,7.386174241101215,9.368617501245211,7.168114283913322,6.738630350618577,3.2445165765459154,2.9957774221248594,0.0,7.465057668258576,9.002998180541098,4.386904008887784,4.747410268086876,8.2854312777091,4.269620210431934,8.638590744274179,6.011738098795862,5.7759494518627035,9.406004020962094,8.423166746855687,6.356084899310559,9.31463873802667,8.636849015614994,8.744988390588679,9.905393524763994,7.677756196745037,3.617086262718287,5.6597900179584455,5.737259838249013,9.431578492618586,9.60880966101235,8.653374544755891,8.729408223718213,7.167290932221367,6.078745264985551,8.714206287455413,11.034583884863569,8.643084897630153,5.308475728599563,6.534173967193882,2.960804326880111,7.308639504704437,7.125564704825629,7.771159479336495,2.525587308869421,9.330547823356651,7.877637417597127,6.10421061936392,3.2912865053862053,4.302230033200928,7.2807206694617435,4.564938018849838,7.640805420693913,5.089474498843412,2.9824674722983247,4.971288704951266,9.691029152704115,9.308195540659849,4.681741731400612,8.445336366067087,9.288734061776072,4.307926298612016,7.044887670682457,6.070787912473845,5.178952662591584,8.640197669171583,8.668884803981019,5.6623533915439195,6.305927611111426,11.912647060601651,7.404772351793223,8.399839273637838,2.9945193170842455,8.81505890730293,2.9617192509706642,10.842048470236564,4.285622139819558,4.237218375462383,5.447701743652827,8.061928701347105,4.975704123767293,9.020774438798574,8.938637056586385,9.2552754695474,5.503064480187668,8.586250837964926,5.053148700422299,2.7086716466048153,7.287015624621,4.722545726367777,5.801390811336644,5.630261758510434,6.606027368122962,7.341601883790395,3.7412265106494695,4.347527255930706,7.540920015764818,7.30025103358179,9.560581407243475,6.051584731808281,6.442674807907596,7.034471565021444,4.340913625126979,4.308849411008404
GNQ,4.874652928744684,8.474685121435444,7.03741064441123,8.65950972916882,7.945288544913781,8.621182135914758,8.378871830285789,6.348107608438519,8.891390652442283,7.1505659546565035,6.819281438799519,8.49131804459277,8.594500220805502,7.225328766432776,8.90931880397326,8.96506042741737,7.929576197153654,7.403585442365476,6.349952053419217,8.71278218858589,6.210595220661221,6.229304321962765,6.416510137876175,9.455891440214227,8.738393275126574,8.718875557927129,7.735157196054504,8.109715486123841,7.156713875180538,6.357607774069897,7.156704703089475,4.157603285748257,7.596649595917613,8.022380691613426,7.920975226468224,7.956752738351065,9.342737135567901,8.28206461555849,9.010002544614071,8.91958626809281,8.967976011584396,7.222283812094863,5.995329751163127,6.9681189479632915,6.974058307590248,9.512157068038801,8.793582290289027,8.92095174848461,8.623582071426563,7.611161077222457,9.254649311755681,5.191191598900759,9.24864237295888,8.469195669756246,8.4244102070199,6.445814618572004,7.651001135786395,7.465057668258576,0.0,9.61247082936978,6.959722759781731,6.516972751822443,8.721572981629407,7.383593038754019,8.471956468148415,7.016841788451413,7.969612341480689,8.576645717952633,8.104880703811006,4.607800201852878,9.137076425239623,8.387615977762742,8.869946855474364,9.944577013589937,7.247197718452024,7.580102289553024,7.285943203875393,7.389795398797494,8.687145479300542,5.962932374011854,7.745973858860531,6.084376058022159,9.38986276658386,6.709396056815759,8.613650711095962,10.098540348106942,9.001992868787424,6.985839233457107,8.524601517471591,7.671056833939632,8.899501911970304,7.221109072497426,8.464374848508545,6.863654954595756,9.304614440925778,8.695545969229512,6.538929388358648,7.574893092426331,5.006173267023644,8.175336063742565,8.564066461335244,6.917599983454873,5.964202242592776,7.401947552766604,6.903717896597917,9.187674681332526,8.045771760056121,8.801734706254313,8.851248235237335,5.28681396831035,8.12819377651645,7.444740778331508,7.07054738802771,6.846928522851938,8.397302872591897,9.173253403272195,6.930933097472161,7.665202021405671,7.576362087885053,7.6793864894314,8.33746579307758,7.613734270072683,5.497845678445807,6.189237078104797,9.474359822068156,7.471148095562477,7.88987612532902,7.020154594654897,8.216274847161309,8.08223423666938,8.376315978101097,8.18757462437017,8.835192568104773,6.62927964828359,9.133860340826988,7.392595158403779,6.908149804820178,7.871009997242008,7.228934118855395,8.628327861154347,8.582332279528389,7.104931132298683,7.114068133925993,7.071238843404772,6.98824361147273,8.219126534077049,8.40401959430779,9.73945676458082,8.225698402737537,7.411138802915181,7.090724791306644,6.029184121870326,6.946652409487064
GRC,8.425410335244353,4.513297028146625,6.919353919181914,5.572052994341954,4.645458037682031,3.6776953979309255,3.5449659979166634,6.555377628555826,3.4097094779939865,9.03584654526179,9.368618788208812,8.197092853192583,3.218050664235776,6.996929426968355,3.752926244969669,3.056103091494189,5.818268575026076,5.247457540824781,6.690553137509886,4.768039675216453,6.404050265195435,7.2921944206241855,6.412070628117093,11.67961413120327,3.5299332285961404,4.318910704152127,3.8660811121732963,6.168893241697588,8.692598162662424,8.214175679419226,9.801173258605912,7.914990132601353,4.53622990690796,8.274015843643664,4.660882254593524,3.648548061797574,3.0377267377725685,3.8134214324987554,3.7620995459104187,7.516920125630512,3.281369034839091,5.010099938482239,5.416869039270701,5.448264101264614,6.311008264135994,1.6727880132368382,4.05160790076614,10.049265908473096,3.254784381132398,5.58329716013589,2.708264010592072,7.822995657323781,3.2866548898624535,3.4612967071396543,10.26734459917678,8.94272670785611,8.294140154602335,9.002998180541098,9.61247082936978,0.0,6.398762551935142,5.915736980154161,2.345036463476945,7.952728252080232,3.6575099214656284,7.097197656281967,7.544416977707917,3.681113713327702,6.857643072580576,7.398057001405366,4.403409653763806,3.7961186209889712,2.3807714187399034,4.029517238832934,5.643920002490314,7.959938217372923,6.533504829890998,10.120271233463807,4.575127601669599,7.586224368150721,7.780940337608166,6.783397327963575,6.4391793794676495,8.523816673051401,3.7046651541442297,5.86740793246168,3.295384662064436,5.155018075887997,5.919002926009483,9.005989782089062,6.051835562409444,4.706142684888185,3.6051346543923364,9.867157532198009,4.48381870845346,3.0878833889606776,6.4779439181428895,9.1130951459677,8.534780256949169,4.461803642373421,9.424689693014118,5.357394169275351,6.948686899477932,10.47063315198928,6.10515379555521,3.4946504381533225,4.727555398960778,7.192627499007886,3.597456860258807,8.378937639872236,8.1662814796645,5.539972511053201,5.508744020624573,6.722346274222156,3.0765749808475666,2.149497804725526,6.078707208339021,5.05951448210062,11.252166156633146,4.053673075711239,4.345309068466223,8.063640048352744,6.866458888618456,7.748537848655779,5.91476010776967,9.199875523393054,10.112891850954284,5.0130560362114664,3.622113752730011,6.752597422520901,3.5596111114247733,3.6832351941457673,3.268455277366799,7.448497627586399,8.987713895374604,11.347911615445822,8.63463739785335,6.568374149776795,7.034757821927333,8.634698094231538,6.5692089123539175,4.264571784524115,5.813000660764847,9.387129290447408,10.265566095988335,3.783028072358528,4.506390708152824,4.11207569891387,6.498690570910157,7.291294765962505,4.900130698808852,8.37797749167441,7.394995627168263
GTM,4.874747516644073,4.935191993961801,6.871649086189995,4.961030914977013,4.463928310435541,5.876689386109962,5.784997806924122,4.93151766039488,6.443931137776553,3.3968589052970777,4.510168777004684,3.3613250794582843,5.436601587951098,6.914080907135352,6.105395528576156,5.737946179538322,5.249797045050918,3.6756161721573646,2.759966324931289,4.261714714556234,7.330376252493152,3.6088294716917875,5.39567802129152,9.044338526441424,6.125965238581893,6.064460007117849,4.204123881499397,4.7349315853310765,3.5555087384633617,2.715369008071038,5.162830197733384,5.3603789466611955,3.4874839453764963,3.5759477878226478,3.8157116783335034,3.6538614181058855,6.612421160811208,6.084650622821558,6.282913145823311,6.343989457021934,6.463774551260167,2.623307450032032,3.3605545035909348,2.744072279414106,3.468997901837576,6.137848363168912,6.44627284224836,4.761306260085772,6.1536023862337315,3.687808017342886,5.880379194107011,6.976181973418276,6.048637100759527,4.77691765187105,5.243541285494491,3.969754939977456,3.7208212997626084,4.386904008887784,6.959722759781731,6.398762551935142,0.0,2.2056363702196142,5.613090413935741,3.3399862627887402,5.662766362886839,3.245281267246101,3.596728449332157,6.2000394249473905,5.378852587158187,4.60876864153586,6.75398455561099,5.588378686983769,5.44178125713105,6.579567972640622,4.399515183970764,2.4744935098327794,3.7923785427523504,4.86797410059291,5.9710048257317965,7.0684260039717595,6.6364171100656275,7.097925640310536,4.5752225730585865,6.043309807109214,5.8211786450546565,8.220377858504444,5.826652448851874,2.954628489121232,4.114302653107367,3.49819041861297,5.280354692362449,3.3518503111517615,5.331173721848977,4.459535235214843,6.443153272699885,5.53985658295106,4.105029854141582,4.496691649574186,3.9237357530659662,4.321605704236416,4.818560912146659,4.483147893987372,4.390933040857005,5.159541863497959,2.6229591784952833,6.619356183937727,6.199070311096316,3.474482290981654,5.440055585276287,7.400222477354587,2.9609267971822106,3.430019103357683,2.819644954850293,2.2123184606993727,5.52570333246322,5.503532795409683,2.698504094327768,4.4108110833534315,10.019781263398755,4.281848819531479,5.220723939793565,3.59953404045415,6.48807672870586,2.5449581876392076,7.471701076583595,5.166213081240446,4.701779838787792,2.3565269460106832,5.328271946847591,4.388470424203411,6.0850260087433865,6.049653467643747,6.22548561212956,4.937708676900699,7.591419741253805,7.112498885624815,3.1088213827611124,4.195961016087907,3.5423792947142245,5.817224235567752,5.187746722553222,3.5805384803741918,4.335900938096309,3.703930899156953,4.6841934492918185,4.531775079676489,4.094664640822046,6.216611351797344,3.7878017913751467,3.7390529061132103,4.583386603929624,3.3010262187403323,3.166045972532558
HND,4.373357049932256,4.679028186814583,6.654625553898829,5.585317336749206,4.154938707672587,5.961174100121459,5.373009307360039,5.039448793106719,5.747904518329875,4.071024144495741,4.582302719390788,4.6736358440488015,4.762772286660857,6.545408692300137,5.874967366793911,4.937602267028943,5.009625681519722,2.8638308801633836,3.0096350163514067,4.954543186436614,6.763107261733319,3.2419675922617657,4.316383360041697,9.030852960666401,5.958174941282812,5.844886457267163,4.319496969208759,5.044709819883622,4.338146736763502,3.459699352558673,5.160953920755896,4.793649721305062,3.960235399222578,4.382346507754994,3.1105572787453415,3.5074997345370083,5.901374811271045,5.403841629290688,6.1233854201255955,5.18727396769596,5.933637498075285,3.2947264069383073,3.1293315489878526,3.054433478926572,4.062568134088361,5.820908505502217,5.728952949096122,5.6778196340834715,5.717439389276805,2.925452458458327,5.678417713232252,6.3720741398912715,5.991238587645172,4.161320124538114,6.077463814308074,3.8195795438145255,4.318728607229479,4.747410268086876,6.516972751822443,5.915736980154161,2.2056363702196142,0.0,5.010093290875364,4.177394509496247,4.856145899370317,4.067296846145321,4.263134687877281,5.43546395115058,5.703234268905171,4.341936379011047,6.2321985563656925,5.382234119872124,5.30606969622365,6.819854246441705,4.779846273224098,3.510659914199789,2.9758381732047283,5.265670343941045,5.883761644631614,6.845111750529303,6.386341541367716,6.109921233139326,5.094409859618757,4.8537702510738985,5.08827740355345,7.568971220309777,5.199181088342158,2.576041484009252,4.022223816493319,3.9874218465941587,4.588228060967438,3.7809302186219074,4.591892558975584,4.868177953768944,5.8136076318855885,4.760082865253882,3.81421006936407,4.037057732574367,3.596149929449357,3.8027625216389205,5.049411539387475,4.000241036318922,3.3017315128461906,5.576607037998786,1.9568535035531816,5.953304970181555,6.074445604606182,4.404786412468954,5.395397214152838,6.89751502735477,4.401835721446582,3.416333557724358,3.486566209391369,2.9543565327632533,5.057146319887667,5.14186559417752,3.046324949713275,3.760522458351465,9.934319519589387,4.100812527485151,5.4167828254060115,3.8949844591577163,6.084536716831926,2.7640252919483737,6.974444056998795,4.538428167479859,5.5545444873528265,2.0377175000414423,4.712538265327066,3.7679838061443163,5.188087074650496,5.249354958614791,5.783112016281152,4.347418428010804,7.536066092727072,7.313757311087698,3.36842344680925,4.058427762937997,3.368719186325917,5.094203649849761,4.762777535674488,2.8146539898290452,4.496155603005162,4.501863246662936,5.481645074511404,4.090259815185444,4.48630483177554,6.677081992586341,4.501795739225059,3.7939405249070686,4.321673179703838,3.3602971150600442,3.3326553080957253
HRV,7.511740280801092,3.295029509510214,6.2368833298818664,4.76244096733695,3.379766051146317,3.7410749987340717,2.4938045814444116,5.145544940456386,2.99171105571466,8.260121258945134,8.588439661691456,7.435976817347985,2.301494643002157,6.2379360419833185,3.847142594222786,1.9554150769636436,4.297584971380003,4.066301022333594,5.364862582871979,4.48266590009207,5.477393136379818,5.819782146517175,5.232975822108305,11.189646054539834,3.1861377648742293,3.8354668012600364,3.2045818574472005,5.477328508547167,7.771814869600167,7.344462312268833,8.875071710573668,6.962407195401568,3.8831594806219973,7.5136649918395255,4.020603557024673,2.8368912558078914,3.3697615121115643,2.6045474096865657,3.28641838144863,7.145630157520953,2.7259926892057322,4.195555656581687,4.66487229195154,4.265526078876076,5.37136095658677,2.4098669271912287,2.682324692998182,9.265776860255835,2.2623137481956075,4.154911934863264,2.810191255726078,7.500412275331256,3.2031183899092754,2.5585776674670164,8.909919790524532,7.856303294023277,7.7269273879279305,8.2854312777091,8.721572981629407,2.345036463476945,5.613090413935741,5.010093290875364,0.0,7.181295660807604,2.106964697648231,6.136391756747035,6.762584030452494,2.8018971611068793,5.817292819260068,6.586372374519,3.6355427487065675,3.4816054484778034,2.497255724093372,4.267716464606346,4.4288218012654,7.028594695482779,5.017741264266596,9.102652908318055,3.8616418451022323,6.911283816004324,7.719491864263286,6.429688527149321,5.148299692187527,7.282510793293138,2.2014845531978726,5.70922723793186,1.8145166190524014,4.199929286638177,4.296380150300441,8.057805896696253,5.335668682129757,4.22932004950989,2.100275114930709,8.982437350920376,4.003502301217195,1.8433225701247282,5.38741761416999,8.147212066563581,7.471690771062517,2.9844132409536215,8.238960278998658,4.342502867869582,5.899388888896848,9.525057259931089,4.87357613980201,3.20225792992283,3.713795748695012,6.682725206826163,2.931330491034327,7.758359746295713,7.403046039498038,4.544471306838206,4.698009537926711,5.867005201012608,2.016507542754238,1.562312532960629,4.761033186282788,4.3601737251173125,10.625867334268655,2.656916348125875,3.57642910842396,7.246515208199485,6.218780483451175,6.98901858092654,5.674603618788382,8.095921092399534,9.128468070024288,4.092361878916318,1.9845403595281894,6.006675663706716,2.124573783767396,2.0947664497991525,2.7542425997641566,6.042331395377268,8.461461912213629,10.703535880111268,7.655053603418177,5.3839421951066555,5.727479101788696,7.376051611984709,5.393941372995707,3.2200433531170947,5.264139088316066,8.347899842575906,9.436107488766655,2.729254830080602,3.6704624448822356,4.560519346997838,5.347701295482903,5.918567743945741,4.335397832014613,7.3022459764377325,6.227458480209068
HTI,4.865940893178648,5.639544688279802,8.852253442001311,6.158083891805166,5.026611205815658,8.001436291882678,8.003367206431058,5.905349823565403,8.617880907558488,3.5534459047565745,4.459629082036954,2.9159499561069735,6.828089359203057,9.128366578062762,7.5334388919033985,6.843416733981273,6.422286862990255,5.120518145816653,4.214569660421586,5.851702629366408,8.854470136503966,4.891063667370771,6.133455999761522,8.69778430243871,8.139220154803827,8.239306648644101,6.1270410706675005,6.262432308172752,3.0319069312551172,2.8037185381312146,4.924052535302393,5.065464154133617,4.878649824828015,3.4709220915231858,5.1517740711497515,5.713324759372442,8.476206581744773,8.02104189037643,8.366596693090338,7.012743324680377,8.589764649054434,4.176427389870159,4.8758409846120365,4.907468521620823,3.9995983112214093,7.7252981288066,8.15477056650275,4.323897569304938,8.163647971757896,5.258197972653309,8.015417440839546,7.459788513482585,8.11994547761493,5.909472341986977,4.75972660712288,3.885114310511753,2.882027128405411,4.269620210431934,7.383593038754019,7.952728252080232,3.3399862627887402,4.177394509496247,7.181295660807604,0.0,7.367512779476694,3.9450370953638654,3.6413214180245395,8.09504178858595,5.91192634362362,5.615309447802936,8.76252582366451,7.8079784681912034,7.407987266309633,8.684294568015918,5.819585824533489,2.9975510552532625,5.303611140415084,5.37876619349017,8.060614135310837,8.910394796824562,8.150834544734682,8.127005645659514,5.448398082624695,6.101532765330162,7.37423171816267,10.318974495310242,7.393409740462464,4.425274473727698,5.84585779157027,4.203139871058777,7.112787283447134,5.434600000856974,6.209613616610948,4.658496723640809,8.508597857199012,6.9276443750259595,5.262403311873667,4.9200670092725485,3.5388212975230005,6.0545483840283705,4.517672269353887,6.582269145425124,4.7916696143717585,5.137486236643172,3.9042720713628207,8.829687148555454,8.3442961032915,2.49715023155769,7.4012644488997,9.153692074900416,3.2031138786843716,5.526245887647107,4.554250353712616,3.6849304039361708,7.260821350301221,7.25105256347284,4.193257179749835,5.565737209257175,11.716096181605428,5.871578133121184,6.952295134961933,2.6991322359174994,8.242384079231922,3.2847955861343188,9.60233014642479,6.560943319739566,3.1697665628606764,4.694144598672169,6.38578301300805,5.0547872219197405,7.730857647832553,7.888559957783868,8.37440442934378,4.295052226457806,7.468627621584373,7.247744169268347,3.525956569656394,6.728181992875788,3.9988875993308217,6.875670479987223,6.769766032440033,5.024161075048551,5.6933650911898,3.1881993388883934,4.300332676519915,6.271818599061093,5.704326199783779,8.04924405903394,4.4646027901651,5.389841942453159,5.246360530608182,2.942946358814767,3.646463943025383
HUN,7.43068891740377,3.575682193397564,5.298081181167835,4.829955157472806,3.395599172813682,4.067799778273824,2.1951102280922132,4.605309243532054,2.477353035510516,8.248760621898956,8.71816220092513,7.379384747472784,2.0812024472115183,5.273224326082443,4.4025050863159905,3.041056045595233,3.245961246646001,4.365820940447538,4.811021218456534,4.870055173801322,5.290879743326507,5.708399114528677,5.073690679970542,11.655575782086766,3.1798001050226494,3.250690598110972,2.9108499894607562,5.211555125421737,7.6547735882003165,7.33374757768012,8.652082229070674,6.881132295278358,4.10017158671293,7.962389552018499,4.585635789811751,3.196120427053583,4.069389628356316,1.5482915273498323,2.9378683167241797,7.021652092690701,2.588090632670343,4.156961270268842,4.717489022033893,3.966628711231826,5.565593007794157,3.3021923231753174,1.9061696180183578,9.327151159324718,2.5837547473101816,3.960905077405492,3.343522589136781,7.498948752327669,3.3764680202761004,3.006372876185503,8.411773909772375,7.836642906278857,8.02927870083587,8.638590744274179,8.471956468148415,3.6575099214656284,5.662766362886839,4.856145899370317,2.106964697648231,7.367512779476694,0.0,5.841801118523758,6.652654640439476,2.25984941981881,5.551299345972899,6.388130547455571,3.5144977566132787,3.613851872630931,3.2717182744446354,4.548355194115072,4.005195391315682,7.11699588391644,4.583991057074841,8.556335591839632,2.983557303814154,6.322181550454792,7.61739338234367,6.570875048665213,5.4317956485814465,7.305579323744505,1.2988887151176545,5.134052399160547,1.5830002015055726,4.2049825057643755,3.923735575114793,8.091318129226867,5.520410434631613,3.978055891427828,2.4738644531529443,9.04608267669849,3.4996345427674322,2.5963133169526875,4.870807731031306,8.063380378369043,7.274430062331769,2.952248398341314,8.452827196593013,3.2285394048520164,6.0920848554360205,9.64349136563511,4.505788732874712,2.647539071130096,3.4551108745691357,6.87479338600831,3.1067891555575518,7.349736322885544,7.553545185064355,3.9405240576791303,4.454447051834134,5.659107571266501,1.9048497863839278,2.6059355904256147,4.40013390232727,4.714772165265428,10.019394965684652,2.4798729970924294,3.474541150867528,7.71702896003739,5.832742355182815,7.136587395674392,4.482561010893542,8.134006973936442,8.970883508755712,4.028632104073339,2.3021322872734653,6.394270640534803,1.4728883308510066,1.9699930879315781,2.867210671227176,6.286619489951191,8.689444782570272,10.789097582615454,7.544414243788617,4.559423356131018,5.766736247352538,7.653868226182408,5.904224082384173,3.1457685251149803,5.018675661770728,8.25527411551894,9.391745996074068,2.3059230109063757,3.659737937340651,4.990061985272485,5.343933860479715,5.1269880363700855,4.629675817554246,7.1600863116171185,6.380484684712117
IDN,5.071794794362067,4.806659352223525,6.70816278939534,4.798313263720558,4.318815498072604,6.209763520029457,6.263777514078591,3.7142424515480053,7.192526877122213,4.976017249064152,5.508510029626671,3.1546460338810944,5.803862882208056,7.377447878788238,7.576332400265527,6.083285097408763,4.832296754489125,5.640890538200573,2.9770730355549695,4.3110010934970076,7.197340400952235,4.617395554211848,6.005548462392934,9.885318136120748,6.225247425231312,6.7008946913868535,4.351079083243504,3.033864716456557,4.082761707909275,3.785443395512258,5.11895750248234,5.0918020124513035,3.261660408737852,5.638538578038085,6.0137649457577655,4.891000548576985,8.016425286907488,6.118923818793203,6.251187060067045,8.379316444246706,7.178107482808007,3.4440071057851003,3.1407676132655338,2.866200839863839,2.612341620187997,6.514720124252575,6.870492292267789,5.453337806879167,6.65758254998106,5.257166242659824,6.502707971334186,6.953341249800642,6.499378769908513,5.384399630635677,5.0397276494543695,4.982737135322611,5.682855364506613,6.011738098795862,7.016841788451413,7.097197656281967,3.245281267246101,4.067296846145321,6.136391756747035,3.9450370953638654,5.841801118523758,0.0,2.296001239784598,6.891477912912418,4.332001570678122,4.041825519635635,7.672631429116257,6.406752202913308,5.8191449294218485,6.643193070751756,3.9261249133573024,3.836914570075245,4.2964108549237485,5.241231743164162,5.630455217862132,6.9638125627928,7.9350450115990245,7.42941647116679,4.368718700203479,7.018680985136207,6.106977680835346,9.509652280343326,6.451766128901659,3.479977687171469,4.6066049587257725,4.990021854122678,7.481258161940458,3.3836969254105003,5.729710802773508,5.541024992670404,7.782747607564815,6.551402871502221,4.220289484222557,5.836849284365622,4.5634576114664585,5.486261932935612,5.897215198593599,4.183596137192995,5.679867016343938,5.951143966142148,3.5280599525213607,7.324281697718849,6.36786193403357,4.173148084214347,6.060935651174156,7.493425796623387,3.229252894375864,4.889557346197466,2.719324773696705,2.3501308986382576,5.304837890761048,6.1943474389199515,2.866779502427706,5.643057205850761,10.006038434299043,4.006631572787047,4.687408337586358,4.869594557019972,6.052602832035859,4.322391789753697,8.158098419450917,7.008399832377972,5.078433817093034,3.9151956624156226,5.2230702175488775,6.795414966621874,6.409501083261872,6.52153408136952,6.904235074837779,5.487845296476672,7.927953659833668,7.4682165232042115,4.69290523946682,4.072672678996412,3.7566774886817678,7.425505019889247,6.796335140839979,4.188154242086676,4.039218923836623,4.014683687242654,5.225938859671039,4.480080563696097,4.801812698712339,6.2909161094036445,2.9900238220786783,2.9322882153631133,4.9110021296618065,4.219082154274401,4.414271109716927
IND,5.200971147912008,5.635017142620168,8.130344288306103,5.742711805220525,5.227475467275226,7.261931842103715,7.239889624253131,5.358629850005047,7.934024463079491,4.6434631467628575,5.010406645842084,2.575830541313893,6.429609632466743,8.77723267344171,8.242433122132539,6.427396471560482,5.98112992381448,6.004453381434512,4.091021497764594,4.880497255751608,8.665437683302786,5.25332762537322,6.382869903515642,9.801717929800379,7.195494658625288,7.717561161484154,5.596026639886782,3.863601717069382,3.862026055779577,3.788730161993501,4.897360039825246,5.807745918863545,4.269867300304823,5.482877942618583,6.168027881278052,5.667195602500576,8.50729005620333,7.181254412215068,7.215308565024914,7.954376674835832,8.051143649247837,4.388670413766207,4.127599497221531,4.222807861878444,3.327798902455409,6.993758885363653,7.809954559235644,4.480695033912048,7.584626395113571,5.71852369211513,7.076418246451379,7.904853067011432,7.222227957237105,5.915162322467194,5.245888847057422,4.578328841230566,5.360010740234258,5.7759494518627035,7.969612341480689,7.544416977707917,3.596728449332157,4.263134687877281,6.762584030452494,3.6413214180245395,6.652654640439476,2.296001239784598,0.0,7.593432774691354,5.250925888625218,5.131035890299978,8.757828866249943,7.395542228628358,6.446395734805542,7.596170641197594,5.193795202197099,3.335367200580913,4.832952834490454,5.435756842394845,6.868091429973054,8.48588911148059,8.452931686837017,8.156713396459677,4.7756516531659,6.727382593180253,7.004450892571827,10.212709855282636,7.218379222838139,3.758027406116378,5.431780217518658,4.52250557229917,7.489457055918116,4.450149239779067,6.252440325411323,5.210988516562167,8.578608419035552,7.1578565751520795,5.219191403984772,5.09434061863271,4.8087179223935985,6.017956376976249,5.094734044704963,5.514654892580095,5.578918063235715,5.580790945257532,4.082764575679474,8.0499057016164,7.724737659029159,3.7020635334893552,7.094534946487045,8.747276807641622,2.640034891706496,5.633951312989759,4.127691513882374,2.914127610165749,6.162917544351862,6.696493669944862,4.1851252906668375,6.068571424688451,11.384601380580094,5.013354351869001,5.69262102839224,3.9958221077662306,7.374446984681614,4.099027982468939,9.116753507356453,7.019223819980818,4.87793735396552,4.691531845191188,5.9210033432420035,6.769452048083495,7.125927493142878,7.4064869659965185,7.791079885842185,5.443619211930595,8.042039199918534,7.589144670421926,4.501556628879663,5.082200022420035,4.095100293453507,7.181271219311937,7.358784925849223,4.779421071072365,4.896162850272901,3.66328869320724,5.0616844316745775,5.22212656205588,5.925574412254182,6.956177768153415,3.866138726509015,3.752043964581589,4.957453752026376,4.060946958015448,4.174196442394883
IRL,8.003794864097122,4.802295766250498,4.915129832478195,5.740834731863528,4.705395293831057,3.9944599945178183,2.1486029790552985,5.552364127137503,1.8932801552547107,8.892637571070482,9.366130984224679,8.099176401892324,3.1521869016302424,4.817666052163313,3.7375205651949894,3.872967064848945,4.421692436683759,4.683388712382792,5.937442721773211,5.78295708409142,5.374128595079697,6.498227452907203,5.597509486696193,12.338562684671139,3.273088988590567,2.403040197720138,3.5453651217974134,6.174185661643871,8.481725237300912,8.091305370404672,9.405655667694049,7.472097428636188,5.037911757142966,8.487699871206553,4.951542047441803,3.6747952989882693,3.26375024747451,2.24960218957281,3.251104369668779,6.8339814087099775,2.5107214875691,4.7382343719727,5.455870232289354,4.8594930823341596,6.21580054807725,3.4181111439515393,2.114163057730525,10.10460797033617,2.6800626068174234,4.887381241212001,3.297559627717301,7.743055512163874,3.281756080217335,3.7450934624513343,9.312736573887962,8.621744896399994,8.51151362823263,9.406004020962094,8.576645717952633,3.681113713327702,6.2000394249473905,5.43546395115058,2.8018971611068793,8.09504178858595,2.25984941981881,6.891477912912418,7.593432774691354,0.0,6.442153382717534,6.824781983621624,3.536659703821539,3.3752902730134675,3.426267757837037,4.796399817719031,4.432680749078087,7.885352245060572,5.510469460436838,9.132099621026015,3.522859152150259,6.187259712025097,7.090572356443174,6.794982771202022,6.429004942804174,7.974766737689374,2.2609724360803636,3.786017272874933,2.3942617564259963,5.220502162926525,5.1689479055450835,8.895629192663115,5.0325216936257435,4.490433723671247,3.4344335017343894,9.7344904456274,2.9046032806314415,2.9829191554985757,5.570051326208883,8.849662344119638,7.795432529444787,3.2523523156940914,9.270997548410874,3.9561461421650645,6.543085227717548,10.369328878775596,5.533310234024173,2.3941214636747,3.603372542794767,7.844365070196804,3.5604017138434068,7.008785927821727,8.41305435572162,3.854608567459373,5.419045879946683,6.409777916394935,2.8616840376497383,2.7492315730923207,5.36643843316116,5.259578453512554,9.6625356900105,3.7144459357391972,4.444819743148344,8.35621971039641,5.8907788892461035,7.656351550283677,3.4756745126941224,8.67468496678074,9.715421951624023,4.866462064997124,3.533931590672646,6.695411064946971,1.6420584305832286,1.8264670266581278,2.802477975335845,7.005852122882959,9.52287726294354,11.416624713558079,8.265693521975262,5.5496215457221725,6.702240281776366,8.407432285311486,6.505279220895927,3.865705948746568,5.53211813255591,9.044848158792409,9.933920640952762,3.797223947532258,4.498039507520058,4.976820030682667,6.542339384855569,6.178088677946266,5.036130122579914,7.717481541088215,7.150813390591046
IRN,6.5791798843864395,5.612836759694112,6.871228602460849,2.964969002694038,4.766069376022149,5.8035600724125604,5.742524194678394,5.293119824733509,6.4923579576360195,7.677033564393203,8.587962997890124,6.016429440808861,5.965329374526349,7.255743406330367,7.0040442635645315,6.223202943225422,3.510048882671908,6.342715152416126,4.882486718209273,4.270760774532128,7.491793418619299,5.8715981882868045,6.8009774231168185,10.3950548689044,5.486322786046019,6.58437741049038,4.460664309433174,4.71474937797785,7.042963251314007,6.377884952390404,8.394524106381132,6.793227522711287,4.344755559725862,7.689383002754291,6.550609426342906,4.757536857729489,7.463138901072916,5.6648154904546555,5.645237004212523,9.105871151279123,6.525422462874182,4.370208472636541,4.445287168094366,4.521224442369173,3.602697368183259,5.894474501933854,6.068302903373901,8.25392455201736,5.766399834885119,6.203698771292058,6.057114647175549,9.101801999740815,5.887483083729315,6.081786820218129,5.288478763052513,7.197592989929368,7.186314885176938,8.423166746855687,8.104880703811006,6.857643072580576,5.378852587158187,5.703234268905171,5.817292819260068,5.91192634362362,5.551299345972899,4.332001570678122,5.250925888625218,6.442153382717534,0.0,5.67442148045311,6.833988230874092,5.843700432075433,5.326575250705272,6.367800316018623,3.877087557635976,6.127332601330634,5.894664547193838,8.076189149883845,5.55574401455709,6.798167662091592,7.705543382288979,6.802477380214745,5.885907646903542,7.590196135601402,6.109176594275779,8.690622824585716,6.172160932136125,5.05165141063178,5.919046835557651,7.257690259262579,7.478422292749546,4.319409164114658,5.329176659881453,8.391575054155568,7.298856459214234,6.243093564825302,5.489221302055674,8.05906119317788,6.468893005024419,5.78528019763046,6.8012435810349,5.1775980366567,6.5981095350924,8.822445157725966,5.176712333556941,6.627515910256524,5.7301011219900095,5.9847285885980535,5.297414244906477,7.985574603990925,5.86490172542144,5.459451261937566,4.788456976037729,5.242175587099292,5.227681532810471,5.665067399383011,4.729395261829053,5.505817537341424,9.739746458002193,4.656839980579029,4.27526270791036,7.07973073643213,6.138236897063189,6.600461104000341,8.070546312458701,8.544127262566121,7.876131488042108,5.4482447143760835,4.289395047635444,7.228149612675992,6.139804231712996,6.073808104078884,6.269827432473802,6.5795534844337515,6.658654823513812,11.000895807447481,7.356379430949879,5.713930023950074,5.708671182696852,7.710325057160106,8.291173978926148,4.33823508413019,4.5414521326422985,6.591921537544855,7.896002162940548,4.371383293154622,4.441366016807654,5.850180175508434,3.896289565741714,5.417728080530668,4.8149170903132905,6.030641056337808,5.842682806684847
IRQ,3.309338746559307,6.197941448830279,5.960859409768602,5.988749138124452,5.59311331754668,6.270389036687419,6.4904481374671645,4.402219871625666,7.035490097865888,5.647501805582997,5.539484649232576,6.2742723997868195,6.6897022707035205,6.27597898429058,7.665050141976035,6.671910561849923,6.049184108697636,5.831838789214158,4.113931121075956,5.611043712791538,5.794067411142798,4.988182119558665,4.966539754549491,10.078249392625654,6.451708337916338,7.0518984119222905,5.112107928158565,4.713058894555413,5.24943862015732,4.531336799879525,5.094515384632278,3.728149165692375,4.5248248046115975,6.6283847354657635,6.352213815020674,5.432273388542775,7.893070449460878,6.351477796850188,6.812645828330032,7.851925544380116,7.0887318175645655,4.608609826455124,2.6008461758403505,4.010702192889128,3.8885249129090504,7.02997276613606,7.148269691673723,7.053954283189915,6.708755068218326,5.953421172343935,6.7801840051160305,4.808494939463184,6.921763400371497,6.120368536369753,6.767991617071278,5.067478499949232,6.235244641982831,6.356084899310559,4.607800201852878,7.398057001405366,4.60876864153586,4.341936379011047,6.586372374519,5.615309447802936,6.388130547455571,4.041825519635635,5.131035890299978,6.824781983621624,5.67442148045311,0.0,7.443942950620786,6.053824612221551,6.39580109942615,7.403669754762974,4.946964799402375,5.588207903008845,4.77236625047901,6.605794815428415,6.418674301994429,5.193593364780614,6.536245634601293,5.941414790412287,7.033542294008626,6.338709283733691,6.623573747816086,9.108653666927843,7.082294634105271,4.131316003714957,6.23058048037326,6.096564735642069,7.29835773283548,4.471830285720953,6.31733285270571,5.826999542699455,7.669616383572155,6.724503155915992,4.442159503080834,5.9948977264369105,3.987236755717691,6.319439726944194,6.8111138173205665,4.509826535571691,4.753090742413883,6.167370403960507,4.674982637481901,7.295777744396086,6.2806571589762585,6.481344044473156,6.564317276682127,4.800328518404698,5.578461098709542,5.630001227433288,4.346988863186322,4.253644481044481,6.031937312970882,6.881563569138286,4.1937827967832915,4.988288850571125,7.962862758259148,5.4206872065844145,5.748382304262569,5.794651284529963,3.8192880023753055,4.389488868863229,8.138242780984108,6.629070720299855,6.39795287505947,4.726082787358441,5.889806886822628,6.574320085631576,6.616932065278099,6.580996187282741,6.760807886796684,5.647631412365647,8.906155514491484,7.149666893109162,5.468371929409141,5.553462893948982,4.737400600382237,7.190394882463602,7.311948783007041,4.371435741207719,4.348848690774693,5.351660937752762,6.18036867688489,5.651070874050787,5.828422075348354,7.1774494212143765,5.226878499670163,5.057960734622427,5.064051891006219,4.537146599559731,5.357643412042632
ISL,8.628755663689592,5.307148253264242,5.457220372607281,5.29339126424201,5.103398426524096,3.544825910613571,2.9572432549306233,6.101281160977028,3.0456995276308603,9.214962638239214,9.95823742754914,9.16143669078338,4.302568887969169,4.7300023624579035,4.262862646545071,4.855658158215437,4.78341862266999,4.993825485367053,6.064974696706018,5.868600858296523,5.5575990661580335,6.7936392922626085,6.293805489614691,12.569964557512705,3.3538491078713015,3.7517441006549825,3.973691114900211,6.926042717099625,9.015455828699578,8.482042682944714,10.057983862264535,8.347513793467146,5.463831807081357,8.561689431695706,5.300983161740596,3.95199556439601,3.9976273275530807,3.2617796039474194,3.844938105659582,8.235181292543535,2.3020517510235265,5.381450788636448,6.0476251205026434,5.197625180746343,7.128640553329947,4.480230328506815,2.665944094893133,10.547198413815863,2.456173100621805,5.0433006439459,3.9044747978718455,8.254659814775449,3.838016506143255,4.65534746864682,9.57051583371575,9.200209157015905,8.71346380910013,9.31463873802667,9.137076425239623,4.403409653763806,6.75398455561099,6.2321985563656925,3.6355427487065675,8.76252582366451,3.5144977566132787,7.672631429116257,8.757828866249943,3.536659703821539,6.833988230874092,7.443942950620786,0.0,2.8544223278245124,4.337847719732687,4.653653455060588,5.041790546085561,8.390045155418372,6.013436804083734,9.813114863523259,4.04519421204973,6.137068183438614,7.152599590607318,7.370838873124196,7.258128662688179,8.62850210583656,3.5458249666579276,4.200973904928714,3.289656934934777,5.840063442435218,5.313538911525185,9.144055769926949,5.634082874637811,5.512028133056602,4.221903466979946,10.087663379442635,2.980022416879798,3.271697372886337,5.591149318346186,9.357542667315196,8.471509702682043,4.632959834946566,9.526110094403812,4.633509856885671,7.177669917567001,10.673188245263729,6.050588371763997,2.905325426376659,2.977168204246762,8.357634614554927,2.3235668557588443,7.1096700611320935,8.936911687829642,4.8599219235934425,5.677935943880668,7.073063302009639,4.093968392069027,4.08982471968499,5.706826596967805,5.232520639333298,9.222308126585745,4.72849954647187,4.735833989557622,9.00160130623575,6.011749406036332,8.208193703722111,4.947853636358138,8.34798938676164,10.195951642120665,5.377168058008931,4.336734818234694,6.592795677125069,3.813296763776526,3.270241072463001,2.6642260260351622,7.886248925940832,9.69297545136561,11.795108973576664,8.736278393486414,6.170299654502288,7.2132983546348886,8.13417994811577,6.162169811085685,4.909861852760159,5.9597682563506185,9.50066555580025,10.414805093477954,4.482785215648187,4.008794453905476,5.376042913393385,6.513181541739956,7.110693113453993,6.140763373745145,8.561504050330942,7.745127127505848
ISR,7.5327910127914945,5.383764212261504,5.115825861121844,4.0876230595050105,5.023571202230738,2.0153580040535926,2.555919719911426,5.663811385278472,2.5674919258963267,8.2536347673876,8.998630072883222,8.006783897292346,4.250810424355287,4.732943447418217,4.020663835982484,4.876847734719822,4.734339610866706,4.918231701064122,5.3576408181283535,4.215558854048017,5.78751187311062,6.717004187739675,5.741686219797177,11.928230484724367,2.101897409070103,3.1585863885640864,2.795346638239007,5.515090602661256,7.986549054131414,7.326355270005672,8.866344795175467,7.497420988065196,4.142058704390646,7.922852116832486,5.049822962506286,3.0006630754101136,3.942257236355725,3.2407861182848197,2.6540108118001524,7.709616154812177,2.154636892273861,4.236606506490637,4.763170933999964,4.187670928335256,5.695189454122927,3.4945406675232293,3.5547562956749243,9.49071512086365,2.2726488034269607,5.014434800207201,2.2416744789944922,7.6072678594154315,2.0991430057181586,4.272914261183741,8.785069877103638,8.343499938005301,7.847046419906101,8.636849015614994,8.387615977762742,3.7961186209889712,5.588378686983769,5.382234119872124,3.4816054484778034,7.8079784681912034,3.613851872630931,6.406752202913308,7.395542228628358,3.3752902730134675,5.843700432075433,6.053824612221551,2.8544223278245124,0.0,2.8965827991557243,3.182071324686028,4.087608182750337,7.232690900614708,5.491781715603959,9.188104429826739,3.440295504109276,5.6619123101702575,6.1133187057509915,6.715745794114929,6.552040260875378,8.131509974509049,3.8451163699037556,4.781463333818858,3.650888810380771,4.958219622291117,5.254395288411398,8.158050969908281,5.524859622876411,3.809032751124995,4.481258319825923,9.115561972557327,3.5546611464042224,3.649215805425548,5.202645300990505,8.490509429436864,7.699955004956909,4.553219560870497,8.610845656252119,4.068571143250864,6.482919258100718,9.69716688266424,5.509637651415548,2.6471322136257127,2.639633865103888,7.505909436338986,1.9898565214602864,6.3951321242466825,7.575556711826912,4.099793567466471,4.493659726281697,5.712500989858253,3.3727766232301826,3.508527622559316,5.058033495342266,4.17035940167781,8.828346881738772,4.151788707929755,3.366233840350847,8.031506224100296,5.002995761242743,7.070146955862473,4.947096175036337,8.04662675874711,9.410063834610206,4.530374048643575,4.143793869781925,6.26746445568127,3.895905422068365,3.5264918778013032,1.852517340448758,7.512152467452272,9.148886282460634,10.967103945358991,7.9028489941531195,5.599351935688453,6.401572864555314,7.809073113860544,6.404813475543956,4.090242338895461,4.616915627373743,8.397612132572755,9.276259676300418,3.7562533015696875,3.5025738903956225,3.4213631755609586,5.63195133854793,6.4474516972257,4.694810501569079,7.404806286865361,6.682099018305505
ITA,7.694978685292637,4.612971293825564,5.836820326092519,4.104244588332446,4.522166398058047,2.4979770296804378,2.453036210720292,5.630258154133901,2.9580719016201615,8.439813175186954,8.921421168369703,7.223302386931686,3.532808558797467,6.105443973009268,4.292710830780977,3.696835413346598,4.690655921879645,5.222912610115704,5.726152928156205,3.3460679297742124,6.088023092857434,6.526331840908266,6.236934882142802,11.378070629309756,2.281681828751883,3.5181959789678237,2.6829671535639257,4.627482240860336,8.076268022816313,7.449075952143428,9.175968286720291,7.514220699978447,3.4557587136015195,7.997893081581595,4.902750256049553,2.7640423061199857,3.670588445098305,3.1229401396355847,2.345197862035321,7.919077747970915,2.887961613867078,4.151794896067645,4.432073326854834,4.268621611662766,5.1041396759922035,1.4894484729467776,3.921644292363579,9.295912512873747,2.436458517036633,5.3913634943998625,1.5417115964608934,7.974086986675615,1.998060732960659,3.9139359812257712,8.947059108001444,8.31006402398902,7.989612534568753,8.744988390588679,8.869946855474364,2.3807714187399034,5.44178125713105,5.30606969622365,2.497255724093372,7.407987266309633,3.2717182744446354,5.8191449294218485,6.446395734805542,3.426267757837037,5.326575250705272,6.39580109942615,4.337847719732687,2.8965827991557243,0.0,2.79514017322031,4.368512294128298,7.0537410031091765,5.917550675768672,9.144397828126447,3.3004153548596107,6.437801275466252,6.989423099092997,6.374842948465416,5.667376683873825,8.17096241495127,3.7574287274425187,5.877758892392591,3.5297222044414402,4.470390685843062,5.320605321683077,8.170775575569618,5.879954251554598,3.2805718631770446,3.8777103297112854,9.178696312742641,4.581114695826757,3.676501346611521,5.9195740384707145,8.598283029847963,7.87560637000888,4.179543631208746,8.56100580668992,4.304143876142595,6.636193456840904,9.784505566389004,5.485496281773157,3.04814931922738,3.4359641858112733,6.804798438560873,2.877279792457366,7.39438146660796,7.146188037561915,4.66973443163043,4.4465154291807485,5.59239884415772,2.251759691271183,1.7966950551343197,5.191334196105261,4.792808515520854,9.98306510191576,3.167655854055124,2.809925729027084,7.630568857933843,5.651362519418482,7.070421299472337,5.526887864974727,8.611200902209442,9.526524036219822,4.345127885699073,3.19617305038804,6.859356209002611,3.4465780399420702,3.3121280497022396,2.49683197995692,7.249999797924925,8.319712398998394,10.988859088838185,8.05881628019936,5.255974103462834,6.418840816395181,8.114242792240956,6.756147099523545,3.6527696501092017,4.513770220074214,8.390425766957081,9.293826591977572,2.944469805096257,3.7302409855803678,2.8209562375849475,5.491576770542368,6.074799435081564,4.275688341458076,7.539732841560018,6.631708241366833
JPN,8.98711057846984,5.9856421106224085,5.904616698039848,4.571331453149677,5.933980526937083,2.0747715273105003,3.3476204153160056,6.162191412692848,3.877436271337956,9.48221079566977,10.089583834357125,8.23349853571568,4.779230540316051,6.070823739965728,5.4535071297628095,5.450241580526632,5.616944270775454,6.834627372089719,6.530488640035332,3.94199812298281,6.672520008880124,7.885828394567489,7.322179609161252,12.720127498479004,2.219725866959979,3.919067969836632,3.4033892267020356,5.034837966783675,9.073330382068416,8.4378397872623,9.908662322319003,8.790834124336797,4.249032945348188,9.245001101257964,6.528928593803856,4.33866492997985,5.395926176053251,3.96009051883143,2.2235150119700973,9.530364903612218,3.391685359123649,5.126118526317084,5.7590510319646855,4.9568057480626955,6.38719426596335,3.3539678962886192,4.815942676232564,10.361807294850527,3.3285325354395208,6.667419507941147,2.514339975024278,8.758918496746194,2.1662136043402525,5.436923726466875,9.827161166559586,9.610616837430568,9.350154389629292,9.905393524763994,9.944577013589937,4.029517238832934,6.579567972640622,6.819854246441705,4.267716464606346,8.684294568015918,4.548355194115072,6.643193070751756,7.596170641197594,4.796399817719031,6.367800316018623,7.403669754762974,4.653653455060588,3.182071324686028,2.79514017322031,0.0,4.941474713642885,8.13122260692119,7.068904446313661,10.129282772029766,2.987591552458343,6.637614140424387,7.990338226424071,7.755544207268343,6.508643027313344,9.70947676134903,4.816354630793434,6.5697402346308085,4.65583419823716,5.872395287244732,6.115637442712699,9.222071763978166,7.653739632163428,4.062055948458802,5.644808450963873,10.241851268314063,5.372937388629877,5.3304579940571655,6.669407440511989,9.874582338716802,9.312794965937274,5.778436056276012,9.860402130126932,4.970087126645983,8.256614074096033,10.766112751949008,6.844868505598979,3.724004364524253,3.3436087271930335,8.090188323729405,3.2069738802137784,7.898766696328398,8.06736505995862,5.62421189469695,4.913247482427473,6.387882556959795,3.465402595006059,3.886841016840488,6.162034478841796,6.231358281511679,10.043190585126586,4.38744245927847,2.9474190839403476,9.119474884884141,6.1712434689218325,8.35423872002317,5.882770186721132,9.821173808841598,10.442965392777705,5.525467620946616,4.974742704954487,8.296709496490003,4.849541516652452,4.7469478306636095,3.057017282716311,8.779444357991816,9.776257613777668,11.729760291620027,9.139565779151349,5.8892398760825735,7.749786346571324,9.393096063118698,7.725212494558825,5.438177341979569,5.497851213600553,9.451034798472408,10.295101502109524,4.309266096934421,4.43955369377319,2.2050293931946046,6.317719154254268,6.992036823024873,5.578736057638847,8.810681845468546,7.804576382700274
KAZ,6.500312102793993,4.415534635732964,4.646994485201838,3.6238542493108623,3.8425183237590597,3.96977149129242,3.910103062010388,3.2960392794693765,4.866681681901169,6.8086039349901215,7.675743381475429,5.621767416068463,4.521280275499231,5.114823889731506,5.28068340397812,5.075174792476808,3.1968284965495246,4.7979874189551905,3.663161293537635,4.271066976165397,5.747779806557666,5.265385357308266,5.567521143586362,11.174166258795736,3.7693228621841484,4.25173125778725,2.8547326502046158,3.95899378211805,6.1054116151810325,5.754654400447862,7.355228756769089,6.268335314943898,3.4954733517638044,6.692536643615601,5.5634152857459735,3.7939509345548252,6.010292162742315,3.9357961178200425,4.051284079420885,8.122636849305959,4.783652431488795,2.9869238375769007,3.939883296197588,2.8957859550313803,3.5277244206524854,5.076700240851958,4.112750932689971,7.713617330010426,4.200278191145081,4.64490257131798,4.704993951596842,7.401103575688239,4.297962521146132,4.285949009482401,6.298542413440865,6.9050283868112965,6.788735265752869,7.677756196745037,7.247197718452024,5.643920002490314,4.399515183970764,4.779846273224098,4.4288218012654,5.819585824533489,4.005195391315682,3.9261249133573024,5.193795202197099,4.432680749078087,3.877087557635976,4.946964799402375,5.041790546085561,4.087608182750337,4.368512294128298,4.941474713642885,0.0,5.626383500893636,4.268214717056062,7.056733402419209,3.5783324723804433,5.5561890719682205,6.821878998383068,7.236697359454649,5.0378038760579,7.413512203733943,4.10605279879355,6.648828394373793,4.3526163368604855,4.1670030152733,4.0266682946323895,6.889629002813664,6.080989866779783,2.991666921095343,4.250212417104645,7.657946649465938,5.440073265116277,4.710765203388915,3.5685238709040337,7.5090907723889835,6.083545425640297,3.986122982024472,7.272022235249267,3.0445644430637575,5.94477991490893,8.187400285700859,4.367010557943032,5.029270457117835,3.9136298730925847,6.009910925647697,3.6487475519667987,6.438070600188941,5.656603275251014,3.4678986418729174,3.4477281545482525,4.020801873778005,3.584737577482883,4.576432416317886,3.29234525088064,5.105655702118624,8.673605116701896,3.1196170511489956,2.9437679293617007,6.674953036772025,4.94678675459409,6.005729079288843,5.925692875703187,7.691279825522005,7.0698254092392405,4.261680103963609,3.75610728669669,6.535599151647383,4.287161057731715,4.248004973901172,4.734505142677144,5.892631743692611,8.430430710426586,9.636079818124346,6.419104027074154,4.372837607548164,4.7659543298528115,7.786434487522406,6.406009621728795,3.6222856631423324,3.7277471849926207,6.360533459049751,7.333569329123745,3.3854221237443145,3.5243069462891095,4.422848882655964,3.390708382206342,4.176791861785353,4.057369771700131,5.706438945096269,5.331376856786895
KEN,4.926330516030211,6.193393262598879,8.62784140203366,5.969140505123865,5.6518257923986015,7.54703603050111,7.464610063903664,6.124303077355477,8.111334047702663,2.592233075220018,3.7836336706107265,3.212438017316825,6.834157127596901,8.754714571912917,7.689508123228748,7.0460835625043705,6.361965651493657,4.759819846286383,3.6058017597053342,5.489215168268152,8.947438819294494,4.6234639182129476,6.13118887786717,8.337612916047942,7.67482194433887,7.862219666461795,6.071697679144752,5.810147378419476,2.8271397846710333,1.9305570007013113,4.486665606268877,5.771093308471439,5.046412368964281,3.166662398580228,5.20625938842079,5.527250947323095,8.168871749654873,7.651339013607527,7.775426189916449,7.096308801776375,8.090763290618284,4.4413821281950785,4.830467718337863,4.440715942390518,4.129741004408426,7.732919088081927,7.934978215090439,3.3789847131762154,7.688993144656311,4.575567320985343,7.410919455152204,8.032385439060663,7.557365162080569,6.050361791504037,4.592253069170237,3.1994714809368463,3.3266642540638323,3.617086262718287,7.580102289553024,7.959938217372923,2.4744935098327794,3.510659914199789,7.028594695482779,2.9975510552532625,7.11699588391644,3.836914570075245,3.335367200580913,7.885352245060572,6.127332601330634,5.588207903008845,8.390045155418372,7.232690900614708,7.0537410031091765,8.13122260692119,5.626383500893636,0.0,4.3791376684563605,5.011473225383561,7.634638213614616,8.770592832415304,7.812880518782383,8.105587255400842,5.083426685615042,5.73707618193689,7.325029282990228,9.864125366607945,7.274527621489682,4.192809482153313,5.064415174340348,2.0011797079268456,6.535387609991528,5.0761397140146185,6.624387219273361,3.4238965086972644,8.25985555864805,6.964829488794816,5.095560627526518,3.442749037717482,4.066851839083787,5.8220011420478,3.2320208479483137,6.100652768862584,4.604699927983332,3.9610097002705995,3.5808670360288857,8.237978807192341,7.8573321612140195,3.582093712081328,6.9961792606776365,8.795724910034439,1.9774871424704161,5.132944715011039,4.397316867075916,2.875805759541606,6.9392488998296225,7.133450977403593,4.185026710422466,5.513042408318585,11.275768872385042,5.659368718533263,6.389328649233389,2.60785482373734,7.867898587257061,2.510549831536094,9.358740209235126,4.9863703777421975,3.883958773968521,4.203736053627013,6.576547257742983,4.927055414317746,7.5462775516388705,7.5916887369860575,7.86114231090226,4.827631212155336,7.704802912965168,6.657219497337096,2.3949826569766155,5.476325716228234,3.5198667186263948,5.490214326935071,5.816245309389856,5.184266131673598,5.835182061773041,2.29083881416532,3.7831901954602714,5.761576563252816,5.843792259168998,7.540067535189314,4.143232239123838,4.503932597181518,5.241214133832973,2.6288461030534016,2.2600990473918516
KGZ,5.4694241459278885,4.412538885780621,6.678342452180582,5.726676529342602,3.868230583898874,6.222793518852799,5.427279536356785,4.4143492874488235,5.988124327051464,5.081214721233867,5.583564225637893,5.450226114726432,4.994335900469546,6.645116632137257,6.491595354063504,4.982728778173616,4.81114270474928,3.224105813158133,2.912439645996423,5.635692622325173,6.81495512643128,4.001916557304792,4.3909584609108725,10.548028757542484,5.952665285105381,5.974474221966532,4.698918298168043,5.076813379639005,4.689529635974645,4.480594842626354,5.220291942362279,5.571712964053966,4.603435815545502,5.137574218134567,4.570894546529592,4.259479377714578,6.541491162505618,5.236679942549307,6.101248075636739,6.444534459131004,5.983246542924673,4.03148182433752,4.027913243855624,3.1269024009341657,4.456251486982013,6.491009171102407,5.285609495801323,6.119425715495928,5.733448393501727,2.6865856742387635,6.070341591759094,6.910605097856209,6.193968883455347,3.869785983436621,6.163119720465943,4.855347486844354,5.660143101715208,5.6597900179584455,7.285943203875393,6.533504829890998,3.7923785427523504,2.9758381732047283,5.017741264266596,5.303611140415084,4.583991057074841,4.2964108549237485,4.832952834490454,5.510469460436838,5.894664547193838,4.77236625047901,6.013436804083734,5.491781715603959,5.917550675768672,7.068904446313661,4.268214717056062,4.3791376684563605,0.0,5.791932322720366,5.761227158045195,7.296816197257817,7.34927058775009,7.59504086960026,4.731850272843377,5.503816206599541,4.67235503102412,7.662246167630744,4.935336856000862,3.4946337922355792,2.565733078451509,4.876656757663975,5.0551010716465035,4.666595385456648,4.479744056085874,5.757009049392463,5.894039241133231,4.664212132011235,3.2251196456812754,4.7890216205403915,4.68471260798744,3.7545772533579247,5.474063787182528,3.9006316596374018,4.258027857994446,6.1741914753071425,2.475326334965773,6.159917209708539,5.966445271300644,5.488474456600125,5.298340166006671,7.157892749630484,5.045841130168666,3.9138094525613085,4.01456610790799,3.582819470086336,4.91922853634137,5.66316057680711,2.7838386095656995,4.31388741178929,10.094012846215861,4.093770907377451,5.317173758856406,4.949668333512272,6.295106779456181,4.512379107695,7.208818142762801,4.902754233436834,5.842753429205984,3.4238146963279705,4.630928002019295,4.897762281129592,5.005501034121053,5.063564381928644,5.977150926191639,4.668138011643124,8.941792246213875,7.962268259138173,4.294332319401367,3.9200930452183576,2.322789774174897,5.417779619382084,4.325540625804624,3.651615545345185,4.962434570441794,5.035784265161347,6.319294149915937,4.057284979892809,4.844387285467795,6.972049191067639,3.6666338629004556,3.29248922786238,5.066302999702071,4.363074857722365,4.043327180725371
KHM,6.761898827829295,7.599890978895832,8.371560143104444,8.577245597222884,7.316237016330326,9.354367735763688,8.94492046344294,6.596667640839686,9.706620260516706,4.424491286442494,5.147103315055053,4.607633995936521,8.633386124336548,8.754148887385986,9.621383054850202,8.908348243554263,7.654360601493277,6.748072177399553,5.151920174503246,8.252720414765259,9.439508349283853,5.306275553328861,8.033250699817481,10.675960585262587,9.510357823057847,8.853995787832579,7.635030915765046,6.961207272724948,4.7192091247330215,4.921666332832558,5.471824263206508,6.999066081675257,7.203846678205804,5.38413413786278,7.315601599268969,7.510132516604549,9.91101534253797,8.960320091271683,9.533024331694367,8.704811118572149,9.815630488783922,6.527536360366942,6.599148104828326,5.966030359083516,6.673508049989798,9.890412688302723,9.238552971151135,4.668125503320344,9.500309312533043,6.495322449465853,9.665803854187047,8.469394929407853,9.653002151065163,7.944677980449181,5.90264492301314,5.381315249923749,5.867365185591815,5.737259838249013,7.389795398797494,10.120271233463807,4.86797410059291,5.265670343941045,9.102652908318055,5.37876619349017,8.556335591839632,5.241231743164162,5.435756842394845,9.132099621026015,8.076189149883845,6.605794815428415,9.813114863523259,9.188104429826739,9.144397828126447,10.129282772029766,7.056733402419209,5.011473225383561,5.791932322720366,0.0,8.669502646933498,8.83765770671637,8.630898823671975,9.90489007443293,7.108374675243012,7.68986898045215,8.71311666824448,10.663494105102213,9.036668587403131,6.227033507000746,6.438362423073527,4.806691621532505,7.754151242040693,6.972895617288541,8.453051242562207,4.803618060759711,9.360672962036086,8.824038191415188,6.052839480675012,5.6333700262798185,4.695180042077144,7.343466007458689,6.579959524604,6.641093212906261,6.949380712938259,5.496179006231488,5.191173581141983,9.833983512144075,9.133023622202664,5.989635448914805,8.98772980484157,8.60094641896651,5.373539326534565,6.35398430865188,6.020341125813488,4.665589774827684,8.704390587113403,9.15789567054077,5.3995294015148,8.118105734872497,10.569765946171072,7.39251450021714,8.657111538841894,5.560115893090751,8.53482110104545,4.96029766701087,9.555519370974842,5.674703996920547,4.6500068459780675,5.9975068183461655,8.556562122142784,7.601148703748592,8.969123175847844,8.85924361796007,9.697993098806078,7.143346398314813,9.455004778062488,6.749142186047923,4.3146209325503335,5.928079357688577,5.470848871613031,8.327588788685178,7.4951832499229045,7.116389590134355,6.529454532881127,4.10196202745593,3.5443736859575745,7.879800880276608,7.792193321977554,9.915860765796356,6.477136502928685,4.549425827111483,8.213408173872814,5.056465444849288,6.15949126280216
KOR,8.219274077605906,4.867942025221828,3.746815256651851,4.668857799656959,4.757103450987344,2.7976953976943384,2.219732718744856,4.342515395865679,3.21954388554692,8.7936105684324,9.380690796630715,7.458077752379428,3.7660666083644885,4.204205415819871,5.337201647433882,4.876544615898391,3.7854664147799855,5.963210251919747,5.214439949702191,4.615622735550576,5.10334088602612,6.524812504027645,6.5334332032518425,12.436944119069908,2.2667153268992055,2.753391651942241,2.409900769171032,4.390465199413999,8.240614861638841,7.8276551396972325,9.124039139673947,7.638510017383674,3.9872352353725087,8.767810662702484,6.159853497213815,4.008756497231192,5.226609144548454,2.134761310934351,1.8947626272123708,8.87259358322553,3.115299093530202,4.4332693126859315,5.0029424519510055,3.848650091314487,5.821998185763134,3.877910809090484,3.275246645185089,9.755685605581489,2.954245248308944,5.657348340400845,3.4213877945565465,7.79750598814174,2.9424290308101613,4.799042672279884,8.757063703343475,8.779866647682441,8.921037153349463,9.431578492618586,8.687145479300542,4.575127601669599,5.9710048257317965,5.883761644631614,3.8616418451022323,8.060614135310837,2.983557303814154,5.630455217862132,6.868091429973054,3.522859152150259,5.55574401455709,6.418674301994429,4.04519421204973,3.440295504109276,3.3004153548596107,2.987591552458343,3.5783324723804433,7.634638213614616,5.761227158045195,8.669502646933498,0.0,5.107182535724618,7.551664388581153,7.147796167105866,5.977950734734223,9.007816808628778,3.390476314168643,5.6482623902487274,3.7194353574255694,5.055330777052084,4.8720690888755955,8.645517451296916,6.946020384588267,3.394031861139012,4.666190014287314,9.5565901542364,4.480995694889298,4.698632753772883,5.18054458909939,9.141272005390908,8.105227607122487,4.535668909775745,9.463599179360491,2.809370088491188,7.6248346013934,10.092686430371971,5.576776987968456,3.210658596115837,2.3949088244093972,7.591507574850168,3.121012762169307,6.612150168910025,7.737447655700451,4.361224478779797,4.134885525910191,5.698164681165192,2.402215947668672,3.720731437153437,4.878158486802904,6.132426052937621,8.72724331355232,3.0323161344274956,2.7817101108124067,8.672998718876102,4.994448860209542,7.7615133295697305,4.177434117668732,9.044287112454771,9.488470050409626,4.759195339478763,4.02472634634529,8.000586265533059,3.384730190392809,3.350852495046021,3.1459421891870853,7.893244841581999,9.617414365461476,10.946740280041348,8.282581676475955,4.233658255313437,6.7889076168146625,9.094676221497032,7.072085108858685,4.489571067623934,4.912867895767687,8.643777834556769,9.561664984688152,3.338321814362905,3.9837329962697448,3.8548462574407734,5.581208836919386,5.2011351719682875,5.438667935358844,7.963945645325905,7.341359827433591
KWT,7.362491034622219,7.51168413404035,2.754503033684707,6.7467646777740455,7.117262908292371,5.370119576682831,5.3845476216487596,5.198286786095752,6.028042431429297,9.038405072345466,9.32644551880756,9.08403145338339,7.092968828684505,2.842160486314421,7.2897828610823385,7.670736585875492,6.0749984166082385,7.372293019876975,6.238446806649002,6.915377651434156,3.845382151524147,6.574899476215604,7.140602728964416,12.026818407050106,5.598773034738402,5.791990093533922,5.210241195852683,6.453787043595722,8.89233481765608,8.160088616182726,9.333219816649008,6.879166989288218,6.104664621175073,9.527687744744108,7.7065694565705005,6.196610346613382,7.36999356958261,5.443888465199914,5.888833214425392,9.722045324833259,6.029270732441046,6.17756903495205,5.458552359472931,5.579992622280817,6.928746783893915,7.10174010717679,6.2780643008862755,10.556784052133004,5.778837951989529,7.5589745415114065,6.647229932085429,6.611264958001212,6.40790262949424,7.66522507491793,9.209642534846484,8.749048861104948,9.329112526766675,9.60880966101235,5.962932374011854,7.586224368150721,7.0684260039717595,6.845111750529303,6.911283816004324,8.910394796824562,6.322181550454792,6.9638125627928,8.48588911148059,6.187259712025097,6.798167662091592,5.193593364780614,6.137068183438614,5.6619123101702575,6.437801275466252,6.637614140424387,5.5561890719682205,8.770592832415304,7.296816197257817,8.83765770671637,5.107182535724618,0.0,6.491695864584045,6.155929474209065,9.02706164069619,9.102242416378237,6.670248451822804,7.282807025971346,7.087680872044862,6.460919931754148,7.5581230688017245,9.245568052636486,8.081016031636718,5.497657030124589,7.213281186968718,9.393145591087444,6.658078438756597,7.2169256308830905,6.139888864482417,9.558551916409487,7.525676290091387,6.973807969439045,10.181749054498106,4.657370219404432,7.827684292091544,9.860317704565155,7.043394810100487,6.232561746709285,4.49283981121466,9.276393820876407,6.16478101816801,3.0342708997183583,8.982905530342924,6.234552302601613,6.01135803730788,7.121053047250181,6.122880540387439,6.936011322795667,6.300819619268916,7.195432184949918,4.643379898492163,6.144216465718951,6.017102271848042,9.465095297224448,2.615044381126241,7.845880750717813,6.180136952914704,8.939959379511793,9.894121361614605,6.377824982896431,6.64553455552895,8.820720981996194,6.317610106416861,5.9376968610107586,5.892928143974799,8.576262573917267,10.302963151206894,10.261225009009115,8.744122606597593,6.230219570062359,8.055505655609382,9.626397017182883,8.725245382390503,6.079727949197599,5.938043735451023,9.001099142966414,9.48731837025874,6.549407013535376,6.326808706469476,7.137749287082072,7.5940911974084875,6.819041737257847,6.96747843279399,8.160092224967917,8.401818675324012
LBN,7.741572374029225,8.553739437940733,6.4777992193595555,7.277022373189882,7.76087460216945,6.448532544320652,6.970955272576018,7.791520557654822,7.013073187168171,8.11084956545331,8.906595303818007,8.724377547021,8.46435131262651,6.605155788527191,6.517994303254882,8.632017730261984,7.85603604229309,6.5344265845548435,7.228146220505278,7.230264924727115,8.477663309895956,7.970428516338108,8.060172917761484,11.729393221735812,6.892700796978755,6.596432946427664,6.496669919371449,7.937197485924113,8.614909515018605,7.6370884668046095,9.261419166538094,8.367952260441314,7.041201704055615,8.131503403528285,7.069577670661951,6.0698402376310385,6.405597042406861,7.572077707852227,7.419922857160578,8.288311217771108,7.077895602462444,6.552354297996197,6.620445189204754,6.876471926616495,7.060799484137266,7.5400922535239125,7.765931378599201,9.273746043988183,7.036742724551575,7.5255838481489645,7.005671432794732,8.389768667096561,6.9066469599988745,7.483854058862066,9.146087519020687,8.662448460937943,7.427222675047356,8.653374544755891,7.745973858860531,7.780940337608166,6.6364171100656275,6.386341541367716,7.719491864263286,8.150834544734682,7.61739338234367,7.9350450115990245,8.452931686837017,7.090572356443174,7.705543382288979,6.536245634601293,7.152599590607318,6.1133187057509915,6.989423099092997,7.990338226424071,6.821878998383068,7.812880518782383,7.34927058775009,8.630898823671975,7.551664388581153,6.491695864584045,0.0,8.067699571377611,10.026112659861683,8.769748761064058,8.04342157160122,6.938236151845877,7.9421328785817575,6.841627906430215,8.215705221990936,8.300570562141797,5.8847110746789415,6.457783054959833,7.68166665072075,8.88885433063536,6.859086308793525,7.2269652818854,7.369498188757113,8.662029486859742,7.48833426296894,7.398753093958123,8.94358591437668,6.6195065175414785,7.232442184091863,9.574008104511355,7.180430120331917,7.075796419224436,6.986525900864401,8.543772132198672,6.7384295364779785,5.454041233263011,8.422206445920486,6.283873619029319,7.086482124207497,6.749679679491979,7.580889409849478,7.542715482918213,7.053364388930378,6.0661445291922,7.035700570179676,7.7476414193128,7.503503170153586,8.249966735803486,5.895547820978914,7.138279704096671,7.368630820436698,7.835125993675781,9.472654458394027,6.95813794306433,7.77756188026604,7.354428563815298,7.556532569619192,7.378298611086043,6.796788316417813,8.975925969517963,10.159379875973716,10.758760932046801,8.236635340759294,7.97902461296184,7.394510590047055,9.127129403998104,8.99557257111365,6.441221671076044,5.927497822859384,8.320315021100297,8.28311380166872,7.4169013895849245,7.0287971719323385,7.42173228533125,7.722145469544424,7.9317243970340225,6.868497123696694,7.436439044053092,8.031636613493614
LBY,6.1148736709183185,7.290431864988709,7.272153230035139,7.2460364644112785,6.88523045838173,6.89355253534833,6.388144075211555,7.118288047620479,6.567611278561808,8.789744138541332,8.555540260949833,9.09938600875126,6.335260109122988,7.162403497546533,7.2735947200304665,6.7967394154552485,6.59154142241762,6.855270431275374,6.931957883451648,7.14502093441031,5.593638423016949,6.527521616831801,6.349278749899689,8.30958793610003,6.753994248398865,7.429832861562165,6.37364405299231,7.63542116109267,8.890626486403491,7.62092101735789,9.282824496575738,5.342223232708743,6.544127807936597,9.044707123651667,6.615734293198709,6.387045112313418,6.93107536082137,6.142511818941687,6.902725955653626,8.357400860121647,6.817977178092404,6.740900623853958,5.33620363959813,6.653568801839651,6.698305223327044,6.655017570396836,6.952837845968962,10.547524256223971,6.372322095243077,7.165264865372758,6.887069564117756,6.755877430563814,7.210076509511549,7.281958518143736,9.520071212774827,7.582680691910697,8.482140102010007,8.729408223718213,6.084376058022159,6.783397327963575,7.097925640310536,6.109921233139326,6.429688527149321,8.127005645659514,6.570875048665213,7.42941647116679,8.156713396459677,6.794982771202022,6.802477380214745,5.941414790412287,7.370838873124196,6.715745794114929,6.374842948465416,7.755544207268343,7.236697359454649,8.105587255400842,7.59504086960026,9.90489007443293,7.147796167105866,6.155929474209065,8.067699571377611,0.0,8.531975292155796,7.035901250003121,6.977075551236817,8.805654018097002,7.104522002884844,6.325825996164717,8.269756583306476,8.457597808975606,8.425259013770608,6.1135444553635265,6.7426073020742985,8.812499561209147,7.853882364314202,6.938726522952854,7.092760295058479,8.456458855724016,6.908919328014551,7.086563289222811,8.941928196527677,6.379202100403625,6.254739743613694,9.270978957572856,6.639066532529357,6.833234984675144,6.613792544790244,8.599855187548394,7.0675751291371975,6.809850542779884,8.652939636036514,7.133140451851814,6.798702456158238,7.483614313408387,6.295881578325474,6.6336105827574,7.241284465176251,6.459092304039089,9.417928167604249,6.167282928088678,6.731367531846711,8.240526078992007,5.61392883172289,6.999107884222972,8.389679539625524,8.574061971143983,10.135502071183836,6.154599443025586,6.060370882668829,7.503917814630872,6.416372211665044,6.270981586521765,6.6239207317311415,6.9918315463712934,7.401678007663233,9.948225164617105,8.227336275886982,7.300724196308033,7.8348337604107,7.867573631401192,8.101860662222403,5.663506804732858,7.434374982041765,8.774407290600145,9.53647814079131,6.2355768171588695,7.121912567544676,7.922756156192281,8.115630770651464,7.86144553922578,5.905003396912661,7.293570660115551,7.0658990339115615
LKA,7.447584835932782,4.112663290237659,8.287903629607253,5.595985364234507,4.28103258043569,6.660739669586194,5.963120026684236,5.391260427194983,6.95333641527544,6.736863074005644,7.24381628016774,4.57634778366269,4.8129521823875505,8.55886469871758,7.1409374020119,4.9218192742591915,5.100008603286474,5.2109516686467305,4.680068967355827,5.322856566859383,7.932936220891844,5.272442578657247,6.341576306302183,10.829552989047498,6.399684493654607,6.555227001529696,5.03456037206104,5.227054009007973,5.934961035733882,5.897953355535949,7.128817172234506,6.921165396644473,4.447430241536725,6.091103840938069,5.4379119181044775,4.913395041736093,7.4669716013441,5.92081407299077,6.212771944895264,8.35757147049319,6.8327073717228055,4.48628437348759,5.38320933627731,4.055726509092158,4.853118979892264,6.160854838152257,6.148514779551355,7.069734907468079,6.287538554074157,4.6219057011140405,6.274186158955213,8.743494519590753,6.385756521906277,4.679581870339951,6.757802113684522,6.560730003822155,6.958322928878668,7.167290932221367,9.38986276658386,6.4391793794676495,4.5752225730585865,5.094409859618757,5.148299692187527,5.448398082624695,5.4317956485814465,4.368718700203479,4.7756516531659,6.429004942804174,5.885907646903542,7.033542294008626,7.258128662688179,6.552040260875378,5.667376683873825,6.508643027313344,5.0378038760579,5.083426685615042,4.731850272843377,7.108374675243012,5.977950734734223,9.02706164069619,10.026112659861683,8.531975292155796,0.0,7.58443740996632,5.246001631466845,9.268244714318834,5.329375536562435,4.957131955059064,3.638542254022709,6.2379771976434775,7.301085102983283,4.942467459517876,5.141549772801842,7.375983866128487,7.280254511820709,5.643461763069484,5.340644669590346,7.0951433669322865,6.677211690364106,4.466920087232501,6.5735492584056,5.639988976360159,6.4858920345459765,7.689924561902759,4.209566609891911,7.155405303881703,6.551492088755248,5.129791521152343,5.869435721058857,9.850507181713363,5.130258097738926,5.010772175266192,4.189435530571805,4.610859537470291,5.072288997220332,5.311848329791199,4.141406652817188,6.348664595494509,12.492550749529553,3.758856324543184,5.28802638981922,5.767898457153225,8.407470573615655,6.124077478813769,8.315470874803497,7.679163473705519,6.7966775325214615,4.270733760517722,4.856526059049684,6.6455604036311104,5.862346544000066,5.817597280124208,6.694852065616378,5.604761425505712,8.57913796704721,9.352149536371224,6.005034009822228,4.853623864228681,4.728856823541065,7.247997392723263,5.326016367581189,5.03081314607185,6.217824805433183,6.184209042028776,7.481645757783736,4.633340604525069,4.935156011450723,6.519836421587681,4.244802488230695,4.5856035046127905,5.828372778367441,6.001160889388471,4.928258228812072
LSO,4.556361616554812,7.581209601195979,9.525578088515099,7.81790385632177,6.961257839620404,8.885241448750147,8.077045498958784,7.565347450340465,8.169986003412665,5.97792317160222,5.8359134169320335,7.611077543979979,7.293027981271409,9.122417010766075,8.267661653269515,6.984121075939207,7.257731991810643,5.500740987760034,5.787059146721038,7.601331794605395,8.576794212679536,5.150477140954899,4.162183385535516,9.063977338240498,8.591786653202982,9.008268785030415,7.775212977762345,7.86697169280557,6.100806984967709,5.374592217650124,6.221510176186243,5.7419816919142015,7.117783294797799,6.518685947491948,5.525826381286409,6.810236123589156,8.467698599335959,7.990682660574084,8.790511679090084,5.694655520337606,8.294677807798092,6.6765398286119195,6.090492842853979,6.6284436087388645,6.581068126150488,8.508981759272338,7.966682242986012,7.4111363299437345,8.073391503577687,5.202763552885207,8.341400300703912,8.05560290909348,8.636288520952595,6.896182555614729,7.139961727784788,4.301039070858084,6.140388395070596,6.078745264985551,6.709396056815759,8.523816673051401,6.043309807109214,4.8537702510738985,7.282510793293138,6.101532765330162,7.305579323744505,7.018680985136207,6.727382593180253,7.974766737689374,7.590196135601402,6.338709283733691,8.62850210583656,8.131509974509049,8.17096241495127,9.70947676134903,7.413512203733943,5.73707618193689,5.503816206599541,7.68986898045215,9.007816808628778,9.102242416378237,8.769748761064058,7.035901250003121,7.58443740996632,0.0,7.5298291688216805,9.83931775155091,7.534238826994797,5.6530947311822795,6.76522709789661,5.722441932664661,6.748549650454868,7.329424387444419,6.718425896178502,6.043413351540197,8.403699036140853,7.02156782086784,6.3917677024997905,4.566806165669565,5.09718922180761,6.5239784758638155,4.900885675416154,7.463343849985501,2.657096794503229,6.602052969586701,5.50131011039923,8.42886893020618,8.614277651957313,7.115353286081354,8.26880047734685,8.904718910284814,6.821394681421292,6.868756423427626,7.071580936646579,6.268852758832404,7.756910186400594,7.817956745805094,6.489060123847802,5.742040224032226,11.72964760767929,7.1049350988295545,7.802967507355464,5.370825340588004,8.162059735645064,5.0850886926014764,10.033037638728974,5.464103430025222,6.963362577754478,5.775624235830339,6.715828602049997,4.837260368441941,7.463179794973295,7.6134488341935995,8.25733726052222,3.5348159017308154,7.6872750651583015,8.64909344628863,5.240700502968583,7.467709886188345,5.771126926704057,4.105047941243976,7.012144693955246,5.8067765011923385,7.089814863958378,6.156825774017484,7.146032805106961,6.858055101339897,7.592928427390978,9.450994826188062,7.136400901931171,7.043925409864189,5.418584714218748,4.499265132244265,4.045778379318787
LTU,7.675974336538161,3.3617778697097114,5.532474671743207,5.322773874031278,3.3085665723634907,4.339236029890242,2.663010874102518,4.642221839457024,2.961742471519287,8.355941251629242,8.811912010869202,7.4739504826404515,1.927873706388047,5.45083711319501,4.144833120436368,2.9110398462890172,3.6883644456086175,4.240300895543661,5.0530170383795365,5.379267163385774,5.2043831363655615,5.8843774509825435,4.961550677592304,11.979955118627347,3.5944890940789205,3.274004763838057,3.163853565075936,5.70255401833276,7.696640237569108,7.465966973330458,8.663115463657629,6.879195032459917,4.328964904061667,7.880595354264441,4.555797030742681,3.470226551784861,4.19314451226588,2.044860567366844,3.4802731823823945,6.945568846399747,2.9617951507268674,4.188780027359167,5.068865510774739,4.137382193809166,5.797798886882233,3.6412717222492152,1.8291633725196559,9.546451819279559,3.0216955317291716,3.9179411766290726,3.819344674878791,7.2791797013531045,3.8106992949567178,2.6120525761306754,8.733099389037081,8.030764462786383,8.092807266284643,8.714206287455413,8.613650711095962,3.7046651541442297,5.8211786450546565,5.08827740355345,2.2014845531978726,7.37423171816267,1.2988887151176545,6.106977680835346,7.004450892571827,2.2609724360803636,6.109176594275779,6.623573747816086,3.5458249666579276,3.8451163699037556,3.7574287274425187,4.816354630793434,4.10605279879355,7.325029282990228,4.67235503102412,8.71311666824448,3.390476314168643,6.670248451822804,8.04342157160122,6.977075551236817,5.246001631466845,7.5298291688216805,0.0,5.207255263711608,1.0963481032375588,4.631273096308173,3.8453576439899906,8.375868629290679,5.67512417274704,4.3212993799979715,2.427443975954789,9.218204320015115,3.4266268042875643,2.3663017633769208,4.80323199568594,8.336459451515601,7.389923350228089,2.7618083158029076,8.773548706187402,3.5952929501026056,6.1902443050157325,9.795431294104903,4.673035798293696,3.2391466260841693,3.7886864597067915,7.003915744638156,3.3310487977049603,7.654254682590134,7.793550730272393,3.9047017942129307,4.583944305765346,5.868338088666881,2.3213537522236543,2.8540685334882756,4.433703300833732,4.974134410587082,10.428945864833116,2.6835278910532683,3.976758533225678,7.809015628899666,6.300050131747277,7.329803389058395,4.488301732464047,8.395668570244238,8.875142855894875,4.152978008125798,2.662065200354763,6.321123551199703,1.580150463087564,2.0910270254137813,3.2998818235813383,6.134073515086749,9.223713987812504,10.759078494309573,7.609026415668147,5.016003613927837,5.860463311961815,7.973762461975443,5.587492584125653,3.478305383986206,5.447553205887808,8.479953212753363,9.568571627995759,2.9386236091405884,3.747033904006163,5.248186122522522,5.572212623745527,5.508832481972297,4.888003841853268,7.296258399069661,6.531196501949953
LUX,10.29469667662062,7.672320253716043,5.871139279249831,7.6455923230381515,7.3747574598979595,5.57247945524696,4.497000184773237,8.156241792958753,3.6776171906343627,10.553944546376291,11.429481927379033,10.405025261652584,5.972417293307976,5.233126123773919,4.435747731958432,6.886472618757464,6.624024242681353,6.352724933146591,8.005160773835206,7.974801911970369,7.343034605685242,8.666481605959545,7.810440555292654,14.050966818834423,5.228134971859299,3.8996902738246026,5.9411039517005415,8.852887606239369,10.470470338905557,10.093030434907138,11.609026424456678,9.98446388694004,7.72389568199425,10.052931085652522,6.698627277074281,5.858842150853376,3.9449250863434564,4.965680056199243,5.295710985244492,7.842047852385941,4.076071657888403,7.086681240980893,8.11860544188993,7.351132914887603,8.974215517095907,5.994356605683393,4.251326330248969,11.86000700358693,4.793462647134643,6.67062327027982,5.385752350521197,9.721237674406993,5.083795503939545,6.318547170656473,11.081454051880945,10.78442849630956,10.018627154259365,11.034583884863569,10.098540348106942,5.86740793246168,8.220377858504444,7.568971220309777,5.70922723793186,10.318974495310242,5.134052399160547,9.509652280343326,10.212709855282636,3.786017272874933,8.690622824585716,9.108653666927843,4.200973904928714,4.781463333818858,5.877758892392591,6.5697402346308085,6.648828394373793,9.864125366607945,7.662246167630744,10.663494105102213,5.6482623902487274,7.282807025971346,6.938236151845877,8.805654018097002,9.268244714318834,9.83931775155091,5.207255263711608,0.0,4.976459830635775,7.814009743968181,7.2394934930720565,10.643290943920311,5.43527412423526,6.928207996960066,6.238064917491062,11.596595175935805,2.8951311842090064,5.133517149963147,7.382286931213714,10.657786153044388,9.897267234714107,5.603108184449848,11.163776639028429,6.224866106948468,8.542156188322675,12.361727737682912,7.772947331705052,3.8208333242858896,5.3391477785589085,9.950229453156297,5.180990327200964,7.897162844992869,10.62612174938212,5.51648995155967,7.7761622822520104,8.63948994019395,5.872772141922293,5.517024095422791,7.7668006710580375,7.203467553260641,9.487066922291769,6.725481492263589,6.779210134458482,10.57252132493941,7.480832151587321,9.680169828541853,3.3399342604502675,9.777584456726888,11.63177423721756,7.12713970780766,6.541481712302925,8.010107723943209,4.861202146744457,4.706706485293406,4.6364206493429245,9.54387537672493,11.268540504571227,13.351880831860639,10.106896515142342,7.672442430036043,8.998891178877965,10.025584849199555,8.181125964970555,6.668724481470104,7.4646650023542005,11.053762465533774,11.645289712724884,6.3393583103592155,6.485881823396475,6.609474335332463,8.749050775853478,8.549375916308927,7.348733678570751,9.791216644769435,9.28705515709259
LVA,7.966440223158819,3.519121792389922,6.040196689678049,5.101621579546693,3.438705880481773,4.24020378335787,2.6179278694424735,5.170577909553307,2.7898343101929943,8.404715417887326,8.972640541542512,7.600403853100604,1.9827380870384423,5.8294375481695395,3.480176580513356,2.891401118280516,3.9446945581386026,4.032637317171758,5.279430046372995,5.170057542178983,5.721692886106387,6.079309308485248,5.224495438293021,11.74866899068461,3.529598140831472,3.296297996093881,3.287750666607623,6.082117891782951,7.8436236280299,7.541881931779041,9.010112316472558,7.284922647982913,4.4162526887992035,7.726499437078183,4.162134270532102,3.2014163171738765,3.6336501805750316,2.427030920347577,3.4379118947501155,6.801351243235613,2.6479498460011754,4.192399594973345,5.362559953118158,4.417830981962858,5.947455588714706,3.348834914691979,1.8817574944291082,9.57496836363722,2.769691141168619,3.7848071520206266,3.481206326742898,7.774811668985981,3.493012464210645,2.5260562762601286,8.819791018364391,8.154233343652571,7.925136708447255,8.643084897630153,9.001992868787424,3.295384662064436,5.826652448851874,5.199181088342158,1.8145166190524014,7.393409740462464,1.5830002015055726,6.451766128901659,7.218379222838139,2.3942617564259963,6.172160932136125,7.082294634105271,3.289656934934777,3.650888810380771,3.5297222044414402,4.65583419823716,4.3526163368604855,7.274527621489682,4.935336856000862,9.036668587403131,3.7194353574255694,7.087680872044862,7.9421328785817575,7.104522002884844,5.329375536562435,7.534238826994797,1.0963481032375588,4.976459830635775,0.0,4.737843888935423,3.9247119545382336,8.33704378434923,5.346501053757748,4.460225243683235,2.3088791603924945,9.321310595701934,3.1193437624980915,1.8766709606628154,5.222184353796079,8.384200812540117,7.677833047875843,2.6394538442525195,8.636759811628878,4.194401679424702,6.242094745002825,9.92193086072326,4.8597916943095,3.025435740476417,3.8733582908605975,6.9017501628782085,2.980845250735324,8.087420234203845,7.790399042645608,3.9751530016540944,4.799119942822541,6.051751906020485,2.5315708117741225,2.4553025566441047,4.71036716049372,4.736528626319726,10.765500583004641,2.948091206686021,3.9735439149956235,7.774193658623851,6.739906343641134,7.3851699723288675,4.742913668090688,8.384537326600467,9.06056252816944,4.199049244219596,2.682973350105282,6.006971944989792,1.8296378402062177,2.2187122641448482,3.028390670641362,6.247711078678865,8.94746376856343,11.049161503868648,7.695362262917813,5.388714813024051,5.9778948531506275,7.770618662422474,5.428598474974118,3.5894525069568766,5.659479619935457,8.613472870967666,9.700413937309985,2.9507319250870006,3.558213216558733,5.014408094801517,5.613863054957446,5.9215529452684095,4.790859697378808,7.4221367020890785,6.445395553905391
MAR,4.532947391045328,3.6578899784553247,6.368610618592437,4.522106415033271,3.3772943439630176,5.139698994606285,4.848144193733863,4.005440848696263,5.35433158962102,4.881093867252405,5.144295021703531,4.85921029555885,4.250430910128729,6.469991322849704,5.9135417396307695,4.064248613843892,4.613314636454416,3.8173131891245426,2.827058703982047,3.5928704997499255,6.213611315666017,3.7212262005772234,4.526437868928435,9.494526988900963,5.118134026373493,5.7213029693963975,3.52832280807753,3.743678761635678,4.492417977530613,4.073878069328505,5.578852620260945,4.9498701581307145,2.581190658340237,5.162583629304892,3.6709732080208615,3.216170801114284,5.989838346944696,4.835286137978056,5.318785778168406,6.331788347522542,5.308457555390805,2.778111145882223,2.2255884116497393,2.5753966940233575,3.3739588306036605,4.80987798992976,5.390098919927473,5.898758415394917,4.976764885898976,3.594340479894936,4.8086218679035095,6.175083505308899,5.177446007868005,3.803921344141076,6.322369390852481,4.486146483002007,4.9801990376760426,5.308475728599563,6.985839233457107,5.155018075887997,2.954628489121232,2.576041484009252,4.199929286638177,4.425274473727698,4.2049825057643755,3.479977687171469,3.758027406116378,5.220502162926525,5.05165141063178,4.131316003714957,5.840063442435218,4.958219622291117,4.470390685843062,5.872395287244732,4.1670030152733,4.192809482153313,3.4946337922355792,6.227033507000746,5.055330777052084,6.460919931754148,6.841627906430215,6.325825996164717,4.957131955059064,5.6530947311822795,4.631273096308173,7.814009743968181,4.737843888935423,0.0,4.017564632665012,4.97522402198707,5.383849151040717,3.218803574687844,3.758221459609021,5.550200207496104,5.937098119878953,4.413925822466805,4.045786804811656,4.909857882377169,4.4189465900228635,4.0505130727336045,5.614898761222535,3.654531775328193,4.1388251813864105,6.084903385167902,2.782665200571302,5.441517519950753,5.344484903474075,4.0719640143694695,4.688345124366761,6.904914066417605,4.296033450654476,4.195123909370406,2.924765845281148,3.186440118935041,4.205609852910593,4.416675071658622,2.703955789229809,3.3983154707213434,9.953168496579535,3.3302022933170727,4.2611264455488,4.3514928443307195,5.535120570363908,3.6436519056964505,7.11300890571259,5.878809292308791,5.961595774680187,2.5621242184090045,3.734306307652789,4.797819349668183,4.760132748131725,4.937446650619705,5.075455240103043,4.586982330660463,7.4994441295009775,7.702307146081178,4.519153625242694,4.181420934104482,3.6096151393871247,5.836043847467193,5.383493400533721,2.1438933066197254,3.683626486965432,5.014370533182849,6.274558088605779,3.380525183654626,3.718264427233752,5.829805446595857,3.736028662271495,3.671100127036647,3.8295149999449927,4.4594576319495225,4.0708609838713565
MDA,7.096044795713025,3.6572328248000057,6.632645139615038,5.2495808285807914,3.3867888945718354,5.678237201935423,4.680382401781183,4.300061125616787,5.541076962191516,6.125293907434546,6.90722236996976,5.508209947046066,4.189132697691594,6.581206206820315,5.851456385537755,4.445918478314758,4.255751471683816,3.4879771986292463,3.306813142795267,5.15612544378359,6.747528208493477,4.2985692281024726,5.297067103916775,11.13678968988979,5.38162385953126,5.2245075519458215,4.088640891740295,5.117440358230952,5.5896528778112335,5.537310144775175,6.801581707352514,6.798326052236065,4.261054545521848,5.619703520370195,4.423694112546915,3.791757539944436,6.1192087542439575,4.625103929126577,5.334192188176268,7.218908419470867,5.3228438774070055,3.775724968434741,4.828535296226923,3.0030610616970232,5.076290513149149,5.89060760827791,4.518377064570985,6.9598099602692205,5.1020290477996735,2.5360343108214116,5.556414695239223,7.848408901240961,5.546573985970587,3.4903908276661957,6.677741722538741,6.210811064385807,6.5071497767484505,6.534173967193882,8.524601517471591,5.919002926009483,4.114302653107367,4.022223816493319,4.296380150300441,5.84585779157027,3.923735575114793,4.6066049587257725,5.431780217518658,5.1689479055450835,5.919046835557651,6.23058048037326,5.313538911525185,5.254395288411398,5.320605321683077,6.115637442712699,4.0266682946323895,5.064415174340348,2.565733078451509,6.438362423073527,4.8720690888755955,7.5581230688017245,8.215705221990936,8.269756583306476,3.638542254022709,6.76522709789661,3.8453576439899906,7.2394934930720565,3.9247119545382336,4.017564632665012,0.0,5.853776587077807,5.355424928997555,4.490772406696875,4.062829683447158,6.979931438141167,5.195268440518932,4.1427466080581485,3.8475821415764204,6.31234729326951,6.221082655349374,2.916076925226867,6.536453546916132,3.9793972345995186,5.620932522411323,7.466148638245712,3.133700806097769,5.660204275205613,5.279529098729603,5.454107618658103,4.487791461811471,8.140286860560941,5.544825536635653,3.7154672008542384,3.71648967366856,4.213086978772865,4.275567590223053,4.831619230549201,2.8479511693039994,5.123437108758935,10.677863791892403,3.27176843638384,4.654358736387234,5.982279459143835,7.053752860026973,5.76003906575063,6.629277365583726,6.169858596478008,6.615037177901452,3.2279379560626253,4.2125139336563535,5.57121017069021,4.54044952688491,4.538208691061644,5.437956806843872,5.431100114342598,9.046628460752249,8.986743979433367,5.350066121566584,3.5168904061599737,3.702590570720982,6.359743532850869,4.005659588093873,4.039464002144911,5.286406398966813,6.179632546796182,7.385981442194205,3.5031587906846866,3.933950363915592,6.2948001203712085,3.5824861241965404,3.533052339510591,5.486992861363291,5.768372586060564,4.8161373355249095
MDG,5.234863372896159,7.21109128954249,9.337324973904584,7.199079066495057,6.773855427842026,8.574517921564723,8.410213368449611,7.042447483131649,9.004221566124821,2.251447352127567,3.2032016313641987,4.517803748555427,7.864323569456123,9.274557773195907,8.769607886949201,7.97482116907993,7.4171198863422845,5.4663789543365695,4.357694604247185,6.669848335290572,9.50933644390651,4.738366993626527,6.820973849190892,7.915269279565236,8.748526291391807,8.930310084285036,7.207486693102239,6.7480222148902795,3.4213958679446193,2.5224115805696763,4.462241212258104,6.260977146648204,6.284978833803889,3.38328484442491,5.836737371559673,6.528644393791102,9.017125195615757,8.57646347091636,8.860526843101056,7.490863343852778,8.99513274177573,5.741954184040554,5.593546459963828,5.38419526218135,5.496538124635612,8.908319068403134,8.867233364493378,3.1881801624162507,8.624142947023445,5.19961670059982,8.469317241657281,8.442973541559178,8.690413121713803,7.1667178725537575,5.198109151978834,2.8193944725820614,3.7229521378066037,2.960804326880111,7.671056833939632,9.005989782089062,3.49819041861297,3.9874218465941587,8.057805896696253,4.203139871058777,8.091318129226867,4.990021854122678,4.52250557229917,8.895629192663115,7.257690259262579,6.096564735642069,9.144055769926949,8.158050969908281,8.170775575569618,9.222071763978166,6.889629002813664,2.0011797079268456,4.876656757663975,4.806691621532505,8.645517451296916,9.245568052636486,8.300570562141797,8.457597808975606,6.2379771976434775,5.722441932664661,8.375868629290679,10.643290943920311,8.33704378434923,4.97522402198707,5.853776587077807,0.0,7.004963803433773,6.266362796676133,7.69818483566937,2.425864427162767,9.050400164264405,7.910628914447007,5.808551378333387,2.5479306605435705,4.248924802925895,6.7920945174838545,3.1181122636579426,6.8887410515075675,5.093675943150132,2.9158289015698973,4.303357932273446,9.103564277261912,8.749977424261495,4.681717861923087,8.025770990003366,9.050999638207546,3.062476965718017,6.185815742031506,5.495955894069973,4.013884590817327,8.041311828827547,8.2468487393397,5.172360749894831,6.235653985771229,11.469243034814035,6.803873746483683,7.600598690201447,3.0661939499346462,8.41050083540709,2.537744358014792,10.25522751477097,3.8210479859249626,4.377285085909835,4.926133906146027,7.6600582178200884,5.309787634240093,8.53822384096404,8.471042171319999,8.787960724722675,5.640022345791865,7.992577216627611,6.039672362334037,2.085111250323113,5.909515556057388,4.184247760260631,5.047334311581269,5.909445707343839,6.165508055350687,6.785204531565936,2.4832235835575815,3.5732244431478057,6.799636654648491,6.984576165070946,8.856857400125747,5.303514134910342,5.074550087593488,6.5373992200830635,3.3010494397795456,3.169839223325917
MDV,7.685956433445386,6.298576550568411,7.441284996104379,6.811478859060979,5.915737187318297,6.468677692594645,5.5858681016753255,7.387217359240545,5.4901327040388574,6.974595721670603,7.855527757972749,7.548024931494263,6.043067446152115,6.966326791430784,4.967312730910497,5.673477962192974,6.46388593537315,3.3909080358952925,6.03964846078117,6.633338079314186,8.118658042736108,5.745674015256813,6.259004560640023,11.568871245843866,6.441366791689754,5.799786188766877,5.808102363651416,7.567497108688958,7.323876126903144,6.990312504847601,8.642510351603265,8.238849391144239,6.376280532167805,6.14935611170489,3.9054046075086988,4.306610169546817,4.566130358707966,6.177198573972156,6.763256824885929,5.22598227858054,5.71947922349176,5.4118279454390015,6.190977738653867,5.742105641999196,6.704760542911924,6.225353404958154,5.571385733238406,8.003947080288926,5.745475079415043,4.290392844516807,5.888270715737837,8.960838739830628,6.153436885125441,5.003089687531021,8.303748646283967,7.207393310379938,6.287157855774688,7.308639504704437,8.899501911970304,6.051835562409444,5.280354692362449,4.588228060967438,5.335668682129757,7.112787283447134,5.520410434631613,7.481258161940458,7.489457055918116,5.0325216936257435,7.478422292749546,7.29835773283548,5.634082874637811,5.524859622876411,5.879954251554598,7.653739632163428,6.080989866779783,6.535387609991528,5.0551010716465035,7.754151242040693,6.946020384588267,8.081016031636718,5.8847110746789415,8.425259013770608,7.301085102983283,6.748549650454868,5.67512417274704,5.43527412423526,5.346501053757748,5.383849151040717,5.355424928997555,7.004963803433773,0.0,6.15986594679357,5.080614429540092,8.004686170011661,4.471982699257995,4.342360311657165,5.9958043688568665,6.871883487191665,6.8537233896587395,3.9487710594179832,7.112216111891757,6.057471344704297,5.429302762881669,8.722964113058362,5.247085113526985,5.721597468017334,6.606216760332924,6.875097834684392,5.622161728256417,7.971733619144555,7.420075551862778,4.446274222724062,6.478046263071516,6.306315042805406,6.191335994655018,5.219961990841455,5.641340254380113,4.8463212977684655,10.382956968061535,6.089210762245909,6.866555906131355,6.597048885936287,7.649385294925666,6.225780866316178,6.524742221926396,5.962113062192336,8.301759777324918,5.026551644204193,5.714365024322303,4.459788544566624,5.501784779672311,5.306255545080935,5.810501490019741,6.6717551749696975,9.385615781983557,10.608962922595195,6.650340231418832,6.4453421775539566,5.84940854546111,6.40371253050767,5.872502848746872,4.765930228088161,5.973594398004737,7.652774129754341,8.313624097160904,5.6732266106050675,5.565751281063294,7.273303330691947,6.524876161477779,6.574331906232579,6.03573923109403,6.632876163500616,6.253145309817842
MEX,5.944606431132205,4.464440301930171,4.985188755399013,3.727618655373256,4.010907806946948,3.606923128393412,3.740512148096919,3.945407027219316,4.420195720139048,6.267160949180068,6.947749488945469,5.042695228958789,4.013745471421667,5.374877494724796,5.0295569845445405,4.877145231704817,4.059189651125809,4.8138124750645765,3.623341933852617,2.9037393680146777,5.858782682471025,5.171037235108322,5.497665716891761,10.202307272274705,3.648290507447509,4.0260750589857315,1.9492375540115945,3.315444077900174,5.829482977330535,5.120524582134986,6.9349272602410865,5.761531246266409,2.163817256721228,6.507570346295087,4.761064516168856,2.913347675440914,5.491073200931056,3.9323908397857257,3.638558481795157,7.297063722220525,4.5390357839387425,2.1529204022851762,2.8375195637719623,2.3519680773385905,3.3084773685736732,4.038270980931237,4.859472579653925,7.409826367087018,4.282709330973909,4.6797697546927415,3.7827620334877285,6.708329518924224,3.7011984475379647,4.169929706518551,6.826042851461496,6.3503526753653015,6.346065211945201,7.125564704825629,7.221109072497426,4.706142684888185,3.3518503111517615,3.7809302186219074,4.22932004950989,5.434600000856974,3.978055891427828,3.3836969254105003,4.450149239779067,4.490433723671247,4.319409164114658,4.471830285720953,5.512028133056602,3.809032751124995,3.2805718631770446,4.062055948458802,2.991666921095343,5.0761397140146185,4.666595385456648,6.972895617288541,3.394031861139012,5.497657030124589,6.457783054959833,6.1135444553635265,4.942467459517876,7.329424387444419,4.3212993799979715,6.928207996960066,4.460225243683235,3.218803574687844,4.490772406696875,6.266362796676133,6.15986594679357,0.0,4.544676567953793,7.088149538490727,5.359441136296473,4.84868868807749,4.374998562313273,6.913032575570909,5.867820745133648,4.078065334498652,7.228887571057145,2.905595096428404,5.730414079650089,7.69973717406636,3.9365614117066716,4.595739382985157,4.16821754305905,5.215732926679082,3.8392293385717373,6.484296144603763,4.997087798931322,3.3257863240596137,2.283139281185119,3.3194747593911713,3.270216222442776,3.890286403691733,3.303183907959363,4.51854680611454,9.096294750040594,2.7223938227028177,2.7767894875488275,6.19473277613083,4.899632438263474,5.102779925210894,5.641399997002466,7.583962133391617,7.162247306127508,2.9056110079344353,3.9932041281672532,6.227436165183161,4.367553298381434,4.531234289187087,4.269758016220855,6.163853049999031,7.889524835939262,8.887491812477045,5.898348693300552,3.7654963496523464,4.9734733822066115,7.58510141032557,6.4026238695265425,2.896157701813317,3.547568726549743,6.193489100171428,7.099665582031647,2.8790375278594897,3.2349662827648014,3.776552934082873,4.089217251249028,4.095448687649503,3.6423594295028714,5.386773821908815,5.000899971905558
MKD,6.9165797305687535,2.4795482740274926,6.539496040121404,4.770637167051655,2.204508649534647,4.8712188236004215,3.7816408425138732,4.783419628038364,4.118232591782303,7.66032279573285,8.097002448007409,6.8263489803241395,2.595061061234075,6.574202191759941,4.228780460511341,2.0402643534488663,3.838580544290208,3.5670024180849804,4.854933542632268,4.875998892995275,5.911708022798867,5.260496680592197,4.81794553346455,11.073106206664333,4.335001039913843,4.690083966667216,3.5294393010433995,5.625044422695938,7.040213710082697,6.802696702509844,8.290125770850457,6.4110352376156925,3.8987169140972635,6.8953891319328005,3.688651954228582,3.0516898228530143,4.334567732722104,3.5025674719758304,4.5941860864629085,6.558224987256422,4.005668408211951,3.7826754456351788,4.4727815864307425,4.176612939083399,4.939021864439804,3.543189323510202,3.1042699504106257,8.647510405535279,3.6358099454862987,3.703437973338782,4.278834737065117,7.333565782738591,4.525639955483139,2.184740699308115,7.980888161601929,7.200045153177975,6.905299408654957,7.771159479336495,8.464374848508545,3.6051346543923364,5.331173721848977,4.591892558975584,2.100275114930709,6.209613616610948,2.4738644531529443,5.729710802773508,6.252440325411323,3.4344335017343894,5.329176659881453,6.31733285270571,4.221903466979946,4.481258319825923,3.8777103297112854,5.644808450963873,4.250212417104645,6.624387219273361,4.479744056085874,8.453051242562207,4.666190014287314,7.213281186968718,7.68166665072075,6.7426073020742985,5.141549772801842,6.718425896178502,2.427443975954789,6.238064917491062,2.3088791603924945,3.758221459609021,4.062829683447158,7.69818483566937,5.080614429540092,4.544676567953793,0.0,8.552299109682357,4.363342857288938,1.8557248649431488,4.759373419972409,7.609453890111022,6.560893595081797,2.8198690105283264,7.621614982276338,4.358156940464669,5.297712764557547,9.088184565996723,4.148036162285939,4.307445517259649,4.7509482820701505,5.804955082034867,3.618039621302339,7.992516311295766,6.999951370176247,4.32640244939869,4.622951676376428,5.582344925395804,3.096686946456755,2.8188850066516835,4.090005913014049,3.9540191797031468,10.863482352116375,2.964856121576788,4.350604480095254,6.5783413195654905,6.569654643747402,6.540345654862611,6.110324434014219,7.826080162688094,8.115253207360917,4.096868363373735,1.6401127391157526,5.32307163569127,2.744226524444933,3.0622394553818424,4.111545148023525,5.13105512295371,8.14037996070116,10.488346545357485,7.063933169309501,5.627251674374991,5.029015671974609,7.117728282334455,5.553597484954057,2.571997928234647,4.9907011920884505,7.684950853414439,8.896792413175719,3.020476877337074,3.4432506314261313,5.655234398715242,4.778181110577468,5.553164298837253,4.253587083333004,6.598820543730363,5.891252802563282
MLI,4.72419538283237,7.882596290001625,9.724512261546524,8.398733810051642,7.59423570042631,9.434129703492589,9.379913878907423,7.24136813257948,9.969872225232027,1.964119940240467,1.5949595328674133,5.343908563597698,8.771486629241489,9.723648694576314,9.670323000612088,8.749797775759506,8.544725047450854,6.434248264098655,5.10716351350293,7.711205311808692,9.493067779022676,5.203474179593876,7.148310732172132,7.9034065984662645,9.717489206252429,9.856697116043511,8.105487517840249,7.363121801749803,3.2124092388684073,2.702308328793204,3.7634699730416536,5.796120520852187,7.046867550415901,3.8234592313825417,6.793930261407491,7.630278507166499,10.018893218693597,9.472091580998855,9.898109054224248,8.028423746381097,9.951207466709292,6.551391783495459,5.922360967922271,6.215278302327864,6.071386481865398,9.854332743873307,9.845127555938186,3.32359033722104,9.591707470184492,6.251512461759151,9.479189721838008,7.6132071953727305,9.74848117768195,7.980299801837767,6.206569756462606,2.464501603373304,4.109783546088908,2.525587308869421,6.863654954595756,9.867157532198009,4.459535235214843,4.868177953768944,8.982437350920376,4.658496723640809,9.04608267669849,5.541024992670404,5.210988516562167,9.7344904456274,8.391575054155568,5.826999542699455,10.087663379442635,9.115561972557327,9.178696312742641,10.241851268314063,7.657946649465938,3.4238965086972644,5.757009049392463,4.803618060759711,9.5565901542364,9.393145591087444,8.88885433063536,8.812499561209147,7.375983866128487,6.043413351540197,9.218204320015115,11.596595175935805,9.321310595701934,5.550200207496104,6.979931438141167,2.425864427162767,8.004686170011661,7.088149538490727,8.552299109682357,0.0,10.073773838166202,8.849081321759016,6.3978046281856304,2.7593446395029155,3.8905939930726054,7.814619780992393,4.457649498160596,7.519447497505889,5.37930022056857,1.3102595120875091,5.363986212452509,10.095883221734464,9.571584477031863,5.531811636996912,9.113640223024234,8.92116043347103,3.894986627550446,7.258356939529216,6.277861199789923,4.819629812401228,8.964027045187454,9.277644056002984,5.853077363806668,7.048633850998336,11.50639346280794,7.700871599816952,8.568364373378953,3.4373797362047136,8.528728471124401,2.6362695598032855,11.059719301028487,4.408810826095811,4.005006312334299,5.839562498071624,8.606458481022134,6.166986242809093,9.389230318660834,9.34787112944116,9.736822995486074,5.7755735630322835,8.750932916419176,4.138201528994539,2.3160671894785443,6.864520240651952,4.965433330693101,6.096715058070167,6.609112130442956,6.934058554688787,7.325830137129948,2.839367503906702,3.1979295200211224,7.907718822650847,8.007162897443505,9.875767780575542,6.4057850442356505,5.845546084687295,7.305851185229429,3.7762890604853037,4.261451467494111
MLT,8.807554682871775,5.662459883996941,5.564527174537785,6.056900855142,5.331912652922541,4.569899084156583,3.341573549675665,6.556203819883664,2.7606986361317927,8.94123144622565,9.8182098848912,8.718143442868316,4.14096764574639,4.77688622680919,3.3518647345801105,4.976699814568935,5.209372796796514,4.59946083764206,6.167016197102537,6.161898678770344,6.308950133095165,6.812905377283227,6.042735039091512,12.95578027840832,4.22871296964169,3.1920802777160135,4.11739699490099,7.3116113542374945,8.73208933887806,8.39585780852979,9.881344434086635,8.450371822188643,5.70189304492565,8.384272970941801,4.609403095672977,3.7603698626969253,3.430904623328224,3.7490817065766344,4.34192907522127,6.466458622148962,2.9033889039103062,5.0812718156972485,6.353789386803188,5.363244359633918,7.4163758564694975,4.6242858765600445,3.057369185502523,10.327279048888283,3.732086858101358,4.709338388367481,4.231924242090024,8.39372584543914,4.088508833496923,4.40218820821443,9.553368179678317,9.060152547127826,8.441452461918198,9.330547823356651,9.304614440925778,4.48381870845346,6.443153272699885,5.8136076318855885,4.003502301217195,8.508597857199012,3.4996345427674322,7.782747607564815,8.578608419035552,2.9046032806314415,7.298856459214234,7.669616383572155,2.980022416879798,3.5546611464042224,4.581114695826757,5.372937388629877,5.440073265116277,8.25985555864805,5.894039241133231,9.360672962036086,4.480995694889298,6.658078438756597,6.859086308793525,7.853882364314202,7.280254511820709,8.403699036140853,3.4266268042875643,2.8951311842090064,3.1193437624980915,5.937098119878953,5.195268440518932,9.050400164264405,4.471982699257995,5.359441136296473,4.363342857288938,10.073773838166202,0.0,3.2294499861566015,5.775858387610258,9.082993072270897,8.369493233353486,3.689016388331473,9.548565957392679,4.912877606876584,7.003873877017552,10.76966183877293,5.8269301023345665,3.0668922696644825,4.310792736398479,8.006521753868629,3.6791638530799284,7.578363668255991,8.915533290376464,3.9288428659280394,5.794661103813437,7.025887111334831,4.464155894564345,3.8928312331309023,5.733672659723233,5.319813843115711,9.746352161459964,4.97054031936683,5.438699095621434,8.871707168388825,6.840633069137626,8.053367965606375,3.3920463221327117,8.455694962228163,9.88443324386568,4.9835369758890975,4.794806503102497,6.223740464312178,3.6124041092682435,3.557603331831994,3.4411302127178587,7.833314054361661,10.153112696850995,11.931780159746895,8.400022660875228,6.154622656623544,7.2400673118081595,8.362127947520376,6.477402418080527,4.75721877259166,6.046548870974905,9.50230712488342,10.351535376297408,4.66873113548902,4.312680216114529,5.742435797110345,6.963391616314142,7.0100991678667715,6.011762250017651,8.242157672519001,7.632559313976898
MNE,7.4846634885940135,3.408243577634997,6.493473608902667,5.14521673891487,3.2189207736435184,4.444406734077722,3.3395570863526065,5.547340684572989,3.4263063634731297,7.901683351717139,8.444928603671395,7.540626390338738,2.8192508328767847,6.236781975497263,3.3128965113994973,2.5579729305819354,4.469217733939002,3.126096946426797,5.2550361994413075,5.18365131931176,5.943467801620521,5.749338161067405,4.993410167564033,11.402518434860848,4.076047943743491,4.1194408250512415,3.634098281526071,6.342343726519494,7.490043713958917,7.191153001918546,8.708366148220556,6.9852160313441525,4.443922695411687,6.937774324822521,3.329749887966567,2.804409696901916,3.1127125482726554,3.395318797028574,4.347546321790432,6.285823761216946,3.192131826038403,4.219936949022748,5.054049412415043,4.522473309713591,5.786624004134697,3.4886086446308755,2.727024386987052,9.035117865795206,3.090935848957586,3.469155316139934,3.7752335364100156,7.439194000720724,4.043680752479851,2.1475092592647864,8.711270064421974,7.708558421863885,7.090100108776412,7.877637417597127,8.695545969229512,3.0878833889606776,5.53985658295106,4.760082865253882,1.8433225701247282,6.9276443750259595,2.5963133169526875,6.551402871502221,7.1578565751520795,2.9829191554985757,6.243093564825302,6.724503155915992,3.271697372886337,3.649215805425548,3.676501346611521,5.3304579940571655,4.710765203388915,6.964829488794816,4.664212132011235,8.824038191415188,4.698632753772883,7.2169256308830905,7.2269652818854,6.938726522952854,5.643461763069484,7.02156782086784,2.3663017633769208,5.133517149963147,1.8766709606628154,4.413925822466805,4.1427466080581485,7.910628914447007,4.342360311657165,4.84868868807749,1.8557248649431488,8.849081321759016,3.2294499861566015,0.0,5.005221831053151,7.8587355856077945,7.103981609949005,2.735539199557353,8.026679758394428,4.639807410016427,5.512695577146387,9.43498419747388,4.531800222969658,3.6740419220109444,4.388176949629322,6.463073166152806,3.1479040048751914,7.827229251113824,7.566601501536685,4.167241239950943,4.94591596074891,5.981862106053254,3.2841024195556954,2.6169424683432734,4.617030370983938,3.8307917020439453,10.646624713558763,3.5517292536297878,4.6187075259278485,7.022574194474107,6.6509389785375275,6.823712144650402,5.535835599878763,7.572170095428337,8.704897650575845,4.0968603195465265,2.6548268249490894,5.011910039320657,2.7288624941881108,2.6438951429483524,3.3786629782977515,5.86016621431749,8.734279801465172,10.72886889803911,7.3270284699503945,5.902042796614585,5.4497994606463385,7.137035477885251,4.996144501678351,3.286511703081085,5.373905371619163,8.196723976990882,9.246291776084849,3.4086128283687884,3.5566171367346646,5.45509268168261,5.409130844747552,6.205657622176006,4.690098050471644,7.048768009350093,6.210742962672288
MNG,5.4041846822385144,4.657005176929768,5.616094354682299,5.282635098788942,3.9764470847919866,5.560300925356519,5.3773084069225945,4.1402281580889895,5.941714222229662,5.422678284731185,6.2085829520825575,5.624993879451132,4.735156647059521,5.615694793088471,6.350003194681879,5.278651352249086,4.148204110078058,4.008935919425419,2.7523333437418747,5.570643383475014,5.87328669494814,4.251625656138142,4.320193001812702,10.952058951498543,5.502408617433341,5.853736102661432,4.155232912050245,5.037629036630041,4.852675985210063,4.769331092733516,5.751524056738591,5.132118531268093,4.346315303435282,5.636046200119982,4.9558530937698375,4.570653909393281,6.808383052582913,5.03902413923774,5.869178194919944,7.0472126275306435,5.902283493150143,3.7926160452515134,3.893130239292841,3.0931311527713365,4.798057159034073,6.4501906064953145,5.035264675209831,6.75704179752014,5.640803631635247,3.671889660774217,6.20241628621896,6.158925747714797,6.128650622501835,4.534011920290245,6.210192151304455,5.555875028518056,5.85777201374577,6.10421061936392,6.538929388358648,6.4779439181428895,4.105029854141582,3.81421006936407,5.38741761416999,5.262403311873667,4.870807731031306,4.220289484222557,5.219191403984772,5.570051326208883,5.489221302055674,4.442159503080834,5.591149318346186,5.202645300990505,5.9195740384707145,6.669407440511989,3.5685238709040337,5.095560627526518,3.2251196456812754,6.052839480675012,5.18054458909939,6.139888864482417,7.369498188757113,7.092760295058479,5.340644669590346,6.3917677024997905,4.80323199568594,7.382286931213714,5.222184353796079,4.045786804811656,3.8475821415764204,5.808551378333387,5.9958043688568665,4.374998562313273,4.759373419972409,6.3978046281856304,5.775858387610258,5.005221831053151,0.0,5.966295932816072,4.675429866810511,4.409553490641093,6.553056803990636,3.4654250443238555,4.753653624448881,6.847371691720953,3.0503556827680343,6.124360744532357,5.4998276060307365,5.533149665131141,4.958984715654673,6.5456318888981855,5.574938774973333,3.6907785200381813,3.520835504367181,4.029309757836336,4.938074088518172,5.852374527524252,3.1545419217653854,5.121625572691368,9.102359779405774,4.079453035194672,4.956425728819122,5.745991127873996,5.4757110907323945,4.981423994831695,6.7443907745375995,6.029251565362529,5.785901373762961,3.800292630476348,4.712243204876882,5.34942630314066,5.318005899795176,5.281520619290833,6.018522408707501,5.1043697110790385,9.056811720418807,8.18955608503611,4.963329276409096,4.480591905518898,4.235637493921977,6.658202214468609,5.420019441650621,4.041653999066956,4.65234795010347,5.465574245709525,6.677489416125327,4.253147961532978,4.393787864847319,6.490394122738765,3.880640422339463,4.2401217766662365,4.742518669976491,4.869251676618562,4.799483608054961
MOZ,4.491560001264501,7.480160623141243,9.72213588500055,7.986737478960162,7.069525132732696,9.13532422885179,8.744414561988332,7.463940698080141,9.00559224045162,2.7281255574181067,2.710391718757875,5.756258747673491,7.881734642248618,9.490096002888649,9.08796160884879,7.803151420247473,7.870177300219294,5.564921906725309,4.81190308776763,7.321663486299839,9.525564175502126,5.025366941391106,5.975210717669146,8.551760422992153,9.163742440939473,9.387959293516888,7.750664741041189,7.242349534563298,3.522671628604128,3.212781458190862,3.8530901040901337,5.968872554868788,6.828883428195,4.322369041556502,5.847423693458356,6.994014923937944,9.193705057162694,8.730989556512718,9.294285971667591,6.317603604229667,9.113287827684992,6.316473714457976,5.75538873943776,6.0035138330369096,6.148621513979,9.107392248379933,8.967957649266678,3.9387429897354593,8.917421410446831,5.1743215558915185,8.726016434969715,7.972236343649089,9.076555118471978,7.1670841678921855,6.141646071562844,2.0986373208648437,4.19688578972,3.2912865053862053,7.574893092426331,9.1130951459677,4.496691649574186,4.037057732574367,8.147212066563581,4.9200670092725485,8.063380378369043,5.836849284365622,5.09434061863271,8.849662344119638,8.05906119317788,5.9948977264369105,9.357542667315196,8.490509429436864,8.598283029847963,9.874582338716802,7.5090907723889835,3.442749037717482,4.7890216205403915,5.6333700262798185,9.141272005390908,9.558551916409487,8.662029486859742,8.456458855724016,7.0951433669322865,4.566806165669565,8.336459451515601,10.657786153044388,8.384200812540117,4.909857882377169,6.31234729326951,2.5479306605435705,6.871883487191665,6.913032575570909,7.609453890111022,2.7593446395029155,9.082993072270897,7.8587355856077945,5.966295932816072,0.0,4.08173911628876,6.9785186573278155,3.5232468941047363,7.161313100776046,4.224026069543005,3.1887779685443283,4.626285112411251,9.141143609267278,9.255178365778024,5.365074497387852,8.561801306349889,9.15869646289772,4.406018988550447,6.686553227273235,6.267530827631442,4.918061916957902,8.29534719422379,8.472643230433336,5.700306846755167,6.017942039625115,11.957208358153313,7.265688583563158,8.122505601169134,3.3653679065074096,8.557115951097023,2.8485655821261933,10.375936375506052,3.8628013831875663,4.707337216045309,5.317685037296245,7.744654666036898,4.929116971567367,8.483227987380362,8.60114215687122,8.981210703875846,5.054887106212875,8.652523571267016,6.035163733384353,2.392251556775057,6.558817810792074,4.581680130314157,4.54978416783024,6.262303919400442,6.123393529063392,7.113592333034803,3.602119640379181,4.833105235204667,7.067617552476221,7.56492348578281,9.544599870100672,6.202445211344496,5.695549206523076,6.491826394708927,3.4950256851091095,3.563013139577278
MRT,2.8714344224793957,6.225765546875398,7.875626329906774,7.01846709270971,5.657044605138112,8.224676112443472,7.861950154552736,5.569089294117837,8.368554174282593,3.543380468601535,3.676332453351522,5.002680718604085,7.143476445609538,7.954425365428277,8.124288058439243,7.222749322939559,6.406342120207055,5.026460655518187,3.8675108218657472,6.959261624887731,7.604910914745229,3.9151623184618685,5.276913253143036,8.603935027403804,8.30152806833008,8.240319180517398,6.454117675362387,6.573297244241533,3.5028069395282735,3.0046033777867263,4.1412889251983005,3.342623271527515,5.702727264719941,4.476785327431456,5.550781541130345,6.1099615967471435,8.57039922754879,7.719744340153053,8.554260650551313,6.70126848246996,8.473805999447157,5.032011652827985,4.33051685332262,4.939229345424312,4.676440389436385,8.329094765642475,7.996265587672824,5.1356341356405215,8.075775436192545,5.179066465875719,8.324255162382698,6.003863987773921,8.515006317971178,6.4742774905687615,5.171698236869146,2.844558114148322,3.8849556958097424,4.302230033200928,5.006173267023644,8.534780256949169,3.9237357530659662,3.596149929449357,7.471690771062517,3.5388212975230005,7.274430062331769,4.5634576114664585,4.8087179223935985,7.795432529444787,6.468893005024419,3.987236755717691,8.471509702682043,7.699955004956909,7.87560637000888,9.312794965937274,6.083545425640297,4.066851839083787,4.68471260798744,4.695180042077144,8.105227607122487,7.525676290091387,7.48833426296894,6.908919328014551,6.677211690364106,5.09718922180761,7.389923350228089,9.897267234714107,7.677833047875843,4.4189465900228635,6.221082655349374,4.248924802925895,6.8537233896587395,5.867820745133648,6.560893595081797,3.8905939930726054,8.369493233353486,7.103981609949005,4.675429866810511,4.08173911628876,0.0,6.323833470916966,4.918918178997509,5.907424560736207,3.8179511181383448,4.381522896178559,3.677706933963959,8.623973445898079,8.013146487874685,4.967509260689222,7.729594613348787,7.248077482265874,4.750615445843272,5.53644536043353,5.052347699630967,4.193572567518141,7.4734727161011545,7.781684233212413,4.260883289601941,5.452362217086419,9.993987634803837,6.220240805638147,7.496946751287648,3.64470854534235,6.796682164584481,2.6846215392939836,9.193629854846789,5.10647280219948,4.046708276773799,4.798989259285285,6.666295667340006,5.078513424246983,7.560293416951876,7.53434613048493,8.266073541927648,4.196500245438082,7.88299111173281,6.231102655168605,3.258184355106162,6.3152973654716416,4.062062337733124,6.1807987301361,6.574216878911375,4.972914777363403,5.732811686135633,3.267685857375448,4.167108257703433,6.641047383188212,6.4208861601890765,8.98808424723191,5.549499908002308,5.0489614249199795,5.859229793260529,2.427187144228155,4.129446538836228
MUS,7.102088655680102,3.5769663550279613,6.01303611157444,5.343388648640398,3.3225506742222652,5.086689335540005,3.520567390852786,4.831178402600251,4.085461090815314,6.866341137077833,7.520325994949667,6.064926622949703,3.0317118209905414,5.888055250373682,3.920333269613049,3.273543436662083,4.060352541512188,2.6773436355973215,4.371916332074059,5.174274081827861,5.978116726431815,4.397755711536312,4.874292362560375,10.910948775621982,4.669914848302974,3.990646203573973,3.5728963696039613,5.737567234325727,6.511755995898613,6.236510937803235,7.885229142178678,6.594688997614205,4.270233876001289,6.134378900935488,3.201484305894444,2.8581233343325003,4.185918112687233,3.674602915630128,4.674369078531752,5.777786850433692,4.263524853941779,3.3983858898154895,4.709901564123347,3.617858108764464,5.096393966008592,4.4964737263149255,3.278788681578187,8.031004516333756,4.098630481609706,2.7869100829702016,4.5714473781120475,7.620736691419952,4.657543560252077,2.791088578906448,7.5297942383342935,6.675559061193913,6.595087721962673,7.2807206694617435,8.175336063742565,4.461803642373421,4.321605704236416,3.8027625216389205,2.9844132409536215,6.0545483840283705,2.952248398341314,5.486261932935612,6.017956376976249,3.2523523156940914,5.78528019763046,6.319439726944194,4.632959834946566,4.553219560870497,4.179543631208746,5.778436056276012,3.986122982024472,5.8220011420478,3.7545772533579247,7.343466007458689,4.535668909775745,6.973807969439045,7.398753093958123,7.086563289222811,4.466920087232501,6.5239784758638155,2.7618083158029076,5.603108184449848,2.6394538442525195,4.0505130727336045,2.916076925226867,6.7920945174838545,3.9487710594179832,4.078065334498652,2.8198690105283264,7.814619780992393,3.689016388331473,2.735539199557353,4.409553490641093,6.9785186573278155,6.323833470916966,0.0,7.195951714125049,4.045408469521934,5.184110946448595,8.42502844878925,3.637429086410793,4.472752679269153,4.8021034888302445,5.780444450033024,4.073506932063366,7.731515694099307,6.451925943728156,2.8481580390101326,4.351734608992685,5.03471836685697,3.487695717321047,3.109885870883878,3.6980590214514266,4.685424876703495,10.415489456847904,2.9056080954790873,4.6084536240704725,6.284782482540428,6.721691281537761,5.951056519159822,5.2441297530558115,6.927109057072054,7.55525039491968,3.13619226619257,3.2181561613499143,5.036285283205596,2.9166904336057744,3.0363195143934325,4.478321444828936,5.148850984277185,8.640096117584154,9.851709231489675,6.109034940706103,4.387270411330124,4.75020763697298,6.675816422953511,4.610257477712146,3.0395621023452164,5.298483090195341,7.1559129002585005,8.204859752813704,3.21056739263941,3.7195644969537973,5.728618984234075,4.864782471231583,4.667996210764529,4.5684501505612705,5.98854431667856,5.165410725173071
MWI,5.329856847075197,7.706887326611817,10.437216025084219,6.951152193961568,7.102743887870975,9.203822388122108,8.951523464845026,7.908936923949457,9.444152002887714,4.176069043369594,4.943999302415624,5.493815055291757,8.38315008451726,10.28202676036521,9.229005604684833,8.059669234266067,7.488152350866427,5.925564752922143,5.31369928641287,6.888312866860615,10.38491371208045,5.387045476275464,6.696623989637381,8.652929952866575,9.186684312171426,9.759631381110552,7.9207030100659175,7.401122435071768,4.5254616858845305,3.92639986153811,5.525040393472524,6.968416045153622,6.835872181027279,4.523640987855319,6.250376695155556,6.917941425999172,9.52394819672836,9.126002235795514,9.395043822866183,7.607384944869685,9.416046531873327,6.36936363996941,6.264982612840833,6.282503671709018,5.611988620463311,9.147450070374335,9.17063845049528,4.3504130128202245,8.92321212406454,5.744736333507155,8.833349498541242,9.75839965750737,9.08487073660834,7.579153626328755,4.526375308690555,3.518747601191213,4.313050581954988,4.564938018849838,8.564066461335244,9.424689693014118,4.818560912146659,5.049411539387475,8.238960278998658,4.517672269353887,8.452827196593013,5.897215198593599,5.094734044704963,9.270997548410874,6.8012435810349,6.8111138173205665,9.526110094403812,8.610845656252119,8.56100580668992,9.860402130126932,7.272022235249267,3.2320208479483137,5.474063787182528,6.579959524604,9.463599179360491,10.181749054498106,8.94358591437668,8.941928196527677,6.5735492584056,4.900885675416154,8.773548706187402,11.163776639028429,8.636759811628878,5.614898761222535,6.536453546916132,3.1181122636579426,7.112216111891757,7.228887571057145,7.621614982276338,4.457649498160596,9.548565957392679,8.026679758394428,6.553056803990636,3.5232468941047363,4.918918178997509,7.195951714125049,0.0,7.983066245549484,4.74391162640398,4.6248472579137285,5.158706735958416,9.588141689853924,9.299882049504413,5.23818222745791,8.42326240695172,10.079990187877257,4.059849733531373,6.947804189536722,6.603372342250258,5.257859132121634,8.540063393334915,8.460456917650976,5.961047824808597,6.075940562007484,12.420269176915516,7.461489247489915,7.961538195416844,3.4143544707609195,9.170913370679285,3.9867441191140647,11.214408238224362,4.851725100581451,5.124873135665722,6.02287644898249,7.512449064445004,5.08236161652863,8.913871524085685,8.86245529520158,9.174465471526055,5.0885935118961205,7.7068612550351006,8.278140721108553,4.0076793504184085,7.287210391481594,4.715638787457987,4.067384992851993,7.067391805705661,6.4024715829607155,7.133435724356983,3.4872118025229466,5.128427677490453,7.2560937392974605,7.309469402316964,9.31805320005327,5.487784506645726,6.334828870211265,6.3542835335233905,3.625831960608608,3.2186131317415376
MYS,6.269806363072852,4.277706082584778,3.6163051271368984,4.96919062367595,3.931317557856272,4.04525375422835,3.416498008318995,3.220991235868885,4.180255056340864,6.851185576236014,7.337659586927564,6.223757819270535,3.964055658739923,4.0512955007063125,5.73493289629056,4.845546125830487,3.5143248371944336,4.724860903110331,3.523908600393201,4.862654245479329,4.7789010444752265,4.861824551066271,5.373339461453279,11.167893532008968,3.8144130420517155,3.8010289027890485,2.649743454696523,3.788217735418431,6.444493633455826,5.985118679470826,7.119461072595648,5.8776621474501525,3.673553424879369,7.187508783503688,5.3788893634095105,3.7488207061812813,5.6244826581157925,2.9885592733543476,3.857614784900167,7.718946735962475,4.297677420254107,3.6261856472950247,3.4389033254114976,2.5911267554399324,4.5997895974629595,4.934350387538906,3.8823032916239355,8.05793713653692,4.056871447817335,4.415488653732038,4.582259922724847,6.299966075426835,4.4831354098170015,4.2388970090470375,7.3537651328820814,6.794892701529126,7.296124762620493,7.640805420693913,6.917599983454873,5.357394169275351,4.483147893987372,4.000241036318922,4.342502867869582,6.582269145425124,3.2285394048520164,4.183596137192995,5.514654892580095,3.9561461421650645,5.1775980366567,4.509826535571691,4.633509856885671,4.068571143250864,4.304143876142595,4.970087126645983,3.0445644430637575,6.100652768862584,3.9006316596374018,6.641093212906261,2.809370088491188,4.657370219404432,6.6195065175414785,6.379202100403625,5.639988976360159,7.463343849985501,3.5952929501026056,6.224866106948468,4.194401679424702,3.654531775328193,3.9793972345995186,6.8887410515075675,6.057471344704297,2.905595096428404,4.358156940464669,7.519447497505889,4.912877606876584,4.639807410016427,3.4654250443238555,7.161313100776046,5.907424560736207,4.045408469521934,7.983066245549484,0.0,5.97357295042814,8.095687971937906,3.8061003182323585,4.235852882282061,3.6674305016686404,6.457706123866266,3.8911183577156674,5.422123760616796,6.339955346111383,3.4919776415712582,3.2028635344482046,4.106222129586532,3.1745398517733876,4.550069297163371,3.259706209801506,5.165910814851124,8.122373009925147,2.84523174137184,3.6408949651256233,7.043844252111666,4.078589225406403,5.882438150061568,4.808682969481095,7.135987750053935,7.634130650689168,3.5533602048945805,4.010574396677393,6.71547049183338,3.700275249152718,3.741282121402799,4.285189711596992,6.440760710503391,8.892892165350778,8.928331336794537,6.306169158150094,2.8892622739624203,5.024525403773237,7.760564766254203,6.008192151244038,3.326698315639929,3.984691743192801,6.767320105122713,7.636864993714017,3.0708108085940076,3.970902362027104,5.25779041556593,4.58991172764356,3.4033972024737045,4.983698476910005,6.098158933849146,5.968069759847518
NAM,3.315732047052204,6.102203863535007,8.106162581316553,6.461887735610825,5.401073613358258,7.216361590220578,6.7127270503915515,6.242065965886813,6.864825277812696,4.899773738426164,4.966531939936296,6.382253738737325,5.971619662711188,7.847744027894296,6.742774860073861,5.703451518929809,6.1984745836856385,3.7856661647485885,4.449610571777034,6.165950364156258,7.330084601835645,4.263365028525387,2.890024569810856,9.220370584577896,7.096972948062673,7.467798916858929,6.0831294770731965,6.624319769904502,4.909951543963715,4.112252661371929,5.345440290226157,4.511159300299619,5.412372509379813,5.200033404587284,4.093466964259446,5.134316924348439,6.999410150945195,6.729302124445006,7.449165174607464,4.943105266492598,6.931115306812137,4.916226538243131,4.382430235330554,5.018735344833758,5.037051071427452,6.962275260556701,6.763154601923308,6.576115518366301,6.7133847287711905,3.965088860740031,6.8381201801217335,6.434481265133024,7.183854390752527,5.250463331279011,6.648099471508204,3.7444648467360704,4.805575007389771,5.089474498843412,5.964202242592776,6.948686899477932,4.390933040857005,3.3017315128461906,5.899388888896848,4.7916696143717585,6.0920848554360205,5.679867016343938,5.578918063235715,6.543085227717548,6.5981095350924,4.753090742413883,7.177669917567001,6.482919258100718,6.636193456840904,8.256614074096033,5.94477991490893,4.604699927983332,4.258027857994446,6.949380712938259,7.6248346013934,7.827684292091544,7.232442184091863,6.254739743613694,6.4858920345459765,2.657096794503229,6.1902443050157325,8.542156188322675,6.242094745002825,4.1388251813864105,5.620932522411323,5.093675943150132,5.429302762881669,5.730414079650089,5.297712764557547,5.37930022056857,7.003873877017552,5.512695577146387,4.753653624448881,4.224026069543005,3.8179511181383448,5.184110946448595,4.74391162640398,5.97357295042814,0.0,5.990721978397482,3.9980017488785857,7.135750548488982,7.219265753171093,5.787837261218765,6.657752706497922,7.550831683548913,5.675620158446205,5.206601088646419,5.395446636149385,4.7875331174093745,6.375251924273279,6.38707257947464,4.845941804120918,4.148524425178369,10.615893874102923,5.667858098855618,6.502517085041839,4.190608173903304,6.730487723698338,3.7506718572562736,8.623061022207292,4.997257301694573,5.943717768047577,4.304306002847648,5.4707740373279945,3.441059362932464,6.225964236501946,6.354842878289155,6.825219616724898,2.782928183954039,7.857336611799988,7.84771224220401,4.3445879565496375,6.445953286809319,4.493325600803664,4.240343892756215,5.92233145908443,4.184912012233862,5.59195441401486,5.2434912000650336,6.359958073563056,5.591609629548084,5.936465532135632,7.863132363789487,5.772457141577831,6.03949665390534,4.026899374061738,3.4714794709365338,3.245905555496128
NER,5.080562779236655,8.32288768565018,10.271552890668028,8.887501688593355,8.073576856777805,9.996655231078591,9.979563363790124,7.616147114377507,10.628775733748013,2.7438678582804696,1.942852044527781,5.772761215164371,9.35107175602054,10.286980246783495,10.401218155892034,9.22233880129421,9.07627721346131,7.046388956875488,5.638188559789613,8.234766284967554,9.90224270875931,5.683521416867459,7.6231438803144504,8.122059232047196,10.278975339878526,10.534416131961475,8.684478956920975,7.777113562758891,3.6779056371996877,3.332642569495581,3.751410094523309,6.073061314778036,7.525938727592515,4.3562840295154555,7.489653353511981,8.269873749602125,10.722398448245752,10.029831605415964,10.476820621740336,8.716840271517777,10.578457059919094,7.14758067284171,6.404253129529864,6.686318638950853,6.465073123748222,10.442163689605763,10.42633021173813,3.5961276048036277,10.16137485996302,6.902974840477474,10.074354342977445,7.951877962974109,10.355665204585417,8.570487415206658,6.498107961111821,2.8482153846219727,4.733102239201343,2.9824674722983247,7.401947552766604,10.47063315198928,5.159541863497959,5.576607037998786,9.525057259931089,5.137486236643172,9.64349136563511,5.951143966142148,5.580790945257532,10.369328878775596,8.822445157725966,6.167370403960507,10.673188245263729,9.69716688266424,9.784505566389004,10.766112751949008,8.187400285700859,3.9610097002705995,6.1741914753071425,5.496179006231488,10.092686430371971,9.860317704565155,9.574008104511355,9.270978957572856,7.689924561902759,6.602052969586701,9.795431294104903,12.361727737682912,9.92193086072326,6.084903385167902,7.466148638245712,2.9158289015698973,8.722964113058362,7.69973717406636,9.088184565996723,1.3102595120875091,10.76966183877293,9.43498419747388,6.847371691720953,3.1887779685443283,4.381522896178559,8.42502844878925,4.6248472579137285,8.095687971937906,5.990721978397482,0.0,5.907613996319345,10.766884153488265,10.109180901459252,6.034713693180164,9.68906459359675,9.350967263217857,4.2760906016614095,7.938190129585912,6.806034434278161,5.450785139566035,9.49491356894048,9.869331527003917,6.3522540837762715,7.580759729676816,11.924033564114579,8.215121371685784,9.09989021062083,3.76374567128991,8.968430846696975,3.305147158634101,11.783468771030918,4.894406109417506,4.2656732185479225,6.510325876463413,9.105332600720379,6.763916648123452,9.963857017898558,9.910956711527533,10.337114920808634,6.176467157989808,9.488822680354728,4.022837074423411,3.0193124154626925,7.39489191959468,5.297894647714022,6.372094857012038,6.9787029170199775,7.518712791705434,8.053508727121978,3.188234164641338,3.833576244310694,8.500538247402533,8.586184625619817,10.454494010689423,6.7434843975298975,6.295082085942253,7.889580401854494,4.3073734066634435,4.784463853859699
NIC,4.86773440023985,3.7547528858769468,6.6442781023455915,5.092999568962445,3.0885845896348245,6.0866403795837805,5.3551133173445775,4.345578718787194,5.944763284588155,4.421031929656847,5.1504584656684145,4.279232942275943,4.357105669764963,6.67088324475592,6.076107564765811,4.773916603802207,4.075237618159611,2.8606319555368547,2.097001471327032,4.9684929745989255,6.680152625176838,3.200467248224875,4.45460497192014,9.468715750200777,5.940196732968808,5.844872071703159,4.025935310498689,5.000590839859747,4.053863117388609,3.6804992194265465,5.265633774769819,4.662698983759404,3.7025247871865896,4.421561770808045,3.5452772034315143,3.586968918366239,6.273605318381189,5.1651434324166585,6.0104374763223545,6.018530283551689,5.980409060898167,3.1095788075299247,3.419704273359166,2.6528561879423567,4.023791467643605,5.9509330651002355,5.389164457044532,5.647986898879486,5.689003188209302,2.4873182597969827,5.928663499994757,6.529604769033807,6.093219564460341,3.839805342573022,5.412319282062306,4.258852146288091,4.558882167596526,4.971288704951266,6.903717896597917,6.10515379555521,2.6229591784952833,1.9568535035531816,4.87357613980201,3.9042720713628207,4.505788732874712,3.5280599525213607,4.082764575679474,5.533310234024173,5.176712333556941,4.674982637481901,6.050588371763997,5.509637651415548,5.485496281773157,6.844868505598979,4.367010557943032,3.5808670360288857,2.475326334965773,5.191173581141983,5.576776987968456,7.043394810100487,7.180430120331917,6.639066532529357,4.209566609891911,5.50131011039923,4.673035798293696,7.772947331705052,4.8597916943095,2.782665200571302,3.133700806097769,4.303357932273446,5.247085113526985,3.9365614117066716,4.148036162285939,5.363986212452509,5.8269301023345665,4.531800222969658,3.0503556827680343,4.626285112411251,3.677706933963959,3.637429086410793,5.158706735958416,3.8061003182323585,3.9980017488785857,5.907613996319345,0.0,6.134907895488416,5.89681753408901,3.889701860761847,5.1345188100880454,7.390511272779559,4.384490573696513,3.275570342072108,2.90722963658392,2.990579431156537,4.832265222024554,5.200384868264945,2.1667320094404716,4.0812409071555305,10.164321003767641,3.513560835359265,5.202747461110212,4.152374383580352,6.36805101262028,3.610753229126784,7.001510100264064,5.093162108173042,5.1853253739987295,2.310089318478566,4.268797793328868,4.252894545001111,5.09246395751086,5.124476921033376,5.895434623507151,4.301831731033561,7.722214118663718,7.696314989593292,3.6748870794511164,3.920692871346069,2.780384041259173,5.5783970166391965,4.5626807369543485,3.0202875231129473,4.6519163335318,4.345826374343335,5.717321361880094,3.7849337778349725,3.96918743264522,6.787696231403945,3.5500534691408157,3.2292193943441956,4.647926009179796,3.6219722815136213,3.5519229569934225
NLD,8.448275512665228,5.602090790025141,5.257853204541367,5.31178885992678,5.442758362671999,3.1777177412244857,1.969626278359135,6.24875241405015,0.8286280014772935,9.290411158726998,9.872032258373881,8.825797309583209,3.6069943415206804,4.900167969486073,4.2097399196878404,4.582510333068385,4.81724211432765,5.500676897078473,6.222905401908665,5.232422900434527,5.907654108927487,7.1707138547308436,6.191537222635807,12.399968295790728,2.4159924838079903,2.838921815785615,3.6326574459683365,6.133413925645712,9.022675341880001,8.459234879870582,9.945745179492334,8.295039581388385,5.151034296349817,9.080814714894862,5.409175013663502,3.8528874266806232,3.4312782589038577,2.3841363000270395,2.3345735122665037,7.611396766198194,1.1878288936934558,5.248553187017072,5.727450548139874,5.207334344442524,6.818700847528526,3.1672260468301077,2.750387677652262,10.494704795727316,2.0691339650550407,5.35975324796178,2.3049232850228307,8.347354908424283,2.31687258884928,4.553916297414761,9.763371699186692,9.118960709877198,8.997120717653948,9.691029152704115,9.187674681332526,3.4946504381533225,6.619356183937727,5.953304970181555,3.20225792992283,8.829687148555454,2.647539071130096,7.324281697718849,8.0499057016164,2.3941214636747,6.627515910256524,7.295777744396086,2.905325426376659,2.6471322136257127,3.04814931922738,3.724004364524253,5.029270457117835,8.237978807192341,6.159917209708539,9.833983512144075,3.210658596115837,6.232561746709285,7.075796419224436,6.833234984675144,7.155405303881703,8.42886893020618,3.2391466260841693,3.8208333242858896,3.025435740476417,5.441517519950753,5.660204275205613,9.103564277261912,5.721597468017334,4.595739382985157,4.307445517259649,10.095883221734464,3.0668922696644825,3.6740419220109444,6.124360744532357,9.141143609267278,8.623973445898079,4.472752679269153,9.588141689853924,4.235852882282061,7.135750548488982,10.766884153488265,6.134907895488416,0.0,3.14256623432036,8.275771597880265,2.8871553173065756,7.228687905866574,8.678942812911082,4.692828598296976,5.585507668998047,6.751482380215476,3.0380339877999725,3.117176805466951,6.009854597969966,5.313014257556049,9.595649736361608,4.24404219504763,3.899076227149837,9.007648273613054,5.818017623405941,8.094014158731293,3.968474268120631,8.854811860906404,10.481882374577005,5.174541684350701,4.098348540698213,7.117461468804323,2.8508812096493212,2.906619429753162,1.6770401683104335,7.998329508062732,9.338060791778052,11.850039554522093,8.773949038757763,5.635797025647115,7.408732447513935,8.385101756786215,6.984333925838205,4.4795366820604565,5.602922597001837,9.532425214204945,10.447004339638147,3.658019335511303,4.506769332485105,4.266872337610168,6.798300267283613,6.726394237537118,5.288493093866506,8.419271361345288,7.550817300662129
NOR,7.9452328838118955,5.298082799986841,3.919656851462469,4.450830391816532,5.123777165180032,2.4354572119177127,1.9324086655075423,4.662803198188322,3.1131908762613985,8.958185339923672,9.514761423923876,8.28420890350991,4.4519461835350365,3.849831538649278,5.006570472953604,5.155665642532005,4.130345640485026,5.674439137237367,5.420337948435049,4.859839808800961,4.4397322110983914,6.359539527796556,6.253748643038938,12.111855647856983,2.2081243785715046,3.0265684896280707,2.953321327314535,5.356448601413415,8.568201779183466,7.932420722410085,9.443388253024539,7.502088224371558,4.383549176861576,8.69573759842398,5.976208772017952,3.832124060180495,4.852895096484689,2.531573400721129,2.3677867907404857,9.00673276731197,2.497698465722712,4.7748146311425845,5.091907261006526,4.216851502261573,6.021199221608242,4.1529033096327925,3.280559541143318,10.119511854973668,1.9903780705146048,5.601889212306248,3.3075693231617316,7.648574019214157,2.9419977682825107,5.119453401321057,8.890243357776798,8.79080204059265,8.848653762142577,9.308195540659849,8.045771760056121,4.727555398960778,6.199070311096316,6.074445604606182,3.713795748695012,8.3442961032915,3.4551108745691357,6.36786193403357,7.724737659029159,3.603372542794767,5.7301011219900095,6.2806571589762585,2.977168204246762,2.639633865103888,3.4359641858112733,3.3436087271930335,3.9136298730925847,7.8573321612140195,5.966445271300644,9.133023622202664,2.3949088244093972,4.49283981121466,6.986525900864401,6.613792544790244,6.551492088755248,8.614277651957313,3.7886864597067915,5.3391477785589085,3.8733582908605975,5.344484903474075,5.279529098729603,8.749977424261495,6.606216760332924,4.16821754305905,4.7509482820701505,9.571584477031863,4.310792736398479,4.388176949629322,5.4998276060307365,9.255178365778024,8.013146487874685,4.8021034888302445,9.299882049504413,3.6674305016686404,7.219265753171093,10.109180901459252,5.89681753408901,3.14256623432036,0.0,8.176585077824086,2.624816757951705,5.8692704285248345,8.165302516332956,4.649200728642943,4.6400751419570305,6.154703221809911,3.1686400671230386,3.9065157659046825,5.13921912564192,5.616342776558886,7.894269710883043,3.7352489848086234,3.2779216497562387,8.738385842138872,4.379186496475166,7.7593989538301225,4.856108061301804,8.56568954244543,9.83967654304299,5.000921129677939,4.127722264888348,7.554001937433075,3.6775681096359194,3.0336206362037856,2.2838036190196136,7.722400194598766,9.312757861412901,11.075449988098914,8.482136494783422,5.125508342752055,6.908904612215449,8.495212138537354,6.755363871624927,4.674861484336795,5.042069839664692,8.808116608818816,9.646286813003538,4.090459555961891,3.9498337199366933,4.2889777222879655,5.9650346323807915,6.062566690327626,5.541206811291375,7.9994272149612105,7.297787886109807
NPL,6.13114930797908,4.998955680355327,9.027769132476118,5.737873252790239,4.6269205387263295,7.653721100574379,7.643239923925609,6.255945483901478,8.148613342459345,4.225971146953449,5.320844562718785,3.1516550419319356,6.219127853175238,9.240495399552527,7.263291199477499,6.275700991350431,6.2165837425487736,5.194804322212791,4.330146172077933,5.121568522763557,9.122834111784256,5.320929092989918,6.839449741154788,9.185847296915345,7.796524267269823,7.983285793073962,5.701221381689535,6.009779951525216,3.623483429158094,3.93912307608392,6.0309844299657795,6.28793468292986,4.5460468885664405,3.854689025848936,4.820560666483384,5.269240244264116,7.980811652136317,7.664041282894967,7.89414894473469,7.101634893566415,8.113159724863701,4.092650908971914,5.0351136479441045,4.871544458161611,4.579553247195669,7.007118944822503,7.823149053326167,4.435170638657609,7.793238111257307,5.059441776707212,7.409421375845086,8.170251252652635,7.6014946424685155,5.488123240888135,5.480303202086118,4.896994555501508,3.463285852189561,4.681741731400612,8.801734706254313,7.192627499007886,3.474482290981654,4.404786412468954,6.682725206826163,2.49715023155769,6.87479338600831,4.173148084214347,3.7020635334893552,7.844365070196804,5.9847285885980535,6.481344044473156,8.357634614554927,7.505909436338986,6.804798438560873,8.090188323729405,6.009910925647697,3.582093712081328,5.488474456600125,5.989635448914805,7.591507574850168,9.276393820876407,8.543772132198672,8.599855187548394,5.129791521152343,7.115353286081354,7.003915744638156,9.950229453156297,6.9017501628782085,4.0719640143694695,5.454107618658103,4.681717861923087,6.875097834684392,5.215732926679082,5.804955082034867,5.531811636996912,8.006521753868629,6.463073166152806,5.533149665131141,5.365074497387852,4.967509260689222,5.780444450033024,5.23818222745791,6.457706123866266,5.787837261218765,6.034713693180164,3.889701860761847,8.275771597880265,8.176585077824086,0.0,6.897572011065577,9.861585885249095,3.3524664805200612,5.595612188751236,4.387505326480108,4.184794206985851,6.8396114826862675,6.566556056615379,4.250361161616984,5.476186367599847,12.361025072508937,5.5292248597146925,6.565466500322394,3.6138697278540315,8.680018173052762,4.153559228540924,9.21632094445882,7.024189673708504,4.39891364692483,4.430768603653033,6.0200705795742975,5.265370069560992,7.499101128152453,7.68108163696989,7.947046741079305,5.481354030761935,7.476003583076609,8.075767758497525,4.308765034409434,6.390342104100398,4.459854110687691,7.224639989203733,6.613025414529188,4.875120785950629,5.679928654758095,4.314812420692767,5.578018615394248,5.629260069935579,5.070634036404079,7.549566688941178,4.166299049642997,5.316527905122917,5.609924349718836,4.5838072027231656,4.528640640334192
NZL,7.844390456831498,4.353164992880407,5.4106642547744555,3.4750162895074106,4.017047454544339,2.2266361242465766,2.4664023003788103,5.170530029814505,3.052290873900825,8.189630253944406,9.043692122807688,7.55341115102212,3.6526479384073602,5.2452893627357655,3.8848247023174323,4.292936731461171,3.9829455683145802,4.600265700330225,5.046249142286932,3.950529940756987,5.913158389538089,6.324327666267082,6.051548195311604,11.686054535789088,2.0898634206268323,3.280375945413092,2.4528990661595746,5.334930134895599,7.855424401360814,7.2581458500705445,9.07963815831996,7.668283574636554,3.7813820717749143,7.574793948032903,4.811945235133225,2.703439413329712,4.018566889486567,2.9943007907845067,2.671393374059536,8.137718016181443,2.337563410321431,3.8819672691459077,4.833463010700766,3.91140256741628,5.442980811340871,3.300235986901302,2.984211498562864,9.272580294505625,2.0249163047900773,4.5946102437498,2.662955425918293,8.01171921944235,2.4882965953653686,3.7364154438140966,8.373738689862062,8.321239548427247,7.669196408696114,8.445336366067087,8.851248235237335,3.597456860258807,5.440055585276287,5.395397214152838,2.931330491034327,7.4012644488997,3.1067891555575518,6.060935651174156,7.094534946487045,3.5604017138434068,5.297414244906477,6.564317276682127,2.3235668557588443,1.9898565214602864,2.877279792457366,3.2069738802137784,3.6487475519667987,6.9961792606776365,5.298340166006671,8.98772980484157,3.121012762169307,6.16478101816801,6.7384295364779785,7.0675751291371975,5.869435721058857,8.26880047734685,3.3310487977049603,5.180990327200964,2.980845250735324,4.688345124366761,4.487791461811471,8.025770990003366,5.622161728256417,3.8392293385717373,3.618039621302339,9.113640223024234,3.6791638530799284,3.1479040048751914,4.958984715654673,8.561801306349889,7.729594613348787,4.073506932063366,8.42326240695172,3.8911183577156674,6.657752706497922,9.68906459359675,5.1345188100880454,2.8871553173065756,2.624816757951705,6.897572011065577,0.0,7.171483340659015,7.263437283554168,4.049566452347379,4.19628753620765,5.575426206871175,2.9423187414461562,3.1449555598019274,4.572532819045849,4.404047957022875,9.428210394822147,3.426366978744745,2.962887472004411,7.829209123116019,5.6365815961810135,7.167026247971427,5.299688800901495,8.090829529020105,9.10694996067134,4.41146398205697,3.408155453423007,6.241678703506316,3.61742994511924,3.313387581352893,2.2936225743565375,7.23021619937327,8.66375516886718,11.027071541494749,7.809023249096232,5.259318333344359,6.073597478668329,7.748655760983322,5.964138752818319,3.8747737816382952,4.68393830863953,8.237073795976805,9.221323945582514,3.102636053827803,2.6453523763787974,3.5094170962948263,4.855929948291385,6.011910098259961,4.817481535243094,7.489892802320622,6.578637882423413
OMN,7.043225326902444,8.332825382198378,4.022514352750662,7.99307546405386,7.87165073382454,6.34567419274628,6.543359029835726,5.992598117394707,7.061521972473825,8.80034418749833,8.79533208574109,9.476200614163139,8.23715003978367,4.4107366770836975,8.047248525206477,8.449989934788233,7.522169484247521,7.464308401466294,6.835341227876102,7.965729654925968,5.143936652734384,7.169645978342122,7.317339208332029,12.189436749890026,6.663665037552201,6.710823592721477,6.43610354751122,7.107059049139067,8.90260821627823,8.075994922017875,8.741827158210283,6.855438311353218,7.049547260953519,9.377150478434945,8.22384843346342,6.987975105425571,7.794767794311707,6.674435344749797,7.114985026063539,9.776145769848856,7.063294808148574,7.065380885525945,5.878247224941836,6.333562206125689,7.258338947909299,8.122034511149728,7.38965450435705,10.264600463309018,6.814391684167783,7.963277508453585,7.503911743056334,6.075952449049365,7.394489377353638,8.032958987108165,9.798980512473404,8.62294105769658,9.221436353980868,9.288734061776072,5.28681396831035,8.378937639872236,7.400222477354587,6.89751502735477,7.758359746295713,9.153692074900416,7.349736322885544,7.493425796623387,8.747276807641622,7.008785927821727,7.985574603990925,4.800328518404698,7.1096700611320935,6.3951321242466825,7.39438146660796,7.898766696328398,6.438070600188941,8.795724910034439,7.157892749630484,8.60094641896651,6.612150168910025,3.0342708997183583,5.454041233263011,6.809850542779884,9.850507181713363,8.904718910284814,7.654254682590134,7.897162844992869,8.087420234203845,6.904914066417605,8.140286860560941,9.050999638207546,7.971733619144555,6.484296144603763,7.992516311295766,8.92116043347103,7.578363668255991,7.827229251113824,6.5456318888981855,9.15869646289772,7.248077482265874,7.731515694099307,10.079990187877257,5.422123760616796,7.550831683548913,9.350967263217857,7.390511272779559,7.228687905866574,5.8692704285248345,9.861585885249095,7.171483340659015,0.0,9.17475702209182,6.9144270756328465,6.838863545414784,7.137839918511529,7.088879770370528,8.016126560396636,6.854037689363929,7.326314720769867,4.045599013003301,7.190374782786367,7.214653263784865,9.192034866666928,2.5966094894827227,7.630749476252951,7.276132891766064,8.19702649875614,9.873318714571884,7.071673544062339,7.666161946956866,8.923114470186555,7.149266609769303,6.776693514655887,6.845186568315334,8.768225136067475,11.133835197194324,9.502847951436408,8.614879750987996,6.993574413586118,7.750230581479784,9.596440799368255,8.803880312588088,6.736207428800474,6.292716340573592,8.776621892145362,8.902871062385259,7.510907990845075,7.622923646205896,8.083082171996654,8.108469499919849,7.2215851277469225,7.464874560123753,7.9844238237304,8.569288797203765
PAK,5.388633238972566,6.249946861927338,8.894858236248165,5.804700183111092,5.845625454944594,7.63614941462791,7.871487257270364,6.081118648317845,8.588322661701806,3.241760195711201,4.251783327992945,2.839410173339051,7.244250525542241,9.18671811185426,8.279251909771558,7.294630851432507,6.752018069845133,5.864284452961315,4.077556145209878,5.088990313536167,9.254564071725534,5.251168646376967,6.953359884043466,8.775226544506708,7.838143466883191,8.317660013150764,6.154360543632216,5.151326459793173,3.0204740554208565,2.5975320089740808,4.766532439650562,6.266302089802837,4.856625676106527,3.9223273614561616,6.048233099329166,5.8748034510520455,8.851116170274349,8.044659618332519,7.963104966678006,8.140284955869506,8.543710540272137,4.502970752758476,4.673855042727019,4.5559896871161225,3.7047702505614892,7.825198840250682,8.470215298872551,3.296041744020188,8.083786602834016,5.58741760192501,7.60436529754848,8.360237885882198,7.757353887766189,6.438079139141066,4.713637849270108,3.9275236836336616,4.019490259145801,4.307926298612016,8.12819377651645,8.1662814796645,2.9609267971822106,4.401835721446582,7.403046039498038,3.2031138786843716,7.553545185064355,3.229252894375864,2.640034891706496,8.41305435572162,5.86490172542144,5.578461098709542,8.936911687829642,7.575556711826912,7.146188037561915,8.06736505995862,5.656603275251014,1.9774871424704161,5.045841130168666,5.373539326534565,7.737447655700451,8.982905530342924,8.422206445920486,8.652939636036514,5.130258097738926,6.821394681421292,7.793550730272393,10.62612174938212,7.790399042645608,4.296033450654476,5.544825536635653,3.062476965718017,7.420075551862778,4.997087798931322,6.999951370176247,3.894986627550446,8.915533290376464,7.566601501536685,5.574938774973333,4.406018988550447,4.750615445843272,6.451925943728156,4.059849733531373,6.339955346111383,5.675620158446205,4.2760906016614095,4.384490573696513,8.678942812911082,8.165302516332956,3.3524664805200612,7.263437283554168,9.17475702209182,0.0,5.879763230128592,4.43392721074052,3.080175779715298,7.146105293784752,7.400992571687359,4.339262720370292,5.931262694945243,11.62907724017825,5.8776534775149525,6.314082198931595,3.2963888737428273,8.024272881181973,3.246275682017161,9.898535279779905,6.161319153214677,4.055852050285192,4.743499673990054,6.809519233981722,6.050086528537563,8.068111523733425,8.146335159970628,8.265143891740534,5.670873508997638,7.74857502019679,6.861930880200668,3.4388046450092276,5.642892116768187,3.952497844294488,6.480141516681829,6.6922715151318215,5.434189650042443,5.597075819106695,2.6669451840743434,4.0464657619328195,5.946133359383547,5.948751317721709,7.385269554308847,3.7946262446939274,4.576195273065942,5.631686978770058,3.6891448998498424,3.486294507542205
PAN,6.438607827366056,4.757138135497739,5.170487585447403,4.858081452592466,4.147311028567754,4.811084315178976,3.9727594177523784,4.754620118380855,4.394774652254928,6.08247180516002,7.165324994258301,5.390201927847869,4.081053530084426,5.019925171069623,4.404386123032977,5.174617344450671,3.88714157391577,3.2562515095127655,3.580156384410396,5.011401021622945,6.398763112088233,4.700665174066572,4.919463966620695,11.052980774734257,4.6302708031779405,3.6242556763368667,3.145341260371768,5.503751650653678,5.8376132350440795,5.374157852873562,7.075063100224683,6.236642738289228,4.021872101228607,5.905748084104609,3.83588404525385,3.01638940621945,5.089767466574401,4.26233524018908,4.698544824672983,5.888442541826766,4.612618545875136,2.732824328629838,4.503024398344003,3.0318734324933376,4.841275542447296,5.209881230504199,4.207101396803012,7.463887258909744,4.640247621235725,3.3063415235718003,4.795358515398625,7.328960881277982,4.604984176040061,3.9792654707625337,6.479892972665226,6.360079376085012,5.9731689584985395,7.044887670682457,7.444740778331508,5.539972511053201,3.430019103357683,3.416333557724358,4.544471306838206,5.526245887647107,3.9405240576791303,4.889557346197466,5.633951312989759,3.854608567459373,5.459451261937566,5.630001227433288,4.8599219235934425,4.099793567466471,4.66973443163043,5.62421189469695,3.4678986418729174,5.132944715011039,3.9138094525613085,6.35398430865188,4.361224478779797,6.234552302601613,6.283873619029319,7.133140451851814,5.010772175266192,6.868756423427626,3.9047017942129307,5.51648995155967,3.9751530016540944,4.195123909370406,3.7154672008542384,6.185815742031506,4.446274222724062,3.3257863240596137,4.32640244939869,7.258356939529216,3.9288428659280394,4.167241239950943,3.6907785200381813,6.686553227273235,5.53644536043353,2.8481580390101326,6.947804189536722,3.4919776415712582,5.206601088646419,7.938190129585912,3.275570342072108,4.692828598296976,4.649200728642943,5.595612188751236,4.049566452347379,6.9144270756328465,5.879763230128592,0.0,3.390361741255049,3.9491130670890757,4.3294929953509085,4.388707898032422,3.236130526258185,4.656668219413104,9.284579497117452,3.5998823869146963,4.660340964750549,6.187037484129223,6.104081677387555,5.284180397224772,4.704058658161554,6.6491051818546625,6.768399693309185,3.0519114857987666,4.517430759608807,4.96305700703767,4.176126213724896,4.212364985268293,4.65244876113548,5.764098997407027,8.730855013495548,9.459608926628214,5.499976651824498,4.2558355455432935,4.871686325544344,6.973490414798516,5.511137555130888,3.431550361276673,4.591680969275236,6.254839430341807,7.14935948801635,3.9395182290278625,3.4478388125612685,5.427970134774355,4.793306805706853,4.381702444307081,4.514532923151515,5.083563906318781,4.887058852583788
PER,5.504277832879496,3.8961710505531646,5.612189835289186,3.9242056823640543,3.4208512889818596,4.483583017594533,4.6298218904533215,3.378413734002821,5.468905093201054,5.376647678694361,6.12177858953432,4.356926812240519,4.284490686988797,5.891012821095317,5.802105509333331,5.0313868056117075,4.101011104969952,4.427195066754477,2.399544103586109,3.3810006324673676,6.052851952262241,4.4702576524820845,5.085797327427037,10.286419894608832,4.632710929787441,4.93022709654752,2.481815637069158,3.551144931262586,4.742151114064232,4.264596292528394,5.818179384318727,5.171347183995675,1.8153719946289355,5.563449168495506,4.501801952069171,3.1945036006113914,6.379683083267403,4.662550426438547,4.704083852922791,7.45530253951309,5.258320847040874,2.077094293283465,2.9113850164399877,1.5134974770059497,3.5921468805690657,5.065315643029544,5.3647081615499435,6.479916031327017,5.003426794122878,4.040296536648163,4.863135142475531,6.165987965384199,4.815218217482866,4.112728721472446,6.124096768641118,5.634497862027057,5.646802429234399,6.070787912473845,7.07054738802771,5.508744020624573,2.819644954850293,3.486566209391369,4.698009537926711,4.554250353712616,4.454447051834134,2.719324773696705,4.127691513882374,5.419045879946683,4.788456976037729,4.346988863186322,5.677935943880668,4.493659726281697,4.4465154291807485,4.913247482427473,3.4477281545482525,4.397316867075916,4.01456610790799,6.020341125813488,4.134885525910191,6.01135803730788,7.086482124207497,6.798702456158238,4.189435530571805,7.071580936646579,4.583944305765346,7.7761622822520104,4.799119942822541,2.924765845281148,3.71648967366856,5.495955894069973,6.478046263071516,2.283139281185119,4.622951676376428,6.277861199789923,5.794661103813437,4.94591596074891,3.520835504367181,6.267530827631442,5.052347699630967,4.351734608992685,6.603372342250258,3.2028635344482046,5.395446636149385,6.806034434278161,2.90722963658392,5.585507668998047,4.6400751419570305,4.387505326480108,4.19628753620765,6.838863545414784,4.43392721074052,3.390361741255049,0.0,2.5339746993465577,4.091565995279772,4.77433445630766,2.126299296902716,4.4720628889793534,9.443472647926258,2.904285752425011,3.704617015641661,5.409277369889825,5.467035506703399,4.529917634010522,6.488639394478088,6.784507016518022,5.947460354510779,2.4288180546635183,4.353611938311989,5.745346566085459,5.107799693011382,5.127386812593961,4.998560560914435,5.636518097497119,8.159743701359844,8.007204512849851,4.995360819534265,3.808861262301067,4.148743614762376,7.158402463027298,5.643358447209841,3.328891132142845,3.6354342121143457,5.2135515734909195,6.263374032957279,3.568509728690907,2.9632113953355104,5.032304132523947,3.398278559913369,3.6312388167503387,4.360329293860844,4.81746913820605,4.5647622600693945
PHL,4.863514007744952,5.065897874125357,6.649609307198126,5.010764755602795,4.508458731506898,5.8016291079143505,5.930161017688438,4.316466621710258,6.66912233024458,4.045976022897602,4.814818525916729,3.2635111482954953,5.6805122691815635,7.083786491008503,6.768343294222026,6.036552436238957,5.229982823974736,4.570585626167828,2.774693462870387,4.389210752274065,7.504974821167129,4.585466692612043,5.417190773458352,9.77085680943797,5.922597852406204,6.067781203902053,4.2663197863230184,3.774018719920406,3.733967867434079,2.9766222667604065,4.486619717503574,5.281338884749895,3.3924514970598993,4.654743687896013,5.0194516733614805,4.288151866726782,7.1903163976874085,6.042475186932173,6.053511857930575,7.294041245857429,6.6186543771138995,3.135587779515016,3.423192593503366,2.714336319346963,3.1409322903030596,6.322612015221849,6.587960185816839,4.88592363886933,6.273349340003916,4.338719500113819,5.9764270276317815,6.76429405730952,5.985973400871479,4.818622993436019,5.3489115501273305,4.538240446616249,4.728379359702454,5.178952662591584,6.846928522851938,6.722346274222156,2.2123184606993727,2.9543565327632533,5.867005201012608,3.6849304039361708,5.659107571266501,2.3501308986382576,2.914127610165749,6.409777916394935,5.242175587099292,4.253644481044481,7.073063302009639,5.712500989858253,5.59239884415772,6.387882556959795,4.020801873778005,2.875805759541606,3.582819470086336,4.665589774827684,5.698164681165192,7.121053047250181,6.749679679491979,7.483614313408387,4.610859537470291,6.268852758832404,5.868338088666881,8.63948994019395,6.051751906020485,3.186440118935041,4.213086978772865,4.013884590817327,6.306315042805406,3.3194747593911713,5.582344925395804,4.819629812401228,7.025887111334831,5.981862106053254,4.029309757836336,4.918061916957902,4.193572567518141,5.03471836685697,5.257859132121634,4.106222129586532,4.7875331174093745,5.450785139566035,2.990579431156537,6.751482380215476,6.154703221809911,4.184794206985851,5.575426206871175,7.137839918511529,3.080175779715298,3.9491130670890757,2.5339746993465577,0.0,5.303435568382492,5.977870293812901,2.770483503434216,4.824178718748611,9.850137175145859,4.2210480083791095,4.860831216777563,4.086637755684833,6.121233527728903,3.35647016807216,7.660927762350387,5.741778033187795,4.815302602963214,3.245619577179513,5.438907331453369,5.614763613610393,6.11055362277672,6.20315163048554,6.329764699214707,5.247964077542453,7.969976157808477,7.090232832027326,3.7401619083214306,4.140233244794455,3.1746121604109905,6.62284149350212,5.903112940108718,3.982008914635016,3.7627568251620556,3.538284395838566,4.3469780343694655,4.5302631270038995,4.666868062451276,5.991813983442741,3.435807853932626,3.1980004018998223,4.482064306042518,3.410187270273489,3.5814865089624113
POL,7.439136247295941,3.667181445260608,5.132686682267615,4.514233610116855,3.5687869639548913,3.1006980039247867,2.0393021061787935,4.36775865813043,2.9039849692926034,8.282610287990675,8.624323444822567,7.025201847761188,2.420267956921179,5.550588614720051,4.5845176381201975,3.0286736013477893,3.7211166726605263,4.8551929129727585,5.01757223291276,4.194130668190926,5.137671169004833,6.017020074971942,5.492346567872624,11.437574723657955,2.2986492430391956,3.2325468896246967,2.4902820929374787,4.31828099753901,7.687171465691363,7.223433399480017,8.577833544160631,6.7896840613654215,3.486495157009173,7.978241737096405,5.074469043662322,3.264533575011649,4.186969918809507,1.7085140709574733,2.1295690452810985,7.857880003550024,2.8613673451221557,4.031896708795161,4.279653035939972,3.717029116690466,4.953254954639794,2.641967120042078,2.7232939624511223,9.221322173041354,2.384901411412339,4.710730289726091,2.7375529800942537,7.2791621697258355,2.7536181972783442,3.16885449917203,8.656151731867766,7.97215998287422,8.149937369706262,8.640197669171583,8.397302872591897,3.0765749808475666,5.52570333246322,5.057146319887667,2.016507542754238,7.260821350301221,1.9048497863839278,5.304837890761048,6.162917544351862,2.8616840376497383,5.227681532810471,6.031937312970882,4.093968392069027,3.3727766232301826,2.251759691271183,3.465402595006059,3.584737577482883,6.9392488998296225,4.91922853634137,8.704390587113403,2.402215947668672,6.122880540387439,7.580889409849478,6.295881578325474,5.072288997220332,7.756910186400594,2.3213537522236543,5.872772141922293,2.5315708117741225,4.205609852910593,4.275567590223053,8.041311828827547,6.191335994655018,3.270216222442776,3.096686946456755,8.964027045187454,4.464155894564345,3.2841024195556954,4.938074088518172,8.29534719422379,7.4734727161011545,3.487695717321047,8.540063393334915,3.1745398517733876,6.375251924273279,9.49491356894048,4.832265222024554,3.0380339877999725,3.1686400671230386,6.8396114826862675,2.9423187414461562,7.088879770370528,7.146105293784752,4.3294929953509085,4.091565995279772,5.303435568382492,0.0,2.3510530090471913,4.544277057427862,5.064094299822983,9.839898304990346,1.8816609924640977,2.4375393002511334,7.57601878979488,5.323621647831906,7.06011321251251,5.088799019333367,8.44461438263477,9.0588680423383,4.131708691309201,2.367398709615802,6.980437933658378,2.0568219875867477,2.3082389925850215,2.869539928798138,6.531611903258993,8.737310514204014,10.473402002194282,7.678164704992122,4.434279537158613,5.7446759799842075,8.051848256855662,6.10982866595844,3.3706430928367666,4.792083174646351,8.14285214933957,9.195200014322323,2.0312407870499753,3.8591506194069543,3.75756933110159,4.985171533331064,5.114841918766171,4.183985402082516,7.223547831492089,6.340245788101047
PRT,7.870685966872208,3.9228278839658524,6.218228291880208,4.631776509804387,3.9816307129839092,3.587206353193466,2.4841921249724037,5.678111409853608,2.8348264432111216,8.433656278569297,8.913345229539162,7.233111281532052,2.6926024061858866,6.248699768687064,3.7172800887401687,2.6166074805963055,4.427582472119018,4.550801474301845,5.721886812359183,4.10462294478145,6.04010639482791,6.100075071861014,5.891085781819774,11.428618266777717,3.1591654396914266,3.580947336414678,3.0120328508309373,5.391862122643679,8.016877102743074,7.577229278725492,9.28477042692496,7.505409979349567,3.819812771688397,7.746676642624266,4.1194731501205,2.6095332111158855,3.210765978148498,2.9327129744508387,3.133846705420693,7.09870447920949,2.8962403371365095,4.08338689677447,4.8366194075583975,4.418766638397474,5.438111693525889,1.6631208207317993,3.1868481569835527,9.360863057349723,2.565761718540833,4.746298904738148,2.4107289687802687,8.125037929518168,2.832703013857063,3.2581462504286516,8.91825562781437,8.166610636213882,7.826849851155552,8.668884803981019,9.173253403272195,2.149497804725526,5.503532795409683,5.14186559417752,1.562312532960629,7.25105256347284,2.6059355904256147,6.1943474389199515,6.696493669944862,2.7492315730923207,5.665067399383011,6.881563569138286,4.08982471968499,3.508527622559316,1.7966950551343197,3.886841016840488,4.576432416317886,7.133450977403593,5.66316057680711,9.15789567054077,3.720731437153437,6.936011322795667,7.542715482918213,6.6336105827574,5.311848329791199,7.817956745805094,2.8540685334882756,5.517024095422791,2.4553025566441047,4.416675071658622,4.831619230549201,8.2468487393397,5.219961990841455,3.890286403691733,2.8188850066516835,9.277644056002984,3.8928312331309023,2.6169424683432734,5.852374527524252,8.472643230433336,7.781684233212413,3.109885870883878,8.460456917650976,4.550069297163371,6.38707257947464,9.869331527003917,5.200384868264945,3.117176805466951,3.9065157659046825,6.566556056615379,3.1449555598019274,8.016126560396636,7.400992571687359,4.388707898032422,4.77433445630766,5.977870293812901,2.3510530090471913,0.0,5.052684152091391,4.706224092951865,10.688945408220176,2.9922804713217794,3.613914655346259,7.476472196566916,6.474977587475705,7.126304199317264,5.270124888865646,8.547822926907081,9.342688057198343,4.142655170021807,2.535777741820387,6.270525014145819,2.6564539293648948,2.6572478964286597,2.815238913609411,6.650095516624492,8.445798119641298,11.163901488069827,7.909872716149699,5.422623624850068,6.308931108180119,7.8370698511539585,6.193937128197799,3.316855081130643,5.148230291579278,8.542488301751858,9.580449232013187,2.9452211200060687,3.543609219459419,4.065034878247901,5.650144496384757,6.0940700810756665,4.446137083110601,7.507116476682262,6.531599273492501
PRY,5.23160362368469,3.3778998742283246,5.867722173835763,4.398046581404196,2.8000398363283505,5.39591836400691,4.9854335731975885,3.007885959234325,5.838754285211774,4.937762966567901,5.728576689211752,4.295240012585658,4.604884939588957,6.024068638342066,5.932105539609955,4.875511908044091,3.943684400955134,3.625598047910041,1.9268585816943988,4.333354590001493,6.124351486722695,3.504510379064899,4.868203874534466,10.302880507848304,5.382948363201518,5.337532663355942,3.2373026498758235,4.157625570499746,4.262872176911148,4.027304814746482,5.529308251493584,5.046307836037971,2.8356462381427567,4.887600419692929,4.291167246625931,3.2679046447290254,6.510963078217048,4.92434968076683,5.543664269104409,7.03264970713541,5.69277631357956,2.176825637025485,2.978095620560388,1.6033650981582062,3.2806071071086396,5.7191783443893165,5.233345189356651,6.045338062739338,5.347291329561147,3.297888229461876,5.605560084660962,6.38129858632547,5.6335522813017,3.7881009148563294,5.388225944198291,5.007856241679337,5.151575654959369,5.6623533915439195,6.930933097472161,6.078707208339021,2.698504094327768,3.046324949713275,4.761033186282788,4.193257179749835,4.40013390232727,2.866779502427706,4.1851252906668375,5.36643843316116,4.729395261829053,4.1937827967832915,5.706826596967805,5.058033495342266,5.191334196105261,6.162034478841796,3.29234525088064,4.185026710422466,2.7838386095656995,5.3995294015148,4.878158486802904,6.300819619268916,7.053364388930378,7.241284465176251,4.141406652817188,6.489060123847802,4.433703300833732,7.7668006710580375,4.71036716049372,2.703955789229809,2.8479511693039994,5.172360749894831,5.641340254380113,3.303183907959363,4.090005913014049,5.853077363806668,5.733672659723233,4.617030370983938,3.1545419217653854,5.700306846755167,4.260883289601941,3.6980590214514266,5.961047824808597,3.259706209801506,4.845941804120918,6.3522540837762715,2.1667320094404716,6.009854597969966,5.13921912564192,4.250361161616984,4.572532819045849,6.854037689363929,4.339262720370292,3.236130526258185,2.126299296902716,2.770483503434216,4.544277057427862,5.052684152091391,0.0,4.112620250846935,9.535053028052202,3.203970624739173,4.5406409287538185,4.90970124136617,5.7636448329761745,4.239273402798482,6.727462722831767,6.045997938121937,5.226153091023095,2.5791474604404363,4.151526522690782,5.135848413758589,5.012920735462975,5.011352300870778,5.527163477022085,4.831997391327684,8.226801169173509,7.904696591240814,4.426475697204638,3.733725241831464,2.9553035499593268,6.507183251459802,5.056017678803829,2.878715324628737,3.7941221229480857,4.739506699581154,5.944547874290098,3.7826567085990694,3.120242643320562,6.159021272354122,2.8720004131030183,2.935210360348514,4.812614009846645,4.294733297928705,4.313508055525966
PSE,5.267587040560968,4.835349140238956,7.351822222896404,4.425496138525386,4.16455802932556,5.289827740748759,5.230176928950631,5.809238960629096,5.153379780549544,6.179488445184469,6.791961204000846,6.8352591150164805,5.024463357046108,6.95031186191227,5.0625624229724915,4.7677512681784355,5.361256909372854,3.738598674319685,4.444696838862084,4.273846938836486,7.082665381886678,5.46801818875791,4.5409034684415825,10.04525083599206,5.281689371463878,5.934860336506408,4.233076048161878,5.86902224566784,5.9821560714259885,5.282148985378193,6.866362741670259,5.890787078831094,3.9569814179153715,5.878013845887706,3.5793086615202316,3.064415754139522,5.349712629985593,5.405125188957219,5.712074841387509,5.810250162989868,5.0076055310455105,3.6878652335861615,3.729004259170907,4.192464721691099,4.461013990400162,4.901890061671646,5.4809428782403025,7.486425243985441,4.911941937638011,3.9651829943069843,4.703455145335406,6.977007995446854,5.087987067876771,3.86617768359062,7.132029358327874,5.844702547551369,5.230072023674275,6.305927611111426,7.665202021405671,5.05951448210062,4.4108110833534315,3.760522458351465,4.3601737251173125,5.565737209257175,4.714772165265428,5.643057205850761,6.068571424688451,5.259578453512554,5.505817537341424,4.988288850571125,5.232520639333298,4.17035940167781,4.792808515520854,6.231358281511679,5.105655702118624,5.513042408318585,4.31388741178929,8.118105734872497,6.132426052937621,7.195432184949918,6.0661445291922,6.459092304039089,6.348664595494509,5.742040224032226,4.974134410587082,7.203467553260641,4.736528626319726,3.3983154707213434,5.123437108758935,6.235653985771229,4.8463212977684655,4.51854680611454,3.9540191797031468,7.048633850998336,5.319813843115711,3.8307917020439453,5.121625572691368,6.017942039625115,5.452362217086419,4.685424876703495,6.075940562007484,5.165910814851124,4.148524425178369,7.580759729676816,4.0812409071555305,5.313014257556049,5.616342776558886,5.476186367599847,4.404047957022875,7.326314720769867,5.931262694945243,4.656668219413104,4.4720628889793534,4.824178718748611,5.064094299822983,4.706224092951865,4.112620250846935,0.0,10.301487915768623,4.874151222155934,5.102390294286441,5.519635271858521,6.177775902340882,4.893398245826082,7.378037964937022,6.374376489964181,7.329438363242218,3.817565207446871,4.160081769390291,3.6956460547736003,5.196495578934701,5.220723015550737,4.695248311865943,5.370651678912543,7.6497159274578195,9.506303215697619,5.87668140164955,6.239748219141867,4.396823763779565,5.624193086615772,5.866052650792389,2.8163296029794544,4.416124869240605,6.424801762460497,7.570455198856586,4.305911600692637,3.7726625087914214,6.039069639842728,4.778025369266333,6.080709802056484,4.114065727070544,5.197185313002912,4.8637749477628685
QAT,9.998630304688481,11.223381832506503,5.666885936460852,9.844994348511623,10.65286514570839,8.615654774167552,8.92722438520647,8.57485662560992,9.501879303645403,11.321563022315884,11.728865966846948,11.820019967112032,11.064187718772335,5.9673637271406985,10.3955448528724,11.55630771067576,9.458946591733016,10.296887510770075,9.302666891042383,10.30871094136823,7.71791985671185,9.696854624921095,10.428245288159339,14.241293833341334,8.970153366883482,8.907392814077175,8.939826318931456,9.695125716891381,11.475346854931006,10.709069860680028,11.670878166198948,9.917352135925976,9.786836551884472,11.90785083518068,11.089993142739106,9.638285919404328,10.29621635761556,9.197218405453942,9.317236931893065,12.667149458635253,9.44887031087851,9.696190998213513,9.006642109131628,9.051129674989987,9.992762413330258,10.825733339192327,9.761217029620699,12.567457687419171,9.217364920411036,10.708934739869711,10.073865322864668,9.434328925941976,9.705977251621498,11.131485606074968,11.264059840441996,11.40504708082996,11.704696753036036,11.912647060601651,7.576362087885053,11.252166156633146,10.019781263398755,9.934319519589387,10.625867334268655,11.716096181605428,10.019394965684652,10.006038434299043,11.384601380580094,9.6625356900105,9.739746458002193,7.962862758259148,9.222308126585745,8.828346881738772,9.98306510191576,10.043190585126586,8.673605116701896,11.275768872385042,10.094012846215861,10.569765946171072,8.72724331355232,4.643379898492163,7.035700570179676,9.417928167604249,12.492550749529553,11.72964760767929,10.428945864833116,9.487066922291769,10.765500583004641,9.953168496579535,10.677863791892403,11.469243034814035,10.382956968061535,9.096294750040594,10.863482352116375,11.50639346280794,9.746352161459964,10.646624713558763,9.102359779405774,11.957208358153313,9.993987634803837,10.415489456847904,12.420269176915516,8.122373009925147,10.615893874102923,11.924033564114579,10.164321003767641,9.595649736361608,7.894269710883043,12.361025072508937,9.428210394822147,4.045599013003301,11.62907724017825,9.284579497117452,9.443472647926258,9.850137175145859,9.839898304990346,10.688945408220176,9.535053028052202,10.301487915768623,0.0,9.918019025873821,9.510921135078416,12.077419913767718,5.4347350197168325,10.490117926548315,9.039389078177564,10.602872225079206,12.20375173967239,9.940838095638277,10.404513265543848,11.677550838328022,9.953444322749066,9.449681866904491,9.301662511838405,11.75049432298363,13.052149806295793,12.194149625305148,11.284335676852933,9.348661008692497,10.658012906853767,12.149426837496843,11.670103301097628,9.769918017541068,8.763831665649308,11.099255754651065,11.066352773963827,10.160284102011662,9.896192242494354,10.21252018340221,10.419938604189598,9.675910470533696,10.255365807695863,10.626099113209865,11.245322250385286
ROU,6.545027900241267,2.678765846799728,5.3248081811482155,4.204753235673887,2.5382060851195347,3.9951312773848837,2.962598202572518,3.338677168438137,4.067836039935309,7.018443082115604,7.4184087900157945,5.591845285161823,2.3659866638659417,5.75297803614488,4.907847175456049,3.1638151284957075,3.103802831666466,4.105660858533006,3.706671984588202,3.942881270598613,5.088520008961802,4.659660329723324,5.06674631068828,10.449960355880316,3.5257668290379818,3.8725387019473643,2.2763050155330378,3.9620622969941364,6.35229031570372,5.940476877698044,7.505440315866416,5.729037232249222,2.699159160209932,6.711595330390861,4.41248234987141,2.9652405390074326,4.983779919133038,2.6984762994566,3.3699865583727435,7.505749736569557,3.9830461622846696,3.003504157086951,3.5396315949074224,2.599094428231715,4.034377963312275,3.660709801246198,3.4449948999282727,7.984615052748503,3.442684408171759,3.8078010791289376,3.850723779611556,6.783306902181077,3.8873020935752263,3.0098803976163158,7.3483366288866225,6.704835123145471,7.015408271691247,7.404772351793223,7.6793864894314,4.053673075711239,4.281848819531479,4.100812527485151,2.656916348125875,5.871578133121184,2.4798729970924294,4.006631572787047,5.013354351869001,3.7144459357391972,4.656839980579029,5.4206872065844145,4.72849954647187,4.151788707929755,3.167655854055124,4.38744245927847,3.1196170511489956,5.659368718533263,4.093770907377451,7.39251450021714,3.0323161344274956,6.144216465718951,7.7476414193128,6.167282928088678,3.758856324543184,7.1049350988295545,2.6835278910532683,6.725481492263589,2.948091206686021,3.3302022933170727,3.27176843638384,6.803873746483683,6.089210762245909,2.7223938227028177,2.964856121576788,7.700871599816952,4.97054031936683,3.5517292536297878,4.079453035194672,7.265688583563158,6.220240805638147,2.9056080954790873,7.461489247489915,2.84523174137184,5.667858098855618,8.215121371685784,3.513560835359265,4.24404219504763,3.7352489848086234,5.5292248597146925,3.426366978744745,7.190374782786367,5.8776534775149525,3.5998823869146963,2.904285752425011,4.2210480083791095,1.8816609924640977,2.9922804713217794,3.203970624739173,4.874151222155934,9.918019025873821,0.0,2.829390619415521,6.372778508937548,5.533782318297959,5.911024623696486,5.661989208579474,7.580994971042943,7.61094242043821,3.0647497541028943,2.412688300935085,6.275144487148614,2.883661386004912,3.0167716543595917,3.9388361715873166,5.443467325634645,8.053009918314315,9.292614784149862,6.357884740200153,3.582881645427699,4.669075139880382,7.34219702486402,5.267322374635292,2.839369541419002,4.556058692273688,6.800228609804244,7.947984119509237,1.9951354071923662,3.260631233411196,4.579298907872913,3.9816083886656948,3.88202105072098,4.0560258130527505,6.035453721297376,5.207741263844191
RUS,7.129769578139292,4.750073701770827,5.460777424469599,2.9935678728295154,4.358515193905416,2.7847386649748773,3.1171540967492515,4.470098220612784,3.918001699993747,7.865030784444435,8.504749920553005,6.699443779580541,3.8931648884902725,5.782138043145776,5.3151998808732195,4.566450718167657,3.7277937586093857,5.616495850007528,4.599717384344084,2.8381392361043414,5.933172930292606,6.231562324385777,5.81473512739626,11.211994830433815,2.343891350424011,4.215450241437663,2.5846581944715274,3.579858714640593,7.209290846363675,6.655793380068104,8.301924399056396,7.0527806763448915,3.0589921011119663,7.847183909059692,5.718688224943255,3.6212892823720564,5.536099461920223,3.2541199767558635,2.332577488450955,8.557572671788822,3.644758715173481,3.7475304450995637,4.126129266829318,3.5352350954219123,4.3844570491469605,3.5921898271929704,4.094551869898733,8.703565072764672,3.1680699670183494,5.19333528653177,3.021850410404166,7.863431645410032,2.724422450354363,4.403208168135336,7.70866159786903,7.720547800637309,7.849096547437866,8.399839273637838,8.33746579307758,4.345309068466223,5.220723939793565,5.4167828254060115,3.57642910842396,6.952295134961933,3.474541150867528,4.687408337586358,5.69262102839224,4.444819743148344,4.27526270791036,5.748382304262569,4.735833989557622,3.366233840350847,2.809925729027084,2.9474190839403476,2.9437679293617007,6.389328649233389,5.317173758856406,8.657111538841894,2.7817101108124067,6.017102271848042,7.503503170153586,6.731367531846711,5.28802638981922,7.802967507355464,3.976758533225678,6.779210134458482,3.9735439149956235,4.2611264455488,4.654358736387234,7.600598690201447,6.866555906131355,2.7767894875488275,4.350604480095254,8.568364373378953,5.438699095621434,4.6187075259278485,4.956425728819122,8.122505601169134,7.496946751287648,4.6084536240704725,7.961538195416844,3.6408949651256233,6.502517085041839,9.09989021062083,5.202747461110212,3.899076227149837,3.2779216497562387,6.565466500322394,2.962887472004411,7.214653263784865,6.314082198931595,4.660340964750549,3.704617015641661,4.860831216777563,2.4375393002511334,3.613914655346259,4.5406409287538185,5.102390294286441,9.510921135078416,2.829390619415521,0.0,7.508579389670284,5.12992302531407,6.826732148574855,6.132920089505359,8.501344320766147,8.619223930820153,4.381725485357726,3.355842236989744,7.131945630854282,4.0348352724215095,4.124894823808638,3.4821964455351093,6.745890153349463,8.242452281593092,10.39711133753704,7.465649003404735,4.575098812849527,5.908213608043127,7.870494484719867,6.882044432669198,3.8975871787295637,4.19367225079067,7.571124434248617,8.699785938708388,2.4109506218844654,3.536125850084883,2.7786504935534735,4.240149725755373,5.223337851034082,3.7367268670316833,6.91018619892075,5.8702486981826745
RWA,4.663319001872105,6.147846294903086,9.495661818171357,7.061849549367233,5.80580701140098,8.357765479180417,8.257234851836794,6.698443468430409,8.824226013005974,2.9322778689921853,3.042139324003079,4.024020584861172,7.268108214120037,9.657102239056385,8.090857468834344,6.804153180684199,7.3771109741898755,4.8485730523534185,4.754751554100587,6.397540459732401,9.184665836982955,4.797228282108274,6.129407769767963,8.29076349216215,8.52943909628583,8.77228167832298,6.91043698750841,6.62121665763086,3.1900477123058644,2.8437241209317463,4.398890188785721,5.4155722782097735,5.629114412965327,2.758252000205541,5.059484237722457,6.081890794505219,8.424787004091787,8.382423424773298,8.787459349750472,6.782245172746822,8.787618406425288,5.231315992239877,5.113707704082898,5.390987431578528,4.6884331532747385,8.042654658800478,8.54025310496299,3.422018463326745,8.31431162744806,5.1467795878669795,8.097806486958108,7.58309194757461,8.435006275672402,6.137293580178018,5.8658034934235435,2.960544441847201,2.8225841812782537,2.9945193170842455,7.613734270072683,8.063640048352744,3.59953404045415,3.8949844591577163,7.246515208199485,2.6991322359174994,7.71702896003739,4.869594557019972,3.9958221077662306,8.35621971039641,7.07973073643213,5.794651284529963,9.00160130623575,8.031506224100296,7.630568857933843,9.119474884884141,6.674953036772025,2.60785482373734,4.949668333512272,5.560115893090751,8.672998718876102,9.465095297224448,8.249966735803486,8.240526078992007,5.767898457153225,5.370825340588004,7.809015628899666,10.57252132493941,7.774193658623851,4.3514928443307195,5.982279459143835,3.0661939499346462,6.597048885936287,6.19473277613083,6.5783413195654905,3.4373797362047136,8.871707168388825,7.022574194474107,5.745991127873996,3.3653679065074096,3.64470854534235,6.284782482540428,3.4143544707609195,7.043844252111666,4.190608173903304,3.76374567128991,4.152374383580352,9.007648273613054,8.738385842138872,3.6138697278540315,7.829209123116019,9.192034866666928,3.2963888737428273,6.187037484129223,5.409277369889825,4.086637755684833,7.57601878979488,7.476472196566916,4.90970124136617,5.519635271858521,12.077419913767718,6.372778508937548,7.508579389670284,0.0,8.444634491700532,2.4272272020239596,10.25641525617765,5.028587857756965,3.9309177253716765,4.91999640445203,6.800590225862293,4.648206778998519,7.964270311539703,7.998764796307549,8.530142278462103,4.236450619137428,7.987880471950347,6.354989874223193,2.93153612192356,6.8176107509606,3.638607509470537,5.616959586560611,5.9384778024374185,5.412316536942901,6.34752270961995,2.9649094635796924,4.094193866713424,6.650135552986543,6.635723187039077,8.568313866308705,5.101225829674532,5.602842141914725,5.676493493438489,3.1030673538034788,3.2846984262344705
SAU,6.159857512934055,6.944185807587129,3.6495084160715137,6.072462850563301,6.463784705383626,4.73620611069007,5.0992549186255935,4.8201290197470295,5.70078358326332,8.320808053447786,8.403779977070123,8.495510657747698,6.66979886275628,4.19986116182227,7.221021415390816,6.944039175194809,5.863197652804586,6.7838969495021,5.6675005498246405,6.086838528464765,4.279224750121847,6.420408240866294,6.284280811110166,11.490955595714892,4.907030253310601,5.783614076994981,4.8545112894028115,5.304407482365638,8.104453482861253,7.290494140956952,8.257466973760476,6.075736315022881,5.38524971737636,8.891851241401318,7.3586066137107675,5.700403981572751,6.954841862195387,5.096930387731137,5.344938766244631,9.374934576177655,5.659611956266478,5.786091725090808,4.285422475176402,5.004399383236575,5.755529682830764,6.403554993961313,6.09061365128638,9.637934322107732,5.248848285838664,7.007201594411592,5.8457971351296605,5.914060675123609,5.776224984877617,6.797404403793678,8.8072040075758,7.92885515290633,8.652745699570655,8.81505890730293,5.497845678445807,6.866458888618456,6.48807672870586,6.084536716831926,6.218780483451175,8.242384079231922,5.832742355182815,6.052602832035859,7.374446984681614,5.8907788892461035,6.138236897063189,3.8192880023753055,6.011749406036332,5.002995761242743,5.651362519418482,6.1712434689218325,4.94678675459409,7.867898587257061,6.295106779456181,8.53482110104545,4.994448860209542,2.615044381126241,5.895547820978914,5.61392883172289,8.407470573615655,8.162059735645064,6.300050131747277,7.480832151587321,6.739906343641134,5.535120570363908,7.053752860026973,8.41050083540709,7.649385294925666,4.899632438263474,6.569654643747402,8.528728471124401,6.840633069137626,6.6509389785375275,5.4757110907323945,8.557115951097023,6.796682164584481,6.721691281537761,9.170913370679285,4.078589225406403,6.730487723698338,8.968430846696975,6.36805101262028,5.818017623405941,4.379186496475166,8.680018173052762,5.6365815961810135,2.5966094894827227,8.024272881181973,6.104081677387555,5.467035506703399,6.121233527728903,5.323621647831906,6.474977587475705,5.7636448329761745,6.177775902340882,5.4347350197168325,5.533782318297959,5.12992302531407,8.444634491700532,0.0,7.0061060205041965,6.754712448359518,8.130755358020906,9.336129709495893,5.968071252149793,5.8976644205771205,8.243393458285732,5.8579200459466225,5.561461607834872,5.3887835434586835,7.76892273897969,9.740573184668142,9.509367975643931,8.091859163948476,5.81594690649171,6.9094632384204395,8.714023874397007,8.210523240075664,5.3142076539006355,4.930660634146137,8.072761031663788,8.659738373831805,5.68981009937494,6.136361039046228,6.312668458567868,6.605700803089412,6.2160587069977575,5.848369834127361,7.308112329378961,7.488306879651995
SEN,3.5023939270976316,6.2148987154245745,8.14016645060229,6.528029398898979,5.7880117866940255,7.484202935606464,7.430708039095873,5.9860833998703,7.9061546929247895,2.1442152363559486,2.5251017341000295,4.361171607026278,6.838999269263099,8.096014526614894,7.568063987721933,6.834098889697499,6.761717653286447,4.601158590161197,3.757220351692471,5.820349209544488,8.029860159955298,3.9797632238863208,5.496705884985048,7.896048308079693,7.742214900251991,7.900481543341638,6.047853383345317,5.962807507110826,2.9907727919372507,1.77241967271087,3.9428284869726413,4.5588740495728475,5.0460485203229135,3.295256974365729,4.704640121371245,5.427382163115753,7.929057286147594,7.571621724827232,7.986748299538496,6.294271547221327,7.961834142547984,4.4714131787884845,3.979063864897205,4.452005575107806,4.325525960749921,7.639615469229607,7.946260873104887,4.024495332500783,7.618204202953109,4.729049285569578,7.414533506840856,6.562452806638727,7.716818074466247,6.10407320622917,5.583375683719925,2.148145074149209,2.9210164001855428,2.9617192509706642,6.189237078104797,7.748537848655779,2.5449581876392076,2.7640252919483737,6.98901858092654,3.2847955861343188,7.136587395674392,4.322391789753697,4.099027982468939,7.656351550283677,6.600461104000341,4.389488868863229,8.208193703722111,7.070146955862473,7.070421299472337,8.35423872002317,6.005729079288843,2.510549831536094,4.512379107695,4.96029766701087,7.7615133295697305,7.845880750717813,7.138279704096671,6.999107884222972,6.124077478813769,5.0850886926014764,7.329803389058395,9.680169828541853,7.3851699723288675,3.6436519056964505,5.76003906575063,2.537744358014792,6.225780866316178,5.102779925210894,6.540345654862611,2.6362695598032855,8.053367965606375,6.823712144650402,4.981423994831695,2.8485655821261933,2.6846215392939836,5.951056519159822,3.9867441191140647,5.882438150061568,3.7506718572562736,3.305147158634101,3.610753229126784,8.094014158731293,7.7593989538301225,4.153559228540924,7.167026247971427,7.630749476252951,3.246275682017161,5.284180397224772,4.529917634010522,3.35647016807216,7.06011321251251,7.126304199317264,4.239273402798482,4.893398245826082,10.490117926548315,5.911024623696486,6.826732148574855,2.4272272020239596,7.0061060205041965,0.0,9.155748404203221,4.349275784158038,4.178217312048467,3.896818691143806,6.5918373495231615,4.357642025072338,7.434920247753862,7.422229498947775,7.696453425549549,4.556420179451344,7.629961225127256,5.6649274540693675,2.0677318408459313,5.73610428914193,3.8392595665026055,5.279647817128487,5.7624204411668885,4.702303680672069,5.550995138942943,2.8416042196574676,3.768002184525329,6.079621175766454,5.989411507912744,7.972332280756736,5.116699534930486,4.903045164761165,5.262928976365296,2.397776112114191,3.0022130295316445
SGP,9.692421450419657,6.877251743865547,4.303473763183734,7.375073774276307,6.6641444597385044,5.326335286436476,4.073989920429276,6.742384840818984,3.7003525510313833,10.032108490349739,10.779820925658377,9.20083787628954,5.241032986783473,4.135982447595099,5.068906616559581,6.64934005951129,5.810404174406679,6.583506531565647,7.11986306418905,7.389684827375366,6.378376927221969,8.038951065031494,7.510875460037452,13.938061466629676,4.936232681463792,2.8119452451507323,4.819572738260022,7.577537603543049,9.700283487338133,9.430202957612119,10.63071764667914,8.98677734021161,6.664747427348426,9.952307526037654,6.810780996795566,5.534242470646893,4.984592886779821,4.13570529870427,4.626904738123374,7.953112534677987,4.297510335839369,6.152947592075616,7.238174410729112,6.240112460219538,8.181887625568773,5.6624572810224505,4.254391113876617,11.350579080747629,5.003179209282626,6.612209622560055,5.331190656863151,8.613849339688826,4.913645079940584,6.016054000214903,10.420321383416656,10.237727401218082,9.92510615656021,10.842048470236564,9.474359822068156,5.91476010776967,7.471701076583595,6.974444056998795,5.674603618788382,9.60233014642479,4.482561010893542,8.158098419450917,9.116753507356453,3.4756745126941224,8.070546312458701,8.138242780984108,4.947853636358138,4.947096175036337,5.526887864974727,5.882770186721132,5.925692875703187,9.358740209235126,7.208818142762801,9.555519370974842,4.177434117668732,6.180136952914704,7.368630820436698,8.389679539625524,8.315470874803497,10.033037638728974,4.488301732464047,3.3399342604502675,4.742913668090688,7.11300890571259,6.629277365583726,10.25522751477097,6.524742221926396,5.641399997002466,6.110324434014219,11.059719301028487,3.3920463221327117,5.535835599878763,6.7443907745375995,10.375936375506052,9.193629854846789,5.2441297530558115,11.214408238224362,4.808682969481095,8.623061022207292,11.783468771030918,7.001510100264064,3.968474268120631,4.856108061301804,9.21632094445882,5.299688800901495,7.276132891766064,9.898535279779905,4.704058658161554,6.488639394478088,7.660927762350387,5.088799019333367,5.270124888865646,6.727462722831767,7.378037964937022,9.039389078177564,5.661989208579474,6.132920089505359,10.25641525617765,6.754712448359518,9.155748404203221,0.0,10.063746992400054,10.778210919320399,6.252604202313774,6.23384130310728,8.517826375209195,4.358345219733221,4.519954861194463,4.687389585522961,9.264117905298432,11.330274497740573,12.368889573703795,9.489169151641448,6.3339412414737435,8.538027502623947,10.543525479435047,8.264152938505507,6.054405372219416,6.794508356054152,10.390410288084214,10.993202796948903,5.748333545461655,5.899898695754088,6.273962107923037,8.216210102412617,7.1932235799983095,7.18067275572252,9.194044411079519,9.020629999784072
SLB,6.036630665937639,7.806218078026428,9.155395027107474,8.279767967148798,7.442440867450572,8.758424781545195,8.31985852195831,7.767922261405459,8.781536351343043,4.510269775299605,4.848338621664358,7.234570030487584,8.303593236753208,8.725332354507461,8.8755824308522,8.058859365743482,7.97380254658385,5.12816816734332,5.421391062624504,8.017266662336974,9.055838068169452,4.755073009519302,6.695809668986625,9.388901903666577,8.942436093037708,8.991778746158706,7.874614093109954,7.949932248657097,5.71043954393136,5.020866725626572,6.02215049868625,7.120618440375304,7.5108908449362035,4.749701548203079,5.880778422555445,6.820072633926231,8.56286508076283,8.546217710759409,9.223470410412657,7.47018511884648,8.701321610539042,7.004357261133525,6.3956943483491715,6.225016075077386,7.19740526012258,9.367922529267137,8.557098223108934,5.6622120853953914,8.394825339655492,5.1311496126309795,8.743069202106383,8.479313611788054,9.064800322677417,7.462428660000883,7.163136189028169,4.55612155280841,5.408602215308852,4.285622139819558,7.471148095562477,9.199875523393054,5.166213081240446,4.538428167479859,8.095921092399534,6.560943319739566,8.134006973936442,7.008399832377972,7.019223819980818,8.67468496678074,8.544127262566121,6.629070720299855,8.34798938676164,8.04662675874711,8.611200902209442,9.821173808841598,7.691279825522005,4.9863703777421975,4.902754233436834,5.674703996920547,9.044287112454771,8.939959379511793,7.835125993675781,8.574061971143983,7.679163473705519,5.464103430025222,8.395668570244238,9.777584456726888,8.384537326600467,5.878809292308791,6.169858596478008,3.8210479859249626,5.962113062192336,7.583962133391617,7.826080162688094,4.408810826095811,8.455694962228163,7.572170095428337,6.029251565362529,3.8628013831875663,5.10647280219948,6.927109057072054,4.851725100581451,7.135987750053935,4.997257301694573,4.894406109417506,5.093162108173042,8.854811860906404,8.56568954244543,7.024189673708504,8.090829529020105,8.19702649875614,6.161319153214677,6.6491051818546625,6.784507016518022,5.741778033187795,8.44461438263477,8.547822926907081,6.045997938121937,6.374376489964181,10.602872225079206,7.580994971042943,8.501344320766147,5.028587857756965,8.130755358020906,4.349275784158038,10.063746992400054,0.0,6.5514985295136015,5.633021921107272,7.984340390151714,5.147893069766989,8.466405618157497,8.09310181022413,8.585665725576336,6.358531932561821,9.064313110479066,7.117164046646987,4.204693340610065,6.443283592243793,5.1253493992580665,4.318002256648186,5.328815167801175,6.702463688204901,7.251903292005934,5.101733021544228,5.5088073479655195,7.475969322986303,7.639477809883544,9.784115243387804,6.7353697650901525,6.173657073537944,7.62487312308051,5.20062082015143,5.08516356610971
SLE,5.577715559766602,7.353319724931642,9.776492124694647,8.027401509905985,6.853370473343106,9.70925499430781,9.675070759494012,6.797480057552341,10.286265142650123,2.948467642717977,3.9916111406882,4.05898600062711,8.598074323128888,9.926193326164492,9.490013848851111,8.710533172122176,7.941333422264768,6.528363579106208,4.889419592923242,7.782311716294705,9.970337198880697,5.718867047990476,7.0645799144886015,10.10076781144123,9.883969317824624,9.787911380076833,7.862086071403595,7.478343937016417,2.2240821128510824,3.239139178344762,3.8417210990916884,6.110530165705716,6.7657740145195175,3.937169134934113,6.992038262697307,7.664579188815002,10.479801605016732,9.612001215984813,10.089137792417176,7.971994805899809,10.245863677140623,5.928500563603515,6.462160433457836,6.113098386111816,5.888474353181956,9.956385088891778,9.678714676339139,3.5484836561723223,9.95815797155578,6.292213168759333,9.909379940914816,8.063587662058712,9.945005680247963,7.616626835435579,4.881525100535995,3.9432357754984095,3.9718216714632892,4.237218375462383,7.88987612532902,10.112891850954284,4.701779838787792,5.5545444873528265,9.128468070024288,3.1697665628606764,8.970883508755712,5.078433817093034,4.87793735396552,9.715421951624023,7.876131488042108,6.39795287505947,10.195951642120665,9.410063834610206,9.526524036219822,10.442965392777705,7.0698254092392405,3.883958773968521,5.842753429205984,4.6500068459780675,9.488470050409626,9.894121361614605,9.472654458394027,10.135502071183836,6.7966775325214615,6.963362577754478,8.875142855894875,11.63177423721756,9.06056252816944,5.961595774680187,6.615037177901452,4.377285085909835,8.301759777324918,7.162247306127508,8.115253207360917,4.005006312334299,9.88443324386568,8.704897650575845,5.785901373762961,4.707337216045309,4.046708276773799,7.55525039491968,5.124873135665722,7.634130650689168,5.943717768047577,4.2656732185479225,5.1853253739987295,10.481882374577005,9.83967654304299,4.39891364692483,9.10694996067134,9.873318714571884,4.055852050285192,6.768399693309185,5.947460354510779,4.815302602963214,9.0588680423383,9.342688057198343,5.226153091023095,7.329438363242218,12.20375173967239,7.61094242043821,8.619223930820153,3.9309177253716765,9.336129709495893,4.178217312048467,10.778210919320399,6.5514985295136015,0.0,6.173645046675092,8.39877069163892,6.2953727007349976,9.411167152758365,9.570779176263667,10.123009847399452,5.413043055849921,9.651333284155989,6.2976741431549685,3.1970904814266494,7.489181592550831,4.9465436925069035,7.602822710218944,7.513782173045893,6.923095848704326,7.107697195690206,3.0099242863932325,3.9866679972641696,8.013491653149613,7.413403444914707,9.90656415659061,5.706516598316755,5.928141828418562,7.2413837501765865,3.745789789096986,4.812611480292422
SLV,5.342851770699577,3.9045301255747047,6.1502291836307705,4.771292421615905,3.544405039129404,4.978295776450394,4.379970148376169,4.42878402863711,4.939765916217172,4.974253041693694,5.610965633500065,4.887430105166903,3.7559560811932085,5.935472963425734,5.120075999938259,4.232478291244452,4.383093483580624,3.082137944920525,2.75393824315929,3.953023526784223,5.988133306728563,3.3868818884461045,4.395589219236275,9.523427201603344,5.024630892788724,4.957850592619661,3.132265846607153,4.5831277069091625,4.850056636523911,4.194722017015852,5.999619671442365,5.214507256981234,2.9101299277570667,4.94502556136094,2.7869148062676725,2.545820843807151,5.4122308894019096,4.488868457501003,5.052763620857273,5.802105764594687,4.948505577101189,2.448076643697876,3.031822231795993,2.1739612002581925,4.193708757536171,4.9118811598141825,4.942505569658131,6.491198394609783,4.813823352091496,2.668060835726674,4.757223337483384,6.363692815318417,4.999748710179175,3.5871451466914475,6.514168306491586,4.895616438996963,5.162374935794841,5.447701743652827,7.020154594654897,5.0130560362114664,2.3565269460106832,2.0377175000414423,4.092361878916318,4.694144598672169,4.028632104073339,3.9151956624156226,4.691531845191188,4.866462064997124,5.4482447143760835,4.726082787358441,5.377168058008931,4.530374048643575,4.345127885699073,5.525467620946616,4.261680103963609,4.203736053627013,3.4238146963279705,5.9975068183461655,4.759195339478763,6.377824982896431,6.95813794306433,6.154599443025586,4.270733760517722,5.775624235830339,4.152978008125798,7.12713970780766,4.199049244219596,2.5621242184090045,3.2279379560626253,4.926133906146027,5.026551644204193,2.9056110079344353,4.096868363373735,5.839562498071624,4.9835369758890975,4.0968603195465265,3.800292630476348,5.317685037296245,4.798989259285285,3.13619226619257,6.02287644898249,3.5533602048945805,4.304306002847648,6.510325876463413,2.310089318478566,5.174541684350701,5.000921129677939,4.430768603653033,4.41146398205697,7.071673544062339,4.743499673990054,3.0519114857987666,2.4288180546635183,3.245619577179513,4.131708691309201,4.142655170021807,2.5791474604404363,3.817565207446871,9.940838095638277,3.0647497541028943,4.381725485357726,4.91999640445203,5.968071252149793,3.896818691143806,6.252604202313774,5.633021921107272,6.173645046675092,0.0,4.042924921517561,4.319058035142385,4.55421035969752,4.542329342849953,4.8173833980380065,4.836037550391165,7.640423495112526,7.888022187432511,4.293330471585209,3.5317084713255875,3.99935368856889,5.784591032003872,4.44174975461788,2.6253248834972984,4.282144210933482,5.435669363546226,6.446206882837964,3.2691142529333805,3.2348873316898237,5.712271120858991,4.215544096083088,3.869478746446197,4.253511338324172,4.5025093128650395,3.870303563620604
SRB,6.735948857523172,2.9232081649999184,6.195869952635531,3.9741435078815304,2.5779363469314336,4.33915952713155,3.294168063147522,4.5422012930366,3.8793683772478063,7.862283095106347,8.272861782165537,6.77230372597889,2.630811607683744,6.325603215419624,4.738891852457139,2.248783422642985,3.076861446709588,4.254257391001834,4.69746626072731,4.191515102865012,5.543827323375654,5.193086679616361,4.929947944466921,10.827535406415892,3.692287200979059,4.656323965040141,3.103390640198395,4.826207134880608,7.192858911247752,6.810114350590016,8.364884111088212,6.280398604332139,3.486928069104764,7.329657597872203,4.32499825688741,2.997719260205971,4.642711584850493,2.9205464496810483,3.85151658472298,7.276121188795511,3.8094182004999397,3.790705061068187,3.980641802328215,3.8480026590514163,4.4496739954160045,3.1804034327764237,3.036638753126194,8.769394149988567,3.1248258830659488,4.174260043327757,3.8349236583761135,7.531394181482119,4.039345697354143,2.9717209111307885,7.677513059676308,7.228596704598144,7.297599280652617,8.061928701347105,8.216274847161309,3.622113752730011,5.328271946847591,4.712538265327066,1.9845403595281894,6.38578301300805,2.3021322872734653,5.2230702175488775,5.9210033432420035,3.533931590672646,4.289395047635444,5.889806886822628,4.336734818234694,4.143793869781925,3.19617305038804,4.974742704954487,3.75610728669669,6.576547257742983,4.630928002019295,8.556562122142784,4.02472634634529,6.64553455552895,7.77756188026604,6.060370882668829,4.856526059049684,6.715828602049997,2.662065200354763,6.541481712302925,2.682973350105282,3.734306307652789,4.2125139336563535,7.6600582178200884,5.714365024322303,3.9932041281672532,1.6401127391157526,8.606458481022134,4.794806503102497,2.6548268249490894,4.712243204876882,7.744654666036898,6.666295667340006,3.2181561613499143,7.512449064445004,4.010574396677393,5.4707740373279945,9.105332600720379,4.268797793328868,4.098348540698213,4.127722264888348,6.0200705795742975,3.408155453423007,7.666161946956866,6.809519233981722,4.517430759608807,4.353611938311989,5.438907331453369,2.367398709615802,2.535777741820387,4.151526522690782,4.160081769390291,10.404513265543848,2.412688300935085,3.355842236989744,6.800590225862293,5.8976644205771205,6.5918373495231615,6.23384130310728,7.984340390151714,8.39877069163892,4.042924921517561,0.0,5.920095601092727,2.7507544239433264,2.8455751860317986,3.790069783275381,5.342180861939485,7.631463941690475,10.606540975983668,7.252501422669537,5.135365965973352,5.173581905141022,7.070704689856623,6.010693967807001,2.5201819118713913,4.635855487639148,7.601205491071909,8.892238170513556,2.2937989853426397,3.356832786753196,5.03143656242773,4.421755731834644,5.295445252588986,3.86554956074383,6.575745526384833,5.752545894826326
STP,5.60516670279789,6.0664813439191585,8.907826667672909,6.410511069407275,5.490144290432044,7.342067082933737,6.953086281941557,7.3690800768866955,6.892672957822911,5.047897865569205,5.962342077735205,6.7642231958601675,6.031633397599112,8.206064623689329,5.887125455236351,5.926518623669278,6.531132294781839,3.1251770605269513,5.017243168072437,6.318601777532644,8.40932585056232,5.02027475714445,4.754661233077155,9.457335543813965,7.423107933645135,7.476670478718271,6.168982184062135,7.813412302043139,5.434000301269185,4.847912629416741,6.702818373206418,6.384274632479328,5.846532351926103,4.326191436153354,2.8830153703892267,4.750666669559116,6.460791331749448,7.155614606682075,7.809676482060578,4.372147402739692,6.8628984167537,4.880493891280641,5.561977879531001,5.4855741402327824,6.0541116674126165,6.9920320511308445,6.733587444012013,6.780281929798702,6.816592223556038,3.50727614646202,6.8669364962468435,7.8844851080485086,7.225385272556958,5.154271997961127,6.9412012047076415,4.928060356832963,3.9029023160861303,4.975704123767293,8.08223423666938,6.752597422520901,4.388470424203411,3.7679838061443163,6.006675663706716,5.0547872219197405,6.394270640534803,6.795414966621874,6.769452048083495,6.695411064946971,7.228149612675992,6.574320085631576,6.592795677125069,6.26746445568127,6.859356209002611,8.296709496490003,6.535599151647383,4.927055414317746,4.897762281129592,7.601148703748592,8.000586265533059,8.820720981996194,7.354428563815298,7.503917814630872,6.6455604036311104,4.837260368441941,6.321123551199703,8.010107723943209,6.006971944989792,4.797819349668183,5.57121017069021,5.309787634240093,4.459788544566624,6.227436165183161,5.32307163569127,6.166986242809093,6.223740464312178,5.011910039320657,5.34942630314066,4.929116971567367,5.078513424246983,5.036285283205596,5.08236161652863,6.71547049183338,3.441059362932464,6.763916648123452,4.252894545001111,7.117461468804323,7.554001937433075,5.265370069560992,6.241678703506316,8.923114470186555,6.050086528537563,4.96305700703767,5.745346566085459,5.614763613610393,6.980437933658378,6.270525014145819,5.135848413758589,3.6956460547736003,11.677550838328022,6.275144487148614,7.131945630854282,4.648206778998519,8.243393458285732,4.357642025072338,8.517826375209195,5.147893069766989,6.2953727007349976,4.319058035142385,5.920095601092727,0.0,6.70121938919468,6.679587311506252,6.819492349585965,4.557810682889527,8.030085669375584,8.963359643125157,4.657911793435785,7.124777915698205,5.0991089361909046,4.434072892422478,5.156313428374404,4.613966508049672,6.434534336572977,6.026044697583968,7.113061300446215,5.966396289107893,5.2464006756026444,8.003199150876494,5.991762653497904,6.93623115809462,5.273306936888973,4.666066736829651,4.14346777155888
SVK,7.71878092663305,4.029396309530649,5.158940298894789,5.636639387133814,3.940038826412818,4.21511735688872,2.1983799899095904,4.860083712828901,2.510188205120839,8.67209732720862,8.969323765821779,7.775687685450447,2.4523524522100852,5.262226594159698,4.056219458083991,3.0923749897592,4.0597200912815605,4.45201228991148,5.534917747416807,5.584320789659985,4.99801312683855,6.03450159381438,5.198524947530691,11.746993841247575,3.330889915319847,3.012268703218318,3.48223303572782,5.776267673481533,8.173422007679656,7.754535409488268,9.019921389143231,6.945287457287722,4.670084718254855,8.2642856711807,4.80740244353721,3.689061646631997,3.62152571310641,1.76223634566083,3.2158132564796365,7.002663695664091,2.7817536524832853,4.594083692482292,5.1258297458765645,4.534010276359913,5.8471164274041865,3.4095578128003363,1.8763396334948264,9.839092332784077,2.679152696262077,4.480268151404363,3.5592813372009107,7.376696401511721,3.5814094695433063,3.2062102022107255,9.106814319906674,8.198226631622614,8.401770688573768,9.020774438798574,8.376315978101097,3.5596111114247733,6.0850260087433865,5.188087074650496,2.124573783767396,7.730857647832553,1.4728883308510066,6.409501083261872,7.125927493142878,1.6420584305832286,6.139804231712996,6.616932065278099,3.813296763776526,3.895905422068365,3.4465780399420702,4.849541516652452,4.287161057731715,7.5462775516388705,5.005501034121053,8.969123175847844,3.384730190392809,6.317610106416861,7.556532569619192,6.416372211665044,5.862346544000066,7.463179794973295,1.580150463087564,4.861202146744457,1.8296378402062177,4.760132748131725,4.54044952688491,8.53822384096404,5.501784779672311,4.367553298381434,2.744226524444933,9.389230318660834,3.6124041092682435,2.7288624941881108,5.318005899795176,8.483227987380362,7.560293416951876,2.9166904336057744,8.913871524085685,3.700275249152718,6.225964236501946,9.963857017898558,5.09246395751086,2.8508812096493212,3.6775681096359194,7.499101128152453,3.61742994511924,7.149266609769303,8.068111523733425,4.176126213724896,5.107799693011382,6.11055362277672,2.0568219875867477,2.6564539293648948,5.012920735462975,5.196495578934701,9.953444322749066,2.883661386004912,4.0348352724215095,7.964270311539703,5.8579200459466225,7.434920247753862,4.358345219733221,8.466405618157497,9.411167152758365,4.55421035969752,2.7507544239433264,6.70121938919468,0.0,1.385560893212455,3.0914150742708966,6.347196016979712,9.17798898107639,10.919691807956157,7.931450051200963,5.116803098179958,6.122092971183218,8.04172015816058,6.004142701811639,3.553381035865512,5.619978235536711,8.73165415658598,9.728732816050213,3.117484418977683,4.487107961575721,5.162011606283965,6.035495336406201,5.648336967304574,4.695524294184099,7.444380161398165,6.700918539959143
SVN,7.825485442683453,4.105077388679856,4.944681352997924,5.496910341464584,4.1230556111060315,3.913756930577651,1.770025635231623,4.9228914006768365,2.5542736561758232,8.707603367196418,9.043206066738746,7.937556327365867,2.946469874515311,4.945498830624643,4.119699229986289,3.2992395608902063,3.963482703258714,4.341499101296127,5.530713930638345,5.637435811157643,4.633248686322973,5.8030080803742035,5.537574832935754,11.626728892793256,3.2228897876461238,2.9530212631580013,3.454312606965525,5.880341932486116,8.317736270794285,7.846464986066801,9.231316251054464,7.037349111908696,4.7863274353655,8.127275380451476,4.80937785216569,3.5181609614389973,3.380652090842378,1.6923001503159516,3.1878212509349293,7.487143733670817,2.6114922773125486,4.772227253416714,5.123214073390382,4.469524778232958,5.935300820481864,3.5876131044576636,1.7224458463802494,9.847546235609002,2.0954956333350867,4.496875989136382,3.522823486507402,7.5008643663867405,3.5687551415174292,3.562555220315897,9.07619929151362,8.291025629844981,8.394708465778063,8.938637056586385,8.18757462437017,3.6832351941457673,6.049653467643747,5.249354958614791,2.0947664497991525,7.888559957783868,1.9699930879315781,6.52153408136952,7.4064869659965185,1.8264670266581278,6.073808104078884,6.580996187282741,3.270241072463001,3.5264918778013032,3.3121280497022396,4.7469478306636095,4.248004973901172,7.5916887369860575,5.063564381928644,8.85924361796007,3.350852495046021,5.9376968610107586,7.378298611086043,6.270981586521765,5.817597280124208,7.6134488341935995,2.0910270254137813,4.706706485293406,2.2187122641448482,4.937446650619705,4.538208691061644,8.471042171319999,5.306255545080935,4.531234289187087,3.0622394553818424,9.34787112944116,3.557603331831994,2.6438951429483524,5.281520619290833,8.60114215687122,7.53434613048493,3.0363195143934325,8.86245529520158,3.741282121402799,6.354842878289155,9.910956711527533,5.124476921033376,2.906619429753162,3.0336206362037856,7.68108163696989,3.313387581352893,6.776693514655887,8.146335159970628,4.212364985268293,5.127386812593961,6.20315163048554,2.3082389925850215,2.6572478964286597,5.011352300870778,5.220723015550737,9.449681866904491,3.0167716543595917,4.124894823808638,7.998764796307549,5.561461607834872,7.422229498947775,4.519954861194463,8.09310181022413,9.570779176263667,4.542329342849953,2.8455751860317986,6.679587311506252,1.385560893212455,0.0,2.8062127510439825,6.588894573994675,9.002922411405896,10.92668451240268,8.00177247066143,5.042304963563193,6.1300761769765,7.905388067426071,5.6351143096056715,3.798760027090086,5.567089793721154,8.695289539190922,9.603746506268967,3.386051299198487,4.379199309479682,5.210506575635544,6.002420986678641,5.71148838316967,5.125555539554554,7.556775623540667,6.801733904276057
SWE,8.006957512027983,5.2222547942223825,5.274385253185635,4.629728601982262,5.07062116912136,2.4355259991743474,1.7495633534363357,5.75132409018521,1.7225152908264254,8.995063396554416,9.519209193549331,8.503555431184036,3.796312016040192,4.977352352826846,4.096528970515329,4.383182547721657,4.7539165414308675,5.240225604935177,5.875816659774891,4.540035127884452,5.546602133461121,6.855753405549864,5.915729938073657,12.110371775847337,1.9717044036010771,2.8805986049857983,3.1054508170649333,5.765693158688616,8.678190234571565,8.040691182708967,9.541389444833236,7.8294131852710604,4.39245947435941,8.63824528682885,5.14795334005147,3.2338655972265813,3.5241267574242565,2.5421695691373523,2.1139009408283753,7.879149558830521,0.9523811256702764,4.782999693839404,5.232077165337702,4.682017197462261,6.246701692786828,2.7819502288761897,3.0946645031541813,10.16386445114315,1.346237113888032,5.246870248170698,1.6962998047833961,7.881160599084724,1.7810261447962341,4.31570339282516,9.442349941038453,8.804653300317504,8.60333105921019,9.2552754695474,8.835192568104773,3.268455277366799,6.22548561212956,5.783112016281152,2.7542425997641566,8.37440442934378,2.867210671227176,6.904235074837779,7.791079885842185,2.802477975335845,6.269827432473802,6.760807886796684,2.6642260260351622,1.852517340448758,2.49683197995692,3.057017282716311,4.734505142677144,7.86114231090226,5.977150926191639,9.697993098806078,3.1459421891870853,5.892928143974799,6.796788316417813,6.6239207317311415,6.694852065616378,8.25733726052222,3.2998818235813383,4.6364206493429245,3.028390670641362,5.075455240103043,5.437956806843872,8.787960724722675,5.810501490019741,4.269758016220855,4.111545148023525,9.736822995486074,3.4411302127178587,3.3786629782977515,6.018522408707501,8.981210703875846,8.266073541927648,4.478321444828936,9.174465471526055,4.285189711596992,6.825219616724898,10.337114920808634,5.895434623507151,1.6770401683104335,2.2838036190196136,7.947046741079305,2.2936225743565375,6.845186568315334,8.265143891740534,4.65244876113548,4.998560560914435,6.329764699214707,2.869539928798138,2.815238913609411,5.527163477022085,4.695248311865943,9.301662511838405,3.9388361715873166,3.4821964455351093,8.530142278462103,5.3887835434586835,7.696453425549549,4.687389585522961,8.585665725576336,10.123009847399452,4.8173833980380065,3.790069783275381,6.819492349585965,3.0914150742708966,2.8062127510439825,0.0,7.638237483110158,9.186327645727534,11.449031332657766,8.521343256241593,5.708228485684144,6.952770362363867,8.104092143738356,6.636960717918606,4.216874442067907,5.169506976258523,9.10917989071091,10.025022861185755,3.724394231055028,3.892610382502729,3.8607551806019895,6.325900239914424,6.641263450150488,5.0250498372208545,8.057931924941617,7.186975948012141
SWZ,4.304316137681001,5.459990582347732,8.67065235038221,6.802960683566373,4.969192489773242,7.9810371413945385,7.2094205790258,5.73412572705384,7.680721846668371,5.388613166595615,5.2802721627245415,5.909978139138813,5.872031415536874,8.604440826941794,7.205281380150886,5.526524125765705,6.033431139955524,4.4003287893952745,4.640538370005414,6.695418133562672,7.379165203655892,4.1753094270876145,3.6796460135404137,9.050598943798722,7.729762144356095,7.989014479541933,6.4712569225434216,6.889536093370737,4.814175861533829,4.4914937638874095,5.637585502308463,4.3486715494208035,5.604426632276048,5.287402439477217,4.771642140512665,5.860163215673238,7.8585310058060545,7.003825511742334,7.949484150402508,6.008033892799259,7.679120964349149,5.062550381589255,5.063963621546856,5.298821238991755,4.935240110542337,7.42308047351659,6.915259411507536,6.751054790889623,7.261354368868258,4.312272168303861,7.642829032625689,6.852307011861292,7.8814439662821165,5.333551658187638,6.395645153521192,3.9841861857690843,5.273710062143284,5.503064480187668,6.62927964828359,7.448497627586399,4.937708676900699,4.347418428010804,6.042331395377268,4.295052226457806,6.286619489951191,5.487845296476672,5.443619211930595,7.005852122882959,6.5795534844337515,5.647631412365647,7.886248925940832,7.512152467452272,7.249999797924925,8.779444357991816,5.892631743692611,4.827631212155336,4.668138011643124,7.143346398314813,7.893244841581999,8.576262573917267,8.975925969517963,6.9918315463712934,5.604761425505712,3.5348159017308154,6.134073515086749,9.54387537672493,6.247711078678865,4.586982330660463,5.431100114342598,5.640022345791865,6.6717551749696975,6.163853049999031,5.13105512295371,5.7755735630322835,7.833314054361661,5.86016621431749,5.1043697110790385,5.054887106212875,4.196500245438082,5.148850984277185,5.0885935118961205,6.440760710503391,2.782928183954039,6.176467157989808,4.301831731033561,7.998329508062732,7.722400194598766,5.481354030761935,7.23021619937327,8.768225136067475,5.670873508997638,5.764098997407027,5.636518097497119,5.247964077542453,6.531611903258993,6.650095516624492,4.831997391327684,5.370651678912543,11.75049432298363,5.443467325634645,6.745890153349463,4.236450619137428,7.76892273897969,4.556420179451344,9.264117905298432,6.358531932561821,5.413043055849921,4.836037550391165,5.342180861939485,4.557810682889527,6.347196016979712,6.588894573994675,7.638237483110158,0.0,7.9228040486141795,7.867812153111167,4.607468715958651,6.7585654233288,4.51499749640766,5.350688909619009,5.881359290175062,4.663350214965266,6.514085905410149,5.389098471989854,6.708569318308967,5.857770811231379,6.1836099997298355,8.440653710594283,5.6140250592096494,5.940113674073382,4.558902316050016,3.85195986410931,3.3605526298506585
SYR,8.084500709032241,8.222228441494257,10.834526517216705,7.299938379027747,7.921434909573458,9.343026899070482,9.020687227931946,9.08747146280661,9.334666301950163,8.626423335825342,9.20250319447048,8.454179842917526,8.417105888896698,10.78029011613825,9.013038741150597,8.623666167416935,7.666170730095809,8.336653791209597,7.8861095635284775,7.634461231404052,10.221256806733452,7.713304574260221,9.188036412038855,7.173257192355677,9.227441953317763,9.91274516009731,8.355653250484355,8.71168285080098,8.772254654933477,7.8389396894260726,10.355103770877173,8.395632039609918,7.9789571959906045,8.43280691752446,7.614914741092776,7.757307977087814,9.294138426005425,9.055882739819662,9.248511422352578,9.95840090368938,9.384784731476707,7.810644722001739,7.511139524363852,8.317993787747437,7.299418534936219,8.653310951334785,9.267119038730286,9.335705480431761,8.771003232447327,8.058302479381165,8.956867417182968,10.958049004593583,9.175928875654838,8.672254624743514,7.935123393364175,7.970710011094433,7.677255686741332,8.586250837964926,9.133860340826988,8.987713895374604,7.591419741253805,7.536066092727072,8.461461912213629,7.468627621584373,8.689444782570272,7.927953659833668,8.042039199918534,9.52287726294354,6.658654823513812,8.906155514491484,9.69297545136561,9.148886282460634,8.319712398998394,9.776257613777668,8.430430710426586,7.704802912965168,8.941792246213875,9.455004778062488,9.617414365461476,10.302963151206894,10.159379875973716,7.401678007663233,8.57913796704721,7.6872750651583015,9.223713987812504,11.268540504571227,8.94746376856343,7.4994441295009775,9.046628460752249,7.992577216627611,9.385615781983557,7.889524835939262,8.14037996070116,8.750932916419176,10.153112696850995,8.734279801465172,9.056811720418807,8.652523571267016,7.88299111173281,8.640096117584154,7.7068612550351006,8.892892165350778,7.857336611799988,9.488822680354728,7.722214118663718,9.338060791778052,9.312757861412901,7.476003583076609,8.66375516886718,11.133835197194324,7.74857502019679,8.730855013495548,8.159743701359844,7.969976157808477,8.737310514204014,8.445798119641298,8.226801169173509,7.6497159274578195,13.052149806295793,8.053009918314315,8.242452281593092,7.987880471950347,9.740573184668142,7.629961225127256,11.330274497740573,9.064313110479066,9.651333284155989,7.640423495112526,7.631463941690475,8.030085669375584,9.17798898107639,9.002922411405896,9.186327645727534,7.9228040486141795,0.0,11.409183940646447,8.39290233565776,8.82733550528645,8.280911121792354,8.216088428482196,9.348723367450054,7.375313659313879,7.909401187524624,8.14393306845081,8.530603900019413,7.6371188927142875,7.93284064470784,9.393559393953668,7.960015143131443,8.648513201392047,7.586008164399912,7.717581972638197,7.20525399172918
TCD,6.718789031311036,9.368253354623215,10.627091238505875,10.942951477013017,9.356635467234018,10.965913327343983,11.038409111944963,8.245668882720492,11.726092172531231,5.274806651152472,3.789104916023046,7.664155011249836,10.333936460701338,10.87064027057288,11.413043696051613,10.391006424796107,10.740296533685802,8.64219139811083,7.37754085368373,9.977311590660971,9.817512280268419,7.437126571707717,8.90390910582013,9.013650203463012,11.37373788878108,11.333202650623447,9.837881552896132,9.065062458231012,5.824657547114548,5.649521639537953,5.255842483004277,6.543567574390191,8.85617439963924,6.524299617376451,9.083833186680385,9.85965077869322,11.69902061997567,10.957378088582722,11.521162216134297,10.207562643541918,11.636051526554086,8.684827377659508,7.745196297633073,8.143609632401782,8.309980529507126,11.574701266236346,11.55666525623211,6.372270852511119,11.334802090707708,8.569635929429817,11.313341788507378,6.8017771242497185,11.579474371120712,9.66819921818141,9.52410887962753,5.624767439006979,7.124457747221432,5.053148700422299,7.392595158403779,11.347911615445822,7.112498885624815,7.313757311087698,10.703535880111268,7.247744169268347,10.789097582615454,7.4682165232042115,7.589144670421926,11.416624713558079,11.000895807447481,7.149666893109162,11.795108973576664,10.967103945358991,10.988859088838185,11.729760291620027,9.636079818124346,6.657219497337096,7.962268259138173,6.749142186047923,10.946740280041348,10.261225009009115,10.758760932046801,9.948225164617105,9.352149536371224,8.64909344628863,10.759078494309573,13.351880831860639,11.049161503868648,7.702307146081178,8.986743979433367,6.039672362334037,10.608962922595195,8.887491812477045,10.488346545357485,4.138201528994539,11.931780159746895,10.72886889803911,8.18955608503611,6.035163733384353,6.231102655168605,9.851709231489675,8.278140721108553,8.928331336794537,7.84771224220401,4.022837074423411,7.696314989593292,11.850039554522093,11.075449988098914,8.075767758497525,11.027071541494749,9.502847951436408,6.861930880200668,9.459608926628214,8.007204512849851,7.090232832027326,10.473402002194282,11.163901488069827,7.904696591240814,9.506303215697619,12.194149625305148,9.292614784149862,10.39711133753704,6.354989874223193,9.509367975643931,5.6649274540693675,12.368889573703795,7.117164046646987,6.2976741431549685,7.888022187432511,10.606540975983668,8.963359643125157,10.919691807956157,10.92668451240268,11.449031332657766,7.867812153111167,11.409183940646447,0.0,5.407261208081315,8.569100126550017,7.297582262837689,9.199615848890877,7.9511844360152315,9.110211525849595,9.539893742875924,6.133864476428881,5.808016075017013,9.89913829304598,10.180188642634258,11.620319235116748,8.836886255753782,7.741900183271941,9.494761407468223,6.789098719815334,7.297759510997655
TGO,4.574762964991466,6.547136724358819,8.73428489150842,7.293706386956973,6.1160599962344815,8.398620581723302,8.091913895356484,6.285248911294659,8.59254637184575,1.4021831862920793,2.4550312945083865,4.2779634123989325,7.195071293852195,8.604526654070769,8.156269617554342,7.407320459390878,7.044860655252627,4.8183847394898915,3.7223139268901737,6.748433721804662,8.695961026900578,4.145105540373188,5.797933873211045,8.42804191604959,8.541563188945382,8.429562720780405,6.7515420638249415,6.672214063868685,2.3055972442771817,1.846963547751165,3.5312316046540144,5.256461947075143,5.90092002324081,2.9720074136333046,5.2101130736015175,6.21603389896879,8.703630591293777,8.109692306358413,8.671986186574777,6.395719781472205,8.63610470425477,5.059271045178142,5.160286265888259,4.9066660776725115,5.292557452078248,8.630654479804859,8.302386114181672,3.5593715829171275,8.403554619876418,4.484918002391101,8.338872380049642,7.231323227593806,8.52823575903772,6.441567960502054,5.317545790056849,2.11882417924972,3.278281118657694,2.7086716466048153,6.908149804820178,8.63463739785335,3.1088213827611124,3.36842344680925,7.655053603418177,3.525956569656394,7.544414243788617,4.69290523946682,4.501556628879663,8.265693521975262,7.356379430949879,5.468371929409141,8.736278393486414,7.9028489941531195,8.05881628019936,9.139565779151349,6.419104027074154,2.3949826569766155,4.294332319401367,4.3146209325503335,8.282581676475955,8.744122606597593,8.236635340759294,8.227336275886982,6.005034009822228,5.240700502968583,7.609026415668147,10.106896515142342,7.695362262917813,4.519153625242694,5.350066121566584,2.085111250323113,6.650340231418832,5.898348693300552,7.063933169309501,2.3160671894785443,8.400022660875228,7.3270284699503945,4.963329276409096,2.392251556775057,3.258184355106162,6.109034940706103,4.0076793504184085,6.306169158150094,4.3445879565496375,3.0193124154626925,3.6748870794511164,8.773949038757763,8.482136494783422,4.308765034409434,7.809023249096232,8.614879750987996,3.4388046450092276,5.499976651824498,4.995360819534265,3.7401619083214306,7.678164704992122,7.909872716149699,4.426475697204638,5.87668140164955,11.284335676852933,6.357884740200153,7.465649003404735,2.93153612192356,8.091859163948476,2.0677318408459313,9.489169151641448,4.204693340610065,3.1970904814266494,4.293330471585209,7.252501422669537,4.657911793435785,7.931450051200963,8.00177247066143,8.521343256241593,4.607468715958651,8.39290233565776,5.407261208081315,0.0,5.755476653352776,3.862731727142059,5.433692053824143,5.474623400794089,5.565719169223871,6.449274609776029,2.6892346194194303,3.727461774354535,6.527108658030972,6.5257904380514145,8.814417155898974,5.291576935687122,4.779298623229956,6.121904995671091,2.616120440763601,3.00099173211124
THA,6.864666276138025,5.13911839312034,5.479231430917396,5.721952259463763,4.992463065914782,5.551788554632459,4.643805790567362,4.396136023184849,5.5966834683726665,6.449302862735039,6.948417376109078,5.656323036909,4.999930830808859,5.705401337075905,7.093379338793409,5.647563662161743,4.51090501301172,5.246899427450496,3.7377906966216017,5.22101914994147,6.293607895292699,4.3000473016905785,6.289634569657462,10.771746895394749,5.335645531844379,5.285667044607456,4.178101867389576,3.9366489419744433,6.305826528924199,5.811802157140019,7.048982209813367,6.809920131591287,4.533252769630385,6.919394597816096,5.773430999466064,4.5393173888365554,6.803206718532645,4.550039342807647,5.095407852913767,8.210170984240674,5.736668747256633,4.46688969875413,4.266158107721803,3.0039181116916147,5.124898798210479,6.174398274452736,5.3733147648964765,7.361740475313275,5.4333911930572585,4.551595689456817,5.673785480762321,7.844839551669078,5.720793356375944,5.3624579580203315,6.938848819520771,6.340485165006117,7.497698985786024,7.287015624621,7.871009997242008,6.568374149776795,4.195961016087907,4.058427762937997,5.3839421951066555,6.728181992875788,4.559423356131018,4.072672678996412,5.082200022420035,5.5496215457221725,5.713930023950074,5.553462893948982,6.170299654502288,5.599351935688453,5.255974103462834,5.8892398760825735,4.372837607548164,5.476325716228234,3.9200930452183576,5.928079357688577,4.233658255313437,6.230219570062359,7.97902461296184,7.300724196308033,4.853623864228681,7.467709886188345,5.016003613927837,7.672442430036043,5.388714813024051,4.181420934104482,3.5168904061599737,5.909515556057388,6.4453421775539566,3.7654963496523464,5.627251674374991,6.864520240651952,6.154622656623544,5.902042796614585,4.480591905518898,6.558817810792074,6.3152973654716416,4.387270411330124,7.287210391481594,2.8892622739624203,6.445953286809319,7.39489191959468,3.920692871346069,5.635797025647115,5.125508342752055,6.390342104100398,5.259318333344359,6.993574413586118,5.642892116768187,4.2558355455432935,3.808861262301067,4.140233244794455,4.434279537158613,5.422623624850068,3.733725241831464,6.239748219141867,9.348661008692497,3.582881645427699,4.575098812849527,6.8176107509606,5.81594690649171,5.73610428914193,6.3339412414737435,6.443283592243793,7.489181592550831,3.5317084713255875,5.135365965973352,7.124777915698205,5.116803098179958,5.042304963563193,5.708228485684144,6.7585654233288,8.82733550528645,8.569100126550017,5.755476653352776,0.0,5.053274218536058,7.047941451220316,5.698001673464745,4.437338158974531,5.119332890329974,6.3201601909289575,7.256512071504448,3.7516541332496383,4.961376600443366,6.26472376844297,4.711516533080888,2.416823295327601,6.0324036938507435,6.127001740632846,5.583187511272666
TJK,5.208498278248098,4.430433965691836,7.675754174446986,5.790511802110329,3.8681068588315526,6.9113819383372235,6.513295359059225,4.617166837407567,7.242808339572787,4.395275230872842,4.83590404429555,4.478541467961751,5.925856129612627,7.94991068717689,6.944856693630035,5.635016239014581,5.5855675722312546,3.778015044142538,3.318982995157343,5.641808363808322,7.652890160736772,4.393897320404213,5.42221743157288,9.491151985495451,6.836095409824718,6.9567176747377015,5.275065513418115,5.317347443229436,3.925261154848505,3.661815910393194,4.79537627105117,5.159194778359947,4.594322048483998,4.067184051586346,4.94580422757036,4.740430042539022,7.2011797886282345,6.432286944785662,7.027718184756707,7.153173183641431,7.135470323248697,4.122821689521314,4.070437195565514,3.7246728931959594,3.620893858398127,6.97019107727003,6.571076683254098,5.013616799868084,6.659403756434692,3.7638777438547892,6.8233644502774515,6.9585396361532,6.967284842433556,4.336131081345176,5.637407882890098,4.369464799188118,4.539094364482857,4.722545726367777,7.228934118855395,7.034757821927333,3.5423792947142245,3.368719186325917,5.727479101788696,3.9988875993308217,5.766736247352538,3.7566774886817678,4.095100293453507,6.702240281776366,5.708671182696852,4.737400600382237,7.2132983546348886,6.401572864555314,6.418840816395181,7.749786346571324,4.7659543298528115,3.5198667186263948,2.322789774174897,5.470848871613031,6.7889076168146625,8.055505655609382,7.394510590047055,7.8348337604107,4.728856823541065,5.771126926704057,5.860463311961815,8.998891178877965,5.9778948531506275,3.6096151393871247,3.702590570720982,4.184247760260631,5.84940854546111,4.9734733822066115,5.029015671974609,4.965433330693101,7.2400673118081595,5.4497994606463385,4.235637493921977,4.581680130314157,4.062062337733124,4.75020763697298,4.715638787457987,5.024525403773237,4.493325600803664,5.297894647714022,2.780384041259173,7.408732447513935,6.908904612215449,4.459854110687691,6.073597478668329,7.750230581479784,3.952497844294488,4.871686325544344,4.148743614762376,3.1746121604109905,5.7446759799842075,6.308931108180119,2.9553035499593268,4.396823763779565,10.658012906853767,4.669075139880382,5.908213608043127,3.638607509470537,6.9094632384204395,3.8392595665026055,8.538027502623947,5.1253493992580665,4.9465436925069035,3.99935368856889,5.173581905141022,5.0991089361909046,6.122092971183218,6.1300761769765,6.952770362363867,4.51499749640766,8.280911121792354,7.297582262837689,3.862731727142059,5.053274218536058,0.0,5.896168323152537,4.792758776001508,4.1059110879388445,5.111531377519716,3.8915278865124505,5.094630040461775,4.857048733708052,5.268740381583401,7.385210165391274,3.119841795788951,3.7194918245885473,5.262106816467718,3.6804804468174646,3.7414012153910488
TLS,5.829431568724754,7.767218813852155,10.115437246200258,7.353176576145828,7.27821341127009,8.68292496068636,8.056097063649762,8.294341458680243,8.273975914017415,6.021135963017399,6.317144184346912,7.956809668904516,7.669459471086028,9.42271364496789,8.662271151525559,7.266292147703677,7.529097382037471,5.404069041040158,5.9031723177141275,7.233796819358428,9.296210566876434,5.090094134681515,5.627058975368224,9.238278160362933,8.539095722668097,9.263278103949347,7.856440598973102,8.053918923441262,6.608633843595204,5.690526460095232,7.064731843397835,7.40572681450969,7.238531176116713,6.158737515397037,5.5471834147591,6.53447316621446,8.546850271842867,8.24663383932331,8.816356528261903,6.897725541923522,8.209895048025452,6.870963121429312,6.360035742554867,6.46845348932159,6.9340542219963055,8.61937736781199,8.182475720805668,7.26630941530897,7.921127186090657,5.0822758416192775,8.109100547305191,9.509464774174859,8.571047741829066,7.306021837873414,7.046168419537839,4.747061890838589,6.276989083893377,5.801390811336644,8.628327861154347,8.634698094231538,5.817224235567752,5.094203649849761,7.376051611984709,6.875670479987223,7.653868226182408,7.425505019889247,7.181271219311937,8.407432285311486,7.710325057160106,7.190394882463602,8.13417994811577,7.809073113860544,8.114242792240956,9.393096063118698,7.786434487522406,5.490214326935071,5.417779619382084,8.327588788685178,9.094676221497032,9.626397017182883,9.127129403998104,7.867573631401192,7.247997392723263,4.105047941243976,7.973762461975443,10.025584849199555,7.770618662422474,5.836043847467193,6.359743532850869,5.047334311581269,6.40371253050767,7.58510141032557,7.117728282334455,6.096715058070167,8.362127947520376,7.137035477885251,6.658202214468609,4.54978416783024,6.1807987301361,6.675816422953511,4.067384992851993,7.760564766254203,4.240343892756215,6.372094857012038,5.5783970166391965,8.385101756786215,8.495212138537354,7.224639989203733,7.748655760983322,9.596440799368255,6.480141516681829,6.973490414798516,7.158402463027298,6.62284149350212,8.051848256855662,7.8370698511539585,6.507183251459802,5.624193086615772,12.149426837496843,7.34219702486402,7.870494484719867,5.616959586560611,8.714023874397007,5.279647817128487,10.543525479435047,4.318002256648186,7.602822710218944,5.784591032003872,7.070704689856623,4.434072892422478,8.04172015816058,7.905388067426071,8.104092143738356,5.350688909619009,8.216088428482196,9.199615848890877,5.433692053824143,7.047941451220316,5.896168323152537,0.0,6.1011077015559225,6.181955928030455,7.713011637027702,6.3366206049734295,7.7395846476701,6.90022960465225,7.213375709919692,9.339231937615162,6.770446401907937,7.150860636340895,6.573623912351673,5.539243289450473,4.342178940878351
TON,7.590070856711133,4.937149614231549,8.256235022010054,7.428281796336984,5.1971279606145755,7.029552030027154,6.1999757146753485,6.2887031296964695,6.857853368164685,6.22925472651815,6.469307150518653,7.191532417557625,5.471946353333512,7.8648971415488695,6.370342681490909,5.436562644472275,6.706950812511727,3.571080184778758,5.187595344861757,7.156596703971473,7.125615221411639,5.022551787039486,6.242445698139092,9.704810501922752,7.087995726743886,6.804062705124251,6.1203356337346175,7.565819908025869,6.431603306898781,6.089395488720748,7.42003328978737,6.909368199585195,6.211047776717775,5.01511637238691,4.449128731734144,5.372890918834684,6.3298614541254326,6.27666949175306,7.208964884804529,7.401263130440648,6.558695980121031,5.702137221515564,6.10185520263704,5.181201788962927,6.739578234239655,7.212927734368943,6.018619876944827,7.52273914685815,6.261710322417779,3.4434734085663,6.863771866771748,7.564221341779203,7.169972656020806,4.761777299070636,8.634542552273379,6.339346137685325,6.371699797012008,5.630261758510434,8.582332279528389,6.5692089123539175,5.187746722553222,4.762777535674488,5.393941372995707,6.769766032440033,5.904224082384173,6.796335140839979,7.358784925849223,6.505279220895927,8.291173978926148,7.311948783007041,6.162169811085685,6.404813475543956,6.756147099523545,7.725212494558825,6.406009621728795,5.816245309389856,4.325540625804624,7.4951832499229045,7.072085108858685,8.725245382390503,8.99557257111365,8.101860662222403,5.326016367581189,7.012144693955246,5.587492584125653,8.181125964970555,5.428598474974118,5.383493400533721,4.005659588093873,5.909445707343839,5.872502848746872,6.4026238695265425,5.553597484954057,6.609112130442956,6.477402418080527,4.996144501678351,5.420019441650621,6.262303919400442,6.574216878911375,4.610257477712146,7.067391805705661,6.008192151244038,5.92233145908443,6.9787029170199775,4.5626807369543485,6.984333925838205,6.755363871624927,6.613025414529188,5.964138752818319,8.803880312588088,6.6922715151318215,5.511137555130888,5.643358447209841,5.903112940108718,6.10982866595844,6.193937128197799,5.056017678803829,5.866052650792389,11.670103301097628,5.267322374635292,6.882044432669198,5.9384778024374185,8.210523240075664,5.7624204411668885,8.264152938505507,5.328815167801175,7.513782173045893,4.44174975461788,6.010693967807001,5.156313428374404,6.004142701811639,5.6351143096056715,6.636960717918606,5.881359290175062,9.348723367450054,7.9511844360152315,5.474623400794089,5.698001673464745,4.792758776001508,6.1011077015559225,0.0,5.649085756158284,7.518055183600543,6.969203707325264,7.735053372728167,5.672479800693964,5.914005464393889,8.01027124388662,5.944493585673026,5.88750100978177,6.931005072523489,6.551821006721412,5.4300103247362275
TUN,5.122333713795665,3.331949876443528,5.846177210804377,4.099976224545705,2.734053618351139,4.5617327008311515,3.900272199196312,4.180635722159682,4.232275258325934,6.097369313330615,6.563459665871781,5.595533878528524,3.376593760581237,5.842759177291456,4.688974990573735,3.312051507645288,3.743771241917642,3.3740537634099015,3.557996713265663,3.727438212996333,5.711156247444235,4.12609791927265,4.198598093469279,9.99235244610726,4.306912582058379,4.704692910019272,2.7614336665957193,4.304653209991446,5.694938678136067,5.108064878352742,6.759904974630345,5.180711250673675,2.704335598660195,5.987608993226194,3.3019387904663464,2.1971305775015755,4.875845515375017,3.8106893925070477,4.574413259186306,5.848892009875047,4.388177484395483,2.3651202527519377,2.418754655302711,2.7447742845124043,3.337331617126868,3.8271336033030687,4.168920267344177,7.357398208445024,4.069748315042813,3.4835724339884035,4.118977045223645,6.480508580213927,4.437641420556534,2.965871526525554,6.6763661791165605,5.5726581566306095,5.671682752497739,6.606027368122962,7.104931132298683,4.264571784524115,3.5805384803741918,2.8146539898290452,3.2200433531170947,5.024161075048551,3.1457685251149803,4.188154242086676,4.779421071072365,3.865705948746568,4.33823508413019,4.371435741207719,4.909861852760159,4.090242338895461,3.6527696501092017,5.438177341979569,3.6222856631423324,5.184266131673598,3.651615545345185,7.116389590134355,4.489571067623934,6.079727949197599,6.441221671076044,5.663506804732858,5.03081314607185,5.8067765011923385,3.478305383986206,6.668724481470104,3.5894525069568766,2.1438933066197254,4.039464002144911,6.165508055350687,4.765930228088161,2.896157701813317,2.571997928234647,6.934058554688787,4.75721877259166,3.286511703081085,4.041653999066956,6.123393529063392,4.972914777363403,3.0395621023452164,6.4024715829607155,3.326698315639929,4.184912012233862,7.518712791705434,3.0202875231129473,4.4795366820604565,4.674861484336795,4.875120785950629,3.8747737816382952,6.736207428800474,5.434189650042443,3.431550361276673,3.328891132142845,3.982008914635016,3.3706430928367666,3.316855081130643,2.878715324628737,2.8163296029794544,9.769918017541068,2.839369541419002,3.8975871787295637,5.412316536942901,5.3142076539006355,4.702303680672069,6.054405372219416,6.702463688204901,6.923095848704326,2.6253248834972984,2.5201819118713913,4.613966508049672,3.553381035865512,3.798760027090086,4.216874442067907,4.663350214965266,7.375313659313879,9.110211525849595,5.565719169223871,4.437338158974531,4.1059110879388445,6.181955928030455,5.649085756158284,0.0,3.6201530470168795,6.148680336380026,7.338817678618973,2.664619633410222,2.99869370913486,5.31002256851847,4.0689140940417925,4.348607736053976,3.366706944064118,4.928167190545163,4.619779818550937
TUR,5.804127428777189,5.2472160137123325,5.686156291126978,4.082365324136734,4.678364055554375,4.566432068765747,5.087289629868513,4.642894066043901,5.557460788858422,6.494567954311441,7.2471225747533365,5.759947273847994,5.633761242088423,6.102224165330567,6.238515289723483,5.564986464702392,4.864589462170705,5.4780771379174205,4.238675244894998,3.708624400581035,6.835299319916475,5.560820651443923,5.711760028948913,11.546617630949811,4.724968305320793,5.4491684529926525,3.5664790837475664,3.3776719016324233,6.009496955799972,5.634420574771345,6.912862908211698,6.483370171091102,3.3338897669504464,6.780788636101473,5.452103809519932,3.713776286617611,6.487521516431213,5.315570311811151,5.119006178954876,7.823361304021071,5.485033548810341,3.5899451010287327,3.3342622473910732,3.5326094723244226,3.971852696047117,5.145683755723106,5.818753009310104,7.167870806925728,5.193738092268711,5.3893434718326505,4.947052910922333,7.188101616875082,4.922854180356446,4.892096004035368,6.655637284201827,6.68265749523829,6.4128755171041645,7.341601883790395,7.114068133925993,5.813000660764847,4.335900938096309,4.496155603005162,5.264139088316066,5.6933650911898,5.018675661770728,4.039218923836623,4.896162850272901,5.53211813255591,4.5414521326422985,4.348848690774693,5.9597682563506185,4.616915627373743,4.513770220074214,5.497851213600553,3.7277471849926207,5.835182061773041,4.962434570441794,6.529454532881127,4.912867895767687,5.938043735451023,5.927497822859384,7.434374982041765,6.217824805433183,7.089814863958378,5.447553205887808,7.4646650023542005,5.659479619935457,3.683626486965432,5.286406398966813,6.785204531565936,5.973594398004737,3.547568726549743,4.9907011920884505,7.325830137129948,6.046548870974905,5.373905371619163,4.65234795010347,7.113592333034803,5.732811686135633,5.298483090195341,7.133435724356983,3.984691743192801,5.59195441401486,8.053508727121978,4.6519163335318,5.602922597001837,5.042069839664692,5.679928654758095,4.68393830863953,6.292716340573592,5.597075819106695,4.591680969275236,3.6354342121143457,3.7627568251620556,4.792083174646351,5.148230291579278,3.7941221229480857,4.416124869240605,8.763831665649308,4.556058692273688,4.19367225079067,6.34752270961995,4.930660634146137,5.550995138942943,6.794508356054152,7.251903292005934,7.107697195690206,4.282144210933482,4.635855487639148,6.434534336572977,5.619978235536711,5.567089793721154,5.169506976258523,6.514085905410149,7.909401187524624,9.539893742875924,6.449274609776029,5.119332890329974,5.111531377519716,7.713011637027702,7.518055183600543,3.6201530470168795,0.0,6.127613203817188,6.71692971988066,4.339599550715415,4.010549345907993,5.099243451254423,4.286705476195381,4.852743417927063,4.490326731483602,5.723680701655689,5.886451197015239
TZA,4.565690817925594,7.0303842544718655,9.066454747878185,6.913983468540059,6.49877547199287,8.702543533582228,8.692971140732242,6.360372437706257,9.396332591217222,2.4737239466008782,3.4070351839190782,3.6051150512294474,8.127659496147817,9.313895330113226,9.146739002930575,8.204571194409356,7.100079496447706,6.004234384669423,4.089093271917513,6.698345014535714,9.434510318206906,4.997516154555017,6.824143645376499,8.758375119651243,8.86342743093343,9.067004612865944,7.110156775805799,6.275510151374424,2.495845335000246,2.209463540354232,3.6951391031784766,5.568615913521247,6.01177738342218,3.778542611384228,6.568048968738431,6.789182593063165,9.617081034464983,8.740043393967314,9.02173968218428,8.145632602952771,9.37536359782731,5.5285898279704435,5.323155305091913,5.265099771435521,4.698064922483506,9.078846959518586,9.06728958505363,2.673522646898444,8.898164268724123,5.817412663832867,8.809878712068187,8.039229316235373,8.914428852771794,7.267527642086613,4.011704462841403,3.0335581346334606,3.6779590802466546,3.7412265106494695,7.071238843404772,9.387129290447408,3.703930899156953,4.501863246662936,8.347899842575906,3.1881993388883934,8.25527411551894,4.014683687242654,3.66328869320724,9.044848158792409,6.591921537544855,5.351660937752762,9.50066555580025,8.397612132572755,8.390425766957081,9.451034798472408,6.360533459049751,2.29083881416532,5.035784265161347,4.10196202745593,8.643777834556769,9.001099142966414,8.320315021100297,8.774407290600145,6.184209042028776,6.156825774017484,8.479953212753363,11.053762465533774,8.613472870967666,5.014370533182849,6.179632546796182,2.4832235835575815,7.652774129754341,6.193489100171428,7.684950853414439,2.839367503906702,9.50230712488342,8.196723976990882,5.465574245709525,3.602119640379181,3.267685857375448,7.1559129002585005,3.4872118025229466,6.767320105122713,5.2434912000650336,3.188234164641338,4.345826374343335,9.532425214204945,8.808116608818816,4.314812420692767,8.237073795976805,8.776621892145362,2.6669451840743434,6.254839430341807,5.2135515734909195,3.538284395838566,8.14285214933957,8.542488301751858,4.739506699581154,6.424801762460497,11.099255754651065,6.800228609804244,7.571124434248617,2.9649094635796924,8.072761031663788,2.8416042196574676,10.390410288084214,5.101733021544228,3.0099242863932325,5.435669363546226,7.601205491071909,6.026044697583968,8.73165415658598,8.695289539190922,9.10917989071091,5.389098471989854,8.14393306845081,6.133864476428881,2.6892346194194303,6.3201601909289575,3.8915278865124505,6.3366206049734295,6.969203707325264,6.148680336380026,6.127613203817188,0.0,2.4221507799864366,7.045216726723625,6.936984873486166,8.915282074382207,4.77880335824042,4.822278562382933,6.434980950068655,2.6208504061329916,3.651347815379645
UGA,5.707287287661426,8.152134981341725,9.510152648669044,8.235685301718112,7.724908350977987,9.456140097726408,9.602699928361437,7.241338664456117,10.332583810698788,3.2640885140811475,3.9352413352326248,4.513526073476955,9.29843985510204,9.880131406123136,9.760371667506584,9.382197169022902,8.424621774990001,6.985427778736865,5.5169938889437,7.885676781298141,10.139976477755123,6.095735753331045,8.097842711235542,8.912844762132469,9.781087318737756,9.682176854422988,8.088549995434619,7.251555482239513,3.939325325621345,3.504113620137624,4.625931610211337,6.457128821999103,7.163672245544368,4.322869378792488,7.484557578268694,7.772930102198716,10.243733660907331,9.764531572079868,9.967937181310502,9.007412570270844,10.311242135860244,6.613462055550231,6.419735004508413,6.43347058791623,5.872009197895876,10.061809802640303,10.094192581351793,3.3903883468821863,9.844717942731224,7.007170011947901,9.759163130577306,8.377480522285852,9.815043446214954,8.258442092383806,5.5507287120003355,4.445086201452489,4.365515178585024,4.347527255930706,6.98824361147273,10.265566095988335,4.6841934492918185,5.481645074511404,9.436107488766655,4.300332676519915,9.391745996074068,5.225938859671039,5.0616844316745775,9.933920640952762,7.896002162940548,6.18036867688489,10.414805093477954,9.276259676300418,9.293826591977572,10.295101502109524,7.333569329123745,3.7831901954602714,6.319294149915937,3.5443736859575745,9.561664984688152,9.48731837025874,8.28311380166872,9.53647814079131,7.481645757783736,7.146032805106961,9.568571627995759,11.645289712724884,9.700413937309985,6.274558088605779,7.385981442194205,3.5732244431478057,8.313624097160904,7.099665582031647,8.896792413175719,3.1979295200211224,10.351535376297408,9.246291776084849,6.677489416125327,4.833105235204667,4.167108257703433,8.204859752813704,5.128427677490453,7.636864993714017,6.359958073563056,3.833576244310694,5.717321361880094,10.447004339638147,9.646286813003538,5.578018615394248,9.221323945582514,8.902871062385259,4.0464657619328195,7.14935948801635,6.263374032957279,4.3469780343694655,9.195200014322323,9.580449232013187,5.944547874290098,7.570455198856586,11.066352773963827,7.947984119509237,8.699785938708388,4.094193866713424,8.659738373831805,3.768002184525329,10.993202796948903,5.5088073479655195,3.9866679972641696,6.446206882837964,8.892238170513556,7.113061300446215,9.728732816050213,9.603746506268967,10.025022861185755,6.708569318308967,8.530603900019413,5.808016075017013,3.727461774354535,7.256512071504448,5.094630040461775,7.7395846476701,7.735053372728167,7.338817678618973,6.71692971988066,2.4221507799864366,0.0,8.282301683921215,8.106475496660812,9.718473453929423,6.240915064849496,5.849931002729063,7.6022489303984155,3.9158003586576164,5.134739496431344
UKR,6.697633511807447,3.499273411758818,5.8561681699690835,3.759935853683082,3.043380997629872,3.8820506238910437,3.0843753541076113,4.511410034814017,3.6037647599360945,7.113302885410949,7.7299253341619005,6.163973571672683,2.575673320426886,5.999527784415112,4.811949267237094,3.303988608791198,3.140099784228172,4.2327141989740555,3.977789185137597,3.4957436008718115,5.947270254471588,5.220386626147563,5.191411020994455,10.479735102520422,3.30419813326354,4.218698511067483,2.5783333089074176,4.043516063454261,6.580557181081707,6.106619601919122,7.81083922135551,6.469492895425334,3.1984174568191337,6.943843437530111,4.406470838989098,2.8345308759292775,4.676881175966766,2.7825383842621916,3.2004902777478925,7.176724091242981,3.66357368623795,3.366874472044614,3.662740912625312,3.172165232437549,4.271612651517409,3.436466629511007,3.3603014217724594,8.070374376968118,3.325784797728154,3.7159781926713946,3.4228119541990094,7.544790406414242,3.543460035838328,3.0311413896686767,7.363589144284567,6.8490739621321115,6.997342191433991,7.540920015764818,8.219126534077049,3.783028072358528,4.531775079676489,4.090259815185444,2.729254830080602,6.271818599061093,2.3059230109063757,4.480080563696097,5.22212656205588,3.797223947532258,4.371383293154622,5.651070874050787,4.482785215648187,3.7562533015696875,2.944469805096257,4.309266096934421,3.3854221237443145,5.761576563252816,4.057284979892809,7.879800880276608,3.338321814362905,6.549407013535376,7.4169013895849245,6.2355768171588695,4.633340604525069,6.858055101339897,2.9386236091405884,6.3393583103592155,2.9507319250870006,3.380525183654626,3.5031587906846866,6.799636654648491,5.6732266106050675,2.8790375278594897,3.020476877337074,7.907718822650847,4.66873113548902,3.4086128283687884,4.253147961532978,7.067617552476221,6.641047383188212,3.21056739263941,7.2560937392974605,3.0708108085940076,5.591609629548084,8.500538247402533,3.7849337778349725,3.658019335511303,4.090459555961891,5.629260069935579,3.102636053827803,7.510907990845075,5.946133359383547,3.9395182290278625,3.568509728690907,4.5302631270038995,2.0312407870499753,2.9452211200060687,3.7826567085990694,4.305911600692637,10.160284102011662,1.9951354071923662,2.4109506218844654,6.650135552986543,5.68981009937494,6.079621175766454,5.748333545461655,7.475969322986303,8.013491653149613,3.2691142529333805,2.2937989853426397,5.966396289107893,3.117484418977683,3.386051299198487,3.724394231055028,5.857770811231379,7.6371188927142875,9.89913829304598,6.527108658030972,3.7516541332496383,4.857048733708052,6.90022960465225,5.672479800693964,2.664619633410222,4.339599550715415,7.045216726723625,8.282301683921215,0.0,3.228409795565611,4.228839522771144,3.8558423632957397,4.381350058549089,3.7465540854896946,6.224542413631538,5.222536689215555
URY,6.810479018827482,3.628534211068091,5.972677305522863,2.790486891694762,3.0999027804907935,3.856193504228913,3.826471055469985,4.595407757421035,4.406731065241918,6.871281731941431,7.928823616692934,6.03578924989144,3.7678615906053112,5.735035803901008,4.404889644833269,4.336769107232615,3.460415102672952,4.176563918612078,3.8166242136333683,3.1461771973473938,6.233964303776559,5.122964848262813,5.556722818210341,11.01582036920932,3.9200904763708335,4.384843276183529,2.088257121198948,4.919425064420159,6.348064074072006,5.947518466267894,7.950039973117055,6.726246811796862,2.6042349376997658,6.340920455270373,3.95802690369652,2.051021980440693,5.217406275401483,4.069207731246543,4.177888847749676,7.318849329733844,4.048912264452061,2.311828959011022,3.9836621780365307,2.916781521297555,4.459812278597113,3.9962979658424027,4.15422839696535,7.993229027650371,3.8416949287929665,3.967354885360292,3.9984969698302417,7.6313050781001674,3.967358840658445,3.6778688224282314,6.7360867438122245,7.015535878203953,6.251105530000708,7.30025103358179,8.40401959430779,4.506390708152824,4.094664640822046,4.48630483177554,3.6704624448822356,5.704326199783779,3.659737937340651,4.801812698712339,5.925574412254182,4.498039507520058,4.441366016807654,5.828422075348354,4.008794453905476,3.5025738903956225,3.7302409855803678,4.43955369377319,3.5243069462891095,5.843792259168998,4.844387285467795,7.792193321977554,3.9837329962697448,6.326808706469476,7.0287971719323385,7.121912567544676,4.935156011450723,7.592928427390978,3.747033904006163,6.485881823396475,3.558213216558733,3.718264427233752,3.933950363915592,6.984576165070946,5.565751281063294,3.2349662827648014,3.4432506314261313,8.007162897443505,4.312680216114529,3.5566171367346646,4.393787864847319,7.56492348578281,6.4208861601890765,3.7195644969537973,7.309469402316964,3.970902362027104,5.936465532135632,8.586184625619817,3.96918743264522,4.506769332485105,3.9498337199366933,5.070634036404079,2.6453523763787974,7.622923646205896,5.948751317721709,3.4478388125612685,2.9632113953355104,4.666868062451276,3.8591506194069543,3.543609219459419,3.120242643320562,3.7726625087914214,9.896192242494354,3.260631233411196,3.536125850084883,6.635723187039077,6.136361039046228,5.989411507912744,5.899898695754088,7.639477809883544,7.413403444914707,3.2348873316898237,3.356832786753196,5.2464006756026444,4.487107961575721,4.379199309479682,3.892610382502729,6.1836099997298355,7.93284064470784,10.180188642634258,6.5257904380514145,4.961376600443366,5.268740381583401,7.213375709919692,5.914005464393889,2.99869370913486,4.010549345907993,6.936984873486166,8.106475496660812,3.228409795565611,0.0,4.603495079476953,3.8960399310943803,5.249570131044153,4.593913396536459,6.228816974477713,5.609739226334692
USA,8.6634593729979,6.174301356282387,6.295608645485883,4.190576828100765,5.9050189272595714,2.449005669443385,3.979064594945542,6.390509231291985,4.3370849729370295,9.002887086347634,9.767946161617335,7.626472125849527,5.088378550255979,6.695650482941736,5.099282919840156,5.683228284549401,5.735253522142809,6.648433812359609,6.499384215269912,3.632189865311632,7.377549461002104,8.066861935104665,7.313117962301107,12.37994012115002,2.6148532510459623,4.243902944545653,3.64099988249024,4.986366932768611,8.549964941651591,7.948023446656969,9.643750599047722,8.660232520002756,4.2860487297911485,8.719845393719597,6.513633831410761,4.401118341334477,5.333899755177837,4.637540778572432,2.8578212026564365,9.186444387983844,4.112948773566368,4.810675104588516,5.6287477046989345,5.134918651484778,5.679524419659207,3.4749984732648938,5.222986456120334,9.738599479935962,3.9399394389252653,6.671350824878011,2.7586906417450536,8.905857240979785,2.3283226219651505,5.262248869909403,9.325800297687238,9.31369788860912,8.677458920774816,9.560581407243475,9.73945676458082,4.11207569891387,6.216611351797344,6.677081992586341,4.560519346997838,8.04924405903394,4.990061985272485,6.2909161094036445,6.956177768153415,4.976820030682667,5.850180175508434,7.1774494212143765,5.376042913393385,3.4213631755609586,2.8209562375849475,2.2050293931946046,4.422848882655964,7.540067535189314,6.972049191067639,9.915860765796356,3.8548462574407734,7.137749287082072,7.42173228533125,7.922756156192281,6.519836421587681,9.450994826188062,5.248186122522522,6.609474335332463,5.014408094801517,5.829805446595857,6.2948001203712085,8.856857400125747,7.273303330691947,3.776552934082873,5.655234398715242,9.875767780575542,5.742435797110345,5.45509268168261,6.490394122738765,9.544599870100672,8.98808424723191,5.728618984234075,9.31805320005327,5.25779041556593,7.863132363789487,10.454494010689423,6.787696231403945,4.266872337610168,4.2889777222879655,7.549566688941178,3.5094170962948263,8.083082171996654,7.385269554308847,5.427970134774355,5.032304132523947,5.991813983442741,3.75756933110159,4.065034878247901,6.159021272354122,6.039069639842728,10.21252018340221,4.579298907872913,2.7786504935534735,8.568313866308705,6.312668458567868,7.972332280756736,6.273962107923037,9.784115243387804,9.90656415659061,5.712271120858991,5.03143656242773,8.003199150876494,5.162011606283965,5.210506575635544,3.8607551806019895,8.440653710594283,9.393559393953668,11.620319235116748,8.814417155898974,6.26472376844297,7.385210165391274,9.339231937615162,8.01027124388662,5.31002256851847,5.099243451254423,8.915282074382207,9.718473453929423,4.228839522771144,4.603495079476953,0.0,5.809422707801874,7.025095460065898,4.702429585275022,8.260393363256744,7.2998906571305
UZB,6.208226797075254,4.166455704359173,7.177009203640409,3.655259074542853,3.46909161834535,5.686922861536472,5.847153811125931,4.318875394422607,6.742122781872785,5.516114961947343,6.52888927254316,4.382776792657613,5.484257811187013,7.5349381648405185,6.720977520027969,5.447423612425056,4.328342430791538,4.77880563178188,3.161435408738454,3.9759254059222258,7.592917537374299,5.006037629506323,6.145835689383941,10.316320974808798,5.661001647407,6.505567509870872,4.184555419827154,4.072583722806535,4.71098285715744,4.570756441548946,6.295783940823386,6.347359848039023,3.539221967236152,5.193870499175247,5.505183609792454,4.257765839534109,7.228109567315646,5.809761262189977,5.897141709230741,8.4113599065975,6.490504915969028,3.427995099874138,3.93552372601163,3.1368181158555193,3.0945785172482565,6.128917923231432,5.988101941759647,5.786369517592929,5.8854639982477766,4.434707239706024,5.996932397651035,8.02641409614887,5.94272412443865,4.531652071366622,5.0803564846030795,5.788154766981952,5.456827495473255,6.051584731808281,8.225698402737537,6.498690570910157,3.7878017913751467,4.501795739225059,5.347701295482903,4.4646027901651,5.343933860479715,2.9900238220786783,3.866138726509015,6.542339384855569,3.896289565741714,5.226878499670163,6.513181541739956,5.63195133854793,5.491576770542368,6.317719154254268,3.390708382206342,4.143232239123838,3.6666338629004556,6.477136502928685,5.581208836919386,7.5940911974084875,7.722145469544424,8.115630770651464,4.244802488230695,7.136400901931171,5.572212623745527,8.749050775853478,5.613863054957446,3.736028662271495,3.5824861241965404,5.303514134910342,6.524876161477779,4.089217251249028,4.778181110577468,6.4057850442356505,6.963391616314142,5.409130844747552,3.880640422339463,6.202445211344496,5.549499908002308,4.864782471231583,5.487784506645726,4.58991172764356,5.772457141577831,6.7434843975298975,3.5500534691408157,6.798300267283613,5.9650346323807915,4.166299049642997,4.855929948291385,8.108469499919849,3.7946262446939274,4.793306805706853,3.398278559913369,3.435807853932626,4.985171533331064,5.650144496384757,2.8720004131030183,4.778025369266333,10.419938604189598,3.9816083886656948,4.240149725755373,5.101225829674532,6.605700803089412,5.116699534930486,8.216210102412617,6.7353697650901525,5.706516598316755,4.215544096083088,4.421755731834644,5.991762653497904,6.035495336406201,6.002420986678641,6.325900239914424,5.6140250592096494,7.960015143131443,8.836886255753782,5.291576935687122,4.711516533080888,3.119841795788951,6.770446401907937,5.944493585673026,4.0689140940417925,4.286705476195381,4.77880335824042,6.240915064849496,3.8558423632957397,3.8960399310943803,5.809422707801874,0.0,3.8973467076305957,4.830413106059615,5.003324983832537,4.487217660115631
VNM,6.101179331958261,4.736114702920641,6.026727967492062,5.8465625402396855,4.513383939438319,6.483677807026088,5.675540209536684,3.6295750881969635,6.638035534714721,5.4161036319740905,5.870590362624779,4.2485985165272275,5.549738993531828,6.5649449687988675,7.534766329477402,5.9417802396061505,4.606819187864443,5.123496799741414,3.008259803181097,5.534308688600284,6.912335672076856,4.0033104407690185,6.227151836616883,10.4188054786853,6.257902452119488,6.06820691161035,4.642426261026129,3.874617085073507,4.942153097082125,4.811036130660643,5.7781344386453695,5.969230907349016,4.451950890550582,5.995551387625708,5.891438222043987,4.97400751956618,7.5419731617379995,5.4755354799783005,6.100859397842613,8.074775895307575,6.743486317568585,4.203442792957998,4.131793616148276,3.009056737168123,4.268053955392625,6.821443091514965,6.096077653812621,5.914723458958935,6.322481073482947,4.535238682183937,6.5531909449783114,7.50286839291572,6.543716174220455,5.309012207066655,5.677470672733256,5.347678771229211,6.4710475307823305,6.442674807907596,7.411138802915181,7.291294765962505,3.7390529061132103,3.7939405249070686,5.918567743945741,5.389841942453159,5.1269880363700855,2.9322882153631133,3.752043964581589,6.178088677946266,5.417728080530668,5.057960734622427,7.110693113453993,6.4474516972257,6.074799435081564,6.992036823024873,4.176791861785353,4.503932597181518,3.29248922786238,4.549425827111483,5.2011351719682875,6.819041737257847,7.9317243970340225,7.86144553922578,4.5856035046127905,7.043925409864189,5.508832481972297,8.549375916308927,5.9215529452684095,3.671100127036647,3.533052339510591,5.074550087593488,6.574331906232579,4.095448687649503,5.553164298837253,5.845546084687295,7.0100991678667715,6.205657622176006,4.2401217766662365,5.695549206523076,5.0489614249199795,4.667996210764529,6.334828870211265,3.4033972024737045,6.03949665390534,6.295082085942253,3.2292193943441956,6.726394237537118,6.062566690327626,5.316527905122917,6.011910098259961,7.2215851277469225,4.576195273065942,4.381702444307081,3.6312388167503387,3.1980004018998223,5.114841918766171,6.0940700810756665,2.935210360348514,6.080709802056484,9.675910470533696,3.88202105072098,5.223337851034082,5.602842141914725,6.2160587069977575,4.903045164761165,7.1932235799983095,6.173657073537944,5.928141828418562,3.869478746446197,5.295445252588986,6.93623115809462,5.648336967304574,5.71148838316967,6.641263450150488,5.940113674073382,8.648513201392047,7.741900183271941,4.779298623229956,2.416823295327601,3.7194918245885473,7.150860636340895,5.88750100978177,4.348607736053976,4.852743417927063,4.822278562382933,5.849931002729063,4.381350058549089,5.249570131044153,7.025095460065898,3.8973467076305957,0.0,5.916678212582442,4.960811804424533,4.984303877309085
ZAF,5.180933928794184,5.346634366833128,6.787863943686966,4.318864938122196,4.581626660141959,4.867934023406649,4.908388289567006,5.391890725399346,5.038569974166941,6.497315324774066,6.963236405864747,6.039343573862497,4.387737167027181,6.93916305291471,5.077112906582491,4.647184109731239,4.853058740267877,4.638191750472213,4.592229962197413,3.924014965134874,6.7519466113169875,5.736690798909789,3.927087252833409,9.978758250973453,4.569956368798502,5.627149789449251,4.138926819221534,4.995863472952374,5.952224667808324,5.239294537068322,6.905034159502624,5.489738138286871,3.676753867397307,6.614969548786308,4.498162963970722,4.040916012934278,5.718339042363559,5.005003801720486,4.887170268276343,6.177691068942214,5.135486896969121,3.5779560165490985,3.895077025391339,4.30881273357925,3.92218343478775,4.535737394643509,5.283135828232366,7.661152809010335,4.885174763193887,4.69624948145507,4.50613051863111,6.977825913936029,4.551110846989635,4.299914559396618,7.095872768184641,6.003504255469817,6.061595488528043,7.034471565021444,7.090724791306644,4.900130698808852,4.583386603929624,4.321673179703838,4.335397832014613,5.246360530608182,4.629675817554246,4.9110021296618065,4.957453752026376,5.036130122579914,4.8149170903132905,5.064051891006219,6.140763373745145,4.694810501569079,4.275688341458076,5.578736057638847,4.057369771700131,5.241214133832973,5.066302999702071,8.213408173872814,5.438667935358844,6.96747843279399,6.868497123696694,5.905003396912661,5.828372778367441,5.418584714218748,4.888003841853268,7.348733678570751,4.790859697378808,3.8295149999449927,5.486992861363291,6.5373992200830635,6.03573923109403,3.6423594295028714,4.253587083333004,7.305851185229429,6.011762250017651,4.690098050471644,4.742518669976491,6.491826394708927,5.859229793260529,4.5684501505612705,6.3542835335233905,4.983698476910005,4.026899374061738,7.889580401854494,4.647926009179796,5.288493093866506,5.541206811291375,5.609924349718836,4.817481535243094,7.464874560123753,5.631686978770058,4.514532923151515,4.360329293860844,4.482064306042518,4.183985402082516,4.446137083110601,4.812614009846645,4.114065727070544,10.255365807695863,4.0560258130527505,3.7367268670316833,5.676493493438489,5.848369834127361,5.262928976365296,7.18067275572252,7.62487312308051,7.2413837501765865,4.253511338324172,3.86554956074383,5.273306936888973,4.695524294184099,5.125555539554554,5.0250498372208545,4.558902316050016,7.586008164399912,9.494761407468223,6.121904995671091,6.0324036938507435,5.262106816467718,6.573623912351673,6.931005072523489,3.366706944064118,4.490326731483602,6.434980950068655,7.6022489303984155,3.7465540854896946,4.593913396536459,4.702429585275022,4.830413106059615,5.916678212582442,0.0,4.948145826690388,4.124212085602848
ZMB,3.358130557012876,6.536211701636148,8.276353339263265,6.438035121282287,5.7844638046759815,7.986394332282749,7.685297139164071,5.923241529234327,8.151468544872582,3.126935962893572,3.812718357222909,4.204624472299905,7.017375324077294,8.317282562974333,7.765101964262326,7.242354137585458,6.267472641721516,4.840760692839522,3.7171300244020924,6.29243676575717,8.411773280312955,4.431509251958408,5.033020118370232,8.501372769475987,7.980633532881919,7.997910706790853,6.308906469384876,6.302223053989594,3.0639052506422,2.042503034163984,3.799517022905498,4.295401127739888,5.427630383823841,4.170015741337752,5.344640260092398,5.823898314860946,8.411360818246159,7.683490150208247,8.147506957821136,6.2451385193374795,8.27848100803613,4.6026486000059075,4.602418096561604,4.73683032624905,4.141807898242255,8.08739170183083,7.9282806620821535,4.636317430504271,7.936334627436483,4.815120373665198,7.8852041338067105,7.1058475264154595,7.983983702615116,6.254850187974356,4.383231866479672,2.5691453778939786,3.5489334782329194,4.340913625126979,6.029184121870326,8.37797749167441,3.3010262187403323,3.3602971150600442,7.3022459764377325,2.942946358814767,7.1600863116171185,4.219082154274401,4.060946958015448,7.717481541088215,6.030641056337808,4.537146599559731,8.561504050330942,7.404806286865361,7.539732841560018,8.810681845468546,5.706438945096269,2.6288461030534016,4.363074857722365,5.056465444849288,7.963945645325905,8.160092224967917,7.436439044053092,7.293570660115551,6.001160889388471,4.499265132244265,7.296258399069661,9.791216644769435,7.4221367020890785,4.4594576319495225,5.768372586060564,3.3010494397795456,6.632876163500616,5.386773821908815,6.598820543730363,3.7762890604853037,8.242157672519001,7.048768009350093,4.869251676618562,3.4950256851091095,2.427187144228155,5.98854431667856,3.625831960608608,6.098158933849146,3.4714794709365338,4.3073734066634435,3.6219722815136213,8.419271361345288,7.9994272149612105,4.5838072027231656,7.489892802320622,7.9844238237304,3.6891448998498424,5.083563906318781,4.81746913820605,3.410187270273489,7.223547831492089,7.507116476682262,4.294733297928705,5.197185313002912,10.626099113209865,6.035453721297376,6.91018619892075,3.1030673538034788,7.308112329378961,2.397776112114191,9.194044411079519,5.20062082015143,3.745789789096986,4.5025093128650395,6.575745526384833,4.666066736829651,7.444380161398165,7.556775623540667,8.057931924941617,3.85195986410931,7.717581972638197,6.789098719815334,2.616120440763601,6.127001740632846,3.6804804468174646,5.539243289450473,6.551821006721412,4.928167190545163,5.723680701655689,2.6208504061329916,3.9158003586576164,6.224542413631538,6.228816974477713,8.260393363256744,5.003324983832537,4.960811804424533,4.948145826690388,0.0,2.4506890308683085
ZWE,4.309766754381971,5.975078302405283,8.431396704634626,5.678062262240169,5.353899514665647,7.215868778545873,6.830231344045899,5.935092705880775,7.334516424841018,3.7179962518329854,4.394558873545296,4.581503893466668,6.043337417257943,8.306913102679529,7.040452146398642,6.253811215240926,5.805662286648731,4.212084330800197,3.5449875822181407,5.392414509051222,8.137800651912249,4.209381594173923,4.591549530773154,8.151981877296071,7.127767324421402,7.502479965254713,5.8527228718218485,5.995164719727752,3.6420711332864824,2.6155198280102945,4.821489755925815,5.090782082779184,4.952073904053728,4.094259386511989,4.537109625738145,5.182221206709569,7.630847136242499,6.9379597450027655,7.2356665682672014,6.196953723132225,7.338977142328807,4.303494548261793,4.583937767162957,4.384316625248176,4.1769194349052885,7.229354647777772,7.105826618030492,5.073323488601832,6.972345050613955,3.817189752765361,6.881890987745602,7.651721621933617,7.044269596875932,5.539128055639049,5.033660862413648,3.0379389467935947,4.08472796337696,4.308849411008404,6.946652409487064,7.394995627168263,3.166045972532558,3.3326553080957253,6.227458480209068,3.646463943025383,6.380484684712117,4.414271109716927,4.174196442394883,7.150813390591046,5.842682806684847,5.357643412042632,7.745127127505848,6.682099018305505,6.631708241366833,7.804576382700274,5.331376856786895,2.2600990473918516,4.043327180725371,6.15949126280216,7.341359827433591,8.401818675324012,8.031636613493614,7.0658990339115615,4.928258228812072,4.045778379318787,6.531196501949953,9.28705515709259,6.445395553905391,4.0708609838713565,4.8161373355249095,3.169839223325917,6.253145309817842,5.000899971905558,5.891252802563282,4.261451467494111,7.632559313976898,6.210742962672288,4.799483608054961,3.563013139577278,4.129446538836228,5.165410725173071,3.2186131317415376,5.968069759847518,3.245905555496128,4.784463853859699,3.5519229569934225,7.550817300662129,7.297787886109807,4.528640640334192,6.578637882423413,8.569288797203765,3.486294507542205,4.887058852583788,4.5647622600693945,3.5814865089624113,6.340245788101047,6.531599273492501,4.313508055525966,4.8637749477628685,11.245322250385286,5.207741263844191,5.8702486981826745,3.2846984262344705,7.488306879651995,3.0022130295316445,9.020629999784072,5.08516356610971,4.812611480292422,3.870303563620604,5.752545894826326,4.14346777155888,6.700918539959143,6.801733904276057,7.186975948012141,3.3605526298506585,7.20525399172918,7.297759510997655,3.00099173211124,5.583187511272666,3.7414012153910488,4.342178940878351,5.4300103247362275,4.619779818550937,5.886451197015239,3.651347815379645,5.134739496431344,5.222536689215555,5.609739226334692,7.2998906571305,4.487217660115631,4.984303877309085,4.124212085602848,2.4506890308683085,0.0
